seg_id,date,speaker,n_words,orig_frac,n_tok,logppl,fastdetect_d,lrr,binoc
ctl|SAHA2007-03-07#t112w0,,control|SA,359,,422,2.52395,0.40643,2.05569,0.98364
ctl|SAHA2007-07-05#t85w0,,control|SA,144,,174,2.80246,0.40797,2.0523,0.97381
ctl|SAHA2007-10-17#t30w2,,control|SA,331,,403,2.72743,0.85001,1.97945,0.96789
ctl|SAHA2007-10-24#t96w0,,control|SA,135,,148,3.18965,0.07691,1.85363,0.99573
ctl|SAHA2007-11-14#tx045t0w0,,control|SA,310,,357,2.80094,-1.09116,2.01948,1.0435
ctl|SAHA2007-11-22#t155w3,,control|SA,283,,319,2.61181,0.9986,2.06171,0.95658
ctl|SAHA2008-02-13#t198w9,,control|SA,359,,417,2.9431,-0.72501,2.0166,1.02577
ctl|SAHA2008-02-14#t53w3,,control|SA,361,,432,2.50685,-0.05339,2.08603,1.0006
ctl|SAHA2008-02-26#t132w0,,control|SA,357,,439,3.11334,-1.87699,1.91029,1.06256
ctl|SAHA2008-02-27#t19w0,,control|SA,346,,411,2.59698,0.02612,2.02384,0.99849
ctl|SAHA2008-02-27#t65w0,,control|SA,157,,185,2.7792,-0.31777,2.00466,1.01657
ctl|SAHA2008-03-06#tx018t1w1,,control|SA,310,,421,2.792,-2.08093,1.97511,1.08124
ctl|SAHA2008-04-29#t6w0,,control|SA,336,,381,2.85792,-0.5207,1.99596,1.01842
ctl|SAHA2008-04-29#t162w12,,control|SA,359,,415,2.81163,-0.26085,2.05397,1.00958
ctl|SAHA2008-04-30#t138w5,,control|SA,241,,341,2.53516,-0.72581,2.0446,1.03053
ctl|SAHA2008-06-05#t9w1,,control|SA,352,,401,2.45496,1.30856,2.1317,0.94759
ctl|SAHA2015-09-10#t33w1,,control|SA,296,,350,3.03023,-0.91267,1.95339,1.03675
ctl|SAHA2016-10-20#t183w0,,control|SA,338,,428,2.22808,0.32302,2.06494,0.98487
ctl|SAHA2018-05-15#t2w5,,control|SA,342,,378,2.65378,0.07784,2.03241,0.99566
ctl|SAHA2018-05-15#t143w0,,control|SA,351,,451,2.96511,-0.93254,1.96577,1.03202
ctl|SAHA2018-05-16#t209w1,,control|SA,344,,397,2.9693,-0.85577,1.98993,1.03077
ctl|SAHA2018-05-30#t12w1,,control|SA,359,,413,2.61341,-0.14231,2.06888,1.00455
ctl|SAHA2018-06-05#t165w3,,control|SA,331,,369,2.91369,-0.07099,2.06758,1.00198
ctl|SAHA2018-07-25#t5w1,,control|SA,327,,382,2.46543,0.73769,2.11889,0.96778
ctl|SAHA2018-09-05#t59w0,,control|SA,345,,419,2.88055,0.06709,1.96981,0.99622
ctl|SAHA2018-09-18#t257w4,,control|SA,331,,454,2.38032,1.28375,2.06847,0.9513
ctl|SAHA2018-10-17#t25w2,,control|SA,351,,438,2.79981,0.56804,1.99629,0.9789
ctl|SAHA2018-10-23#t143w0,,control|SA,336,,392,2.81919,-0.13491,1.98246,1.00439
ctl|SAHA2018-11-07#t10w0,,control|SA,178,,205,2.87632,0.88551,1.98528,0.95674
ctl|SAHA2018-11-14#t142w1,,control|SA,180,,207,2.7401,0.71482,2.01859,0.96285
ctl|SAHA2018-11-14#t160w1,,control|SA,344,,446,2.62229,-0.33733,1.99596,1.01226
ctl|SAHA2019-02-26#t173w1,,control|SA,352,,392,2.83721,-0.70322,2.01176,1.0264
ctl|SAHA2019-04-30#t1w0,,control|SA,350,,433,2.52695,-0.08387,1.98538,1.00134
ctl|SAHA2019-06-18#t3w2,,control|SA,344,,409,2.70003,0.05824,1.95702,0.99744
ctl|SAHA2019-07-02#t9w1,,control|SA,329,,389,2.62352,0.06842,2.03023,0.99657
ctl|SAHA2019-07-23#t61w0,,control|SA,149,,173,3.02272,-0.79772,1.94426,1.04414
ctl|SAHA2019-07-31#t193w0,,control|SA,319,,367,2.32689,1.29143,2.15614,0.94143
ctl|SAHA2019-10-29#t5w4,,control|SA,356,,402,2.82153,0.79095,2.04613,0.96981
ctl|SAHA2019-10-29#t161w6,,control|SA,299,,398,2.7087,-0.81998,2.01099,1.03337
ctl|SALC2006-05-09#t68w0,,control|SA,268,,297,2.7968,0.75192,2.04351,0.96533
ctl|SALC2006-05-09#t85w0,,control|SA,354,,412,2.69221,2.2509,2.01083,0.9166
ctl|SALC2006-11-20#t1w0,,control|SA,120,,141,3.02395,-0.84779,1.99746,1.05526
ctl|SALC2006-11-20#t36w0,,control|SA,213,,244,2.69315,0.39118,2.01298,0.98025
ctl|SALC2006-12-06#t174w2,,control|SA,358,,421,2.61337,0.1058,2.05292,0.99637
ctl|SALC2007-10-16#t6w0,,control|SA,348,,397,2.72671,0.05501,2.08201,0.99703
ctl|SALC2008-05-01#t11w0,,control|SA,137,,156,2.63408,2.07819,2.01831,0.8735
ctl|SALC2008-05-01#t71w0,,control|SA,134,,160,3.19621,-0.25379,1.97095,1.01335
ctl|SALC2008-05-08#t16w5,,control|SA,349,,412,2.55744,0.87393,2.09419,0.96552
ctl|SALC2009-11-18#t133w0,,control|SA,326,,384,2.64068,1.11508,1.979,0.95587
ctl|SALC2009-11-18#t275w0,,control|SA,122,,141,2.61578,1.07271,1.97597,0.92957
ctl|SALC2010-11-10#t147w1,,control|SA,340,,404,2.82422,-0.97056,2.0077,1.03528
ctl|SALC2010-11-11#t22w0,,control|SA,338,,404,2.53834,0.27528,1.98605,0.98785
ctl|SALC2010-11-24#t228w2,,control|SA,344,,430,2.67421,-0.93501,1.93103,1.03349
ctl|SALC2016-02-24#t103w11,,control|SA,317,,386,2.34859,0.98928,2.11406,0.95619
ctl|SALC2018-06-19#t46w0,,control|SA,216,,257,3.08958,-0.71346,1.95214,1.03123
ctl|SALC2018-07-31#t88w1,,control|SA,141,,163,3.13818,-1.43543,1.92774,1.09093
ctl|SALC2018-11-13#t96w0,,control|SA,179,,212,2.36857,1.20419,2.15272,0.92666
ctl|SALC2018-11-28#t127w3,,control|SA,348,,395,2.62274,0.50929,2.0789,0.97872
ctl|SALC2019-07-03#t117w0,,control|SA,192,,220,2.79304,-0.26676,2.06961,1.01506
ctl|SALC2019-09-25#t124w2,,control|SA,187,,220,2.96625,-0.1713,1.98394,1.00718
ctl|TASHA2006-06-20#p2t55w1,,control|TAS,313,,417,2.62057,-1.05873,2.01452,1.03973
ctl|TASHA2006-06-21#p2t1w1,,control|TAS,216,,252,2.98789,-0.15559,1.94707,1.00683
ctl|TASHA2006-09-28#p2t85w0,,control|TAS,265,,303,2.59106,0.62466,2.02216,0.96942
ctl|TASHA2006-11-23#p2t34w1,,control|TAS,162,,188,2.9478,1.0692,1.98359,0.94341
ctl|TASHA2006-11-28#p1t54w0,,control|TAS,153,,185,2.61105,1.66324,2.00444,0.9104
ctl|TASHA2007-03-13#p1t56w0,,control|TAS,187,,234,2.63914,0.26581,2.02668,0.98492
ctl|TASHA2007-03-13#p1t72w0,,control|TAS,126,,148,3.02361,-0.04678,2.02472,1.00415
ctl|TASHA2007-03-13#p2t153w2,,control|TAS,294,,335,3.07741,-1.06093,1.89782,1.04201
ctl|TASHA2007-03-20#p1t40w0,,control|TAS,350,,391,2.50587,0.12307,2.08736,0.99381
ctl|TASHA2007-06-07#p2t0w0,,control|TAS,334,,441,2.06657,2.19169,2.12227,0.90943
ctl|TASHA2007-06-27#p1t8w0,,control|TAS,162,,181,3.24242,-0.18349,1.93093,1.00826
ctl|TASHA2007-07-05#p2t1w0,,control|TAS,130,,156,2.8617,-1.12263,1.98393,1.07358
ctl|TASHA2007-07-05#p2t143w1,,control|TAS,200,,232,2.85174,0.11151,2.09385,0.99306
ctl|TASHA2007-10-31#p2t76w0,,control|TAS,168,,199,2.88535,0.20246,1.9952,0.98748
ctl|TASHA2007-11-20#p2t121w1,,control|TAS,345,,373,2.50316,-0.00902,2.14027,0.9991
ctl|TASHA2008-07-03#p2t251w0,,control|TAS,185,,212,2.93143,0.469,2.00279,0.97589
ctl|TASHA2008-10-28#p2t132w0,,control|TAS,269,,297,3.00521,-0.17343,2.02015,1.00756
ctl|TASHA2008-11-20#p2t108w1,,control|TAS,287,,330,3.14007,-1.22738,1.999,1.05007
ctl|TASHA2009-03-04#p1t99w1,,control|TAS,210,,235,2.85575,-1.07983,1.93319,1.05397
ctl|TASHA2009-03-10#p2t80w0,,control|TAS,127,,145,3.00173,-0.08766,1.96936,1.00274
ctl|TASHA2009-03-11#p2t73w0,,control|TAS,243,,288,2.7928,-0.61757,1.95367,1.02601
ctl|TASHA2009-03-26#p2t41w0,,control|TAS,238,,263,3.2089,-0.98925,1.92053,1.04339
ctl|TASHA2009-05-20#p2t97w0,,control|TAS,359,,435,2.61663,0.35988,2.05692,0.98556
ctl|TASHA2009-05-21#p1t51w0,,control|TAS,214,,248,2.99089,-0.32247,1.91599,1.01418
ctl|TASHA2009-05-21#p2t139w1,,control|TAS,230,,268,2.89148,0.29174,1.98393,0.98553
ctl|TASHA2009-05-27#p2t210w0,,control|TAS,263,,294,3.07512,-0.44848,1.97254,1.01847
ctl|TASHA2009-06-16#p2t14w7,,control|TAS,295,,316,2.74493,-0.01383,2.04539,1.00049
ctl|TASHA2009-07-02#p2t322w3,,control|TAS,345,,393,2.39015,1.04534,2.12351,0.95543
ctl|TASHA2009-09-29#p2t75w0,,control|TAS,128,,162,2.86836,0.58599,1.9669,0.96477
ctl|TASHA2010-06-10#p2t98w0,,control|TAS,364,,448,2.79068,-1.18973,1.99358,1.04378
ctl|TASHA2010-07-08#p2t45w4,,control|TAS,253,,291,2.92262,-1.17941,1.96887,1.04977
ctl|TASHA2010-08-24#p2t55w1,,control|TAS,347,,392,2.60603,-0.28823,1.98022,1.01009
ctl|TASHA2010-08-26#p2t0w0,,control|TAS,314,,402,2.31755,-0.36318,2.08595,1.01382
ctl|TASHA2010-09-23#p2t152w0,,control|TAS,207,,226,3.45666,0.04609,1.83723,0.99769
ctl|TASHA2010-11-10#p1t53w0,,control|TAS,208,,247,3.00516,-0.2104,1.93779,1.00975
ctl|TASHA2010-11-16#p2t92w0,,control|TAS,164,,194,3.05461,1.12739,2.00357,0.94244
ctl|TASHA2015-03-04#p1t3w1,,control|TAS,201,,245,3.08351,-0.521,1.94724,1.02298
ctl|TASHA2015-04-21#p1t127w0,,control|TAS,135,,151,3.06287,-1.0347,1.9081,1.06465
ctl|TASHA2015-06-02#p1t26w1,,control|TAS,336,,425,2.37702,1.21937,2.1717,0.95264
ctl|TASHA2015-06-02#p1t53w3,,control|TAS,317,,381,2.73097,0.87253,2.01866,0.96567
ctl|TASHA2015-06-11#p1t365w0,,control|TAS,131,,147,3.14611,-0.48325,1.93582,1.02633
ctl|TASHA2015-06-17#p1t127w2,,control|TAS,214,,241,2.9855,-0.07823,1.96596,1.00509
ctl|TASHA2015-08-19#p1t120w2,,control|TAS,243,,267,2.92575,0.07938,1.97525,0.99801
ctl|TASHA2015-09-16#p1t38w3,,control|TAS,355,,416,2.73165,0.0071,2.02051,0.99856
ctl|TASHA2015-09-23#p1t83w3,,control|TAS,230,,269,3.47154,-0.82721,1.87685,1.03304
ctl|TASHA2015-09-24#p1t5w0,,control|TAS,168,,209,2.85165,-0.3382,2.04193,1.01659
ctl|TASHA2016-03-17#p1t33w0,,control|TAS,203,,236,3.12432,-1.56643,1.93839,1.07647
ctl|TASHA2016-10-13#p1t82w3,,control|TAS,213,,238,3.22407,0.23519,2.0232,0.98884
ctl|TASHA2017-03-14#p1t80w3,,control|TAS,281,,297,3.18418,-0.63181,1.93478,1.02484
ctl|TASHA2017-05-31#p1t23w0,,control|TAS,317,,368,2.28157,0.37937,2.21335,0.9814
ctl|TASHA2017-05-31#p1t58w7,,control|TAS,297,,380,3.12888,-0.66193,1.88492,1.02281
ctl|TASHA2018-05-24#p1t36w0,,control|TAS,276,,326,3.26395,-0.15359,1.92039,1.00541
ctl|TASHA2018-06-12#p1t110w1,,control|TAS,341,,387,2.39664,1.7449,2.06874,0.92857
ctl|TASHA2018-08-29#p1t48w2,,control|TAS,347,,423,2.3768,0.87833,2.09841,0.96146
ctl|TASHA2018-09-18#p1t74w1,,control|TAS,318,,361,2.92837,-0.22554,1.99066,1.00772
ctl|TASHA2018-09-26#p1t58w0,,control|TAS,232,,267,2.74252,-1.20601,2.01405,1.05866
ctl|TASHA2018-10-16#p1t144w3,,control|TAS,256,,306,3.08979,-0.42177,1.91271,1.01628
ctl|TASHA2019-04-30#p1t218w0,,control|TAS,289,,335,2.50034,0.37566,2.08041,0.98261
ctl|TASHA2019-09-12#p1t133w0,,control|TAS,242,,272,2.67779,0.52907,2.17133,0.97499
ctl|TASHA2019-10-15#p1t43w3,,control|TAS,333,,410,2.84844,-0.56958,1.96972,1.02138
ctl|WAL2015-01-28#t128w1,,control|WAL,352,,422,2.80228,-0.07762,1.98939,1.0022
ctl|WAL2015-02-11#t242w1,,control|WAL,244,,278,2.50909,0.62295,2.0853,0.96772
ctl|WAL2015-03-03#t174w0,,control|WAL,129,,151,2.65795,0.43963,2.05481,0.97552
ctl|WAL2015-03-04#t173w0,,control|WAL,159,,199,2.9575,-0.72739,1.95873,1.03632
ctl|WAL2015-05-06#t243w0,,control|WAL,341,,411,2.6115,0.50719,2.06842,0.97862
ctl|WAL2015-06-17#t186w1,,control|WAL,209,,246,2.58901,0.53018,2.04247,0.97776
ctl|WAL2015-06-23#t99w0,,control|WAL,207,,236,2.63469,-0.55174,2.0078,1.02547
ctl|WAL2015-09-23#t136w1,,control|WAL,229,,278,2.81082,-0.86967,1.98071,1.04357
ctl|WAL2015-10-07#t227w4,,control|WAL,340,,405,2.74909,-0.12754,2.05172,1.00351
ctl|WAL2015-11-04#t197w1,,control|WAL,221,,266,2.60284,1.22031,1.97384,0.94075
ctl|WAL2016-01-20#t130w2,,control|WAL,272,,299,2.4625,0.14697,2.12789,0.99467
ctl|WAL2016-02-02#t138w2,,control|WAL,321,,363,2.61102,0.30736,2.04655,0.98669
ctl|WAL2016-02-03#t27w0,,control|WAL,142,,163,3.14204,0.98275,1.96261,0.95266
ctl|WAL2016-02-03#t202w1,,control|WAL,285,,329,2.44617,-0.40848,2.1015,1.01668
ctl|WAL2016-06-08#t86w0,,control|WAL,127,,144,3.03205,1.77095,2.00346,0.90147
ctl|WAL2016-06-15#t185w2,,control|WAL,311,,354,2.67643,1.29493,2.04442,0.94749
ctl|WAL2016-07-13#t160w0,,control|WAL,250,,289,2.5662,0.47219,2.10997,0.97795
ctl|WAL2016-09-21#t80w0,,control|WAL,231,,266,3.18647,-1.21423,1.95619,1.05383
ctl|WAL2016-11-22#t157w0,,control|WAL,133,,152,2.95884,-0.50044,1.92046,1.03211
ctl|WAL2016-11-22#t192w1,,control|WAL,302,,388,2.83344,0.0987,1.9903,0.9963
ctl|WAL2016-11-23#t196w4,,control|WAL,304,,352,2.55575,-0.73886,2.10061,1.03156
ctl|WAL2016-12-14#t102w0,,control|WAL,183,,225,2.76809,1.29152,2.07629,0.93502
ctl|WAL2017-01-25#t127w0,,control|WAL,259,,335,2.78399,0.44639,1.92837,0.9807
ctl|WAL2017-01-31#t132w1,,control|WAL,134,,160,2.53976,1.73952,2.17403,0.8966
ctl|WAL2017-02-15#t132w1,,control|WAL,123,,147,3.30922,-1.94434,1.90477,1.12016
ctl|WAL2017-02-28#t64w0,,control|WAL,168,,200,2.69649,-0.19072,1.98475,1.01197
ctl|WAL2017-03-08#t162w1,,control|WAL,223,,272,2.71308,-0.13038,1.94522,1.00495
ctl|WAL2017-05-09#t173w2,,control|WAL,289,,328,2.95673,0.06404,1.96824,0.99985
ctl|WAL2017-06-21#t23w0,,control|WAL,195,,226,2.97105,0.18775,1.92949,0.99336
ctl|WAL2017-09-19#t32w0,,control|WAL,158,,190,2.42007,1.51288,2.11327,0.9125
ctl|WAL2017-09-27#t113w2,,control|WAL,359,,420,3.07634,-1.34515,1.94006,1.04878
ctl|WAL2017-12-06#t150w2,,control|WAL,366,,441,3.18407,-0.3062,1.90901,1.00995
ctl|WAL2017-12-06#t234w3,,control|WAL,180,,208,2.96318,0.52738,2.00565,0.97629
ctl|WAL2017-12-12#t96w0,,control|WAL,331,,385,2.75676,-0.22458,2.06269,1.00758
ctl|WAL2018-01-16#t113w0,,control|WAL,287,,338,2.77513,-0.11322,2.04626,1.00502
ctl|WAL2018-01-30#t135w3,,control|WAL,234,,269,2.73579,0.6336,1.95237,0.96987
ctl|WAL2018-01-30#t159w1,,control|WAL,179,,203,2.48102,1.38629,2.15176,0.92371
ctl|WAL2018-01-30#t174w1,,control|WAL,217,,272,2.59481,1.25099,2.06846,0.94326
ctl|WAL2018-02-07#t127w0,,control|WAL,357,,418,2.81355,0.08712,1.97036,0.99613
ctl|WAL2018-02-14#t140w0,,control|WAL,261,,296,3.05955,-1.00648,2.00131,1.04367
ctl|WAL2018-02-27#t136w0,,control|WAL,258,,303,2.8326,-2.13405,2.02356,1.09874
ctl|WAL2018-04-17#t124w0,,control|WAL,223,,279,3.06677,-0.75915,1.99572,1.03262
ctl|WAL2018-04-17#t130w0,,control|WAL,210,,251,2.5713,1.38762,2.13422,0.93362
ctl|WAL2018-04-24#t37w0,,control|WAL,147,,185,2.8315,1.25681,1.99389,0.93267
ctl|WAL2018-04-25#t48w0,,control|WAL,179,,206,3.0249,0.71916,2.02536,0.96548
ctl|WAL2018-05-15#t16w0,,control|WAL,167,,193,2.79531,-0.88087,2.02728,1.05109
ctl|WAL2018-06-05#t146w2,,control|WAL,337,,383,3.00443,-1.38663,1.95587,1.05201
ctl|WAL2018-06-12#t23w0,,control|WAL,293,,373,2.49454,0.41087,2.03767,0.98192
ctl|WAL2018-06-19#t71w2,,control|WAL,142,,170,3.19767,-2.27462,2.01329,1.13218
ctl|WAL2018-09-19#t3w0,,control|WAL,244,,288,2.82693,-0.62903,2.04687,1.02899
ctl|WAL2018-10-09#t89w0,,control|WAL,255,,325,2.80511,-2.4618,2.02208,1.10838
ctl|WAL2018-10-24#t144w0,,control|WAL,261,,326,2.47156,0.66255,2.0744,0.96989
ctl|WAL2019-03-19#t114w0,,control|WAL,362,,437,2.44133,1.99071,2.13911,0.9234
ctl|WAL2019-04-02#t99w1,,control|WAL,274,,307,2.71068,0.77573,2.0196,0.96611
ctl|WAL2019-04-30#t93w3,,control|WAL,272,,304,2.57962,-0.16017,2.06429,1.00557
ctl|WAL2019-05-01#t115w3,,control|WAL,338,,397,2.51672,0.73662,2.12026,0.96997
ctl|WAL2019-05-22#t139w0,,control|WAL,179,,213,2.51422,-0.54966,2.09838,1.03016
ctl|WAL2019-06-18#t84w0,,control|WAL,288,,335,2.78032,0.56967,2.01379,0.97694
ctl|WAL2019-06-19#t147w0,,control|WAL,295,,402,2.8144,0.21587,1.99365,0.9902
ctl|WAL2019-12-11#t145w1,,control|WAL,328,,393,2.79072,0.18304,1.95447,0.99226
ctl|QLD2006-02-15#t161w2,,control|QLD,346,,389,2.84432,0.11961,2.02175,0.99468
ctl|QLD2006-04-20#t142w0,,control|QLD,344,,402,2.7551,0.10873,2.03884,0.99471
ctl|QLD2006-04-21#t187w0,,control|QLD,344,,397,2.39874,-0.33149,2.09012,1.01268
ctl|QLD2006-05-11#t154w0,,control|QLD,246,,287,2.65361,-1.48858,2.03327,1.06989
ctl|QLD2007-02-08#t7w0,,control|QLD,141,,184,2.96507,0.04015,1.92302,0.99771
ctl|QLD2007-02-22#t104w1,,control|QLD,337,,395,2.90768,0.26062,1.9753,0.98967
ctl|QLD2007-04-18#t45w0,,control|QLD,166,,192,2.54793,0.49623,2.13973,0.96971
ctl|QLD2007-06-06#t78w1,,control|QLD,128,,149,2.97224,-0.19265,1.97433,1.00996
ctl|QLD2007-06-06#t97w2,,control|QLD,345,,409,2.87928,-0.26811,1.96372,1.00848
ctl|QLD2007-06-07#t201w0,,control|QLD,328,,427,2.61143,-0.10706,2.02295,1.00282
ctl|QLD2007-08-09#t281w0,,control|QLD,359,,432,2.75451,1.27464,1.97954,0.95337
ctl|QLD2007-08-21#t23w0,,control|QLD,340,,415,2.47439,0.54763,2.05068,0.97702
ctl|QLD2007-10-30#t174w4,,control|QLD,343,,393,2.62679,-0.25586,2.0902,1.00905
ctl|QLD2008-02-28#t199w1,,control|QLD,346,,409,2.64463,0.92746,2.07878,0.96498
ctl|QLD2008-03-12#t144w4,,control|QLD,307,,409,3.15923,-0.81319,1.9043,1.02796
ctl|QLD2008-03-13#t155w0,,control|QLD,362,,421,2.588,0.02443,2.03187,0.99792
ctl|QLD2008-05-13#t192w0,,control|QLD,339,,420,2.62469,-0.4918,2.01627,1.01703
ctl|QLD2008-05-14#t154w1,,control|QLD,340,,378,2.42724,0.97215,2.11127,0.95849
ctl|QLD2008-09-10#t141w7,,control|QLD,323,,373,3.07388,-0.89905,1.98865,1.03314
ctl|QLD2008-11-11#t121w0,,control|QLD,332,,449,2.37643,-1.24633,2.06094,1.04987
ctl|QLD2008-11-25#t113w0,,control|QLD,200,,240,2.88327,-0.85077,1.90199,1.04285
ctl|QLD2008-12-04#t124w3,,control|QLD,197,,233,3.17541,-1.34335,1.94376,1.0676
ctl|QLD2009-02-10#t51w2,,control|QLD,322,,345,2.92628,-0.90559,1.98671,1.03621
ctl|QLD2009-04-22#t128w1,,control|QLD,331,,377,3.005,-1.20966,1.96818,1.0456
ctl|QLD2009-05-21#t43w0,,control|QLD,357,,393,2.73322,-1.11063,2.04354,1.04406
ctl|QLD2009-06-03#t180w0,,control|QLD,341,,425,2.8318,-1.18126,1.95573,1.04264
ctl|QLD2009-06-04#t154w0,,control|QLD,329,,365,2.31726,1.56916,2.13281,0.93414
ctl|QLD2009-08-18#t112w0,,control|QLD,334,,413,2.6289,0.47744,2.03345,0.98139
ctl|QLD2009-11-12#t247w0,,control|QLD,167,,199,2.55463,1.98775,2.0517,0.89482
ctl|QLD2010-02-09#t116w1,,control|QLD,338,,402,2.31866,-1.62856,2.13737,1.06821
ctl|QLD2010-04-14#t223w0,,control|QLD,354,,410,2.48262,0.80611,2.05071,0.96705
ctl|QLD2010-04-15#t22w0,,control|QLD,237,,284,2.50241,-0.80774,2.03148,1.03794
ctl|QLD2010-05-20#t45w0,,control|QLD,124,,143,3.60696,-0.05802,1.88165,1.00258
ctl|QLD2010-06-09#t245w0,,control|QLD,349,,425,2.89492,0.73549,1.99502,0.97259
ctl|QLD2010-09-14#t111w2,,control|QLD,148,,164,2.48473,2.09154,2.14852,0.87683
ctl|QLD2015-03-26#t10w1,,control|QLD,312,,371,2.7313,0.73798,1.96712,0.97034
ctl|QLD2015-05-20#t120w0,,control|QLD,335,,402,2.63426,0.11246,2.02724,0.99458
ctl|QLD2015-07-16#t102w1,,control|QLD,348,,420,2.62874,0.07431,2.0226,0.99568
ctl|QLD2015-10-27#t36w1,,control|QLD,221,,244,2.71887,-0.2123,2.0144,1.00903
ctl|QLD2015-12-01#t158w2,,control|QLD,346,,423,2.61101,1.04275,2.04476,0.96073
ctl|QLD2016-02-18#t103w9,,control|QLD,311,,378,2.61061,0.93489,2.00825,0.95989
ctl|QLD2016-05-24#t128w0,,control|QLD,329,,412,2.4716,-0.09855,2.09891,1.003
ctl|QLD2016-08-16#t4w1,,control|QLD,343,,405,2.8529,0.09561,1.96338,0.99545
ctl|QLD2017-03-21#t178w10,,control|QLD,350,,403,2.9383,0.59851,1.92885,0.97761
ctl|QLD2017-05-10#t188w0,,control|QLD,326,,391,2.36851,1.40014,2.07995,0.94427
ctl|QLD2017-05-23#t182w0,,control|QLD,350,,420,2.75244,0.68919,2.00738,0.9731
ctl|QLD2017-06-14#t114w3,,control|QLD,341,,407,2.53655,-0.4041,2.0615,1.01364
ctl|QLD2017-06-15#t119w0,,control|QLD,361,,437,2.44322,-0.92125,2.09721,1.03512
ctl|QLD2017-06-15#t189w0,,control|QLD,315,,390,2.5104,0.78687,2.05883,0.96747
ctl|QLD2017-08-08#t202w0,,control|QLD,305,,375,3.07012,-1.68238,1.87674,1.06301
ctl|QLD2017-08-09#t135w0,,control|QLD,178,,224,3.15944,-2.341,1.93155,1.12002
ctl|QLD2017-09-05#t191w1,,control|QLD,339,,376,3.06606,-0.33524,1.98409,1.01233
ctl|QLD2017-09-07#t112w0,,control|QLD,317,,392,2.62939,-0.72662,2.0147,1.02707
ctl|QLD2018-03-21#t109w2,,control|QLD,353,,417,2.62211,0.88577,2.02185,0.96657
ctl|QLD2018-11-01#t127w2,,control|QLD,327,,419,2.78293,0.77637,1.93252,0.96939
ctl|QLD2019-02-12#t147w1,,control|QLD,243,,271,2.51334,-0.56326,2.15307,1.02891
ctl|QLD2019-03-26#t177w1,,control|QLD,328,,373,2.99684,-0.98877,1.92904,1.03689
ctl|QLD2019-06-14#t74w1,,control|QLD,287,,356,3.10931,-1.94725,1.89928,1.07453
ctl|QLD2019-08-21#t19w0,,control|QLD,123,,151,2.75253,-1.93405,1.96615,1.12212
ctl|QLD2019-11-28#t138w1,,control|QLD,369,,460,2.61996,-0.76709,2.01604,1.02693
ctl|NSWLA2006-03-02#t2w3,,control|NSW,344,,417,2.97841,-1.20581,1.92863,1.04408
ctl|NSWLA2006-03-29#t18w3,,control|NSW,322,,373,2.59175,1.53115,2.07415,0.937
ctl|NSWLA2006-05-23#t103w0,,control|NSW,175,,215,2.98711,-2.05455,1.86386,1.11059
ctl|NSWLC2006-09-07#t47w1,,control|NSW,329,,393,2.69121,0.55953,2.01959,0.97702
ctl|NSWLA2006-09-27#t26w0,,control|NSW,319,,364,2.43912,0.47407,2.03237,0.97944
ctl|NSWLC2006-09-28#t105w3,,control|NSW,304,,367,2.70339,0.51984,2.04391,0.97737
ctl|NSWLA2006-10-27#t2w0,,control|NSW,310,,366,2.36177,1.03258,2.11467,0.95581
ctl|NSWLA2007-05-30#t81w1,,control|NSW,204,,250,2.88345,-0.11613,2.00288,1.00427
ctl|NSWLC2007-05-30#t86w1,,control|NSW,343,,389,2.52659,1.85553,2.08676,0.92651
ctl|NSWLA2007-05-31#t34w2,,control|NSW,234,,344,2.06913,0.71717,2.2077,0.9644
ctl|NSWLA2007-06-08#t15w1,,control|NSW,225,,271,2.34506,1.51832,2.02949,0.92247
ctl|NSWLA2007-10-18#t2w1,,control|NSW,307,,358,2.68665,-1.6503,1.97648,1.07141
ctl|NSWLA2007-10-26#t19w0,,control|NSW,353,,442,2.5314,-0.16579,2.07838,1.00504
ctl|NSWLC2007-11-08#t9w2,,control|NSW,354,,422,2.63432,0.21893,1.99154,0.99069
ctl|NSWLA2007-11-30#t4w5,,control|NSW,345,,377,2.45069,-0.54444,2.09802,1.0219
ctl|NSWLC2007-12-05#t145w0,,control|NSW,184,,198,2.80491,0.30445,2.02624,0.98501
ctl|NSWLA2008-02-26#t157w7,,control|NSW,353,,443,3.03276,1.1553,1.93783,0.96015
ctl|NSWLA2008-04-01#t109w0,,control|NSW,134,,158,2.41456,0.91193,2.11358,0.94571
ctl|NSWLA2008-06-05#t51w0,,control|NSW,301,,399,2.477,-0.06928,1.98727,1.00127
ctl|NSWLC2008-06-25#t180w2,,control|NSW,333,,385,3.27427,-0.58833,1.84355,1.02039
ctl|NSWLA2008-11-28#t5w11,,control|NSW,209,,251,2.77477,-1.28568,2.0346,1.06243
ctl|NSWLC2009-03-11#t111w2,,control|NSW,208,,259,2.20707,2.56597,2.0493,0.86567
ctl|NSWLC2009-03-24#t89w0,,control|NSW,257,,288,2.64842,1.14837,2.04777,0.94574
ctl|NSWLC2009-06-04#t98w0,,control|NSW,161,,178,3.3003,-1.0418,1.92982,1.0566
ctl|NSWLA2009-09-02#t8w9,,control|NSW,308,,342,3.15233,-0.2167,1.91208,1.0076
ctl|NSWLA2009-09-02#t56w0,,control|NSW,259,,295,2.41062,-0.8201,2.02112,1.03861
ctl|NSWLC2009-09-02#t60w0,,control|NSW,145,,164,3.22623,-1.39488,1.87729,1.08081
ctl|NSWLA2009-12-02#t118w0,,control|NSW,289,,366,2.38904,0.83021,2.04509,0.96328
ctl|NSWLA2010-05-11#t160w1,,control|NSW,275,,310,2.55768,0.29057,2.03495,0.98508
ctl|NSWLC2010-05-12#t92w0,,control|NSW,356,,411,2.62894,-0.99997,2.06563,1.03838
ctl|NSWLA2010-05-13#t186w0,,control|NSW,235,,271,2.72782,0.20222,2.02235,0.98944
ctl|NSWLA2010-08-31#t54w0,,control|NSW,308,,360,2.72165,-0.35379,2.05319,1.01306
ctl|NSWLC2010-09-08#t0w2,,control|NSW,352,,406,2.70672,-0.01643,1.9814,0.99916
ctl|NSWLC2010-12-02#t110w1,,control|NSW,163,,185,2.61441,1.71324,2.09111,0.90894
ctl|NSWLA2015-06-24#t3w2,,control|NSW,318,,378,2.5254,0.23428,1.99097,0.9893
ctl|NSWLC2015-06-24#t129w0,,control|NSW,122,,140,2.57855,0.74388,2.063,0.95364
ctl|NSWLA2015-06-25#t271w1,,control|NSW,327,,384,2.70062,1.3936,2.04184,0.94503
ctl|NSWLA2015-08-05#t239w0,,control|NSW,273,,326,2.71344,0.45841,1.97691,0.98006
ctl|NSWLA2015-08-12#t230w1,,control|NSW,167,,184,2.44866,1.00943,2.05151,0.9425
ctl|NSWLC2015-08-26#t64w0,,control|NSW,162,,195,2.48929,-0.32767,2.0766,1.01881
ctl|NSWLA2015-09-09#t211w1,,control|NSW,348,,428,2.77295,-1.83061,1.95914,1.0675
ctl|NSWLA2015-09-17#t12w2,,control|NSW,312,,364,2.73495,-0.07654,1.96393,1.00134
ctl|NSWLC2015-10-15#t28w0,,control|NSW,225,,257,3.17464,-0.12468,1.95221,1.00347
ctl|NSWLA2015-10-22#t188w0,,control|NSW,276,,333,2.29029,1.27771,2.17941,0.9421
ctl|NSWLA2016-05-05#t27w0,,control|NSW,310,,360,2.61459,-0.7948,1.95614,1.03145
ctl|NSWLC2017-03-29#t157w2,,control|NSW,232,,263,3.08407,-0.59674,1.86141,1.0271
ctl|NSWLA2017-03-30#t167w2,,control|NSW,167,,194,2.58623,-0.0261,2.06527,0.99994
ctl|NSWLC2017-05-25#t53w2,,control|NSW,152,,166,2.90056,0.14116,1.98799,0.99362
ctl|NSWLA2017-06-21#t170w1,,control|NSW,298,,390,2.58545,-1.4052,2.01455,1.05618
ctl|NSWLA2017-08-08#t155w3,,control|NSW,285,,316,2.83864,0.99662,1.99754,0.95657
ctl|NSWLA2017-11-16#t0w9,,control|NSW,325,,354,2.32972,0.39925,2.15081,0.98006
ctl|NSWLA2018-04-10#t10w2,,control|NSW,264,,344,2.52606,0.06919,1.94237,0.99726
ctl|NSWLA2018-08-08#t151w0,,control|NSW,333,,409,2.80687,-1.25314,1.96594,1.04679
ctl|NSWLC2018-10-18#t34w0,,control|NSW,301,,360,2.81181,-0.12173,2.00941,1.00415
ctl|NSWLA2019-06-06#t42w0,,control|NSW,360,,451,2.62762,-0.19487,1.94898,1.0064
ctl|NSWLA2019-08-21#t258w0,,control|NSW,142,,175,2.71768,-0.22657,1.95308,1.01034
ctl|NSWLA2019-10-16#t282w0,,control|NSW,193,,229,2.68378,-0.1331,1.97686,1.00536
ctl|NSWLA2019-10-23#t230w0,,control|NSW,220,,291,2.81914,0.6564,1.9725,0.97004
ctl|NSWLA2019-11-13#t22w1,,control|NSW,295,,352,2.22109,2.47619,2.11922,0.89055
ctl|NSWLA2019-11-14#t178w0,,control|NSW,260,,315,2.49509,1.06221,2.08411,0.94958
ctl|AB2006-03-01#t114w0,,control|AB,353,,451,2.80276,-0.82414,1.96388,1.02999
ctl|AB2006-03-02#t120w0,,control|AB,333,,414,2.75101,0.09293,2.0133,0.99505
ctl|AB2006-04-04#t7w8,,control|AB,195,,231,2.82562,-0.43328,1.95451,1.02382
ctl|AB2006-04-24#t72w0,,control|AB,166,,199,2.97838,-1.25166,1.88245,1.06863
ctl|AB2006-04-24#t113w2,,control|AB,353,,395,2.47419,0.71429,2.07305,0.9694
ctl|AB2006-04-26#t5w2,,control|AB,358,,444,2.6964,-0.59132,2.01059,1.02101
ctl|AB2006-05-03#t147w0,,control|AB,335,,403,2.91741,-0.13152,1.95765,1.00477
ctl|AB2007-03-12#t11w0,,control|AB,38,,45,2.76311,0.89178,2.22212,0.91282
ctl|AB2007-04-10#t153w1,,control|AB,303,,370,2.54579,0.49659,2.07667,0.98011
ctl|AB2007-04-12#t115w0,,control|AB,178,,213,2.80973,0.36988,1.95268,0.98255
ctl|AB2007-05-02#t20w0,,control|AB,358,,442,2.10194,0.58705,2.1311,0.97433
ctl|AB2007-05-09#t47w4,,control|AB,365,,450,2.60188,1.06238,2.0427,0.96065
ctl|AB2007-05-30#t129w0,,control|AB,364,,417,2.61574,-0.39516,2.05025,1.014
ctl|AB2007-06-05#t34w0,,control|AB,128,,150,2.70913,-1.24356,1.94457,1.08127
ctl|AB2007-11-13#t144w0,,control|AB,200,,232,2.67496,-0.12194,2.01223,1.00748
ctl|AB2007-11-26#t132w2,,control|AB,350,,405,2.77352,1.42718,2.03678,0.9457
ctl|AB2007-12-04#t236w0,,control|AB,361,,440,2.63457,0.05395,2.04246,0.99753
ctl|AB2008-04-28#t0w0,,control|AB,80,,125,2.8979,-0.57212,1.84586,1.03912
ctl|AB2008-04-29#t161w3,,control|AB,178,,213,2.87193,0.35503,2.01485,0.98361
ctl|AB2008-04-29#t61w4,,control|AB,363,,407,2.44794,1.33001,2.10686,0.94816
ctl|AB2008-05-12#t165w0,,control|AB,353,,431,2.31567,1.07109,2.12175,0.95483
ctl|AB2008-05-27#t32w2,,control|AB,345,,420,2.84597,0.52681,1.96327,0.97983
ctl|AB2008-10-20#t143w0,,control|AB,143,,167,2.70708,-0.18373,2.02324,1.0108
ctl|AB2008-10-28#t120w0,,control|AB,145,,173,2.5498,0.7142,1.99414,0.95754
ctl|AB2008-11-03#t159w0,,control|AB,352,,415,2.22999,1.18047,2.16418,0.95119
ctl|AB2008-11-06#t73w0,,control|AB,125,,148,2.83667,-1.44403,1.98489,1.09011
ctl|AB2009-04-23#t169w0,,control|AB,355,,450,2.86551,0.20434,2.03253,0.9921
ctl|AB2009-05-14#t9w0,,control|AB,180,,229,2.76536,-2.08259,1.96498,1.10748
ctl|AB2009-05-27#t17w0,,control|AB,60,,79,3.17178,0.26739,1.92083,0.97984
ctl|AB2009-06-01#t163w3,,control|AB,244,,313,2.42945,-0.21854,2.041,1.00872
ctl|AB2009-06-02#t162w0,,control|AB,362,,427,2.59059,0.12562,2.06645,0.99416
ctl|AB2010-03-08#t142w0,,control|AB,351,,420,2.42526,-0.10428,2.12395,1.0022
ctl|AB2010-11-22#t5w1,,control|AB,184,,214,2.78745,-0.07596,1.97423,1.00526
ctl|AB2010-11-23#t28w1,,control|AB,335,,370,2.6707,0.47903,2.11383,0.98247
ctl|AB2015-06-17#t36w1,,control|AB,306,,353,2.53118,-0.53891,2.06149,1.02237
ctl|AB2015-06-18#t121w0,,control|AB,336,,381,2.4149,1.84646,2.14054,0.92681
ctl|AB2015-11-02#t138w0,,control|AB,354,,412,2.70354,-1.2067,2.06599,1.04329
ctl|AB2015-12-10#t12w1,,control|AB,346,,407,2.52161,0.62954,2.08661,0.97485
ctl|AB2016-03-09#t128w2,,control|AB,347,,420,2.87605,-0.64231,1.94138,1.02244
ctl|AB2016-04-05#t162w0,,control|AB,140,,164,2.5155,1.35672,2.07097,0.91566
ctl|AB2016-04-13#t3w0,,control|AB,144,,193,3.3282,-1.91395,1.80713,1.0922
ctl|AB2016-05-18#t41w0,,control|AB,361,,445,2.65269,0.00556,1.98081,0.99823
ctl|AB2016-06-02#t107w0,,control|AB,278,,347,2.37867,-1.3516,2.06974,1.06215
ctl|AB2016-12-06#t17w0,,control|AB,343,,407,2.73417,-0.66731,2.01869,1.02532
ctl|AB2017-03-06#t9w0,,control|AB,339,,421,2.31086,-1.09016,2.09723,1.04206
ctl|AB2017-03-08#t300w0,,control|AB,242,,289,3.20237,-2.38764,1.9581,1.1022
ctl|AB2017-04-03#t97w0,,control|AB,286,,335,2.60566,-1.18936,2.09379,1.05313
ctl|AB2017-05-23#t91w0,,control|AB,124,,142,2.71814,-0.23803,2.08291,1.01598
ctl|AB2017-05-25#t56w0,,control|AB,333,,392,2.52024,-0.41614,2.06009,1.0168
ctl|AB2017-12-06#t147w1,,control|AB,365,,436,2.78871,-0.89188,2.04356,1.03191
ctl|AB2017-12-11#t38w1,,control|AB,136,,160,3.004,-0.02911,1.96604,1.0059
ctl|AB2018-05-01#t139w4,,control|AB,178,,208,2.91707,0.66703,1.91504,0.96681
ctl|AB2018-05-01#t17w1,,control|AB,307,,352,2.74405,0.56841,2.00724,0.97748
ctl|AB2018-05-30#t45w0,,control|AB,126,,147,2.94399,-0.63432,2.08593,1.03393
ctl|AB2018-11-01#t114w1,,control|AB,188,,220,2.7387,-0.40163,1.984,1.02083
ctl|AB2019-06-05#t78w0,,control|AB,91,,105,2.9681,-0.89782,2.08502,1.07541
ctl|AB2019-07-03#t459w5,,control|AB,149,,186,2.7716,-0.84087,1.97855,1.05208
ctl|AB2019-10-30#t6w2,,control|AB,358,,440,2.65514,-0.29113,2.03949,1.01012
ctl|AB2019-11-18#t125w1,,control|AB,367,,432,2.85835,-1.40073,1.95297,1.05038
ctl|AB2019-11-20#t129w2,,control|AB,339,,425,2.93007,-1.38404,1.94766,1.04901
ctl|VICLA:Second-Reading_b1:2006-06-15#t28w0,,control|VIC,121,,139,2.93651,-0.95257,2.03161,1.06522
ctl|VICLA:Adjournment:2006-08-08#t0w0,,control|VIC,326,,410,2.68855,-0.25964,2.02327,1.00943
ctl|VICLA:Second-Reading_b0:2007-03-14#t30w1,,control|VIC,335,,403,2.60072,0.78448,2.07808,0.96817
ctl|VICLA:Adjournment:2007-06-06#t23w0,,control|VIC,346,,381,2.62453,-0.11656,2.07371,1.00379
ctl|VICLA:Questions-without-Notice_b0:2007-08-09#t9w0,,control|VIC,157,,175,2.90715,-0.07739,1.99126,1.0048
ctl|VICLA:Members-Statements:2007-10-11#t20w0,,control|VIC,232,,272,2.78591,-1.819,1.98906,1.08607
ctl|VICLA:Members-Statements:2008-05-06#t15w0,,control|VIC,223,,274,2.98324,-0.66161,1.972,1.03063
ctl|VICLA:Second-Reading_b0:2008-05-07#t36w0,,control|VIC,258,,325,2.52823,0.73022,2.09503,0.96862
ctl|VICLA:Grievances:2009-04-01#t17w0,,control|VIC,213,,235,2.56978,0.52984,2.06541,0.96985
ctl|VICLA:Questions-without-Notice_b1:2009-04-01#t17w0,,control|VIC,325,,400,2.45036,0.33944,2.0688,0.98502
ctl|VICLA:Adjournment:2009-06-09#t3w1,,control|VIC,176,,202,2.80291,0.70146,1.97088,0.96189
ctl|VICLA:Second-Reading:2009-08-12#t18w1,,control|VIC,357,,392,3.08587,-0.99578,1.93729,1.03585
ctl|VICLA:Questions-without-Notice:2009-10-14#t30w0,,control|VIC,346,,398,2.84375,-0.68161,2.02522,1.02472
ctl|VICLA:Second-Reading_b0:2009-11-12#t4w1,,control|VIC,348,,410,2.66375,-0.72016,2.04643,1.02614
ctl|VICLA:Adjournment:2010-02-24#t9w0,,control|VIC,338,,399,2.57527,0.61749,2.01967,0.97447
ctl|VICLA:Matters-of-Public-Importance:2010-02-24#t59w0,,control|VIC,351,,408,2.86406,-0.90626,2.01209,1.03133
ctl|VICLA:Members-Statements:2010-04-15#t10w0,,control|VIC,276,,346,2.78162,-0.4124,1.99813,1.01384
ctl|VICLA:Matters-of-Public-Importance:2010-10-06#t16w2,,control|VIC,179,,214,2.47835,1.64524,2.1231,0.91316
ctl|VICLA:Governor-s-speech:2015-03-19#t15w2,,control|VIC,232,,289,2.63981,1.10895,1.99874,0.95253
ctl|VICLA:Members-statements:2015-06-25#t15w0,,control|VIC,290,,335,2.59595,-0.29589,2.03635,1.01149
ctl|VICLA:Members-statements:2015-09-16#t24w0,,control|VIC,251,,298,2.29955,1.06471,2.15826,0.9475
ctl|VICLA:Members-statements:2016-12-08#t21w0,,control|VIC,240,,270,2.79708,0.30992,1.96673,0.98373
ctl|VICLA:Second-reading:2017-05-02#t2w9,,control|VIC,283,,352,2.47822,-0.05955,2.0378,1.00206
ctl|VICLA:Matters-of-public-importance:2017-05-10#t0w3,,control|VIC,340,,401,2.93101,-1.03804,1.96338,1.03827
ctl|VICLA:Second-reading:2017-06-08#t32w0,,control|VIC,351,,427,2.72061,-0.77311,1.99647,1.0271
ctl|VICLA:Second-reading:2017-06-08#t65w1,,control|VIC,345,,404,2.81727,0.22187,2.01406,0.99073
ctl|VICLA:Second-reading:2017-08-23#t0w1,,control|VIC,187,,218,2.51695,-0.81369,2.07747,1.04842
ctl|VICLA:Questions-without-notice-and-ministers-statements:2017-11-29#t32w0,,control|VIC,186,,232,2.79815,0.29019,1.99488,0.98427
ctl|VICLA:Second-reading:2018-02-20#t17w2,,control|VIC,352,,429,2.6705,-0.46611,2.03213,1.01687
ctl|VICLA:Second-reading:2018-03-07#t51w0,,control|VIC,358,,414,2.35919,-0.33862,2.15305,1.01239
ctl|VICLA:Second-reading:2018-06-05#t13w2,,control|VIC,351,,409,2.6491,-0.45544,2.08637,1.01669
ctl|VICLA:Questions-without-notice-and-ministers-statements:2018-09-06#t43w0,,control|VIC,265,,316,2.83293,-1.43111,1.97255,1.06191
ctl|VICLA:Condolences:2019-04-30#t11w1,,control|VIC,343,,387,2.60035,0.61275,2.04739,0.97444
ctl|VICLA:Second-reading:2019-08-13#t5w3,,control|VIC,360,,420,2.68191,0.67129,2.06454,0.97432
ctl|VICLA:Constituency-questions:2019-10-16#t4w0,,control|VIC,196,,239,2.91661,0.63995,1.97054,0.96981
ctl|VICLC:Second-Reading:2006-04-04#t11w0,,control|VIC,323,,359,2.80162,0.45986,2.03341,0.98126
ctl|VICLC:Second-Reading_b0:2007-06-19#t40w0,,control|VIC,339,,383,2.37602,1.03326,2.11092,0.95643
ctl|VICLC:Second-Reading:2008-02-07#t0w0,,control|VIC,332,,390,2.1594,0.45327,2.20992,0.97771
ctl|VICLC:Members-Statements:2009-04-02#t4w0,,control|VIC,157,,187,2.35696,0.03929,2.03117,0.99567
ctl|VICLC:Second-Reading_b3:2009-12-10#t28w1,,control|VIC,344,,409,2.68398,0.23898,2.00656,0.99012
ctl|VICLC:Second-reading:2015-05-28#t11w1,,control|VIC,346,,379,2.30867,2.50379,2.11068,0.89389
ctl|VICLC:Committee:2015-06-11#t0w1,,control|VIC,138,,152,2.68076,1.73297,2.02192,0.89832
ctl|VICLC:Second-reading:2016-02-11#t27w4,,control|VIC,357,,390,2.69909,0.12718,2.04442,0.99519
ctl|VICLC:Adjournment:2016-05-05#t3w0,,control|VIC,266,,320,2.44459,-0.77787,2.09475,1.03632
ctl|VICLC:Committee:2016-06-09#t21w1,,control|VIC,360,,399,2.60744,0.10845,2.11223,0.99467
ctl|VICLC:Constituency-questions:2017-02-09#t0w0,,control|VIC,355,,430,2.52065,1.01436,2.11707,0.96118
ctl|VICLC:Questions-without-notice:2017-05-09#t37w0,,control|VIC,154,,183,3.66547,-2.04148,1.8199,1.09673
ctl|VICLC:Adjournment:2017-05-24#t11w0,,control|VIC,315,,365,2.39223,0.8902,2.03589,0.96163
ctl|VICLC:Members-statements:2017-06-08#t0w0,,control|VIC,270,,324,2.67993,-0.67285,1.97982,1.02786
ctl|VICLC:Constituency-questions:2017-06-23#t8w0,,control|VIC,262,,343,2.63963,-0.15448,1.96626,1.00451
ctl|VICLC:Adjournment:2017-08-10#t4w0,,control|VIC,330,,379,2.51083,0.45522,2.05267,0.98047
ctl|VICLC:Committee_b4:2017-11-16#t4w2,,control|VIC,339,,406,3.11991,-0.62435,1.92366,1.02202
ctl|VICLC:Committee_b6:2017-11-16#t40w0,,control|VIC,157,,171,2.76969,1.04278,2.02433,0.94261
ctl|VICLC:Questions-without-notice:2017-11-29#t4w0,,control|VIC,171,,213,2.90051,-0.66916,1.91619,1.03052
ctl|VICLC:Second-reading:2018-03-27#t29w0,,control|VIC,231,,281,2.74085,-0.77022,1.99131,1.03693
ctl|VICLC:Members-statements:2018-05-10#t7w0,,control|VIC,288,,384,2.47685,1.53712,2.04202,0.93792
ctl|VICLC:Committee_b0:2018-07-24#t41w0,,control|VIC,149,,195,2.82431,0.08791,1.97207,0.99413
ctl|VICLC:Constituency-questions:2018-08-09#t2w0,,control|VIC,152,,187,2.70643,0.75201,2.04511,0.95808
ctl|VICLC:Second-reading:2018-08-22#t0w3,,control|VIC,255,,319,2.84981,-0.79367,1.95646,1.03287
ctl|VICLC:Second-reading:2019-03-05#t3w4,,control|VIC,342,,375,3.35022,-1.73573,1.91365,1.06065
ctl|BC2006-02-15#t34w0,,control|BC,189,,250,2.16326,0.95542,2.08427,0.94674
ctl|BC2006-02-20#t33w0,,control|BC,281,,332,2.55822,0.91694,2.03147,0.95974
ctl|BC2006-02-23#t139w12,,control|BC,337,,381,2.51357,1.33613,2.07678,0.94593
ctl|BC2006-02-23#t139w13,,control|BC,312,,364,2.70667,-0.4438,2.0206,1.01673
ctl|BC2006-04-27#t147w0,,control|BC,159,,184,2.28304,3.28786,2.13627,0.80873
ctl|BC2006-05-18#t26w0,,control|BC,129,,172,2.74161,0.97432,1.99001,0.94361
ctl|BC2006-11-27#t110w0,,control|BC,333,,398,2.57519,-0.83628,2.09017,1.03366
ctl|BC2006-11-27#t195w0,,control|BC,282,,341,2.51549,0.20217,2.0457,0.99016
ctl|BC2007-02-27#t36w1,,control|BC,269,,346,2.63825,-1.24636,2.04759,1.05506
ctl|BC2007-03-06#t86w1,,control|BC,200,,226,2.53117,-0.00408,2.0963,0.9956
ctl|BC2007-03-07#t455w2,,control|BC,320,,407,2.39098,1.77397,2.1231,0.93043
ctl|BC2007-03-13#t14w0,,control|BC,8,,12,5.47951,-1.27775,1.63215,1.26645
ctl|BC2007-03-28#t395w0,,control|BC,240,,313,2.71111,0.14853,2.03848,0.99276
ctl|BC2007-04-23#t233w2,,control|BC,352,,412,2.3717,1.07592,2.08552,0.95695
ctl|BC2007-05-17#t57w0,,control|BC,166,,213,2.2385,3.00364,2.2324,0.83063
ctl|BC2007-05-28#t202w0,,control|BC,317,,425,2.3739,1.70294,2.07575,0.93244
ctl|BC2007-11-01#t160w0,,control|BC,282,,360,2.22585,1.60547,2.13135,0.92741
ctl|BC2007-11-22#t106w4,,control|BC,307,,410,2.6105,-0.20513,2.04854,1.00646
ctl|BC2008-02-27#t59w1,,control|BC,345,,449,2.84238,0.20638,1.96713,0.99131
ctl|BC2008-03-04#t16w0,,control|BC,323,,370,2.56171,1.5143,2.10158,0.94046
ctl|BC2008-03-05#t122w0,,control|BC,125,,167,2.66422,-0.34669,1.96291,1.02068
ctl|BC2008-04-08#t85w0,,control|BC,294,,350,2.84182,-1.79816,2.00609,1.07413
ctl|BC2008-04-15#t131w0,,control|BC,336,,389,2.88041,-0.27678,1.95185,1.01
ctl|BC2008-04-29#t234w0,,control|BC,192,,241,2.58092,1.32249,2.04818,0.93947
ctl|BC2008-05-20#t247w0,,control|BC,337,,390,2.72407,-0.23953,2.05754,1.00849
ctl|BC2009-10-21#t37w0,,control|BC,277,,347,2.767,-2.06676,1.98285,1.08633
ctl|BC2009-10-21#t506w0,,control|BC,114,,152,2.70614,0.00309,1.99673,0.99891
ctl|BC2009-11-03#t9w10,,control|BC,357,,430,2.7024,-0.29732,2.03359,1.01006
ctl|BC2009-11-05#t58w0,,control|BC,328,,406,2.96461,-1.48937,1.95472,1.05408
ctl|BC2009-11-05#t89w1,,control|BC,213,,271,2.45613,2.30278,2.11054,0.89238
ctl|BC2009-11-05#t160w1,,control|BC,193,,240,2.47247,2.09898,2.09472,0.90101
ctl|BC2010-03-23#t17w0,,control|BC,32,,43,4.38629,-0.13682,1.7859,1.02983
ctl|BC2010-03-25#t111w0,,control|BC,317,,399,2.5677,-0.16971,2.02348,1.00555
ctl|BC2010-04-15#t75w0,,control|BC,225,,264,2.87125,-0.7128,1.98692,1.03304
ctl|BC2010-05-25#t251w0,,control|BC,327,,371,2.85076,-0.27446,1.95533,1.00987
ctl|BC2015-04-20#t69w0,,control|BC,158,,183,2.96925,-0.40729,2.01725,1.02089
ctl|BC2015-05-11#t245w0,,control|BC,312,,370,2.31732,0.67031,2.05528,0.97112
ctl|BC2015-05-27#t206w2,,control|BC,340,,408,2.63795,-1.12145,2.0452,1.04451
ctl|BC2015-07-13#t24w0,,control|BC,363,,427,2.22856,0.35802,2.12217,0.98425
ctl|BC2015-07-14#t9w1,,control|BC,98,,124,3.1852,-0.86167,1.81456,1.05623
ctl|BC2015-10-28#t7w0,,control|BC,257,,321,2.9499,-0.80978,1.9178,1.03324
ctl|BC2016-02-18#t3w10,,control|BC,314,,357,2.70664,0.30698,2.03727,0.98743
ctl|BC2016-03-02#t382w0,,control|BC,334,,410,2.6175,0.59163,2.0453,0.97644
ctl|BC2017-02-22#t68w9,,control|BC,321,,388,2.56632,-0.35092,2.0158,1.0126
ctl|BC2017-03-13#t70w0,,control|BC,293,,367,2.94042,-2.03892,1.97954,1.07993
ctl|BC2017-03-14#t100w0,,control|BC,127,,151,3.2487,-0.44296,1.93889,1.02647
ctl|BC2017-09-20#t66w0,,control|BC,157,,182,2.43339,0.44215,2.19774,0.9743
ctl|BC2017-10-05#t81w0,,control|BC,319,,367,2.69078,-0.53217,2.03149,1.02029
ctl|BC2017-10-18#t190w0,,control|BC,357,,418,2.70457,0.19883,2.01238,0.99227
ctl|BC2018-03-06#t35w0,,control|BC,211,,252,2.57772,-0.17402,1.99801,1.00928
ctl|BC2018-03-08#t369w0,,control|BC,364,,406,2.64224,0.49614,2.08156,0.98084
ctl|BC2018-03-13#t130w0,,control|BC,149,,205,2.87304,-0.01846,1.91096,1.00405
ctl|BC2018-10-04#t17w4,,control|BC,155,,181,2.52057,0.3358,1.96728,0.983
ctl|BC2018-11-26#t238w0,,control|BC,241,,284,2.6984,1.29509,2.05826,0.94166
ctl|BC2019-03-04#t2w1,,control|BC,128,,152,2.39189,1.54022,2.09948,0.90157
ctl|BC2019-03-07#t28w0,,control|BC,7,,8,5.52884,0.18233,1.69164,0.9761
ctl|BC2019-05-02#t18w1,,control|BC,313,,395,2.59852,1.04284,2.00817,0.95914
ctl|BC2019-05-06#t109w0,,control|BC,314,,394,2.81445,-2.08253,1.9742,1.08177
ctl|BC2019-05-28#t105w0,,control|BC,152,,184,3.25313,-1.56253,1.93012,1.08197
ctl|BC2019-11-25#t139w1,,control|BC,333,,385,2.77792,-0.28681,2.02553,1.01143
ctl|NL2016-03-10#t50w0,,control|NL,154,,186,2.65429,-0.73462,2.03252,1.04243
ctl|NL2016-03-16#t80w6,,control|NL,290,,341,2.80749,0.71425,1.97818,0.97134
ctl|NL2016-03-21#t83w3,,control|NL,335,,415,2.80851,-0.09886,2.00415,1.00304
ctl|NL2016-04-12#t116w0,,control|NL,306,,421,2.44736,0.08747,1.99903,0.99557
ctl|NL2016-04-12#t116w3,,control|NL,149,,175,2.6925,-1.36526,2.02059,1.08837
ctl|NL2016-04-26#t96w1,,control|NL,256,,308,2.5077,0.65515,2.10593,0.96878
ctl|NL2016-05-05#t41w0,,control|NL,136,,157,2.86757,-1.8451,1.9867,1.12188
ctl|NL2016-05-09#t171w3,,control|NL,166,,219,2.88362,-0.49265,1.99802,1.02484
ctl|NL2016-05-11#t71w0,,control|NL,310,,365,2.92511,-0.81739,1.98225,1.03026
ctl|NL2016-05-16#t276w0,,control|NL,314,,382,2.51332,-0.33157,2.09235,1.01295
ctl|NL2016-05-17#t80w9,,control|NL,310,,369,2.48897,0.12624,2.03952,0.99333
ctl|NL2016-05-17#t84w1,,control|NL,291,,337,2.68732,-0.69733,2.0218,1.0307
ctl|NL2016-05-30#t22w0,,control|NL,145,,162,2.55195,2.08427,2.13648,0.87073
ctl|NL2016-06-07#t403w1,,control|NL,355,,465,2.68764,0.54617,2.04905,0.97939
ctl|NL2016-06-07#t485w1,,control|NL,302,,367,2.84893,-0.27086,1.94768,1.0094
ctl|NL2016-06-07#t994w0,,control|NL,277,,336,2.42238,0.72426,2.12334,0.96676
ctl|NL2016-06-07#t1158w1,,control|NL,351,,435,2.3812,1.57058,2.11573,0.93918
ctl|NL2016-11-23#t102w0,,control|NL,292,,350,2.81227,-0.86014,1.99515,1.03552
ctl|NL2016-11-30#t74w5,,control|NL,315,,398,2.68938,-0.35467,1.99129,1.01235
ctl|NL2016-12-07#t82w1,,control|NL,320,,384,2.55857,-0.22073,1.99959,1.00782
ctl|NL2017-03-02#t81w0,,control|NL,146,,176,2.7348,-0.23113,2.04051,1.01211
ctl|NL2017-03-15#t127w0,,control|NL,330,,400,2.23828,1.06595,2.13601,0.95296
ctl|NL2017-03-30#t10w0,,control|NL,238,,294,2.36018,-1.40432,2.04282,1.06658
ctl|NL2017-04-04#t110w0,,control|NL,298,,379,2.63173,-0.65631,2.03536,1.02539
ctl|NL2017-04-05#t20w0,,control|NL,280,,327,2.65805,-0.41685,2.09208,1.01704
ctl|NL2017-05-04#t1w0,,control|NL,173,,203,2.1856,1.44531,2.20533,0.91647
ctl|NL2017-05-10#t125w1,,control|NL,348,,392,2.69709,0.81039,2.06096,0.96845
ctl|NL2017-05-11#t9w0,,control|NL,222,,288,2.4618,-1.53913,2.02625,1.07562
ctl|NL2017-05-17#t6w2,,control|NL,182,,220,2.75346,-0.6956,1.96968,1.03612
ctl|NL2017-05-29#t115w3,,control|NL,351,,432,2.12772,0.99423,2.15894,0.95883
ctl|NL2017-05-30#t122w3,,control|NL,316,,351,2.55087,-0.87548,2.1279,1.03496
ctl|NL2017-11-14#t74w0,,control|NL,357,,409,2.35769,-0.64525,2.1011,1.02414
ctl|NL2017-11-21#t83w2,,control|NL,321,,415,2.28935,-0.48271,2.13652,1.01941
ctl|NL2017-12-04#t127w2,,control|NL,349,,421,2.85855,-0.50165,2.00507,1.018
ctl|NL2017-12-05#t155w0,,control|NL,198,,235,2.75785,0.16331,2.04814,0.99195
ctl|NL2018-02-27#t99w1,,control|NL,309,,382,2.98421,-2.24773,1.96759,1.08454
ctl|NL2018-03-07#t32w1,,control|NL,273,,353,2.49366,0.15204,2.10457,0.99249
ctl|NL2018-04-16#t97w5,,control|NL,357,,479,2.45849,0.23373,2.05542,0.9907
ctl|NL2018-04-16#t99w5,,control|NL,317,,393,2.3808,-0.71059,2.08219,1.02723
ctl|NL2018-04-18#t20w0,,control|NL,269,,362,2.70695,1.08491,2.051,0.95559
ctl|NL2018-05-03#t78w0,,control|NL,306,,380,2.53508,0.56878,2.08064,0.97613
ctl|NL2018-05-24#t166w3,,control|NL,347,,447,2.64538,0.0087,2.04902,0.99854
ctl|NL2018-05-29#t96w0,,control|NL,238,,302,2.73572,-0.20964,2.0734,1.01029
ctl|NL2018-10-31#t40w0,,control|NL,213,,265,2.83616,-0.94889,1.98171,1.04731
ctl|NL2018-11-06#t123w1,,control|NL,302,,408,2.70786,0.86324,2.04506,0.96641
ctl|NL2018-11-06#t157w15,,control|NL,301,,355,2.50716,-0.03706,2.13262,1.00028
ctl|NL2018-11-07#t15w0,,control|NL,306,,377,2.58822,0.74426,2.05486,0.96897
ctl|NL2018-11-13#t107w4,,control|NL,159,,177,2.64412,0.12355,2.14868,0.99489
ctl|NL2019-03-07#t116w0,,control|NL,258,,336,2.79008,0.44796,1.99439,0.98117
ctl|NL2019-04-15#t103w1,,control|NL,359,,413,2.50885,1.31398,2.12802,0.94921
ctl|NL2019-04-15#t180w0,,control|NL,261,,306,2.80841,-0.5736,1.99481,1.02388
ctl|NL2019-06-10#t11w5,,control|NL,345,,410,2.40488,0.14228,2.08313,0.99351
ctl|NL2019-06-11#t93w3,,control|NL,336,,399,2.90605,0.17893,1.93755,0.99241
ctl|NL2019-06-12#t49w0,,control|NL,132,,167,3.0036,-0.98576,1.94949,1.05669
ctl|NL2019-06-13#t113w0,,control|NL,324,,425,2.27535,-0.63905,2.1703,1.02442
ctl|NL2019-06-18#t96w0,,control|NL,272,,350,2.63471,0.09992,2.09444,0.99504
ctl|NL2019-11-14#t199w2,,control|NL,152,,176,2.66262,1.10727,2.15054,0.93722
ctl|NL2019-11-19#t122w6,,control|NL,319,,356,2.42504,1.28329,2.08696,0.94599
ctl|NL2019-11-20#t91w0,,control|NL,122,,144,2.85776,-0.53661,1.92858,1.03441
ctl|NL2019-11-20#t132w1,,control|NL,272,,328,2.57683,0.88798,2.04351,0.96184
ctl|ON2006-02-28#t87w0,,control|ON,163,,193,2.40309,0.25189,2.05287,0.98761
ctl|ON2006-04-06#t175w6,,control|ON,289,,332,2.49709,1.11939,2.14331,0.95244
ctl|ON2006-04-13#t30w0,,control|ON,339,,475,2.37206,0.37,2.14366,0.9848
ctl|ON2006-04-25#t117w0,,control|ON,227,,286,2.91838,0.11377,1.97047,0.99463
ctl|ON2006-05-08#t90w0,,control|ON,201,,228,2.64567,-0.14398,2.14626,1.00643
ctl|ON2006-06-12#t95w0,,control|ON,123,,140,2.71064,-0.3221,1.94663,1.0217
ctl|ON2006-06-14#t94w0,,control|ON,171,,199,2.74604,-0.24826,1.97158,1.01492
ctl|ON2006-09-28#t3w2,,control|ON,332,,398,3.03462,-1.83337,1.92814,1.07001
ctl|ON2006-11-28#t103w5,,control|ON,276,,322,2.31149,1.66288,2.20127,0.92421
ctl|ON2006-12-13#t62w0,,control|ON,201,,253,3.02083,-0.26605,1.93582,1.01322
ctl|ON2007-04-23#t22w0,,control|ON,264,,344,2.76438,-0.54839,2.07818,1.02272
ctl|ON2007-05-03#t67w2,,control|ON,362,,427,2.4555,0.7682,2.09337,0.96999
ctl|ON2007-12-12#t64w0,,control|ON,184,,231,2.91776,-0.55469,1.97856,1.02955
ctl|ON2008-03-25#t97w0,,control|ON,160,,210,2.11074,1.97532,2.11066,0.88537
ctl|ON2008-04-07#t129w9,,control|ON,324,,416,2.34473,-0.4608,2.1663,1.01869
ctl|ON2008-04-27#t4w1,,control|ON,343,,416,2.22996,0.96552,2.08503,0.9594
ctl|ON2008-12-04#t153w0,,control|ON,329,,398,2.20128,-0.16393,2.10544,1.00405
ctl|ON2009-02-23#t172w0,,control|ON,282,,319,2.71162,-1.89248,2.00858,1.0836
ctl|ON2009-04-07#t10w0,,control|ON,335,,398,2.4114,-0.31953,2.09493,1.01371
ctl|ON2009-05-26#t104w0,,control|ON,268,,373,2.01219,1.1654,2.11402,0.94514
ctl|ON2009-10-26#t70w0,,control|ON,149,,184,2.55969,0.68223,2.10378,0.96198
ctl|ON2009-11-30#t2w0,,control|ON,289,,387,2.45766,0.41894,2.0349,0.98334
ctl|ON2010-03-01#t109w2,,control|ON,321,,403,2.46783,1.6689,2.03457,0.9345
ctl|ON2010-04-27#t157w1,,control|ON,132,,158,2.91925,-1.82013,1.89021,1.11245
ctl|ON2010-04-28#t18w0,,control|ON,331,,394,2.66695,-1.85055,2.0793,1.07325
ctl|ON2010-05-10#t115w0,,control|ON,292,,399,2.71249,-0.27573,2.02012,1.01046
ctl|ON2010-05-13#t176w2,,control|ON,270,,348,2.62971,-0.35193,2.08735,1.01292
ctl|ON2010-12-01#t160w1,,control|ON,122,,146,2.76416,1.04441,1.98991,0.93905
ctl|ON2015-03-10#t244w4,,control|ON,314,,377,2.40629,0.25108,2.05092,0.98929
ctl|ON2015-04-21#t5w0,,control|ON,363,,444,2.7529,-1.66235,2.04337,1.05806
ctl|ON2015-04-21#t72w0,,control|ON,134,,171,2.52628,1.2232,2.00699,0.93335
ctl|ON2015-04-29#t117w0,,control|ON,123,,157,2.48732,-1.22401,2.09651,1.08041
ctl|ON2015-05-12#t126w0,,control|ON,147,,162,2.74754,-0.68395,1.98113,1.04316
ctl|ON2015-09-14#t165w0,,control|ON,291,,325,2.7211,0.32518,2.07825,0.98643
ctl|ON2015-09-16#t164w0,,control|ON,245,,325,1.62082,2.26427,2.21107,0.87285
ctl|ON2015-09-29#t182w0,,control|ON,315,,370,2.87998,-2.80341,1.97658,1.1072
ctl|ON2015-10-27#t153w2,,control|ON,224,,262,2.52563,0.23743,2.11114,0.98841
ctl|ON2015-10-28#t148w1,,control|ON,330,,380,2.35852,1.07475,2.05118,0.95426
ctl|ON2015-11-18#t4w5,,control|ON,280,,331,2.50215,1.11014,2.06117,0.95213
ctl|ON2015-12-07#t106w0,,control|ON,186,,228,2.48506,1.4974,1.98333,0.9224
ctl|ON2016-02-17#t22w0,,control|ON,361,,448,2.35541,0.97569,2.09759,0.96152
ctl|ON2016-02-24#t241w0,,control|ON,342,,408,2.40417,-0.87264,2.10919,1.03663
ctl|ON2016-10-20#t154w1,,control|ON,338,,430,2.56737,0.30414,1.97202,0.98782
ctl|ON2016-10-25#t60w0,,control|ON,154,,185,2.74389,-0.49283,1.98426,1.02319
ctl|ON2016-11-15#t10w2,,control|ON,139,,176,3.14917,-1.83081,1.95355,1.10463
ctl|ON2016-11-16#t161w0,,control|ON,297,,342,2.72418,0.67965,2.0065,0.97221
ctl|ON2016-12-01#t215w1,,control|ON,229,,288,2.66339,-0.96591,2.00629,1.04716
ctl|ON2016-12-08#t64w0,,control|ON,209,,267,2.76028,-0.69828,1.93146,1.03273
ctl|ON2017-03-07#t131w0,,control|ON,152,,180,2.72869,-0.68028,2.02464,1.0408
ctl|ON2017-09-26#t51w0,,control|ON,196,,225,2.2796,1.13618,2.05167,0.94097
ctl|ON2017-10-16#t122w0,,control|ON,191,,244,2.54617,-0.18239,1.95845,1.01029
ctl|ON2017-11-21#t17w0,,control|ON,169,,205,2.47091,0.54806,2.07021,0.9698
ctl|ON2017-11-29#t2w14,,control|ON,286,,336,2.77345,-0.02236,1.96314,0.99933
ctl|ON2018-04-09#t171w0,,control|ON,329,,387,2.72662,0.20671,2.00402,0.99111
ctl|ON2018-04-24#t23w2,,control|ON,169,,202,2.6018,0.10521,2.06707,0.99424
ctl|ON2018-10-29#t189w1,,control|ON,275,,338,2.91526,-0.38916,2.00781,1.01443
ctl|ON2018-11-21#t65w0,,control|ON,135,,163,2.45032,1.43451,2.00735,0.91406
ctl|ON2019-03-05#t116w0,,control|ON,136,,164,2.68003,2.04876,2.03158,0.89048
ctl|ON2019-11-25#t164w4,,control|ON,218,,247,2.74404,0.67671,2.05415,0.97016
ctl|ON2019-12-11#t96w0,,control|ON,124,,142,3.17834,0.09172,1.9512,0.99837
ctl|NS2006-05-11#t22w0,,control|NS,141,,175,2.20609,-0.6754,2.02776,1.04471
ctl|NS2006-11-09#t97w0,,control|NS,214,,257,2.4299,0.48835,2.10877,0.97524
ctl|NS2006-11-09#t168w3,,control|NS,316,,367,2.57351,1.03042,2.03176,0.95889
ctl|NS2006-11-20#t65w6,,control|NS,256,,311,2.72146,0.59114,2.07327,0.97484
ctl|NS2007-01-10#t15w0,,control|NS,150,,196,2.15446,-0.36246,2.14587,1.02187
ctl|NS2007-03-26#t54w8,,control|NS,251,,308,2.57639,0.51173,2.10655,0.97608
ctl|NS2007-04-10#t12w0,,control|NS,186,,227,2.21629,0.21007,2.00918,0.98867
ctl|NS2007-04-12#t81w0,,control|NS,139,,164,3.26022,-0.50061,1.89899,1.02979
ctl|NS2007-11-27#t163w4,,control|NS,260,,303,2.71671,-0.93523,2.02767,1.04061
ctl|NS2007-11-27#t166w1,,control|NS,336,,374,2.58479,0.09979,2.07226,0.99654
ctl|NS2007-12-03#t32w1,,control|NS,219,,270,2.44252,0.17195,2.1249,0.99251
ctl|NS2007-12-04#t17w0,,control|NS,136,,168,2.17702,-0.36006,2.07879,1.02433
ctl|NS2008-05-02#t2w0,,control|NS,164,,187,1.92532,0.18767,2.17267,0.98516
ctl|NS2008-05-15#t67w0,,control|NS,197,,240,2.65726,0.1181,2.0397,0.9901
ctl|NS2008-05-20#t124w7,,control|NS,264,,302,2.2539,1.34191,2.10108,0.93303
ctl|NS2008-10-30#t178w4,,control|NS,326,,362,2.50349,2.6128,2.05268,0.89261
ctl|NS2008-11-17#t43w1,,control|NS,304,,370,2.90694,-1.28891,1.8855,1.04949
ctl|NS2008-11-24#t54w1,,control|NS,182,,210,2.56799,1.84806,1.98429,0.90493
ctl|NS2008-11-25#t64w0,,control|NS,141,,168,2.76948,0.68278,2.10475,0.96437
ctl|NS2009-04-30#t169w4,,control|NS,328,,438,2.81172,-0.78596,2.00962,1.0268
ctl|NS2009-09-18#t49w1,,control|NS,299,,343,2.29336,0.64875,2.12665,0.96944
ctl|NS2009-09-22#t116w0,,control|NS,161,,190,2.88666,0.54744,2.10005,0.9698
ctl|NS2009-09-29#t31w0,,control|NS,170,,192,2.83547,-2.42166,1.94111,1.14347
ctl|NS2009-10-21#t159w1,,control|NS,344,,420,2.61288,0.29902,2.05578,0.9883
ctl|NS2009-11-02#t52w0,,control|NS,353,,430,2.58529,-1.70756,2.04815,1.06553
ctl|NS2010-03-26#t50w2,,control|NS,311,,373,2.81495,-0.21384,1.99612,1.00714
ctl|NS2010-04-26#t50w2,,control|NS,326,,383,3.02082,-0.08901,2.00115,1.00249
ctl|NS2010-04-27#t22w0,,control|NS,205,,247,2.27483,0.5858,2.04867,0.96807
ctl|NS2010-05-06#t37w0,,control|NS,126,,164,2.42358,-0.52108,2.10207,1.02983
ctl|NS2010-05-07#t42w3,,control|NS,314,,382,2.53936,1.38699,2.09284,0.94384
ctl|NS2010-05-11#t47w0,,control|NS,147,,182,1.96982,-0.21386,2.23087,1.01277
ctl|NS2010-10-28#t157w3,,control|NS,255,,304,3.07086,-0.93934,1.96603,1.04012
ctl|NS2010-11-24#t157w4,,control|NS,181,,220,2.91784,-0.06588,1.94637,1.00584
ctl|NS2010-12-08#t187w0,,control|NS,167,,196,2.70502,0.5749,2.04766,0.97106
ctl|NS2015-03-26#t123w0,,control|NS,146,,181,2.35119,1.5084,2.21209,0.91436
ctl|NS2015-04-07#t30w0,,control|NS,133,,158,2.61102,-0.14031,2.04782,1.01252
ctl|NS2015-04-10#t8w6,,control|NS,329,,409,2.30572,1.34219,2.09421,0.94316
ctl|NS2015-05-11#t63w1,,control|NS,229,,262,2.60347,0.48433,2.1042,0.97586
ctl|NS2015-12-16#t26w0,,control|NS,123,,152,2.01051,0.61247,2.19851,0.95352
ctl|NS2015-12-18#t2w0,,control|NS,174,,237,2.87334,-2.2632,1.86165,1.11789
ctl|NS2016-04-29#t49w0,,control|NS,160,,183,2.57417,-1.53954,2.02007,1.10013
ctl|NS2016-05-03#t91w0,,control|NS,132,,158,3.08642,-2.29273,1.93417,1.14429
ctl|NS2016-05-06#t24w0,,control|NS,182,,223,2.47997,-1.15796,1.95628,1.06787
ctl|NS2016-05-17#t172w0,,control|NS,275,,322,2.69706,0.6232,2.09291,0.97367
ctl|NS2016-10-18#t19w0,,control|NS,130,,162,1.92433,1.06896,2.2718,0.92444
ctl|NS2016-11-02#t129w0,,control|NS,138,,171,2.67128,-0.15694,2.14405,1.00483
ctl|NS2016-11-04#t126w0,,control|NS,173,,197,2.74361,-0.8731,2.09356,1.04962
ctl|NS2016-11-08#t158w1,,control|NS,305,,376,2.56259,1.37003,2.06045,0.94494
ctl|NS2018-03-02#t138w0,,control|NS,226,,255,2.96638,-1.29251,2.00561,1.06177
ctl|NS2018-03-07#t97w0,,control|NS,119,,169,1.8876,0.48765,2.17613,0.96853
ctl|NS2018-04-03#t30w0,,control|NS,167,,206,2.58576,0.80087,2.07655,0.95624
ctl|NS2018-04-11#t55w0,,control|NS,164,,196,2.05104,-0.1097,2.16019,1.00345
ctl|NS2018-09-13#t90w0,,control|NS,169,,196,2.82935,0.61764,2.05708,0.96971
ctl|NS2018-09-26#t110w0,,control|NS,138,,153,2.94646,-0.01198,2.09249,1.00212
ctl|NS2018-10-05#t15w0,,control|NS,202,,265,2.44128,-1.05959,1.94207,1.0564
ctl|NS2019-04-12#t139w1,,control|NS,237,,281,2.65903,-0.88032,1.99169,1.04115
ctl|NS2019-10-08#t120w0,,control|NS,125,,148,3.57325,-2.42594,1.88671,1.14416
ctl|NS2019-10-16#t132w2,,control|NS,350,,410,2.8682,-0.26009,2.00054,1.00883
ctl|NS2019-10-22#t71w0,,control|NS,149,,206,2.36747,0.58959,2.16048,0.96889
ctl|NS2019-10-24#t42w0,,control|NS,147,,181,2.84462,0.01591,1.93489,0.99872
ctl|SK2006-03-15#t60w1,,control|SK,367,,432,2.36613,0.97344,2.15592,0.96208
ctl|SK2006-03-27#t67w15,,control|SK,356,,399,2.46833,0.88688,2.15185,0.96379
ctl|SK2006-04-03#t31w0,,control|SK,174,,222,2.26644,0.60452,2.07677,0.96551
ctl|SK2006-05-18#t84w1,,control|SK,332,,401,2.89634,0.01489,1.94747,0.9985
ctl|SK2006-11-22#t80w3,,control|SK,217,,258,2.54178,1.35399,2.02866,0.93545
ctl|SK2007-03-19#t19w0,,control|SK,212,,266,2.8506,0.63365,1.96864,0.97044
ctl|SK2007-04-12#t65w0,,control|SK,351,,420,2.61161,-0.21293,2.09931,1.00723
ctl|SK2007-05-01#t50w0,,control|SK,176,,199,2.49008,0.38668,2.10087,0.97619
ctl|SK2007-05-01#t77w1,,control|SK,228,,283,2.57816,0.7276,2.0071,0.96488
ctl|SK2008-03-10#t27w0,,control|SK,187,,215,2.61641,-0.90695,2.01225,1.0482
ctl|SK2008-04-30#t32w0,,control|SK,165,,203,2.58088,0.24606,2.13305,0.98569
ctl|SK2008-05-01#t109w3,,control|SK,348,,420,2.96326,-0.97202,1.95816,1.03722
ctl|SK2008-05-15#t11w0,,control|SK,227,,290,2.73821,-0.48791,1.96232,1.02262
ctl|SK2008-10-29#t81w7,,control|SK,349,,434,2.79729,-1.373,2.03923,1.04931
ctl|SK2008-11-19#t62w0,,control|SK,135,,174,2.73023,-0.33046,1.97644,1.0164
ctl|SK2009-03-16#t16w0,,control|SK,178,,206,2.87804,-2.03328,1.90787,1.11342
ctl|SK2009-03-24#t23w1,,control|SK,346,,443,2.5115,0.84316,2.07661,0.96858
ctl|SK2009-04-23#t65w0,,control|SK,171,,200,2.54766,-1.08857,2.13136,1.0647
ctl|SK2009-04-27#t50w0,,control|SK,134,,157,2.59657,-0.50946,2.02843,1.03165
ctl|SK2009-10-26#t64w0,,control|SK,367,,435,2.39338,0.44736,2.07617,0.98119
ctl|SK2009-11-23#t16w0,,control|SK,321,,386,2.33481,0.40557,2.16033,0.981
ctl|SK2009-11-23#t69w10,,control|SK,369,,436,2.17962,1.36767,2.17306,0.94406
ctl|SK2009-11-24#t63w0,,control|SK,268,,337,1.79674,0.75029,2.19922,0.95974
ctl|SK2010-03-10#t62w7,,control|SK,360,,429,2.92419,-0.40032,1.97837,1.01416
ctl|SK2010-03-22#t68w6,,control|SK,326,,433,2.29764,0.31287,2.12168,0.98517
ctl|SK2010-03-25#t84w2,,control|SK,365,,444,2.77192,-0.45883,2.06787,1.01621
ctl|SK2010-04-20#t75w7,,control|SK,362,,392,2.43876,2.79033,2.13655,0.88701
ctl|SK2010-04-29#t19w1,,control|SK,355,,435,2.51279,0.88956,2.04677,0.96617
ctl|SK2010-05-03#t106w0,,control|SK,350,,410,2.52748,-0.34698,2.06462,1.01304
ctl|SK2010-11-01#t57w1,,control|SK,162,,215,2.8909,-0.07277,1.96737,1.00175
ctl|SK2010-11-03#t10w0,,control|SK,137,,208,2.77713,-0.11983,1.95118,1.00627
ctl|SK2010-11-08#t7w8,,control|SK,355,,401,2.55697,0.21546,2.06078,0.99002
ctl|SK2015-03-05#t0w0,,control|SK,254,,363,2.70277,-1.50615,1.86549,1.05993
ctl|SK2015-03-09#t18w0,,control|SK,128,,164,2.29128,1.07127,2.11749,0.92901
ctl|SK2015-03-24#t6w7,,control|SK,353,,454,2.80734,-1.39845,1.95429,1.0487
ctl|SK2015-03-24#t56w0,,control|SK,322,,445,2.68897,-1.78821,1.99986,1.06529
ctl|SK2015-03-31#t73w1,,control|SK,226,,276,3.08306,-0.35847,1.93178,1.0163
ctl|SK2015-05-13#t8w0,,control|SK,143,,168,2.91421,-0.60747,1.97015,1.03614
ctl|SK2015-10-20#t44w0,,control|SK,128,,165,2.84117,-0.94314,2.01579,1.05885
ctl|SK2015-10-20#t56w1,,control|SK,363,,484,2.59112,-0.36764,2.05237,1.0132
ctl|SK2015-11-05#t35w0,,control|SK,151,,179,2.95894,-1.05856,1.97853,1.06312
ctl|SK2015-11-24#t72w15,,control|SK,350,,407,2.72337,-0.17484,1.99052,1.00755
ctl|SK2015-11-25#t70w13,,control|SK,346,,423,2.47864,1.90317,2.09317,0.92915
ctl|SK2016-10-26#t62w2,,control|SK,290,,331,2.68058,-0.74585,2.02781,1.03229
ctl|SK2017-03-29#t12w0,,control|SK,225,,264,2.51111,-0.29884,2.09748,1.01506
ctl|SK2017-04-03#t26w0,,control|SK,204,,263,2.61513,-0.93149,2.08441,1.04568
ctl|SK2017-04-12#t20w0,,control|SK,149,,176,3.30624,-1.13637,1.87978,1.06013
ctl|SK2017-04-12#t55w6,,control|SK,355,,422,2.51559,0.84262,2.0787,0.9674
ctl|SK2017-05-01#t45w0,,control|SK,334,,407,2.64778,0.07766,2.09825,0.99546
ctl|SK2017-05-11#t10w0,,control|SK,326,,411,2.48933,-0.09652,2.07399,1.00315
ctl|SK2017-05-18#t46w1,,control|SK,339,,418,2.46476,-0.27205,2.13197,1.00974
ctl|SK2017-12-05#t62w0,,control|SK,333,,420,2.5744,-1.40275,2.07214,1.05209
ctl|SK2018-03-21#t48w0,,control|SK,214,,256,2.16355,0.95024,2.0866,0.94739
ctl|SK2018-04-16#t47w5,,control|SK,351,,437,3.33956,-1.50056,1.86524,1.05198
ctl|SK2018-11-27#t79w4,,control|SK,360,,428,2.23169,2.07764,2.11067,0.91767
ctl|SK2018-11-29#t32w0,,control|SK,209,,246,2.60816,-1.19148,1.96216,1.05943
ctl|SK2018-11-29#t67w3,,control|SK,368,,454,2.7877,0.10803,1.98593,0.99645
ctl|SK2019-03-11#t67w4,,control|SK,356,,459,2.52055,0.36833,2.01886,0.98508
ctl|SK2019-05-15#t47w0,,control|SK,331,,407,2.07747,1.3191,2.1834,0.94483
ctl|SK2019-11-27#t23w0,,control|SK,216,,271,1.84101,0.35764,2.23111,0.97863
ctl|NI2015-02-09#t187w4,,control|NI,174,,190,2.63822,1.10084,2.0799,0.94135
ctl|NI2015-02-10#t37w3,,control|NI,315,,365,2.58171,-0.83364,2.03919,1.03579
ctl|NI2015-02-10#t261w0,,control|NI,202,,237,2.53051,0.10385,2.03705,0.99503
ctl|NI2015-03-09#t39w0,,control|NI,352,,409,2.31118,1.0579,2.12593,0.95627
ctl|NI2015-04-13#t13w0,,control|NI,196,,274,2.65658,0.73896,2.01411,0.96277
ctl|NI2015-06-22#t23w1,,control|NI,236,,267,2.84725,1.02056,1.97013,0.95569
ctl|NI2015-09-07#t4w0,,control|NI,315,,378,2.63357,1.35978,2.07807,0.94487
ctl|NI2015-09-07#t159w0,,control|NI,151,,176,2.52179,-0.52561,2.08758,1.03479
ctl|NI2015-11-18#t172w1,,control|NI,247,,295,3.04381,-0.2583,1.93552,1.01059
ctl|NI2015-11-23#t190w0,,control|NI,275,,371,3.56893,1.05939,1.82403,0.96987
ctl|NI2016-01-19#t31w0,,control|NI,324,,378,2.94542,-0.88719,1.96766,1.03505
ctl|NI2016-03-01#t100w0,,control|NI,206,,264,2.46741,1.10896,2.01934,0.94555
ctl|NI2016-03-15#t261w2,,control|NI,337,,382,2.43093,0.23926,2.09063,0.99146
ctl|NI2016-10-17#t211w0,,control|NI,174,,190,2.70399,-0.31513,2.05211,1.01901
ctl|NI2016-12-05#t147w0,,control|NI,188,,214,2.67649,-0.26019,2.07439,1.01338
ctl|NI2017-01-23#t391w1,,control|NI,261,,321,2.67811,0.67861,2.07332,0.9708
ctl|NI2006-09-11#t19w2,,control|NI,294,,325,2.96461,-1.77424,1.95447,1.07401
ctl|NI2006-12-19#t9w1,,control|NI,209,,239,2.78138,-0.35877,2.0202,1.01552
ctl|NI2007-05-21#t57w0,,control|NI,327,,371,2.48549,-0.00793,2.04815,1.00061
ctl|NI2007-06-12#t11w1,,control|NI,203,,232,2.51277,0.41722,2.04762,0.98051
ctl|NI2007-06-19#t51w0,,control|NI,336,,382,2.573,0.42169,2.03232,0.9839
ctl|NI2007-07-03#t12w2,,control|NI,339,,393,2.41231,1.58965,2.06479,0.93615
ctl|NI2007-09-10#t188w0,,control|NI,343,,396,2.88974,-0.48325,1.9777,1.01649
ctl|NI2007-09-24#t48w1,,control|NI,134,,157,2.61246,0.51387,2.03173,0.96844
ctl|NI2007-10-22#t17w0,,control|NI,234,,260,3.00669,-0.90153,1.92149,1.04268
ctl|NI2008-01-28#t52w1,,control|NI,310,,362,2.50595,-0.59529,2.04546,1.02508
ctl|NI2008-02-25#t84w0,,control|NI,201,,239,2.65551,-0.6414,2.00085,1.03247
ctl|NI2008-03-11#t104w0,,control|NI,151,,192,2.85204,-0.3855,1.91494,1.01974
ctl|NI2008-06-03#t79w0,,control|NI,147,,166,3.06628,0.76178,1.94225,0.95821
ctl|NI2008-07-01#t70w0,,control|NI,291,,353,2.6912,0.3109,2.05718,0.98759
ctl|NI2008-11-17#t184w0,,control|NI,303,,353,2.59868,1.43512,2.03121,0.94205
ctl|NI2009-01-20#t201w1,,control|NI,302,,340,2.72027,0.321,1.99932,0.98643
ctl|NI2009-02-02#t146w0,,control|NI,206,,235,2.48482,1.44788,2.06772,0.92894
ctl|NI2009-02-16#t206w0,,control|NI,304,,386,2.70751,-0.00931,2.01937,1.00024
ctl|NI2009-03-10#t51w1,,control|NI,274,,356,3.80909,-1.50419,1.78708,1.04949
ctl|NI2009-04-21#t56w0,,control|NI,364,,439,2.86454,-1.07699,1.94169,1.03701
ctl|NI2009-05-26#t240w0,,control|NI,329,,406,3.0677,-0.46716,1.88164,1.01468
ctl|NI2009-05-26#t268w1,,control|NI,257,,307,2.96376,-1.11428,1.93415,1.04693
ctl|NI2009-06-30#t177w4,,control|NI,311,,349,2.62798,0.26383,1.99143,0.98782
ctl|NI2009-09-22#t454w0,,control|NI,126,,134,2.89019,-0.72502,2.10754,1.04822
ctl|NI2009-10-05#t21w0,,control|NI,131,,155,2.93661,-0.39849,1.89447,1.02466
ctl|NI2009-11-17#t208w0,,control|NI,354,,403,2.39241,0.35892,2.0418,0.98413
ctl|NI2009-11-30#t52w2,,control|NI,343,,392,2.85202,-0.37318,1.95103,1.01289
ctl|NI2009-12-01#t90w0,,control|NI,255,,272,2.33314,1.5645,2.07556,0.92452
ctl|NI2010-01-11#t183w2,,control|NI,255,,310,3.02726,0.35034,1.97346,0.98429
ctl|NI2010-02-08#t143w0,,control|NI,145,,182,2.76313,-0.55744,2.00872,1.03166
ctl|NI2010-02-08#t149w0,,control|NI,127,,143,3.06052,-0.74242,1.91537,1.04724
ctl|NI2010-02-16#t4w0,,control|NI,129,,139,2.8939,-0.45756,1.96746,1.03305
ctl|NI2010-03-09#t2w3,,control|NI,295,,351,2.69939,-1.11322,1.97942,1.04783
ctl|NI2010-04-27#t13w0,,control|NI,359,,413,2.58901,-0.0415,1.98329,1.00091
ctl|NI2010-06-15#t120w1,,control|NI,334,,373,2.50129,1.27517,2.11881,0.94844
ctl|NI2010-06-22#t270w1,,control|NI,231,,275,2.59582,1.22456,2.01457,0.94301
ctl|NI2010-10-11#t16w0,,control|NI,357,,414,2.42479,-0.10974,2.11343,1.00304
ctl|NI2010-10-12#t37w1,,control|NI,234,,277,2.78925,-0.06357,1.93401,1.00417
ctl|NI2010-10-12#t296w1,,control|NI,249,,301,3.06621,-1.87557,1.9479,1.08038
ctl|NI2010-10-12#t387w0,,control|NI,335,,403,2.42516,1.27216,2.08076,0.94735
ctl|NI2010-11-09#t4w0,,control|NI,283,,318,2.50725,2.38554,2.04392,0.8972
ctl|NI2010-11-09#t206w0,,control|NI,131,,141,2.82351,0.34944,2.00734,0.97955
ctl|NI2010-11-15#t144w0,,control|NI,133,,151,2.46911,0.17997,2.13049,0.9889
ctl|NI2010-11-16#t7w0,,control|NI,283,,323,2.56465,-0.61506,2.0191,1.02698
ctl|WALA2006-05-23#t354w0,,control|WA,158,,226,2.61778,0.78531,1.98882,0.95755
ctl|WALA2006-05-24#t825w0,,control|WA,206,,248,2.5245,0.23626,2.03168,0.98764
ctl|WALA2006-08-31#t150w0,,control|WA,222,,271,2.77245,1.29046,2.0355,0.94283
ctl|WALA2006-09-28#t44w1,,control|WA,165,,193,3.37863,-0.03575,1.82326,1.00198
ctl|WALA2006-11-29#t18w2,,control|WA,200,,234,2.65587,1.52711,2.0165,0.92547
ctl|WALA2007-02-28#t247w1,,control|WA,227,,272,2.70334,1.14683,2.07292,0.94674
ctl|WALA2007-04-05#t51w0,,control|WA,266,,298,2.83336,-0.72235,2.01493,1.03106
ctl|WALA2007-06-14#t216w0,,control|WA,348,,402,2.28816,2.37038,2.19244,0.90335
ctl|WALA2007-08-16#t160w1,,control|WA,140,,167,2.61407,0.28325,2.07625,0.98414
ctl|WALA2008-03-13#t59w0,,control|WA,350,,420,2.72531,-0.1306,1.9654,1.00399
ctl|WALA2008-03-18#t69w0,,control|WA,360,,396,2.56579,1.89684,2.05044,0.92617
ctl|WALA2008-12-03#t292w1,,control|WA,247,,283,3.16973,-1.41254,1.89449,1.06365
ctl|WALA2008-12-04#t205w0,,control|WA,177,,195,2.87172,0.06723,1.99703,0.9963
ctl|WALA2009-05-19#t239w3,,control|WA,300,,377,2.45985,1.62852,2.10359,0.9326
ctl|WALA2009-06-17#t158w1,,control|WA,361,,392,2.51279,1.34675,2.14674,0.94621
ctl|WALA2009-08-11#t210w0,,control|WA,123,,137,2.82977,1.46268,1.96661,0.91243
ctl|WALA2009-09-10#t48w0,,control|WA,359,,411,2.83067,1.63442,1.98575,0.93976
ctl|WALA2009-09-17#t101w0,,control|WA,324,,361,2.81221,0.45161,2.0307,0.98162
ctl|WALA2009-10-15#t6w1,,control|WA,145,,166,2.87389,0.35486,1.98094,0.97959
ctl|WALA2009-11-24#t72w1,,control|WA,252,,282,2.63124,0.4715,2.08712,0.97739
ctl|WALA2010-05-18#t125w0,,control|WA,346,,389,2.18807,2.80484,2.1895,0.88054
ctl|WALA2010-10-12#t19w0,,control|WA,299,,355,2.60958,0.42549,2.09946,0.98171
ctl|WALA2016-02-23#t171w3,,control|WA,364,,429,2.6328,0.66186,2.04224,0.97356
ctl|WALA2016-06-15#t139w6,,control|WA,348,,443,2.52888,1.06348,2.07774,0.95863
ctl|WALA2016-09-06#t178w5,,control|WA,346,,423,2.76651,-0.38639,2.06165,1.01423
ctl|WALA2016-10-12#t64w0,,control|WA,346,,397,2.91748,0.50806,1.98407,0.98133
ctl|WALA2016-11-17#t180w1,,control|WA,201,,239,3.13696,-0.73867,1.90425,1.0349
ctl|WALA2017-05-17#t11w2,,control|WA,351,,438,2.70796,1.17327,2.0064,0.95602
ctl|WALA2017-09-12#t178w2,,control|WA,356,,421,2.70145,1.46858,2.033,0.94677
ctl|WALA2017-10-18#t114w0,,control|WA,227,,259,3.20728,-1.04027,1.97447,1.04688
ctl|WALA2018-02-13#t149w0,,control|WA,343,,396,2.55731,1.73083,2.06678,0.93254
ctl|WALA2018-02-20#t97w0,,control|WA,193,,232,2.70177,-0.81088,1.96856,1.04237
ctl|WALA2018-03-20#t68w0,,control|WA,352,,407,2.55464,0.72761,2.08161,0.9699
ctl|WALA2018-04-11#t108w1,,control|WA,363,,403,2.69169,0.70172,2.05226,0.97491
ctl|WALA2018-06-13#t12w0,,control|WA,276,,336,2.48426,1.9375,2.10636,0.91596
ctl|WALA2018-06-19#t180w1,,control|WA,325,,370,2.44066,1.26442,2.15902,0.94839
ctl|WALA2018-08-22#t179w0,,control|WA,132,,157,3.04007,-0.16728,1.95151,1.01191
ctl|WALA2018-09-11#t139w4,,control|WA,360,,412,2.50068,0.72696,2.11017,0.96989
ctl|WALA2018-10-09#t98w4,,control|WA,328,,382,2.73912,0.20059,1.99755,0.9922
ctl|WALA2018-11-07#t98w0,,control|WA,249,,288,2.57664,2.18346,2.0075,0.90409
ctl|WALA2019-03-13#t266w0,,control|WA,365,,423,2.65215,-0.51731,2.0044,1.01944
ctl|WALA2019-03-21#t100w0,,control|WA,185,,211,2.87269,0.78485,2.01994,0.96279
ctl|WALA2019-04-09#t105w1,,control|WA,356,,407,2.84713,-0.40201,1.98905,1.01436
ctl|WALA2019-05-15#t181w1,,control|WA,307,,365,2.44626,0.34411,2.15661,0.98513
ctl|WALA2019-08-15#t65w0,,control|WA,126,,150,2.89177,0.66638,1.97924,0.95429
ctl|WALC2006-09-19#t118w2,,control|WA,361,,414,2.71557,1.2041,2.05976,0.95116
ctl|WALC2007-03-29#t97w0,,control|WA,307,,378,2.72023,-0.6213,2.00852,1.02285
ctl|WALC2007-04-05#t55w0,,control|WA,333,,393,2.55553,-0.88862,2.07444,1.03438
ctl|WALC2008-06-19#t68w0,,control|WA,197,,240,2.43906,-0.79539,2.15678,1.03975
ctl|WALC2009-05-21#t22w6,,control|WA,335,,376,2.37578,1.11921,2.15742,0.9508
ctl|WALC2009-06-03#t1w5,,control|WA,312,,384,3.20276,-0.5143,1.88001,1.01799
ctl|WALC2009-06-16#t189w0,,control|WA,207,,236,2.86667,0.88444,1.93909,0.9551
ctl|WALC2009-06-18#t126w0,,control|WA,189,,267,2.67539,-1.41397,1.97929,1.06992
ctl|WALC2015-02-19#t45w1,,control|WA,354,,392,2.75997,0.02163,2.05393,0.9984
ctl|WALC2015-02-26#t1w0,,control|WA,333,,428,2.30982,1.06072,2.03769,0.95686
ctl|WALC2015-10-15#t12w0,,control|WA,345,,408,2.8553,-0.6623,2.01215,1.02309
ctl|WALC2016-05-18#t10w4,,control|WA,300,,337,2.87899,0.52238,2.0021,0.97943
ctl|WALC2018-08-14#t12w0,,control|WA,354,,399,2.92207,0.42992,1.99499,0.98465
ctl|WALC2019-08-20#t66w0,,control|WA,177,,206,2.98171,0.95614,1.94187,0.9518
ctl|WALC2019-10-16#t59w0,,control|WA,341,,423,2.55567,0.57824,2.0533,0.97773
ctl|MB2007-09-27#t180w0,,control|MB,173,,200,3.08075,-0.79789,1.9781,1.04185
ctl|MB2007-10-10#t207w0,,control|MB,220,,281,2.60272,1.02759,2.08046,0.94953
ctl|MB2007-10-16#t4w0,,control|MB,209,,252,2.73625,-0.03879,1.99206,0.99902
ctl|MB2007-10-25#t146w4,,control|MB,270,,329,2.58645,-0.96809,2.04205,1.04108
ctl|MB2007-11-05#t49w0,,control|MB,205,,264,2.82748,-0.2733,2.01785,1.01168
ctl|MB2007-11-06#t74w1,,control|MB,263,,312,2.56376,0.61881,2.06338,0.97138
ctl|MB2008-04-15#t9w0,,control|MB,171,,231,2.41436,-0.06423,1.9957,1.00311
ctl|MB2008-05-06#t33w0,,control|MB,288,,324,2.91519,-0.09829,1.9578,1.00358
ctl|MB2008-05-08#t12w4,,control|MB,298,,361,2.97956,-1.08284,2.01465,1.04117
ctl|MB2008-09-18#t97w3,,control|MB,333,,391,2.67963,0.88737,2.09519,0.96378
ctl|MB2008-10-02#t12w1,,control|MB,203,,245,2.50317,-0.19541,2.09752,1.01039
ctl|MB2008-12-02#t7w0,,control|MB,214,,252,2.63751,-0.56481,2.05734,1.02854
ctl|MB2008-12-04#t3w1,,control|MB,351,,428,2.44828,-0.80792,2.0463,1.02986
ctl|MB2009-04-21#t258w0,,control|MB,179,,212,2.92452,-0.26836,2.00012,1.01197
ctl|MB2009-04-23#t22w2,,control|MB,289,,353,2.36159,1.32917,2.06834,0.94245
ctl|MB2009-05-11#t15w0,,control|MB,139,,201,2.54905,-0.92495,2.06365,1.05712
ctl|MB2009-06-11#t7w0,,control|MB,262,,306,2.99535,-0.5697,1.9501,1.0222
ctl|MB2009-12-03#t93w8,,control|MB,350,,431,2.82451,-1.73866,2.00344,1.06404
ctl|MB2010-03-24#t75w6,,control|MB,358,,443,2.67849,-0.67323,2.02063,1.02567
ctl|MB2010-04-21#t19w0,,control|MB,134,,167,2.48326,-0.5947,2.07397,1.04256
ctl|MB2010-05-04#t417w0,,control|MB,131,,162,3.03837,-0.56392,1.90758,1.03433
ctl|MB2010-05-06#t16w1,,control|MB,334,,421,2.9663,-0.45089,2.02045,1.01666
ctl|MB2010-05-20#t78w0,,control|MB,144,,208,3.10114,-1.22318,1.99279,1.06374
ctl|MB2010-06-03#t56w0,,control|MB,291,,350,2.77386,0.32718,2.02589,0.98782
ctl|MB2010-06-14#t63w3,,control|MB,286,,342,3.0894,-1.07753,1.96558,1.04396
ctl|MB2015-05-04#t57w6,,control|MB,159,,185,3.22978,-3.10193,1.90863,1.16867
ctl|MB2015-05-26#t352w0,,control|MB,346,,443,2.82017,-1.93449,1.95867,1.06963
ctl|MB2015-06-04#t15w2,,control|MB,303,,385,3.27244,-0.74672,1.89138,1.0262
ctl|MB2015-06-17#t61w11,,control|MB,324,,396,2.74198,1.24239,2.03217,0.95448
ctl|MB2015-06-29#t113w0,,control|MB,341,,408,2.95065,-1.16151,1.96691,1.04085
ctl|MB2015-10-27#t58w0,,control|MB,133,,158,2.97544,-1.13418,2.05596,1.06951
ctl|MB2015-11-23#t65w4,,control|MB,201,,234,2.78322,-0.82367,2.0387,1.0412
ctl|MB2016-03-08#t5w0,,control|MB,136,,180,3.33994,-1.37184,1.91139,1.0735
ctl|MB2016-05-25#t14w0,,control|MB,184,,221,3.06332,-1.46461,1.90205,1.07744
ctl|MB2016-06-13#t59w0,,control|MB,150,,194,2.93063,-0.4744,1.86374,1.02712
ctl|MB2016-06-16#t88w0,,control|MB,30,,33,3.498,0.97919,1.89626,0.89613
ctl|MB2016-06-22#t369w1,,control|MB,189,,240,2.6302,-1.4604,2.01955,1.07537
ctl|MB2016-11-03#t50w0,,control|MB,355,,418,2.4001,0.3154,2.10216,0.98595
ctl|MB2016-11-24#t54w0,,control|MB,106,,136,2.57809,0.63823,1.98979,0.96077
ctl|MB2016-11-29#t82w5,,control|MB,342,,416,3.04231,-2.22615,1.98672,1.08086
ctl|MB2016-11-30#t39w0,,control|MB,149,,171,3.35888,-2.6068,1.99192,1.14369
ctl|MB2017-03-14#t11w0,,control|MB,25,,29,2.85417,1.22135,2.23211,0.86981
ctl|MB2017-03-14#t26w0,,control|MB,331,,393,2.47083,-1.4275,2.10976,1.05636
ctl|MB2017-04-27#t28w0,,control|MB,341,,403,2.46944,0.39682,2.02051,0.98419
ctl|MB2017-10-12#t170w0,,control|MB,303,,346,2.76113,-0.60947,2.00141,1.02355
ctl|MB2017-10-30#t170w0,,control|MB,253,,296,2.77354,-1.91463,1.9638,1.08922
ctl|MB2018-05-16#t174w0,,control|MB,138,,182,3.04643,-0.99654,2.03322,1.05425
ctl|MB2018-06-19#t9w0,,control|MB,336,,418,2.85468,-2.59853,2.0168,1.09774
ctl|MB2018-10-04#t233w1,,control|MB,348,,476,2.71442,0.48124,2.11827,0.98242
ctl|MB2018-10-09#t25w0,,control|MB,168,,210,2.54103,1.14648,2.03624,0.93887
ctl|MB2018-10-22#t261w0,,control|MB,102,,163,3.2356,-1.83101,1.87764,1.1063
ctl|MB2018-10-30#t4w0,,control|MB,304,,375,2.64652,-1.56228,2.03524,1.06117
ctl|MB2018-10-31#t88w6,,control|MB,355,,421,2.99013,0.11056,2.00653,0.99547
ctl|MB2018-11-08#t18w0,,control|MB,30,,45,4.11557,-0.70983,1.76269,1.06245
ctl|MB2019-04-23#t18w0,,control|MB,136,,162,2.97608,-1.47892,2.0004,1.0919
ctl|SCO2006-09-20#t9567w2,,control|SCO,201,,230,2.81717,0.55008,1.89201,0.97433
ctl|SCO2006-09-28#t10413w0,,control|SCO,300,,375,2.44846,-0.44538,2.06243,1.01733
ctl|SCO2006-12-13#t13988w2,,control|SCO,316,,404,2.35261,0.7529,2.01115,0.96989
ctl|SCO2007-01-11#t376w0,,control|SCO,130,,154,2.76413,-0.04716,2.04985,1.00423
ctl|SCO2007-03-01#t3378w0,,control|SCO,136,,163,2.72427,0.19448,2.01196,0.99077
ctl|SCO2007-03-01#t3413w0,,control|SCO,161,,178,2.57151,1.69498,2.09256,0.90263
ctl|SCO2007-03-14#t4176w0,,control|SCO,348,,415,2.51228,-0.25613,2.02184,1.0089
ctl|SCO2007-03-15#t4351w3,,control|SCO,285,,342,3.03345,-0.0282,1.90155,1.00063
ctl|SCO2007-03-21#t4516w1,,control|SCO,223,,263,2.89863,-0.68064,2.06674,1.03054
ctl|SCO2007-10-03#t9401w1,,control|SCO,288,,327,2.72214,0.27065,2.02399,0.9868
ctl|SCO2007-10-04#t9483w0,,control|SCO,269,,311,2.59644,0.43556,2.04754,0.97977
ctl|SCO2007-10-25#t10237w0,,control|SCO,191,,216,2.53538,-0.07917,2.0578,1.00632
ctl|SCO2007-10-25#t10253w1,,control|SCO,314,,369,2.96351,-1.96134,1.9683,1.08008
ctl|SCO2008-04-16#t4826w0,,control|SCO,344,,410,2.85411,-0.18372,1.9539,1.00632
ctl|SCO2008-04-24#t5693w2,,control|SCO,348,,403,2.60449,0.32681,2.09189,0.98581
ctl|SCO2008-06-19#t8710w0,,control|SCO,312,,365,2.81959,-0.95898,1.97139,1.03832
ctl|SCO2008-09-10#t9886w0,,control|SCO,334,,373,2.77344,-0.33239,2.05605,1.01258
ctl|SCO2008-09-17#t10228w0,,control|SCO,164,,186,2.6735,0.29461,2.0678,0.9856
ctl|SCO2008-09-18#t10358w1,,control|SCO,143,,167,2.86904,1.04349,2.03999,0.94557
ctl|SCO2008-10-08#t11408w0,,control|SCO,288,,353,3.32539,-1.01037,1.90294,1.03827
ctl|SCO2008-12-11#t14140w0,,control|SCO,325,,369,2.58787,0.32558,2.08414,0.98522
ctl|SCO2009-05-27#t6815w2,,control|SCO,355,,411,2.63019,-0.0031,2.03064,0.99955
ctl|SCO2009-09-24#t10139w0,,control|SCO,342,,395,2.76481,0.20099,1.93475,0.99089
ctl|SCO2009-10-07#t10783w1,,control|SCO,305,,374,2.7944,0.78913,2.00833,0.97108
ctl|SCO2009-11-05#t11911w0,,control|SCO,361,,421,3.01903,-1.58804,1.93319,1.05587
ctl|SCO2010-09-30#t8101w0,,control|SCO,116,,166,2.60103,-0.25646,2.06884,1.01705
ctl|SCO2010-11-11#t12374w1,,control|SCO,214,,243,2.74901,-0.54104,1.97988,1.02502
ctl|SCO2015-01-21#t1135w1,,control|SCO,294,,387,2.31898,-1.39643,2.03598,1.0588
ctl|SCO2015-03-03#t3324w0,,control|SCO,343,,390,2.89948,-1.22161,1.95621,1.04558
ctl|SCO2015-04-22#t5773w0,,control|SCO,360,,408,2.44686,0.76242,2.04769,0.96826
ctl|SCO2015-05-05#t6385w1,,control|SCO,293,,337,2.43223,1.87073,2.13935,0.92198
ctl|SCO2015-05-13#t6796w1,,control|SCO,188,,212,2.764,0.00105,2.05168,0.99585
ctl|SCO2015-05-20#t7107w0,,control|SCO,136,,152,3.07713,0.22376,1.93794,0.987
ctl|SCO2015-06-02#t7753w3,,control|SCO,183,,206,2.76745,-0.07523,2.05496,0.99955
ctl|SCO2015-06-24#t9238w1,,control|SCO,298,,342,2.66321,-0.54142,2.02351,1.0231
ctl|SCO2015-09-03#t9869w0,,control|SCO,365,,410,2.66384,0.2084,2.06033,0.99151
ctl|SCO2015-11-12#t12999w0,,control|SCO,174,,202,3.10572,-0.79815,1.99886,1.04248
ctl|SCO2015-11-24#t13564w0,,control|SCO,318,,359,2.74382,-0.30948,2.0214,1.01132
ctl|SCO2015-11-26#t13940w0,,control|SCO,309,,351,2.42989,0.76103,2.14673,0.96623
ctl|SCO2016-03-08#t3744w0,,control|SCO,282,,339,2.79257,-2.00364,1.97897,1.08405
ctl|SCO2016-06-07#t5716w0,,control|SCO,329,,364,2.62917,-0.53483,2.03754,1.02114
ctl|SCO2016-09-28#t8410w1,,control|SCO,188,,206,2.96455,-0.81276,1.97767,1.04216
ctl|SCO2016-09-28#t8483w0,,control|SCO,347,,403,2.48685,0.44212,2.11615,0.98137
ctl|SCO2017-01-12#t232w0,,control|SCO,130,,151,2.58839,0.05894,2.05361,0.99857
ctl|SCO2017-03-23#t4908w1,,control|SCO,352,,407,2.61603,-0.00756,2.01222,0.99927
ctl|SCO2017-05-03#t6579w0,,control|SCO,144,,160,2.78948,0.00639,1.97907,1.00233
ctl|SCO2017-05-10#t6874w1,,control|SCO,290,,326,2.79316,-0.62875,2.03358,1.02641
ctl|SCO2017-05-17#t7389w0,,control|SCO,327,,357,2.44858,0.72704,2.12778,0.96915
ctl|SCO2017-06-14#t8809w0,,control|SCO,139,,161,2.52556,1.3361,2.01943,0.92071
ctl|SCO2017-09-19#t11066w0,,control|SCO,273,,321,2.54489,1.42492,2.10977,0.93939
ctl|SCO2018-01-11#t324w0,,control|SCO,348,,408,2.50189,-0.74179,2.04596,1.02742
ctl|SCO2018-03-06#t3068w3,,control|SCO,324,,354,2.81306,-0.57565,2.05531,1.02146
ctl|SCO2018-05-23#t7607w1,,control|SCO,307,,374,3.20277,-0.86999,1.91732,1.03011
ctl|SCO2018-05-24#t7723w0,,control|SCO,225,,258,2.39535,0.25318,2.05423,0.98893
ctl|SCO2018-06-19#t9141w0,,control|SCO,341,,400,2.35981,1.65135,2.13138,0.93408
ctl|SCO2018-06-21#t9585w2,,control|SCO,333,,384,2.96919,0.10627,1.99443,0.99532
ctl|SCO2018-09-13#t10598w0,,control|SCO,151,,169,3.13649,-1.44358,2.01699,1.0842
ctl|SCO2019-10-29#t14072w0,,control|SCO,365,,434,2.35903,0.42817,2.01063,0.98385
ctl|SCO2019-10-30#t14170w0,,control|SCO,174,,193,2.88199,0.24288,1.99199,0.98889
ctl|SCO2019-11-28#t16255w0,,control|SCO,303,,340,2.24398,0.74863,2.17359,0.96335
ctl|US2006-01-25-S117-4#t0w1,,control|US-SENATE,313,,395,2.94171,1.2108,1.90494,0.95538
ctl|US2006-02-17-S1459-2#t0w0,,control|US-SENATE,227,,283,2.26144,2.21866,2.14268,0.88939
ctl|US2006-05-10-H2466#t26w2,,control|US-HOUSE,331,,398,2.59309,-1.014,2.07888,1.04252
ctl|US2006-07-20-S7949-6#t20w3,,control|US-SENATE,349,,417,2.29001,-0.81645,2.15458,1.03056
ctl|US2006-08-03-S8674-2#t136w5,,control|US-SENATE,322,,378,2.44909,1.65847,2.13303,0.93379
ctl|US2006-09-29-H7959-4#t50w0,,control|US-HOUSE,334,,399,2.38828,0.82272,2.10973,0.96629
ctl|US2006-12-05-H8706-2#t0w0,,control|US-HOUSE,339,,427,2.23949,-0.16617,2.06385,1.00475
ctl|US2007-05-02-H4315#t13w1,,control|US-HOUSE,349,,408,2.54984,-0.35916,2.1152,1.01328
ctl|US2007-05-22-H5612#t0w6,,control|US-HOUSE,350,,448,2.55851,-0.02521,2.02068,0.99994
ctl|US2007-05-22-H5612#t0w26,,control|US-HOUSE,345,,413,2.63624,0.77744,2.03331,0.96891
ctl|US2007-06-07-S7335#t9w1,,control|US-SENATE,329,,369,2.32962,2.28926,2.08824,0.90767
ctl|US2007-06-22-S8280#t0w6,,control|US-SENATE,144,,167,2.93797,-1.34002,1.95845,1.08002
ctl|US2007-10-17-S12990#t5w2,,control|US-SENATE,336,,417,2.21708,0.87446,2.056,0.96632
ctl|US2007-11-13-S14275#t0w0,,control|US-SENATE,343,,423,1.99729,1.37333,2.09569,0.93904
ctl|US2008-04-23-H2599-3#t45w1,,control|US-HOUSE,184,,228,2.50083,-0.36656,2.03485,1.01745
ctl|US2008-04-24-H2663-6#t0w2,,control|US-HOUSE,335,,414,2.99734,-1.31065,1.96433,1.0477
ctl|US2008-05-06-H3056-8#t0w0,,control|US-HOUSE,164,,230,2.35312,-0.28448,2.0895,1.01114
ctl|US2008-05-15-H3905-3#t157w53,,control|US-HOUSE,303,,438,2.22151,0.41508,2.07277,0.98293
ctl|US2008-06-24-S5983-2#t7w3,,control|US-SENATE,301,,357,2.52636,-0.8579,2.02737,1.03482
ctl|US2008-07-17-S6920#t0w3,,control|US-SENATE,311,,368,2.64615,0.20051,2.02774,0.99172
ctl|US2008-07-17-S6939#t1w3,,control|US-SENATE,358,,481,2.31073,-1.01535,2.07513,1.03716
ctl|US2008-09-11-S8361#t29w0,,control|US-SENATE,248,,284,2.82469,0.8417,2.03813,0.96335
ctl|US2008-10-01-S10208-2#t5w0,,control|US-SENATE,315,,388,2.20178,2.42269,2.0939,0.89905
ctl|US2009-01-06-S44#t22w0,,control|US-SENATE,358,,399,2.53216,-0.26621,2.03798,1.0093
ctl|US2009-01-14-H317#t0w8,,control|US-HOUSE,349,,493,2.44881,0.28563,2.01592,0.98781
ctl|US2009-01-26-S801#t0w5,,control|US-SENATE,354,,436,2.60447,1.04489,2.02142,0.96059
ctl|US2009-01-26-S805-2#t0w0,,control|US-SENATE,323,,371,2.16671,1.67477,2.17155,0.9255
ctl|US2009-03-11-H3297#t17w0,,control|US-HOUSE,354,,430,2.29366,-0.37156,2.15611,1.0131
ctl|US2009-03-23-H3739#t8w0,,control|US-HOUSE,277,,350,2.8555,-0.4933,1.99425,1.0161
ctl|US2009-03-26-S3822-2#t0w2,,control|US-SENATE,352,,393,2.72594,0.60703,2.06037,0.9756
ctl|US2009-04-23-S4604-4#t128w0,,control|US-SENATE,326,,378,2.40893,1.5805,2.11549,0.9339
ctl|US2009-07-14-S7449-2#t5w1,,control|US-SENATE,246,,295,2.66532,-0.26581,2.06142,1.01326
ctl|US2009-07-16-H8191-3#t2w0,,control|US-HOUSE,339,,426,2.65402,-0.78594,2.04256,1.0293
ctl|US2009-12-09-S12745-2#t70w0,,control|US-SENATE,263,,352,2.30266,-0.32422,2.10597,1.01225
ctl|US2010-03-09-H1195#t5w0,,control|US-HOUSE,303,,358,2.227,0.89576,2.06399,0.95899
ctl|US2010-04-29-H3029-3#t0w0,,control|US-HOUSE,303,,361,2.55217,0.35869,2.00705,0.98293
ctl|US2010-07-29-H6446#t5w1,,control|US-HOUSE,318,,382,2.69274,-0.27852,1.94806,1.00949
ctl|US2010-08-05-S6886#t12w0,,control|US-SENATE,327,,379,1.88975,1.80572,2.23886,0.91583
ctl|US2010-12-16-S10315#t48w6,,control|US-SENATE,302,,351,3.09011,-1.16119,2.0032,1.04509
ctl|US2010-12-17-S10452#t20w1,,control|US-SENATE,324,,374,3.04412,-1.37565,1.98018,1.0496
ctl|US2010-12-17-S10452#t37w0,,control|US-SENATE,328,,365,2.60995,1.95156,2.08962,0.92175
ctl|US2010-12-17-S10514-4#t2w0,,control|US-SENATE,293,,357,2.12684,1.36993,2.15729,0.93728
ctl|US2011-03-17-S1814#t0w0,,control|US-SENATE,344,,425,2.46882,-1.54606,1.97534,1.0595
ctl|US2011-05-03-S2601-2#t0w1,,control|US-SENATE,179,,201,2.56111,0.29616,2.11635,0.98124
ctl|US2011-11-02-S7070#t0w22,,control|US-SENATE,330,,490,1.30312,0.47148,2.31142,0.97379
ctl|US2012-01-18-H54-3#t3w1,,control|US-HOUSE,331,,429,2.76882,-1.68962,1.98307,1.06259
ctl|US2012-06-21-H3918-5#t21w0,,control|US-HOUSE,343,,420,2.61383,0.31975,2.07391,0.98694
ctl|US2012-06-27-H4135-4#t84w0,,control|US-HOUSE,320,,369,2.86103,-2.04022,2.01875,1.08003
ctl|US2012-07-24-H5188#t4w0,,control|US-HOUSE,345,,426,2.52184,0.44272,2.07363,0.98165
ctl|US2012-07-24-S5305#t1w3,,control|US-SENATE,367,,484,1.96148,-0.59098,2.08242,1.02567
ctl|US2012-07-25-H5225-2#t58w1,,control|US-HOUSE,298,,377,2.75561,-0.56844,1.97481,1.0245
ctl|US2012-12-13-H6799#t0w2,,control|US-HOUSE,337,,414,2.34005,0.49025,2.09648,0.97876
ctl|US2013-03-14-S1855#t6w2,,control|US-SENATE,343,,473,1.54946,0.94607,2.20183,0.95522
ctl|US2013-05-23-S3797-2#t17w2,,control|US-SENATE,315,,365,2.51147,-0.45339,2.09833,1.01713
ctl|US2013-07-24-H5002#t20w1,,control|US-HOUSE,149,,177,2.55549,0.27303,2.07916,0.98176
ctl|US2014-01-16-S441-2#t0w3,,control|US-SENATE,361,,412,2.49238,1.8941,2.09753,0.92671
ctl|US2014-05-29-H4968-2#t5w0,,control|US-HOUSE,294,,400,2.32703,0.20904,2.00153,0.99101
ctl|US2014-06-19-H5514#t2w0,,control|US-HOUSE,317,,376,2.58401,0.37427,2.01693,0.98365
ctl|US2015-01-09-H184-5#t1w2,,control|US-HOUSE,219,,270,2.32327,0.59995,2.12662,0.96862
ctl|US2015-03-18-H1731-4#t0w0,,control|US-HOUSE,192,,252,1.99723,0.1023,2.12029,0.99571
ctl|US2015-04-28-S2443-3#t20w1,,control|US-SENATE,319,,361,2.50854,-0.39938,1.98481,1.01653
ctl|US2015-05-21-S3216#t0w4,,control|US-SENATE,307,,381,2.52269,0.27244,2.01733,0.98677
ctl|US2015-06-17-H4435-4#t0w2,,control|US-HOUSE,239,,299,2.57679,0.6219,2.06194,0.97171
ctl|US2015-07-22-H5386#t11w0,,control|US-HOUSE,237,,300,2.66241,-0.3057,2.08218,1.01393
ctl|US2015-07-29-H5604#t0w0,,control|US-HOUSE,297,,363,2.28958,0.27355,2.18604,0.98488
ctl|US2015-11-04-H7686#t33w0,,control|US-HOUSE,278,,335,2.73106,-1.58837,1.98561,1.06823
ctl|US2016-04-25-S2415-3#t0w0,,control|US-SENATE,155,,176,1.91888,1.77882,2.17694,0.87053
ctl|US2016-12-06-H7264#t9w1,,control|US-HOUSE,358,,451,2.08683,0.75716,2.1342,0.96741
ctl|US2017-06-12-H4845#t6w1,,control|US-HOUSE,208,,255,3.11888,-0.68712,1.93721,1.02904
ctl|US2017-07-26-H6335#t66w59,,control|US-HOUSE,297,,481,1.38286,0.29416,2.03991,0.98579
ctl|US2017-11-06-S7030-4#t0w2,,control|US-SENATE,166,,197,2.37028,-0.49302,2.07888,1.02528
ctl|US2018-01-10-S116#t0w5,,control|US-SENATE,203,,241,2.91693,-0.81116,1.9802,1.038
ctl|US2018-01-19-H574-6#t0w17,,control|US-HOUSE,343,,447,2.55253,0.29274,2.03004,0.98848
ctl|US2018-03-07-H1458#t32w1,,control|US-HOUSE,327,,425,2.60969,0.46362,1.9757,0.98091
ctl|US2018-03-19-S1780-3#t0w4,,control|US-SENATE,309,,376,2.40612,0.456,2.11071,0.98033
ctl|US2018-04-10-H3085-2#t0w0,,control|US-HOUSE,152,,203,2.38426,-0.7289,2.07501,1.04229
ctl|US2018-05-09-S2557-5#t0w1,,control|US-SENATE,320,,419,2.24698,1.4738,2.09364,0.94008
ctl|US2018-05-16-S2687-7#t0w1,,control|US-SENATE,285,,326,2.38406,1.23061,2.10401,0.94598
ctl|US2018-05-18-H4236-2#t0w14,,control|US-HOUSE,312,,381,2.72376,-0.90583,2.03067,1.0347
ctl|US2018-06-19-S4012-5#t2w3,,control|US-SENATE,336,,392,2.44758,0.17285,2.07174,0.99123
ctl|US2018-07-11-H6052-6#t0w0,,control|US-HOUSE,273,,325,2.63918,-0.21894,2.11761,1.01082
ctl|US2018-08-23-S5876#t47w3,,control|US-SENATE,175,,206,2.96078,-0.38692,2.01799,1.0187
ctl|US2018-09-18-S6259-5#t1w3,,control|US-SENATE,311,,401,2.35256,1.48063,2.11089,0.93915
ctl|US2018-10-05-S6679#t14w0,,control|US-SENATE,328,,400,2.2487,-0.04606,2.08162,1.00167
ctl|US2018-11-29-H9697-2#t0w0,,control|US-HOUSE,234,,304,2.49908,-0.92571,2.09173,1.04227
ctl|US2018-11-29-H9714#t3w0,,control|US-HOUSE,256,,296,2.40609,0.06516,2.06832,0.99658
ctl|US2019-01-24-S549-2#t14w2,,control|US-SENATE,127,,152,2.41602,0.63539,2.12109,0.95714
ctl|US2019-02-13-S1323-2#t0w0,,control|US-SENATE,355,,418,2.06053,1.9607,2.12944,0.9117
ctl|US2019-03-08-H2609-4#t5w1,,control|US-HOUSE,139,,171,1.90542,1.15648,2.06584,0.91549
ctl|US2019-04-02-H2956-2#t4w0,,control|US-HOUSE,357,,439,2.4486,0.02188,2.02925,0.99758
ctl|US2019-04-09-H3179-2#t39w0,,control|US-HOUSE,253,,286,2.71689,1.08205,2.05362,0.95356
ctl|US2019-05-09-H3510#t4w1,,control|US-HOUSE,333,,390,2.30267,1.44996,2.13142,0.93886
ctl|US2019-05-22-S3062#t2w1,,control|US-SENATE,331,,400,2.26957,1.41116,2.07622,0.94081
ctl|US2019-06-24-H5047-2#t25w0,,control|US-HOUSE,318,,400,2.40505,-0.36991,2.0377,1.01276
ctl|US2019-06-26-S4562#t0w2,,control|US-SENATE,294,,363,2.44465,0.41222,2.09165,0.97995
ctl|US2019-09-20-H7840-5#t53w0,,control|US-HOUSE,338,,419,2.18265,0.4305,2.13923,0.9794
ctl|US2019-10-15-S5788-2#t0w0,,control|US-SENATE,296,,373,2.28854,0.75937,2.10035,0.96412
ctl|US2019-10-17-H8209#t28w0,,control|US-HOUSE,329,,386,2.27527,1.28649,2.14391,0.94367
ctl|US2019-12-04-S6845#t1w1,,control|US-SENATE,271,,328,2.37039,0.75726,2.11181,0.96614
ctl|US2020-06-30-H2694-3#t136w1,,control|US-HOUSE,306,,400,2.60673,1.11575,2.12096,0.95632
ctl|US2020-07-22-H3671#t8w0,,control|US-HOUSE,158,,186,2.53422,-0.18803,2.08236,1.00857
ctl|US2020-07-23-H3715-4#t133w0,,control|US-HOUSE,124,,164,2.34398,0.12047,2.15801,0.99026
ctl|US2020-09-17-S5689-3#t0w0,,control|US-SENATE,287,,332,2.50294,0.70038,2.04126,0.96751
ctl|US2020-11-17-H5827#t8w0,,control|US-HOUSE,260,,313,2.69535,-0.19882,2.06295,1.00775
ctl|US2020-11-19-H5950-3#t49w0,,control|US-HOUSE,348,,487,2.09913,1.88524,2.06939,0.92593
ctl|US2020-12-04-H6819-2#t1w14,,control|US-HOUSE,171,,241,1.8586,0.27566,2.10225,0.98516
ctl|US2021-03-18-S1632#t0w0,,control|US-SENATE,342,,401,2.19889,1.42991,2.11508,0.93877
ctl|US2021-04-14-S1912-3#t0w3,,control|US-SENATE,353,,416,2.58107,-0.26003,2.02817,1.00923
ctl|US2021-04-20-H1961-2#t1w0,,control|US-HOUSE,170,,198,2.51793,-0.19919,2.08312,1.00713
ctl|US2021-05-13-H2276-4#t3w2,,control|US-HOUSE,331,,395,2.73192,-0.10968,2.08297,1.00284
ctl|US2021-08-03-S5701#t6w4,,control|US-SENATE,342,,430,2.31913,0.28401,2.07335,0.98557
ctl|US2021-10-22-H5798-2#t18w2,,control|US-HOUSE,329,,415,1.93826,1.93973,2.25009,0.9156
ctl|US2021-11-18-H6375-4#t117w0,,control|US-HOUSE,210,,248,2.23779,0.0299,2.10345,0.99598
ctl|US2022-02-07-S542#t0w0,,control|US-SENATE,313,,461,2.12616,0.09093,2.04768,0.99613
ctl|US2022-02-16-S738#t0w2,,control|US-SENATE,359,,469,2.60469,-0.6394,2.0381,1.02155
ctl|US2022-02-28-H1166#t7w0,,control|US-HOUSE,326,,373,2.39402,-0.48734,2.21824,1.01924
ctl|US2022-03-23-S1732-3#t8w1,,control|US-SENATE,201,,243,2.81563,0.72789,1.99222,0.96343
ctl|US2022-03-28-S1806-2#t0w4,,control|US-SENATE,342,,411,2.54844,0.48718,2.06937,0.97915
ctl|US2022-04-06-S2021#t0w4,,control|US-SENATE,286,,337,2.79805,-2.22797,1.98539,1.09351
ctl|US2022-04-26-S2145-2#t0w2,,control|US-SENATE,308,,350,2.47886,0.03136,2.00209,0.99766
ctl|CA2018-01-30#t177w0,,control|CA-FED,135,,165,2.38407,1.10122,2.11091,0.93085
ctl|CA2018-02-01#t96w0,,control|CA-FED,202,,233,2.5679,-0.69708,2.12857,1.03537
ctl|CA2018-02-05#t143w0,,control|CA-FED,124,,152,2.51681,-0.42479,2.07491,1.03387
ctl|CA2018-02-06#t56w0,,control|CA-FED,131,,154,2.85865,-0.60896,2.03054,1.04263
ctl|CA2018-02-28#t7w0,,control|CA-FED,136,,175,2.57182,-0.36878,2.04927,1.02215
ctl|CA2018-03-22#t38w0,,control|CA-FED,159,,185,2.87672,-0.07854,2.00377,1.00479
ctl|CA2018-04-18#t114w0,,control|CA-FED,127,,164,2.62088,-1.10924,2.04795,1.07007
ctl|CA2018-04-25#t91w0,,control|CA-FED,131,,145,2.3167,0.35087,2.11142,0.98054
ctl|CA2018-05-24#t217w1,,control|CA-FED,290,,355,2.6019,1.05623,2.06721,0.95736
ctl|CA2018-05-24#t262w1,,control|CA-FED,316,,360,2.58529,0.51622,2.08915,0.9777
ctl|CA2018-05-30#t45w0,,control|CA-FED,130,,152,2.59861,1.05933,2.10413,0.93862
ctl|CA2018-06-12#t324w10,,control|CA-FED,360,,399,2.8822,-0.5069,2.01492,1.019
ctl|CA2018-06-19#t104w0,,control|CA-FED,171,,242,2.4735,-0.7068,2.00534,1.04253
ctl|CA2018-09-18#t105w0,,control|CA-FED,150,,176,2.80153,-0.47783,1.97592,1.03026
ctl|CA2018-10-05#t91w0,,control|CA-FED,126,,152,2.23515,0.67132,2.13522,0.95447
ctl|CA2018-10-15#t65w0,,control|CA-FED,158,,184,2.36146,0.61165,2.11719,0.96447
ctl|CA2018-11-02#t110w0,,control|CA-FED,129,,148,2.534,0.02655,2.09877,0.99985
ctl|CA2018-11-08#t235w2,,control|CA-FED,273,,312,2.8727,-0.00033,1.98938,0.99921
ctl|CA2018-11-19#t65w0,,control|CA-FED,164,,190,2.11015,1.01822,2.18219,0.94071
ctl|CA2018-11-21#t0w0,,control|CA-FED,124,,164,2.43321,-0.21259,1.94912,1.01611
ctl|CA2018-11-22#t103w0,,control|CA-FED,142,,152,2.46535,0.62579,2.172,0.96267
ctl|CA2018-11-27#t34w0,,control|CA-FED,227,,276,2.31039,0.30795,2.18408,0.98446
ctl|CA2018-11-29#t97w7,,control|CA-FED,327,,358,2.44581,0.56854,2.07155,0.97503
ctl|CA2018-12-04#t219w4,,control|CA-FED,309,,343,2.66432,-0.86656,2.05423,1.03502
ctl|CA2019-01-29#t104w0,,control|CA-FED,164,,190,2.47761,0.18037,2.0982,0.98801
ctl|CA2019-01-29#t157w0,,control|CA-FED,120,,137,2.66667,0.1721,2.14724,0.99396
ctl|CA2019-02-07#t197w0,,control|CA-FED,126,,151,2.37497,-0.29947,2.08196,1.01789
ctl|CA2019-02-08#t1w0,,control|CA-FED,341,,432,2.24188,0.04103,2.14059,0.99645
ctl|CA2019-02-19#t56w1,,control|CA-FED,331,,384,2.51584,0.80597,2.07455,0.968
ctl|CA2019-02-26#t106w0,,control|CA-FED,128,,152,2.87248,-0.92596,2.02737,1.06243
ctl|CA2019-02-27#t129w0,,control|CA-FED,181,,225,2.36528,0.46279,2.07209,0.97391
ctl|CA2019-02-28#t36w0,,control|CA-FED,333,,383,2.35409,0.02745,2.06646,0.99694
ctl|CA2019-03-01#t96w0,,control|CA-FED,140,,159,2.37832,-0.11218,2.1653,1.00317
ctl|CA2019-04-04#t86w0,,control|CA-FED,131,,152,2.38784,0.40645,2.0616,0.97525
ctl|CA2020-01-31#t112w0,,control|CA-FED,126,,138,2.28614,0.95161,2.19282,0.9325
ctl|CA2020-02-19#t11w0,,control|CA-FED,196,,243,2.49613,0.08202,2.0066,0.99619
ctl|CA2020-02-25#t23w2,,control|CA-FED,355,,416,2.25706,2.61939,2.20514,0.8972
ctl|CA2020-02-25#t202w0,,control|CA-FED,349,,395,2.41129,-0.00283,2.11063,0.99836
ctl|CA2020-02-27#t259w1,,control|CA-FED,352,,431,2.49761,0.45465,2.07406,0.9814
ctl|CA2020-03-12#t130w0,,control|CA-FED,123,,137,2.79823,0.47329,2.12533,0.97429
ctl|CA2020-03-24#t125w0,,control|CA-FED,148,,161,2.56477,0.74376,2.11069,0.95868
ctl|CA2020-05-26#t8w7,,control|CA-FED,358,,406,2.30455,1.01787,2.19698,0.95894
ctl|CA2020-09-24#t95w0,,control|CA-FED,130,,146,2.03264,1.48005,2.15177,0.8908
ctl|CA2020-10-02#t28w0,,control|CA-FED,184,,230,2.18367,1.08762,2.13559,0.93803
ctl|CA2020-10-08#t124w0,,control|CA-FED,226,,260,2.57454,-0.07826,2.05542,1.00358
ctl|CA2020-10-20#t64w3,,control|CA-FED,307,,361,2.85605,-1.25837,1.98501,1.05003
ctl|CA2020-10-20#t166w0,,control|CA-FED,123,,155,2.83045,0.00163,1.96564,1.00062
ctl|CA2020-10-23#t24w0,,control|CA-FED,166,,202,2.60541,-0.43858,1.94305,1.02695
ctl|CA2020-10-23#t143w7,,control|CA-FED,348,,403,2.5184,-0.35835,2.05073,1.01261
ctl|CA2020-10-29#t124w0,,control|CA-FED,227,,295,2.83529,-1.3361,1.98487,1.05837
ctl|CA2020-11-02#t37w0,,control|CA-FED,174,,219,2.3796,-0.5141,2.12465,1.02973
ctl|CA2020-11-03#t205w3,,control|CA-FED,278,,334,2.91377,0.38445,1.94717,0.98364
ctl|CA2020-11-05#t66w0,,control|CA-FED,131,,148,2.42121,0.85246,2.14047,0.9444
ctl|CA2020-11-17#t111w0,,control|CA-FED,163,,195,2.31538,-0.29615,2.19071,1.01752
ctl|CA2020-11-18#t19w0,,control|CA-FED,143,,160,2.14519,0.7888,2.13471,0.94793
ctl|CA2020-11-19#t162w0,,control|CA-FED,123,,142,2.88291,0.0858,2.06232,0.99678
ctl|CA2020-11-23#t38w6,,control|CA-FED,312,,345,2.81048,-0.27,2.0156,1.01032
ctl|CA2020-11-23#t144w0,,control|CA-FED,130,,159,2.53586,0.5058,2.20073,0.97248
ctl|CA2021-02-02#t131w0,,control|CA-FED,138,,148,2.47098,-1.11309,2.08692,1.07779
ctl|CA2021-02-04#t195w0,,control|CA-FED,121,,135,2.57846,0.48662,2.13339,0.97179
ctl|CA2021-02-05#t50w0,,control|CA-FED,130,,149,2.5585,-0.67962,2.04154,1.04732
ctl|CA2021-02-17#t17w0,,control|CA-FED,138,,168,2.30925,1.952,2.20123,0.88186
ctl|CA2021-02-18#t205w0,,control|CA-FED,128,,146,2.68042,-0.68936,2.07055,1.04843
ctl|CA2021-02-22#t147w0,,control|CA-FED,126,,146,2.50425,-0.03272,2.12274,1.00593
ctl|CA2021-03-08#t167w0,,control|CA-FED,339,,394,2.24431,0.81336,2.21269,0.96367
ctl|CA2021-03-09#t112w0,,control|CA-FED,174,,209,2.69294,-0.88849,1.99818,1.04846
ctl|CA2021-03-11#t119w0,,control|CA-FED,178,,205,2.28989,0.15462,2.18957,0.98877
ctl|CA2021-04-15#t70w4,,control|CA-FED,265,,331,3.18081,-1.24559,1.86683,1.04528
ctl|CA2021-04-16#t37w0,,control|CA-FED,170,,232,3.26202,-1.1932,1.72424,1.04736
ctl|CA2021-04-26#t79w0,,control|CA-FED,148,,179,1.9729,0.89807,2.09315,0.93404
ctl|CA2021-05-06#t101w3,,control|CA-FED,297,,365,2.65291,-1.57962,2.00983,1.06369
ctl|CA2021-05-13#t219w0,,control|CA-FED,135,,154,2.57533,0.21649,2.19261,0.98525
ctl|CA2021-05-28#t39w0,,control|CA-FED,184,,223,2.90527,-0.76635,2.00012,1.03917
ctl|CA2021-06-01#t75w2,,control|CA-FED,353,,418,2.7909,-0.97443,1.98757,1.03274
ctl|CA2021-06-03#t193w0,,control|CA-FED,122,,139,2.40478,0.03913,2.10116,1.00092
ctl|CA2021-06-07#t138w0,,control|CA-FED,133,,152,2.9666,-1.03794,1.93659,1.06051
ctl|CA2021-06-09#t14w0,,control|CA-FED,135,,159,2.09599,1.72214,2.2233,0.88696
ctl|CA2021-06-14#t152w0,,control|CA-FED,130,,147,2.41997,-0.64431,2.06776,1.04663
ctl|CA2021-06-15#t117w0,,control|CA-FED,161,,188,2.43651,0.22545,2.06612,0.98837
ctl|CA2021-06-18#t83w0,,control|CA-FED,141,,156,2.26753,0.34368,2.13178,0.97799
ctl|CA2021-06-21#t170w0,,control|CA-FED,270,,326,2.29592,0.71865,2.23325,0.96393
ctl|CA2021-12-07#t87w3,,control|CA-FED,300,,335,2.49579,1.11757,2.06962,0.95227
ctl|CA2021-12-07#t144w0,,control|CA-FED,116,,152,2.14653,-0.78382,2.20218,1.06099
ctl|CA2021-12-07#t229w0,,control|CA-FED,158,,183,2.76514,-0.64543,2.06554,1.04013
ctl|CA2021-12-14#t147w0,,control|CA-FED,201,,227,2.32752,0.83474,2.26614,0.95376
ctl|CA2021-12-15#t99w0,,control|CA-FED,122,,140,2.33826,-0.89981,2.07837,1.06951
ctl|CA2022-02-07#t96w0,,control|CA-FED,159,,197,2.29479,0.16424,2.03745,0.9922
ctl|CA2022-02-14#t200w4,,control|CA-FED,335,,396,2.54537,1.88078,2.02791,0.92537
ctl|CA2022-02-16#t106w0,,control|CA-FED,128,,157,2.44356,0.41867,2.16789,0.97723
ctl|CA2022-02-17#t173w0,,control|CA-FED,125,,162,2.81132,-0.15393,2.03038,1.01296
ctl|CA2022-03-25#t154w1,,control|CA-FED,279,,349,2.25924,0.233,2.14491,0.98697
ctl|CA2022-04-04#t140w0,,control|CA-FED,134,,150,2.93012,-1.44472,2.08716,1.0922
ctl|CA2022-04-05#t57w3,,control|CA-FED,307,,363,2.48046,1.40771,2.09166,0.94241
ctl|CA2022-04-06#t0w0,,control|CA-FED,180,,242,2.26994,0.76574,1.99592,0.95882
ctl|CA2022-05-09#t117w0,,control|CA-FED,129,,145,2.24285,1.10578,2.27572,0.92627
ctl|CA2022-05-09#t204w0,,control|CA-FED,132,,147,2.77097,-0.11051,2.02811,1.01032
ctl|CA2022-05-10#t137w0,,control|CA-FED,158,,193,2.38526,-0.83573,2.06616,1.05128
ctl|CA2022-05-12#t261w2,,control|CA-FED,327,,408,2.60594,0.08507,1.9632,0.99497
ctl|CA2022-05-12#t261w6,,control|CA-FED,202,,230,2.89232,0.13271,2.00786,0.99537
ctl|CA2022-05-13#t26w0,,control|CA-FED,178,,207,2.58935,-1.32237,1.99655,1.08108
ctl|CA2022-05-16#t161w0,,control|CA-FED,128,,147,2.3214,0.23344,2.18479,0.98626
ctl|CA2022-05-19#t156w0,,control|CA-FED,199,,246,2.1629,1.21125,2.11964,0.92927
ctl|CA2022-05-19#t236w0,,control|CA-FED,127,,150,2.78426,-0.72735,1.94967,1.04807
ctl|CA2022-05-30#t38w0,,control|CA-FED,130,,153,2.67622,-0.94968,2.04247,1.06057
ctl|CA2022-05-30#t70w0,,control|CA-FED,190,,227,2.24455,1.38127,2.22301,0.92421
ctl|CA2022-06-02#t100w0,,control|CA-FED,160,,207,2.26718,0.39079,2.04995,0.97283
ctl|CA2022-06-02#t187w0,,control|CA-FED,139,,164,2.58402,-0.09079,2.11372,1.00443
ctl|CA2022-06-07#t288w0,,control|CA-FED,146,,164,2.43043,1.75226,2.17419,0.89839
ctl|CA2022-06-07#t408w0,,control|CA-FED,257,,302,2.35119,-1.26919,2.08696,1.06014
ctl|CA2022-06-08#t56w0,,control|CA-FED,121,,138,2.04657,1.68771,2.30265,0.87849
ctl|CA2022-06-08#t261w0,,control|CA-FED,159,,181,2.32997,0.70805,2.14226,0.95993
ctl|CA2022-06-10#t26w0,,control|CA-FED,167,,206,2.66263,-0.52666,2.09912,1.02835
ctl|CA2022-06-14#t78w0,,control|CA-FED,134,,151,2.74852,0.47761,2.04451,0.97484
ctl|CA2022-06-14#t90w0,,control|CA-FED,337,,394,2.34195,0.33875,2.0895,0.98398
ctl|CA2022-06-21#t207w0,,control|CA-FED,338,,415,2.15543,1.12707,2.18948,0.95389
ctl|CA2022-06-23#t101w0,,control|CA-FED,120,,134,2.63344,-0.21024,2.07479,1.01985
ctl|CA2015-12-09#t341w0,,control|CA-FED,168,,183,2.63683,-0.31645,2.00675,1.01771
ctl|CA2016-01-26#t114w0,,control|CA-FED,188,,218,2.58633,0.57968,2.03689,0.96952
ctl|CA2016-01-27#t74w0,,control|CA-FED,121,,132,2.14783,0.64385,2.22875,0.95572
ctl|CA2016-01-28#t98w3,,control|CA-FED,306,,390,2.46195,0.28138,2.04003,0.98697
ctl|CA2016-02-02#t268w1,,control|CA-FED,353,,419,2.49007,2.08432,2.10335,0.92342
ctl|CA2016-02-04#t227w4,,control|CA-FED,255,,287,2.6033,0.28012,2.02614,0.98467
ctl|CA2016-02-19#t42w0,,control|CA-FED,167,,195,2.89165,-0.19397,2.00827,1.0089
ctl|CA2016-02-19#t150w0,,control|CA-FED,136,,158,2.45018,-0.21406,2.09285,1.01603
ctl|CA2016-05-04#t57w0,,control|CA-FED,120,,139,3.23086,-0.50188,1.89953,1.03413
ctl|CA2016-05-10#t101w0,,control|CA-FED,138,,167,2.5996,-0.52445,1.95216,1.03302
ctl|CA2016-05-16#t300w3,,control|CA-FED,153,,171,2.25671,0.21244,2.08768,0.98722
ctl|CA2016-06-02#t145w0,,control|CA-FED,135,,162,2.72587,-0.39916,2.03433,1.0274
ctl|CA2016-06-06#t70w0,,control|CA-FED,159,,206,2.22084,0.65628,2.04807,0.96275
ctl|CA2016-06-08#t3w0,,control|CA-FED,167,,197,1.8367,0.85463,2.21286,0.94473
ctl|CA2016-09-26#t61w0,,control|CA-FED,157,,201,2.65034,-1.28635,1.99986,1.06862
ctl|CA2016-10-06#t122w0,,control|CA-FED,175,,220,2.17793,-1.09514,2.20617,1.0678
ctl|CA2016-10-07#t32w0,,control|CA-FED,174,,219,2.58429,-0.0514,2.04876,1.00296
ctl|CA2016-10-25#t75w1,,control|CA-FED,322,,375,2.54479,-0.07058,2.06473,1.00166
ctl|CA2016-10-27#t110w0,,control|CA-FED,191,,238,2.09278,-1.2509,2.16886,1.07721
ctl|CA2016-10-31#t86w0,,control|CA-FED,130,,149,2.83794,-0.59698,2.00554,1.04111
ctl|CA2016-11-14#t244w2,,control|CA-FED,315,,361,3.00289,-1.15079,1.97459,1.04504
ctl|CA2016-11-21#t59w0,,control|CA-FED,183,,224,2.44272,-0.06643,2.07017,1.00358
ctl|CA2016-11-30#t117w0,,control|CA-FED,342,,404,2.55753,-0.92969,2.07661,1.03497
ctl|CA2016-12-12#t73w0,,control|CA-FED,121,,153,2.43031,0.18047,2.1274,0.98803
ctl|CA2016-12-14#t99w0,,control|CA-FED,340,,381,2.30516,-0.58966,2.11803,1.02441
ctl|CA2017-01-31#t110w0,,control|CA-FED,118,,133,2.25783,1.07729,2.11973,0.92818
ctl|CA2017-02-02#t95w0,,control|CA-FED,168,,213,2.50595,-0.14254,2.07186,1.00906
ctl|CA2017-02-24#t29w0,,control|CA-FED,163,,198,2.28784,-1.06583,2.01755,1.06605
ctl|CA2017-03-07#t97w0,,control|CA-FED,170,,222,3.03366,0.82706,1.94087,0.96074
ctl|CA2017-03-20#t212w0,,control|CA-FED,120,,136,2.78241,-0.61529,2.06865,1.04849
ctl|CA2017-03-24#t132w1,,control|CA-FED,359,,424,2.87455,-0.34608,2.01468,1.01164
ctl|CA2017-04-06#t131w0,,control|CA-FED,129,,141,2.8655,0.1485,1.94477,0.99024
ctl|CA2017-05-02#t213w2,,control|CA-FED,249,,276,3.13495,-0.05124,1.97976,1.00227
ctl|CA2017-05-08#t197w0,,control|CA-FED,139,,161,2.52432,1.04328,2.13009,0.93846
ctl|CA2017-05-11#t101w0,,control|CA-FED,161,,188,2.79776,-0.6806,2.00599,1.0377
ctl|CA2017-05-16#t84w0,,control|CA-FED,157,,200,2.7169,-1.67936,2.01874,1.09725
ctl|CA2017-05-19#t65w0,,control|CA-FED,124,,138,2.93267,-0.18563,2.09164,1.01329
ctl|CA2017-05-29#t112w0,,control|CA-FED,122,,140,2.17838,1.02399,2.09995,0.93368
ctl|CA2017-06-01#t115w0,,control|CA-FED,159,,214,2.6125,-0.21019,2.05768,1.01037
ctl|CA2017-06-01#t122w0,,control|CA-FED,124,,143,2.09241,0.97451,2.29843,0.93352
ctl|CA2017-06-02#t17w0,,control|CA-FED,149,,181,2.24849,0.344,2.05944,0.97794
ctl|CA2017-06-07#t15w0,,control|CA-FED,177,,204,2.81165,-0.6167,2.03648,1.03707
ctl|CA2017-06-19#t57w0,,control|CA-FED,165,,216,2.46149,-0.03153,2.06913,1.0007
ctl|CA2017-06-21#t14w0,,control|CA-FED,179,,222,2.84234,-0.99473,2.02493,1.04968
ctl|CA2017-09-18#t41w1,,control|CA-FED,292,,341,2.77377,-1.12547,1.94158,1.04428
ctl|CA2017-09-18#t218w3,,control|CA-FED,358,,411,3.02402,-1.49741,1.91952,1.05283
ctl|CA2017-09-25#t51w0,,control|CA-FED,158,,195,2.13872,-0.26773,2.28155,1.01689
ctl|CA2017-09-28#t111w0,,control|CA-FED,126,,156,2.44456,0.40673,2.08158,0.97303
ctl|CA2017-10-03#t113w0,,control|CA-FED,148,,165,2.1327,0.2358,2.07521,0.98358
ctl|CA2017-10-04#t12w0,,control|CA-FED,151,,201,2.06354,-0.15772,2.2526,1.00798
ctl|CA2017-10-16#t10w0,,control|CA-FED,203,,235,2.62566,-1.26782,2.04971,1.06573
ctl|CA2017-10-17#t90w0,,control|CA-FED,212,,244,2.59114,1.37979,2.1357,0.93305
ctl|CA2017-10-19#t126w0,,control|CA-FED,127,,142,2.87489,-0.70726,1.9866,1.04884
ctl|CA2017-10-26#t125w0,,control|CA-FED,132,,144,2.73736,-0.1806,2.08822,1.01614
ctl|CA2017-11-02#t136w0,,control|CA-FED,127,,149,2.65675,0.98511,1.96954,0.942
ctl|CA2017-11-02#t206w0,,control|CA-FED,356,,428,2.60582,-0.48994,2.0151,1.01732
ctl|CA2017-11-20#t74w0,,control|CA-FED,139,,179,2.78114,-1.5219,1.92911,1.09477
ctl|CA2017-11-21#t142w0,,control|CA-FED,131,,148,2.79761,-1.02244,2.15688,1.07122
ctl|CA2017-11-23#t120w0,,control|CA-FED,149,,172,2.45279,-0.26301,2.01386,1.01852
ctl|CA2017-11-30#t82w0,,control|CA-FED,122,,139,1.90554,1.80311,2.19089,0.86976
ctl|CA2017-11-30#t84w0,,control|CA-FED,219,,251,2.54011,-0.42572,2.06595,1.02031
ctl|CA2017-11-30#t224w0,,control|CA-FED,329,,366,2.70952,-1.69165,2.09975,1.06841
ctl|CA2017-12-05#t89w0,,control|CA-FED,162,,209,3.01142,-0.74354,1.91736,1.0362
ctl|CA2017-12-08#t132w0,,control|CA-FED,193,,220,2.46563,0.68489,2.12625,0.96765
