seg_id,year,opus_screen
2025-12-04#t1558w3,2025,93
2025-05-08#t1898w4,2025,92
2026-05-06#t2719w0,2026,92
2025-05-08#t1893w6,2025,92
2025-05-06#t1670w0,2025,92
2025-05-16#t2553w1,2025,90
2026-05-13#t3076w3,2026,88
2025-10-30#t534w0,2025,88
2025-11-20#t1204w0,2025,88
2025-06-03#t3141w2,2025,88
2025-05-14#t2325w1,2025,88
2024-03-22#t15720w11,2024,88
2025-05-16#t2534w3,2025,88
2025-05-08#t1893w2,2025,88
2025-10-24#t191w0,2025,88
2026-05-06#t2715w0,2026,88
2025-11-06#t803w0,2025,88
2026-05-13#t3076w2,2026,88
2025-12-04#t1558w2,2025,88
2023-05-10#t11631w5,2023,88
2025-06-03#t3141w3,2025,88
2026-05-07#t2871w4,2026,88
2025-12-10#t1783w0,2025,88
2026-05-13#t3069w1,2026,85
2025-05-28#t2783w4,2025,85
2026-05-13#t3069w3,2026,85
2026-05-07#t2871w1,2026,85
2025-05-27#t2649w0,2025,85
2025-11-06#t799w4,2025,85
2025-11-06#t837w0,2025,85
2026-05-07#t2856w5,2026,85
2024-11-27#t409w3,2024,85
2025-12-04#t1534w2,2025,85
2025-05-16#t2533w7,2025,85
2025-12-12#t1943w0,2025,85
2025-05-27#t2663w0,2025,85
2026-05-06#t2703w0,2026,85
2025-10-29#t406w0,2025,85
2025-05-28#t2793w0,2025,85
2026-05-07#t2856w6,2026,85
2025-05-28#t2792w7,2025,82
2025-05-30#t3040w0,2025,82
2024-05-09#t16460w0,2024,82
2026-03-26#t2551w0,2026,82
2025-11-20#t1204w2,2025,80
2026-05-06#t2715w2,2026,80
2025-05-14#t2325w2,2025,80
2025-12-11#t1815w0,2025,80
2025-03-27#t1613w6,2025,80
2026-05-06#t2715w1,2026,80
2025-12-04#t1546w2,2025,80
2026-05-07#t2830w2,2026,80
2026-05-13#t3093w1,2026,80
2025-05-16#t2534w0,2025,80
2025-05-14#t2337w2,2025,80
2025-05-30#t3040w4,2025,80
2025-05-08#t1893w3,2025,80
2025-06-03#t3060w0,2025,80
2026-05-14#t3193w2,2026,80
2026-05-13#t3072w2,2026,80
2026-05-14#t3199w3,2026,80
2025-05-14#t2324w0,2025,80
2025-11-06#t803w1,2025,80
2025-03-19#t1116w3,2025,80
2025-11-20#t1205w7,2025,80
2024-05-16#t16835w1,2024,78
2025-05-14#t2317w2,2025,78
2026-05-13#t3071w0,2026,78
2026-05-14#t3199w1,2026,78
2025-11-05#t691w2,2025,78
2025-11-06#t809w5,2025,75
2025-05-27#t2649w1,2025,75
2024-12-12#t812w1,2024,75
2026-05-14#t3193w1,2026,75
2025-05-27#t2635w0,2025,75
2025-11-20#t1100w0,2025,75
2025-05-28#t2795w5,2025,75
2025-12-04#t1534w3,2025,75
2025-10-28#t278w1,2025,75
2025-10-29#t406w2,2025,75
2025-05-27#t2662w0,2025,75
2023-11-23#t14308w0,2023,75
2025-11-05#t694w0,2025,75
2025-05-14#t2317w0,2025,75
2025-11-20#t1205w5,2025,75
2025-06-03#t3143w0,2025,75
2026-03-26#t2546w5,2026,75
2026-05-08#t2952w0,2026,75
2025-10-30#t534w2,2025,75
2025-05-28#t2792w1,2025,75
2025-10-29#t406w3,2025,75
2025-10-28#t278w8,2025,75
2025-12-04#t1546w1,2025,75
2023-10-24#t13338w7,2023,72
2025-10-29#t406w4,2025,72
2024-05-16#t16835w5,2024,72
2025-12-12#t2008w0,2025,72
2026-05-07#t2830w6,2026,72
2026-03-26#t2546w8,2026,72
2025-11-05#t690w2,2025,72
2025-05-28#t2794w2,2025,72
2025-10-30#t496w4,2025,72
2025-10-30#t509w4,2025,72
2025-05-14#t2337w0,2025,72
2023-11-23#t14342w3,2023,72
2024-12-12#t840w4,2024,72
2024-06-07#t17773w2,2024,72
2025-12-03#t1414w0,2025,72
2025-05-28#t2781w6,2025,72
2025-03-26#t1515w5,2025,72
2026-05-07#t2856w4,2026,72
2026-05-14#t3202w1,2026,72
2026-03-25#t2418w3,2026,72
2026-03-18#t2135w10,2026,72
2026-05-08#t2949w0,2026,72
2026-03-18#t2135w0,2026,72
2025-10-21#t5w3,2025,72
2025-05-14#t2337w1,2025,72
2025-05-06#t1707w1,2025,72
2025-11-05#t691w1,2025,72
2024-12-13#t940w1,2024,72
2026-05-13#t3070w2,2026,72
2025-06-03#t3143w1,2025,72
2024-12-12#t745w0,2024,72
2026-03-20#t2199w0,2026,72
2025-06-05#t3336w1,2025,70
2023-05-11#t11774w5,2023,70
2025-12-04#t1547w1,2025,70
2025-05-07#t1805w3,2025,70
2025-06-05#t3250w0,2025,70
2025-05-28#t2795w2,2025,70
2025-05-27#t2663w5,2025,70
2026-03-26#t2544w6,2026,70
2026-03-26#t2551w2,2026,70
2025-10-30#t534w3,2025,70
2025-12-11#t1926w1,2025,70
2025-05-27#t2663w3,2025,70
2025-11-05#t694w3,2025,70
2025-05-14#t2337w3,2025,70
2025-05-27#t2649w2,2025,70
2025-12-02#t1306w0,2025,70
2026-05-13#t3070w3,2026,70
2023-05-10#t11631w6,2023,70
2026-05-13#t3077w0,2026,70
2026-05-13#t3083w0,2026,70
2025-05-28#t2794w1,2025,70
2026-03-18#t2135w17,2026,70
2025-06-04#t3235w0,2025,70
2025-05-27#t2663w4,2025,70
2026-05-14#t3204w5,2026,70
2025-10-24#t179w1,2025,70
2025-05-08#t1893w0,2025,70
2026-03-26#t2544w5,2026,70
2026-03-24#t2305w3,2026,70
2025-05-27#t2650w0,2025,70
2026-03-18#t2063w0,2026,70
2025-05-27#t2646w2,2025,70
2024-12-10#t631w0,2024,70
2025-05-28#t2783w2,2025,70
2025-03-26#t1515w2,2025,70
2025-05-29#t2829w0,2025,70
2025-05-27#t2649w4,2025,70
2025-11-19#t1035w0,2025,70
2025-03-25#t1339w0,2025,70
2024-11-28#t536w1,2024,68
2025-03-26#t1482w6,2025,68
2025-05-08#t1920w1,2025,68
2025-03-19#t1150w3,2025,68
2025-05-07#t1805w0,2025,68
2026-03-20#t2208w3,2026,68
2026-03-18#t2135w13,2026,66
2026-03-18#t2135w18,2026,65
2025-05-27#t2576w0,2025,65
2025-05-27#t2645w4,2025,65
2026-05-07#t2873w3,2026,65
2026-05-13#t3070w1,2026,65
2025-06-05#t3333w6,2025,65
2026-05-13#t3072w3,2026,65
2025-11-05#t620w0,2025,65
2025-05-14#t2170w0,2025,65
2026-05-07#t2830w0,2026,65
2025-12-03#t1446w0,2025,65
2024-12-12#t747w0,2024,65
2026-05-07#t2856w8,2026,65
2025-12-12#t2021w0,2025,65
2026-05-07#t2830w4,2026,65
2024-05-28#t17035w1,2024,65
2024-11-27#t354w0,2024,65
2025-11-20#t1216w0,2025,65
2024-11-27#t409w4,2024,65
2025-12-03#t1440w0,2025,65
2026-03-20#t2209w5,2026,65
2025-05-08#t1918w0,2025,65
2025-03-19#t1116w6,2025,65
2026-03-26#t2544w3,2026,65
2025-12-12#t2021w2,2025,65
2025-12-04#t1550w2,2025,62
2025-11-20#t1194w4,2025,62
2026-03-18#t2135w24,2026,62
2025-05-16#t2534w4,2025,62
2025-11-04#t611w0,2025,62
2025-10-29#t408w1,2025,62
2025-05-15#t2456w2,2025,60
2025-03-20#t1158w1,2025,60
2025-12-04#t1557w1,2025,60
2025-11-18#t1018w0,2025,60
2025-12-04#t1558w1,2025,60
2026-03-25#t2423w4,2026,60
2026-05-14#t3199w0,2026,60
2025-10-30#t509w3,2025,60
2025-12-04#t1463w0,2025,60
2025-12-02#t1296w0,2025,60
2025-12-09#t1692w0,2025,60
2023-03-28#t11152w17,2023,60
2026-05-14#t3204w4,2026,60
2025-05-30#t3040w3,2025,60
2026-05-14#t3105w0,2026,60
2025-10-29#t378w2,2025,60
2025-12-12#t1948w0,2025,60
2025-12-12#t1954w0,2025,60
2025-05-28#t2817w0,2025,60
2025-11-06#t801w0,2025,60
2026-03-26#t2544w2,2026,60
2026-05-14#t3166w3,2026,60
2026-03-18#t2135w1,2026,60
2023-10-24#t13338w16,2023,60
2026-05-07#t2812w0,2026,60
2026-03-20#t2209w4,2026,60
2025-12-11#t1926w4,2025,60
2026-03-25#t2446w6,2026,60
2025-05-27#t2646w3,2025,60
2025-05-28#t2793w1,2025,60
2026-03-26#t2551w1,2026,60
2026-03-18#t2135w28,2026,60
2024-12-12#t835w5,2024,60
2026-03-25#t2346w0,2026,60
2025-12-04#t1550w1,2025,60
2025-03-26#t1504w0,2025,60
2025-10-28#t278w7,2025,58
2025-05-16#t2553w2,2025,55
2024-11-28#t536w3,2024,55
2025-03-27#t1541w0,2025,55
2026-05-07#t2794w0,2026,55
2026-05-14#t3204w3,2026,55
2025-03-26#t1485w1,2025,55
2026-03-24#t2308w1,2026,55
2024-03-27#t15843w0,2024,55
2025-05-15#t2446w4,2025,55
2026-03-18#t2135w20,2026,55
2026-03-25#t2417w2,2026,55
2026-05-13#t3071w1,2026,55
2026-03-18#t2135w9,2026,55
2025-10-22#t86w0,2025,55
2026-03-20#t2235w0,2026,55
2025-05-28#t2820w0,2025,55
2025-12-05#t1562w0,2025,55
2025-06-05#t3339w3,2025,55
2026-03-25#t2446w2,2026,55
2025-11-06#t765w0,2025,55
2025-03-26#t1520w7,2025,55
2026-05-07#t2871w2,2026,55
2026-05-07#t2838w0,2026,55
2025-11-20#t1192w8,2025,55
2025-05-28#t2783w5,2025,55
2025-12-05#t1575w0,2025,55
2026-03-18#t2135w27,2026,55
2026-03-20#t2228w3,2026,55
2025-10-29#t324w0,2025,55
2025-05-09#t1993w0,2025,55
2025-06-03#t3074w0,2025,55
2025-11-20#t1168w0,2025,55
2025-12-04#t1556w1,2025,55
2025-11-05#t690w0,2025,55
2025-10-24#t194w1,2025,55
2026-05-06#t2742w0,2026,55
2025-05-28#t2811w1,2025,55
2026-05-13#t3070w0,2026,55
2025-12-12#t1977w0,2025,55
2025-11-20#t1194w0,2025,55
2025-05-08#t1931w2,2025,55
2019-11-28#t2730w0,2019,55
2025-11-06#t811w4,2025,55
2025-06-04#t3228w0,2025,55
2025-10-29#t307w0,2025,55
2025-05-14#t2324w2,2025,55
2025-05-28#t2794w5,2025,55
2025-03-25#t1333w0,2025,55
2025-06-05#t3335w2,2025,55
2026-03-20#t2144w0,2026,55
2025-05-08#t1893w4,2025,55
2025-03-26#t1430w0,2025,55
2023-05-17#t12036w6,2023,55
2026-03-25#t2453w2,2026,55
2025-05-06#t1648w0,2025,55
2025-12-04#t1525w5,2025,55
2026-05-14#t3191w2,2026,55
2025-06-05#t3312w0,2025,55
2026-03-24#t2308w0,2026,55
2026-05-14#t3195w0,2026,55
2026-05-14#t3100w0,2026,55
2025-11-05#t691w4,2025,55
2025-05-27#t2650w2,2025,55
2025-03-21#t1164w0,2025,55
2025-10-21#t6w6,2025,55
2025-03-19#t1150w0,2025,55
2024-05-14#t16564w0,2024,55
2025-12-04#t1526w4,2025,55
2025-12-09#t1639w0,2025,55
2025-12-04#t1526w0,2025,55
2025-11-20#t1116w0,2025,55
2025-12-04#t1534w1,2025,55
2025-05-28#t2820w4,2025,55
2025-05-09#t2016w1,2025,55
2025-11-06#t809w2,2025,55
2025-05-29#t2912w0,2025,55
2025-05-27#t2646w1,2025,55
2025-05-07#t1737w0,2025,55
2026-03-18#t2135w25,2026,55
2026-05-14#t3192w5,2026,55
2025-06-05#t3336w0,2025,55
2026-05-06#t2742w2,2026,55
2024-05-10#t16515w0,2024,55
2025-11-18#t1004w0,2025,55
2026-03-26#t2475w0,2026,55
2026-03-20#t2157w0,2026,55
2026-03-26#t2531w0,2026,55
2025-05-27#t2649w3,2025,55
2025-10-30#t535w4,2025,55
2025-12-12#t2021w1,2025,55
2023-12-01#t14828w1,2023,55
2026-03-18#t2135w19,2026,55
2026-03-18#t2135w3,2026,55
2025-05-08#t1904w0,2025,55
2025-05-14#t2184w0,2025,55
2025-05-27#t2662w2,2025,55
2025-05-28#t2737w0,2025,55
2025-05-13#t2138w2,2025,55
2025-11-07#t858w0,2025,55
2024-05-07#t16186w0,2024,55
2025-10-30#t441w0,2025,55
2025-03-20#t1159w1,2025,55
2025-11-20#t1174w0,2025,55
2026-03-18#t2097w0,2026,55
2025-10-22#t101w2,2025,55
2024-11-28#t491w0,2024,55
2026-05-08#t2907w0,2026,55
2026-05-06#t2659w0,2026,55
2025-12-05#t1618w0,2025,55
2025-10-29#t387w1,2025,55
2025-12-09#t1698w0,2025,55
2025-03-19#t1116w2,2025,55
2026-05-08#t2906w0,2026,55
2025-03-19#t1150w2,2025,55
2025-05-06#t1668w0,2025,55
2026-05-07#t2852w1,2026,50
2025-05-16#t2480w0,2025,50
2025-10-30#t505w0,2025,50
2026-05-07#t2830w1,2026,50
2025-06-03#t3062w0,2025,50
2025-10-24#t191w1,2025,50
2025-11-20#t1204w1,2025,50
2025-11-20#t1107w0,2025,50
2020-12-08#t396w0,2020,50
2025-05-28#t2820w2,2025,50
2025-10-24#t114w0,2025,50
2025-05-15#t2446w5,2025,50
2025-05-28#t2763w0,2025,45
2026-05-14#t3192w2,2026,45
2025-11-05#t691w3,2025,45
2023-10-26#t13579w0,2023,45
2025-03-20#t1160w2,2025,45
2025-12-04#t1538w0,2025,45
2026-03-24#t2257w0,2026,45
2024-03-22#t15652w0,2024,45
2020-06-18#t4741w0,2020,45
2026-05-13#t3069w0,2026,45
2024-05-16#t16835w2,2024,45
2025-11-20#t1188w1,2025,45
2026-05-14#t3113w0,2026,45
2025-10-28#t278w2,2025,45
2025-11-21#t1289w0,2025,45
2025-05-28#t2764w0,2025,45
2024-05-28#t16996w0,2024,45
2026-03-20#t2216w1,2026,45
2025-03-27#t1613w4,2025,45
2025-11-06#t811w2,2025,45
2024-05-16#t16816w1,2024,45
2024-05-09#t16449w2,2024,45
2025-05-08#t1898w3,2025,45
2025-12-05#t1617w0,2025,45
2025-10-29#t396w5,2025,45
2025-06-04#t3160w0,2025,45
2025-11-06#t801w2,2025,45
2026-05-07#t2815w0,2026,45
2025-10-30#t535w3,2025,45
2025-06-05#t3333w0,2025,45
2024-12-12#t840w0,2024,45
2026-03-20#t2235w2,2026,45
2025-10-24#t112w0,2025,45
2026-03-24#t2323w4,2026,45
2025-10-30#t533w0,2025,45
2025-11-19#t1034w0,2025,45
2026-05-06#t2743w0,2026,45
2025-11-20#t1161w0,2025,45
2025-11-20#t1114w0,2025,45
2026-05-14#t3104w0,2026,45
2025-06-05#t3336w4,2025,45
2025-05-14#t2312w1,2025,45
2025-10-29#t360w0,2025,45
2025-11-18#t995w0,2025,45
2026-05-13#t3083w2,2026,45
2025-05-09#t2016w0,2025,45
2021-12-01#t4880w0,2021,45
2023-11-23#t14342w2,2023,45
2024-11-28#t542w5,2024,45
2025-03-21#t1223w0,2025,45
2023-03-21#t10836w1,2023,45
2024-12-12#t737w0,2024,45
2025-05-14#t2312w7,2025,45
2025-05-13#t2044w0,2025,45
2025-05-07#t1805w2,2025,45
2025-10-24#t171w1,2025,45
2025-10-24#t147w0,2025,45
2025-12-09#t1632w0,2025,45
2025-10-29#t378w3,2025,45
2025-11-06#t805w1,2025,45
2026-05-13#t3058w0,2026,45
2026-05-13#t3045w0,2026,45
2026-03-20#t2143w0,2026,45
2025-05-27#t2645w5,2025,45
2024-05-16#t16834w1,2024,45
2025-05-14#t2245w4,2025,45
2024-06-06#t17555w0,2024,45
2025-11-19#t1066w0,2025,45
2026-05-06#t2648w0,2026,45
2025-05-30#t2948w0,2025,45
2025-10-22#t102w3,2025,45
2025-10-29#t378w7,2025,45
2025-05-27#t2662w3,2025,45
2025-03-27#t1626w3,2025,45
2025-06-05#t3342w7,2025,45
2025-06-05#t3335w0,2025,45
2022-11-24#t9841w8,2022,45
2025-12-09#t1625w0,2025,45
2025-06-03#t3141w1,2025,45
2024-05-16#t16836w1,2024,45
2024-12-12#t812w0,2024,45
2024-05-28#t17035w0,2024,45
2026-05-14#t3166w2,2026,45
2025-05-27#t2626w0,2025,45
2026-03-26#t2533w0,2026,45
2026-03-18#t2135w7,2026,45
2025-05-28#t2753w0,2025,45
2025-11-20#t1105w0,2025,45
2023-12-07#t15178w1,2023,45
2019-11-27#t191w0,2019,45
2025-05-28#t2783w1,2025,45
2023-11-02#t13868w5,2023,45
2026-03-25#t2398w0,2026,45
2023-10-26#t13584w1,2023,45
2026-05-14#t3188w3,2026,45
2025-12-04#t1550w5,2025,45
2026-05-06#t2705w0,2026,45
2023-12-05#t14931w4,2023,45
2025-03-20#t1160w1,2025,45
2025-03-27#t1626w6,2025,45
2025-06-04#t3237w1,2025,45
2025-11-21#t1235w0,2025,45
2024-05-16#t16744w0,2024,45
2025-11-05#t690w6,2025,45
2023-11-24#t14369w0,2023,45
2025-10-21#t4w0,2025,45
2025-05-29#t2914w1,2025,45
2025-05-06#t1712w1,2025,45
2025-12-02#t1365w0,2025,45
2023-06-08#t12539w3,2023,45
2025-06-05#t3342w0,2025,45
2026-03-26#t2551w3,2026,45
2022-10-28#t8767w4,2022,45
2021-12-14#t5696w0,2021,45
2024-05-08#t16322w1,2024,45
2025-05-06#t1716w2,2025,45
2020-12-08#t356w0,2020,45
2025-05-28#t2811w3,2025,45
2023-05-10#t11631w2,2023,45
2023-10-20#t13242w2,2023,45
2026-05-13#t3081w0,2026,45
2026-05-06#t2743w4,2026,45
2025-05-14#t2245w3,2025,45
2025-11-19#t1068w0,2025,45
2020-11-17#t25w7,2020,45
2026-03-20#t2234w4,2026,45
2026-05-14#t3192w6,2026,45
2025-05-28#t2811w2,2025,45
2023-05-11#t11774w4,2023,45
2024-06-06#t17660w2,2024,45
2026-05-14#t3191w0,2026,45
2025-11-20#t1098w0,2025,45
2024-12-12#t842w1,2024,45
2023-11-23#t14334w2,2023,45
2025-06-05#t3335w1,2025,45
2025-10-30#t439w0,2025,45
2025-10-24#t182w1,2025,45
2025-10-24#t125w0,2025,45
2026-05-13#t3071w3,2026,45
2020-12-15#t837w7,2020,45
2025-11-18#t1012w0,2025,45
2025-03-26#t1515w1,2025,45
2026-03-18#t2135w2,2026,45
2025-10-24#t168w0,2025,45
2025-05-14#t2245w0,2025,45
2025-03-19#t989w0,2025,45
2025-06-05#t3339w2,2025,45
2025-06-04#t3228w1,2025,45
2024-12-10#t630w0,2024,45
2025-10-21#t5w6,2025,45
2026-03-20#t2235w3,2026,45
2025-11-06#t745w0,2025,45
2025-05-06#t1716w0,2025,45
2025-05-14#t2331w7,2025,45
2026-03-26#t2546w6,2026,45
2025-05-30#t3040w2,2025,45
2025-05-29#t2912w2,2025,45
2025-06-04#t3161w0,2025,45
2025-11-04#t611w2,2025,45
2023-05-11#t11745w0,2023,45
2025-10-29#t378w0,2025,45
2025-06-05#t3342w5,2025,45
2024-05-07#t16118w0,2024,45
2025-05-15#t2456w1,2025,45
2023-05-17#t12036w5,2023,45
2023-11-02#t13868w0,2023,45
2025-05-30#t2961w0,2025,45
2026-05-07#t2774w0,2026,45
2026-03-20#t2234w0,2026,45
2025-11-19#t1037w0,2025,45
2025-03-18#t959w4,2025,45
2025-05-15#t2408w0,2025,45
2025-05-30#t2956w0,2025,45
2025-11-18#t1017w2,2025,45
2024-05-16#t16817w6,2024,45
2025-10-28#t230w0,2025,45
2026-03-24#t2324w1,2026,45
2025-05-29#t2923w1,2025,45
2025-05-29#t2885w0,2025,45
2026-03-20#t2154w0,2026,45
2025-11-06#t801w4,2025,42
2023-11-30#t14748w3,2023,42
2025-10-30#t535w1,2025,42
2026-03-25#t2355w0,2026,42
2026-05-13#t3019w0,2026,42
2025-10-30#t496w3,2025,42
2025-05-07#t1798w10,2025,40
2025-06-05#t3254w0,2025,40
2023-10-25#t13409w0,2023,40
2026-03-20#t2147w0,2026,40
2025-10-29#t396w9,2025,40
2023-11-02#t13868w3,2023,40
2025-10-28#t266w0,2025,40
2026-05-08#t2891w0,2026,40
2025-10-28#t299w6,2025,40
2024-11-28#t523w1,2024,40
2018-10-26#t140w0,2018,40
2025-12-02#t1361w0,2025,40
2025-10-24#t192w1,2025,40
2025-11-06#t811w1,2025,40
2025-12-03#t1416w0,2025,40
2022-11-16#t9255w0,2022,40
2025-11-06#t814w0,2025,40
2021-11-30#t4825w0,2021,40
2023-05-10#t11631w4,2023,40
2024-11-26#t240w0,2024,40
2025-12-05#t1622w4,2025,40
2025-05-28#t2784w1,2025,40
2024-05-16#t16817w2,2024,40
2025-05-27#t2568w0,2025,40
2026-05-07#t2834w0,2026,40
2025-03-25#t1358w1,2025,40
2025-11-07#t847w0,2025,40
2026-03-26#t2536w0,2026,40
2026-05-14#t3139w0,2026,40
2024-12-12#t842w4,2024,40
2025-03-27#t1537w0,2025,40
2026-03-20#t2228w1,2026,40
2025-10-30#t536w3,2025,40
2025-06-04#t3195w0,2025,40
2025-10-29#t400w7,2025,40
2023-06-13#t12655w0,2023,40
2025-11-18#t950w0,2025,40
2025-05-14#t2180w0,2025,40
2025-05-30#t3040w1,2025,40
2025-05-27#t2573w0,2025,40
2026-05-07#t2852w0,2026,40
2025-03-26#t1445w0,2025,40
2026-03-20#t2228w5,2026,40
2026-05-06#t2647w0,2026,40
2025-06-05#t3342w4,2025,40
2025-12-05#t1609w0,2025,40
2026-03-25#t2450w0,2026,40
2025-12-04#t1477w0,2025,40
2026-03-25#t2444w7,2026,40
2025-10-24#t191w4,2025,40
2026-03-25#t2394w0,2026,40
2026-05-13#t3085w0,2026,40
2026-03-20#t2234w1,2026,40
2023-03-24#t10952w0,2023,40
2023-11-02#t13868w1,2023,40
2025-05-14#t2331w5,2025,40
2026-03-17#t2032w2,2026,40
2025-12-02#t1313w0,2025,40
2025-10-30#t536w1,2025,40
2022-11-01#t8867w11,2022,40
2026-05-14#t3199w5,2026,40
2024-05-28#t17034w0,2024,40
2025-10-30#t431w0,2025,40
2024-12-10#t570w0,2024,40
2025-10-24#t191w5,2025,40
2025-05-28#t2783w3,2025,40
2025-11-05#t684w1,2025,40
2023-11-23#t14329w3,2023,40
2025-10-29#t408w0,2025,40
2023-11-30#t14719w4,2023,40
2024-12-12#t743w0,2024,40
2026-05-06#t2710w0,2026,40
2025-11-21#t1220w0,2025,40
2023-11-30#t14748w1,2023,40
2025-05-14#t2182w0,2025,40
2025-12-02#t1301w0,2025,40
2025-05-16#t2533w3,2025,40
2019-11-26#t2601w0,2019,40
2025-05-15#t2363w0,2025,40
2025-12-04#t1518w0,2025,40
2024-11-28#t537w1,2024,40
2025-05-13#t2032w0,2025,40
2025-03-26#t1515w4,2025,40
2025-05-14#t2245w5,2025,40
2026-03-20#t2235w5,2026,40
2025-10-29#t401w0,2025,40
2024-05-09#t16456w2,2024,40
2026-05-07#t2817w0,2026,40
2025-03-21#t1176w0,2025,40
2018-10-30#t218w0,2018,40
2025-12-04#t1515w0,2025,40
2025-11-19#t1030w0,2025,38
2025-11-21#t1286w0,2025,38
2022-10-25#t8570w1,2022,38
2023-10-26#t13553w2,2023,38
2025-10-29#t401w1,2025,38
2024-12-12#t738w0,2024,38
2025-10-24#t178w1,2025,38
2026-03-25#t2418w1,2026,38
2026-03-24#t2323w2,2026,38
2025-10-29#t313w0,2025,38
2025-11-20#t1194w2,2025,38
2025-06-04#t3150w0,2025,38
2023-12-05#t14921w0,2023,35
2025-11-05#t690w5,2025,35
2021-06-01#t3042w4,2021,35
2024-05-28#t17036w4,2024,35
2023-06-13#t12722w1,2023,35
2026-05-06#t2741w2,2026,35
2025-03-19#t994w0,2025,35
2024-12-12#t812w3,2024,35
2025-12-04#t1538w5,2025,35
2025-05-15#t2446w0,2025,35
2024-11-27#t347w0,2024,35
2025-05-14#t2312w0,2025,35
2025-05-30#t3017w0,2025,35
2023-05-11#t11766w6,2023,35
2024-11-19#t12w0,2024,35
2020-12-09#t524w0,2020,35
2026-05-14#t3116w0,2026,35
2018-10-31#t379w5,2018,35
2025-11-05#t687w2,2025,35
2021-06-10#t3537w0,2021,35
2025-05-08#t1912w1,2025,35
2026-03-25#t2349w0,2026,35
2025-05-28#t2713w0,2025,35
2025-11-07#t845w0,2025,35
2025-12-11#t1856w0,2025,35
2022-11-03#t9118w0,2022,35
2024-05-09#t16446w0,2024,35
2026-05-14#t3201w2,2026,35
2026-03-24#t2295w0,2026,35
2025-11-06#t799w2,2025,35
2023-10-24#t13340w13,2023,35
2026-05-07#t2805w0,2026,35
2026-03-26#t2548w4,2026,35
2026-05-07#t2839w0,2026,35
2025-03-27#t1620w1,2025,35
2026-05-07#t2851w2,2026,35
2026-03-26#t2539w0,2026,35
2025-10-29#t366w0,2025,35
2025-10-22#t101w7,2025,35
2023-10-24#t13279w0,2023,35
2025-11-05#t694w1,2025,35
2025-10-21#t4w7,2025,35
2024-05-17#t16933w0,2024,35
2025-12-05#t1622w0,2025,35
2018-10-26#t186w1,2018,35
2023-05-16#t11908w0,2023,35
2025-11-04#t608w1,2025,35
2021-12-01#t4875w0,2021,35
2019-11-27#t230w13,2019,35
2024-03-28#t16097w0,2024,35
2025-03-27#t1613w2,2025,35
2025-05-16#t2532w1,2025,35
2024-03-20#t15526w0,2024,35
2025-05-07#t1732w0,2025,35
2025-06-03#t3069w0,2025,35
2024-05-09#t16376w0,2024,35
2025-10-29#t407w2,2025,35
2024-03-19#t15510w1,2024,35
2019-05-10#t30w0,2019,35
2025-10-28#t265w0,2025,35
2025-12-12#t1956w0,2025,35
2025-03-19#t1096w5,2025,35
2026-03-20#t2156w0,2026,35
2025-03-19#t1135w2,2025,35
2025-10-24#t119w0,2025,35
2018-11-28#t933w0,2018,35
2019-11-22#t2480w0,2019,35
2023-10-17#t13055w3,2023,35
2023-10-25#t13431w0,2023,35
2025-12-10#t1722w0,2025,35
2025-05-08#t1896w1,2025,35
2025-05-08#t1892w0,2025,35
2025-11-07#t894w0,2025,35
2026-03-20#t2228w4,2026,35
2023-05-16#t11860w0,2023,35
2025-05-08#t1878w0,2025,35
2025-05-07#t1798w11,2025,35
2025-10-29#t322w0,2025,35
2025-11-18#t992w0,2025,35
2025-05-28#t2689w0,2025,35
2022-12-13#t10448w0,2022,35
2018-11-30#t988w3,2018,35
2026-03-27#t2558w4,2026,35
2025-11-05#t652w0,2025,35
2025-05-15#t2456w0,2025,35
2026-03-25#t2444w10,2026,35
2023-06-08#t12520w0,2023,35
2025-05-30#t3014w0,2025,35
2024-11-22#t225w6,2024,35
2025-03-18#t965w0,2025,35
2024-03-26#t15804w12,2024,35
2025-10-21#t4w4,2025,35
2025-05-14#t2312w2,2025,35
2024-03-27#t15922w0,2024,35
2022-11-22#t9639w0,2022,35
2025-05-28#t2808w0,2025,35
2025-06-05#t3330w2,2025,35
2018-11-28#t971w10,2018,35
2024-11-27#t444w9,2024,35
2024-05-07#t16185w0,2024,35
2025-12-05#t1572w0,2025,35
2021-05-21#t2939w5,2021,35
2021-05-12#t2226w8,2021,35
2025-11-06#t747w0,2025,35
2025-10-24#t191w3,2025,35
2025-05-28#t2694w0,2025,35
2026-05-06#t2714w0,2026,35
2025-05-28#t2701w0,2025,35
2026-03-24#t2244w0,2026,35
2025-11-18#t1017w3,2025,35
2025-10-21#t4w10,2025,35
2025-10-30#t483w0,2025,35
2024-11-26#t247w0,2024,35
2024-11-22#t143w0,2024,35
2026-03-26#t2481w0,2026,35
2026-03-24#t2292w0,2026,35
2024-11-27#t346w0,2024,35
2023-12-07#t15122w0,2023,35
2024-05-09#t16434w0,2024,35
2025-03-25#t1381w7,2025,35
2024-11-20#t44w0,2024,35
2025-05-15#t2358w0,2025,35
2025-05-27#t2646w0,2025,35
2026-03-20#t2207w1,2026,35
2026-05-05#t2622w0,2026,35
2023-05-11#t11747w0,2023,35
2023-11-28#t14510w0,2023,35
2026-05-14#t3109w0,2026,35
2025-05-07#t1780w0,2025,35
2025-03-26#t1515w6,2025,35
2025-05-28#t2707w0,2025,35
2022-10-28#t8767w6,2022,35
2024-12-11#t720w0,2024,35
2019-12-11#t3103w0,2019,35
2024-11-27#t349w0,2024,35
2023-12-07#t15201w3,2023,35
2025-06-05#t3342w2,2025,35
2024-11-19#t1w0,2024,35
2023-10-24#t13338w6,2023,35
2025-03-27#t1536w0,2025,35
2025-06-03#t3116w0,2025,35
2025-05-14#t2226w0,2025,35
2026-03-24#t2246w0,2026,35
2025-10-30#t496w2,2025,35
2022-10-06#t8336w1,2022,35
2025-06-03#t3137w6,2025,35
2025-05-09#t1950w0,2025,35
2026-03-25#t2338w0,2026,35
2025-03-19#t1071w1,2025,35
2025-11-05#t690w1,2025,35
2025-12-12#t1946w0,2025,35
2025-05-13#t2149w0,2025,35
2025-05-16#t2533w4,2025,35
2025-05-27#t2668w0,2025,35
2023-03-23#t10940w5,2023,35
2026-05-08#t2909w0,2026,35
2026-05-14#t3106w0,2026,35
2020-12-16#t1059w2,2020,35
2023-10-17#t13058w8,2023,35
2023-11-02#t13845w0,2023,35
2025-03-25#t1290w0,2025,35
2026-03-17#t2032w0,2026,35
2020-06-17#t4626w0,2020,35
2026-03-20#t2236w5,2026,35
2025-10-28#t262w0,2025,35
2025-05-08#t1830w0,2025,35
2025-10-24#t174w1,2025,35
2025-11-19#t1039w0,2025,35
2023-06-13#t12665w0,2023,35
2026-03-26#t2479w0,2026,35
2023-10-19#t13171w1,2023,35
2023-05-17#t12036w1,2023,35
2023-12-06#t15084w2,2023,35
2026-03-20#t2234w5,2026,35
2024-12-12#t752w0,2024,35
2025-05-29#t2906w3,2025,35
2025-10-24#t182w5,2025,35
2018-11-28#t967w4,2018,35
2024-11-19#t9w0,2024,35
2025-03-19#t1071w2,2025,35
2024-12-12#t739w0,2024,35
2025-05-14#t2331w8,2025,35
2026-05-07#t2811w0,2026,35
2025-06-05#t3306w0,2025,35
2025-11-04#t613w2,2025,35
2025-06-04#t3213w0,2025,35
2024-11-22#t227w9,2024,35
2021-11-23#t4512w0,2021,35
2025-10-22#t12w0,2025,35
2025-10-24#t171w3,2025,35
2025-03-25#t1394w0,2025,35
2025-03-18#t965w1,2025,35
2026-03-24#t2306w0,2026,35
2023-12-06#t15084w4,2023,35
2025-10-30#t535w2,2025,35
2024-12-12#t835w3,2024,35
2023-10-18#t13082w0,2023,35
2022-06-09#t7858w0,2022,35
2023-03-21#t10836w0,2023,35
2023-05-09#t11492w0,2023,35
2025-03-27#t1533w0,2025,35
2025-06-03#t3136w1,2025,35
2024-11-26#t304w8,2024,32
2024-03-28#t16078w3,2024,32
2025-05-14#t2186w0,2025,32
2022-11-24#t9835w1,2022,32
2025-03-26#t1515w7,2025,32
2022-11-01#t8795w0,2022,32
2022-05-12#t6866w1,2022,32
2025-06-05#t3330w0,2025,32
2026-05-07#t2835w1,2026,30
2025-12-04#t1550w3,2025,30
2025-12-04#t1468w0,2025,30
2025-12-09#t1633w0,2025,30
2025-03-27#t1594w1,2025,30
2025-12-11#t1863w0,2025,30
2022-10-04#t8057w0,2022,30
2018-11-23#t748w0,2018,30
2024-05-08#t16245w0,2024,30
2023-11-24#t14364w0,2023,30
2021-05-20#t2835w6,2021,30
2024-11-22#t208w0,2024,30
2024-11-22#t227w6,2024,30
2021-05-20#t2793w0,2021,30
2021-12-02#t5031w6,2021,30
2025-06-06#t3417w0,2025,30
2025-05-14#t2326w5,2025,30
2026-03-18#t2114w0,2026,30
2018-10-25#t120w3,2018,30
2019-11-19#t116w13,2019,30
2022-10-05#t8202w0,2022,30
2025-10-21#t4w3,2025,30
2020-12-09#t569w7,2020,30
2026-05-13#t3060w0,2026,30
2025-05-14#t2331w2,2025,30
2026-05-05#t2569w0,2026,30
2022-11-04#t9124w8,2022,30
2025-10-22#t27w0,2025,30
2025-12-05#t1569w0,2025,30
2022-06-09#t7857w0,2022,30
2025-05-29#t2907w8,2025,30
2023-11-30#t14720w2,2023,30
2023-12-05#t14859w0,2023,30
2024-05-08#t16247w0,2024,30
2024-11-26#t252w0,2024,30
2025-05-28#t2817w1,2025,30
2026-03-25#t2391w0,2026,30
2025-05-28#t2794w4,2025,30
2025-11-18#t993w0,2025,30
2025-11-21#t1265w0,2025,30
2026-05-06#t2657w0,2026,30
2022-10-27#t8685w5,2022,30
2024-12-11#t649w0,2024,30
2023-12-05#t14926w3,2023,30
2025-10-24#t116w0,2025,30
2026-03-24#t2309w2,2026,30
2021-11-05#t4181w0,2021,30
2025-11-04#t561w0,2025,30
2023-05-10#t11630w1,2023,30
2025-05-15#t2446w6,2025,30
2020-12-08#t430w1,2020,30
2025-05-15#t2438w0,2025,30
2026-03-26#t2544w4,2026,30
2023-10-25#t13354w0,2023,30
2025-12-10#t1742w0,2025,30
2025-06-06#t3365w0,2025,30
2025-06-05#t3339w0,2025,30
2025-05-09#t1996w0,2025,30
2025-10-29#t326w0,2025,30
2023-03-28#t11141w0,2023,30
2026-05-08#t2946w0,2026,30
2022-10-27#t8685w16,2022,30
2022-05-17#t7007w0,2022,30
2021-05-20#t2817w5,2021,30
2025-11-06#t801w1,2025,30
2019-05-14#t1614w0,2019,30
2026-05-13#t3093w0,2026,30
2025-11-05#t623w0,2025,30
2024-11-19#t9w2,2024,30
2024-06-06#t17597w0,2024,30
2026-03-18#t2062w0,2026,30
2025-03-27#t1626w1,2025,30
2023-10-24#t13337w5,2023,30
2026-05-08#t2899w0,2026,30
2025-05-08#t1854w0,2025,30
2025-12-04#t1550w6,2025,30
2023-05-18#t12136w2,2023,30
2022-12-06#t10028w0,2022,30
2019-05-31#t2128w0,2019,30
2025-11-21#t1233w0,2025,30
2025-03-18#t961w1,2025,30
2025-10-24#t182w4,2025,30
2025-06-03#t3115w0,2025,30
2025-11-06#t823w2,2025,30
2019-11-28#t2851w2,2019,30
2025-05-28#t2781w5,2025,30
2023-03-31#t11420w7,2023,30
2022-11-24#t9835w0,2022,30
2025-10-30#t489w0,2025,30
2025-03-27#t1542w0,2025,30
2025-06-03#t3122w0,2025,30
2018-11-01#t493w7,2018,30
2025-03-26#t1453w0,2025,30
2019-11-20#t2342w0,2019,30
2021-06-09#t3467w0,2021,30
2018-10-30#t278w5,2018,30
2025-12-12#t2028w1,2025,30
2019-12-20#t3699w1,2019,30
2025-03-27#t1602w5,2025,30
2022-11-24#t9841w7,2022,30
2018-11-28#t888w0,2018,30
2025-05-29#t2841w0,2025,30
2025-05-27#t2577w0,2025,30
2025-12-04#t1548w2,2025,30
2026-03-26#t2465w1,2026,30
2021-11-03#t3896w0,2021,30
2025-12-02#t1369w3,2025,30
2024-05-07#t16180w0,2024,30
2022-05-31#t7296w0,2022,30
2023-03-24#t10963w0,2023,30
2026-03-26#t2476w0,2026,30
2025-05-15#t2352w0,2025,30
2023-10-19#t13171w3,2023,30
2025-12-02#t1369w2,2025,30
2021-11-24#t4567w0,2021,30
2018-10-23#t19w3,2018,30
2023-11-23#t14329w2,2023,30
2022-05-11#t6602w0,2022,30
2024-11-27#t444w7,2024,30
2019-12-11#t3009w0,2019,30
2021-03-25#t1901w1,2021,30
2020-03-11#t3728w0,2020,30
2024-12-12#t812w4,2024,30
2025-11-06#t811w0,2025,30
2025-03-21#t1240w1,2025,30
2025-05-29#t2914w2,2025,30
2024-11-22#t223w2,2024,30
2025-11-06#t734w0,2025,30
2023-05-17#t11945w0,2023,30
2025-05-15#t2446w2,2025,30
2021-06-11#t3750w6,2021,30
2024-05-28#t16998w0,2024,30
2021-06-09#t3472w0,2021,30
2026-03-26#t2549w0,2026,30
2024-05-09#t16460w7,2024,30
2025-10-24#t177w0,2025,30
2025-05-27#t2665w3,2025,30
2025-11-18#t979w0,2025,30
2025-10-28#t299w2,2025,30
2025-06-05#t3260w0,2025,30
2018-12-11#t1081w3,2018,30
2022-10-25#t8570w5,2022,30
2026-03-25#t2418w6,2026,30
2024-05-29#t17128w0,2024,30
2022-11-15#t9144w0,2022,30
2025-05-08#t1819w0,2025,30
2025-05-28#t2800w1,2025,30
2025-11-20#t1194w3,2025,30
2024-04-02#t16105w11,2024,30
2018-11-30#t988w7,2018,30
2024-11-22#t223w6,2024,30
2025-11-21#t1239w0,2025,30
2023-03-28#t11135w0,2023,30
2025-05-08#t1900w1,2025,30
2024-11-22#t141w0,2024,30
2026-03-20#t2230w0,2026,30
2026-03-18#t2040w1,2026,30
2025-03-25#t1350w1,2025,30
2020-11-17#t29w1,2020,30
2025-05-08#t1820w0,2025,30
2020-12-15#t844w0,2020,30
2025-12-04#t1550w4,2025,30
2022-06-02#t7581w1,2022,30
2024-12-12#t749w0,2024,30
2025-11-05#t627w0,2025,30
2025-12-03#t1386w0,2025,30
2026-03-20#t2229w1,2026,30
2025-05-14#t2164w0,2025,30
2020-12-17#t1161w0,2020,30
2025-05-08#t1902w4,2025,30
2023-12-13#t15505w0,2023,30
2020-06-17#t4716w0,2020,30
2025-03-18#t958w0,2025,30
2025-03-25#t1350w0,2025,30
2021-12-09#t5430w0,2021,30
2026-05-07#t2838w2,2026,30
2025-06-04#t3220w0,2025,30
2019-11-20#t2350w0,2019,30
2019-12-17#t3362w0,2019,30
2026-03-27#t2558w8,2026,30
2024-05-31#t17281w0,2024,30
2025-05-28#t2800w3,2025,30
2025-06-06#t3440w11,2025,30
2026-03-24#t2311w1,2026,30
2024-11-22#t227w13,2024,30
2025-03-27#t1627w0,2025,30
2025-05-29#t2906w4,2025,30
2025-05-08#t1900w3,2025,30
2023-05-17#t11972w0,2023,30
2024-12-13#t853w0,2024,30
2025-12-04#t1557w0,2025,30
2026-05-06#t2699w0,2026,30
2025-11-21#t1225w0,2025,30
2025-06-05#t3333w4,2025,30
2025-12-02#t1303w0,2025,30
2021-12-09#t5553w5,2021,30
2026-03-17#t2036w0,2026,30
2025-05-28#t2783w0,2025,30
2025-12-11#t1793w0,2025,30
2023-05-11#t11774w1,2023,30
2025-10-30#t505w1,2025,30
2025-11-18#t1015w1,2025,30
2018-10-31#t379w0,2018,30
2021-03-23#t1713w4,2021,30
2022-11-01#t8869w10,2022,30
2025-05-27#t2647w1,2025,30
2026-03-18#t2059w0,2026,30
2023-06-16#t12965w0,2023,30
2021-12-17#t5937w0,2021,30
2026-05-14#t3200w0,2026,30
2023-12-07#t15192w1,2023,30
2026-03-25#t2453w3,2026,30
2024-12-13#t862w0,2024,30
2025-10-30#t477w0,2025,30
2025-06-04#t3149w0,2025,30
2023-11-23#t14334w1,2023,30
2024-12-12#t750w0,2024,30
2025-03-25#t1340w0,2025,30
2025-03-19#t999w0,2025,30
2024-06-06#t17622w1,2024,30
2025-05-15#t2438w4,2025,30
2024-05-28#t16965w0,2024,30
2025-06-05#t3333w2,2025,30
2019-11-19#t116w7,2019,30
2025-11-18#t1017w1,2025,30
2019-05-28#t1964w0,2019,30
2023-05-17#t11991w0,2023,30
2022-10-04#t8039w0,2022,30
2024-11-20#t94w0,2024,30
2024-05-09#t16460w3,2024,30
2026-03-26#t2465w0,2026,30
2023-11-23#t14329w4,2023,30
2018-11-20#t540w0,2018,30
2021-12-07#t5300w2,2021,30
2023-03-28#t11141w1,2023,30
2025-03-21#t1163w0,2025,30
2021-05-13#t2371w0,2021,30
2026-05-13#t3009w0,2026,30
2026-03-25#t2444w12,2026,30
2025-10-22#t102w1,2025,30
2022-12-08#t10229w0,2022,30
2026-05-13#t3017w0,2026,30
2025-11-04#t602w0,2025,30
2023-10-26#t13579w8,2023,30
2025-11-04#t613w1,2025,30
2018-11-20#t549w1,2018,30
2024-03-22#t15720w2,2024,30
2025-05-16#t2474w0,2025,30
2021-12-09#t5424w0,2021,30
2024-12-11#t658w0,2024,30
2025-12-03#t1418w0,2025,30
2023-03-21#t10839w7,2023,30
2025-06-05#t3330w5,2025,30
2025-06-04#t3188w0,2025,30
2025-10-29#t396w7,2025,30
2025-06-05#t3345w0,2025,30
2025-12-12#t1960w0,2025,30
2025-03-19#t1117w2,2025,30
2022-06-01#t7427w0,2022,30
2018-11-27#t843w1,2018,30
2024-12-10#t569w0,2024,30
2019-11-19#t116w6,2019,30
2024-05-08#t16345w4,2024,30
2022-05-10#t6542w0,2022,30
2025-03-18#t961w3,2025,30
2025-05-30#t2958w0,2025,30
2025-05-06#t1638w0,2025,30
2026-05-14#t3192w0,2026,30
2024-11-28#t512w0,2024,30
2024-05-16#t16817w4,2024,30
2025-11-05#t647w0,2025,30
2023-12-01#t14759w0,2023,30
2026-03-20#t2208w4,2026,30
2025-05-27#t2581w0,2025,30
2023-03-28#t11152w5,2023,30
2025-05-16#t2467w0,2025,30
2021-03-23#t1713w6,2021,30
2025-11-20#t1209w0,2025,30
2025-10-28#t289w4,2025,30
2023-11-21#t14032w0,2023,30
2025-12-02#t1370w0,2025,30
2021-05-12#t2226w1,2021,30
2025-12-11#t1926w2,2025,30
2021-11-04#t4005w0,2021,30
2021-11-05#t4205w0,2021,30
2024-11-19#t13w1,2024,30
2018-10-31#t379w13,2018,30
2019-12-10#t2885w0,2019,30
2025-05-29#t2831w0,2025,30
2026-03-18#t2133w0,2026,30
2023-05-10#t11580w0,2023,30
2025-11-20#t1164w0,2025,30
2023-05-19#t12204w0,2023,30
2020-12-09#t569w5,2020,30
2024-03-19#t15513w0,2024,30
2025-06-06#t3420w0,2025,30
2025-03-27#t1626w5,2025,30
2025-12-10#t1730w0,2025,30
2024-12-12#t842w0,2024,30
2026-05-13#t3095w5,2026,30
2025-10-22#t26w0,2025,30
2026-03-20#t2234w3,2026,30
2022-03-31#t6473w3,2022,30
2022-10-25#t8571w3,2022,30
2025-03-26#t1520w9,2025,30
2025-05-16#t2464w0,2025,30
2023-11-30#t14704w0,2023,30
2025-10-24#t192w2,2025,30
2025-03-20#t1157w1,2025,30
2021-11-04#t4055w0,2021,30
2025-05-15#t2362w0,2025,30
2025-05-06#t1707w2,2025,30
2024-03-27#t15956w0,2024,30
2023-11-21#t14084w1,2023,30
2020-11-17#t29w3,2020,30
2026-03-26#t2516w0,2026,30
2025-05-09#t2013w1,2025,30
2023-06-06#t12304w0,2023,30
2019-12-12#t281w0,2019,30
2026-05-07#t2823w1,2026,30
2025-10-24#t110w0,2025,30
2024-11-22#t131w0,2024,30
2023-11-02#t13852w5,2023,30
2025-05-09#t2013w0,2025,30
2024-03-27#t15965w0,2024,30
2025-03-19#t995w0,2025,30
2025-12-02#t1311w0,2025,30
2025-12-03#t1455w2,2025,30
2024-03-26#t15791w0,2024,30
2020-11-17#t28w0,2020,30
2025-11-18#t933w0,2025,30
2025-06-05#t3315w0,2025,30
2022-03-30#t6349w17,2022,30
2023-11-02#t13865w4,2023,30
2018-11-28#t971w0,2018,30
2025-10-21#t4w9,2025,30
2025-03-18#t964w0,2025,30
2025-03-18#t961w2,2025,30
2024-12-13#t861w0,2024,30
2022-11-24#t9803w5,2022,30
2025-11-20#t1162w0,2025,30
2019-03-22#t1286w0,2019,30
2023-03-30#t11395w0,2023,30
2021-12-03#t5119w0,2021,30
2025-05-14#t2336w3,2025,30
2024-12-11#t685w0,2024,30
2021-11-25#t4718w2,2021,30
2025-05-07#t1729w0,2025,30
2019-12-12#t328w0,2019,30
2022-05-11#t6714w0,2022,30
2026-03-25#t2446w1,2026,28
2022-11-03#t9066w0,2022,28
2024-03-22#t15625w0,2024,28
2025-10-28#t214w0,2025,28
2019-11-27#t195w0,2019,28
2023-05-09#t11509w1,2023,28
2025-06-06#t3376w0,2025,28
2020-05-26#t4090w0,2020,28
2020-12-10#t644w0,2020,28
2023-06-07#t12401w0,2023,28
2025-05-06#t1689w0,2025,28
2024-11-28#t452w0,2024,28
2023-10-24#t13340w8,2023,28
2022-10-25#t8569w6,2022,28
2024-11-19#t9w1,2024,28
2018-10-23#t19w4,2018,28
2019-12-10#t2958w2,2019,28
2025-11-20#t1103w0,2025,28
2024-04-02#t16105w7,2024,28
2018-11-20#t549w0,2018,28
2025-12-11#t1862w0,2025,28
2024-11-26#t315w0,2024,28
2026-03-17#t2036w4,2026,28
2025-03-27#t1540w0,2025,28
2024-05-30#t17160w0,2024,28
2025-05-28#t2771w0,2025,28
2023-11-21#t14035w0,2023,28
2023-11-01#t13691w0,2023,28
2023-03-29#t11271w2,2023,28
2026-03-25#t2350w0,2026,28
2023-10-25#t13455w13,2023,28
2024-12-10#t608w0,2024,28
2024-12-13#t930w0,2024,28
2025-12-05#t1560w0,2025,28
2026-05-08#t2924w0,2026,26
2025-12-09#t1686w0,2025,26
2023-10-25#t13463w8,2023,25
2021-06-01#t3043w3,2021,25
2022-03-29#t6258w0,2022,25
2025-03-19#t1096w0,2025,25
2021-05-12#t2209w1,2021,25
2023-06-08#t12449w0,2023,25
2022-05-19#t7191w1,2022,25
2019-11-22#t2562w4,2019,25
2022-03-31#t6453w2,2022,25
2025-03-21#t1169w0,2025,25
2021-05-20#t2743w0,2021,25
2021-03-17#t1512w2,2021,25
2025-03-26#t1520w10,2025,25
2025-10-31#t540w2,2025,25
2024-05-08#t16283w0,2024,25
2024-03-19#t15515w3,2024,25
2024-06-04#t17364w0,2024,25
2018-11-28#t940w2,2018,25
2019-11-22#t2549w0,2019,25
2022-12-08#t10355w2,2022,25
2025-05-16#t2524w0,2025,25
2023-05-19#t12263w0,2023,25
2025-10-29#t320w0,2025,25
2025-11-21#t1227w0,2025,25
2026-05-07#t2834w1,2026,25
2023-11-23#t14259w0,2023,25
2025-12-10#t1733w0,2025,25
2025-12-10#t1772w0,2025,25
2023-11-30#t14719w0,2023,25
2025-05-07#t1734w0,2025,25
2026-03-26#t2546w7,2026,25
2020-12-09#t569w8,2020,25
2025-03-25#t1381w4,2025,25
2022-05-17#t6958w0,2022,25
2025-10-30#t507w0,2025,25
2018-10-30#t283w0,2018,25
2026-05-06#t2689w0,2026,25
2026-03-27#t2556w1,2026,25
2025-03-19#t986w0,2025,25
2022-03-29#t6184w0,2022,25
2025-05-16#t2531w1,2025,25
2020-12-17#t1161w1,2020,25
2023-10-25#t13378w0,2023,25
2025-11-21#t1267w0,2025,25
2024-03-22#t15716w13,2024,25
2023-10-25#t13464w0,2023,25
2026-05-07#t2873w2,2026,25
2023-06-07#t12434w0,2023,25
2025-03-26#t1459w0,2025,25
2024-03-27#t15940w1,2024,25
2023-10-24#t13338w10,2023,25
2025-03-27#t1526w0,2025,25
2022-11-01#t8867w4,2022,25
2024-05-09#t16403w0,2024,25
2025-03-19#t1071w3,2025,25
2026-03-25#t2425w1,2026,25
2022-12-16#t10807w2,2022,25
2023-12-01#t14762w0,2023,25
2023-03-30#t11369w6,2023,25
2025-10-29#t397w8,2025,25
2026-03-20#t2200w0,2026,25
2026-03-24#t2310w4,2026,25
2022-05-13#t6890w0,2022,25
2025-03-19#t1133w4,2025,25
2023-10-26#t13579w7,2023,25
2019-12-12#t360w1,2019,25
2024-11-28#t542w6,2024,25
2023-06-15#t12843w0,2023,25
2023-12-07#t15215w1,2023,25
2024-05-08#t16348w1,2024,25
2019-11-20#t2458w1,2019,25
2025-05-13#t2088w0,2025,25
2021-03-24#t1730w0,2021,25
2025-05-30#t2960w0,2025,25
2021-03-23#t1638w0,2021,25
2025-05-28#t2784w2,2025,25
2025-05-29#t2834w0,2025,25
2024-06-07#t17752w0,2024,25
2021-12-01#t4873w0,2021,25
2025-06-03#t3140w1,2025,25
2018-11-23#t660w0,2018,25
2025-05-27#t2569w0,2025,25
2023-12-06#t14993w0,2023,25
2025-03-18#t958w1,2025,25
2025-10-28#t280w5,2025,25
2025-03-27#t1602w2,2025,25
2022-10-26#t8653w0,2022,25
2021-03-17#t1457w0,2021,25
2018-11-23#t655w0,2018,25
2018-10-30#t289w2,2018,25
2019-11-28#t2795w0,2019,25
2021-05-21#t2952w1,2021,25
2020-12-18#t1212w0,2020,25
2025-11-07#t853w0,2025,25
2024-06-07#t17775w2,2024,25
2019-12-20#t3582w0,2019,25
2026-03-24#t2318w3,2026,25
2022-10-25#t8569w7,2022,25
2020-12-17#t1122w0,2020,25
2023-06-08#t12537w3,2023,25
2025-11-04#t578w0,2025,25
2022-11-03#t9019w0,2022,25
2026-03-17#t2033w0,2026,25
2025-10-24#t171w4,2025,25
2026-05-07#t2832w3,2026,25
2025-06-06#t3368w0,2025,25
2024-05-28#t16956w0,2024,25
2019-11-26#t2688w5,2019,25
2020-06-18#t4730w0,2020,25
2021-02-12#t1310w0,2021,25
2022-11-01#t8784w0,2022,25
2021-05-21#t2857w0,2021,25
2020-12-15#t837w2,2020,25
2026-03-26#t2554w0,2026,25
2022-10-25#t8570w0,2022,25
2024-11-29#t546w2,2024,25
2022-11-16#t9260w0,2022,25
2018-10-31#t386w10,2018,25
2024-03-28#t16066w1,2024,25
2019-11-19#t117w0,2019,25
2020-12-15#t770w0,2020,25
2024-06-06#t17626w2,2024,25
2023-12-01#t14764w0,2023,25
2023-10-27#t13587w8,2023,25
2024-05-17#t16949w3,2024,25
2020-06-17#t4706w0,2020,25
2021-05-21#t2943w1,2021,25
2021-02-12#t1381w0,2021,25
2022-12-09#t10385w0,2022,25
2023-03-22#t10852w0,2023,25
2023-12-06#t15084w5,2023,25
2026-05-06#t2651w0,2026,25
2025-06-04#t3156w0,2025,25
2022-05-12#t6846w0,2022,25
2026-03-25#t2340w0,2026,25
2024-11-26#t304w2,2024,25
2024-05-07#t16122w0,2024,25
2024-03-19#t15511w1,2024,25
2021-12-08#t5313w0,2021,25
2021-11-10#t4377w0,2021,25
2023-12-12#t15373w3,2023,25
2022-03-31#t6453w0,2022,25
2025-05-09#t1952w0,2025,25
2022-11-02#t8894w0,2022,25
2018-10-26#t186w2,2018,25
2025-03-19#t1051w1,2025,25
2025-05-08#t1927w2,2025,25
2025-06-03#t3137w1,2025,25
2024-12-13#t933w0,2024,25
2022-11-02#t8951w3,2022,25
2024-11-28#t542w3,2024,25
2025-12-03#t1402w0,2025,25
2020-12-10#t682w0,2020,25
2023-03-24#t10964w0,2023,25
2022-05-12#t6811w1,2022,25
2025-03-25#t1277w0,2025,25
2024-03-26#t15742w0,2024,25
2022-06-02#t7581w3,2022,25
2018-11-01#t475w3,2018,25
2025-06-06#t3440w5,2025,25
2021-11-26#t4732w0,2021,25
2025-05-30#t3032w0,2025,25
2021-06-08#t3388w0,2021,25
2019-05-08#t1502w0,2019,25
2018-10-26#t199w8,2018,25
2019-11-22#t2530w0,2019,25
2026-03-25#t2451w0,2026,25
2022-11-17#t9438w0,2022,25
2025-05-14#t2189w0,2025,25
2021-12-08#t5374w1,2021,25
2025-12-03#t1455w0,2025,25
2021-12-16#t5909w4,2021,25
2025-11-06#t791w0,2025,25
2026-05-08#t2892w0,2026,25
2018-11-01#t507w2,2018,25
2024-05-30#t17143w0,2024,25
2021-05-21#t2943w2,2021,25
2022-10-26#t8603w0,2022,25
2025-10-29#t404w1,2025,25
2025-05-15#t2443w4,2025,25
2020-06-16#t4580w0,2020,25
2024-12-11#t719w2,2024,25
2022-05-12#t6757w0,2022,25
2022-10-06#t8332w3,2022,25
2024-03-28#t16007w6,2024,25
2023-10-24#t13337w3,2023,25
2021-06-01#t2979w0,2021,25
2021-12-15#t5750w0,2021,25
2024-12-11#t713w1,2024,25
2024-11-27#t439w3,2024,25
2020-03-11#t3790w0,2020,25
2025-12-04#t1525w3,2025,25
2024-11-28#t545w6,2024,25
2026-03-25#t2372w0,2026,25
2021-06-01#t2974w0,2021,25
2025-10-30#t453w0,2025,25
2018-12-11#t1065w2,2018,25
2025-06-03#t3136w3,2025,25
2026-05-13#t3013w0,2026,25
2024-11-27#t444w4,2024,25
2022-05-20#t7272w0,2022,25
2019-12-13#t3152w0,2019,25
2024-12-13#t896w0,2024,25
2023-10-17#t13052w4,2023,25
2023-12-06#t14961w0,2023,25
2025-03-21#t1177w0,2025,25
2023-10-24#t13268w0,2023,25
2026-03-20#t2214w7,2026,25
2023-10-26#t13564w2,2023,25
2018-11-01#t467w12,2018,25
2021-11-03#t3895w0,2021,25
2021-05-21#t2847w0,2021,25
2021-11-25#t4689w0,2021,25
2026-05-06#t2645w0,2026,25
2025-05-27#t2659w0,2025,25
2022-12-06#t10059w0,2022,25
2025-05-08#t1912w0,2025,25
2024-05-30#t17142w0,2024,25
2021-02-12#t1330w0,2021,25
2024-05-09#t16450w6,2024,25
2022-10-04#t8056w0,2022,25
2019-11-28#t2842w0,2019,25
2021-12-10#t5569w0,2021,25
2021-05-18#t2575w0,2021,25
2025-05-14#t2326w7,2025,25
2025-06-06#t3370w0,2025,25
2025-10-29#t396w10,2025,25
2026-03-25#t2444w6,2026,25
2023-11-28#t14517w5,2023,25
2022-05-10#t6554w0,2022,25
2021-05-19#t2726w0,2021,25
2025-05-15#t2443w5,2025,25
2025-05-14#t2341w0,2025,25
2023-11-21#t14084w0,2023,25
2023-03-29#t11254w4,2023,25
2023-06-15#t12904w0,2023,25
2019-11-22#t2562w2,2019,25
2020-06-17#t4695w1,2020,25
2022-11-18#t9555w0,2022,25
2023-10-24#t13337w6,2023,25
2022-12-09#t10388w0,2022,25
2024-04-02#t16105w4,2024,25
2022-11-03#t9104w3,2022,25
2026-03-25#t2444w4,2026,25
2022-05-12#t6765w0,2022,25
2025-03-25#t1350w2,2025,25
2020-11-17#t26w2,2020,25
2025-05-09#t2012w5,2025,25
2025-03-21#t1180w0,2025,25
2019-11-19#t116w9,2019,25
2021-11-10#t4332w0,2021,25
2022-03-25#t6162w2,2022,25
2021-12-01#t4924w1,2021,25
2026-05-06#t2668w0,2026,25
2018-11-02#t520w10,2018,25
2023-05-19#t12267w2,2023,25
2025-11-04#t599w0,2025,25
2019-11-27#t188w0,2019,25
2023-10-17#t13053w1,2023,25
2021-03-16#t1427w3,2021,25
2026-03-24#t2298w0,2026,25
2022-05-12#t6866w3,2022,25
2024-03-27#t15856w0,2024,25
2026-03-20#t2216w8,2026,25
2025-05-29#t2888w0,2025,25
2024-12-10#t555w0,2024,25
2021-05-18#t2500w0,2021,25
2025-03-21#t1263w3,2025,25
2024-11-20#t106w0,2024,25
2025-06-03#t3137w0,2025,25
2023-11-23#t14334w3,2023,25
2022-10-05#t8155w0,2022,25
2023-11-30#t14705w0,2023,25
2023-10-27#t13587w6,2023,25
2025-05-08#t1900w5,2025,25
2024-03-27#t15861w0,2024,25
2023-03-29#t11231w0,2023,25
2025-06-05#t3342w3,2025,25
2023-03-22#t10864w0,2023,25
2025-11-06#t743w0,2025,25
2026-03-24#t2301w0,2026,25
2025-11-05#t631w0,2025,25
2018-10-24#t91w0,2018,25
2025-05-27#t2582w0,2025,25
2019-11-29#t2861w30,2019,25
2025-03-18#t962w2,2025,25
2023-03-31#t11420w10,2023,25
2019-12-10#t2965w1,2019,25
2025-05-07#t1726w0,2025,25
2024-05-16#t16818w4,2024,25
2025-05-08#t1912w2,2025,25
2018-11-20#t544w0,2018,25
2025-03-19#t1096w4,2025,25
2025-11-04#t545w0,2025,25
2023-05-11#t11774w6,2023,25
2019-12-13#t3232w1,2019,25
2022-05-17#t6966w0,2022,25
2025-03-27#t1625w0,2025,25
2020-06-17#t4664w0,2020,25
2024-06-05#t17522w0,2024,25
2023-12-05#t14862w0,2023,25
2020-12-17#t1169w0,2020,25
2021-03-25#t1970w9,2021,25
2024-05-09#t16431w0,2024,25
2021-11-26#t4741w0,2021,25
2020-11-17#t26w1,2020,25
2024-11-26#t304w10,2024,25
2025-06-06#t3440w8,2025,25
2025-10-22#t43w0,2025,25
2025-03-25#t1381w6,2025,25
2026-03-25#t2418w0,2026,25
2025-05-30#t2943w0,2025,25
2024-03-19#t15511w4,2024,25
2025-06-04#t3166w0,2025,25
2024-03-20#t15540w0,2024,25
2025-03-26#t1461w2,2025,25
2024-11-22#t227w10,2024,25
2021-03-23#t1713w3,2021,25
2021-05-20#t2742w0,2021,25
2019-12-13#t3159w0,2019,25
2026-03-20#t2236w7,2026,25
2023-10-24#t13276w0,2023,25
2025-12-05#t1563w0,2025,25
2025-05-13#t2042w0,2025,25
2022-10-27#t8685w15,2022,25
2023-11-28#t14448w0,2023,25
2025-12-11#t1801w0,2025,25
2020-12-17#t1196w1,2020,25
2022-10-12#t8514w0,2022,25
2025-12-11#t1865w0,2025,25
2024-11-28#t454w0,2024,25
2022-10-25#t8573w3,2022,25
2023-06-13#t12659w0,2023,25
2026-05-07#t2763w0,2026,25
2021-03-17#t1452w0,2021,25
2018-11-30#t988w8,2018,25
2020-11-18#t120w0,2020,25
2026-03-26#t2510w0,2026,25
2024-03-22#t15616w0,2024,25
2018-11-23#t757w12,2018,25
2025-05-29#t2882w0,2025,25
2021-05-20#t2817w1,2021,25
2026-03-25#t2403w0,2026,25
2025-05-13#t2102w1,2025,25
2024-11-19#t13w0,2024,25
2019-12-11#t3011w0,2019,25
2026-03-17#t2035w1,2026,25
2026-03-25#t2410w0,2026,25
2025-12-11#t1803w0,2025,25
2025-03-21#t1247w2,2025,25
2024-03-20#t15523w0,2024,25
2026-03-20#t2202w0,2026,25
2018-11-20#t541w0,2018,25
2025-03-26#t1411w0,2025,25
2023-11-29#t14637w1,2023,25
2021-12-15#t5744w0,2021,25
2021-06-03#t3194w0,2021,25
2024-12-11#t723w0,2024,25
2024-03-27#t15833w1,2024,25
2023-06-09#t12644w1,2023,25
2020-12-15#t783w0,2020,25
2023-12-12#t15315w0,2023,25
2018-11-21#t646w0,2018,25
2023-05-11#t11784w0,2023,25
2026-05-07#t2832w2,2026,25
2024-11-19#t9w4,2024,25
2025-11-05#t694w2,2025,25
2021-06-11#t3745w0,2021,25
2025-11-20#t1189w0,2025,25
2024-05-17#t16937w0,2024,25
2025-03-27#t1601w2,2025,25
2024-05-07#t16225w1,2024,25
2023-10-24#t13344w4,2023,25
2022-10-12#t8518w0,2022,25
2026-05-14#t3103w0,2026,25
2022-10-06#t8336w3,2022,25
2023-10-24#t13340w7,2023,25
2025-05-30#t2942w0,2025,25
2021-06-01#t3032w15,2021,25
2025-03-18#t959w3,2025,25
2024-11-28#t537w0,2024,25
2020-06-18#t4740w0,2020,25
2024-05-17#t16929w0,2024,25
2023-10-17#t13054w1,2023,25
2020-12-15#t837w10,2020,25
2021-05-12#t2205w6,2021,25
2024-05-15#t16647w0,2024,25
2023-03-30#t11395w4,2023,25
2025-05-06#t1692w0,2025,25
2025-11-21#t1276w0,2025,25
2024-05-31#t17331w0,2024,25
2022-10-04#t8054w0,2022,25
2024-03-28#t16090w1,2024,25
2022-12-07#t10173w0,2022,25
2024-06-07#t17774w5,2024,25
2025-03-27#t1587w0,2025,24
2026-03-24#t2324w2,2026,24
2025-06-05#t3333w5,2025,24
2025-05-07#t1777w0,2025,22
2025-12-03#t1454w1,2025,22
2023-06-16#t12966w0,2023,22
2022-12-15#t10727w2,2022,22
2023-03-29#t11261w6,2023,22
2020-12-10#t663w0,2020,22
2023-10-17#t13054w3,2023,22
2020-06-16#t4536w0,2020,22
2025-05-16#t2470w0,2025,22
2022-10-26#t8666w0,2022,22
2021-11-02#t3854w0,2021,22
2021-03-17#t1509w0,2021,22
2021-06-01#t3043w2,2021,22
2026-05-13#t3015w0,2026,22
2025-03-19#t1135w0,2025,22
2021-06-10#t3533w0,2021,22
2026-05-13#t3042w0,2026,22
2023-06-06#t12309w0,2023,22
2025-05-28#t2693w0,2025,22
2021-12-08#t5374w4,2021,22
2025-12-10#t1728w0,2025,22
2020-06-17#t4675w0,2020,22
2022-10-28#t8697w0,2022,22
2025-03-25#t1393w4,2025,22
2021-03-16#t1427w2,2021,22
2026-05-14#t3112w0,2026,22
2021-03-16#t1430w0,2021,22
2025-05-15#t2438w5,2025,22
2020-06-11#t4423w0,2020,22
2026-03-24#t2310w1,2026,22
2021-05-20#t2817w3,2021,22
2019-11-19#t118w1,2019,22
2025-05-06#t1698w0,2025,22
2025-11-06#t775w0,2025,22
2025-11-06#t754w0,2025,22
2021-12-08#t5319w0,2021,22
2025-05-30#t3024w1,2025,22
2021-12-02#t5048w4,2021,22
2025-12-11#t1852w0,2025,22
2021-12-07#t5299w1,2021,22
2026-03-25#t2395w0,2026,22
2025-06-03#t3068w0,2025,22
2023-05-19#t12291w3,2023,22
2019-11-28#t2827w0,2019,22
2025-05-07#t1723w0,2025,22
2024-05-10#t16488w0,2024,22
2022-05-11#t6688w0,2022,22
2025-05-27#t2645w1,2025,22
2019-05-28#t1956w0,2019,22
2021-06-10#t3545w0,2021,22
2018-11-21#t553w0,2018,22
2026-05-06#t2709w0,2026,22
2025-11-04#t548w0,2025,22
2023-10-17#t13058w6,2023,22
2019-05-08#t1454w0,2019,22
2025-06-06#t3373w0,2025,22
2023-06-14#t12751w0,2023,22
2021-06-03#t3193w0,2021,22
2018-11-01#t502w2,2018,22
2022-03-29#t6170w0,2022,22
2024-03-19#t15516w2,2024,22
2021-03-25#t1954w2,2021,22
2025-11-05#t638w0,2025,22
2023-10-25#t13396w0,2023,22
2022-10-26#t8591w0,2022,22
2023-06-13#t12674w0,2023,22
2018-10-26#t193w15,2018,22
2025-10-24#t180w13,2025,22
2024-03-22#t15673w0,2024,22
2025-10-31#t539w2,2025,22
2023-10-17#t13053w0,2023,22
2021-06-03#t3258w1,2021,22
2021-03-23#t1620w2,2021,22
2021-05-11#t2014w0,2021,22
2025-12-11#t1805w0,2025,22
2021-12-09#t5482w2,2021,22
2025-05-27#t2665w2,2025,22
2025-05-30#t3003w0,2025,22
2025-05-16#t2533w6,2025,22
2025-06-06#t3426w0,2025,22
2023-05-17#t11949w0,2023,22
2020-12-17#t1200w0,2020,22
2024-05-07#t16128w0,2024,22
2018-11-01#t495w3,2018,22
2026-03-20#t2153w0,2026,22
2018-10-31#t397w0,2018,22
2021-05-11#t2113w1,2021,22
2020-11-17#t29w2,2020,22
2020-06-10#t4386w0,2020,22
2019-05-31#t2179w0,2019,22
2023-03-24#t10962w0,2023,22
2022-11-25#t9867w0,2022,22
2022-11-25#t9939w1,2022,22
2018-10-24#t24w0,2018,22
2023-03-28#t11137w0,2023,22
2021-12-17#t5953w0,2021,22
2023-10-27#t13587w1,2023,22
2024-11-27#t406w8,2024,22
2023-05-16#t11887w0,2023,22
2022-11-03#t9119w2,2022,22
2026-03-25#t2379w0,2026,22
2021-03-16#t1428w0,2021,22
2022-11-22#t9594w0,2022,22
2023-11-03#t13954w0,2023,22
2024-05-30#t17157w0,2024,22
2026-05-07#t2759w0,2026,22
2023-03-30#t11284w0,2023,22
2019-03-19#t5w9,2019,22
2019-11-27#t238w14,2019,22
2022-11-18#t9507w0,2022,22
2025-12-12#t2001w1,2025,22
2021-12-07#t5299w3,2021,22
2019-12-13#t3156w0,2019,22
2025-05-27#t2570w0,2025,22
2025-05-06#t1707w0,2025,22
2020-12-09#t509w0,2020,22
2024-03-19#t15512w0,2024,22
2022-05-20#t7234w0,2022,22
2024-06-07#t17775w0,2024,22
2021-11-24#t4561w0,2021,22
2022-10-06#t8343w2,2022,22
2019-11-26#t2695w6,2019,22
2022-12-14#t10538w0,2022,22
2025-03-18#t962w3,2025,22
2025-03-27#t1627w2,2025,22
2021-11-04#t4110w4,2021,22
2024-05-09#t16408w0,2024,22
2026-03-20#t2207w0,2026,22
2024-11-26#t335w3,2024,22
2021-05-19#t2604w0,2021,22
2025-11-20#t1104w0,2025,22
2024-05-08#t16345w1,2024,22
2023-05-12#t11845w0,2023,22
2025-03-26#t1510w1,2025,22
2024-05-17#t16951w1,2024,22
2022-10-04#t8117w0,2022,22
2021-12-02#t4943w0,2021,22
2022-03-30#t6330w2,2022,22
2020-06-17#t4622w0,2020,22
2024-03-28#t16066w0,2024,22
2023-05-19#t12267w4,2023,22
2022-12-07#t10089w0,2022,22
2023-11-02#t13852w3,2023,22
2020-06-18#t4822w0,2020,22
2025-12-12#t2004w0,2025,22
2022-11-02#t8956w1,2022,22
2026-03-18#t2096w0,2026,22
2021-06-11#t3697w0,2021,22
2022-12-08#t10355w3,2022,22
2025-03-21#t1168w0,2025,22
2020-12-11#t702w0,2020,22
2024-06-07#t17773w1,2024,22
2026-03-25#t2337w0,2026,22
2025-12-12#t1959w0,2025,22
2023-05-10#t11536w0,2023,22
2025-11-05#t687w1,2025,22
2022-11-02#t8938w0,2022,22
2022-12-06#t9970w0,2022,22
2022-10-28#t8758w4,2022,22
2023-03-24#t10957w0,2023,22
2024-12-12#t818w5,2024,22
2024-03-19#t15516w0,2024,22
2025-10-24#t188w2,2025,22
2022-11-22#t9599w0,2022,22
2023-03-28#t11075w0,2023,22
2022-12-15#t10727w3,2022,22
2025-03-26#t1514w4,2025,22
2019-12-11#t3113w1,2019,22
2024-03-22#t15719w2,2024,22
2024-05-09#t16437w0,2024,22
2021-03-24#t1810w0,2021,22
2021-12-10#t5576w0,2021,22
2019-12-11#t3090w2,2019,22
2023-10-25#t13455w14,2023,22
2025-11-19#t1023w0,2025,22
2025-10-22#t24w0,2025,22
2025-11-04#t553w0,2025,22
2025-11-18#t1012w1,2025,22
2022-11-24#t9796w2,2022,22
2022-05-12#t6866w0,2022,22
2025-10-28#t289w2,2025,22
2026-05-08#t2896w0,2026,22
2019-05-16#t1826w0,2019,22
2020-12-10#t671w1,2020,22
2022-11-15#t9227w1,2022,22
2021-12-02#t5031w5,2021,22
2018-11-30#t988w5,2018,22
2025-10-21#t6w4,2025,22
2025-03-25#t1358w0,2025,22
2019-12-19#t3533w0,2019,22
2022-11-23#t9701w0,2022,22
2023-10-26#t13553w0,2023,22
2024-11-27#t409w5,2024,22
2021-05-12#t2124w0,2021,22
2024-12-11#t709w0,2024,22
2025-11-04#t555w0,2025,22
2025-10-29#t404w0,2025,22
2022-12-06#t10037w0,2022,22
2021-03-24#t1821w9,2021,22
2024-05-30#t17141w0,2024,22
2025-03-18#t960w0,2025,22
2024-11-20#t108w0,2024,22
2020-12-17#t1161w2,2020,22
2023-11-30#t14730w2,2023,22
2022-11-04#t9124w5,2022,22
2021-06-10#t3544w0,2021,22
2020-12-17#t1089w0,2020,22
2024-03-28#t16079w6,2024,22
2024-05-07#t16115w0,2024,22
2025-10-30#t427w0,2025,22
2025-12-05#t1622w3,2025,22
2019-11-26#t2674w0,2019,22
2023-11-30#t14730w1,2023,22
2022-05-10#t6566w0,2022,22
2025-03-27#t1590w0,2025,22
2020-03-10#t3703w3,2020,22
2020-12-17#t1161w3,2020,22
2024-05-29#t17106w0,2024,22
2021-06-10#t3616w0,2021,22
2025-06-05#t3330w3,2025,22
2018-10-30#t226w0,2018,22
2023-03-29#t11177w0,2023,22
2018-10-24#t68w0,2018,22
2022-10-06#t8332w4,2022,22
2018-10-26#t193w6,2018,22
2026-03-24#t2262w0,2026,22
2019-11-26#t2678w0,2019,22
2025-11-18#t1008w0,2025,22
2026-03-20#t2159w0,2026,22
2018-11-20#t538w0,2018,22
2023-11-02#t13883w2,2023,22
2026-03-26#t2543w0,2026,22
2025-10-30#t511w1,2025,22
2022-11-03#t9100w1,2022,22
2020-12-08#t426w6,2020,22
2025-11-07#t902w1,2025,22
2024-12-13#t848w0,2024,22
2025-12-03#t1391w0,2025,22
2023-06-08#t12502w0,2023,22
2024-03-27#t15936w2,2024,22
2022-06-10#t8002w0,2022,22
2019-12-11#t3090w0,2019,22
2024-05-16#t16746w0,2024,22
2025-10-28#t299w5,2025,22
2021-12-02#t5048w0,2021,22
2019-12-11#t3016w0,2019,22
2025-06-04#t3162w0,2025,22
2021-03-18#t1527w6,2021,22
2019-11-22#t2484w0,2019,22
2026-05-13#t3086w4,2026,22
2018-10-23#t13w0,2018,22
2019-05-14#t1565w0,2019,22
2025-12-10#t1778w0,2025,22
2024-05-28#t17036w1,2024,22
2020-12-09#t455w0,2020,22
2021-12-02#t4948w0,2021,22
2023-12-01#t14802w0,2023,22
2025-11-19#t1065w0,2025,22
2021-11-25#t4699w0,2021,22
2022-11-24#t9841w2,2022,22
2021-06-02#t3062w0,2021,22
2023-11-23#t14334w0,2023,22
2021-11-30#t4822w0,2021,22
2022-10-06#t8343w0,2022,22
2022-11-22#t9598w0,2022,22
2024-03-26#t15734w0,2024,22
2022-10-06#t8336w0,2022,22
2021-05-13#t2259w0,2021,22
2025-06-04#t3216w0,2025,22
2019-03-29#t9w10,2019,22
2026-03-25#t2444w2,2026,22
2023-12-06#t15003w0,2023,22
2024-03-28#t16079w0,2024,22
2022-10-25#t8573w4,2022,22
2025-12-09#t1634w0,2025,22
2023-11-30#t14719w5,2023,22
2023-10-17#t13058w10,2023,22
2024-05-28#t16963w0,2024,22
2019-03-19#t4w1,2019,22
2025-12-11#t1926w5,2025,22
2024-05-16#t16830w3,2024,22
2026-03-24#t2310w0,2026,22
2025-05-07#t1805w4,2025,22
2022-11-04#t9124w3,2022,22
2023-10-26#t13579w2,2023,22
2022-12-08#t10368w3,2022,22
2025-12-09#t1693w0,2025,22
2022-05-19#t7153w1,2022,22
2018-11-20#t542w0,2018,22
2023-03-30#t11395w1,2023,22
2021-06-08#t3392w0,2021,22
2023-10-17#t13058w7,2023,22
2021-03-16#t1426w0,2021,22
2022-06-08#t7809w0,2022,22
2020-12-17#t1091w0,2020,22
2020-11-17#t25w4,2020,22
2021-05-12#t2227w5,2021,22
2021-05-21#t2939w1,2021,22
2020-12-10#t623w0,2020,22
2024-03-27#t15901w0,2024,22
2024-12-13#t921w0,2024,22
2022-05-11#t6743w2,2022,22
2021-05-13#t2353w2,2021,22
2022-11-03#t9119w0,2022,20
2026-03-20#t2162w0,2026,20
2024-11-28#t542w2,2024,20
2018-11-27#t851w0,2018,20
2018-11-02#t520w4,2018,20
2022-05-20#t7281w12,2022,20
2022-11-17#t9442w0,2022,20
2023-11-21#t14029w0,2023,20
2020-11-18#t125w0,2020,20
2023-11-29#t14621w0,2023,20
2019-05-08#t1509w0,2019,20
2021-05-12#t2226w7,2021,20
2019-11-19#t117w2,2019,20
2023-10-20#t13237w0,2023,20
2022-03-31#t6380w0,2022,20
2025-06-03#t3106w0,2025,20
2020-06-17#t4618w0,2020,20
2019-05-14#t1648w1,2019,20
2023-03-21#t10839w2,2023,20
2021-12-01#t4894w0,2021,20
2019-05-28#t1913w0,2019,20
2021-12-15#t5746w0,2021,20
2021-11-03#t3879w0,2021,20
2022-06-03#t7617w0,2022,20
2020-12-15#t837w9,2020,20
2021-03-25#t1945w0,2021,20
2023-10-19#t13171w0,2023,20
2019-05-10#t109w1,2019,20
2020-03-10#t3704w12,2020,20
2025-10-24#t120w0,2025,20
2019-12-10#t2888w0,2019,20
2021-11-26#t4739w0,2021,20
2023-10-20#t13184w0,2023,20
2021-05-20#t2818w1,2021,20
2025-10-21#t2w0,2025,20
2025-05-08#t1931w0,2025,20
2018-11-28#t967w5,2018,20
2021-06-04#t3370w0,2021,20
2026-03-26#t2546w12,2026,20
2019-11-19#t117w1,2019,20
2021-05-21#t2925w0,2021,20
2025-05-27#t2596w0,2025,20
2022-03-23#t6008w0,2022,20
2022-12-07#t10121w0,2022,20
2021-06-01#t3014w0,2021,20
2024-11-27#t415w1,2024,20
2024-05-30#t17208w0,2024,20
2019-05-07#t1345w0,2019,20
2025-06-03#t3135w6,2025,20
2019-03-19#t5w2,2019,20
2024-06-07#t17769w0,2024,20
2022-11-24#t9738w0,2022,20
2022-12-13#t10479w0,2022,20
2019-05-08#t1447w0,2019,20
2021-05-13#t2251w0,2021,20
2019-11-20#t2448w0,2019,20
2020-12-18#t1206w0,2020,20
2024-03-27#t15957w1,2024,20
2019-05-14#t1559w0,2019,20
2025-05-13#t2134w7,2025,20
2018-12-11#t1054w0,2018,20
2023-10-31#t13603w0,2023,20
2021-11-25#t4642w0,2021,20
2022-10-28#t8768w1,2022,20
2020-12-10#t620w0,2020,20
2025-05-09#t2012w4,2025,20
2025-05-29#t2906w1,2025,20
2022-10-25#t8570w2,2022,20
2026-05-13#t3088w0,2026,20
2018-12-11#t1097w0,2018,20
2022-12-15#t10632w0,2022,20
2020-12-10#t664w2,2020,20
2020-12-16#t1055w1,2020,20
2022-12-06#t10069w0,2022,20
2025-05-30#t2952w0,2025,20
2021-05-19#t2605w0,2021,20
2025-06-03#t3072w0,2025,20
2025-12-05#t1600w0,2025,20
2023-11-01#t13775w0,2023,20
2022-10-28#t8759w11,2022,20
2023-10-26#t13478w0,2023,20
2021-03-19#t1541w0,2021,20
2019-11-19#t116w8,2019,20
2026-03-26#t2546w10,2026,20
2023-11-01#t13753w2,2023,20
2018-12-11#t1081w0,2018,20
2021-06-08#t3390w0,2021,20
2023-10-24#t13340w16,2023,20
2022-10-25#t8573w10,2022,20
2023-11-01#t13749w2,2023,20
2019-11-28#t2840w0,2019,20
2019-03-22#t1303w0,2019,20
2025-03-19#t1003w0,2025,20
2024-03-22#t15716w7,2024,20
2020-06-09#t4289w0,2020,20
2023-10-19#t13175w8,2023,20
2025-06-03#t3137w3,2025,20
2022-05-31#t7349w0,2022,20
2023-03-28#t11049w0,2023,20
2025-05-15#t2435w2,2025,20
2023-03-29#t11270w4,2023,20
2024-11-26#t335w2,2024,20
2023-12-06#t14969w0,2023,20
2023-11-23#t14329w5,2023,20
2021-06-02#t3070w0,2021,20
2025-12-05#t1608w0,2025,20
2024-05-30#t17213w0,2024,20
2022-12-07#t10086w0,2022,20
2025-11-18#t1015w0,2025,20
2023-10-26#t13564w0,2023,20
2026-03-20#t2146w0,2026,20
2019-12-10#t2958w3,2019,20
2024-05-08#t16301w0,2024,20
2019-11-26#t2658w0,2019,20
2020-12-15#t844w4,2020,20
2026-05-06#t2682w0,2026,20
2020-12-16#t867w0,2020,20
2025-10-29#t319w0,2025,20
2026-03-25#t2363w0,2026,20
2019-05-16#t1788w0,2019,20
2023-03-29#t11175w0,2023,20
2025-03-21#t1240w3,2025,20
2024-05-30#t17227w5,2024,20
2019-12-18#t3451w0,2019,20
2024-05-17#t16951w3,2024,20
2024-11-26#t318w5,2024,20
2022-11-03#t9099w4,2022,20
2026-05-13#t3086w5,2026,20
2019-12-18#t3406w0,2019,20
2020-12-11#t749w0,2020,20
2021-11-03#t3892w0,2021,20
2018-11-20#t546w0,2018,20
2021-11-09#t4217w0,2021,20
2024-11-26#t263w0,2024,20
2026-03-24#t2310w3,2026,20
2024-04-02#t16105w5,2024,20
2018-10-26#t198w5,2018,20
2018-10-23#t18w3,2018,20
2021-05-21#t2952w2,2021,20
2021-03-19#t1588w1,2021,20
2021-05-21#t2862w0,2021,20
2018-10-31#t393w0,2018,20
2024-06-06#t17595w0,2024,20
2021-05-20#t2818w4,2021,20
2021-11-04#t4001w0,2021,20
2024-06-07#t17680w0,2024,20
2019-05-14#t1627w0,2019,20
2025-03-27#t1621w0,2025,20
2023-11-24#t14354w0,2023,20
2022-11-01#t8867w7,2022,20
2024-05-15#t16728w2,2024,20
2026-03-17#t2035w3,2026,20
2026-05-14#t3192w1,2026,20
2022-10-25#t8569w5,2022,20
2023-05-18#t12176w1,2023,20
2023-03-22#t10882w0,2023,20
2022-03-29#t6243w2,2022,20
2021-05-19#t2618w0,2021,20
2023-03-29#t11245w0,2023,20
2021-11-25#t4721w1,2021,20
2023-10-20#t13196w0,2023,20
2026-03-20#t2150w0,2026,20
2022-03-29#t6233w2,2022,20
2022-11-01#t8867w8,2022,20
2026-03-26#t2550w2,2026,20
2021-06-03#t3204w0,2021,20
2024-11-20#t123w4,2024,20
2023-12-07#t15202w4,2023,20
2022-11-01#t8782w0,2022,20
2023-05-11#t11766w5,2023,20
2022-05-10#t6561w0,2022,20
2025-11-20#t1118w0,2025,20
2026-03-25#t2397w0,2026,20
2022-06-08#t7758w0,2022,20
2023-06-07#t12388w0,2023,20
2025-06-04#t3151w0,2025,20
2024-05-14#t16551w0,2024,20
2021-05-20#t2746w0,2021,20
2019-12-10#t2979w1,2019,20
2020-12-18#t1253w0,2020,20
2023-11-30#t14748w0,2023,20
2025-11-19#t1072w0,2025,20
2020-06-18#t4804w1,2020,20
2025-05-16#t2472w0,2025,20
2024-05-15#t16728w3,2024,20
2023-11-24#t14358w0,2023,20
2018-11-30#t988w10,2018,20
2021-06-10#t3616w1,2021,20
2018-10-23#t14w0,2018,20
2021-11-03#t3886w0,2021,20
2026-05-13#t3010w0,2026,20
2021-05-13#t2348w3,2021,20
2024-12-10#t559w0,2024,20
2020-06-17#t4624w0,2020,20
2022-12-06#t9958w0,2022,20
2021-03-19#t1542w0,2021,20
2023-05-11#t11690w0,2023,20
2020-12-17#t1164w5,2020,20
2022-10-04#t8097w0,2022,20
2025-03-25#t1336w0,2025,20
2023-03-30#t11289w0,2023,20
2025-05-09#t1951w0,2025,20
2021-06-11#t3750w1,2021,20
2020-06-16#t4544w0,2020,20
2018-11-28#t949w2,2018,20
2025-05-14#t2163w0,2025,20
2022-12-06#t9962w0,2022,20
2025-05-07#t1754w0,2025,20
2022-10-28#t8768w3,2022,20
2022-11-01#t8867w9,2022,20
2025-03-21#t1263w1,2025,20
2025-10-21#t6w2,2025,20
2022-05-19#t7198w0,2022,20
2022-03-22#t5993w4,2022,20
2021-06-08#t3447w0,2021,20
2021-06-10#t3560w0,2021,20
2019-05-08#t1515w0,2019,20
2019-11-27#t230w9,2019,20
2022-11-03#t9100w4,2022,20
2021-12-08#t5318w0,2021,20
2026-03-20#t2188w0,2026,20
2023-11-03#t13967w1,2023,20
2025-03-19#t974w0,2025,20
2022-06-01#t7366w0,2022,20
2024-05-28#t17034w2,2024,20
2024-05-09#t16450w2,2024,20
2024-11-26#t318w2,2024,20
2018-11-01#t498w1,2018,20
2023-05-11#t11759w1,2023,20
2022-03-24#t6069w2,2022,20
2023-10-17#t13054w0,2023,20
2022-05-31#t7293w0,2022,20
2022-06-08#t7761w0,2022,20
2021-05-14#t2397w0,2021,20
2025-12-12#t1981w0,2025,20
2025-03-26#t1473w0,2025,20
2022-10-04#t8114w0,2022,20
2022-10-25#t8569w0,2022,20
2026-05-05#t2636w0,2026,20
2023-05-19#t12197w0,2023,20
2022-06-10#t7957w0,2022,20
2020-11-20#t231w0,2020,20
2023-12-01#t14817w1,2023,20
2021-02-12#t1306w1,2021,20
2019-11-19#t116w2,2019,20
2023-10-24#t13340w2,2023,20
2025-11-04#t546w1,2025,20
2025-12-04#t1538w3,2025,20
2021-03-16#t1426w1,2021,20
2023-03-22#t10865w0,2023,20
2022-05-11#t6731w0,2022,20
2024-11-22#t140w0,2024,20
2023-10-17#t13055w5,2023,20
2018-11-20#t545w0,2018,20
2024-05-30#t17159w0,2024,20
2024-11-26#t335w0,2024,20
2025-03-21#t1250w15,2025,20
2023-11-30#t14701w0,2023,20
2025-06-06#t3440w4,2025,20
2023-03-31#t11420w6,2023,20
2023-05-11#t11696w0,2023,20
2023-10-17#t13052w3,2023,20
2022-05-11#t6705w2,2022,20
2024-05-16#t16826w2,2024,20
2025-03-21#t1175w0,2025,20
2021-05-21#t2939w4,2021,20
2026-05-13#t3084w0,2026,20
2022-11-24#t9745w0,2022,20
2022-03-30#t6273w0,2022,20
2018-11-30#t988w2,2018,20
2025-03-19#t1119w2,2025,20
2023-05-19#t12212w0,2023,20
2022-04-01#t6477w4,2022,20
2022-06-01#t7424w0,2022,20
2026-05-13#t3031w0,2026,20
2023-05-17#t11993w0,2023,20
2023-12-12#t15324w0,2023,20
2025-10-29#t379w1,2025,20
2025-05-15#t2381w0,2025,20
2024-05-17#t16857w0,2024,20
2024-03-26#t15786w0,2024,20
2025-11-04#t613w0,2025,20
2022-11-02#t8951w2,2022,20
2021-06-01#t3038w6,2021,20
2025-10-21#t4w11,2025,20
2023-03-21#t10838w0,2023,20
2024-12-13#t917w0,2024,20
2020-06-17#t4664w1,2020,20
2024-03-27#t15967w6,2024,20
2023-11-21#t14023w0,2023,20
2020-06-17#t4716w1,2020,20
2021-11-25#t4698w2,2021,20
2021-06-01#t2981w0,2021,20
2024-03-21#t15609w3,2024,20
2025-05-28#t2684w0,2025,20
2019-12-12#t285w0,2019,20
2022-10-25#t8573w11,2022,20
2023-12-13#t15492w0,2023,20
2022-06-09#t7859w0,2022,20
2022-11-01#t8812w0,2022,20
2025-12-04#t1548w3,2025,20
2022-05-12#t6824w0,2022,20
2021-11-10#t4374w0,2021,20
2026-03-26#t2546w0,2026,20
2024-11-20#t35w0,2024,20
2022-12-08#t10355w0,2022,20
2022-11-15#t9201w0,2022,20
2022-10-05#t8156w0,2022,20
2026-03-18#t2120w0,2026,20
2019-12-18#t3404w0,2019,20
2025-11-18#t935w0,2025,20
2022-03-23#t6013w0,2022,20
2025-12-09#t1636w0,2025,20
2024-03-19#t15513w1,2024,20
2022-06-07#t7690w0,2022,20
2022-11-22#t9640w0,2022,20
2026-05-14#t3172w0,2026,20
2021-06-08#t3398w0,2021,20
2025-12-09#t1644w0,2025,20
2025-05-06#t1713w3,2025,20
2024-11-27#t444w8,2024,20
2023-12-07#t15124w0,2023,20
2023-11-22#t14144w0,2023,20
2023-03-29#t11254w6,2023,20
2023-03-23#t10940w2,2023,20
2023-11-30#t14721w5,2023,20
2024-06-05#t17441w0,2024,20
2025-10-24#t188w0,2025,20
2020-11-18#t49w0,2020,20
2025-10-24#t192w0,2025,20
2023-06-16#t12969w0,2023,20
2024-12-11#t662w0,2024,20
2024-05-28#t17035w5,2024,20
2019-12-11#t3113w3,2019,20
2023-10-25#t13460w12,2023,20
2018-11-27#t843w3,2018,20
2021-03-19#t1610w6,2021,20
2021-06-11#t3698w0,2021,20
2025-10-29#t400w5,2025,20
2023-06-08#t12456w0,2023,20
2025-05-16#t2559w0,2025,20
2022-05-12#t6809w2,2022,20
2025-03-26#t1510w2,2025,20
2021-11-25#t4722w1,2021,20
2022-03-31#t6381w0,2022,20
2021-03-25#t1855w0,2021,20
2023-06-13#t12722w0,2023,20
2023-05-11#t11742w0,2023,20
2022-11-16#t9291w0,2022,20
2024-05-17#t16861w0,2024,20
2023-06-07#t12384w0,2023,20
2024-12-12#t831w2,2024,20
2025-11-05#t637w0,2025,20
2020-11-17#t26w3,2020,20
2022-03-29#t6258w2,2022,20
2023-12-13#t15504w0,2023,20
2022-03-22#t5993w2,2022,20
2021-11-03#t3958w2,2021,20
2026-05-07#t2838w1,2026,20
2020-12-17#t1086w0,2020,20
2018-10-31#t374w0,2018,20
2022-10-28#t8745w0,2022,20
2020-12-10#t664w0,2020,20
2023-11-02#t13796w0,2023,20
2021-11-02#t3793w0,2021,20
2025-03-26#t1406w0,2025,20
2019-12-20#t3674w0,2019,20
2019-12-13#t3154w0,2019,20
2020-11-20#t249w0,2020,20
2025-03-26#t1504w3,2025,20
2023-10-18#t13152w0,2023,20
2026-03-18#t2044w0,2026,20
2025-03-18#t959w0,2025,20
2024-11-22#t223w1,2024,20
2022-11-01#t8780w0,2022,20
2024-05-15#t16677w0,2024,20
2024-05-31#t17334w0,2024,20
2023-06-08#t12533w1,2023,20
2021-12-08#t5374w0,2021,20
2021-11-25#t4718w8,2021,20
2020-11-20#t263w0,2020,20
2026-03-24#t2274w0,2026,20
2025-03-21#t1263w5,2025,20
2023-10-25#t13361w0,2023,20
2025-12-02#t1369w0,2025,20
2024-05-08#t16242w0,2024,20
2025-12-03#t1383w0,2025,20
2023-06-09#t12599w0,2023,20
2023-10-25#t13420w0,2023,20
2025-10-22#t102w14,2025,20
2020-12-09#t438w0,2020,20
2025-05-08#t1821w0,2025,20
2021-06-03#t3197w0,2021,20
2023-03-30#t11288w0,2023,20
2025-05-06#t1652w0,2025,20
2023-10-20#t13234w0,2023,20
2022-06-03#t7673w0,2022,20
2022-05-31#t7299w0,2022,20
2024-11-22#t227w12,2024,20
2024-05-30#t17231w1,2024,20
2025-06-05#t3319w0,2025,20
2018-11-27#t843w6,2018,20
2022-10-25#t8571w2,2022,20
2020-12-17#t1099w0,2020,20
2020-06-09#t4239w0,2020,20
2019-11-28#t2824w1,2019,20
2018-11-01#t498w0,2018,20
2024-03-27#t15833w0,2024,20
2019-12-12#t341w0,2019,20
2024-11-22#t207w0,2024,20
2024-12-10#t597w0,2024,20
2024-12-13#t852w0,2024,20
2023-06-15#t12839w0,2023,20
2023-06-07#t12417w0,2023,20
2025-10-28#t299w3,2025,20
2024-05-28#t16969w0,2024,20
2024-03-19#t15514w0,2024,20
2021-06-04#t3324w0,2021,20
2021-06-04#t3326w0,2021,20
2018-12-11#t1100w0,2018,20
2025-03-25#t1381w1,2025,20
2019-12-11#t3090w1,2019,20
2025-12-09#t1684w0,2025,20
2023-10-17#t13058w11,2023,20
2023-03-28#t11151w3,2023,20
2020-03-13#t3942w1,2020,20
2022-06-02#t7478w0,2022,20
2021-03-26#t1983w11,2021,20
2022-11-02#t8900w0,2022,20
2023-06-09#t12642w3,2023,20
2021-06-11#t3702w0,2021,20
2025-10-28#t203w0,2025,20
2023-03-28#t11155w5,2023,20
2023-11-29#t14637w0,2023,20
2022-11-25#t9863w0,2022,20
2025-12-04#t1475w0,2025,20
2018-11-01#t467w9,2018,20
2024-12-10#t572w0,2024,20
2021-03-16#t1427w6,2021,20
2025-10-30#t487w0,2025,20
2020-11-17#t27w1,2020,20
2025-05-14#t2243w12,2025,20
2022-10-06#t8332w1,2022,20
2024-11-22#t169w0,2024,20
2021-06-04#t3329w0,2021,20
2022-03-22#t5992w3,2022,20
2026-05-13#t3086w2,2026,20
2025-03-27#t1630w8,2025,20
2021-05-21#t2914w0,2021,20
2023-05-11#t11750w0,2023,20
2025-11-20#t1172w0,2025,20
2018-10-30#t278w3,2018,20
2025-11-06#t777w0,2025,20
2025-12-02#t1316w0,2025,20
2025-10-30#t432w0,2025,20
2022-10-26#t8594w0,2022,20
2026-05-13#t3002w0,2026,20
2025-11-18#t957w0,2025,20
2021-05-14#t2384w0,2021,20
2022-12-15#t10620w0,2022,20
2025-05-14#t2172w0,2025,20
2019-11-28#t2859w2,2019,20
2026-03-25#t2360w0,2026,20
2024-03-22#t15716w14,2024,20
2021-05-14#t2444w2,2021,20
2024-05-08#t16355w0,2024,20
2022-10-04#t8064w0,2022,20
2022-11-24#t9826w3,2022,20
2018-11-27#t844w12,2018,20
2025-03-26#t1483w0,2025,20
2020-06-17#t4713w0,2020,20
2025-11-20#t1099w0,2025,20
2023-12-01#t14772w0,2023,20
2024-05-30#t17210w0,2024,20
2022-10-04#t8124w0,2022,20
2022-06-09#t7851w0,2022,20
2022-03-29#t6171w0,2022,20
2025-05-27#t2664w1,2025,20
2023-03-28#t11151w2,2023,20
2018-11-27#t844w10,2018,20
2023-11-23#t14253w0,2023,20
2022-11-25#t9855w0,2022,20
2024-11-22#t225w3,2024,20
2024-11-22#t189w0,2024,20
2019-11-19#t116w4,2019,20
2026-05-07#t2820w0,2026,20
2024-05-08#t16355w1,2024,20
2021-06-04#t3370w2,2021,20
2019-11-28#t2840w4,2019,20
2026-05-07#t2779w0,2026,20
2022-03-22#t5993w1,2022,20
2025-10-28#t269w0,2025,20
2019-11-22#t2558w0,2019,20
2018-10-30#t278w4,2018,20
2024-12-12#t831w0,2024,20
2020-03-13#t3942w0,2020,20
2025-10-22#t93w0,2025,20
2020-12-10#t682w7,2020,20
2025-10-22#t101w8,2025,20
2022-11-16#t9324w4,2022,18
2024-12-10#t568w0,2024,18
2025-06-03#t3120w0,2025,18
2020-12-15#t780w0,2020,18
2024-12-11#t728w6,2024,18
2023-05-17#t11936w0,2023,18
2023-06-09#t12552w0,2023,18
2025-12-02#t1336w0,2025,18
2023-05-17#t11937w0,2023,18
2021-11-26#t4803w0,2021,18
2025-12-05#t1622w1,2025,18
2024-05-09#t16450w3,2024,18
2023-10-25#t13455w5,2023,18
2024-03-22#t15705w1,2024,18
2022-05-20#t7227w0,2022,18
2023-11-23#t14330w3,2023,18
2018-12-11#t1007w0,2018,18
2026-05-05#t2573w0,2026,18
2025-11-18#t970w0,2025,18
2020-06-11#t4474w2,2020,18
2024-05-10#t16527w0,2024,18
2021-05-20#t2818w0,2021,18
2024-11-27#t385w0,2024,18
2024-12-13#t919w2,2024,18
2020-12-09#t524w1,2020,18
2024-12-10#t565w0,2024,18
2023-06-07#t12385w0,2023,18
2024-11-27#t439w2,2024,18
2022-11-15#t9174w0,2022,18
2025-05-28#t2800w2,2025,18
2023-05-18#t12175w2,2023,18
2025-11-07#t856w0,2025,18
2026-03-20#t2163w0,2026,18
2025-10-22#t75w0,2025,18
2019-05-28#t1967w0,2019,18
2022-06-02#t7599w2,2022,18
2018-12-12#t1150w0,2018,18
2026-03-24#t2307w2,2026,18
2021-12-02#t4987w0,2021,18
2021-12-03#t5060w0,2021,18
2022-12-09#t10376w0,2022,18
2023-10-20#t13190w0,2023,18
2022-10-12#t8552w0,2022,18
2019-12-10#t2887w0,2019,18
2025-03-26#t1514w3,2025,18
2023-11-01#t13692w0,2023,18
2023-11-03#t13916w0,2023,18
2021-03-18#t1527w13,2021,18
2023-10-17#t13052w0,2023,18
2025-03-21#t1264w0,2025,18
2021-03-24#t1825w0,2021,18
2024-03-28#t16078w4,2024,18
2025-12-04#t1471w0,2025,18
2025-11-18#t996w0,2025,18
2022-05-10#t6581w1,2022,18
2024-05-09#t16452w4,2024,18
2026-03-24#t2296w0,2026,18
2021-11-12#t4395w0,2021,18
2019-12-10#t2895w0,2019,18
2018-11-23#t759w5,2018,18
2023-10-20#t13182w0,2023,18
2019-11-22#t2562w8,2019,18
2018-10-31#t379w2,2018,18
2023-11-01#t13750w0,2023,18
2025-03-21#t1250w20,2025,18
2022-11-02#t8951w4,2022,18
2025-11-04#t576w0,2025,18
2024-05-16#t16818w0,2024,18
2025-11-20#t1102w0,2025,18
2020-12-09#t573w1,2020,18
2022-06-07#t7684w0,2022,18
2021-03-26#t1983w10,2021,18
2023-10-18#t13070w0,2023,18
2023-05-09#t11440w0,2023,18
2024-12-12#t785w0,2024,18
2025-03-19#t990w0,2025,18
2026-05-06#t2660w0,2026,18
2020-11-17#t28w1,2020,18
2023-06-09#t12567w0,2023,18
2025-05-29#t2916w1,2025,18
2020-11-20#t289w1,2020,18
2018-11-22#t648w5,2018,18
2023-10-25#t13463w15,2023,18
2024-12-11#t719w0,2024,18
2023-03-29#t11168w0,2023,18
2021-02-12#t1331w0,2021,18
2026-03-18#t2049w0,2026,18
2024-03-26#t15794w0,2024,18
2026-05-07#t2762w0,2026,18
2023-03-28#t11116w0,2023,18
2022-10-12#t8516w0,2022,18
2024-11-26#t304w4,2024,18
2018-11-21#t628w0,2018,18
2018-11-21#t565w0,2018,18
2018-11-27#t849w7,2018,18
2023-05-17#t12055w1,2023,18
2023-03-28#t11140w1,2023,18
2018-11-27#t792w0,2018,18
2019-12-13#t3240w0,2019,18
2020-06-18#t4731w0,2020,18
2023-11-23#t14243w0,2023,18
2025-10-28#t280w11,2025,18
2020-06-16#t4542w0,2020,18
2025-10-22#t16w0,2025,18
2025-03-19#t1080w0,2025,18
2023-06-07#t12390w0,2023,18
2025-03-21#t1250w17,2025,18
2021-03-25#t1898w0,2021,18
2019-12-19#t3473w0,2019,18
2019-11-27#t219w0,2019,18
2025-05-06#t1636w0,2025,18
2022-11-16#t9257w0,2022,18
2021-05-11#t2010w0,2021,18
2020-12-11#t755w10,2020,18
2018-10-30#t293w5,2018,18
2021-11-04#t4075w1,2021,18
2022-05-19#t7083w0,2022,18
2023-12-08#t15220w0,2023,18
2024-11-20#t123w12,2024,18
2023-03-31#t11420w3,2023,18
2021-03-25#t1946w0,2021,18
2020-12-15#t763w0,2020,18
2022-05-10#t6564w0,2022,18
2025-05-15#t2460w10,2025,18
2025-11-07#t915w0,2025,18
2019-03-22#t1308w1,2019,18
2025-03-27#t1630w9,2025,18
2018-11-28#t934w0,2018,18
2024-05-07#t16194w1,2024,18
2022-11-22#t9633w0,2022,18
2023-03-29#t11216w0,2023,18
2024-12-10#t561w0,2024,18
2024-05-16#t16830w4,2024,18
2023-03-28#t11152w0,2023,18
2025-11-20#t1208w2,2025,18
2025-05-15#t2355w0,2025,18
2020-03-13#t3940w3,2020,18
2022-11-17#t9445w1,2022,18
2021-03-24#t1822w8,2021,18
2020-11-18#t73w0,2020,18
2021-03-24#t1736w0,2021,18
2023-12-07#t15103w0,2023,18
2022-03-23#t6054w0,2022,18
2022-12-15#t10633w0,2022,18
2019-12-10#t2896w0,2019,18
2023-10-24#t13336w0,2023,18
2019-11-28#t2790w0,2019,18
2019-12-12#t280w0,2019,18
2018-11-23#t757w7,2018,18
2018-10-31#t374w4,2018,18
2023-12-06#t14955w0,2023,18
2025-05-08#t1818w0,2025,18
2026-03-25#t2411w0,2026,18
2020-12-15#t762w0,2020,18
2019-11-29#t2861w10,2019,18
2023-06-08#t12537w4,2023,18
2021-06-03#t3258w0,2021,18
2023-03-29#t11261w5,2023,18
2022-12-06#t9968w0,2022,18
2020-11-19#t146w12,2020,18
2023-03-31#t11420w0,2023,18
2025-05-14#t2166w0,2025,18
2023-10-25#t13437w1,2023,18
2022-03-25#t6091w0,2022,18
2023-06-13#t12657w0,2023,18
2023-10-24#t13338w9,2023,18
2018-11-28#t967w1,2018,18
2024-06-06#t17611w1,2024,18
2025-05-09#t1975w0,2025,18
2024-11-28#t538w2,2024,18
2024-06-07#t17743w0,2024,18
2023-11-30#t14748w5,2023,18
2022-03-29#t6263w4,2022,18
2018-11-27#t784w0,2018,18
2024-03-22#t15618w0,2024,18
2019-12-10#t2941w0,2019,18
2019-05-07#t1417w2,2019,18
2024-03-27#t15967w0,2024,18
2022-05-11#t6714w2,2022,18
2026-03-24#t2314w4,2026,18
2025-11-19#t1036w0,2025,18
2024-05-07#t16165w0,2024,18
2024-03-27#t15970w3,2024,18
2022-10-12#t8519w0,2022,18
2023-05-19#t12214w0,2023,18
2025-10-29#t309w0,2025,18
2023-11-01#t13740w0,2023,18
2023-06-08#t12539w0,2023,18
2024-11-20#t113w0,2024,18
2025-12-09#t1691w2,2025,18
2023-10-24#t13338w12,2023,18
2024-03-22#t15628w0,2024,18
2022-10-28#t8695w0,2022,18
2018-11-27#t849w6,2018,18
2025-05-15#t2356w0,2025,18
2025-03-19#t1057w0,2025,18
2022-03-29#t6263w5,2022,18
2025-10-24#t111w0,2025,18
2021-05-21#t2850w0,2021,18
2024-05-07#t16225w2,2024,18
2024-03-22#t15720w8,2024,18
2024-05-30#t17144w0,2024,18
2025-05-14#t2217w0,2025,18
2024-05-08#t16238w0,2024,18
2023-03-29#t11254w5,2023,18
2023-10-24#t13278w0,2023,18
2020-06-09#t4230w0,2020,18
2025-03-19#t1013w0,2025,18
2023-06-14#t12754w0,2023,18
2020-12-18#t1260w1,2020,18
2026-03-25#t2396w0,2026,18
2023-06-14#t12744w0,2023,18
2022-11-01#t8794w0,2022,18
2021-12-07#t5238w1,2021,18
2023-06-13#t12710w0,2023,18
2025-11-20#t1205w1,2025,18
2020-11-20#t278w1,2020,18
2026-03-26#t2550w0,2026,18
2019-05-31#t2126w0,2019,18
2024-03-27#t15977w0,2024,18
2025-05-16#t2473w0,2025,18
2019-12-13#t3160w0,2019,18
2024-11-22#t223w3,2024,18
2024-05-09#t16455w6,2024,18
2026-03-20#t2192w0,2026,18
2022-03-22#t5984w0,2022,18
2026-05-14#t3121w0,2026,18
2026-05-06#t2650w0,2026,18
2021-11-24#t4573w0,2021,18
2024-11-26#t305w1,2024,18
2023-11-03#t13951w0,2023,18
2020-11-24#t304w1,2020,18
2024-12-12#t799w0,2024,18
2020-12-08#t316w0,2020,18
2023-12-08#t15227w0,2023,18
2025-12-10#t1757w0,2025,18
2020-12-11#t723w0,2020,18
2022-05-11#t6714w1,2022,18
2023-12-07#t15174w0,2023,18
2025-03-21#t1182w0,2025,18
2022-03-31#t6473w4,2022,18
2019-11-22#t2562w1,2019,18
2022-11-25#t9854w0,2022,18
2022-12-06#t10007w0,2022,18
2021-11-05#t4128w0,2021,18
2019-11-26#t2689w0,2019,18
2024-05-09#t16456w3,2024,18
2022-10-27#t8685w6,2022,18
2021-03-24#t1792w1,2021,18
2021-03-26#t1983w1,2021,18
2019-12-10#t2880w0,2019,18
2023-11-30#t14671w0,2023,18
2020-06-11#t4416w0,2020,18
2023-11-21#t14030w0,2023,18
2020-03-13#t3940w6,2020,18
2026-03-24#t2304w0,2026,18
2024-11-27#t396w0,2024,18
2020-12-18#t1219w0,2020,18
2023-05-09#t11433w0,2023,18
2024-05-09#t16461w1,2024,18
2023-10-20#t13242w3,2023,18
2024-03-22#t15695w13,2024,18
2025-10-22#t100w0,2025,18
2023-06-13#t12683w0,2023,18
2021-03-23#t1708w11,2021,18
2024-12-13#t904w0,2024,18
2019-03-29#t9w16,2019,18
2025-03-21#t1266w0,2025,18
2024-03-22#t15697w1,2024,18
2024-03-19#t15516w1,2024,18
2023-06-07#t12427w0,2023,18
2025-06-03#t3123w0,2025,18
2024-05-07#t16123w0,2024,18
2023-10-26#t13537w1,2023,18
2022-12-15#t10630w0,2022,18
2019-11-27#t242w0,2019,18
2026-05-05#t2593w0,2026,18
2024-05-31#t17279w0,2024,18
2025-05-29#t2916w3,2025,18
2021-05-12#t2161w0,2021,18
2024-04-02#t16105w1,2024,18
2023-03-22#t10934w0,2023,18
2022-10-06#t8273w0,2022,18
2023-12-07#t15113w0,2023,18
2023-10-31#t13621w0,2023,18
2023-10-26#t13564w1,2023,18
2020-06-09#t4227w0,2020,18
2021-12-07#t5194w0,2021,18
2021-11-03#t3885w0,2021,18
2023-03-22#t10863w0,2023,18
2020-05-26#t4046w0,2020,18
2021-03-17#t1439w0,2021,18
2019-05-14#t1618w0,2019,18
2021-05-19#t2651w0,2021,18
2019-03-22#t1314w7,2019,18
2025-11-21#t1280w0,2025,18
2021-12-10#t5577w0,2021,18
2021-02-12#t1326w0,2021,18
2022-04-01#t6477w1,2022,18
2022-10-04#t8040w0,2022,18
2023-12-05#t14863w0,2023,18
2025-05-15#t2443w3,2025,18
2025-12-10#t1735w0,2025,18
2023-10-20#t13192w0,2023,18
2026-05-14#t3120w0,2026,18
2023-05-12#t11790w1,2023,18
2026-03-24#t2306w1,2026,18
2021-06-03#t3232w0,2021,18
2021-12-07#t5190w0,2021,18
2025-05-27#t2571w0,2025,18
2024-12-13#t953w2,2024,18
2024-12-11#t721w0,2024,18
2025-05-13#t2097w2,2025,18
2025-10-24#t182w3,2025,18
2025-05-15#t2443w2,2025,18
2025-12-09#t1628w0,2025,18
2018-10-31#t403w0,2018,18
2021-12-07#t5192w0,2021,18
2025-05-07#t1749w0,2025,18
2023-10-25#t13460w6,2023,18
2023-05-19#t12228w0,2023,18
2022-11-03#t9016w0,2022,18
2020-12-09#t445w0,2020,18
2025-05-16#t2469w0,2025,18
2025-11-07#t912w0,2025,18
2021-03-26#t1983w5,2021,18
2025-10-24#t115w0,2025,18
2019-11-28#t2716w0,2019,18
2025-05-14#t2192w0,2025,18
2020-06-09#t4272w0,2020,18
2022-05-10#t6587w0,2022,18
2020-12-15#t768w0,2020,18
2024-11-26#t303w2,2024,18
2021-05-21#t2939w0,2021,18
2021-12-02#t5032w2,2021,18
2019-11-26#t2695w10,2019,18
2020-12-15#t844w3,2020,18
2022-11-03#t9105w0,2022,18
2025-11-21#t1288w0,2025,18
2024-11-22#t222w1,2024,18
2022-03-30#t6349w6,2022,18
2020-03-11#t3824w0,2020,18
2021-11-04#t3996w0,2021,18
2020-12-18#t1260w0,2020,18
2022-11-04#t9124w6,2022,18
2021-11-03#t3979w0,2021,18
2024-03-22#t15695w1,2024,18
2018-11-01#t467w6,2018,18
2022-03-31#t6386w0,2022,18
2021-11-12#t4477w1,2021,18
2023-10-26#t13553w4,2023,18
2025-10-22#t101w0,2025,18
2021-11-05#t4198w2,2021,18
2023-10-24#t13340w14,2023,18
2021-03-25#t1945w2,2021,18
2019-12-12#t341w1,2019,18
2025-05-15#t2434w0,2025,18
2022-10-06#t8274w0,2022,18
2025-11-07#t861w0,2025,18
2019-12-19#t3495w0,2019,18
2018-11-28#t986w0,2018,18
2024-03-22#t15693w3,2024,18
2024-05-16#t16830w1,2024,18
2020-05-27#t4139w0,2020,18
2023-12-07#t15127w0,2023,18
2018-10-26#t188w8,2018,18
2021-06-08#t3405w0,2021,18
2026-03-26#t2497w0,2026,18
2024-05-29#t17092w0,2024,18
2020-06-17#t4621w0,2020,18
2021-05-12#t2134w0,2021,18
2025-03-27#t1627w1,2025,18
2026-05-05#t2616w0,2026,18
2023-05-19#t12270w1,2023,18
2021-11-03#t3978w0,2021,18
2020-06-09#t4287w0,2020,18
2025-03-26#t1450w0,2025,18
2018-10-25#t120w6,2018,18
2019-12-12#t276w0,2019,18
2023-10-24#t13344w7,2023,18
2022-10-28#t8704w0,2022,18
2023-03-29#t11254w7,2023,18
2025-11-18#t966w0,2025,18
2018-11-27#t844w8,2018,18
2018-11-28#t894w0,2018,18
2024-11-27#t341w0,2024,18
2026-03-25#t2417w5,2026,18
2025-10-24#t188w5,2025,18
2025-10-24#t179w2,2025,18
2023-10-24#t13337w4,2023,18
2024-11-20#t28w0,2024,18
2025-10-22#t19w0,2025,18
2025-11-06#t766w0,2025,18
2024-11-27#t409w7,2024,18
2019-05-14#t1554w0,2019,18
2018-10-24#t30w0,2018,18
2020-12-15#t837w8,2020,18
2024-06-07#t17675w0,2024,18
2022-06-02#t7473w0,2022,18
2021-05-12#t2128w0,2021,18
2021-12-09#t5481w4,2021,18
2020-06-11#t4409w1,2020,18
2025-12-05#t1577w0,2025,18
2023-11-22#t14191w0,2023,18
2023-12-13#t15430w0,2023,18
2025-05-06#t1697w1,2025,18
2024-11-26#t319w1,2024,18
2023-10-24#t13297w0,2023,18
2023-10-25#t13424w1,2023,18
2024-05-09#t16387w0,2024,18
2019-12-10#t2894w0,2019,18
2023-10-27#t13587w7,2023,18
2023-03-22#t10917w0,2023,18
2023-11-22#t14157w0,2023,18
2023-10-25#t13460w9,2023,18
2026-03-25#t2446w5,2026,18
2021-06-10#t3630w2,2021,18
2025-03-27#t1532w0,2025,18
2024-06-07#t17748w0,2024,18
2021-12-03#t5103w0,2021,18
2023-10-24#t13338w15,2023,18
2021-12-15#t5751w0,2021,18
2023-03-28#t11137w1,2023,18
2018-11-22#t648w6,2018,18
2021-03-24#t1733w0,2021,18
2023-12-06#t14998w0,2023,18
2023-11-29#t14609w0,2023,18
2022-05-10#t6561w1,2022,18
2022-11-01#t8845w0,2022,18
2018-10-26#t137w0,2018,18
2022-05-11#t6683w0,2022,18
2023-05-10#t11542w0,2023,18
2022-11-01#t8839w0,2022,18
2024-11-22#t225w4,2024,18
2026-03-24#t2260w0,2026,18
2020-11-18#t127w0,2020,18
2021-05-11#t2006w0,2021,18
2022-05-10#t6503w0,2022,18
2022-11-22#t9590w0,2022,18
2021-05-21#t2943w0,2021,18
2023-12-06#t15030w0,2023,18
2025-10-28#t208w0,2025,18
2026-05-14#t3188w2,2026,18
2020-05-26#t4102w0,2020,18
2019-05-07#t1349w0,2019,18
2024-11-20#t83w0,2024,18
2021-02-12#t1373w0,2021,18
2018-11-01#t506w0,2018,18
2022-11-24#t9826w1,2022,18
2025-12-09#t1643w0,2025,18
2022-11-15#t9143w0,2022,18
2020-11-18#t61w0,2020,18
2025-03-25#t1394w2,2025,18
2022-11-01#t8867w6,2022,18
2024-11-19#t7w1,2024,18
2025-11-06#t729w0,2025,18
2021-05-20#t2823w0,2021,18
2025-05-15#t2350w0,2025,18
2021-05-11#t2104w0,2021,18
2023-03-29#t11169w0,2023,18
2025-03-26#t1498w1,2025,18
2022-05-12#t6760w0,2022,18
2024-11-22#t227w8,2024,18
2025-12-03#t1394w0,2025,18
2025-05-06#t1706w0,2025,18
2022-11-15#t9136w0,2022,18
2022-12-14#t10540w0,2022,18
2026-03-25#t2342w0,2026,18
2024-05-10#t16482w0,2024,18
2023-12-07#t15209w6,2023,18
2021-06-11#t3701w0,2021,18
2022-05-10#t6581w0,2022,18
2021-03-23#t1621w0,2021,18
2021-03-17#t1499w0,2021,18
2023-06-06#t12295w0,2023,18
2020-12-17#t1148w0,2020,18
2025-05-30#t3009w0,2025,18
2023-11-23#t14331w0,2023,18
2021-12-16#t5804w0,2021,18
2022-05-11#t6664w1,2022,18
2022-12-06#t10010w0,2022,18
2019-11-22#t2562w15,2019,18
2024-11-22#t223w4,2024,18
2021-03-17#t1495w0,2021,18
2019-11-27#t136w0,2019,18
2025-12-03#t1454w0,2025,18
2025-10-22#t37w0,2025,18
2023-10-17#t13053w2,2023,18
2022-11-18#t9552w0,2022,18
2023-03-30#t11395w2,2023,18
2023-10-31#t13606w0,2023,18
2023-03-30#t11353w4,2023,18
2023-10-31#t13635w0,2023,18
2024-12-12#t753w0,2024,18
2020-12-17#t1087w0,2020,18
2025-11-20#t1153w0,2025,18
2022-11-24#t9835w4,2022,18
2020-11-17#t25w1,2020,17
2025-06-06#t3361w0,2025,17
2022-03-22#t5992w9,2022,17
2025-10-24#t176w3,2025,17
2019-12-17#t3282w0,2019,17
2021-06-10#t3630w1,2021,16
2024-12-12#t812w6,2024,16
2018-11-27#t860w0,2018,16
2023-06-08#t12531w0,2023,16
2024-11-20#t42w0,2024,16
2023-10-31#t13599w0,2023,16
2021-05-12#t2226w5,2021,16
2024-03-26#t15739w0,2024,16
2025-06-05#t3246w0,2025,16
2025-05-08#t1896w2,2025,16
2024-11-20#t32w0,2024,16
2025-11-07#t839w0,2025,16
2021-11-05#t4172w0,2021,16
2020-12-08#t434w8,2020,16
2025-05-16#t2463w0,2025,16
2025-11-06#t814w3,2025,16
2026-05-08#t2916w0,2026,16
2025-03-19#t1109w4,2025,16
2025-06-03#t3140w0,2025,16
2023-10-17#t13058w4,2023,16
2021-12-02#t5048w1,2021,16
2024-05-16#t16748w0,2024,16
2021-03-25#t1946w1,2021,16
2023-05-09#t11501w0,2023,16
2023-03-21#t10837w1,2023,16
2021-12-01#t4874w0,2021,16
2024-12-10#t571w0,2024,16
2022-11-24#t9734w0,2022,16
2026-03-20#t2236w6,2026,16
2025-10-22#t85w0,2025,16
2022-11-22#t9648w0,2022,16
2024-03-28#t15995w0,2024,16
2024-05-31#t17319w0,2024,16
2021-11-02#t3797w0,2021,16
2022-04-01#t6477w3,2022,16
2021-12-03#t5065w0,2021,16
2024-05-14#t16559w0,2024,16
2024-05-17#t16872w0,2024,16
2021-03-16#t1427w4,2021,16
2026-03-27#t2558w0,2026,16
2021-11-10#t4315w0,2021,16
2022-12-09#t10432w0,2022,16
2022-10-06#t8270w0,2022,16
2022-11-24#t9835w3,2022,16
2022-06-02#t7588w1,2022,16
2025-12-12#t1967w0,2025,16
2020-12-09#t569w6,2020,16
2022-10-28#t8767w5,2022,16
2023-10-26#t13472w0,2023,16
2026-05-07#t2803w0,2026,16
2022-05-10#t6506w0,2022,16
2021-12-08#t5315w0,2021,16
2025-05-09#t1976w0,2025,16
2024-12-13#t845w0,2024,16
2026-05-06#t2702w0,2026,16
2024-05-09#t16401w0,2024,16
2025-03-19#t1156w5,2025,16
2022-12-14#t10534w0,2022,16
2021-06-10#t3534w0,2021,16
2025-11-06#t836w0,2025,16
2023-10-20#t13257w0,2023,16
2022-03-22#t5994w0,2022,16
2019-03-19#t5w7,2019,16
2024-11-22#t136w0,2024,16
2022-11-16#t9324w0,2022,16
2022-11-04#t9124w4,2022,16
2022-03-30#t6356w1,2022,16
2019-03-22#t1291w0,2019,16
2026-03-18#t2074w0,2026,16
2022-03-24#t6071w4,2022,16
2023-10-24#t13338w13,2023,16
2023-05-09#t11442w0,2023,16
2024-05-09#t16370w0,2024,16
2025-03-19#t993w0,2025,16
2024-12-12#t826w0,2024,16
2019-05-07#t1397w0,2019,16
2022-12-08#t10355w4,2022,16
2026-05-08#t2951w1,2026,16
2024-06-04#t17369w0,2024,16
2024-03-20#t15538w0,2024,16
2019-12-11#t3067w0,2019,15
2021-06-01#t2986w0,2021,15
2024-03-22#t15661w0,2024,15
2023-05-18#t12078w0,2023,15
2022-03-29#t6263w6,2022,15
2019-11-20#t2326w0,2019,15
2021-11-30#t4844w0,2021,15
2024-05-28#t16961w0,2024,15
2021-03-24#t1726w0,2021,15
2020-05-27#t4176w0,2020,15
2023-06-13#t12701w0,2023,15
2026-05-07#t2764w0,2026,15
2026-03-25#t2341w0,2026,15
2024-05-17#t16910w0,2024,15
2025-10-22#t50w0,2025,15
2018-12-11#t1008w0,2018,15
2022-12-13#t10454w0,2022,15
2019-05-14#t1594w0,2019,15
2024-03-27#t15982w4,2024,15
2020-06-16#t4581w0,2020,15
2022-11-17#t9405w0,2022,15
2024-03-27#t15979w16,2024,15
2023-03-24#t10988w0,2023,15
2018-11-01#t495w1,2018,15
2025-05-30#t2934w0,2025,15
2021-05-20#t2820w0,2021,15
2021-11-03#t3958w0,2021,15
2022-03-30#t6274w0,2022,15
2022-03-22#t5984w1,2022,15
2018-10-26#t198w4,2018,15
2024-11-26#t267w0,2024,15
2026-05-06#t2697w0,2026,15
2023-06-15#t12904w1,2023,15
2019-11-26#t2598w0,2019,15
2018-12-11#t1065w4,2018,15
2021-11-03#t3881w0,2021,15
2024-11-28#t542w4,2024,15
2022-05-19#t7129w0,2022,15
2019-11-27#t238w8,2019,15
2022-05-20#t7268w0,2022,15
2024-05-07#t16126w0,2024,15
2020-06-10#t4387w0,2020,15
2021-11-03#t3963w2,2021,15
2021-05-11#t2113w4,2021,15
2021-11-12#t4476w2,2021,15
2020-05-27#t4172w0,2020,15
2021-11-02#t3779w1,2021,15
2021-11-23#t4500w0,2021,15
2025-10-28#t205w0,2025,15
2022-12-15#t10622w0,2022,15
2021-12-09#t5481w0,2021,15
2026-03-20#t2164w0,2026,15
2021-03-24#t1821w4,2021,15
2024-06-06#t17552w0,2024,15
2022-10-25#t8577w4,2022,15
2021-06-03#t3263w3,2021,15
2019-05-31#t2160w0,2019,15
2018-11-01#t500w3,2018,15
2022-05-20#t7233w0,2022,15
2025-05-28#t2791w4,2025,15
2022-11-25#t9933w2,2022,15
2021-12-07#t5258w1,2021,15
2025-06-03#t3139w1,2025,15
2021-11-26#t4780w0,2021,15
2019-11-22#t2473w0,2019,15
2019-05-16#t1835w4,2019,15
2018-11-01#t423w0,2018,15
2024-05-09#t16365w0,2024,15
2024-03-22#t15695w14,2024,15
2024-11-22#t191w0,2024,15
2018-11-02#t520w9,2018,15
2025-03-25#t1394w4,2025,15
2021-06-04#t3365w0,2021,15
2026-05-07#t2873w0,2026,15
2025-11-04#t585w0,2025,15
2025-05-14#t2171w0,2025,15
2019-11-28#t2775w0,2019,15
2019-05-07#t1413w0,2019,15
2020-06-17#t4687w2,2020,15
2025-10-22#t98w0,2025,15
2018-10-25#t120w8,2018,15
2023-03-29#t11261w7,2023,15
2021-11-30#t4823w0,2021,15
2018-10-23#t11w0,2018,15
2020-05-27#t4142w0,2020,15
2026-05-05#t2584w0,2026,15
2024-03-20#t15585w0,2024,15
2023-11-24#t14421w0,2023,15
2022-05-10#t6569w0,2022,15
2021-05-11#t2113w3,2021,15
2021-12-07#t5238w2,2021,15
2022-12-07#t10080w0,2022,15
2024-11-26#t304w6,2024,15
2025-05-13#t2038w0,2025,15
2023-03-28#t11151w1,2023,15
2023-10-20#t13241w0,2023,15
2024-11-26#t276w0,2024,15
2020-12-08#t320w0,2020,15
2022-11-01#t8867w1,2022,15
2020-12-18#t1207w0,2020,15
2025-05-14#t2331w3,2025,15
2019-05-08#t1491w0,2019,15
2026-03-25#t2423w8,2026,15
2021-05-21#t2942w1,2021,15
2023-10-20#t13181w0,2023,15
2024-05-16#t16752w0,2024,15
2024-05-08#t16323w6,2024,15
2022-10-05#t8146w0,2022,15
2023-06-06#t12355w0,2023,15
2024-11-29#t546w12,2024,15
2025-05-06#t1644w0,2025,15
2024-03-22#t15716w0,2024,15
2024-11-26#t319w2,2024,15
2023-03-24#t11013w8,2023,15
2023-03-28#t11152w3,2023,15
2025-10-28#t282w1,2025,15
2025-10-22#t21w0,2025,15
2018-10-24#t29w0,2018,15
2018-11-01#t508w0,2018,15
2024-05-08#t16271w0,2024,15
2024-03-28#t16047w0,2024,15
2025-05-28#t2748w0,2025,15
2024-11-27#t403w0,2024,15
2023-11-29#t14612w0,2023,15
2021-05-18#t2507w0,2021,15
2018-11-02#t520w6,2018,15
2022-06-02#t7599w1,2022,15
2021-06-03#t3266w0,2021,15
2021-06-09#t3504w0,2021,15
2024-06-06#t17546w0,2024,15
2023-11-22#t14200w1,2023,15
2021-05-13#t2353w3,2021,15
2023-10-25#t13431w2,2023,15
2025-11-04#t581w0,2025,15
2023-05-11#t11768w0,2023,15
2024-03-26#t15749w0,2024,15
2022-10-25#t8564w1,2022,15
2019-12-20#t3574w0,2019,15
2021-02-12#t1301w0,2021,15
2024-12-13#t879w0,2024,15
2020-12-11#t725w0,2020,15
2022-03-22#t5992w7,2022,15
2025-05-09#t2018w0,2025,15
2025-10-24#t124w0,2025,15
2022-10-07#t8404w0,2022,15
2023-05-11#t11783w0,2023,15
2022-05-12#t6861w0,2022,15
2021-05-13#t2250w0,2021,15
2019-12-19#t3507w0,2019,15
2020-11-19#t146w15,2020,15
2023-10-24#t13269w0,2023,15
2018-11-23#t664w0,2018,15
2025-10-22#t102w16,2025,15
2025-03-25#t1328w0,2025,15
2020-11-19#t146w19,2020,15
2020-12-08#t354w0,2020,15
2025-05-14#t2211w0,2025,15
2023-11-30#t14708w0,2023,15
2021-05-19#t2606w0,2021,15
2019-12-12#t360w2,2019,15
2019-12-19#t3472w0,2019,15
2024-11-26#t239w0,2024,15
2020-12-10#t664w1,2020,15
2024-12-11#t723w4,2024,15
2023-11-02#t13785w0,2023,15
2022-12-14#t10567w0,2022,15
2020-06-11#t4506w0,2020,15
2022-10-06#t8265w0,2022,15
2025-10-30#t425w0,2025,15
2023-11-01#t13689w0,2023,15
2021-05-12#t2189w0,2021,15
2024-11-22#t150w0,2024,15
2025-05-14#t2243w10,2025,15
2023-11-02#t13826w0,2023,15
2026-03-24#t2264w0,2026,15
2018-10-26#t185w5,2018,15
2024-05-15#t16729w0,2024,15
2020-11-17#t28w2,2020,15
2025-12-02#t1362w0,2025,15
2026-03-25#t2406w1,2026,15
2025-10-29#t345w0,2025,15
2023-10-27#t13587w2,2023,15
2018-12-11#t1020w0,2018,15
2023-12-06#t14958w0,2023,15
2018-11-23#t772w0,2018,15
2022-06-03#t7613w0,2022,15
2025-10-22#t102w8,2025,15
2019-11-27#t145w0,2019,15
2025-06-04#t3152w0,2025,15
2022-11-03#t9104w0,2022,15
2022-03-31#t6471w5,2022,15
2021-06-01#t3034w1,2021,15
2026-03-18#t2080w0,2026,15
2019-03-22#t1307w1,2019,15
2020-03-13#t3861w0,2020,15
2022-10-12#t8513w0,2022,15
2024-06-07#t17753w1,2024,15
2023-03-29#t11261w3,2023,15
2018-10-31#t386w11,2018,15
2025-10-31#t538w3,2025,15
2024-12-10#t622w1,2024,15
2023-12-13#t15427w0,2023,15
2019-12-19#t3537w0,2019,15
2022-10-25#t8576w3,2022,15
2021-05-21#t2859w0,2021,15
2024-06-06#t17626w4,2024,15
2018-11-23#t653w0,2018,15
2025-10-24#t150w0,2025,15
2019-11-19#t116w10,2019,15
2024-11-27#t387w0,2024,15
2022-12-08#t10353w0,2022,15
2018-10-26#t186w3,2018,15
2023-11-02#t13849w1,2023,15
2019-05-10#t32w0,2019,15
2022-12-06#t9971w0,2022,15
2020-03-13#t3940w9,2020,15
2025-11-04#t600w0,2025,15
2022-06-02#t7582w2,2022,15
2022-10-28#t8759w0,2022,15
2025-12-11#t1891w0,2025,15
2019-05-10#t108w0,2019,15
2020-12-18#t1279w0,2020,15
2021-06-03#t3244w6,2021,15
2024-11-27#t345w0,2024,15
2023-11-03#t13975w1,2023,15
2021-02-12#t1322w0,2021,15
2020-12-15#t777w0,2020,15
2021-05-12#t2211w5,2021,15
2020-11-19#t146w18,2020,15
2021-11-02#t3780w0,2021,15
2023-03-29#t11245w17,2023,15
2026-03-24#t2275w0,2026,15
2023-12-01#t14766w0,2023,15
2025-05-14#t2198w0,2025,15
2018-10-26#t198w3,2018,15
2018-10-31#t379w11,2018,15
2021-05-13#t2313w0,2021,15
2020-11-19#t146w6,2020,15
2024-05-07#t16215w2,2024,15
2025-03-25#t1362w1,2025,15
2026-05-14#t3159w1,2026,15
2024-05-15#t16636w0,2024,15
2020-05-26#t4079w0,2020,15
2023-05-17#t11943w0,2023,15
2024-05-10#t16503w0,2024,15
2023-06-08#t12532w1,2023,15
2023-11-22#t14186w0,2023,15
2024-12-12#t756w0,2024,15
2019-05-07#t1353w0,2019,15
2023-12-01#t14828w12,2023,15
2022-05-12#t6752w0,2022,15
2025-03-19#t1154w2,2025,15
2024-05-30#t17207w0,2024,15
2025-11-21#t1275w0,2025,15
2019-11-28#t2849w1,2019,15
2019-12-11#t3063w0,2019,15
2022-12-06#t9964w0,2022,15
2026-05-07#t2807w0,2026,15
2025-11-06#t770w0,2025,15
2023-11-02#t13880w4,2023,15
2021-11-04#t4120w0,2021,15
2025-11-05#t633w0,2025,15
2025-03-18#t959w1,2025,15
2023-03-21#t10839w11,2023,15
2024-12-11#t723w1,2024,15
2019-12-11#t3102w0,2019,15
2021-12-15#t5738w0,2021,15
2025-11-06#t797w4,2025,15
2018-12-12#t1112w0,2018,15
2022-10-28#t8689w0,2022,15
2023-11-03#t13895w0,2023,15
2022-10-04#t8075w0,2022,15
2020-11-20#t182w0,2020,15
2018-10-26#t199w4,2018,15
2025-03-26#t1444w0,2025,15
2022-10-07#t8396w0,2022,15
2025-10-28#t289w3,2025,15
2022-10-05#t8211w1,2022,15
2018-10-31#t373w12,2018,15
2021-05-11#t2048w0,2021,15
2025-06-05#t3308w0,2025,15
2020-03-13#t3874w0,2020,15
2023-10-24#t13340w10,2023,15
2019-11-27#t126w0,2019,15
2025-05-29#t2921w0,2025,15
2021-11-10#t4385w0,2021,15
2026-05-08#t2914w0,2026,15
2025-10-29#t342w0,2025,15
2021-05-19#t2614w0,2021,15
2025-12-12#t2028w0,2025,15
2026-03-25#t2359w0,2026,15
2025-10-30#t532w0,2025,15
2020-12-17#t1141w0,2020,15
2019-05-31#t2205w0,2019,15
2023-11-02#t13786w0,2023,15
2025-11-05#t680w0,2025,15
2021-11-04#t4076w3,2021,15
2019-05-14#t1646w1,2019,15
2025-12-04#t1469w0,2025,15
2025-05-09#t1981w0,2025,15
2025-06-05#t3290w0,2025,15
2023-10-18#t13117w0,2023,15
2021-06-04#t3328w0,2021,15
2025-12-10#t1731w0,2025,15
2025-03-26#t1514w6,2025,15
2021-06-11#t3757w1,2021,15
2025-05-13#t2091w0,2025,15
2024-05-14#t16587w0,2024,15
2020-11-17#t35w0,2020,15
2021-06-11#t3709w0,2021,15
2024-11-20#t67w0,2024,15
2022-11-15#t9219w0,2022,15
2025-03-19#t1156w0,2025,15
2024-06-05#t17449w0,2024,15
2026-05-13#t3086w1,2026,15
2025-06-03#t3076w0,2025,15
2023-10-24#t13338w4,2023,15
2025-06-03#t3124w0,2025,15
2021-03-24#t1738w0,2021,15
2022-05-19#t7095w0,2022,15
2024-11-27#t348w0,2024,15
2022-10-05#t8187w0,2022,15
2021-03-18#t1527w19,2021,15
2024-05-28#t17036w5,2024,15
2024-05-08#t16345w2,2024,15
2026-03-26#t2464w0,2026,15
2021-03-24#t1796w0,2021,15
2021-12-16#t5807w0,2021,15
2021-11-23#t4510w0,2021,15
2021-11-30#t4847w0,2021,15
2023-10-25#t13356w0,2023,15
2021-05-13#t2326w2,2021,15
2023-05-09#t11452w0,2023,15
2025-06-04#t3203w0,2025,15
2022-06-01#t7403w0,2022,15
2021-05-12#t2226w0,2021,15
2022-05-17#t7009w0,2022,15
2023-11-02#t13821w0,2023,15
2019-05-08#t1438w0,2019,15
2020-11-18#t111w0,2020,15
2025-12-04#t1461w0,2025,15
2024-05-09#t16450w4,2024,15
2026-05-05#t2636w1,2026,15
2021-12-07#t5228w0,2021,15
2024-12-11#t661w0,2024,15
2021-03-26#t1983w9,2021,15
2021-05-19#t2691w3,2021,15
2021-11-26#t4770w0,2021,15
2023-10-25#t13425w1,2023,15
2019-11-28#t2850w0,2019,15
2021-05-13#t2246w0,2021,15
2024-03-22#t15720w1,2024,15
2024-05-15#t16728w0,2024,15
2026-05-13#t3001w0,2026,15
2023-05-17#t11974w0,2023,15
2026-03-25#t2417w0,2026,15
2023-10-17#t13058w9,2023,15
2023-10-20#t13228w0,2023,15
2022-11-17#t9464w0,2022,15
2018-11-23#t751w2,2018,15
2022-05-12#t6764w0,2022,15
2023-06-14#t12748w0,2023,15
2020-11-18#t60w0,2020,15
2019-12-10#t2902w0,2019,15
2021-03-17#t1436w0,2021,15
2021-12-15#t5770w0,2021,15
2021-03-25#t1876w0,2021,15
2021-11-02#t3844w0,2021,15
2022-12-07#t10084w0,2022,15
2020-06-16#t4541w0,2020,15
2025-03-26#t1414w0,2025,15
2018-10-25#t120w5,2018,15
2021-12-07#t5299w5,2021,15
2020-12-08#t434w6,2020,15
2023-10-18#t13079w0,2023,15
2020-12-15#t772w0,2020,15
2023-05-18#t12099w0,2023,15
2019-12-19#t3474w0,2019,15
2025-05-13#t2041w0,2025,15
2022-03-29#t6219w0,2022,15
2025-06-03#t3061w0,2025,15
2024-03-19#t15515w1,2024,15
2020-06-10#t4338w0,2020,15
2022-06-07#t7734w0,2022,15
2024-11-19#t9w5,2024,15
2021-11-04#t4019w0,2021,15
2025-05-09#t2001w0,2025,15
2026-05-07#t2823w0,2026,15
2019-11-22#t2576w0,2019,15
2019-11-27#t261w15,2019,15
2025-11-05#t646w0,2025,15
2024-12-11#t728w5,2024,15
2023-10-25#t13406w2,2023,15
2021-03-18#t1527w15,2021,15
2026-05-14#t3151w0,2026,15
2023-05-09#t11509w2,2023,15
2023-06-06#t12299w0,2023,15
2025-12-09#t1635w0,2025,15
2021-12-17#t5920w0,2021,15
2023-11-03#t13969w5,2023,15
2021-11-05#t4138w0,2021,15
2021-05-12#t2120w0,2021,15
2023-12-06#t14964w0,2023,15
2022-12-14#t10532w0,2022,15
2025-12-04#t1458w0,2025,15
2024-03-27#t15979w3,2024,15
2025-10-24#t195w5,2025,15
2026-03-26#t2480w0,2026,15
2019-05-10#t88w0,2019,15
2021-02-12#t1379w0,2021,15
2023-05-10#t11555w0,2023,15
2019-11-28#t2817w1,2019,15
2022-11-16#t9262w0,2022,15
2021-03-17#t1480w0,2021,15
2019-05-16#t1850w2,2019,15
2022-12-13#t10438w0,2022,15
2025-03-26#t1413w0,2025,15
2024-11-26#t272w0,2024,15
2021-05-20#t2816w7,2021,15
2024-05-07#t16190w0,2024,15
2023-05-17#t11940w0,2023,15
2023-10-25#t13431w1,2023,15
2021-11-12#t4402w0,2021,15
2022-05-20#t7281w13,2022,15
2023-11-03#t13909w0,2023,15
2023-05-17#t12026w1,2023,15
2019-12-10#t2981w2,2019,15
2025-10-30#t511w2,2025,15
2018-10-26#t198w2,2018,15
2025-11-07#t904w0,2025,15
2021-11-12#t4476w3,2021,15
2025-12-04#t1472w0,2025,15
2025-05-28#t2805w1,2025,15
2021-11-23#t4511w0,2021,15
2022-05-12#t6758w0,2022,15
2018-11-02#t520w5,2018,15
2023-10-26#t13579w1,2023,15
2025-03-19#t973w0,2025,15
2025-05-29#t2886w0,2025,15
2025-10-29#t347w0,2025,15
2020-06-11#t4417w0,2020,15
2024-03-22#t15705w3,2024,15
2018-11-28#t985w0,2018,15
2019-05-16#t1800w0,2019,15
2021-12-03#t5067w0,2021,15
2021-11-30#t4848w0,2021,15
2019-11-27#t230w5,2019,15
2022-12-16#t10770w0,2022,15
2018-11-23#t740w6,2018,15
2019-12-18#t3450w0,2019,15
2023-03-30#t11287w0,2023,15
2022-06-01#t7364w0,2022,15
2025-11-05#t615w0,2025,15
2024-03-19#t15511w2,2024,15
2024-05-07#t16113w0,2024,15
2024-11-20#t123w2,2024,15
2021-05-11#t2052w0,2021,15
2025-11-18#t1004w2,2025,15
2025-12-10#t1752w0,2025,15
2023-12-06#t14966w0,2023,15
2019-03-22#t1314w13,2019,15
2023-06-13#t12707w0,2023,15
2025-05-09#t2015w0,2025,15
2019-11-22#t2562w9,2019,15
2022-11-03#t9099w3,2022,15
2025-11-06#t774w0,2025,15
2023-12-01#t14828w8,2023,15
2020-12-09#t520w0,2020,15
2018-11-27#t840w10,2018,15
2023-06-08#t12528w2,2023,15
2026-03-25#t2378w0,2026,15
2026-03-24#t2327w3,2026,15
2019-12-11#t3113w2,2019,15
2019-12-13#t3203w0,2019,15
2020-12-17#t1173w0,2020,15
2022-03-25#t6129w0,2022,15
2023-10-25#t13412w0,2023,15
2019-12-10#t2966w0,2019,15
2021-12-09#t5550w4,2021,15
2021-11-12#t4446w0,2021,15
2024-12-11#t719w3,2024,15
2018-10-24#t55w0,2018,15
2024-05-09#t16450w5,2024,15
2021-12-08#t5322w0,2021,15
2021-11-25#t4645w0,2021,15
2026-03-18#t2064w0,2026,15
2023-10-25#t13358w0,2023,15
2025-11-07#t854w0,2025,15
2023-06-09#t12642w0,2023,15
2021-12-15#t5739w0,2021,15
2018-10-26#t199w3,2018,15
2022-03-30#t6343w0,2022,15
2025-11-07#t884w0,2025,15
2022-12-16#t10759w0,2022,15
2023-03-24#t10954w0,2023,15
2023-12-12#t15369w0,2023,15
2024-05-17#t16921w0,2024,15
2019-12-11#t3071w2,2019,15
2021-03-19#t1597w0,2021,15
2024-05-16#t16783w0,2024,15
2020-12-09#t484w0,2020,15
2024-12-10#t549w0,2024,15
2026-03-27#t2558w7,2026,15
2023-11-29#t14637w5,2023,15
2021-06-04#t3323w0,2021,15
2025-05-29#t2923w5,2025,15
2021-12-15#t5792w0,2021,15
2024-03-21#t15609w16,2024,15
2024-05-07#t16112w0,2024,15
2018-10-30#t288w12,2018,15
2025-12-10#t1766w0,2025,15
2024-11-26#t312w1,2024,15
2023-03-22#t10884w0,2023,15
2023-05-11#t11762w3,2023,15
2022-11-22#t9593w0,2022,15
2024-05-14#t16566w0,2024,15
2019-05-14#t1561w0,2019,15
2019-05-08#t1445w0,2019,15
2024-11-20#t103w0,2024,15
2018-11-23#t768w0,2018,15
2022-03-29#t6180w0,2022,15
2022-11-22#t9642w0,2022,15
2023-12-07#t15198w3,2023,15
2021-11-24#t4569w0,2021,15
2025-10-21#t5w2,2025,15
2023-05-10#t11534w0,2023,15
2021-03-18#t1527w18,2021,15
2025-05-14#t2232w0,2025,15
2025-11-21#t1259w0,2025,15
2025-05-14#t2243w9,2025,15
2024-11-27#t342w0,2024,15
2023-10-31#t13655w0,2023,15
2023-05-18#t12176w0,2023,15
2023-06-13#t12699w0,2023,15
2024-05-28#t16968w0,2024,15
2024-12-13#t947w0,2024,15
2018-11-28#t952w1,2018,15
2024-03-26#t15788w0,2024,15
2023-10-31#t13652w0,2023,15
2021-05-11#t2057w0,2021,15
2020-06-17#t4625w0,2020,15
2020-12-09#t549w0,2020,15
2022-10-04#t8089w0,2022,15
2026-05-08#t2953w1,2026,15
2025-11-05#t628w0,2025,15
2026-03-24#t2273w0,2026,15
2022-12-14#t10549w0,2022,15
2024-03-28#t16015w0,2024,15
2021-06-03#t3208w0,2021,15
2021-06-04#t3359w0,2021,15
2021-11-12#t4421w0,2021,15
2019-12-11#t3071w0,2019,15
2024-03-19#t15511w5,2024,15
2018-11-01#t507w0,2018,15
2024-05-10#t16487w0,2024,15
2020-06-17#t4668w0,2020,15
2025-11-04#t607w1,2025,15
2022-05-11#t6615w0,2022,15
2024-06-07#t17695w0,2024,15
2020-12-11#t755w2,2020,15
2025-12-05#t1576w0,2025,15
2020-05-27#t4178w0,2020,15
2021-11-05#t4198w1,2021,15
2025-10-30#t485w0,2025,15
2026-03-24#t2305w1,2026,15
2021-06-03#t3263w0,2021,15
2021-05-14#t2391w0,2021,15
2022-11-01#t8867w0,2022,15
2020-06-18#t4808w0,2020,15
2018-11-23#t739w8,2018,15
2023-06-08#t12520w2,2023,15
2021-11-23#t4498w0,2021,15
2022-12-15#t10627w0,2022,15
2025-05-07#t1730w0,2025,15
2019-12-19#t3556w1,2019,15
2025-12-10#t1737w0,2025,15
2022-11-16#t9301w0,2022,15
2019-12-10#t2967w1,2019,15
2020-11-19#t146w11,2020,15
2023-10-25#t13447w0,2023,15
2022-11-17#t9428w1,2022,15
2025-12-10#t1770w0,2025,15
2025-10-30#t475w0,2025,15
2021-11-23#t4507w0,2021,15
2019-03-22#t1309w8,2019,15
2020-06-17#t4702w1,2020,15
2021-11-03#t3891w0,2021,15
2019-05-08#t1523w0,2019,15
2020-12-17#t1148w1,2020,15
2019-12-11#t3056w0,2019,15
2021-06-10#t3630w0,2021,15
2019-05-07#t1354w0,2019,15
2020-11-17#t25w2,2020,15
2020-06-17#t4613w0,2020,15
2021-12-07#t5299w6,2021,15
2018-12-11#t1059w0,2018,15
2021-11-02#t3789w0,2021,15
2023-11-24#t14427w0,2023,15
2020-06-09#t4310w1,2020,15
2019-03-22#t1221w0,2019,15
2022-11-16#t9286w0,2022,15
2024-12-11#t656w0,2024,15
2022-06-07#t7695w0,2022,15
2019-12-12#t337w1,2019,15
2025-10-29#t396w6,2025,15
2024-03-28#t16080w2,2024,15
2021-06-04#t3327w0,2021,15
2021-11-09#t4241w0,2021,15
2025-10-29#t394w0,2025,15
2019-11-26#t2638w0,2019,15
2025-12-09#t1666w0,2025,15
2025-05-29#t2887w0,2025,15
2021-12-09#t5427w0,2021,15
2025-05-08#t1831w0,2025,15
2024-05-09#t16446w4,2024,15
2023-10-24#t13340w4,2023,15
2023-10-24#t13340w0,2023,15
2025-11-07#t869w0,2025,15
2018-11-01#t515w1,2018,15
2019-03-19#t5w8,2019,15
2025-12-03#t1400w0,2025,15
2025-11-18#t971w0,2025,15
2025-03-21#t1247w1,2025,15
2024-11-20#t96w0,2024,15
2022-03-30#t6356w2,2022,15
2020-11-20#t257w1,2020,15
2021-11-04#t4104w1,2021,15
2025-05-08#t1904w4,2025,15
2023-10-24#t13340w12,2023,15
2021-03-26#t1983w0,2021,15
2021-12-10#t5566w0,2021,15
2025-05-29#t2907w11,2025,15
2018-11-27#t843w0,2018,15
2024-06-05#t17442w0,2024,15
2022-06-03#t7647w0,2022,15
2025-05-28#t2688w0,2025,15
2025-05-06#t1651w0,2025,15
2024-03-27#t15971w0,2024,15
2020-06-16#t4530w0,2020,15
2023-06-08#t12532w0,2023,15
2025-03-21#t1183w0,2025,15
2022-05-10#t6495w0,2022,15
2023-11-28#t14453w0,2023,15
2018-10-24#t111w0,2018,15
2023-11-21#t14068w0,2023,15
2026-05-13#t2998w0,2026,15
2019-05-07#t1346w0,2019,15
2023-06-08#t12473w0,2023,15
2019-05-31#t2118w0,2019,15
2021-11-02#t3796w0,2021,15
2025-11-07#t860w0,2025,15
2025-11-20#t1109w0,2025,15
2021-03-16#t1428w1,2021,15
2024-03-28#t16078w0,2024,15
2020-06-11#t4422w0,2020,15
2018-11-28#t891w0,2018,15
2025-03-19#t1156w3,2025,15
2022-12-06#t9986w0,2022,15
2019-05-31#t2297w0,2019,15
2025-05-27#t2605w0,2025,15
2025-11-06#t741w0,2025,15
2020-11-19#t146w17,2020,15
2018-11-21#t556w0,2018,15
2022-12-08#t10237w0,2022,15
2021-06-03#t3196w0,2021,15
2018-11-23#t751w4,2018,15
2024-06-07#t17749w0,2024,15
2021-12-01#t4903w0,2021,15
2020-12-09#t529w2,2020,15
2024-12-12#t788w0,2024,15
2023-10-25#t13459w0,2023,15
2019-12-11#t3103w1,2019,15
2023-03-21#t10839w1,2023,15
2023-11-30#t14660w0,2023,15
2024-05-30#t17227w0,2024,15
2020-12-08#t331w0,2020,15
2025-03-26#t1482w1,2025,15
2024-05-14#t16556w0,2024,15
2018-10-31#t318w0,2018,15
2018-11-28#t921w0,2018,15
2022-12-16#t10788w0,2022,15
2024-05-17#t16950w2,2024,15
2019-11-20#t2424w0,2019,15
2021-12-01#t4928w1,2021,15
2020-11-20#t289w13,2020,15
2025-12-03#t1401w0,2025,15
2019-05-16#t1765w0,2019,15
2022-03-31#t6471w4,2022,15
2023-10-25#t13462w7,2023,15
2025-10-29#t412w2,2025,15
2022-03-25#t6138w6,2022,15
2021-03-25#t1970w2,2021,15
2023-10-17#t13055w2,2023,15
2022-10-28#t8742w0,2022,15
2024-05-15#t16710w0,2024,15
2024-05-07#t16207w0,2024,15
2024-03-26#t15831w12,2024,15
2024-05-07#t16119w0,2024,15
2021-11-23#t4493w0,2021,15
2018-11-27#t846w1,2018,15
2022-05-19#t7153w0,2022,15
2025-06-04#t3189w0,2025,15
2024-05-16#t16826w3,2024,15
2019-12-17#t3273w0,2019,15
2018-11-27#t844w15,2018,15
2023-03-21#t10839w6,2023,15
2025-03-25#t1381w5,2025,15
2025-05-14#t2243w0,2025,15
2026-05-07#t2767w0,2026,15
2025-03-26#t1494w0,2025,15
2022-03-25#t6138w2,2022,15
2022-03-31#t6370w0,2022,15
2019-05-31#t2162w0,2019,15
2023-06-08#t12447w0,2023,15
2021-12-09#t5550w1,2021,15
2026-05-08#t2895w0,2026,15
2021-11-23#t4497w0,2021,15
2025-05-28#t2800w0,2025,15
2021-05-21#t2863w0,2021,15
2025-05-14#t2231w0,2025,15
2021-11-02#t3787w0,2021,15
2024-05-30#t17193w0,2024,15
2024-05-28#t16964w0,2024,15
2025-03-27#t1630w11,2025,15
2022-03-31#t6467w2,2022,15
2020-03-11#t3820w0,2020,15
2019-12-11#t3015w0,2019,15
2025-11-07#t850w0,2025,15
2020-03-10#t3706w0,2020,15
2022-05-11#t6604w0,2022,15
2025-03-27#t1626w0,2025,15
2022-11-03#t9022w0,2022,15
2023-05-11#t11691w0,2023,15
2025-11-21#t1228w0,2025,15
2022-10-04#t8060w0,2022,15
2021-11-30#t4814w0,2021,15
2025-05-07#t1793w4,2025,15
2025-10-31#t540w1,2025,15
2025-03-19#t1117w1,2025,15
2025-10-28#t235w0,2025,15
2024-05-07#t16196w0,2024,15
2025-10-21#t3w0,2025,15
2021-03-25#t1859w0,2021,15
2024-04-02#t16105w9,2024,15
2025-11-06#t733w0,2025,15
2022-10-25#t8576w1,2022,15
2023-12-07#t15139w0,2023,15
2024-03-20#t15553w0,2024,15
2022-12-16#t10799w0,2022,15
2018-11-28#t940w1,2018,15
2023-11-03#t13899w0,2023,15
2025-05-29#t2869w0,2025,15
2024-11-28#t542w7,2024,15
2021-05-21#t2952w0,2021,15
2022-10-26#t8680w0,2022,15
2021-06-08#t3394w0,2021,15
2024-03-28#t16090w4,2024,15
2021-11-04#t4013w0,2021,15
2023-12-12#t15322w0,2023,15
2020-03-13#t3870w0,2020,15
2018-11-23#t654w0,2018,15
2019-05-31#t2195w0,2019,15
2019-05-14#t1647w0,2019,15
2023-11-21#t14026w0,2023,15
2023-06-16#t12972w0,2023,15
2018-11-01#t466w0,2018,15
2019-11-19#t122w2,2019,15
2024-03-20#t15530w0,2024,15
2025-11-04#t583w0,2025,15
2024-05-17#t16945w0,2024,15
2023-11-03#t13908w0,2023,15
2019-11-27#t238w11,2019,15
2024-05-16#t16781w0,2024,15
2022-11-03#t9116w3,2022,15
2018-11-27#t785w0,2018,15
2023-05-18#t12133w0,2023,15
2024-05-28#t17038w2,2024,15
2020-12-08#t430w2,2020,15
2020-06-10#t4320w0,2020,15
2023-10-19#t13175w6,2023,15
2020-12-16#t1057w0,2020,15
2018-11-21#t634w1,2018,15
2022-03-30#t6330w0,2022,15
2025-05-06#t1677w0,2025,15
2020-05-27#t4123w0,2020,15
2024-05-09#t16445w5,2024,15
2026-03-18#t2134w2,2026,15
2021-06-01#t2980w0,2021,15
2018-11-02#t520w11,2018,15
2018-10-26#t197w0,2018,15
2023-10-26#t13553w5,2023,15
2021-12-16#t5879w5,2021,15
2018-11-27#t844w4,2018,15
2018-10-30#t262w0,2018,15
2018-11-01#t493w2,2018,15
2019-12-19#t3556w2,2019,15
2021-05-12#t2206w0,2021,15
2021-06-11#t3757w4,2021,15
2022-05-17#t6965w0,2022,15
2025-03-25#t1285w0,2025,15
2025-12-12#t1953w0,2025,15
2019-12-12#t360w3,2019,15
2023-03-29#t11256w1,2023,15
2023-12-07#t15201w1,2023,15
2018-11-23#t751w1,2018,15
2025-12-03#t1410w0,2025,15
2024-05-08#t16323w0,2024,15
2026-03-24#t2323w7,2026,14
2020-06-16#t4596w0,2020,14
2021-12-03#t5072w0,2021,14
2022-05-11#t6715w0,2022,14
2019-12-12#t365w1,2019,14
2025-10-24#t180w2,2025,14
2023-03-30#t11291w0,2023,14
2025-05-16#t2526w0,2025,14
2020-11-20#t160w0,2020,14
2024-05-09#t16382w0,2024,14
2025-10-29#t340w0,2025,14
2019-12-11#t3003w0,2019,14
2021-11-03#t3977w0,2021,14
2021-12-08#t5306w0,2021,14
2022-11-24#t9826w4,2022,14
2020-12-15#t837w1,2020,14
2021-11-05#t4133w0,2021,14
2023-03-22#t10930w0,2023,14
2025-10-21#t2w2,2025,14
2022-10-06#t8332w2,2022,14
2018-11-21#t557w0,2018,14
2025-05-13#t2089w0,2025,14
2021-12-08#t5413w3,2021,14
2024-06-04#t17408w0,2024,14
2022-06-09#t7855w0,2022,14
2025-03-25#t1393w3,2025,14
2018-10-24#t69w0,2018,14
2023-10-24#t13338w5,2023,14
2020-12-09#t448w0,2020,14
2021-11-09#t4275w0,2021,14
2020-12-15#t828w0,2020,14
2018-11-21#t554w0,2018,14
2023-06-07#t12411w0,2023,14
2018-12-12#t1114w0,2018,14
2022-05-19#t7198w1,2022,14
2022-10-28#t8748w0,2022,14
2025-10-24#t155w0,2025,14
2026-03-18#t2052w0,2026,14
2026-03-25#t2369w0,2026,14
2025-03-19#t1062w0,2025,14
2020-12-09#t554w0,2020,14
2022-06-01#t7375w0,2022,14
2022-06-03#t7621w0,2022,14
2019-12-10#t2958w0,2019,14
2025-06-03#t3096w0,2025,14
2023-12-12#t15382w0,2023,14
2021-12-07#t5195w0,2021,14
2020-06-18#t4736w0,2020,14
2020-06-11#t4490w1,2020,14
2021-03-25#t1845w0,2021,14
2025-12-03#t1389w0,2025,14
2023-11-23#t14309w0,2023,14
2024-12-13#t876w0,2024,14
2025-10-30#t478w0,2025,14
2021-06-01#t2976w0,2021,14
2024-05-09#t16367w0,2024,14
2023-10-25#t13460w15,2023,14
2019-11-27#t217w0,2019,14
2022-12-13#t10494w0,2022,14
2023-05-17#t11958w0,2023,14
2025-12-11#t1835w0,2025,14
2023-06-07#t12430w0,2023,14
2025-03-25#t1324w0,2025,14
2022-05-19#t7210w3,2022,14
2019-05-28#t1968w0,2019,14
2019-12-13#t3147w0,2019,14
2025-05-06#t1634w0,2025,14
2024-05-07#t16223w0,2024,14
2019-12-20#t3576w0,2019,14
2025-12-02#t1308w0,2025,14
2023-05-18#t12073w0,2023,14
2021-05-20#t2818w3,2021,14
2018-10-23#t18w0,2018,14
2021-05-21#t2860w0,2021,14
2021-05-18#t2523w0,2021,14
2022-12-15#t10709w0,2022,14
2025-11-07#t901w1,2025,14
2021-12-02#t5031w1,2021,14
2021-06-01#t2977w0,2021,14
2020-05-27#t4175w0,2020,14
2025-10-31#t539w7,2025,14
2021-12-03#t5070w0,2021,14
2019-05-14#t1642w0,2019,14
2024-11-26#t294w0,2024,14
2025-10-24#t180w4,2025,14
2021-11-09#t4219w0,2021,14
2021-06-02#t3143w3,2021,14
2025-05-14#t2214w0,2025,14
2024-05-08#t16342w1,2024,14
2022-03-23#t5998w0,2022,14
2025-10-24#t188w9,2025,14
2025-11-19#t1031w0,2025,14
2021-05-11#t2066w0,2021,14
2025-12-05#t1590w0,2025,14
2019-05-16#t1882w2,2019,14
2018-10-26#t188w2,2018,14
2022-03-25#t6138w0,2022,14
2022-11-22#t9636w0,2022,14
2023-10-24#t13340w6,2023,14
2021-11-04#t4082w3,2021,14
2022-05-10#t6530w0,2022,14
2019-12-17#t3254w0,2019,14
2018-11-27#t835w0,2018,14
2023-12-13#t15506w0,2023,14
2020-11-18#t64w0,2020,14
2021-03-24#t1728w0,2021,14
2021-11-26#t4737w0,2021,14
2025-11-05#t621w0,2025,14
2025-06-06#t3440w10,2025,14
2026-05-08#t2945w0,2026,14
2026-03-25#t2444w9,2026,14
2025-05-14#t2336w0,2025,14
2023-11-29#t14637w3,2023,14
2025-06-06#t3439w3,2025,14
2025-05-29#t2830w0,2025,14
2022-06-07#t7732w0,2022,14
2025-10-22#t102w15,2025,14
2024-11-28#t537w2,2024,14
2023-06-07#t12381w0,2023,14
2023-10-20#t13226w0,2023,14
2021-02-12#t1375w0,2021,14
2024-05-16#t16742w0,2024,14
2024-06-05#t17453w0,2024,14
2019-11-28#t2769w0,2019,14
2019-05-14#t1616w0,2019,14
2023-05-12#t11801w0,2023,14
2021-12-08#t5349w0,2021,14
2019-11-27#t144w0,2019,14
2022-06-07#t7735w0,2022,14
2019-12-19#t3469w0,2019,14
2025-10-28#t286w4,2025,14
2019-03-29#t9w7,2019,14
2025-10-24#t167w0,2025,14
2018-11-01#t499w0,2018,14
2020-12-08#t330w0,2020,14
2022-06-03#t7608w0,2022,14
2023-11-02#t13880w1,2023,14
2021-03-24#t1805w0,2021,14
2018-12-11#t1028w0,2018,14
2022-12-16#t10797w0,2022,14
2024-11-22#t186w0,2024,14
2025-03-27#t1591w0,2025,14
2020-12-08#t337w0,2020,14
2024-11-28#t468w0,2024,14
2024-05-08#t16359w0,2024,14
2025-11-19#t1082w1,2025,14
2022-05-31#t7302w0,2022,14
2022-05-20#t7237w0,2022,14
2026-05-07#t2775w0,2026,14
2024-11-22#t220w15,2024,14
2020-11-18#t62w0,2020,14
2024-05-14#t16569w0,2024,14
2023-11-03#t13960w0,2023,14
2025-03-25#t1286w0,2025,14
2025-10-28#t275w1,2025,14
2023-10-19#t13169w7,2023,14
2021-11-12#t4398w0,2021,14
2022-03-31#t6382w0,2022,14
2024-05-15#t16637w0,2024,14
2024-05-08#t16248w0,2024,14
2022-12-06#t10027w1,2022,14
2022-10-05#t8144w0,2022,14
2024-12-11#t650w0,2024,14
2023-12-06#t14963w0,2023,14
2022-05-19#t7191w2,2022,14
2026-05-14#t3140w0,2026,14
2025-06-04#t3165w0,2025,14
2018-11-28#t967w7,2018,14
2020-03-11#t3731w0,2020,14
2023-06-08#t12490w0,2023,14
2026-03-25#t2418w5,2026,14
2022-10-07#t8366w0,2022,14
2026-05-07#t2832w1,2026,14
2023-05-10#t11531w0,2023,14
2020-12-10#t591w0,2020,14
2022-03-23#t5999w0,2022,14
2021-11-30#t4851w0,2021,14
2022-12-07#t10138w0,2022,14
2024-12-11#t719w4,2024,14
2019-05-14#t1587w0,2019,14
2023-05-18#t12159w3,2023,14
2024-11-28#t509w0,2024,14
2020-03-11#t3785w0,2020,14
2024-06-07#t17683w0,2024,14
2021-06-01#t2985w0,2021,14
2025-11-19#t1040w0,2025,14
2019-11-27#t140w0,2019,14
2021-05-21#t2945w0,2021,14
2023-12-12#t15409w0,2023,14
2021-03-23#t1637w0,2021,14
2023-11-30#t14674w0,2023,14
2025-11-04#t590w0,2025,14
2024-11-28#t545w5,2024,14
2025-05-07#t1733w0,2025,14
2025-11-21#t1232w0,2025,14
2018-11-21#t570w0,2018,14
2018-10-26#t188w4,2018,14
2022-11-22#t9591w0,2022,14
2023-05-11#t11743w0,2023,14
2021-06-03#t3263w2,2021,14
2025-03-27#t1615w0,2025,14
2023-11-22#t14208w0,2023,14
2019-11-27#t230w4,2019,14
2019-05-10#t94w0,2019,14
2022-03-29#t6263w1,2022,14
2018-10-26#t198w9,2018,14
2022-06-02#t7475w0,2022,14
2020-11-20#t249w1,2020,14
2026-05-13#t3033w0,2026,14
2019-11-28#t2719w0,2019,14
2023-12-08#t15293w0,2023,14
2023-12-08#t15309w0,2023,14
2021-12-02#t5045w1,2021,14
2021-12-14#t5695w0,2021,14
2023-05-17#t11990w0,2023,14
2025-10-22#t15w0,2025,14
2026-03-20#t2145w0,2026,14
2022-12-06#t9972w0,2022,14
2023-05-12#t11827w0,2023,14
2025-03-27#t1630w7,2025,14
2024-03-21#t15609w14,2024,14
2023-12-08#t15270w0,2023,14
2025-10-30#t518w0,2025,14
2025-06-05#t3245w0,2025,14
2023-10-25#t13455w10,2023,14
2022-11-01#t8793w0,2022,14
2021-11-25#t4698w1,2021,14
2023-03-28#t11076w0,2023,14
2021-12-15#t5748w0,2021,14
2025-05-27#t2572w0,2025,14
2026-03-26#t2477w0,2026,14
2025-05-28#t2749w0,2025,14
2018-11-01#t506w1,2018,14
2019-11-20#t2444w0,2019,14
2022-03-25#t6147w0,2022,14
2022-11-15#t9227w0,2022,14
2024-03-28#t16090w5,2024,14
2024-05-09#t16453w0,2024,14
2021-06-09#t3499w0,2021,14
2022-10-26#t8661w0,2022,14
2023-06-08#t12457w0,2023,14
2023-10-18#t13075w0,2023,14
2025-03-27#t1592w0,2025,14
2019-11-27#t133w0,2019,14
2023-03-22#t10861w0,2023,14
2023-06-07#t12443w0,2023,14
2020-06-17#t4681w0,2020,14
2018-11-21#t560w0,2018,14
2024-06-04#t17437w4,2024,14
2021-11-24#t4557w0,2021,14
2022-12-08#t10230w0,2022,14
2022-11-23#t9712w0,2022,14
2025-03-26#t1419w0,2025,14
2023-11-21#t14027w0,2023,14
2023-05-09#t11454w0,2023,14
2026-03-25#t2407w1,2026,14
2024-05-28#t17028w1,2024,14
2025-05-15#t2438w2,2025,14
2024-05-15#t16718w0,2024,14
2021-11-23#t4533w0,2021,14
2019-11-26#t2695w0,2019,14
2019-12-11#t3052w0,2019,14
2022-06-09#t7848w0,2022,14
2025-06-04#t3223w0,2025,14
2025-03-21#t1240w0,2025,14
2018-11-27#t880w0,2018,14
2021-11-24#t4603w0,2021,14
2026-05-07#t2822w0,2026,14
2022-03-29#t6243w1,2022,14
2021-05-14#t2395w0,2021,14
2021-11-05#t4137w0,2021,14
2025-12-02#t1371w0,2025,14
2023-06-14#t12735w0,2023,14
2023-10-26#t13537w0,2023,14
2022-05-18#t7046w0,2022,14
2025-12-10#t1734w0,2025,14
2023-06-14#t12800w0,2023,14
2024-05-08#t16311w0,2024,14
2026-03-25#t2449w2,2026,14
2022-10-26#t8602w0,2022,14
2022-11-25#t9917w9,2022,14
2026-03-25#t2357w0,2026,14
2023-10-24#t13344w3,2023,14
2021-05-20#t2835w3,2021,14
2021-05-12#t2188w0,2021,14
2018-11-01#t445w0,2018,14
2021-11-05#t4206w0,2021,14
2021-11-24#t4558w0,2021,14
2026-05-07#t2819w0,2026,14
2019-05-08#t1444w0,2019,14
2021-06-04#t3318w0,2021,14
2022-03-31#t6451w4,2022,14
2018-11-02#t520w3,2018,14
2022-06-10#t7997w0,2022,14
2019-12-20#t3596w0,2019,14
2023-05-17#t11968w0,2023,14
2023-10-17#t13052w1,2023,14
2025-03-27#t1534w0,2025,14
2025-03-19#t1115w1,2025,14
2025-06-05#t3273w0,2025,14
2024-11-22#t175w0,2024,14
2020-12-17#t1092w0,2020,14
2022-10-05#t8153w0,2022,14
2024-12-12#t802w0,2024,14
2022-05-19#t7091w0,2022,14
2022-05-10#t6566w1,2022,14
2025-10-29#t372w0,2025,14
2018-10-26#t188w5,2018,14
2021-11-23#t4544w0,2021,14
2022-06-02#t7585w8,2022,14
2020-12-17#t1187w0,2020,14
2023-10-25#t13443w1,2023,14
2023-06-15#t12950w1,2023,14
2022-11-01#t8851w1,2022,14
2018-10-30#t278w6,2018,14
2023-06-15#t12948w1,2023,14
2019-11-20#t2345w0,2019,14
2023-03-30#t11415w4,2023,14
2025-11-04#t556w0,2025,14
2024-03-28#t16097w1,2024,14
2018-11-28#t971w9,2018,14
2025-10-24#t123w0,2025,14
2025-05-13#t2034w0,2025,14
2019-11-27#t216w0,2019,14
2022-11-02#t8951w1,2022,14
2023-06-09#t12566w0,2023,14
2018-11-28#t932w0,2018,14
2019-12-12#t273w0,2019,14
2022-11-18#t9504w0,2022,14
2025-12-09#t1664w0,2025,14
2022-11-03#t9093w7,2022,14
2025-03-26#t1404w0,2025,13
2021-11-04#t4065w0,2021,13
2023-05-09#t11498w0,2023,13
2023-11-30#t14721w3,2023,13
2022-05-10#t6560w0,2022,13
2019-12-12#t274w0,2019,13
2021-05-19#t2607w0,2021,13
2018-10-31#t329w0,2018,13
2025-05-13#t2033w0,2025,13
2023-03-29#t11271w1,2023,13
2025-11-07#t852w0,2025,13
2024-06-04#t17373w0,2024,13
2021-12-09#t5553w6,2021,13
2024-06-04#t17376w0,2024,13
2021-12-01#t4925w0,2021,13
2023-10-31#t13608w0,2023,13
2022-03-25#t6162w3,2022,13
2022-12-08#t10285w0,2022,13
2025-11-19#t1088w0,2025,13
2023-05-19#t12199w0,2023,13
2018-12-12#t1158w0,2018,13
2023-06-16#t12990w0,2023,13
2025-03-21#t1228w0,2025,13
2023-03-29#t11166w0,2023,13
2021-11-26#t4733w0,2021,13
2025-06-05#t3300w0,2025,13
2024-11-20#t39w0,2024,13
2024-05-10#t16509w0,2024,13
2025-12-11#t1806w0,2025,13
2025-11-04#t546w0,2025,13
2021-11-23#t4547w0,2021,13
2023-12-01#t14814w0,2023,13
2021-06-01#t2988w0,2021,13
2020-12-16#t859w0,2020,13
2021-05-11#t2113w2,2021,13
2024-03-20#t15595w0,2024,13
2023-11-30#t14720w0,2023,13
2018-10-30#t293w7,2018,13
2023-11-03#t13900w0,2023,13
2023-03-28#t11063w0,2023,13
2021-11-04#t4040w0,2021,12
2024-05-28#t16960w0,2024,12
2025-11-05#t622w0,2025,12
2021-11-09#t4267w0,2021,12
2025-12-11#t1825w0,2025,12
2020-12-09#t442w0,2020,12
2023-05-16#t11863w0,2023,12
2023-05-11#t11761w0,2023,12
2024-05-10#t16486w0,2024,12
2023-10-25#t13460w14,2023,12
2019-11-20#t2340w0,2019,12
2024-12-13#t882w0,2024,12
2018-10-26#t185w11,2018,12
2021-03-19#t1613w7,2021,12
2019-05-16#t1835w1,2019,12
2025-03-19#t1009w0,2025,12
2021-12-17#t5919w0,2021,12
2023-06-15#t12950w0,2023,12
2020-12-10#t624w0,2020,12
2023-11-02#t13804w0,2023,12
2019-12-10#t2967w0,2019,12
2025-12-11#t1807w1,2025,12
2023-05-11#t11761w3,2023,12
2022-03-23#t6011w0,2022,12
2021-06-11#t3729w0,2021,12
2021-03-24#t1815w1,2021,12
2022-12-06#t10028w1,2022,12
2019-05-28#t1969w0,2019,12
2024-05-30#t17229w5,2024,12
2026-05-06#t2729w1,2026,12
2024-03-27#t15983w2,2024,12
2026-03-18#t2082w0,2026,12
2024-03-28#t16076w2,2024,12
2024-05-17#t16852w0,2024,12
2019-05-31#t2134w0,2019,12
2023-10-20#t13259w0,2023,12
2019-11-22#t2471w0,2019,12
2024-03-26#t15737w0,2024,12
2025-11-07#t915w2,2025,12
2018-11-01#t440w0,2018,12
2018-11-28#t971w3,2018,12
2019-05-16#t1848w5,2019,12
2018-12-11#t1001w0,2018,12
2022-11-23#t9696w0,2022,12
2025-03-21#t1222w0,2025,12
2018-11-27#t844w14,2018,12
2023-03-28#t11064w0,2023,12
2022-10-07#t8364w0,2022,12
2024-03-27#t15908w0,2024,12
2025-05-27#t2670w1,2025,12
2021-11-09#t4225w0,2021,12
2021-05-21#t2892w0,2021,12
2019-12-12#t361w2,2019,12
2021-03-24#t1821w11,2021,12
2022-11-22#t9602w0,2022,12
2022-11-03#t9057w0,2022,12
2023-12-06#t15075w0,2023,12
2019-03-22#t1304w0,2019,12
2024-06-04#t17370w0,2024,12
2019-11-27#t232w1,2019,12
2018-10-23#t18w1,2018,12
2021-12-03#t5061w0,2021,12
2021-05-12#t2131w0,2021,12
2026-03-26#t2469w0,2026,12
2019-05-10#t34w0,2019,12
2022-06-10#t8029w0,2022,12
2019-05-10#t95w0,2019,12
2018-11-28#t984w0,2018,12
2026-05-06#t2708w1,2026,12
2019-05-16#t1775w0,2019,12
2025-12-11#t1861w0,2025,12
2023-06-16#t13001w0,2023,12
2019-11-26#t2611w0,2019,12
2022-10-26#t8583w0,2022,12
2021-05-20#t2820w3,2021,12
2023-11-29#t14575w0,2023,12
2022-03-29#t6258w1,2022,12
2022-12-08#t10241w0,2022,12
2022-06-10#t8029w1,2022,12
2025-11-20#t1163w0,2025,12
2023-05-10#t11523w0,2023,12
2018-10-31#t379w9,2018,12
2022-11-02#t8884w0,2022,12
2022-11-18#t9499w0,2022,12
2026-03-26#t2485w0,2026,12
2024-05-08#t16281w0,2024,12
2021-12-09#t5423w0,2021,12
2022-11-24#t9731w0,2022,12
2023-03-23#t10941w2,2023,12
2024-11-28#t529w3,2024,12
2022-05-11#t6703w0,2022,12
2020-11-20#t269w0,2020,12
2023-12-01#t14826w0,2023,12
2024-11-28#t542w0,2024,12
2024-11-28#t545w7,2024,12
2025-03-25#t1330w0,2025,12
2020-05-27#t4189w0,2020,12
2024-11-28#t463w0,2024,12
2023-05-10#t11541w0,2023,12
2026-03-18#t2135w16,2026,12
2023-12-08#t15284w0,2023,12
2023-05-11#t11767w2,2023,12
2024-03-27#t15855w0,2024,12
2019-05-08#t1516w1,2019,12
2020-12-15#t807w0,2020,12
2023-03-30#t11399w1,2023,12
2018-11-22#t648w1,2018,12
2023-03-29#t11266w5,2023,12
2024-05-07#t16169w0,2024,12
2021-11-10#t4348w0,2021,12
2021-06-01#t3015w0,2021,12
2019-12-12#t349w0,2019,12
2019-12-11#t3006w0,2019,12
2023-11-29#t14606w0,2023,12
2022-12-14#t10529w0,2022,12
2022-03-30#t6271w0,2022,12
2023-05-19#t12234w0,2023,12
2025-12-10#t1764w0,2025,12
2023-10-31#t13637w0,2023,12
2024-05-07#t16178w0,2024,12
2025-10-22#t51w0,2025,12
2025-06-05#t3252w0,2025,12
2022-03-30#t6282w0,2022,12
2018-10-24#t33w0,2018,12
2023-05-10#t11530w0,2023,12
2024-05-17#t16846w0,2024,12
2025-06-04#t3146w0,2025,12
2024-11-27#t443w0,2024,12
2021-03-23#t1625w0,2021,12
2024-12-11#t672w0,2024,12
2019-12-17#t3270w0,2019,12
2024-11-27#t406w1,2024,12
2024-05-16#t16829w0,2024,12
2023-11-28#t14517w1,2023,12
2023-10-25#t13362w0,2023,12
2025-10-22#t49w0,2025,12
2023-05-16#t11881w0,2023,12
2022-03-29#t6259w11,2022,12
2022-11-25#t9930w0,2022,12
2022-11-03#t9067w0,2022,12
2023-10-20#t13223w0,2023,12
2021-03-24#t1821w6,2021,12
2023-10-25#t13408w0,2023,12
2024-11-27#t371w0,2024,12
2022-12-16#t10765w0,2022,12
2018-11-27#t840w8,2018,12
2025-03-21#t1250w13,2025,12
2024-05-08#t16241w0,2024,12
2024-11-19#t13w3,2024,12
2023-11-29#t14540w0,2023,12
2020-06-16#t4535w0,2020,12
2022-12-07#t10083w0,2022,12
2023-10-19#t13172w0,2023,12
2018-12-12#t1117w0,2018,12
2021-05-20#t2835w5,2021,12
2019-03-21#t1199w12,2019,12
2022-10-26#t8590w0,2022,12
2023-05-19#t12195w0,2023,12
2023-10-18#t13073w0,2023,12
2019-12-17#t3253w0,2019,12
2024-05-28#t17043w1,2024,12
2025-10-24#t118w0,2025,12
2023-03-29#t11256w8,2023,12
2021-03-18#t1527w20,2021,12
2020-12-16#t1055w0,2020,12
2020-06-10#t4398w0,2020,12
2022-03-31#t6451w2,2022,12
2019-05-10#t39w0,2019,12
2024-11-20#t88w0,2024,12
2020-06-10#t4361w0,2020,12
2025-03-19#t1133w0,2025,12
2019-11-22#t2563w2,2019,12
2021-11-12#t4396w0,2021,12
2023-03-29#t11261w8,2023,12
2022-12-09#t10387w0,2022,12
2023-11-02#t13829w0,2023,12
2022-10-07#t8374w0,2022,12
2024-05-16#t16829w5,2024,12
2023-05-11#t11712w0,2023,12
2023-11-01#t13772w0,2023,12
2024-12-11#t648w0,2024,12
2025-11-18#t960w0,2025,12
2025-05-13#t2072w0,2025,12
2022-11-02#t8893w0,2022,12
2018-11-27#t786w0,2018,12
2022-03-23#t6058w0,2022,12
2020-11-18#t51w0,2020,12
2020-06-17#t4656w0,2020,12
2022-11-22#t9606w0,2022,12
2021-06-10#t3677w0,2021,12
2020-11-20#t252w0,2020,12
2026-05-06#t2741w1,2026,12
2023-05-18#t12133w1,2023,12
2020-11-20#t165w0,2020,12
2022-11-01#t8816w0,2022,12
2022-03-30#t6353w1,2022,12
2025-11-07#t906w0,2025,12
2023-12-07#t15199w4,2023,12
2020-12-17#t1141w1,2020,12
2019-05-07#t1383w0,2019,12
2019-03-22#t1314w4,2019,12
2019-12-12#t365w3,2019,12
2018-10-31#t406w0,2018,12
2023-06-13#t12711w0,2023,12
2024-05-28#t17031w3,2024,12
2021-11-25#t4708w3,2021,12
2021-11-04#t4007w0,2021,12
2024-03-28#t16043w0,2024,12
2021-11-30#t4817w0,2021,12
2023-11-28#t14439w0,2023,12
2018-11-23#t739w15,2018,12
2023-11-29#t14537w0,2023,12
2019-03-22#t1256w0,2019,12
2025-11-18#t948w0,2025,12
2020-05-27#t4144w0,2020,12
2022-06-03#t7619w0,2022,12
2021-11-26#t4734w0,2021,12
2025-05-09#t2018w2,2025,12
2023-06-09#t12550w0,2023,12
2019-05-08#t1455w0,2019,12
2020-12-15#t832w0,2020,12
2022-03-29#t6210w0,2022,12
2019-11-20#t2344w0,2019,12
2019-11-22#t2535w0,2019,12
2023-03-30#t11387w1,2023,12
2025-03-21#t1255w1,2025,12
2022-11-24#t9804w5,2022,12
2023-03-30#t11403w0,2023,12
2022-06-01#t7436w0,2022,12
2021-06-03#t3238w1,2021,12
2021-03-19#t1539w0,2021,12
2025-05-13#t2087w0,2025,12
2023-05-09#t11512w1,2023,12
2019-12-17#t3271w0,2019,12
2018-11-01#t484w0,2018,12
2023-11-23#t14251w0,2023,12
2020-06-09#t4269w0,2020,12
2021-06-11#t3747w0,2021,12
2023-12-05#t14931w7,2023,12
2018-10-26#t197w3,2018,12
2022-03-24#t6069w0,2022,12
2025-05-27#t2644w0,2025,12
2022-12-07#t10091w0,2022,12
2024-05-30#t17145w0,2024,12
2025-03-27#t1561w0,2025,12
2021-03-23#t1652w0,2021,12
2026-03-24#t2327w2,2026,12
2025-03-19#t1115w0,2025,12
2023-03-29#t11245w12,2023,12
2024-11-22#t212w5,2024,12
2025-12-04#t1504w0,2025,12
2025-12-02#t1304w0,2025,12
2022-05-13#t6948w1,2022,12
2022-05-31#t7301w0,2022,12
2022-03-29#t6167w0,2022,12
2026-05-13#t3090w0,2026,12
2025-05-15#t2434w3,2025,12
2020-12-17#t1119w0,2020,12
2021-06-10#t3683w2,2021,12
2026-05-13#t3086w13,2026,12
2023-06-14#t12785w0,2023,12
2022-05-19#t7120w0,2022,12
2018-10-24#t52w0,2018,12
2019-11-27#t230w11,2019,12
2019-05-14#t1552w0,2019,12
2022-03-25#t6092w0,2022,12
2021-05-20#t2749w0,2021,12
2020-05-26#t4036w0,2020,12
2023-06-15#t12845w0,2023,12
2019-11-27#t238w5,2019,12
2019-12-17#t3265w0,2019,12
2021-12-17#t5913w0,2021,12
2025-10-28#t236w0,2025,12
2022-05-11#t6692w2,2022,12
2023-03-29#t11178w0,2023,12
2022-03-25#t6140w0,2022,12
2023-03-30#t11292w0,2023,12
2021-06-09#t3476w0,2021,12
2023-05-11#t11716w0,2023,12
2020-11-18#t70w0,2020,12
2026-05-14#t3135w0,2026,12
2025-12-10#t1768w0,2025,12
2023-12-07#t15209w0,2023,12
2023-03-30#t11299w0,2023,12
2020-05-26#t4048w0,2020,12
2024-05-16#t16740w0,2024,12
2022-11-18#t9510w0,2022,12
2023-05-11#t11709w0,2023,12
2021-03-24#t1794w1,2021,12
2018-11-27#t846w2,2018,12
2019-12-20#t3644w0,2019,12
2020-03-13#t3901w0,2020,12
2021-03-19#t1574w0,2021,12
2026-03-24#t2322w7,2026,12
2022-12-15#t10737w2,2022,12
2025-10-31#t538w4,2025,12
2024-11-20#t45w0,2024,12
2022-05-10#t6531w0,2022,12
2023-10-18#t13138w0,2023,12
2022-12-13#t10505w2,2022,12
2021-12-02#t5012w5,2021,12
2018-10-26#t193w4,2018,12
2025-05-16#t2504w0,2025,12
2018-12-12#t1155w0,2018,12
2023-03-22#t10932w0,2023,12
2021-12-02#t5024w2,2021,12
2024-05-07#t16137w0,2024,12
2025-05-14#t2331w0,2025,12
2024-11-27#t443w5,2024,12
2023-10-25#t13391w0,2023,12
2023-10-17#t13058w5,2023,12
2018-10-30#t288w4,2018,12
2024-11-26#t313w5,2024,12
2018-11-27#t852w4,2018,12
2021-11-25#t4678w0,2021,12
2025-11-18#t969w0,2025,12
2023-11-03#t13939w0,2023,12
2021-06-09#t3481w0,2021,12
2024-05-16#t16830w2,2024,12
2024-06-06#t17557w0,2024,12
2024-06-05#t17491w0,2024,12
2024-05-28#t17019w0,2024,12
2021-03-17#t1508w0,2021,12
2020-12-11#t755w12,2020,12
2020-12-08#t434w17,2020,12
2022-11-02#t8914w0,2022,12
2026-03-25#t2335w0,2026,12
2022-10-26#t8581w0,2022,12
2023-03-29#t11256w12,2023,12
2025-06-03#t3121w0,2025,12
2025-12-12#t1952w0,2025,12
2022-10-28#t8735w0,2022,12
2024-05-08#t16333w0,2024,12
2026-05-08#t2936w0,2026,12
2018-11-01#t461w3,2018,12
2023-10-25#t13418w0,2023,12
2019-11-26#t2609w0,2019,12
2024-05-14#t16578w0,2024,12
2018-10-23#t18w4,2018,12
2025-12-09#t1692w2,2025,12
2025-06-05#t3265w0,2025,12
2025-12-05#t1566w0,2025,12
2025-10-29#t397w14,2025,12
2024-11-28#t461w0,2024,12
2021-11-05#t4135w0,2021,12
2021-03-25#t1945w1,2021,12
2022-10-25#t8577w0,2022,12
2025-11-04#t569w0,2025,12
2021-05-19#t2630w0,2021,12
2021-06-10#t3551w0,2021,12
2026-03-18#t2095w0,2026,12
2019-12-11#t2996w0,2019,12
2018-11-27#t851w1,2018,12
2018-11-28#t960w0,2018,12
2022-11-23#t9671w0,2022,12
2020-12-10#t587w0,2020,12
2026-05-14#t3126w0,2026,12
2022-11-15#t9145w0,2022,12
2025-10-24#t195w2,2025,12
2025-12-12#t1939w0,2025,12
2025-06-04#t3214w0,2025,12
2025-03-19#t1015w0,2025,12
2018-11-28#t967w8,2018,12
2018-12-12#t1142w0,2018,12
2022-03-30#t6355w5,2022,12
2018-10-26#t190w0,2018,12
2020-11-20#t289w4,2020,12
2018-10-26#t193w9,2018,12
2022-10-07#t8380w0,2022,12
2020-06-11#t4415w0,2020,12
2020-12-08#t393w0,2020,12
2023-12-07#t15172w0,2023,12
2023-06-13#t12654w0,2023,12
2019-11-20#t2367w0,2019,12
2022-03-30#t6353w8,2022,12
2025-03-26#t1469w1,2025,12
2023-12-06#t15055w3,2023,12
2022-11-16#t9283w0,2022,12
2024-05-30#t17244w0,2024,12
2022-03-31#t6463w0,2022,12
2022-10-12#t8521w0,2022,12
2023-12-05#t14857w0,2023,12
2023-10-24#t13324w0,2023,12
2023-06-09#t12614w0,2023,12
2025-11-19#t1074w0,2025,12
2023-05-18#t12159w4,2023,12
2025-05-13#t2071w0,2025,12
2022-11-03#t9037w0,2022,12
2024-12-12#t741w0,2024,12
2021-11-26#t4738w0,2021,12
2024-06-06#t17545w0,2024,12
2025-10-29#t323w0,2025,12
2021-03-17#t1522w4,2021,12
2025-06-05#t3331w2,2025,12
2025-10-28#t282w6,2025,12
2024-05-16#t16736w0,2024,12
2024-12-10#t623w0,2024,12
2023-11-24#t14432w1,2023,12
2024-11-29#t546w4,2024,12
2020-12-09#t456w0,2020,12
2019-05-16#t1766w0,2019,12
2025-10-28#t249w0,2025,12
2024-06-05#t17499w0,2024,12
2025-12-05#t1597w0,2025,12
2019-05-07#t1381w0,2019,12
2023-10-18#t13150w0,2023,12
2023-06-09#t12554w0,2023,12
2024-12-11#t705w0,2024,12
2023-10-26#t13477w0,2023,12
2023-10-20#t13188w0,2023,12
2025-05-09#t1977w0,2025,12
2022-03-24#t6069w1,2022,12
2019-05-14#t1563w0,2019,12
2022-10-07#t8362w0,2022,12
2023-11-02#t13792w0,2023,12
2019-05-16#t1764w0,2019,12
2019-03-19#t5w10,2019,12
2020-11-18#t135w2,2020,12
2022-03-29#t6261w0,2022,12
2021-12-07#t5225w0,2021,12
2023-05-09#t11466w0,2023,12
2022-11-15#t9133w0,2022,12
2023-05-11#t11729w0,2023,12
2021-05-20#t2745w0,2021,12
2022-12-06#t10056w2,2022,12
2023-05-09#t11513w0,2023,12
2018-10-26#t190w10,2018,12
2023-11-28#t14456w0,2023,12
2023-05-10#t11653w1,2023,12
2019-12-18#t3407w0,2019,12
2023-12-05#t14860w0,2023,12
2020-12-08#t434w2,2020,12
2025-10-28#t202w0,2025,12
2018-10-31#t319w0,2018,12
2020-06-18#t4726w0,2020,12
2024-05-17#t16871w0,2024,12
2020-12-17#t1148w7,2020,12
2023-05-18#t12097w0,2023,12
2022-11-15#t9208w1,2022,12
2018-11-28#t970w2,2018,12
2020-12-11#t692w0,2020,12
2025-03-21#t1209w0,2025,12
2023-11-02#t13793w0,2023,12
2023-06-07#t12405w0,2023,12
2018-12-12#t1127w0,2018,12
2022-12-07#t10138w3,2022,12
2020-06-16#t4582w0,2020,12
2023-03-29#t11245w10,2023,12
2022-11-03#t9111w5,2022,12
2025-12-04#t1473w0,2025,12
2021-12-09#t5553w4,2021,12
2023-11-29#t14599w0,2023,12
2023-06-09#t12564w0,2023,12
2021-02-12#t1320w0,2021,12
2018-11-23#t740w3,2018,12
2019-05-07#t1417w1,2019,12
2020-11-17#t28w3,2020,12
2021-06-03#t3187w0,2021,12
2022-05-10#t6555w4,2022,12
2022-11-03#t9053w0,2022,12
2019-11-29#t2861w6,2019,12
2021-12-02#t4978w0,2021,12
2021-02-12#t1396w2,2021,12
2020-06-18#t4771w0,2020,12
2019-12-17#t3284w0,2019,12
2023-05-10#t11583w0,2023,12
2023-11-23#t14330w1,2023,12
2019-12-19#t3562w2,2019,12
2025-03-21#t1235w1,2025,12
2022-05-13#t6885w0,2022,12
2025-10-28#t243w0,2025,12
2024-03-28#t15988w0,2024,12
2023-05-09#t11456w0,2023,12
2024-11-28#t451w0,2024,12
2026-05-14#t3108w0,2026,12
2023-12-07#t15199w3,2023,12
2025-10-30#t495w9,2025,12
2020-12-15#t784w0,2020,12
2019-12-19#t3544w0,2019,12
2022-05-11#t6663w0,2022,12
2022-11-01#t8867w5,2022,12
2025-05-28#t2768w0,2025,12
2022-06-07#t7742w5,2022,12
2020-03-11#t3711w0,2020,12
2025-05-28#t2785w1,2025,12
2023-05-11#t11759w2,2023,12
2018-11-28#t971w4,2018,12
2019-05-31#t2191w0,2019,12
2022-03-29#t6172w0,2022,12
2020-06-16#t4598w0,2020,12
2023-11-02#t13849w0,2023,12
2025-10-21#t6w5,2025,12
2021-03-25#t1946w2,2021,12
2023-03-30#t11389w1,2023,12
2026-03-26#t2523w0,2026,12
2019-12-17#t3281w0,2019,12
2023-12-01#t14815w0,2023,12
2024-12-11#t647w0,2024,12
2026-03-18#t2070w0,2026,12
2018-11-23#t739w5,2018,12
2021-11-04#t4006w0,2021,12
2021-06-03#t3295w1,2021,12
2020-06-11#t4420w0,2020,12
2021-11-12#t4406w0,2021,12
2023-03-29#t11254w0,2023,12
2022-11-22#t9614w0,2022,12
2021-03-18#t1527w5,2021,12
2019-11-28#t2720w0,2019,12
2025-05-09#t1945w0,2025,12
2023-10-20#t13183w0,2023,12
2025-10-22#t102w4,2025,12
2022-03-31#t6453w4,2022,12
2021-03-19#t1534w0,2021,12
2022-10-07#t8368w0,2022,12
2023-10-24#t13344w9,2023,12
2022-10-25#t8564w0,2022,12
2024-05-30#t17230w1,2024,12
2021-12-08#t5379w0,2021,12
2022-05-10#t6555w1,2022,12
2019-12-12#t349w1,2019,12
2021-05-13#t2348w4,2021,12
2020-06-09#t4232w0,2020,12
2021-12-16#t5893w0,2021,12
2018-10-31#t382w3,2018,12
2020-06-17#t4717w0,2020,12
2025-12-02#t1320w0,2025,12
2020-05-27#t4120w0,2020,12
2019-05-14#t1564w0,2019,12
2025-05-28#t2697w0,2025,12
2023-12-07#t15133w0,2023,12
2023-12-06#t14967w0,2023,12
2022-10-04#t8053w0,2022,12
2019-05-14#t1706w0,2019,12
2022-11-02#t8885w0,2022,12
2022-06-02#t7571w0,2022,12
2026-03-25#t2339w0,2026,12
2018-12-11#t1074w2,2018,12
2023-11-02#t13880w3,2023,12
2021-11-09#t4301w0,2021,12
2021-05-12#t2184w0,2021,12
2020-06-10#t4394w0,2020,12
2025-05-14#t2218w0,2025,12
2023-06-08#t12481w0,2023,12
2022-10-28#t8702w0,2022,12
2025-11-06#t771w0,2025,12
2020-03-11#t3831w3,2020,12
2024-03-26#t15831w3,2024,12
2022-10-28#t8719w0,2022,12
2025-10-22#t84w0,2025,12
2025-03-25#t1385w1,2025,12
2022-05-11#t6618w0,2022,12
2021-05-20#t2782w0,2021,12
2022-05-31#t7291w0,2022,12
2026-03-24#t2263w0,2026,12
2018-11-28#t967w3,2018,12
2023-05-18#t12067w0,2023,12
2025-11-04#t594w0,2025,12
2021-11-12#t4422w0,2021,12
2021-11-03#t3907w0,2021,12
2022-11-01#t8877w4,2022,12
2024-03-28#t16101w0,2024,12
2021-11-12#t4432w0,2021,12
2025-03-19#t1109w2,2025,12
2025-10-24#t180w8,2025,12
2023-03-22#t10888w0,2023,12
2025-10-24#t134w0,2025,12
2021-03-23#t1648w0,2021,12
2018-10-24#t73w0,2018,12
2023-10-24#t13273w0,2023,12
2022-10-28#t8759w5,2022,12
2019-11-27#t128w0,2019,12
2024-05-14#t16557w0,2024,12
2025-03-26#t1418w0,2025,12
2020-12-09#t437w0,2020,12
2018-11-27#t873w0,2018,12
2024-05-10#t16483w0,2024,12
2024-06-07#t17685w0,2024,12
2021-11-24#t4568w0,2021,12
2023-10-26#t13481w0,2023,12
2021-06-03#t3220w0,2021,12
2020-12-08#t422w0,2020,12
2024-05-29#t17057w0,2024,12
2025-06-03#t3131w1,2025,12
2022-06-02#t7522w0,2022,12
2019-11-22#t2479w0,2019,12
2020-06-10#t4327w0,2020,12
2023-06-09#t12642w2,2023,12
2022-11-16#t9293w0,2022,12
2021-03-24#t1760w0,2021,12
2024-05-14#t16572w0,2024,12
2019-11-28#t2856w0,2019,12
2022-05-12#t6862w0,2022,12
2020-12-17#t1150w2,2020,12
2019-12-17#t3335w0,2019,12
2023-11-21#t14066w0,2023,12
2022-06-02#t7467w0,2022,12
2025-12-10#t1767w0,2025,12
2025-03-21#t1230w0,2025,12
2022-11-17#t9380w0,2022,12
2025-05-08#t1846w0,2025,12
2023-10-19#t13175w7,2023,12
2019-12-12#t331w0,2019,12
2025-10-28#t197w0,2025,12
2019-11-28#t2826w2,2019,12
2023-10-26#t13552w0,2023,12
2025-06-05#t3301w0,2025,12
2022-12-08#t10284w0,2022,12
2020-12-10#t646w0,2020,12
2024-12-13#t955w1,2024,12
2018-10-26#t190w1,2018,12
2023-05-19#t12286w3,2023,12
2019-12-12#t379w0,2019,12
2025-10-29#t397w11,2025,12
2021-11-12#t4407w0,2021,12
2021-12-16#t5809w0,2021,12
2023-05-10#t11524w0,2023,12
2023-06-07#t12443w1,2023,12
2023-10-31#t13629w0,2023,12
2020-12-16#t866w0,2020,12
2019-05-08#t1505w0,2019,12
2022-03-25#t6145w2,2022,12
2021-06-09#t3478w0,2021,12
2020-12-10#t649w0,2020,12
2024-05-28#t17038w3,2024,12
2024-11-28#t542w1,2024,12
2023-11-22#t14143w0,2023,12
2022-03-30#t6349w12,2022,12
2023-11-28#t14455w0,2023,12
2023-10-26#t13475w0,2023,12
2021-11-05#t4141w0,2021,12
2019-11-26#t2602w0,2019,12
2023-12-05#t14941w1,2023,12
2021-06-03#t3238w5,2021,12
2023-06-13#t12723w3,2023,12
2025-03-27#t1549w0,2025,12
2022-10-28#t8758w9,2022,12
2025-10-22#t71w0,2025,12
2025-03-19#t1156w1,2025,12
2025-05-16#t2550w0,2025,12
2018-11-23#t757w11,2018,12
2018-10-25#t120w11,2018,12
2018-11-27#t813w0,2018,12
2019-12-11#t3061w0,2019,12
2019-12-12#t366w0,2019,12
2024-03-26#t15778w0,2024,12
2019-11-28#t2771w0,2019,12
2025-11-18#t978w0,2025,12
2024-05-31#t17321w0,2024,12
2024-11-26#t265w0,2024,12
2021-12-07#t5230w0,2021,12
2022-12-15#t10625w0,2022,12
2022-12-15#t10726w0,2022,12
2024-06-05#t17517w0,2024,12
2023-12-07#t15114w0,2023,12
2025-12-11#t1824w0,2025,12
2022-11-02#t8883w0,2022,12
2018-10-26#t130w0,2018,12
2025-05-28#t2765w0,2025,12
2025-05-29#t2909w1,2025,12
2019-05-10#t42w0,2019,12
2024-12-12#t831w1,2024,12
2020-03-13#t3940w1,2020,12
2022-11-03#t9114w0,2022,12
2019-05-10#t31w0,2019,12
2022-11-03#t9099w1,2022,12
2022-11-16#t9268w0,2022,12
2021-03-24#t1768w0,2021,12
2019-05-07#t1340w0,2019,12
2024-06-05#t17456w0,2024,12
2022-06-03#t7614w0,2022,12
2021-11-04#t4004w0,2021,12
2026-03-24#t2270w0,2026,12
2021-12-17#t5945w0,2021,12
2024-12-12#t813w0,2024,12
2024-06-06#t17611w0,2024,12
2018-12-11#t1091w0,2018,12
2021-03-26#t1983w6,2021,12
2025-11-21#t1219w0,2025,12
2022-11-01#t8853w0,2022,12
2025-05-07#t1812w0,2025,12
2020-12-10#t586w0,2020,12
2022-05-20#t7266w0,2022,12
2025-10-30#t511w0,2025,12
2024-03-22#t15716w8,2024,12
2022-11-24#t9841w6,2022,12
2018-10-31#t325w0,2018,12
2025-12-09#t1676w0,2025,12
2022-11-01#t8849w1,2022,12
2021-12-03#t5141w2,2021,12
2021-06-01#t3038w7,2021,12
2023-06-09#t12573w0,2023,12
2024-05-08#t16350w0,2024,12
2026-03-25#t2423w1,2026,12
2019-12-10#t2905w0,2019,12
2021-03-18#t1527w8,2021,12
2024-11-26#t274w0,2024,12
2025-12-03#t1445w0,2025,12
2023-10-24#t13327w0,2023,12
2024-03-27#t15982w6,2024,12
2021-11-24#t4566w0,2021,12
2023-06-06#t12301w0,2023,12
2025-10-30#t499w1,2025,12
2024-05-07#t16217w0,2024,12
2022-05-10#t6593w0,2022,12
2021-03-26#t1983w8,2021,12
2020-06-16#t4529w0,2020,12
2020-12-11#t738w0,2020,12
2025-05-08#t1931w4,2025,12
2022-05-10#t6592w0,2022,12
2025-11-20#t1208w4,2025,12
2024-05-15#t16723w0,2024,12
2018-11-23#t726w0,2018,12
2019-12-20#t3607w0,2019,12
2025-11-19#t1081w0,2025,12
2025-05-16#t2516w0,2025,12
2022-05-12#t6875w0,2022,12
2019-12-10#t2891w0,2019,12
2023-03-24#t10960w0,2023,12
2025-11-04#t591w0,2025,12
2025-11-20#t1206w1,2025,12
2019-11-21#t2460w4,2019,12
2026-03-24#t2314w5,2026,12
2021-06-04#t3315w0,2021,12
2024-03-22#t15703w0,2024,12
2025-11-20#t1149w0,2025,12
2022-03-25#t6077w0,2022,12
2023-12-13#t15464w0,2023,12
2021-05-11#t2005w0,2021,12
2023-10-25#t13455w6,2023,12
2025-03-25#t1319w0,2025,12
2019-11-20#t2386w0,2019,12
2023-10-26#t13530w0,2023,12
2021-11-02#t3842w0,2021,12
2020-06-18#t4737w0,2020,12
2026-05-06#t2686w0,2026,12
2022-06-10#t7999w0,2022,12
2019-11-28#t2832w0,2019,12
2021-06-08#t3385w0,2021,12
2026-03-18#t2129w0,2026,12
2020-12-08#t424w0,2020,12
2021-05-20#t2830w1,2021,12
2018-11-27#t849w16,2018,12
2019-05-16#t1859w0,2019,12
2021-03-23#t1647w0,2021,12
2021-06-09#t3471w0,2021,12
2023-12-05#t14869w0,2023,12
2023-10-18#t13157w0,2023,12
2023-10-17#t13055w0,2023,12
2024-06-07#t17679w0,2024,12
2022-05-12#t6762w0,2022,12
2020-06-17#t4677w0,2020,12
2022-04-01#t6477w0,2022,12
2025-06-05#t3296w0,2025,12
2024-04-02#t16105w8,2024,12
2026-05-14#t3119w0,2026,12
2026-05-14#t3196w1,2026,12
2023-05-10#t11553w0,2023,12
2024-12-11#t707w0,2024,12
2021-03-19#t1611w2,2021,12
2025-05-28#t2796w0,2025,12
2025-10-30#t537w1,2025,12
2022-03-29#t6261w1,2022,12
2023-11-02#t13798w0,2023,12
2018-10-26#t199w1,2018,12
2024-11-26#t313w4,2024,12
2018-11-22#t648w4,2018,12
2022-03-25#t6138w3,2022,12
2022-05-20#t7228w0,2022,12
2023-12-01#t14758w0,2023,12
2023-06-06#t12362w2,2023,12
2023-11-21#t14044w0,2023,12
2023-05-11#t11759w3,2023,12
2022-06-07#t7697w0,2022,12
2026-05-14#t3188w4,2026,12
2023-10-26#t13469w0,2023,12
2022-06-09#t7849w0,2022,12
2021-11-25#t4700w1,2021,12
2025-05-13#t2028w0,2025,12
2019-12-12#t337w0,2019,12
2025-06-05#t3294w0,2025,12
2023-06-14#t12747w0,2023,12
2018-11-28#t967w0,2018,12
2023-10-25#t13462w1,2023,12
2020-12-11#t740w0,2020,12
2024-06-05#t17500w0,2024,12
2019-11-22#t2463w0,2019,12
2024-03-27#t15884w0,2024,12
2019-11-26#t2695w4,2019,12
2022-12-13#t10501w0,2022,12
2024-11-22#t222w2,2024,12
2024-11-27#t441w6,2024,12
2021-12-01#t4879w0,2021,12
2025-05-09#t2023w0,2025,12
2022-05-11#t6609w0,2022,12
2025-05-06#t1681w0,2025,12
2021-12-16#t5897w0,2021,12
2021-11-24#t4564w0,2021,12
2025-12-04#t1488w0,2025,12
2025-05-29#t2906w0,2025,12
2023-03-21#t10839w9,2023,12
2024-12-13#t923w0,2024,12
2021-11-04#t4010w0,2021,12
2025-11-04#t607w0,2025,12
2024-03-22#t15623w0,2024,12
2025-05-06#t1714w5,2025,12
2025-03-19#t1071w0,2025,12
2021-12-03#t5071w0,2021,12
2024-11-20#t123w10,2024,12
2025-03-19#t1134w0,2025,12
2020-11-20#t234w0,2020,12
2019-11-27#t238w13,2019,12
2023-11-01#t13745w0,2023,12
2024-03-27#t15979w6,2024,12
2025-11-18#t922w0,2025,12
2022-03-30#t6267w0,2022,12
2023-05-11#t11784w2,2023,12
2020-12-08#t426w3,2020,12
2024-03-26#t15740w0,2024,12
2023-05-09#t11509w0,2023,12
2024-11-22#t132w0,2024,12
2019-12-19#t3471w0,2019,12
2021-06-03#t3185w0,2021,12
2025-06-06#t3378w0,2025,12
2019-11-26#t2680w0,2019,12
2024-05-17#t16943w1,2024,12
2023-12-13#t15433w0,2023,12
2018-12-12#t1181w0,2018,12
2024-11-26#t292w0,2024,12
2021-11-26#t4729w0,2021,12
2021-03-19#t1612w8,2021,12
2021-06-09#t3475w0,2021,12
2026-05-06#t2691w0,2026,12
2022-11-03#t9069w0,2022,12
2023-11-21#t14043w0,2023,12
2022-12-08#t10349w4,2022,12
2025-05-15#t2357w0,2025,12
2020-12-09#t573w0,2020,12
2023-05-19#t12219w0,2023,12
2021-03-25#t1842w0,2021,12
2021-05-20#t2834w3,2021,12
2026-03-18#t2116w0,2026,12
2019-11-20#t2341w0,2019,12
2023-05-12#t11800w0,2023,12
2020-12-18#t1267w1,2020,12
2018-11-27#t779w0,2018,12
2022-06-07#t7687w0,2022,12
2020-03-13#t3878w0,2020,12
2025-05-13#t2134w3,2025,12
2021-06-03#t3277w3,2021,12
2021-05-13#t2374w1,2021,12
2019-12-17#t3305w0,2019,12
2022-11-02#t8958w0,2022,12
2021-06-01#t3023w0,2021,12
2023-11-28#t14516w1,2023,12
2021-12-08#t5374w2,2021,12
2025-06-04#t3163w0,2025,12
2022-05-19#t7090w0,2022,12
2020-11-20#t156w0,2020,12
2023-06-15#t12876w0,2023,12
2023-10-25#t13455w7,2023,12
2023-05-19#t12192w0,2023,12
2023-12-13#t15475w0,2023,12
2021-03-25#t1954w3,2021,12
2025-12-11#t1832w0,2025,12
2024-05-08#t16347w1,2024,12
2024-03-22#t15648w0,2024,12
2022-03-31#t6467w5,2022,12
2023-11-01#t13742w0,2023,12
2022-10-05#t8211w0,2022,12
2020-11-20#t176w0,2020,12
2026-03-20#t2160w0,2026,12
2023-12-06#t14970w0,2023,12
2025-03-26#t1448w0,2025,12
2021-03-25#t1913w1,2021,12
2020-12-10#t608w0,2020,12
2025-11-20#t1121w0,2025,12
2024-06-05#t17444w0,2024,12
2026-03-26#t2526w0,2026,12
2019-05-28#t1917w0,2019,12
2025-03-26#t1397w0,2025,12
2022-03-25#t6137w1,2022,12
2022-06-02#t7599w3,2022,12
2020-06-11#t4474w4,2020,12
2025-10-30#t471w0,2025,12
2021-05-13#t2241w0,2021,12
2019-03-22#t1309w6,2019,12
2020-12-10#t654w1,2020,12
2023-10-20#t13242w8,2023,12
2025-11-06#t750w0,2025,12
2020-06-10#t4328w0,2020,12
2020-03-13#t3911w0,2020,12
2019-12-18#t3393w0,2019,12
2018-11-21#t585w0,2018,12
2023-03-24#t11013w2,2023,12
2019-05-08#t1525w0,2019,12
2021-12-10#t5612w0,2021,12
2024-11-20#t123w11,2024,12
2020-06-10#t4321w0,2020,12
2022-05-11#t6600w0,2022,12
2022-10-26#t8587w0,2022,12
2024-06-05#t17440w0,2024,12
2022-03-29#t6228w0,2022,12
2023-05-09#t11438w0,2023,12
2021-06-04#t3314w0,2021,12
2020-12-09#t573w2,2020,12
2022-12-08#t10228w0,2022,12
2025-05-27#t2665w5,2025,12
2025-06-03#t3131w2,2025,12
2018-11-01#t513w0,2018,12
2025-03-19#t1075w0,2025,12
2024-05-15#t16676w0,2024,12
2021-12-03#t5160w4,2021,12
2025-03-21#t1254w1,2025,12
2023-10-19#t13169w8,2023,12
2019-11-22#t2562w10,2019,12
2023-03-21#t10839w5,2023,12
2022-03-22#t5992w0,2022,12
2023-03-30#t11296w0,2023,12
2022-03-30#t6314w0,2022,12
2019-12-11#t3064w0,2019,12
2022-10-04#t8116w0,2022,12
2025-05-15#t2440w4,2025,12
2023-12-01#t14816w0,2023,12
2025-05-08#t1876w0,2025,12
2019-12-19#t3480w0,2019,12
2025-03-26#t1425w0,2025,12
2023-10-25#t13357w0,2023,12
2022-11-02#t8935w0,2022,12
2018-11-27#t844w11,2018,12
2023-10-26#t13581w5,2023,12
2020-06-09#t4298w0,2020,12
2022-05-10#t6563w2,2022,12
2022-06-09#t7886w0,2022,12
2020-11-18#t106w0,2020,12
2021-03-24#t1825w7,2021,12
2025-10-29#t397w9,2025,12
2018-12-11#t1065w0,2018,12
2024-06-04#t17404w0,2024,12
2023-03-29#t11245w11,2023,12
2022-06-07#t7692w0,2022,12
2022-05-11#t6743w3,2022,12
2023-11-02#t13852w2,2023,12
2021-03-17#t1449w0,2021,12
2019-12-10#t2890w0,2019,12
2022-05-12#t6855w4,2022,12
2020-06-17#t4614w0,2020,12
2025-05-13#t2047w0,2025,12
2021-03-24#t1821w0,2021,12
2023-06-15#t12844w0,2023,12
2022-11-25#t9868w0,2022,12
2019-11-27#t238w9,2019,12
2021-05-14#t2396w0,2021,12
2021-06-01#t3016w0,2021,12
2025-05-08#t1833w0,2025,12
2019-05-10#t100w0,2019,12
2021-05-18#t2529w0,2021,12
2019-11-26#t2595w0,2019,12
2022-06-08#t7760w0,2022,12
2025-12-09#t1629w0,2025,12
2024-05-16#t16828w3,2024,12
2019-03-21#t1199w0,2019,12
2021-11-03#t3958w1,2021,12
2021-03-19#t1595w2,2021,12
2022-03-29#t6181w0,2022,12
2022-04-01#t6477w2,2022,12
2025-05-08#t1902w0,2025,12
2022-11-03#t9068w0,2022,12
2026-05-13#t3052w0,2026,12
2026-05-13#t3095w4,2026,12
2025-06-04#t3238w1,2025,12
2020-03-11#t3720w0,2020,12
2018-11-01#t424w0,2018,12
2021-05-21#t2942w2,2021,12
2021-05-18#t2508w0,2021,12
2020-12-15#t835w0,2020,12
2021-06-04#t3368w0,2021,12
2019-12-20#t3575w0,2019,12
2022-03-23#t6006w0,2022,12
2025-12-03#t1422w0,2025,12
2021-12-07#t5224w0,2021,12
2024-03-28#t16049w0,2024,12
2018-11-27#t846w6,2018,12
2024-03-22#t15705w4,2024,12
2019-05-14#t1549w0,2019,12
2026-05-06#t2664w0,2026,12
2021-12-15#t5780w0,2021,12
2025-11-07#t919w0,2025,12
2021-05-11#t2034w0,2021,12
2025-10-31#t539w1,2025,12
2020-12-11#t755w11,2020,12
2020-06-10#t4332w0,2020,12
2025-03-25#t1322w0,2025,12
2023-03-31#t11420w5,2023,12
2024-06-06#t17599w0,2024,12
2022-10-11#t8449w0,2022,12
2019-11-28#t2827w2,2019,12
2020-03-13#t3868w0,2020,12
2022-03-23#t6060w0,2022,12
2022-06-09#t7854w0,2022,12
2023-06-06#t12305w0,2023,12
2019-11-27#t129w0,2019,12
2025-06-05#t3311w0,2025,12
2025-03-26#t1451w0,2025,12
2023-10-26#t13562w2,2023,12
2022-12-08#t10368w2,2022,12
2019-11-28#t2815w8,2019,12
2023-10-24#t13274w0,2023,12
2022-05-20#t7281w0,2022,12
2021-12-01#t4869w0,2021,12
2019-12-19#t3478w0,2019,12
2019-12-18#t3391w0,2019,12
2025-03-21#t1165w0,2025,12
2026-05-08#t2921w0,2026,12
2022-11-01#t8869w8,2022,12
2023-05-16#t11876w0,2023,12
2023-03-30#t11353w1,2023,12
2026-03-26#t2548w5,2026,12
2021-06-03#t3265w0,2021,12
2021-11-02#t3791w0,2021,12
2024-12-11#t729w1,2024,12
2020-03-10#t3704w2,2020,12
2026-03-20#t2236w1,2026,12
2022-10-04#t8062w0,2022,12
2022-12-14#t10527w0,2022,12
2022-06-02#t7595w1,2022,12
2025-10-30#t537w6,2025,12
2020-12-08#t324w0,2020,12
2023-10-24#t13323w0,2023,12
2024-11-28#t528w2,2024,12
2021-03-19#t1577w0,2021,12
2021-06-01#t3032w18,2021,12
2020-03-11#t3736w0,2020,12
2024-05-15#t16664w0,2024,12
2024-05-14#t16553w0,2024,12
2018-11-27#t840w9,2018,12
2024-11-20#t20w0,2024,12
2020-11-19#t146w14,2020,12
2022-03-29#t6259w6,2022,12
2024-03-21#t15609w9,2024,12
2021-12-02#t5053w0,2021,12
2021-12-16#t5909w0,2021,12
2018-11-01#t467w16,2018,12
2024-05-09#t16451w3,2024,12
2026-05-08#t2944w0,2026,12
2025-11-04#t603w0,2025,12
2022-11-24#t9725w0,2022,12
2023-12-07#t15170w0,2023,12
2020-06-11#t4477w5,2020,12
2019-05-28#t1896w1,2019,12
2023-10-25#t13360w0,2023,12
2025-05-09#t1986w0,2025,12
2024-05-09#t16446w2,2024,12
2022-06-08#t7756w0,2022,12
2024-11-20#t104w0,2024,12
2025-06-06#t3440w2,2025,12
2022-12-06#t10027w3,2022,12
2022-06-01#t7367w0,2022,12
2025-03-25#t1334w0,2025,12
2025-12-04#t1508w0,2025,12
2022-03-31#t6467w3,2022,12
2023-05-16#t11878w0,2023,12
2020-12-09#t451w0,2020,12
2019-03-29#t9w0,2019,12
2022-10-06#t8305w0,2022,12
2022-10-06#t8269w0,2022,12
2018-10-30#t288w7,2018,12
2020-06-10#t4399w0,2020,12
2024-05-31#t17315w0,2024,12
2025-12-04#t1524w0,2025,12
2023-03-29#t11272w0,2023,12
2023-11-30#t14651w0,2023,12
2023-12-07#t15201w4,2023,12
2021-11-04#t4110w1,2021,12
2026-05-13#t3026w0,2026,12
2022-03-31#t6449w2,2022,12
2025-10-22#t39w0,2025,12
2023-03-31#t11420w9,2023,12
2026-03-18#t2109w0,2026,12
2026-05-14#t3147w0,2026,12
2024-12-13#t864w0,2024,12
2023-05-10#t11528w0,2023,12
2021-03-24#t1822w2,2021,12
2022-11-24#t9803w0,2022,12
2023-11-21#t14033w0,2023,12
2023-10-25#t13463w1,2023,12
2024-05-07#t16222w0,2024,12
2024-12-10#t613w0,2024,12
2023-10-25#t13462w9,2023,12
2023-05-16#t11866w0,2023,12
2020-11-20#t180w0,2020,12
2019-05-14#t1644w0,2019,12
2021-12-02#t5041w2,2021,12
2025-06-06#t3437w2,2025,12
2025-03-26#t1460w0,2025,12
2025-05-29#t2873w0,2025,12
2023-03-29#t11271w0,2023,12
2023-11-22#t14137w0,2023,12
2024-11-20#t43w0,2024,12
2018-10-31#t347w0,2018,12
2025-03-19#t1080w2,2025,12
2022-12-15#t10722w6,2022,12
2022-06-03#t7667w0,2022,12
2019-11-27#t206w0,2019,12
2023-12-01#t14827w3,2023,12
2025-10-28#t280w12,2025,12
2025-05-06#t1643w0,2025,12
2025-03-25#t1292w0,2025,12
2021-06-02#t3072w0,2021,12
2023-11-02#t13790w0,2023,12
2023-12-08#t15310w0,2023,12
2025-12-03#t1435w0,2025,12
2019-11-22#t2560w2,2019,12
2024-03-26#t15830w9,2024,12
2025-03-26#t1433w0,2025,12
2024-05-09#t16384w0,2024,12
2025-12-09#t1659w0,2025,12
2023-10-31#t13594w0,2023,12
2025-05-29#t2916w2,2025,12
2021-03-24#t1725w0,2021,12
2026-03-20#t2181w0,2026,12
2022-10-07#t8372w0,2022,12
2023-06-07#t12377w0,2023,12
2018-10-31#t379w7,2018,12
2024-03-26#t15728w0,2024,12
2021-05-11#t2070w0,2021,12
2025-11-20#t1208w1,2025,12
2021-05-19#t2634w0,2021,12
2023-12-06#t15060w0,2023,12
2025-12-02#t1314w0,2025,12
2026-05-08#t2918w0,2026,12
2021-03-19#t1610w10,2021,12
2024-11-26#t250w0,2024,12
2022-12-08#t10224w0,2022,12
2024-11-28#t479w0,2024,12
2023-05-11#t11750w1,2023,12
2022-11-18#t9571w0,2022,12
2021-03-25#t1888w0,2021,12
2020-12-10#t681w2,2020,12
2025-05-30#t2939w0,2025,12
2023-03-29#t11255w1,2023,12
2022-10-04#t8065w0,2022,12
2022-12-07#t10173w1,2022,12
2019-05-08#t1527w0,2019,12
2023-05-10#t11526w0,2023,12
2023-10-24#t13344w13,2023,12
2024-11-22#t138w0,2024,12
2018-12-11#t1094w0,2018,12
2022-05-18#t7050w0,2022,12
2023-06-08#t12537w0,2023,12
2024-03-22#t15615w0,2024,12
2024-03-21#t15609w18,2024,12
2018-11-22#t648w7,2018,12
2022-11-02#t8956w0,2022,12
2025-03-21#t1173w0,2025,12
2021-03-17#t1467w0,2021,12
2021-05-20#t2793w1,2021,12
2025-03-21#t1252w0,2025,12
2022-12-08#t10246w0,2022,12
2025-03-19#t1094w3,2025,12
2022-11-02#t8991w16,2022,12
2019-03-19#t5w4,2019,12
2021-05-18#t2509w0,2021,12
2025-11-06#t740w0,2025,12
2025-12-11#t1918w0,2025,12
2022-06-08#t7771w0,2022,12
2021-12-03#t5110w0,2021,12
2022-03-31#t6376w0,2022,12
2023-12-01#t14829w2,2023,12
2021-11-09#t4233w0,2021,12
2023-05-18#t12068w0,2023,12
2026-05-05#t2610w0,2026,12
2018-11-01#t436w0,2018,12
2025-03-19#t988w0,2025,12
2026-03-27#t2556w0,2026,12
2021-05-21#t2894w0,2021,12
2021-11-02#t3775w0,2021,12
2023-10-24#t13339w13,2023,12
2022-10-07#t8373w0,2022,12
2023-10-24#t13314w0,2023,12
2023-05-16#t11883w0,2023,12
2022-05-19#t7107w0,2022,12
2020-06-10#t4345w0,2020,12
2024-11-26#t261w0,2024,12
2018-10-23#t10w2,2018,12
2026-03-24#t2248w0,2026,12
2021-06-03#t3258w4,2021,12
2021-11-25#t4637w0,2021,12
2018-10-31#t364w0,2018,12
2019-11-20#t2349w0,2019,12
2021-11-10#t4317w0,2021,12
2025-05-09#t1955w0,2025,12
2024-05-29#t17116w0,2024,12
2021-05-13#t2318w0,2021,12
2021-05-13#t2326w1,2021,12
2021-06-03#t3291w1,2021,12
2021-11-12#t4399w0,2021,12
2025-05-15#t2460w11,2025,12
2022-03-31#t6473w0,2022,12
2026-05-07#t2791w0,2026,12
2021-05-14#t2425w0,2021,12
2023-11-23#t14252w0,2023,12
2019-11-26#t2640w0,2019,12
2024-05-10#t16532w0,2024,12
2019-05-08#t1467w0,2019,12
2019-12-13#t3158w0,2019,12
2022-10-28#t8767w0,2022,12
2026-03-24#t2307w1,2026,12
2019-12-10#t2978w0,2019,12
2020-05-26#t4029w0,2020,12
2021-03-23#t1627w0,2021,12
2025-05-09#t1948w0,2025,12
2020-06-11#t4475w4,2020,12
2022-05-20#t7281w3,2022,12
2021-11-02#t3778w0,2021,12
2025-05-28#t2747w0,2025,12
2025-05-28#t2680w0,2025,12
2023-12-01#t14819w0,2023,12
2019-05-16#t1882w0,2019,12
2024-06-04#t17413w0,2024,12
2022-11-25#t9860w0,2022,12
2021-06-03#t3262w3,2021,12
2023-11-30#t14654w0,2023,12
2025-05-09#t1959w0,2025,12
2023-03-24#t10946w0,2023,12
2025-10-28#t288w3,2025,12
2021-11-03#t3929w0,2021,12
2025-05-06#t1647w0,2025,12
2019-05-28#t1961w0,2019,12
2023-05-19#t12216w0,2023,12
2021-11-30#t4816w0,2021,12
2023-10-25#t13460w16,2023,12
2019-03-22#t1314w5,2019,12
2021-11-12#t4458w1,2021,12
2021-05-18#t2505w0,2021,12
2025-05-29#t2867w0,2025,12
2021-03-25#t1970w7,2021,12
2019-03-22#t1299w2,2019,12
2022-03-29#t6234w0,2022,12
2022-05-11#t6705w0,2022,12
2020-04-17#t4008w0,2020,12
2023-06-14#t12820w4,2023,12
2019-12-10#t2893w0,2019,12
2025-10-28#t242w0,2025,12
2021-12-07#t5193w0,2021,12
2025-05-28#t2751w0,2025,12
2023-11-24#t14394w0,2023,12
2023-03-30#t11303w0,2023,12
2021-12-16#t5844w0,2021,12
2021-12-07#t5185w0,2021,12
2026-03-26#t2508w0,2026,12
2021-06-08#t3397w0,2021,12
2023-06-09#t12559w0,2023,12
2018-11-27#t866w0,2018,12
2021-06-01#t3024w0,2021,12
2021-06-11#t3710w0,2021,12
2022-12-14#t10539w0,2022,12
2023-10-24#t13340w18,2023,12
2025-05-28#t2785w5,2025,12
2021-06-09#t3474w0,2021,12
2023-06-09#t12605w0,2023,12
2023-10-20#t13241w1,2023,12
2021-11-03#t3890w0,2021,12
2019-11-28#t2840w6,2019,12
2023-05-18#t12136w1,2023,12
2024-05-15#t16643w0,2024,12
2023-10-24#t13344w15,2023,12
2024-11-28#t524w1,2024,12
2025-06-03#t3135w4,2025,12
2019-12-19#t3508w0,2019,12
2022-10-06#t8343w1,2022,12
2022-11-18#t9573w1,2022,12
2018-11-23#t700w0,2018,12
2025-11-21#t1285w0,2025,12
2025-03-19#t1038w0,2025,12
2020-12-09#t550w0,2020,12
2022-03-29#t6177w0,2022,12
2022-03-31#t6451w1,2022,12
2022-12-15#t10727w1,2022,12
2021-06-01#t3026w0,2021,12
2020-12-08#t434w7,2020,12
2024-05-09#t16461w4,2024,12
2022-11-23#t9672w0,2022,12
2022-05-13#t6889w0,2022,12
2025-03-19#t1080w7,2025,12
2021-12-09#t5535w0,2021,12
2025-05-06#t1708w0,2025,12
2020-03-11#t3828w0,2020,12
2019-11-28#t2815w10,2019,12
2022-12-15#t10737w7,2022,12
2022-12-15#t10722w2,2022,12
2021-11-03#t3897w0,2021,12
2024-06-06#t17601w0,2024,12
2021-11-09#t4220w0,2021,12
2025-10-28#t280w7,2025,12
2024-05-09#t16448w1,2024,12
2021-12-02#t4942w0,2021,12
2020-11-18#t99w0,2020,12
2020-12-09#t487w0,2020,12
2024-03-20#t15557w0,2024,12
2020-12-10#t616w0,2020,12
2020-12-10#t677w1,2020,12
2021-05-12#t2121w0,2021,12
2023-11-28#t14445w0,2023,12
2019-11-28#t2832w3,2019,12
2026-03-20#t2211w1,2026,12
2023-12-08#t15243w0,2023,12
2025-05-13#t2068w0,2025,12
2023-06-13#t12726w0,2023,12
2022-12-15#t10631w0,2022,12
2026-03-20#t2208w1,2026,12
2021-05-18#t2550w0,2021,12
2025-03-27#t1528w0,2025,12
2020-11-20#t178w0,2020,12
2022-11-17#t9379w0,2022,12
2023-05-11#t11694w0,2023,12
2022-11-25#t9864w0,2022,12
2023-11-03#t13904w0,2023,12
2021-06-03#t3188w0,2021,12
2021-05-11#t2081w9,2021,12
2022-06-10#t7987w0,2022,12
2020-06-11#t4510w7,2020,12
2025-05-29#t2909w5,2025,12
2022-12-06#t10002w0,2022,12
2021-11-30#t4842w0,2021,12
2021-06-10#t3583w0,2021,12
2021-03-24#t1822w6,2021,12
2023-10-31#t13607w0,2023,12
2023-03-30#t11279w0,2023,12
2024-11-28#t464w0,2024,12
2024-05-16#t16837w1,2024,12
2023-12-05#t14931w8,2023,12
2026-03-18#t2101w0,2026,12
2020-12-15#t837w3,2020,12
2025-06-03#t3141w4,2025,12
2018-10-23#t3w0,2018,12
2018-11-27#t851w4,2018,12
2023-06-13#t12723w8,2023,12
2025-03-25#t1335w0,2025,12
2024-05-14#t16560w0,2024,12
2023-10-27#t13587w0,2023,12
2022-03-30#t6270w0,2022,12
2023-03-29#t11256w3,2023,12
2026-03-18#t2076w0,2026,12
2019-11-20#t2332w0,2019,12
2019-05-28#t1909w0,2019,12
2024-03-22#t15719w0,2024,12
2025-12-11#t1915w0,2025,12
2019-12-17#t3328w0,2019,12
2020-06-17#t4720w0,2020,12
2019-11-28#t2752w0,2019,12
2023-03-29#t11204w0,2023,12
2022-06-02#t7548w0,2022,12
2022-05-11#t6652w0,2022,12
2024-05-07#t16134w0,2024,12
2025-11-06#t789w0,2025,12
2022-10-26#t8663w0,2022,12
2019-11-26#t2607w0,2019,12
2023-10-26#t13540w0,2023,12
2025-03-21#t1247w3,2025,12
2021-03-19#t1595w0,2021,12
2025-03-25#t1347w0,2025,12
2025-05-29#t2835w0,2025,12
2025-10-29#t404w6,2025,12
2018-10-31#t323w0,2018,12
2022-06-08#t7810w0,2022,12
2023-05-18#t12096w0,2023,12
2025-11-04#t579w0,2025,12
2023-03-29#t11203w0,2023,12
2019-11-26#t2659w0,2019,12
2022-05-12#t6862w8,2022,12
2020-11-20#t289w10,2020,12
2022-11-15#t9196w1,2022,12
2023-05-10#t11545w0,2023,12
2023-10-25#t13463w12,2023,12
2020-12-17#t1186w0,2020,12
2025-03-26#t1405w0,2025,12
2020-11-20#t260w0,2020,12
2018-11-01#t486w0,2018,12
2020-12-15#t779w0,2020,12
2024-05-30#t17229w2,2024,12
2022-10-25#t8572w0,2022,12
2023-06-09#t12589w0,2023,12
2025-03-21#t1250w18,2025,12
2022-03-25#t6141w7,2022,12
2024-11-27#t418w0,2024,12
2023-06-15#t12886w0,2023,12
2023-03-24#t11013w9,2023,12
2022-05-20#t7236w0,2022,12
2021-11-25#t4699w1,2021,12
2021-12-15#t5779w0,2021,12
2021-12-08#t5348w0,2021,12
2025-03-19#t1035w0,2025,12
2025-10-24#t152w0,2025,12
2025-03-27#t1544w0,2025,12
2018-11-23#t740w7,2018,12
2021-05-13#t2256w0,2021,12
2019-03-22#t1280w0,2019,12
2025-05-08#t1902w1,2025,12
2023-10-25#t13406w3,2023,12
2018-10-24#t97w0,2018,12
2023-06-06#t12307w0,2023,12
2019-11-19#t116w0,2019,12
2024-05-07#t16196w1,2024,12
2023-12-12#t15373w1,2023,12
2021-12-07#t5238w0,2021,12
2019-05-08#t1446w0,2019,12
2018-10-24#t28w0,2018,12
2022-05-18#t7069w0,2022,12
2026-05-08#t2911w0,2026,12
2025-03-19#t1040w0,2025,12
2023-03-29#t11256w11,2023,12
2025-03-19#t1005w0,2025,12
2025-05-29#t2849w0,2025,12
2020-11-20#t280w1,2020,12
2019-11-27#t230w3,2019,12
2022-06-10#t7945w0,2022,12
2025-12-04#t1486w0,2025,12
2025-11-06#t756w0,2025,12
2018-10-30#t235w0,2018,12
2023-05-17#t11935w0,2023,12
2022-11-25#t9866w0,2022,12
2025-05-08#t1817w0,2025,12
2021-12-10#t5561w0,2021,12
2025-10-28#t207w0,2025,12
2022-05-19#t7079w0,2022,12
2025-03-19#t1105w3,2025,12
2025-12-04#t1487w0,2025,12
2023-06-15#t12910w3,2023,12
2018-10-31#t354w0,2018,12
2023-12-01#t14827w5,2023,12
2020-06-11#t4412w0,2020,12
2022-05-17#t6959w0,2022,12
2021-03-24#t1753w0,2021,12
2025-03-25#t1381w0,2025,12
2023-06-15#t12939w7,2023,12
2025-03-19#t1049w0,2025,12
2025-05-14#t2196w0,2025,12
2021-06-02#t3055w0,2021,11
2023-10-24#t13344w12,2023,11
2022-03-31#t6453w1,2022,11
2025-11-07#t859w0,2025,11
2021-06-02#t3099w0,2021,11
2025-05-14#t2332w0,2025,11
2023-03-24#t11040w4,2023,11
2020-12-09#t443w0,2020,11
2024-03-28#t15991w0,2024,11
2021-06-11#t3703w0,2021,11
2022-05-12#t6866w2,2022,11
2021-05-21#t2861w0,2021,11
2021-12-17#t5977w0,2021,11
2022-11-03#t9114w1,2022,11
2024-05-29#t17066w0,2024,11
2021-06-11#t3706w0,2021,11
2025-03-26#t1402w0,2025,11
2022-05-13#t6886w0,2022,11
2018-11-20#t545w1,2018,11
2022-12-08#t10353w5,2022,11
2022-03-31#t6453w3,2022,11
2020-12-08#t434w16,2020,11
2022-12-08#t10273w0,2022,11
2019-12-17#t3277w0,2019,11
2020-12-08#t344w0,2020,11
2024-12-10#t551w0,2024,10
2022-05-11#t6741w1,2022,10
2019-05-28#t1970w0,2019,10
2023-06-13#t12681w0,2023,10
2025-03-27#t1602w0,2025,10
2024-12-13#t935w0,2024,10
2023-10-18#t13072w0,2023,10
2024-12-12#t766w0,2024,10
2022-12-14#t10565w0,2022,10
2021-06-09#t3496w0,2021,10
2025-11-20#t1206w0,2025,10
2021-05-13#t2353w0,2021,10
2019-03-22#t1331w5,2019,10
2022-11-23#t9703w0,2022,10
2025-12-12#t1974w0,2025,10
2022-10-05#t8215w0,2022,10
2022-03-25#t6164w4,2022,10
2025-03-27#t1630w0,2025,10
2022-12-14#t10561w0,2022,10
2023-11-23#t14280w0,2023,10
2023-05-10#t11640w0,2023,10
2018-10-30#t276w1,2018,10
2024-05-09#t16436w0,2024,10
2025-12-11#t1930w0,2025,10
2023-03-29#t11191w0,2023,10
2024-11-27#t431w0,2024,10
2021-11-04#t4110w6,2021,10
2022-06-08#t7762w0,2022,10
2021-06-11#t3748w0,2021,10
2019-05-14#t1599w0,2019,10
2021-12-10#t5558w0,2021,10
2023-11-23#t14344w1,2023,10
2025-05-27#t2671w1,2025,10
2022-11-17#t9453w0,2022,10
2021-03-17#t1511w3,2021,10
2020-12-17#t1150w1,2020,10
2024-11-27#t443w4,2024,10
2023-12-05#t14934w1,2023,10
2025-03-27#t1602w6,2025,10
2024-03-26#t15830w13,2024,10
2019-05-10#t109w0,2019,10
2022-10-05#t8220w2,2022,10
2019-12-13#t3246w2,2019,10
2024-03-20#t15558w0,2024,10
2022-11-02#t8982w5,2022,10
2021-06-01#t3034w6,2021,10
2025-12-02#t1372w2,2025,10
2020-12-15#t836w0,2020,10
2025-03-21#t1265w0,2025,10
2024-06-04#t17435w0,2024,10
2020-06-09#t4280w0,2020,10
2020-12-10#t614w0,2020,10
2023-11-21#t14025w0,2023,10
2023-05-17#t12004w0,2023,10
2025-05-13#t2051w0,2025,10
2022-05-12#t6775w0,2022,10
2025-12-03#t1415w0,2025,10
2025-05-16#t2538w0,2025,10
2023-06-08#t12519w2,2023,10
2023-03-28#t11101w0,2023,10
2023-12-06#t15047w3,2023,10
2025-05-14#t2326w0,2025,10
2022-03-22#t5992w6,2022,10
2025-03-19#t1155w0,2025,10
2023-12-05#t14932w0,2023,10
2025-12-04#t1485w0,2025,10
2025-11-05#t644w0,2025,10
2025-03-19#t1064w0,2025,10
2020-03-11#t3710w0,2020,10
2019-12-10#t2944w0,2019,10
2022-11-01#t8781w0,2022,10
2022-03-25#t6139w8,2022,10
2020-03-13#t3889w0,2020,10
2020-06-09#t4274w0,2020,10
2024-12-13#t925w0,2024,10
2024-03-27#t15973w1,2024,10
2025-03-21#t1211w0,2025,10
2023-06-15#t12932w0,2023,10
2025-05-29#t2894w0,2025,10
2024-05-30#t17177w0,2024,10
2023-05-10#t11641w2,2023,10
2026-05-05#t2600w0,2026,10
2025-11-07#t888w0,2025,10
2018-11-23#t658w0,2018,10
2022-11-25#t9856w0,2022,10
2022-06-02#t7598w0,2022,10
2019-11-27#t261w11,2019,10
2018-11-01#t467w19,2018,10
2022-05-10#t6509w0,2022,10
2021-11-04#t4042w0,2021,10
2024-03-21#t15609w4,2024,10
2025-03-27#t1594w0,2025,10
2021-06-10#t3530w0,2021,10
2021-11-26#t4728w0,2021,10
2025-06-03#t3132w2,2025,10
2022-05-12#t6849w3,2022,10
2019-11-28#t2712w0,2019,10
2025-05-09#t1967w0,2025,10
2021-06-11#t3715w0,2021,10
2021-12-10#t5574w0,2021,10
2020-06-18#t4805w0,2020,10
2023-03-23#t10940w6,2023,10
2021-06-08#t3428w0,2021,10
2025-03-25#t1383w7,2025,10
2023-05-16#t11906w0,2023,10
2025-06-04#t3201w0,2025,10
2026-05-13#t3064w0,2026,10
2023-06-15#t12833w0,2023,10
2021-06-08#t3420w0,2021,10
2026-03-24#t2254w0,2026,10
2023-05-18#t12072w0,2023,10
2025-11-20#t1159w0,2025,10
2022-12-07#t10082w0,2022,10
2025-10-30#t537w5,2025,10
2025-03-26#t1417w0,2025,10
2025-11-05#t657w0,2025,10
2019-11-20#t2432w0,2019,10
2026-03-24#t2243w0,2026,10
2023-11-03#t13956w0,2023,10
2021-12-03#t5108w0,2021,10
2025-10-22#t66w0,2025,10
2019-11-27#t238w4,2019,10
2023-10-25#t13444w0,2023,10
2025-06-05#t3317w0,2025,10
2020-11-18#t39w0,2020,10
2025-03-27#t1570w0,2025,10
2023-05-19#t12277w5,2023,10
2022-03-22#t5985w0,2022,10
2021-12-14#t5684w0,2021,10
2018-11-23#t656w0,2018,10
2019-11-21#t2460w11,2019,10
2025-11-21#t1234w0,2025,10
2025-11-18#t983w0,2025,10
2022-03-29#t6168w0,2022,10
2022-10-07#t8356w0,2022,10
2020-12-15#t817w0,2020,10
2023-05-11#t11675w0,2023,10
2023-11-24#t14406w0,2023,10
2018-10-26#t188w3,2018,10
2022-11-02#t8903w0,2022,10
2023-10-24#t13310w0,2023,10
2025-12-05#t1594w0,2025,10
2024-12-13#t877w0,2024,10
2019-03-22#t1309w13,2019,10
2022-11-15#t9213w2,2022,10
2021-05-19#t2729w2,2021,10
2024-06-05#t17533w3,2024,10
2025-12-12#t2026w3,2025,10
2025-05-29#t2907w2,2025,10
2023-05-19#t12227w0,2023,10
2024-11-26#t319w3,2024,10
2023-12-08#t15261w0,2023,10
2019-11-28#t2856w6,2019,10
2023-11-29#t14570w0,2023,10
2023-03-22#t10883w0,2023,10
2021-11-26#t4759w0,2021,10
2024-11-26#t312w6,2024,10
2023-05-10#t11600w0,2023,10
2024-11-20#t38w0,2024,10
2021-06-10#t3553w0,2021,10
2025-03-25#t1383w6,2025,10
2024-11-22#t211w0,2024,10
2024-06-06#t17560w0,2024,10
2022-10-05#t8221w4,2022,10
2021-12-09#t5488w0,2021,10
2020-06-16#t4601w0,2020,10
2025-05-15#t2359w0,2025,10
2021-11-23#t4495w0,2021,10
2024-11-26#t236w0,2024,10
2024-05-29#t17046w0,2024,10
2022-05-11#t6692w0,2022,10
2025-05-13#t2086w0,2025,10
2021-05-21#t2921w0,2021,10
2019-12-17#t3372w6,2019,10
2021-11-05#t4131w0,2021,10
2024-03-22#t15695w16,2024,10
2026-03-25#t2454w2,2026,10
2026-05-14#t3169w2,2026,10
2022-06-02#t7567w1,2022,10
2024-05-15#t16634w0,2024,10
2025-11-20#t1134w0,2025,10
2023-11-28#t14517w2,2023,10
2023-05-11#t11767w0,2023,10
2021-12-07#t5300w3,2021,10
2023-12-05#t14932w7,2023,10
2022-12-13#t10512w3,2022,10
2018-11-23#t739w14,2018,10
2025-10-29#t367w0,2025,10
2020-12-10#t593w0,2020,10
2020-11-20#t253w0,2020,10
2019-11-22#t2490w0,2019,10
2025-05-16#t2533w1,2025,10
2018-10-31#t391w6,2018,10
2023-11-01#t13675w0,2023,10
2023-03-22#t10931w0,2023,10
2019-11-28#t2815w3,2019,10
2022-12-15#t10657w0,2022,10
2023-12-08#t15230w0,2023,10
2023-11-01#t13683w0,2023,10
2023-03-29#t11190w0,2023,10
2022-06-01#t7440w0,2022,10
2022-06-08#t7797w0,2022,10
2021-06-03#t3292w4,2021,10
2021-03-23#t1684w3,2021,10
2022-06-01#t7387w0,2022,10
2020-03-13#t3940w0,2020,10
2026-05-13#t3024w0,2026,10
2022-06-02#t7542w1,2022,10
2024-03-27#t15848w0,2024,10
2018-11-01#t422w0,2018,10
2021-11-09#t4226w0,2021,10
2024-05-28#t16954w0,2024,10
2022-05-11#t6744w2,2022,10
2026-05-08#t2900w0,2026,10
2021-06-09#t3494w0,2021,10
2023-12-13#t15428w0,2023,10
2019-03-22#t1303w1,2019,10
2023-03-29#t11229w0,2023,10
2018-11-01#t508w2,2018,10
2022-12-06#t10028w2,2022,10
2024-05-08#t16346w1,2024,10
2025-06-06#t3384w0,2025,10
2018-10-26#t167w0,2018,10
2023-12-13#t15439w0,2023,10
2021-12-08#t5309w0,2021,10
2023-05-16#t11901w0,2023,10
2022-06-02#t7481w0,2022,10
2023-11-02#t13850w0,2023,10
2026-05-05#t2630w0,2026,10
2021-12-09#t5472w0,2021,10
2022-03-29#t6249w3,2022,10
2021-11-05#t4167w0,2021,10
2024-05-16#t16734w0,2024,10
2024-11-26#t303w0,2024,10
2018-10-31#t338w0,2018,10
2022-05-10#t6555w0,2022,10
2025-03-27#t1614w3,2025,10
2021-12-07#t5299w10,2021,10
2022-11-02#t8944w0,2022,10
2018-10-24#t65w0,2018,10
2022-05-19#t7186w1,2022,10
2022-05-31#t7350w7,2022,10
2021-11-23#t4508w0,2021,10
2023-11-30#t14721w4,2023,10
2025-10-29#t396w1,2025,10
2025-11-20#t1132w0,2025,10
2019-11-27#t238w0,2019,10
2025-12-04#t1484w0,2025,10
2025-10-22#t88w0,2025,10
2025-03-25#t1308w0,2025,10
2021-06-10#t3552w0,2021,10
2023-11-22#t14139w0,2023,10
2022-06-01#t7426w0,2022,10
2022-05-10#t6535w0,2022,10
2018-10-31#t373w6,2018,10
2019-11-28#t2756w0,2019,10
2026-03-20#t2166w0,2026,10
2018-10-24#t113w0,2018,10
2021-05-12#t2209w3,2021,10
2024-03-20#t15605w1,2024,10
2023-03-28#t11155w4,2023,10
2024-05-09#t16445w0,2024,10
2023-03-29#t11174w0,2023,10
2024-11-26#t311w3,2024,10
2024-05-08#t16346w4,2024,10
2019-05-28#t1927w0,2019,10
2020-06-11#t4509w0,2020,10
2025-12-03#t1450w6,2025,10
2023-11-30#t14715w0,2023,10
2021-05-20#t2823w3,2021,10
2022-10-28#t8759w1,2022,10
2025-05-13#t2052w0,2025,10
2020-11-19#t146w8,2020,10
2022-05-11#t6598w0,2022,10
2022-11-23#t9717w0,2022,10
2018-11-30#t988w11,2018,10
2025-03-19#t1106w2,2025,10
2020-03-11#t3831w2,2020,10
2025-06-04#t3205w0,2025,10
2024-12-11#t651w0,2024,10
2022-05-10#t6502w0,2022,10
2021-12-02#t5052w0,2021,10
2023-12-12#t15387w0,2023,10
2020-06-17#t4629w0,2020,10
2023-10-25#t13417w0,2023,10
2022-05-11#t6646w0,2022,10
2024-03-26#t15800w1,2024,10
2025-03-19#t1142w4,2025,10
2024-06-05#t17459w0,2024,10
2023-12-07#t15102w0,2023,10
2023-03-28#t11154w7,2023,10
2022-05-13#t6921w0,2022,10
2019-11-26#t2664w0,2019,10
2025-05-27#t2606w0,2025,10
2023-05-09#t11488w0,2023,10
2022-03-30#t6356w3,2022,10
2026-03-24#t2314w8,2026,10
2023-06-07#t12415w0,2023,10
2024-05-31#t17273w0,2024,10
2023-10-25#t13460w5,2023,10
2024-11-19#t1w1,2024,10
2019-05-31#t2183w0,2019,10
2019-05-28#t1906w0,2019,10
2024-05-07#t16211w0,2024,10
2023-11-28#t14435w0,2023,10
2020-11-18#t77w0,2020,10
2024-05-28#t17032w5,2024,10
2026-05-13#t2993w0,2026,10
2024-11-22#t209w0,2024,10
2026-03-18#t2098w0,2026,10
2021-11-05#t4142w0,2021,10
2025-12-12#t1972w0,2025,10
2022-03-30#t6349w3,2022,10
2021-12-16#t5879w2,2021,10
2021-06-03#t3229w0,2021,10
2025-03-21#t1225w0,2025,10
2021-12-16#t5886w0,2021,10
2020-12-17#t1090w0,2020,10
2020-05-27#t4203w1,2020,10
2022-03-31#t6429w4,2022,10
2020-06-10#t4351w0,2020,10
2025-12-09#t1631w0,2025,10
2020-12-11#t755w9,2020,10
2021-05-11#t2033w0,2021,10
2024-05-30#t17245w0,2024,10
2021-03-23#t1628w0,2021,10
2022-11-18#t9570w0,2022,10
2019-12-17#t3295w0,2019,10
2019-05-31#t2192w0,2019,10
2022-05-12#t6786w0,2022,10
2019-05-16#t1776w0,2019,10
2022-03-25#t6079w0,2022,10
2024-03-20#t15594w0,2024,10
2022-11-25#t9915w1,2022,10
2018-11-21#t610w0,2018,10
2025-11-21#t1237w0,2025,10
2022-10-04#t8086w0,2022,10
2018-10-31#t366w0,2018,10
2021-06-10#t3542w0,2021,10
2021-12-14#t5712w0,2021,10
2019-11-28#t2832w6,2019,10
2024-05-09#t16391w0,2024,10
2025-05-14#t2243w4,2025,10
2020-12-09#t521w0,2020,10
2023-06-13#t12731w10,2023,10
2019-05-07#t1339w2,2019,10
2023-11-30#t14723w6,2023,10
2025-12-02#t1372w1,2025,10
2019-12-19#t3479w0,2019,10
2023-03-24#t11013w0,2023,10
2025-12-04#t1520w0,2025,10
2025-05-29#t2875w0,2025,10
2023-06-06#t12327w0,2023,10
2020-06-09#t4241w0,2020,10
2024-03-27#t15979w9,2024,10
2021-12-02#t5031w2,2021,10
2018-11-01#t467w11,2018,10
2025-11-04#t582w0,2025,10
2024-11-28#t537w4,2024,10
2019-12-10#t2955w1,2019,10
2025-05-15#t2367w0,2025,10
2023-05-11#t11682w0,2023,10
2025-05-30#t2976w0,2025,10
2025-03-21#t1250w6,2025,10
2022-11-23#t9706w0,2022,10
2024-05-08#t16267w0,2024,10
2025-12-09#t1691w0,2025,10
2025-03-21#t1247w0,2025,10
2019-11-26#t2694w6,2019,10
2019-12-12#t287w0,2019,10
2024-12-10#t590w0,2024,10
2023-11-23#t14288w0,2023,10
2018-11-22#t648w3,2018,10
2025-11-20#t1152w0,2025,10
2019-11-28#t2798w0,2019,10
2024-03-27#t15898w0,2024,10
2021-05-13#t2287w0,2021,10
2019-05-14#t1624w0,2019,10
2026-05-06#t2656w0,2026,10
2026-03-20#t2193w0,2026,10
2022-05-12#t6778w0,2022,10
2021-12-09#t5551w5,2021,10
2025-10-29#t358w0,2025,10
2022-06-01#t7434w0,2022,10
2022-11-15#t9197w0,2022,10
2019-12-17#t3267w0,2019,10
2024-12-13#t951w0,2024,10
2021-05-19#t2613w0,2021,10
2019-12-19#t3566w1,2019,10
2022-10-07#t8402w0,2022,10
2020-03-11#t3748w0,2020,10
2023-03-23#t10940w10,2023,10
2019-11-27#t135w0,2019,10
2022-10-06#t8275w0,2022,10
2020-12-08#t371w0,2020,10
2018-12-11#t1081w1,2018,10
2023-05-18#t12139w0,2023,10
2021-03-17#t1440w0,2021,10
2023-03-30#t11314w0,2023,10
2022-12-13#t10466w0,2022,10
2019-12-10#t2899w0,2019,10
2025-05-27#t2670w2,2025,10
2019-12-11#t3033w0,2019,10
2022-11-17#t9431w0,2022,10
2023-03-30#t11373w0,2023,10
2022-11-15#t9152w0,2022,10
2023-06-08#t12538w1,2023,10
2024-03-27#t15948w10,2024,10
2024-03-27#t15983w6,2024,10
2026-05-13#t3032w0,2026,10
2023-05-19#t12261w0,2023,10
2021-11-25#t4717w1,2021,10
2020-12-08#t347w0,2020,10
2021-11-03#t3966w2,2021,10
2022-05-10#t6574w0,2022,10
2022-05-20#t7281w4,2022,10
2021-06-02#t3095w0,2021,10
2022-10-04#t8079w0,2022,10
2022-12-15#t10643w0,2022,10
2025-12-09#t1699w0,2025,10
2023-03-22#t10855w0,2023,10
2024-11-28#t458w0,2024,10
2022-05-19#t7186w0,2022,10
2024-05-07#t16109w0,2024,10
2023-05-10#t11627w1,2023,10
2019-12-13#t3243w0,2019,10
2019-12-12#t275w0,2019,10
2018-10-26#t191w9,2018,10
2019-05-07#t1337w0,2019,10
2023-06-15#t12932w2,2023,10
2023-12-05#t14926w14,2023,10
2019-05-10#t23w0,2019,10
2023-06-15#t12960w0,2023,10
2019-12-10#t2870w0,2019,10
2022-11-01#t8864w1,2022,10
2021-12-07#t5254w0,2021,10
2023-06-14#t12811w0,2023,10
2023-11-23#t14261w0,2023,10
2022-03-31#t6373w0,2022,10
2021-03-24#t1803w1,2021,10
2021-02-12#t1388w1,2021,10
2023-05-12#t11805w0,2023,10
2022-10-06#t8323w6,2022,10
2025-06-04#t3196w0,2025,10
2022-05-31#t7288w0,2022,10
2023-06-16#t13004w0,2023,10
2020-12-15#t767w0,2020,10
2022-03-25#t6164w2,2022,10
2021-03-19#t1613w13,2021,10
2020-12-18#t1215w0,2020,10
2026-05-14#t3172w2,2026,10
2022-03-29#t6259w3,2022,10
2019-05-10#t89w0,2019,10
2019-05-08#t1439w0,2019,10
2025-10-31#t538w5,2025,10
2024-11-27#t427w0,2024,10
2020-03-11#t3761w0,2020,10
2023-05-17#t11978w0,2023,10
2022-11-22#t9621w0,2022,10
2018-10-26#t184w1,2018,10
2020-06-16#t4524w0,2020,10
2019-12-12#t365w0,2019,10
2023-11-24#t14401w0,2023,10
2025-03-26#t1420w0,2025,10
2023-12-05#t14884w0,2023,10
2023-06-08#t12475w0,2023,10
2019-11-22#t2514w0,2019,10
2021-11-25#t4697w0,2021,10
2021-12-14#t5689w0,2021,10
2021-12-17#t5912w0,2021,10
2025-11-20#t1108w0,2025,10
2022-05-18#t7012w0,2022,10
2018-11-28#t969w6,2018,10
2021-11-05#t4126w0,2021,10
2022-05-10#t6549w2,2022,10
2019-03-21#t1199w6,2019,10
2023-03-29#t11171w0,2023,10
2025-10-30#t438w0,2025,10
2025-05-15#t2454w2,2025,10
2021-03-23#t1661w0,2021,10
2018-11-23#t750w2,2018,10
2018-12-12#t1177w3,2018,10
2023-10-26#t13483w0,2023,10
2024-06-07#t17740w0,2024,10
2018-10-26#t150w0,2018,10
2021-06-03#t3234w0,2021,10
2021-05-19#t2644w0,2021,10
2019-03-21#t1198w0,2019,10
2025-05-07#t1759w0,2025,10
2025-05-29#t2909w3,2025,10
2024-05-16#t16765w0,2024,10
2020-12-18#t1220w0,2020,10
2024-05-10#t16500w0,2024,10
2023-03-22#t10905w0,2023,10
2023-12-01#t14765w0,2023,10
2022-06-10#t7936w0,2022,10
2025-05-13#t2067w0,2025,10
2024-12-13#t892w0,2024,10
2022-10-07#t8425w1,2022,10
2021-05-11#t2009w0,2021,10
2022-06-03#t7678w1,2022,10
2025-03-27#t1629w0,2025,10
2024-03-27#t15979w8,2024,10
2019-05-16#t1855w0,2019,10
2022-12-13#t10523w0,2022,10
2023-11-23#t14329w1,2023,10
2025-03-25#t1279w0,2025,10
2023-06-08#t12479w0,2023,10
2026-03-26#t2525w0,2026,10
2024-05-16#t16755w0,2024,10
2023-06-07#t12420w0,2023,10
2022-05-12#t6785w0,2022,10
2023-05-19#t12222w0,2023,10
2024-05-16#t16828w4,2024,10
2024-03-26#t15809w2,2024,10
2024-05-29#t17128w2,2024,10
2022-05-11#t6726w0,2022,10
2023-03-22#t10851w0,2023,10
2023-03-30#t11347w0,2023,10
2019-05-10#t33w0,2019,10
2018-11-27#t843w5,2018,10
2023-11-30#t14717w0,2023,10
2023-06-13#t12726w4,2023,10
2025-03-27#t1614w1,2025,10
2019-12-17#t3274w0,2019,10
2019-12-12#t272w0,2019,10
2020-12-10#t592w0,2020,10
2021-11-02#t3783w0,2021,10
2026-05-06#t2693w0,2026,10
2023-05-18#t12105w0,2023,10
2021-05-19#t2635w0,2021,10
2018-11-21#t642w0,2018,10
2024-05-10#t16492w0,2024,10
2025-11-21#t1261w0,2025,10
2021-05-19#t2652w0,2021,10
2025-10-31#t539w4,2025,10
2018-10-25#t120w9,2018,10
2023-11-23#t14240w0,2023,10
2025-05-30#t2959w0,2025,10
2023-10-31#t13639w0,2023,10
2023-11-03#t13897w0,2023,10
2022-11-01#t8823w0,2022,10
2020-03-11#t3783w0,2020,10
2023-03-30#t11317w0,2023,10
2021-05-13#t2293w0,2021,10
2023-12-12#t15382w1,2023,10
2023-05-12#t11817w0,2023,10
2023-12-06#t15006w0,2023,10
2019-12-10#t2871w0,2019,10
2025-05-07#t1793w2,2025,10
2022-12-08#t10344w6,2022,10
2023-10-18#t13133w0,2023,10
2022-11-03#t9047w0,2022,10
2023-05-18#t12170w0,2023,10
2023-06-15#t12932w6,2023,10
2020-12-11#t710w0,2020,10
2022-10-05#t8154w0,2022,10
2021-12-02#t4952w0,2021,10
2022-12-14#t10588w0,2022,10
2023-05-10#t11596w0,2023,10
2025-11-04#t575w0,2025,10
2022-11-03#t9035w0,2022,10
2023-11-23#t14344w0,2023,10
2018-11-01#t503w1,2018,10
2023-06-09#t12642w4,2023,10
2019-11-27#t192w0,2019,10
2025-03-27#t1624w0,2025,10
2022-11-01#t8862w3,2022,10
2025-03-19#t1096w2,2025,10
2023-11-30#t14723w3,2023,10
2024-03-28#t16009w0,2024,10
2026-03-26#t2499w0,2026,10
2024-05-29#t17056w0,2024,10
2026-03-25#t2418w4,2026,10
2022-12-14#t10560w0,2022,10
2020-06-09#t4235w0,2020,10
2023-03-29#t11200w0,2023,10
2021-05-11#t2017w0,2021,10
2024-05-08#t16342w0,2024,10
2023-10-18#t13153w0,2023,10
2022-11-01#t8857w0,2022,10
2023-10-18#t13085w0,2023,10
2021-12-08#t5411w0,2021,10
2021-05-21#t2909w0,2021,10
2024-11-22#t199w0,2024,10
2025-06-05#t3350w1,2025,10
2024-05-08#t16361w1,2024,10
2024-06-04#t17410w0,2024,10
2023-10-25#t13445w0,2023,10
2021-02-12#t1325w0,2021,10
2018-11-23#t674w0,2018,10
2026-05-05#t2624w0,2026,10
2021-05-21#t2900w0,2021,10
2018-11-01#t432w0,2018,10
2018-11-27#t818w0,2018,10
2023-10-18#t13091w0,2023,10
2025-05-08#t1840w0,2025,10
2019-12-20#t3631w1,2019,10
2023-12-01#t14843w0,2023,10
2025-10-24#t170w0,2025,10
2025-05-06#t1674w0,2025,10
2024-03-20#t15604w0,2024,10
2021-05-20#t2823w5,2021,10
2026-05-06#t2669w0,2026,10
2024-03-28#t16069w1,2024,10
2020-12-17#t1175w1,2020,10
2019-11-22#t2564w0,2019,10
2023-11-22#t14194w0,2023,10
2021-11-03#t3958w3,2021,10
2019-11-28#t2773w0,2019,10
2022-05-12#t6865w2,2022,10
2024-05-10#t16543w0,2024,10
2019-05-08#t1440w0,2019,10
2021-05-20#t2776w0,2021,10
2019-11-26#t2644w0,2019,10
2019-11-27#t183w0,2019,10
2019-05-10#t43w0,2019,10
2026-05-08#t2950w0,2026,10
2020-12-08#t325w0,2020,10
2021-11-05#t4130w0,2021,10
2022-10-11#t8441w0,2022,10
2024-05-28#t17000w0,2024,10
2021-03-17#t1504w0,2021,10
2023-11-28#t14519w4,2023,10
2019-05-10#t38w0,2019,10
2023-11-23#t14311w1,2023,10
2024-11-22#t171w0,2024,10
2022-11-02#t8995w4,2022,10
2025-03-27#t1626w2,2025,10
2023-10-18#t13166w0,2023,10
2020-11-20#t162w0,2020,10
2023-06-16#t13026w0,2023,10
2025-03-19#t1140w1,2025,10
2021-12-17#t5977w2,2021,10
2025-03-26#t1502w1,2025,10
2023-12-01#t14755w0,2023,10
2026-05-14#t3097w0,2026,10
2021-05-21#t2849w0,2021,10
2023-05-16#t11920w0,2023,10
2018-12-12#t1182w0,2018,10
2022-12-14#t10601w4,2022,10
2025-05-29#t2850w0,2025,10
2023-03-30#t11417w4,2023,10
2018-11-01#t437w0,2018,10
2022-05-11#t6599w0,2022,10
2024-11-26#t312w2,2024,10
2023-11-03#t13927w0,2023,10
2021-03-25#t1968w0,2021,10
2024-05-16#t16747w0,2024,10
2024-06-06#t17665w1,2024,10
2021-12-03#t5142w3,2021,10
2021-05-12#t2231w0,2021,10
2024-03-27#t15970w2,2024,10
2019-05-31#t2131w0,2019,10
2022-12-08#t10244w0,2022,10
2025-03-19#t1080w6,2025,10
2025-11-18#t951w0,2025,10
2024-05-28#t17039w1,2024,10
2025-11-05#t648w0,2025,10
2024-03-20#t15527w0,2024,10
2022-11-15#t9195w1,2022,10
2021-11-25#t4717w3,2021,10
2022-06-08#t7837w2,2022,10
2022-03-31#t6379w0,2022,10
2022-11-01#t8855w7,2022,10
2025-03-25#t1316w0,2025,10
2026-03-24#t2291w0,2026,10
2021-11-12#t4408w0,2021,10
2025-10-29#t315w0,2025,10
2024-05-07#t16215w0,2024,10
2022-05-10#t6505w0,2022,10
2024-11-22#t151w0,2024,10
2020-12-09#t566w0,2020,10
2024-11-26#t312w7,2024,10
2022-05-18#t7036w0,2022,10
2024-05-28#t17011w0,2024,10
2023-11-01#t13735w0,2023,10
2023-10-18#t13068w0,2023,10
2023-05-18#t12138w0,2023,10
2024-05-09#t16418w0,2024,10
2021-05-21#t2953w0,2021,10
2020-12-11#t693w0,2020,10
2020-05-26#t4066w0,2020,10
2024-12-12#t734w0,2024,10
2021-03-23#t1713w2,2021,10
2023-06-08#t12460w0,2023,10
2022-11-03#t9114w3,2022,10
2023-10-20#t13202w0,2023,10
2022-06-10#t8008w1,2022,10
2021-06-10#t3679w3,2021,10
2024-03-22#t15663w0,2024,10
2023-11-29#t14550w0,2023,10
2022-06-07#t7708w0,2022,10
2026-03-24#t2332w1,2026,10
2022-11-25#t9882w0,2022,10
2025-05-07#t1809w2,2025,10
2023-11-24#t14407w0,2023,10
2022-05-11#t6669w2,2022,10
2021-12-08#t5314w0,2021,10
2023-05-19#t12270w5,2023,10
2021-03-17#t1451w0,2021,10
2022-03-31#t6471w6,2022,10
2018-10-25#t120w7,2018,10
2023-11-22#t14200w0,2023,10
2020-11-19#t146w16,2020,10
2023-12-06#t14960w0,2023,10
2023-10-26#t13536w0,2023,10
2022-12-06#t9980w0,2022,10
2019-11-28#t2726w0,2019,10
2021-05-13#t2317w0,2021,10
2024-03-21#t15609w13,2024,10
2021-03-25#t1856w0,2021,10
2020-12-17#t1109w0,2020,10
2021-12-02#t5012w0,2021,10
2023-10-24#t13341w2,2023,10
2023-12-13#t15491w0,2023,10
2023-10-31#t13602w0,2023,10
2023-05-16#t11861w0,2023,10
2022-05-18#t7020w0,2022,10
2021-06-10#t3613w0,2021,10
2024-05-09#t16392w0,2024,10
2018-11-23#t696w0,2018,10
2022-10-11#t8474w0,2022,10
2021-02-12#t1329w0,2021,10
2022-11-03#t9014w0,2022,10
2025-05-30#t2955w0,2025,10
2023-12-07#t15202w5,2023,10
2025-10-28#t282w13,2025,10
2020-05-26#t4038w0,2020,10
2023-05-18#t12093w0,2023,10
2025-12-10#t1769w0,2025,10
2023-12-07#t15158w0,2023,10
2022-11-02#t8911w0,2022,10
2022-03-31#t6466w1,2022,10
2018-10-24#t88w0,2018,10
2024-03-22#t15695w2,2024,10
2021-11-04#t4076w0,2021,10
2025-05-30#t2941w0,2025,10
2022-11-23#t9709w0,2022,10
2022-11-23#t9700w0,2022,10
2022-12-13#t10501w1,2022,10
2020-12-16#t927w0,2020,10
2019-05-14#t1592w0,2019,10
2022-10-06#t8278w0,2022,10
2021-03-23#t1636w0,2021,10
2024-06-06#t17616w1,2024,10
2021-05-18#t2549w0,2021,10
2022-12-16#t10761w0,2022,10
2021-11-09#t4227w0,2021,10
2024-12-11#t728w4,2024,10
2018-10-26#t197w4,2018,10
2019-11-27#t261w1,2019,10
2020-12-17#t1138w0,2020,10
2024-05-08#t16260w0,2024,10
2022-11-02#t8919w0,2022,10
2023-03-30#t11384w5,2023,10
2023-05-17#t12043w0,2023,10
2022-06-08#t7782w0,2022,10
2022-10-04#t8070w0,2022,10
2023-05-17#t12042w0,2023,10
2022-06-02#t7472w0,2022,10
2022-11-22#t9631w0,2022,10
2025-06-05#t3341w0,2025,10
2025-06-03#t3058w0,2025,10
2018-11-27#t843w7,2018,10
2025-10-24#t180w7,2025,10
2023-11-02#t13880w0,2023,10
2021-11-12#t4431w0,2021,10
2025-05-09#t1953w0,2025,10
2024-11-27#t374w0,2024,10
2022-11-22#t9596w0,2022,10
2021-12-15#t5752w0,2021,10
2024-05-17#t16894w0,2024,10
2025-11-19#t1025w0,2025,10
2021-12-14#t5697w0,2021,10
2021-12-03#t5079w0,2021,10
2021-05-12#t2133w0,2021,10
2025-05-13#t2093w0,2025,10
2022-03-25#t6162w0,2022,10
2025-12-11#t1820w0,2025,10
2022-10-12#t8551w0,2022,10
2022-12-13#t10523w7,2022,10
2023-03-29#t11196w0,2023,10
2025-10-30#t421w0,2025,10
2025-05-28#t2820w7,2025,10
2023-06-09#t12578w0,2023,10
2022-06-03#t7659w0,2022,10
2025-05-28#t2735w0,2025,10
2019-05-16#t1847w4,2019,10
2022-11-02#t8991w11,2022,10
2021-03-16#t1427w7,2021,10
2024-03-22#t15627w0,2024,10
2020-12-09#t573w3,2020,10
2018-11-27#t840w3,2018,10
2025-06-05#t3320w0,2025,10
2020-06-11#t4474w1,2020,10
2024-03-22#t15719w3,2024,10
2022-11-03#t9093w6,2022,10
2022-03-30#t6319w0,2022,10
2025-11-20#t1115w0,2025,10
2019-05-07#t1368w0,2019,10
2018-11-27#t842w2,2018,10
2021-11-23#t4524w0,2021,10
2025-10-28#t282w4,2025,10
2024-05-16#t16837w4,2024,10
2023-03-22#t10906w0,2023,10
2022-05-17#t6954w0,2022,10
2024-05-31#t17261w0,2024,10
2022-11-15#t9165w0,2022,10
2023-10-31#t13609w0,2023,10
2025-11-06#t822w3,2025,10
2026-03-25#t2399w0,2026,10
2022-06-08#t7815w0,2022,10
2025-12-11#t1877w1,2025,10
2021-05-19#t2620w0,2021,10
2022-03-30#t6272w0,2022,10
2025-03-19#t1039w0,2025,10
2024-12-13#t900w0,2024,10
2021-06-03#t3190w0,2021,10
2019-03-21#t1198w1,2019,10
2023-05-09#t11449w0,2023,10
2022-10-04#t8068w0,2022,10
2022-12-07#t10128w0,2022,10
2019-05-16#t1785w0,2019,10
2025-03-19#t1080w4,2025,10
2018-10-31#t391w5,2018,10
2025-05-08#t1860w0,2025,10
2023-03-22#t10859w0,2023,10
2026-05-07#t2855w0,2026,10
2022-03-29#t6258w4,2022,10
2024-11-28#t457w0,2024,10
2021-12-03#t5105w0,2021,10
2018-10-30#t251w0,2018,10
2023-05-12#t11795w0,2023,10
2023-06-08#t12538w2,2023,10
2025-10-29#t310w0,2025,10
2024-06-04#t17400w0,2024,10
2023-06-13#t12725w0,2023,10
2023-12-13#t15469w0,2023,10
2022-06-02#t7598w3,2022,10
2024-05-17#t16907w0,2024,10
2021-12-03#t5098w0,2021,10
2023-05-11#t11760w0,2023,10
2022-10-05#t8141w0,2022,10
2019-12-10#t2886w0,2019,10
2022-03-29#t6263w3,2022,10
2023-11-23#t14343w1,2023,10
2022-12-06#t10015w0,2022,10
2022-05-31#t7294w0,2022,10
2025-12-12#t2003w1,2025,10
2023-03-29#t11245w2,2023,10
2022-05-20#t7283w1,2022,10
2022-05-19#t7127w0,2022,10
2020-12-09#t551w0,2020,10
2020-03-11#t3718w0,2020,10
2025-03-27#t1572w0,2025,10
2018-10-30#t315w0,2018,10
2019-11-28#t2850w5,2019,10
2022-12-09#t10380w0,2022,10
2024-05-08#t16237w0,2024,10
2022-11-03#t9017w0,2022,10
2023-05-19#t12271w0,2023,10
2021-12-15#t5737w0,2021,10
2021-06-08#t3391w0,2021,10
2023-11-03#t13952w0,2023,10
2024-12-13#t851w0,2024,10
2021-05-19#t2666w0,2021,10
2021-11-26#t4745w0,2021,10
2024-11-22#t173w0,2024,10
2021-05-21#t2944w2,2021,10
2021-03-23#t1632w0,2021,10
2025-03-21#t1263w4,2025,10
2023-11-30#t14718w4,2023,10
2023-12-13#t15445w1,2023,10
2023-10-18#t13068w1,2023,10
2019-05-14#t1629w0,2019,10
2021-05-18#t2510w0,2021,10
2018-11-27#t827w0,2018,10
2021-11-25#t4652w0,2021,10
2021-05-13#t2285w0,2021,10
2026-05-13#t3018w0,2026,10
2023-06-09#t12642w5,2023,10
2018-10-26#t203w1,2018,10
2021-11-04#t4063w0,2021,10
2022-11-17#t9461w1,2022,10
2021-05-21#t2854w0,2021,10
2024-05-09#t16460w6,2024,10
2018-12-12#t1109w0,2018,10
2025-10-22#t58w0,2025,10
2024-06-06#t17665w2,2024,10
2021-12-17#t5915w0,2021,10
2025-05-15#t2433w0,2025,10
2024-11-26#t301w8,2024,10
2020-12-09#t475w0,2020,10
2020-12-17#t1105w0,2020,10
2025-10-22#t92w0,2025,10
2022-11-24#t9828w0,2022,10
2019-11-27#t214w0,2019,10
2026-03-26#t2552w4,2026,10
2021-03-19#t1581w0,2021,10
2024-11-22#t183w0,2024,10
2019-03-22#t1309w9,2019,10
2025-06-06#t3439w1,2025,10
2024-05-31#t17350w0,2024,10
2024-11-20#t103w1,2024,10
2025-05-27#t2623w0,2025,10
2025-05-08#t1874w0,2025,10
2023-06-13#t12693w0,2023,10
2021-12-02#t5038w1,2021,10
2018-11-21#t568w0,2018,10
2023-10-25#t13390w0,2023,10
2020-11-19#t146w5,2020,10
2025-05-14#t2230w0,2025,10
2024-12-13#t922w0,2024,10
2022-11-23#t9697w0,2022,10
2022-10-12#t8520w0,2022,10
2021-03-25#t1954w0,2021,10
2023-05-18#t12143w0,2023,10
2022-11-03#t9076w0,2022,10
2022-11-17#t9481w2,2022,10
2025-10-28#t293w0,2025,10
2020-12-08#t341w0,2020,10
2024-06-05#t17533w2,2024,10
2026-05-08#t2940w0,2026,10
2018-10-24#t46w0,2018,10
2025-05-15#t2434w2,2025,10
2022-12-16#t10792w0,2022,10
2022-11-02#t8924w0,2022,10
2019-12-12#t358w1,2019,10
2024-05-28#t17039w6,2024,10
2020-12-08#t353w0,2020,10
2024-03-26#t15807w7,2024,10
2022-12-13#t10523w3,2022,10
2021-05-13#t2327w3,2021,10
2020-05-26#t4025w0,2020,10
2020-03-17#t3983w0,2020,10
2021-02-12#t1334w0,2021,10
2020-12-16#t869w0,2020,10
2023-11-30#t14749w5,2023,10
2022-06-02#t7477w0,2022,10
2025-05-27#t2648w2,2025,10
2025-12-10#t1745w0,2025,10
2023-06-15#t12874w0,2023,10
2019-05-14#t1590w0,2019,10
2019-12-19#t3503w0,2019,10
2026-05-07#t2855w1,2026,10
2021-06-01#t2970w0,2021,10
2026-03-25#t2419w3,2026,10
2023-03-30#t11351w2,2023,10
2025-12-02#t1343w0,2025,10
2021-03-19#t1612w1,2021,10
2019-03-22#t1229w0,2019,10
2018-11-21#t595w0,2018,10
2025-05-07#t1772w0,2025,10
2025-11-19#t1043w0,2025,10
2023-05-17#t12003w0,2023,10
2023-03-30#t11404w3,2023,10
2021-03-17#t1505w0,2021,10
2026-05-07#t2789w0,2026,10
2021-12-03#t5123w1,2021,10
2024-06-06#t17602w0,2024,10
2024-03-28#t16079w5,2024,10
2021-11-23#t4494w0,2021,10
2019-05-16#t1779w0,2019,10
2023-03-24#t11046w1,2023,10
2021-05-11#t2081w4,2021,10
2022-12-14#t10607w1,2022,10
2025-05-16#t2528w0,2025,10
2021-03-16#t1427w1,2021,10
2023-03-23#t10940w1,2023,10
2020-11-19#t146w13,2020,10
2025-10-31#t539w3,2025,10
2021-12-03#t5069w0,2021,10
2023-11-24#t14393w0,2023,10
2023-03-29#t11245w3,2023,10
2022-11-03#t9115w6,2022,10
2022-05-13#t6880w0,2022,10
2023-06-13#t12695w0,2023,10
2024-05-09#t16404w0,2024,10
2021-12-01#t4878w0,2021,10
2024-03-28#t16076w1,2024,10
2025-12-04#t1480w0,2025,10
2022-05-20#t7281w5,2022,10
2023-06-15#t12858w0,2023,10
2024-05-15#t16721w0,2024,10
2025-03-25#t1383w1,2025,10
2025-05-15#t2448w1,2025,10
2021-05-19#t2729w0,2021,10
2023-05-10#t11624w5,2023,10
2019-12-19#t3535w1,2019,10
2019-05-31#t2196w0,2019,10
2025-10-30#t535w5,2025,10
2025-10-24#t180w6,2025,10
2026-03-24#t2286w0,2026,10
2023-11-01#t13749w3,2023,10
2021-11-10#t4360w0,2021,10
2021-11-04#t3997w0,2021,10
2021-11-12#t4456w0,2021,10
2024-05-28#t16979w0,2024,10
2025-03-27#t1554w0,2025,10
2020-05-26#t4117w1,2020,10
2023-05-19#t12263w1,2023,10
2025-10-30#t516w0,2025,10
2019-11-26#t2662w0,2019,10
2020-12-11#t701w0,2020,10
2025-05-08#t1857w0,2025,10
2020-12-18#t1265w0,2020,10
2023-05-17#t12058w2,2023,10
2026-03-24#t2322w11,2026,10
2021-12-14#t5680w0,2021,10
2019-12-12#t309w0,2019,10
2024-11-28#t529w2,2024,10
2024-05-30#t17218w0,2024,10
2018-10-26#t208w0,2018,10
2022-03-25#t6137w10,2022,10
2025-10-28#t234w0,2025,10
2023-03-24#t11003w0,2023,10
2024-05-10#t16529w0,2024,10
2025-12-04#t1512w0,2025,10
2022-11-01#t8827w0,2022,10
2021-06-11#t3740w0,2021,10
2021-03-19#t1598w1,2021,10
2026-05-14#t3158w0,2026,10
2023-12-01#t14794w0,2023,10
2025-05-06#t1690w0,2025,10
2023-11-02#t13865w0,2023,10
2023-10-24#t13333w0,2023,10
2018-12-11#t1055w0,2018,10
2025-03-21#t1167w0,2025,10
2023-05-09#t11439w0,2023,10
2023-10-24#t13345w1,2023,10
2024-05-17#t16945w1,2024,10
2022-03-25#t6093w0,2022,10
2024-03-21#t15609w17,2024,10
2021-11-12#t4392w0,2021,10
2025-03-27#t1613w1,2025,10
2020-03-13#t3942w5,2020,10
2021-06-03#t3277w0,2021,10
2024-03-27#t15948w12,2024,10
2021-12-07#t5210w0,2021,10
2023-03-29#t11256w9,2023,10
2020-03-11#t3831w4,2020,10
2025-12-05#t1612w0,2025,10
2022-06-02#t7507w0,2022,10
2025-06-05#t3272w0,2025,10
2026-03-25#t2376w0,2026,10
2022-11-25#t9931w0,2022,10
2025-05-09#t1988w0,2025,10
2021-11-30#t4808w0,2021,10
2021-06-01#t3012w0,2021,10
2025-05-07#t1744w0,2025,10
2019-12-12#t293w0,2019,10
2024-12-12#t748w0,2024,10
2021-06-09#t3515w0,2021,10
2025-03-25#t1349w3,2025,10
2023-11-23#t14254w0,2023,10
2025-05-28#t2778w9,2025,10
2022-06-10#t7939w0,2022,10
2019-11-27#t238w12,2019,10
2020-12-09#t453w0,2020,10
2025-03-27#t1616w0,2025,10
2021-05-19#t2721w0,2021,10
2022-12-13#t10495w0,2022,10
2022-05-20#t7244w0,2022,10
2021-12-08#t5339w0,2021,10
2021-12-14#t5698w0,2021,10
2019-05-16#t1780w0,2019,10
2025-12-12#t1955w0,2025,10
2023-10-17#t13047w1,2023,10
2020-12-09#t447w0,2020,10
2025-06-05#t3258w0,2025,10
2022-05-12#t6862w1,2022,10
2023-12-01#t14828w3,2023,10
2025-10-31#t539w0,2025,10
2021-12-08#t5378w0,2021,10
2021-03-16#t1427w5,2021,10
2018-11-27#t840w5,2018,10
2023-05-19#t12198w0,2023,10
2025-10-28#t280w14,2025,10
2020-12-17#t1148w2,2020,10
2021-05-13#t2291w0,2021,10
2023-03-28#t11119w0,2023,10
2025-10-24#t154w0,2025,10
2023-10-26#t13541w1,2023,10
2018-11-23#t757w9,2018,10
2021-11-03#t3972w3,2021,10
2025-11-19#t1033w0,2025,10
2023-10-31#t13633w0,2023,10
2021-11-12#t4461w2,2021,10
2019-12-13#t3192w0,2019,10
2021-11-25#t4668w0,2021,10
2023-05-18#t12174w6,2023,10
2023-10-19#t13175w3,2023,10
2022-03-30#t6340w4,2022,10
2022-11-22#t9628w0,2022,10
2026-05-05#t2587w0,2026,10
2023-11-30#t14718w3,2023,10
2025-05-28#t2762w0,2025,10
2022-06-07#t7681w0,2022,10
2024-05-16#t16818w2,2024,10
2025-05-16#t2509w0,2025,10
2021-06-02#t3144w3,2021,10
2020-05-27#t4200w0,2020,10
2019-11-27#t197w0,2019,10
2021-11-12#t4476w1,2021,10
2020-06-11#t4437w0,2020,10
2025-12-10#t1785w0,2025,10
2023-03-24#t10998w0,2023,10
2025-05-29#t2878w0,2025,10
2024-12-13#t917w1,2024,10
2022-10-28#t8694w0,2022,10
2018-11-28#t886w0,2018,10
2022-10-26#t8615w0,2022,10
2021-12-16#t5894w0,2021,10
2023-06-15#t12944w0,2023,10
2025-06-05#t3292w0,2025,10
2019-03-29#t9w11,2019,10
2026-03-26#t2509w0,2026,10
2025-06-04#t3217w0,2025,10
2025-03-26#t1517w13,2025,10
2025-10-29#t400w4,2025,10
2022-03-31#t6468w7,2022,10
2024-03-27#t15983w5,2024,10
2022-11-01#t8868w1,2022,10
2022-11-03#t9119w3,2022,10
2022-11-01#t8788w0,2022,10
2024-05-28#t17004w0,2024,10
2023-11-28#t14494w0,2023,10
2026-05-05#t2614w0,2026,10
2025-12-09#t1675w0,2025,10
2022-12-15#t10722w3,2022,10
2021-12-10#t5567w0,2021,10
2018-11-21#t638w0,2018,10
2021-12-17#t5980w0,2021,10
2022-11-18#t9538w0,2022,10
2021-03-17#t1507w0,2021,10
2025-12-09#t1648w0,2025,10
2021-02-12#t1307w0,2021,10
2022-03-25#t6145w5,2022,10
2023-05-11#t11761w1,2023,10
2024-06-07#t17751w0,2024,10
2021-12-10#t5611w0,2021,10
2024-11-20#t123w1,2024,10
2022-11-17#t9374w0,2022,10
2023-05-17#t11981w0,2023,10
2023-11-21#t14049w0,2023,10
2021-11-05#t4125w0,2021,10
2025-03-26#t1506w1,2025,10
2022-12-07#t10134w1,2022,10
2023-05-09#t11503w0,2023,10
2024-11-27#t370w0,2024,10
2025-10-29#t400w1,2025,10
2025-10-22#t23w0,2025,10
2022-11-22#t9597w0,2022,10
2025-11-18#t998w0,2025,10
2022-11-17#t9375w0,2022,10
2018-12-11#t1103w0,2018,10
2023-06-15#t12934w1,2023,10
2018-11-01#t515w0,2018,10
2020-05-27#t4180w0,2020,10
2018-10-30#t264w0,2018,10
2023-12-06#t15014w0,2023,10
2022-06-02#t7585w6,2022,10
2021-06-09#t3519w0,2021,10
2024-05-09#t16427w0,2024,10
2022-12-06#t10027w2,2022,10
2025-11-07#t902w0,2025,10
2023-03-22#t10903w0,2023,10
2020-03-10#t3704w1,2020,10
2025-05-06#t1693w0,2025,10
2019-03-22#t1299w1,2019,10
2021-03-24#t1792w0,2021,10
2021-12-02#t5038w0,2021,10
2024-11-26#t289w0,2024,10
2022-06-08#t7807w0,2022,10
2022-06-10#t7934w0,2022,10
2025-12-11#t1918w2,2025,10
2026-03-20#t2216w7,2026,10
2026-05-13#t3011w0,2026,10
2021-03-23#t1708w13,2021,10
2025-11-18#t975w0,2025,10
2019-03-22#t1313w11,2019,10
2021-06-11#t3750w0,2021,10
2023-05-16#t11920w1,2023,10
2023-05-19#t12254w0,2023,10
2018-10-26#t204w0,2018,10
2024-11-26#t295w0,2024,10
2024-11-22#t227w3,2024,10
2023-03-30#t11415w1,2023,10
2025-10-28#t282w3,2025,10
2025-12-05#t1587w0,2025,10
2023-11-03#t13929w0,2023,10
2020-06-17#t4644w0,2020,10
2021-06-10#t3557w0,2021,10
2025-05-28#t2740w0,2025,10
2024-11-26#t246w0,2024,10
2022-11-02#t8951w0,2022,10
2022-12-08#t10250w0,2022,10
2024-03-22#t15705w16,2024,10
2025-06-06#t3382w0,2025,10
2020-05-27#t4121w0,2020,10
2021-11-25#t4700w2,2021,10
2024-12-10#t625w1,2024,10
2019-11-22#t2499w0,2019,10
2022-03-31#t6474w0,2022,10
2020-06-11#t4475w5,2020,10
2018-12-11#t1026w0,2018,10
2023-10-25#t13460w7,2023,10
2021-12-17#t5924w0,2021,10
2021-11-04#t4114w3,2021,10
2025-03-19#t1023w0,2025,10
2023-05-09#t11474w0,2023,10
2019-05-07#t1422w0,2019,10
2020-12-15#t823w0,2020,10
2019-12-13#t3245w4,2019,10
2023-03-29#t11201w0,2023,10
2019-11-22#t2502w0,2019,10
2019-11-29#t2861w11,2019,10
2023-12-08#t15260w0,2023,10
2023-06-09#t12619w0,2023,10
2020-12-08#t364w0,2020,10
2023-03-24#t11046w11,2023,10
2022-11-01#t8856w2,2022,10
2019-11-27#t239w1,2019,10
2025-11-20#t1214w0,2025,10
2020-12-09#t547w0,2020,10
2024-03-20#t15532w0,2024,10
2018-11-23#t739w3,2018,10
2023-06-08#t12452w0,2023,10
2022-12-14#t10583w1,2022,10
2022-12-08#t10277w0,2022,10
2019-11-22#t2532w0,2019,10
2021-05-21#t2957w0,2021,10
2024-05-17#t16947w2,2024,10
2019-05-14#t1626w0,2019,10
2022-11-24#t9749w0,2022,10
2023-12-12#t15319w0,2023,10
2023-05-18#t12087w0,2023,10
2024-06-06#t17627w0,2024,10
2021-06-03#t3213w0,2021,10
2020-12-17#t1142w0,2020,10
2023-05-17#t12043w1,2023,10
2020-12-17#t1176w1,2020,10
2023-12-05#t14929w7,2023,10
2024-05-15#t16683w0,2024,10
2025-11-20#t1194w1,2025,10
2021-12-10#t5564w0,2021,10
2024-06-06#t17634w1,2024,10
2025-05-30#t2972w0,2025,10
2022-10-04#t8115w0,2022,10
2020-12-17#t1157w0,2020,10
2020-12-08#t431w3,2020,10
2025-12-05#t1596w0,2025,10
2019-11-28#t2770w0,2019,10
2026-05-06#t2687w0,2026,10
2023-03-28#t11070w0,2023,10
2021-06-02#t3174w0,2021,10
2023-11-28#t14518w2,2023,10
2021-12-10#t5572w0,2021,10
2025-11-07#t899w0,2025,10
2025-11-18#t963w0,2025,10
2024-11-26#t248w0,2024,10
2023-05-16#t11889w0,2023,10
2026-03-18#t2123w0,2026,10
2023-11-22#t14123w0,2023,10
2023-10-17#t13059w0,2023,10
2019-05-28#t1975w0,2019,10
2024-03-27#t15844w0,2024,10
2025-12-03#t1428w0,2025,10
2023-10-25#t13462w0,2023,10
2025-06-03#t3132w3,2025,10
2023-11-29#t14526w0,2023,10
2021-12-02#t5019w1,2021,10
2021-11-04#t4037w0,2021,10
2021-03-17#t1485w0,2021,10
2018-11-28#t941w2,2018,10
2024-05-28#t17032w2,2024,10
2022-12-09#t10433w0,2022,10
2022-11-17#t9378w0,2022,10
2021-12-02#t5040w0,2021,10
2018-12-12#t1132w0,2018,10
2018-11-27#t840w1,2018,10
2023-05-18#t12074w0,2023,10
2018-11-28#t971w7,2018,10
2021-11-10#t4385w1,2021,10
2020-12-09#t511w0,2020,10
2019-03-22#t1309w16,2019,10
2025-12-03#t1399w0,2025,10
2025-05-28#t2776w0,2025,10
2023-12-13#t15495w0,2023,10
2021-12-03#t5154w2,2021,10
2019-05-08#t1456w0,2019,10
2023-05-18#t12171w1,2023,10
2021-05-12#t2138w0,2021,10
2020-11-20#t219w0,2020,10
2021-05-14#t2423w0,2021,10
2025-12-09#t1661w0,2025,10
2019-03-22#t1328w2,2019,10
2024-12-11#t680w0,2024,10
2024-12-10#t638w4,2024,10
2024-05-30#t17235w0,2024,10
2023-10-26#t13539w1,2023,10
2022-05-19#t7086w0,2022,10
2018-11-28#t892w0,2018,10
2022-06-01#t7363w0,2022,10
2025-10-22#t38w0,2025,10
2026-03-24#t2282w0,2026,10
2023-05-11#t11676w0,2023,10
2021-05-13#t2288w0,2021,10
2022-06-02#t7581w0,2022,10
2025-05-14#t2181w0,2025,10
2021-05-11#t2003w0,2021,10
2021-06-10#t3547w0,2021,10
2025-05-14#t2243w3,2025,10
2024-11-27#t443w7,2024,10
2023-06-06#t12314w0,2023,10
2019-12-20#t3579w0,2019,10
2020-06-17#t4655w0,2020,10
2025-03-26#t1408w0,2025,10
2021-11-12#t4397w0,2021,10
2018-11-28#t969w16,2018,10
2025-10-28#t223w0,2025,10
2023-05-17#t11939w0,2023,10
2021-11-12#t4393w0,2021,10
2022-06-03#t7676w0,2022,10
2023-03-24#t11018w0,2023,10
2023-05-17#t11989w0,2023,10
2018-10-26#t190w3,2018,10
2018-10-25#t120w10,2018,10
2025-06-05#t3280w0,2025,10
2023-11-02#t13879w5,2023,10
2021-11-04#t4114w4,2021,10
2019-05-08#t1473w0,2019,10
2021-05-18#t2591w0,2021,10
2022-10-12#t8540w0,2022,10
2020-12-08#t318w0,2020,10
2021-05-21#t2926w0,2021,10
2019-05-16#t1781w0,2019,10
2021-11-12#t4429w0,2021,10
2022-03-22#t5986w1,2022,10
2026-03-18#t2115w0,2026,10
2020-12-11#t734w0,2020,10
2023-05-10#t11543w0,2023,10
2025-11-19#t1046w0,2025,10
2022-10-11#t8477w0,2022,10
2025-05-08#t1861w0,2025,10
2023-06-14#t12820w2,2023,10
2021-12-10#t5605w0,2021,10
2022-05-20#t7281w11,2022,10
2018-10-31#t373w13,2018,10
2023-10-24#t13325w0,2023,10
2021-06-02#t3058w0,2021,10
2022-03-25#t6090w0,2022,10
2021-12-02#t5011w1,2021,10
2025-10-24#t186w1,2025,10
2023-12-05#t14881w0,2023,10
2021-05-14#t2417w0,2021,10
2021-06-03#t3244w2,2021,10
2025-03-19#t1107w4,2025,10
2018-10-26#t193w8,2018,10
2021-11-05#t4201w1,2021,10
2020-11-17#t25w0,2020,10
2018-11-27#t843w4,2018,10
2022-11-03#t9106w4,2022,10
2021-05-13#t2346w3,2021,10
2021-11-05#t4161w0,2021,10
2020-03-13#t3902w0,2020,10
2023-05-17#t12047w0,2023,10
2021-03-17#t1522w3,2021,10
2025-05-14#t2224w0,2025,10
2022-06-02#t7600w0,2022,10
2025-05-14#t2219w0,2025,10
2019-11-22#t2554w0,2019,10
2024-03-22#t15622w0,2024,10
2019-12-19#t3464w0,2019,10
2025-03-19#t1109w3,2025,10
2022-12-15#t10737w0,2022,10
2020-12-10#t678w2,2020,10
2018-10-26#t152w0,2018,10
2022-05-12#t6755w0,2022,10
2021-06-03#t3221w0,2021,10
2023-12-01#t14827w0,2023,10
2025-11-18#t973w0,2025,10
2020-11-17#t25w5,2020,10
2023-11-29#t14531w0,2023,10
2024-05-08#t16234w0,2024,10
2023-11-21#t14046w0,2023,10
2021-06-04#t3335w0,2021,10
2018-11-01#t500w4,2018,10
2020-12-08#t373w0,2020,10
2024-11-27#t343w0,2024,10
2025-12-11#t1880w2,2025,10
2021-06-08#t3378w0,2021,10
2024-05-17#t16936w0,2024,10
2023-03-23#t10940w7,2023,10
2025-10-28#t286w9,2025,10
2024-05-29#t17051w0,2024,10
2023-05-11#t11684w0,2023,10
2025-03-19#t1046w0,2025,10
2023-06-08#t12537w2,2023,10
2021-05-20#t2752w0,2021,10
2021-12-14#t5688w0,2021,10
2025-05-09#t1942w0,2025,10
2025-12-10#t1753w0,2025,10
2019-05-08#t1517w1,2019,10
2022-03-25#t6085w0,2022,10
2021-12-08#t5338w0,2021,10
2022-11-17#t9483w0,2022,10
2024-06-07#t17772w1,2024,10
2024-05-10#t16512w0,2024,10
2020-03-11#t3786w0,2020,10
2022-03-29#t6238w2,2022,10
2021-05-13#t2363w0,2021,10
2022-12-15#t10681w0,2022,10
2018-10-24#t56w0,2018,10
2023-03-30#t11321w0,2023,10
2026-03-20#t2224w1,2026,10
2022-10-04#t8118w0,2022,10
2025-05-09#t2011w2,2025,10
2023-05-19#t12286w4,2023,10
2018-10-31#t382w11,2018,10
2021-05-19#t2722w0,2021,10
2025-03-26#t1458w0,2025,10
2024-06-07#t17753w0,2024,10
2019-03-22#t1254w0,2019,10
2022-06-01#t7440w1,2022,10
2023-06-16#t12967w0,2023,10
2024-06-05#t17526w0,2024,10
2022-05-12#t6865w5,2022,10
2020-12-17#t1164w3,2020,10
2022-12-06#t9967w0,2022,10
2025-06-04#t3146w1,2025,10
2024-06-04#t17360w0,2024,10
2021-11-04#t4003w0,2021,10
2018-10-24#t72w0,2018,10
2024-05-17#t16941w0,2024,10
2021-03-19#t1610w13,2021,10
2024-06-06#t17630w0,2024,10
2022-03-25#t6082w0,2022,10
2022-11-23#t9702w0,2022,10
2023-06-15#t12860w0,2023,10
2021-12-01#t4870w0,2021,10
2021-12-17#t5934w0,2021,10
2025-03-27#t1571w0,2025,10
2025-10-29#t405w1,2025,10
2019-12-12#t366w4,2019,10
2019-12-19#t3496w0,2019,10
2018-10-31#t350w0,2018,10
2025-10-29#t411w1,2025,10
2025-03-19#t1007w0,2025,10
2019-12-17#t3286w0,2019,10
2024-11-27#t366w0,2024,10
2019-12-11#t3057w0,2019,10
2026-05-07#t2748w0,2026,10
2019-11-28#t2829w0,2019,10
2022-05-31#t7334w0,2022,10
2025-03-19#t1080w8,2025,10
2023-11-22#t14191w1,2023,10
2025-05-15#t2454w5,2025,10
2022-11-15#t9146w0,2022,10
2026-05-14#t3110w0,2026,10
2018-11-21#t588w0,2018,10
2023-11-02#t13825w0,2023,10
2022-12-06#t10008w0,2022,10
2023-03-30#t11417w2,2023,10
2023-11-28#t14460w0,2023,10
2019-12-19#t3477w0,2019,10
2019-11-27#t164w0,2019,10
2021-11-25#t4719w0,2021,10
2019-05-14#t1548w0,2019,10
2020-12-11#t704w0,2020,10
2021-05-19#t2640w0,2021,10
2019-05-14#t1547w0,2019,10
2025-05-13#t2073w0,2025,10
2025-05-09#t2023w2,2025,10
2019-11-20#t2430w0,2019,10
2023-03-30#t11278w0,2023,10
2019-12-12#t406w0,2019,10
2018-11-22#t648w8,2018,10
2019-05-14#t1662w0,2019,10
2022-03-25#t6117w0,2022,10
2019-12-11#t3025w0,2019,10
2022-06-03#t7669w1,2022,10
2025-03-21#t1248w1,2025,10
2023-05-10#t11581w1,2023,10
2021-12-16#t5805w0,2021,10
2018-12-12#t1148w0,2018,10
2019-05-08#t1470w0,2019,10
2022-06-10#t7956w0,2022,10
2025-03-19#t1025w0,2025,10
2024-11-26#t271w0,2024,10
2021-11-26#t4749w0,2021,10
2024-03-26#t15830w5,2024,10
2025-12-09#t1652w0,2025,10
2022-05-10#t6550w0,2022,10
2018-12-11#t1085w1,2018,10
2021-11-26#t4743w0,2021,10
2023-10-20#t13210w0,2023,10
2024-05-29#t17136w0,2024,10
2024-03-22#t15705w10,2024,10
2024-11-22#t218w1,2024,10
2022-06-09#t7860w0,2022,10
2020-06-18#t4752w0,2020,10
2023-06-09#t12581w0,2023,10
2022-11-15#t9236w5,2022,10
2018-12-12#t1173w0,2018,10
2018-10-26#t145w0,2018,10
2023-06-06#t12362w3,2023,10
2025-11-18#t977w0,2025,10
2024-11-22#t220w2,2024,10
2025-12-11#t1916w0,2025,10
2023-12-13#t15505w3,2023,10
2024-03-26#t15766w0,2024,10
2021-02-12#t1300w0,2021,10
2022-11-15#t9149w0,2022,10
2024-11-27#t437w0,2024,10
2025-12-11#t1877w0,2025,10
2019-11-22#t2478w0,2019,10
2026-05-06#t2728w0,2026,10
2023-12-12#t15373w2,2023,10
2018-11-01#t467w18,2018,10
2022-03-31#t6371w0,2022,10
2019-03-22#t1218w0,2019,10
2024-05-08#t16287w0,2024,10
2019-03-22#t1309w1,2019,10
2025-10-30#t464w0,2025,10
2018-10-30#t275w0,2018,10
2023-11-29#t14532w0,2023,10
2022-10-11#t8442w0,2022,10
2021-05-11#t2072w1,2021,10
2026-05-13#t3086w11,2026,10
2025-03-21#t1212w0,2025,10
2024-12-10#t616w0,2024,10
2024-05-30#t17250w1,2024,10
2022-12-13#t10509w7,2022,10
2026-03-18#t2122w0,2026,10
2023-11-01#t13730w0,2023,10
2022-06-09#t7852w0,2022,10
2018-11-28#t983w0,2018,10
2024-12-13#t953w3,2024,10
2025-06-05#t3248w0,2025,10
2019-12-10#t2876w0,2019,10
2021-06-02#t3101w0,2021,10
2022-11-24#t9779w0,2022,10
2024-05-09#t16435w0,2024,10
2025-11-18#t956w0,2025,10
2025-05-27#t2594w0,2025,10
2018-11-01#t467w8,2018,10
2019-05-08#t1436w0,2019,10
2021-03-25#t1919w0,2021,10
2025-12-11#t1858w0,2025,10
2018-10-30#t253w0,2018,10
2023-06-07#t12383w0,2023,10
2024-05-16#t16830w0,2024,10
2022-05-10#t6544w0,2022,10
2022-12-16#t10810w0,2022,10
2018-10-31#t379w8,2018,10
2020-12-15#t786w0,2020,10
2022-12-09#t10410w0,2022,10
2022-03-30#t6353w15,2022,10
2022-12-09#t10409w0,2022,10
2019-12-11#t3004w0,2019,10
2022-11-16#t9250w0,2022,10
2018-11-01#t501w1,2018,10
2025-10-22#t73w0,2025,10
2024-05-16#t16788w0,2024,10
2020-11-20#t239w0,2020,10
2022-11-01#t8863w2,2022,10
2019-05-16#t1769w0,2019,10
2023-05-19#t12202w0,2023,10
2019-11-27#t196w0,2019,10
2021-06-02#t3061w0,2021,10
2022-03-25#t6140w2,2022,10
2023-03-29#t11256w2,2023,10
2025-11-06#t835w4,2025,10
2021-06-02#t3115w0,2021,10
2023-11-28#t14513w0,2023,10
2019-03-22#t1238w0,2019,10
2022-12-13#t10515w0,2022,10
2023-05-18#t12155w1,2023,10
2020-05-27#t4134w0,2020,10
2023-06-15#t12841w0,2023,10
2023-10-25#t13446w0,2023,10
2026-05-14#t3124w0,2026,10
2023-11-01#t13767w1,2023,10
2024-05-28#t17036w0,2024,10
2024-03-20#t15597w0,2024,10
2025-06-05#t3321w1,2025,10
2026-05-08#t2898w0,2026,10
2022-05-19#t7080w0,2022,10
2020-12-17#t1123w0,2020,10
2025-10-29#t357w0,2025,10
2023-06-09#t12613w0,2023,10
2020-12-17#t1115w0,2020,10
2019-05-07#t1366w0,2019,10
2026-03-25#t2361w0,2026,10
2025-10-22#t11w0,2025,10
2021-06-01#t3010w0,2021,10
2020-12-11#t694w0,2020,10
2021-05-12#t2139w0,2021,10
2023-10-25#t13463w16,2023,10
2021-06-03#t3275w1,2021,10
2022-11-15#t9235w2,2022,10
2022-12-06#t10055w2,2022,10
2026-03-20#t2184w0,2026,10
2021-05-21#t2917w1,2021,10
2024-05-28#t17039w2,2024,10
2024-11-22#t225w1,2024,10
2025-10-28#t201w0,2025,10
2023-05-09#t11436w0,2023,10
2024-11-27#t444w5,2024,10
2020-11-18#t125w1,2020,10
2022-05-17#t6991w0,2022,10
2023-11-03#t13901w0,2023,10
2019-12-12#t385w6,2019,10
2021-11-26#t4740w0,2021,10
2020-12-11#t698w0,2020,10
2022-12-14#t10543w0,2022,10
2023-03-24#t10956w0,2023,10
2024-05-07#t16204w0,2024,10
2024-06-07#t17731w0,2024,10
2023-12-06#t14992w0,2023,10
2025-05-14#t2167w0,2025,10
2025-03-19#t981w0,2025,10
2025-05-07#t1798w8,2025,10
2025-03-19#t1052w0,2025,10
2025-12-02#t1345w0,2025,10
2025-12-10#t1759w0,2025,10
2023-05-09#t11480w0,2023,10
2021-03-24#t1822w4,2021,10
2023-12-05#t14943w2,2023,10
2021-11-30#t4838w0,2021,10
2018-12-11#t1014w0,2018,10
2023-05-10#t11631w1,2023,10
2025-05-29#t2883w0,2025,10
2022-11-25#t9890w0,2022,10
2025-06-03#t3091w0,2025,10
2020-12-09#t444w0,2020,10
2019-03-29#t9w13,2019,10
2024-12-13#t919w0,2024,10
2025-05-08#t1900w6,2025,10
2021-03-23#t1649w0,2021,10
2022-03-25#t6137w3,2022,10
2019-11-21#t2460w1,2019,10
2023-10-26#t13476w0,2023,10
2020-06-09#t4285w1,2020,10
2019-11-26#t2688w7,2019,10
2022-11-16#t9339w0,2022,10
2023-06-14#t12799w0,2023,10
2026-05-06#t2683w0,2026,10
2022-06-10#t8027w1,2022,10
2021-03-24#t1822w7,2021,10
2023-11-22#t14192w1,2023,10
2022-12-16#t10812w1,2022,10
2021-11-10#t4316w0,2021,10
2024-05-17#t16855w0,2024,10
2025-03-21#t1250w21,2025,10
2024-05-16#t16829w3,2024,10
2025-12-03#t1448w0,2025,10
2023-11-23#t14314w0,2023,10
2025-05-14#t2179w0,2025,10
2021-05-14#t2460w4,2021,10
2020-06-10#t4398w1,2020,10
2023-11-24#t14367w0,2023,10
2021-12-02#t5011w0,2021,10
2022-12-06#t9966w0,2022,10
2019-11-28#t2815w2,2019,10
2022-06-10#t7935w0,2022,10
2021-12-10#t5571w0,2021,10
2022-05-19#t7176w1,2022,10
2025-12-05#t1604w0,2025,10
2022-05-12#t6809w1,2022,10
2025-10-29#t355w0,2025,10
2024-11-20#t91w0,2024,10
2023-10-24#t13340w1,2023,10
2018-11-23#t739w11,2018,10
2023-06-16#t13026w3,2023,10
2025-12-03#t1450w5,2025,10
2026-05-08#t2951w0,2026,10
2025-03-27#t1594w2,2025,10
2024-11-26#t313w1,2024,10
2025-10-24#t137w0,2025,10
2018-11-01#t411w0,2018,10
2019-11-28#t2850w4,2019,10
2021-06-01#t3013w0,2021,10
2022-10-28#t8759w7,2022,10
2022-11-03#t9032w0,2022,10
2020-12-16#t858w0,2020,10
2022-12-15#t10695w0,2022,10
2020-11-20#t159w0,2020,10
2025-05-09#t2010w1,2025,10
2019-12-13#t3144w0,2019,10
2022-03-31#t6467w6,2022,10
2022-11-25#t9874w0,2022,10
2023-05-10#t11599w0,2023,10
2020-12-08#t421w0,2020,10
2024-03-26#t15738w0,2024,10
2024-11-28#t476w0,2024,10
2022-10-28#t8698w0,2022,10
2022-06-02#t7598w1,2022,10
2020-12-08#t326w0,2020,10
2018-11-27#t833w0,2018,10
2025-05-07#t1808w0,2025,10
2020-06-18#t4743w0,2020,10
2021-03-24#t1811w1,2021,10
2021-06-10#t3592w0,2021,10
2021-06-10#t3568w0,2021,10
2023-05-17#t12045w3,2023,10
2025-10-24#t132w0,2025,10
2023-11-01#t13771w0,2023,10
2018-11-23#t751w6,2018,10
2021-05-19#t2608w0,2021,10
2024-03-26#t15733w0,2024,10
2021-12-01#t4871w0,2021,10
2023-06-13#t12723w7,2023,10
2022-11-01#t8789w0,2022,10
2025-03-26#t1455w0,2025,10
2021-11-30#t4815w0,2021,10
2025-05-15#t2342w0,2025,10
2018-12-11#t1036w0,2018,10
2023-05-19#t12287w3,2023,10
2024-03-19#t15511w0,2024,10
2022-03-29#t6259w7,2022,10
2022-03-29#t6259w5,2022,10
2019-11-20#t2329w0,2019,10
2026-05-14#t3153w0,2026,10
2018-10-26#t186w0,2018,10
2026-03-20#t2214w3,2026,10
2020-06-18#t4809w3,2020,10
2025-03-26#t1456w0,2025,10
2018-10-26#t157w0,2018,10
2018-11-28#t889w0,2018,10
2021-11-10#t4313w0,2021,10
2023-11-30#t14648w0,2023,10
2020-05-26#t4094w0,2020,10
2026-03-20#t2216w2,2026,10
2022-03-24#t6070w0,2022,10
2018-10-26#t156w0,2018,10
2018-11-20#t544w1,2018,10
2026-05-13#t3039w0,2026,10
2021-06-02#t3158w1,2021,10
2018-10-31#t378w1,2018,10
2020-06-17#t4704w0,2020,10
2023-10-24#t13344w10,2023,10
2022-12-16#t10774w0,2022,10
2022-12-09#t10412w0,2022,10
2025-10-24#t166w0,2025,10
2021-03-19#t1613w9,2021,10
2021-03-23#t1654w0,2021,10
2024-11-26#t235w0,2024,10
2025-05-06#t1695w0,2025,10
2019-05-31#t2123w0,2019,10
2023-12-01#t14775w0,2023,10
2021-06-04#t3320w0,2021,10
2023-10-24#t13263w0,2023,10
2024-11-22#t212w0,2024,10
2025-05-16#t2531w0,2025,10
2024-12-12#t818w0,2024,10
2023-10-25#t13372w0,2023,10
2023-11-22#t14225w0,2023,10
2022-10-05#t8173w0,2022,10
2022-03-24#t6067w1,2022,10
2022-12-09#t10419w0,2022,10
2023-11-21#t14028w0,2023,10
2026-03-18#t2118w0,2026,10
2024-05-28#t17036w7,2024,10
2022-11-24#t9769w0,2022,10
2022-05-10#t6504w0,2022,10
2024-05-16#t16818w1,2024,10
2025-10-22#t18w0,2025,10
2024-06-07#t17696w0,2024,10
2025-03-27#t1630w1,2025,10
2021-05-21#t2896w0,2021,10
2020-12-09#t449w0,2020,10
2024-05-16#t16777w0,2024,10
2022-03-29#t6183w0,2022,10
2022-11-15#t9131w0,2022,10
2023-10-18#t13109w0,2023,10
2018-11-01#t412w0,2018,10
2019-05-07#t1408w0,2019,10
2025-10-30#t418w0,2025,10
2024-11-26#t305w2,2024,10
2024-11-27#t406w4,2024,10
2022-11-18#t9509w0,2022,10
2023-06-13#t12731w4,2023,10
2020-11-19#t146w20,2020,10
2026-05-08#t2890w0,2026,10
2021-11-30#t4821w0,2021,10
2025-10-24#t188w4,2025,10
2020-12-08#t411w3,2020,10
2021-05-19#t2716w0,2021,10
2024-05-17#t16848w0,2024,10
2021-02-12#t1415w1,2021,10
2023-11-01#t13767w0,2023,10
2019-11-22#t2567w3,2019,10
2022-12-06#t9984w0,2022,10
2026-03-25#t2345w0,2026,10
2019-03-22#t1314w1,2019,10
2019-05-07#t1344w0,2019,10
2021-11-25#t4657w0,2021,10
2025-10-28#t297w0,2025,10
2020-11-19#t146w7,2020,10
2026-03-24#t2266w0,2026,10
2024-11-19#t7w0,2024,10
2021-05-14#t2437w0,2021,10
2018-10-24#t44w0,2018,10
2024-03-26#t15751w0,2024,10
2021-06-01#t3029w0,2021,10
2023-11-30#t14748w4,2023,10
2024-11-26#t278w0,2024,10
2023-03-28#t11096w0,2023,10
2023-05-17#t11941w0,2023,10
2024-11-22#t220w10,2024,10
2021-12-09#t5555w0,2021,10
2022-03-25#t6137w8,2022,10
2022-12-13#t10507w8,2022,10
2025-03-26#t1502w0,2025,10
2020-12-16#t875w0,2020,10
2020-06-10#t4347w0,2020,10
2022-05-10#t6499w0,2022,10
2023-12-01#t14828w6,2023,10
2020-11-20#t223w0,2020,10
2020-12-08#t321w0,2020,10
2022-11-01#t8785w0,2022,10
2021-12-14#t5682w0,2021,10
2019-05-07#t1342w0,2019,10
2025-11-19#t1044w0,2025,10
2022-05-10#t6584w1,2022,10
2025-03-19#t1114w1,2025,10
2022-11-24#t9826w2,2022,10
2019-05-28#t1965w0,2019,10
2022-12-15#t10621w0,2022,10
2018-12-11#t1040w0,2018,10
2022-05-31#t7325w0,2022,10
2026-03-18#t2048w0,2026,10
2025-05-07#t1806w4,2025,10
2020-06-16#t4567w0,2020,10
2024-03-27#t15979w1,2024,10
2023-03-24#t11001w0,2023,10
2022-10-11#t8459w0,2022,10
2021-11-12#t4449w0,2021,10
2023-11-23#t14342w4,2023,10
2024-11-22#t172w0,2024,10
2018-10-24#t117w0,2018,10
2018-10-24#t103w2,2018,10
2026-03-18#t2103w0,2026,10
2020-06-18#t4805w1,2020,10
2025-11-19#t1053w0,2025,10
2022-05-10#t6507w0,2022,10
2026-05-08#t2908w0,2026,10
2026-05-08#t2931w0,2026,10
2020-11-20#t235w0,2020,10
2024-05-14#t16623w0,2024,10
2021-11-10#t4325w0,2021,10
2020-05-27#t4133w0,2020,10
2026-05-07#t2798w0,2026,10
2021-12-14#t5679w0,2021,10
2022-10-28#t8688w0,2022,10
2018-12-11#t1016w0,2018,10
2019-05-16#t1886w0,2019,10
2019-11-20#t2388w0,2019,10
2021-12-09#t5459w0,2021,10
2018-11-23#t757w4,2018,10
2023-10-26#t13581w0,2023,10
2022-06-03#t7653w0,2022,10
2021-12-02#t5023w2,2021,10
2024-05-28#t17033w0,2024,10
2019-12-12#t292w0,2019,10
2024-11-27#t441w2,2024,10
2019-11-22#t2503w0,2019,10
2019-12-20#t3591w0,2019,10
2023-10-18#t13120w0,2023,10
2023-10-19#t13169w0,2023,10
2020-12-08#t362w0,2020,10
2023-11-22#t14204w3,2023,10
2020-12-09#t573w4,2020,10
2020-12-18#t1210w0,2020,10
2024-11-20#t114w0,2024,10
2019-12-12#t361w0,2019,10
2025-05-06#t1705w0,2025,10
2018-11-28#t970w5,2018,10
2021-11-24#t4600w0,2021,10
2023-03-28#t11156w1,2023,10
2024-05-31#t17335w0,2024,10
2022-03-31#t6417w0,2022,10
2019-12-12#t279w0,2019,10
2023-10-20#t13191w0,2023,10
2023-06-06#t12320w0,2023,10
2025-10-29#t321w0,2025,10
2021-05-11#t2035w0,2021,10
2023-12-08#t15280w0,2023,10
2022-11-25#t9906w0,2022,10
2024-11-28#t521w1,2024,10
2025-11-05#t654w0,2025,10
2025-05-06#t1706w2,2025,10
2022-10-11#t8436w0,2022,10
2025-11-04#t610w1,2025,10
2024-03-19#t15511w6,2024,10
2025-05-15#t2383w0,2025,10
2025-10-28#t233w0,2025,10
2022-05-10#t6558w0,2022,10
2021-12-16#t5839w0,2021,10
2025-03-26#t1520w0,2025,10
2018-11-28#t969w7,2018,10
2021-05-18#t2497w0,2021,10
2021-03-23#t1650w0,2021,10
2021-12-08#t5320w0,2021,10
2024-06-04#t17374w0,2024,10
2024-11-26#t275w0,2024,10
2021-06-03#t3183w0,2021,10
2023-10-26#t13575w1,2023,10
2021-11-25#t4633w0,2021,10
2022-11-15#t9200w0,2022,10
2021-05-12#t2135w0,2021,10
2018-11-28#t982w0,2018,10
2021-03-24#t1721w0,2021,10
2024-03-26#t15811w3,2024,10
2026-05-14#t3187w1,2026,10
2022-12-08#t10351w0,2022,10
2021-12-17#t5946w0,2021,10
2024-03-27#t15983w1,2024,10
2020-12-17#t1101w0,2020,10
2022-05-20#t7281w10,2022,10
2024-03-27#t15882w0,2024,10
2024-11-27#t395w0,2024,10
2024-03-22#t15672w0,2024,10
2024-12-12#t832w5,2024,10
2020-06-11#t4425w0,2020,10
2026-03-24#t2326w0,2026,10
2024-05-29#t17137w0,2024,10
2024-06-06#t17648w2,2024,10
2020-03-13#t3883w0,2020,10
2019-12-13#t3212w4,2019,10
2022-03-29#t6259w14,2022,10
2022-11-01#t8798w0,2022,10
2023-10-25#t13419w0,2023,10
2018-11-21#t580w0,2018,10
2022-10-06#t8308w0,2022,10
2023-03-24#t11014w6,2023,10
2026-05-06#t2729w2,2026,10
2023-12-12#t15362w0,2023,10
2024-06-07#t17690w0,2024,10
2022-12-06#t10050w0,2022,10
2024-05-17#t16900w0,2024,10
2026-05-06#t2745w2,2026,10
2022-12-08#t10223w0,2022,9
2025-10-30#t449w0,2025,9
2024-03-26#t15809w7,2024,9
2021-06-04#t3313w0,2021,9
2021-05-18#t2511w0,2021,9
2025-11-20#t1120w0,2025,9
2018-10-31#t358w0,2018,9
2018-12-11#t1099w0,2018,9
2022-05-12#t6862w2,2022,9
2023-03-30#t11351w1,2023,9
2023-11-03#t13966w0,2023,9
2024-12-12#t812w5,2024,9
2021-12-03#t5063w0,2021,9
2021-12-01#t4872w0,2021,9
2026-03-24#t2318w4,2026,9
2023-05-10#t11611w1,2023,9
2018-11-28#t899w0,2018,9
2021-05-13#t2313w1,2021,9
2019-11-26#t2599w0,2019,9
2021-06-11#t3705w0,2021,9
2023-10-24#t13265w0,2023,9
2023-03-28#t11142w0,2023,9
2022-05-18#t7025w0,2022,9
2025-10-24#t122w0,2025,9
2019-11-27#t190w0,2019,9
2019-12-13#t3148w0,2019,9
2018-11-23#t751w0,2018,9
2023-05-10#t11549w0,2023,9
2024-11-28#t487w0,2024,9
2022-05-19#t7170w3,2022,9
2024-05-29#t17108w0,2024,9
2021-03-24#t1732w0,2021,9
2023-03-30#t11350w0,2023,9
2021-11-04#t4064w0,2021,9
2018-11-01#t458w0,2018,9
2018-11-23#t769w0,2018,9
2024-12-12#t831w5,2024,9
2021-11-12#t4459w0,2021,9
2022-12-06#t9995w0,2022,9
2023-10-18#t13160w0,2023,9
2022-11-18#t9503w0,2022,9
2025-05-13#t2043w0,2025,9
2022-03-31#t6453w6,2022,9
2019-12-17#t3289w0,2019,9
2023-10-26#t13552w5,2023,9
2023-12-08#t15290w0,2023,9
2019-12-10#t2889w0,2019,9
2022-10-28#t8731w0,2022,9
2021-06-02#t3103w0,2021,9
2026-05-14#t3096w0,2026,9
2025-05-08#t1900w4,2025,9
2025-03-26#t1520w3,2025,9
2025-03-21#t1240w2,2025,9
2026-05-06#t2680w0,2026,9
2023-06-15#t12835w0,2023,9
2022-05-31#t7298w0,2022,9
2022-06-10#t7947w0,2022,9
2025-10-28#t238w0,2025,9
2022-03-23#t6034w0,2022,9
2022-10-06#t8333w8,2022,9
2020-03-13#t3940w5,2020,9
2024-06-07#t17691w0,2024,9
2024-05-30#t17227w2,2024,9
2026-03-20#t2205w0,2026,9
2023-03-29#t11184w0,2023,9
2023-11-28#t14503w0,2023,9
2025-03-27#t1630w2,2025,9
2025-03-25#t1381w3,2025,9
2021-11-25#t4718w1,2021,9
2021-12-07#t5196w0,2021,9
2019-05-28#t1896w0,2019,9
2023-10-26#t13585w0,2023,9
2025-05-14#t2243w2,2025,9
2025-05-07#t1750w0,2025,9
2026-05-08#t2901w0,2026,9
2019-05-10#t69w0,2019,9
2020-06-09#t4285w0,2020,9
2019-12-17#t3343w4,2019,9
2023-05-17#t12054w0,2023,9
2023-06-08#t12535w2,2023,9
2025-12-10#t1748w0,2025,9
2019-12-19#t3546w2,2019,9
2018-11-21#t593w0,2018,9
2022-10-04#t8073w0,2022,9
2022-12-07#t10095w0,2022,9
2026-05-13#t3065w0,2026,9
2025-10-22#t33w0,2025,9
2023-12-07#t15112w0,2023,9
2025-03-21#t1250w16,2025,9
2018-11-23#t740w5,2018,9
2021-03-23#t1715w0,2021,9
2025-05-29#t2861w0,2025,9
2022-12-15#t10737w6,2022,9
2025-03-21#t1253w3,2025,9
2019-12-11#t3042w0,2019,9
2023-11-01#t13708w0,2023,9
2023-10-20#t13244w2,2023,9
2025-05-09#t1966w0,2025,9
2023-10-18#t13129w0,2023,9
2021-11-03#t3960w1,2021,9
2021-12-03#t5142w9,2021,9
2021-12-08#t5345w0,2021,9
2022-12-08#t10304w2,2022,9
2021-05-19#t2626w0,2021,9
2024-11-28#t493w0,2024,9
2022-12-15#t10702w0,2022,9
2020-12-18#t1205w0,2020,9
2023-05-19#t12239w0,2023,9
2025-12-11#t1908w1,2025,9
2022-03-29#t6263w0,2022,9
2022-03-29#t6173w0,2022,9
2022-11-25#t9928w6,2022,9
2024-05-07#t16228w3,2024,9
2023-12-01#t14828w0,2023,9
2020-12-16#t901w0,2020,9
2022-12-13#t10465w0,2022,9
2021-12-17#t5914w0,2021,9
2021-12-16#t5815w0,2021,9
2024-11-26#t300w0,2024,9
2023-12-01#t14827w1,2023,9
2023-03-23#t10940w13,2023,9
2021-06-01#t3041w0,2021,9
2023-11-01#t13766w3,2023,9
2018-10-30#t278w2,2018,9
2021-11-24#t4556w0,2021,9
2023-11-30#t14720w6,2023,9
2025-05-14#t2331w4,2025,9
2022-06-10#t7953w0,2022,9
2021-12-09#t5549w8,2021,9
2025-12-11#t1818w0,2025,9
2018-10-31#t400w0,2018,9
2021-11-25#t4685w0,2021,9
2018-10-26#t191w1,2018,9
2023-05-19#t12235w0,2023,9
2025-05-09#t2023w1,2025,9
2019-11-26#t2690w6,2019,9
2022-06-07#t7733w0,2022,9
2021-12-08#t5326w0,2021,9
2024-11-22#t197w1,2024,9
2024-11-27#t442w1,2024,9
2019-03-22#t1307w3,2019,9
2021-06-04#t3317w0,2021,9
2024-11-20#t56w0,2024,9
2023-11-02#t13851w2,2023,9
2022-11-01#t8790w0,2022,9
2018-10-31#t374w5,2018,9
2023-11-29#t14541w0,2023,9
2025-10-24#t189w4,2025,9
2022-03-22#t5992w1,2022,9
2023-05-11#t11781w0,2023,9
2024-03-27#t15979w4,2024,9
2021-06-10#t3581w0,2021,9
2019-11-28#t2815w4,2019,9
2025-11-20#t1147w0,2025,9
2023-06-14#t12820w0,2023,9
2021-05-13#t2290w0,2021,9
2025-11-06#t731w0,2025,9
2023-03-28#t11125w0,2023,9
2020-12-08#t350w0,2020,9
2022-05-19#t7084w0,2022,9
2019-12-19#t3562w3,2019,9
2022-11-03#t9120w1,2022,9
2024-12-12#t751w0,2024,9
2023-11-24#t14415w0,2023,9
2023-06-08#t12463w0,2023,9
2018-10-24#t32w0,2018,9
2023-12-01#t14827w2,2023,9
2021-03-17#t1442w0,2021,9
2019-03-22#t1307w0,2019,9
2025-05-08#t1850w0,2025,9
2018-11-01#t417w0,2018,9
2021-06-08#t3381w0,2021,9
2023-03-29#t11256w5,2023,9
2024-03-27#t15948w0,2024,9
2018-10-24#t67w0,2018,9
2019-03-22#t1241w0,2019,9
2020-05-27#t4143w0,2020,9
2025-03-26#t1403w0,2025,9
2024-12-11#t659w0,2024,9
2025-12-04#t1459w0,2025,9
2021-12-03#t5062w0,2021,9
2021-05-18#t2503w0,2021,9
2025-10-28#t245w0,2025,9
2022-11-24#t9758w0,2022,9
2023-12-12#t15379w4,2023,9
2023-10-24#t13344w5,2023,9
2021-11-04#t4104w4,2021,9
2021-12-08#t5307w0,2021,9
2025-05-28#t2690w0,2025,9
2022-12-14#t10531w0,2022,9
2023-05-09#t11441w0,2023,9
2021-05-11#t2007w0,2021,9
2025-11-19#t1070w0,2025,9
2023-05-10#t11630w0,2023,9
2021-05-21#t2947w0,2021,9
2023-10-25#t13455w2,2023,9
2026-03-24#t2322w12,2026,9
2021-11-23#t4503w0,2021,9
2023-11-01#t13709w0,2023,9
2025-05-16#t2547w0,2025,9
2024-11-27#t439w1,2024,9
2021-03-19#t1540w0,2021,9
2023-10-24#t13342w1,2023,9
2025-10-29#t356w0,2025,9
2025-10-28#t275w0,2025,9
2024-11-28#t528w1,2024,9
2021-11-03#t3962w3,2021,9
2021-12-01#t4905w0,2021,9
2023-03-23#t10940w8,2023,9
2021-03-24#t1752w0,2021,9
2023-05-18#t12079w0,2023,9
2020-12-11#t755w0,2020,9
2023-10-26#t13552w7,2023,9
2025-06-05#t3312w1,2025,9
2021-05-11#t2031w0,2021,9
2021-12-09#t5550w0,2021,9
2022-03-23#t6009w0,2022,9
2022-05-10#t6493w0,2022,9
2020-06-09#t4310w0,2020,9
2022-05-31#t7307w0,2022,9
2022-11-24#t9760w0,2022,9
2023-11-21#t14022w0,2023,9
2021-06-01#t2987w0,2021,9
2021-11-04#t4012w0,2021,9
2021-03-25#t1923w2,2021,9
2025-10-30#t499w2,2025,9
2018-10-24#t112w0,2018,9
2022-10-28#t8705w0,2022,9
2020-06-17#t4615w0,2020,9
2022-10-05#t8148w0,2022,9
2025-12-02#t1342w0,2025,9
2021-11-10#t4320w0,2021,9
2023-06-09#t12571w0,2023,9
2023-05-11#t11677w0,2023,9
2026-05-14#t3171w0,2026,9
2019-11-26#t2694w9,2019,9
2024-05-16#t16782w0,2024,9
2019-05-07#t1411w0,2019,9
2018-10-26#t193w1,2018,9
2023-05-19#t12281w1,2023,9
2026-03-20#t2214w8,2026,9
2021-06-02#t3065w0,2021,9
2022-10-04#t8061w0,2022,9
2021-06-01#t3034w3,2021,9
2022-03-23#t6056w0,2022,9
2021-06-11#t3750w7,2021,9
2021-11-05#t4124w0,2021,9
2024-05-15#t16729w5,2024,9
2025-12-02#t1340w0,2025,9
2021-06-09#t3512w0,2021,9
2021-03-24#t1821w10,2021,9
2021-05-20#t2838w0,2021,8
2020-12-08#t360w0,2020,8
2022-10-05#t8222w0,2022,8
2023-03-30#t11282w0,2023,8
2023-06-15#t12942w3,2023,8
2023-12-05#t14943w1,2023,8
2021-03-24#t1787w0,2021,8
2023-11-29#t14553w0,2023,8
2025-05-30#t3033w7,2025,8
2025-03-25#t1361w0,2025,8
2023-12-13#t15479w0,2023,8
2023-10-24#t13270w0,2023,8
2019-12-20#t3622w0,2019,8
2021-05-12#t2226w6,2021,8
2025-12-05#t1616w0,2025,8
2022-11-24#t9778w0,2022,8
2019-12-19#t3483w0,2019,8
2025-05-14#t2237w2,2025,8
2025-05-29#t2827w0,2025,8
2019-12-12#t360w5,2019,8
2025-11-06#t732w0,2025,8
2024-12-13#t886w0,2024,8
2019-11-28#t2856w8,2019,8
2022-05-19#t7132w0,2022,8
2019-03-22#t1289w0,2019,8
2022-05-10#t6518w0,2022,8
2020-11-20#t274w0,2020,8
2022-11-01#t8849w0,2022,8
2019-11-29#t2861w27,2019,8
2025-10-28#t288w5,2025,8
2025-05-08#t1835w0,2025,8
2024-05-28#t17043w6,2024,8
2018-11-02#t521w0,2018,8
2019-05-28#t1993w0,2019,8
2023-10-24#t13337w0,2023,8
2020-03-11#t3715w0,2020,8
2023-11-01#t13726w0,2023,8
2025-10-22#t40w0,2025,8
2021-03-19#t1560w0,2021,8
2021-06-03#t3211w0,2021,8
2025-10-30#t465w0,2025,8
2021-11-05#t4127w0,2021,8
2025-11-19#t1071w0,2025,8
2023-05-17#t12004w2,2023,8
2024-11-20#t65w0,2024,8
2018-12-12#t1151w0,2018,8
2024-06-06#t17542w0,2024,8
2023-11-23#t14264w0,2023,8
2021-05-13#t2325w0,2021,8
2022-10-28#t8758w0,2022,8
2022-12-07#t10221w3,2022,8
2024-05-29#t17091w0,2024,8
2023-12-07#t15207w0,2023,8
2025-06-05#t3270w0,2025,8
2025-06-03#t3089w0,2025,8
2019-03-22#t1295w0,2019,8
2023-12-01#t14828w5,2023,8
2023-10-26#t13552w3,2023,8
2022-05-12#t6777w0,2022,8
2025-03-21#t1254w0,2025,8
2022-10-05#t8212w1,2022,8
2023-11-30#t14749w1,2023,8
2020-12-10#t663w7,2020,8
2024-03-26#t15809w8,2024,8
2022-12-06#t10071w1,2022,8
2022-11-03#t9106w1,2022,8
2025-05-13#t2097w3,2025,8
2024-03-26#t15812w0,2024,8
2023-06-08#t12533w4,2023,8
2023-10-26#t13490w0,2023,8
2021-05-14#t2483w0,2021,8
2023-11-02#t13851w3,2023,8
2022-03-29#t6262w2,2022,8
2019-12-10#t2980w2,2019,8
2023-06-15#t12916w0,2023,8
2022-11-15#t9226w0,2022,8
2022-12-07#t10105w0,2022,8
2023-06-06#t12321w0,2023,8
2021-11-02#t3779w0,2021,8
2022-06-02#t7600w1,2022,8
2019-11-26#t2613w0,2019,8
2021-12-02#t5038w2,2021,8
2025-03-26#t1517w7,2025,8
2024-11-27#t429w2,2024,8
2022-12-07#t10138w6,2022,8
2023-06-13#t12721w0,2023,8
2024-03-20#t15572w0,2024,8
2021-06-04#t3374w0,2021,8
2025-10-28#t286w13,2025,8
2021-03-17#t1464w0,2021,8
2021-06-09#t3484w0,2021,8
2024-11-20#t74w0,2024,8
2021-06-11#t3734w0,2021,8
2025-05-09#t2006w0,2025,8
2021-05-21#t2922w1,2021,8
2019-05-31#t2256w0,2019,8
2023-12-05#t14903w0,2023,8
2021-06-03#t3228w0,2021,8
2020-12-11#t754w2,2020,8
2019-11-27#t184w0,2019,8
2022-03-31#t6422w0,2022,8
2023-05-11#t11748w0,2023,8
2024-03-28#t16064w0,2024,8
2022-05-12#t6750w0,2022,8
2018-10-24#t118w0,2018,8
2023-05-19#t12292w2,2023,8
2021-11-30#t4812w0,2021,8
2018-12-12#t1136w0,2018,8
2026-03-24#t2309w0,2026,8
2024-05-28#t17022w0,2024,8
2021-05-19#t2601w0,2021,8
2021-11-09#t4232w0,2021,8
2023-10-25#t13460w4,2023,8
2021-06-02#t3097w0,2021,8
2025-06-03#t3132w0,2025,8
2024-05-14#t16613w0,2024,8
2021-03-25#t1939w0,2021,8
2023-03-30#t11301w0,2023,8
2019-05-07#t1387w0,2019,8
2021-12-17#t5930w0,2021,8
2020-12-11#t755w1,2020,8
2022-11-02#t8996w4,2022,8
2020-11-18#t101w0,2020,8
2026-05-14#t3196w3,2026,8
2019-12-20#t3657w1,2019,8
2022-11-18#t9544w0,2022,8
2024-11-27#t424w0,2024,8
2021-12-03#t5086w0,2021,8
2020-12-10#t682w1,2020,8
2021-02-12#t1400w0,2021,8
2021-06-01#t2978w0,2021,8
2020-03-11#t3715w1,2020,8
2020-12-11#t721w0,2020,8
2021-03-23#t1620w4,2021,8
2023-03-22#t10898w0,2023,8
2024-05-09#t16421w0,2024,8
2022-12-16#t10755w0,2022,8
2022-10-04#t8113w1,2022,8
2023-10-26#t13579w5,2023,8
2025-03-19#t1080w1,2025,8
2020-03-13#t3865w0,2020,8
2025-05-07#t1791w4,2025,8
2021-06-10#t3576w0,2021,8
2025-10-29#t370w0,2025,8
2025-05-28#t2784w5,2025,8
2024-05-29#t17115w0,2024,8
2025-06-05#t3331w4,2025,8
2019-12-19#t3559w0,2019,8
2024-05-07#t16227w0,2024,8
2024-05-28#t17031w2,2024,8
2022-03-25#t6113w0,2022,8
2021-05-13#t2353w1,2021,8
2026-03-26#t2552w2,2026,8
2020-05-27#t4174w0,2020,8
2024-05-17#t16883w0,2024,8
2020-03-12#t3845w0,2020,8
2023-11-21#t14107w6,2023,8
2024-03-27#t15967w2,2024,8
2022-05-12#t6854w2,2022,8
2018-12-11#t1012w0,2018,8
2022-03-31#t6418w0,2022,8
2021-03-18#t1527w11,2021,8
2025-05-07#t1728w0,2025,8
2024-03-27#t15980w0,2024,8
2025-12-04#t1548w5,2025,8
2025-05-15#t2361w0,2025,8
2025-10-22#t87w0,2025,8
2022-11-03#t9059w0,2022,8
2023-05-19#t12286w5,2023,8
2023-06-08#t12535w1,2023,8
2019-12-20#t3589w0,2019,8
2022-05-12#t6849w2,2022,8
2024-05-28#t17003w0,2024,8
2025-03-26#t1454w0,2025,8
2022-11-02#t8923w0,2022,8
2022-05-17#t6986w0,2022,8
2021-11-25#t4721w2,2021,8
2025-12-12#t2009w0,2025,8
2020-12-17#t1172w2,2020,8
2019-12-17#t3306w0,2019,8
2021-11-03#t3966w0,2021,8
2021-12-16#t5836w0,2021,8
2026-05-08#t2935w0,2026,8
2020-12-18#t1243w0,2020,8
2022-03-30#t6353w12,2022,8
2021-11-02#t3815w0,2021,8
2024-05-31#t17304w0,2024,8
2019-12-10#t2982w0,2019,8
2021-11-25#t4669w0,2021,8
2021-03-23#t1713w7,2021,8
2022-11-02#t8991w6,2022,8
2023-11-30#t14750w0,2023,8
2022-11-25#t9941w3,2022,8
2021-03-23#t1715w12,2021,8
2022-06-08#t7814w0,2022,8
2022-03-30#t6332w4,2022,8
2023-05-18#t12148w0,2023,8
2022-10-11#t8479w0,2022,8
2025-12-04#t1523w0,2025,8
2018-11-23#t758w0,2018,8
2018-11-28#t946w1,2018,8
2025-11-21#t1253w0,2025,8
2018-10-31#t391w7,2018,8
2022-05-11#t6676w1,2022,8
2019-11-28#t2849w0,2019,8
2019-11-20#t2353w0,2019,8
2019-12-12#t365w5,2019,8
2023-10-25#t13349w0,2023,8
2024-03-22#t15716w1,2024,8
2019-11-28#t2851w0,2019,8
2021-12-08#t5385w0,2021,8
2019-12-11#t3017w0,2019,8
2021-02-12#t1403w1,2021,8
2019-12-13#t3143w0,2019,8
2018-10-24#t89w0,2018,8
2023-05-10#t11535w0,2023,8
2020-06-16#t4558w0,2020,8
2019-11-28#t2834w1,2019,8
2023-11-02#t13857w0,2023,8
2023-10-24#t13344w6,2023,8
2023-05-10#t11567w0,2023,8
2022-10-28#t8759w17,2022,8
2025-10-22#t53w0,2025,8
2018-11-01#t434w0,2018,8
2020-12-09#t539w0,2020,8
2021-11-25#t4676w0,2021,8
2018-11-21#t647w0,2018,8
2024-05-07#t16215w1,2024,8
2023-03-30#t11369w2,2023,8
2020-11-20#t163w0,2020,8
2025-11-21#t1284w0,2025,8
2023-05-17#t11959w0,2023,8
2022-10-12#t8554w0,2022,8
2026-03-24#t2328w0,2026,8
2024-12-11#t643w0,2024,8
2025-05-29#t2928w2,2025,8
2024-05-17#t16948w0,2024,8
2023-03-28#t11086w0,2023,8
2023-03-28#t11154w2,2023,8
2026-05-07#t2786w0,2026,8
2019-11-27#t178w0,2019,8
2019-11-27#t261w12,2019,8
2022-06-10#t7946w0,2022,8
2025-05-06#t1679w0,2025,8
2025-10-28#t286w14,2025,8
2023-10-18#t13089w0,2023,8
2024-03-26#t15772w0,2024,8
2021-05-12#t2145w0,2021,8
2022-11-03#t9036w0,2022,8
2021-12-02#t4945w0,2021,8
2020-12-17#t1168w1,2020,8
2019-05-28#t1900w0,2019,8
2021-03-19#t1613w5,2021,8
2018-10-24#t51w0,2018,8
2025-11-04#t550w0,2025,8
2026-05-07#t2785w0,2026,8
2022-11-01#t8855w1,2022,8
2022-06-10#t7967w0,2022,8
2022-11-25#t9877w0,2022,8
2021-06-03#t3244w7,2021,8
2020-03-11#t3802w0,2020,8
2025-03-27#t1524w0,2025,8
2023-12-06#t15016w0,2023,8
2023-11-21#t14090w0,2023,8
2022-11-01#t8870w0,2022,8
2021-12-16#t5813w0,2021,8
2023-12-06#t14984w0,2023,8
2026-03-26#t2552w3,2026,8
2022-10-07#t8359w0,2022,8
2023-03-22#t10873w0,2023,8
2025-11-21#t1248w0,2025,8
2018-11-27#t851w3,2018,8
2019-05-28#t1902w0,2019,8
2023-11-23#t14255w0,2023,8
2024-05-15#t16670w0,2024,8
2018-11-30#t988w4,2018,8
2023-10-31#t13636w0,2023,8
2023-12-06#t15045w2,2023,8
2023-11-01#t13731w0,2023,8
2023-10-24#t13339w5,2023,8
2022-12-06#t10056w0,2022,8
2021-03-19#t1589w1,2021,8
2023-11-24#t14368w0,2023,8
2025-05-27#t2648w0,2025,8
2023-03-28#t11114w0,2023,8
2023-03-24#t11015w4,2023,8
2025-12-04#t1547w0,2025,8
2018-11-01#t470w0,2018,8
2024-03-20#t15580w0,2024,8
2026-05-08#t2934w0,2026,8
2023-10-26#t13565w3,2023,8
2026-03-26#t2501w0,2026,8
2020-06-17#t4649w0,2020,8
2021-03-25#t1948w1,2021,8
2023-11-29#t14631w1,2023,8
2025-12-09#t1650w0,2025,8
2022-05-12#t6834w2,2022,8
2022-10-07#t8389w0,2022,8
2022-03-23#t6010w0,2022,8
2023-06-08#t12532w3,2023,8
2023-11-28#t14441w0,2023,8
2021-06-10#t3528w0,2021,8
2018-10-26#t185w3,2018,8
2025-05-07#t1806w2,2025,8
2021-03-23#t1717w0,2021,8
2021-06-04#t3362w0,2021,8
2025-03-26#t1518w0,2025,8
2023-06-08#t12520w3,2023,8
2021-05-13#t2359w1,2021,8
2025-12-03#t1427w0,2025,8
2018-11-27#t844w2,2018,8
2019-12-10#t2883w0,2019,8
2026-05-05#t2635w0,2026,8
2022-11-03#t9002w0,2022,8
2018-11-23#t771w0,2018,8
2022-11-18#t9514w0,2022,8
2021-03-24#t1755w0,2021,8
2020-05-26#t4107w0,2020,8
2019-11-28#t2854w0,2019,8
2023-06-15#t12880w0,2023,8
2022-11-17#t9486w5,2022,8
2025-03-21#t1216w0,2025,8
2025-05-06#t1697w0,2025,8
2019-11-27#t261w14,2019,8
2022-11-01#t8855w3,2022,8
2024-05-10#t16531w0,2024,8
2021-11-24#t4608w0,2021,8
2021-11-25#t4666w0,2021,8
2019-05-16#t1782w0,2019,8
2021-05-12#t2205w11,2021,8
2023-03-28#t11155w2,2023,8
2021-12-16#t5853w0,2021,8
2024-12-12#t813w3,2024,8
2023-11-28#t14491w0,2023,8
2022-03-25#t6141w5,2022,8
2023-10-31#t13628w0,2023,8
2023-03-29#t11270w3,2023,8
2021-11-25#t4680w0,2021,8
2022-03-30#t6350w2,2022,8
2022-06-07#t7726w0,2022,8
2021-03-19#t1610w1,2021,8
2025-10-29#t379w0,2025,8
2026-03-18#t2110w0,2026,8
2025-12-09#t1702w0,2025,8
2021-05-19#t2725w3,2021,8
2020-12-16#t853w0,2020,8
2018-10-31#t361w0,2018,8
2025-05-08#t1848w0,2025,8
2020-06-16#t4563w0,2020,8
2025-12-11#t1893w0,2025,8
2021-12-10#t5588w0,2021,8
2023-11-24#t14396w0,2023,8
2019-12-12#t362w1,2019,8
2023-10-31#t13623w0,2023,8
2026-05-14#t3167w0,2026,8
2019-12-20#t3601w0,2019,8
2024-03-22#t15707w3,2024,8
2020-12-09#t572w5,2020,8
2022-10-26#t8617w0,2022,8
2022-10-05#t8216w1,2022,8
2021-05-19#t2638w0,2021,8
2022-12-14#t10546w0,2022,8
2021-11-25#t4684w0,2021,8
2022-10-04#t8109w0,2022,8
2020-12-09#t566w2,2020,8
2023-11-23#t14278w0,2023,8
2025-10-29#t373w0,2025,8
2020-12-17#t1165w0,2020,8
2023-05-16#t11897w0,2023,8
2023-03-22#t10889w0,2023,8
2020-06-18#t4772w0,2020,8
2021-03-17#t1513w0,2021,8
2021-06-01#t2983w0,2021,8
2023-06-06#t12366w4,2023,8
2024-05-31#t17285w0,2024,8
2023-11-28#t14484w0,2023,8
2025-03-19#t1119w0,2025,8
2022-06-01#t7443w1,2022,8
2021-06-10#t3691w0,2021,8
2025-05-07#t1801w4,2025,8
2023-05-10#t11572w0,2023,8
2018-12-12#t1134w0,2018,8
2021-11-04#t4027w0,2021,8
2022-11-23#t9685w0,2022,8
2023-10-26#t13563w1,2023,8
2020-11-20#t224w0,2020,8
2022-12-16#t10825w0,2022,8
2021-11-04#t4076w1,2021,8
2022-05-11#t6603w0,2022,8
2025-06-05#t3284w0,2025,8
2020-05-26#t4039w0,2020,8
2023-10-25#t13460w11,2023,8
2024-05-14#t16602w0,2024,8
2023-05-11#t11724w0,2023,8
2023-06-09#t12612w0,2023,8
2023-05-11#t11711w0,2023,8
2026-03-20#t2210w1,2026,8
2020-12-09#t477w0,2020,8
2023-06-15#t12939w5,2023,8
2022-05-18#t7042w0,2022,8
2024-05-17#t16949w1,2024,8
2022-11-17#t9417w0,2022,8
2018-12-11#t1093w0,2018,8
2023-11-02#t13833w0,2023,8
2020-12-11#t754w4,2020,8
2023-11-24#t14359w0,2023,8
2019-05-10#t74w0,2019,8
2021-12-02#t5024w6,2021,8
2023-11-03#t13946w0,2023,8
2026-05-13#t3067w0,2026,8
2021-12-07#t5236w0,2021,8
2021-03-25#t1948w2,2021,8
2018-10-24#t76w0,2018,8
2023-11-24#t14385w0,2023,8
2023-10-24#t13341w3,2023,8
2020-06-16#t4560w0,2020,8
2020-03-10#t3703w4,2020,8
2025-06-06#t3422w0,2025,8
2023-11-24#t14381w0,2023,8
2019-12-17#t3368w0,2019,8
2022-11-24#t9807w1,2022,8
2018-11-27#t789w0,2018,8
2024-11-20#t123w3,2024,8
2025-10-22#t78w0,2025,8
2025-05-07#t1778w0,2025,8
2022-06-09#t7868w0,2022,8
2024-05-29#t17096w0,2024,8
2023-10-26#t13538w0,2023,8
2022-05-31#t7343w0,2022,8
2021-06-01#t3039w0,2021,8
2023-06-15#t12907w0,2023,8
2023-05-12#t11816w0,2023,8
2022-12-14#t10563w0,2022,8
2022-03-30#t6293w0,2022,8
2025-03-19#t1096w1,2025,8
2025-10-30#t450w0,2025,8
2024-11-26#t303w3,2024,8
2024-12-11#t654w0,2024,8
2023-03-29#t11245w1,2023,8
2023-11-21#t14089w0,2023,8
2019-11-26#t2695w2,2019,8
2025-05-27#t2652w0,2025,8
2024-05-16#t16773w0,2024,8
2021-03-19#t1604w0,2021,8
2023-03-24#t10950w0,2023,8
2023-12-13#t15489w0,2023,8
2022-05-31#t7289w0,2022,8
2022-11-17#t9401w0,2022,8
2020-05-27#t4198w0,2020,8
2021-11-25#t4718w4,2021,8
2023-03-24#t10965w0,2023,8
2021-06-02#t3109w0,2021,8
2023-10-20#t13245w6,2023,8
2025-05-28#t2811w4,2025,8
2025-05-07#t1756w0,2025,8
2024-12-12#t826w4,2024,8
2024-05-17#t16849w0,2024,8
2019-05-28#t1903w0,2019,8
2023-10-20#t13245w7,2023,8
2022-11-25#t9893w0,2022,8
2018-12-11#t1004w0,2018,8
2021-05-19#t2728w2,2021,8
2022-10-05#t8182w0,2022,8
2020-06-18#t4761w0,2020,8
2020-06-17#t4653w0,2020,8
2025-03-19#t1107w1,2025,8
2018-11-28#t976w10,2018,8
2022-05-11#t6643w0,2022,8
2023-05-10#t11624w0,2023,8
2021-05-12#t2236w1,2021,8
2021-03-19#t1603w2,2021,8
2022-12-13#t10498w0,2022,8
2021-05-20#t2822w1,2021,8
2021-12-09#t5506w2,2021,8
2021-06-08#t3399w0,2021,8
2021-05-13#t2327w0,2021,8
2023-10-18#t13064w0,2023,8
2025-12-03#t1419w0,2025,8
2023-11-21#t14037w0,2023,8
2020-05-26#t4024w0,2020,8
2024-06-07#t17774w3,2024,8
2024-12-13#t932w0,2024,8
2024-06-06#t17580w0,2024,8
2025-06-03#t3125w0,2025,8
2022-11-18#t9553w0,2022,8
2022-11-15#t9153w0,2022,8
2023-05-11#t11759w4,2023,8
2022-10-12#t8542w0,2022,8
2025-12-04#t1498w0,2025,8
2023-11-22#t14148w0,2023,8
2023-11-02#t13830w0,2023,8
2026-03-18#t2093w0,2026,8
2024-05-07#t16212w0,2024,8
2022-11-03#t9111w2,2022,8
2025-11-06#t727w0,2025,8
2024-03-27#t15846w0,2024,8
2020-06-10#t4366w0,2020,8
2019-05-31#t2258w0,2019,8
2021-11-03#t3961w2,2021,8
2023-11-30#t14732w0,2023,8
2021-11-09#t4276w0,2021,8
2024-03-22#t15647w0,2024,8
2022-05-12#t6845w0,2022,8
2021-06-02#t3174w2,2021,8
2019-05-31#t2221w0,2019,8
2023-10-20#t13242w1,2023,8
2022-11-15#t9214w1,2022,8
2025-05-16#t2508w0,2025,8
2021-03-24#t1786w0,2021,8
2019-05-07#t1343w0,2019,8
2023-03-24#t11033w2,2023,8
2025-03-26#t1520w4,2025,8
2022-05-19#t7134w0,2022,8
2021-06-02#t3161w3,2021,8
2023-12-01#t14843w2,2023,8
2023-03-22#t10886w0,2023,8
2023-12-05#t14873w0,2023,8
2019-05-10#t54w0,2019,8
2022-11-17#t9488w1,2022,8
2021-03-25#t1971w4,2021,8
2022-11-17#t9476w0,2022,8
2023-12-12#t15341w0,2023,8
2024-03-22#t15678w0,2024,8
2021-05-12#t2220w3,2021,8
2022-10-11#t8493w0,2022,8
2024-05-09#t16399w0,2024,8
2022-05-12#t6836w0,2022,8
2019-12-13#t3237w4,2019,8
2023-12-07#t15204w0,2023,8
2023-11-28#t14520w1,2023,8
2019-05-16#t1855w7,2019,8
2022-03-29#t6247w1,2022,8
2018-10-26#t195w3,2018,8
2021-03-25#t1958w1,2021,8
2022-03-25#t6143w1,2022,8
2019-12-11#t3099w0,2019,8
2022-11-16#t9267w0,2022,8
2023-10-25#t13463w3,2023,8
2022-10-12#t8537w0,2022,8
2022-05-11#t6671w0,2022,8
2025-03-19#t1026w0,2025,8
2020-12-18#t1280w1,2020,8
2026-05-13#t3004w0,2026,8
2026-05-14#t3138w0,2026,8
2025-05-06#t1676w0,2025,8
2022-10-28#t8746w0,2022,8
2023-11-21#t14104w1,2023,8
2025-03-21#t1253w6,2025,8
2022-12-15#t10691w0,2022,8
2022-05-11#t6744w1,2022,8
2022-11-17#t9390w0,2022,8
2026-05-05#t2568w0,2026,8
2022-06-02#t7545w1,2022,8
2018-11-01#t416w0,2018,8
2023-05-18#t12154w4,2023,8
2021-03-18#t1527w12,2021,8
2022-12-09#t10415w0,2022,8
2021-11-03#t3989w0,2021,8
2020-12-18#t1256w0,2020,8
2018-10-26#t158w0,2018,8
2023-03-30#t11411w2,2023,8
2023-03-24#t11013w6,2023,8
2025-11-19#t1067w0,2025,8
2020-03-13#t3940w7,2020,8
2023-11-03#t13910w0,2023,8
2022-11-15#t9229w2,2022,8
2022-10-28#t8759w10,2022,8
2022-06-02#t7567w0,2022,8
2024-05-14#t16575w0,2024,8
2022-11-17#t9477w1,2022,8
2021-03-19#t1558w0,2021,8
2022-10-26#t8642w0,2022,8
2025-10-30#t495w4,2025,8
2025-03-25#t1383w13,2025,8
2022-11-17#t9391w0,2022,8
2023-05-18#t12176w3,2023,8
2020-06-10#t4349w0,2020,8
2022-11-24#t9732w0,2022,8
2021-06-08#t3430w0,2021,8
2024-11-22#t135w0,2024,8
2025-03-25#t1323w0,2025,8
2022-11-17#t9397w0,2022,8
2023-05-09#t11493w0,2023,8
2023-10-27#t13587w12,2023,8
2022-05-12#t6861w3,2022,8
2019-12-11#t3107w0,2019,8
2025-03-25#t1289w0,2025,8
2025-03-21#t1253w4,2025,8
2023-03-28#t11143w2,2023,8
2025-05-09#t1961w0,2025,8
2023-05-17#t11934w0,2023,8
2025-05-15#t2394w0,2025,8
2018-11-27#t852w1,2018,8
2025-05-14#t2243w6,2025,8
2022-11-17#t9444w2,2022,8
2023-05-17#t12037w2,2023,8
2025-11-04#t596w0,2025,8
2020-12-17#t1143w0,2020,8
2022-11-16#t9300w0,2022,8
2018-12-12#t1167w0,2018,8
2020-11-20#t240w0,2020,8
2021-11-04#t4103w0,2021,8
2023-11-28#t14476w0,2023,8
2023-12-06#t14994w0,2023,8
2021-03-19#t1613w8,2021,8
2026-05-07#t2782w0,2026,8
2024-03-26#t15831w9,2024,8
2023-06-13#t12731w2,2023,8
2023-05-10#t11642w0,2023,8
2025-03-21#t1254w2,2025,8
2026-05-06#t2729w3,2026,8
2018-10-24#t61w0,2018,8
2023-11-29#t14594w0,2023,8
2020-05-27#t4201w0,2020,8
2021-05-11#t2021w0,2021,8
2021-12-10#t5608w0,2021,8
2022-11-25#t9921w0,2022,8
2021-11-03#t3931w0,2021,8
2025-12-03#t1423w0,2025,8
2022-05-19#t7215w0,2022,8
2025-11-06#t736w0,2025,8
2023-11-03#t13892w0,2023,8
2025-05-14#t2185w0,2025,8
2024-03-26#t15830w0,2024,8
2026-03-24#t2289w0,2026,8
2021-03-19#t1612w10,2021,8
2025-05-27#t2632w0,2025,8
2021-03-25#t1923w3,2021,8
2024-11-27#t422w9,2024,8
2019-05-08#t1462w0,2019,8
2021-12-14#t5705w0,2021,8
2025-05-13#t2048w0,2025,8
2019-05-16#t1789w0,2019,8
2022-06-03#t7671w0,2022,8
2020-06-09#t4244w0,2020,8
2020-05-27#t4171w0,2020,8
2019-11-26#t2672w0,2019,8
2025-10-30#t537w2,2025,8
2025-05-15#t2405w0,2025,8
2019-11-26#t2630w0,2019,8
2024-05-08#t16350w1,2024,8
2020-11-17#t34w4,2020,8
2021-11-12#t4390w0,2021,8
2022-12-15#t10626w0,2022,8
2024-05-30#t17200w0,2024,8
2023-11-01#t13678w0,2023,8
2022-10-05#t8145w0,2022,8
2023-10-31#t13653w0,2023,8
2024-05-15#t16725w0,2024,8
2021-03-24#t1777w0,2021,8
2018-10-26#t134w0,2018,8
2021-11-04#t4108w3,2021,8
2023-10-25#t13460w10,2023,8
2022-10-07#t8391w0,2022,8
2019-11-22#t2506w0,2019,8
2023-06-06#t12366w2,2023,8
2022-10-26#t8637w0,2022,8
2021-03-19#t1556w0,2021,8
2021-11-04#t4068w0,2021,8
2023-12-12#t15408w0,2023,8
2022-12-08#t10279w0,2022,8
2022-03-31#t6467w7,2022,8
2019-03-22#t1211w0,2019,8
2019-12-11#t3046w0,2019,8
2023-12-07#t15151w0,2023,8
2023-05-17#t12004w3,2023,8
2025-05-14#t2201w0,2025,8
2018-11-28#t962w2,2018,8
2025-05-06#t1657w0,2025,8
2022-12-08#t10369w4,2022,8
2021-03-23#t1680w2,2021,8
2026-03-20#t2211w2,2026,8
2022-11-23#t9693w0,2022,8
2025-11-06#t783w0,2025,8
2025-12-12#t1964w0,2025,8
2021-11-03#t3985w0,2021,8
2023-05-18#t12110w0,2023,8
2019-03-22#t1314w14,2019,8
2022-10-28#t8759w4,2022,8
2020-12-10#t618w0,2020,8
2021-03-23#t1639w0,2021,8
2021-11-12#t4453w0,2021,8
2025-05-27#t2612w0,2025,8
2024-12-10#t625w3,2024,8
2026-05-06#t2667w0,2026,8
2018-11-27#t852w0,2018,8
2024-06-06#t17569w0,2024,8
2021-12-08#t5329w0,2021,8
2021-05-19#t2724w4,2021,8
2023-12-05#t14938w0,2023,8
2025-03-25#t1338w0,2025,8
2023-05-17#t12008w2,2023,8
2021-12-16#t5842w0,2021,8
2018-10-26#t199w0,2018,8
2018-12-11#t1003w0,2018,8
2023-11-21#t14062w0,2023,8
2025-11-07#t863w0,2025,8
2021-06-11#t3749w0,2021,8
2018-11-01#t430w0,2018,8
2023-06-07#t12444w0,2023,8
2018-12-12#t1157w0,2018,8
2024-12-13#t926w0,2024,8
2021-05-20#t2834w8,2021,8
2021-03-24#t1772w0,2021,8
2023-03-24#t10955w0,2023,8
2019-05-31#t2283w0,2019,8
2023-11-21#t14086w1,2023,8
2024-03-26#t15806w1,2024,8
2023-03-29#t11187w0,2023,8
2018-11-27#t847w7,2018,8
2026-05-05#t2562w0,2026,8
2021-02-12#t1388w7,2021,8
2024-06-04#t17429w0,2024,8
2022-11-24#t9805w3,2022,8
2025-10-24#t195w1,2025,8
2020-06-09#t4265w0,2020,8
2025-10-22#t36w0,2025,8
2025-03-21#t1265w1,2025,8
2023-12-07#t15192w4,2023,8
2019-12-12#t410w1,2019,8
2023-05-19#t12278w2,2023,8
2023-12-07#t15203w1,2023,8
2022-03-31#t6474w2,2022,8
2022-03-25#t6139w11,2022,8
2023-10-17#t13059w3,2023,8
2025-05-16#t2489w0,2025,8
2025-05-15#t2391w0,2025,8
2021-11-26#t4768w0,2021,8
2022-10-26#t8623w0,2022,8
2021-12-15#t5775w0,2021,8
2025-12-03#t1432w0,2025,8
2021-05-21#t2904w0,2021,8
2021-06-11#t3723w0,2021,8
2020-12-16#t911w0,2020,8
2022-05-12#t6855w2,2022,8
2024-03-26#t15831w10,2024,8
2025-11-05#t689w1,2025,8
2018-11-23#t735w0,2018,8
2021-06-03#t3244w0,2021,8
2023-10-31#t13595w0,2023,8
2018-11-30#t988w0,2018,8
2022-06-08#t7812w0,2022,8
2024-11-29#t546w3,2024,8
2024-11-26#t312w8,2024,8
2019-03-22#t1331w2,2019,8
2024-03-20#t15586w0,2024,8
2022-05-12#t6858w0,2022,8
2023-05-19#t12259w1,2023,8
2025-12-11#t1916w6,2025,8
2024-03-27#t15981w2,2024,8
2021-02-12#t1348w0,2021,8
2021-11-24#t4575w0,2021,8
2023-03-30#t11351w6,2023,8
2023-12-08#t15226w0,2023,8
2023-12-06#t15022w0,2023,8
2023-11-02#t13791w0,2023,8
2018-10-31#t379w3,2018,8
2024-03-27#t15979w12,2024,8
2020-03-13#t3929w0,2020,8
2022-03-31#t6384w0,2022,8
2024-05-07#t16139w0,2024,8
2024-05-28#t17032w1,2024,8
2020-05-26#t4103w0,2020,8
2023-12-06#t15021w0,2023,8
2023-05-17#t12022w0,2023,8
2022-12-14#t10601w0,2022,8
2020-11-18#t80w0,2020,8
2020-06-18#t4756w0,2020,8
2025-12-04#t1509w0,2025,8
2025-05-27#t2621w0,2025,8
2019-11-28#t2724w0,2019,8
2024-11-28#t449w0,2024,8
2019-05-14#t1557w0,2019,8
2022-11-16#t9270w0,2022,8
2019-03-22#t1313w9,2019,8
2025-10-28#t282w11,2025,8
2021-03-23#t1705w4,2021,8
2023-03-29#t11270w9,2023,8
2023-12-01#t14843w3,2023,8
2018-10-24#t96w0,2018,8
2023-11-30#t14664w0,2023,8
2021-06-04#t3357w0,2021,8
2023-03-28#t11153w1,2023,8
2022-10-05#t8166w0,2022,8
2022-06-08#t7835w2,2022,8
2025-03-26#t1423w0,2025,8
2025-03-19#t1128w1,2025,8
2019-03-22#t1309w10,2019,8
2023-05-16#t11893w0,2023,8
2019-12-13#t3174w0,2019,8
2022-12-15#t10702w3,2022,8
2021-11-09#t4283w0,2021,8
2019-11-29#t2861w2,2019,8
2019-12-13#t3245w3,2019,8
2019-11-26#t2700w2,2019,8
2021-06-03#t3277w2,2021,8
2023-11-24#t14429w0,2023,8
2023-05-11#t11772w1,2023,8
2023-05-19#t12269w0,2023,8
2022-12-09#t10382w0,2022,8
2024-05-28#t17039w9,2024,8
2024-05-28#t17032w9,2024,8
2023-12-05#t14893w0,2023,8
2025-06-06#t3407w0,2025,8
2025-10-24#t195w6,2025,8
2018-10-30#t243w0,2018,8
2021-03-25#t1947w1,2021,8
2021-12-14#t5719w0,2021,8
2021-03-24#t1822w0,2021,8
2020-12-08#t393w1,2020,8
2022-11-23#t9714w0,2022,8
2023-11-22#t14126w0,2023,8
2024-06-04#t17384w0,2024,8
2022-11-01#t8833w0,2022,8
2018-11-21#t639w1,2018,8
2022-03-24#t6067w2,2022,8
2024-05-10#t16540w0,2024,8
2024-11-26#t311w0,2024,8
2025-11-21#t1260w0,2025,8
2024-06-07#t17746w0,2024,8
2022-05-17#t7001w0,2022,8
2025-10-24#t180w16,2025,8
2021-12-03#t5128w1,2021,8
2021-12-14#t5708w0,2021,8
2025-10-30#t472w0,2025,8
2023-05-10#t11639w0,2023,8
2023-12-06#t15072w0,2023,8
2024-11-26#t305w0,2024,8
2023-10-31#t13614w0,2023,8
2021-03-24#t1821w12,2021,8
2026-05-08#t2922w0,2026,8
2023-10-20#t13238w0,2023,8
2023-12-05#t14882w0,2023,8
2018-11-21#t631w0,2018,8
2021-11-12#t4410w0,2021,8
2019-11-29#t2861w13,2019,8
2022-12-08#t10267w0,2022,8
2024-05-10#t16479w0,2024,8
2022-11-17#t9393w0,2022,8
2023-12-07#t15208w2,2023,8
2021-12-02#t5024w1,2021,8
2024-12-11#t683w0,2024,8
2018-11-27#t865w0,2018,8
2020-05-26#t4074w0,2020,8
2022-06-10#t7977w0,2022,8
2025-05-29#t2907w4,2025,8
2022-11-02#t8986w3,2022,8
2022-11-25#t9938w0,2022,8
2023-03-29#t11262w1,2023,8
2021-12-16#t5826w0,2021,8
2023-05-11#t11762w2,2023,8
2025-11-06#t818w0,2025,8
2021-02-12#t1391w1,2021,8
2022-05-19#t7156w0,2022,8
2025-05-30#t2966w0,2025,8
2022-10-12#t8538w0,2022,8
2020-11-20#t233w0,2020,8
2024-12-10#t578w0,2024,8
2023-10-20#t13242w12,2023,8
2021-06-03#t3262w0,2021,8
2024-05-15#t16640w0,2024,8
2024-12-13#t953w1,2024,8
2023-03-29#t11173w0,2023,8
2020-12-11#t695w0,2020,8
2024-03-27#t15977w3,2024,8
2019-03-22#t1307w2,2019,8
2025-05-27#t2574w0,2025,8
2023-12-07#t15117w0,2023,8
2018-10-26#t205w0,2018,8
2019-05-16#t1793w0,2019,8
2022-10-27#t8685w1,2022,8
2020-12-10#t604w0,2020,8
2021-05-18#t2536w0,2021,8
2025-03-21#t1252w1,2025,8
2022-11-01#t8856w1,2022,8
2024-05-07#t16181w0,2024,8
2023-06-13#t12726w2,2023,8
2021-05-13#t2289w0,2021,8
2021-05-18#t2495w0,2021,8
2024-03-27#t15979w14,2024,8
2025-03-19#t1086w5,2025,8
2023-11-30#t14741w0,2023,8
2021-06-03#t3182w0,2021,8
2021-12-03#t5075w0,2021,8
2021-05-21#t2934w0,2021,8
2024-06-06#t17611w3,2024,8
2024-11-28#t541w3,2024,8
2022-03-30#t6353w14,2022,8
2023-11-22#t14166w0,2023,8
2023-03-24#t10992w0,2023,8
2021-11-25#t4722w2,2021,8
2023-10-24#t13338w2,2023,8
2021-12-09#t5471w0,2021,8
2018-11-23#t738w2,2018,8
2024-03-28#t16002w0,2024,8
2022-03-31#t6450w7,2022,8
2021-12-15#t5745w0,2021,8
2019-11-26#t2591w0,2019,8
2018-11-01#t425w0,2018,8
2022-12-06#t9992w0,2022,8
2022-10-26#t8641w0,2022,8
2021-02-12#t1396w0,2021,8
2022-11-02#t8991w9,2022,8
2022-06-02#t7584w0,2022,8
2025-05-13#t2065w0,2025,8
2021-05-12#t2236w3,2021,8
2025-11-20#t1127w0,2025,8
2024-05-15#t16631w0,2024,8
2023-11-03#t13975w2,2023,8
2023-05-19#t12284w3,2023,8
2020-12-09#t526w0,2020,8
2024-12-10#t598w0,2024,8
2021-03-24#t1722w0,2021,8
2023-05-10#t11624w6,2023,8
2019-12-13#t3237w3,2019,8
2019-12-11#t3109w0,2019,8
2024-05-31#t17291w0,2024,8
2025-11-18#t1019w1,2025,8
2024-05-28#t17001w0,2024,8
2022-03-29#t6255w0,2022,8
2021-03-23#t1643w0,2021,8
2022-05-19#t7163w0,2022,8
2019-11-19#t122w1,2019,8
2019-11-26#t2694w2,2019,8
2023-10-25#t13462w12,2023,8
2022-03-31#t6471w2,2022,8
2021-03-23#t1629w0,2021,8
2023-10-31#t13615w0,2023,8
2025-11-20#t1144w0,2025,8
2024-06-05#t17481w0,2024,8
2022-05-10#t6557w2,2022,8
2022-05-10#t6580w0,2022,8
2018-11-01#t493w3,2018,8
2018-10-30#t269w0,2018,8
2023-12-01#t14757w0,2023,8
2019-12-20#t3645w0,2019,8
2023-11-01#t13674w0,2023,8
2019-11-27#t132w0,2019,8
2022-10-28#t8700w0,2022,8
2023-03-24#t11013w11,2023,8
2019-11-27#t261w6,2019,8
2023-05-16#t11929w5,2023,8
2022-10-06#t8350w0,2022,8
2023-03-28#t11053w0,2023,8
2023-05-18#t12177w0,2023,8
2021-05-20#t2768w0,2021,8
2025-12-12#t2005w0,2025,8
2023-10-31#t13620w0,2023,8
2021-12-07#t5300w6,2021,8
2022-11-02#t8995w2,2022,8
2023-12-08#t15223w0,2023,8
2022-12-07#t10173w6,2022,8
2023-12-07#t15210w0,2023,8
2019-12-11#t3010w0,2019,8
2024-12-10#t610w0,2024,8
2025-03-21#t1250w14,2025,8
2022-06-03#t7658w0,2022,8
2023-03-29#t11226w0,2023,8
2023-11-28#t14509w0,2023,8
2021-12-09#t5419w0,2021,8
2026-03-26#t2517w0,2026,8
2021-11-23#t4538w0,2021,8
2018-12-12#t1159w0,2018,8
2022-05-20#t7231w0,2022,8
2021-11-24#t4563w0,2021,8
2021-12-02#t5051w4,2021,8
2022-10-26#t8624w0,2022,8
2019-05-08#t1483w0,2019,8
2025-11-21#t1264w0,2025,8
2023-03-22#t10881w0,2023,8
2021-11-25#t4700w0,2021,8
2023-06-15#t12941w1,2023,8
2025-03-19#t1113w5,2025,8
2019-05-07#t1423w0,2019,8
2026-03-18#t2073w0,2026,8
2023-11-01#t13750w1,2023,8
2021-05-18#t2522w0,2021,8
2023-11-03#t13987w1,2023,8
2023-10-18#t13087w0,2023,8
2023-12-05#t14945w2,2023,8
2023-03-30#t11385w1,2023,8
2022-05-17#t6985w0,2022,8
2021-06-09#t3486w0,2021,8
2018-10-30#t232w0,2018,8
2022-11-17#t9477w2,2022,8
2019-12-20#t3605w0,2019,8
2022-12-13#t10507w0,2022,8
2024-03-27#t15982w5,2024,8
2026-05-13#t3062w0,2026,8
2021-12-08#t5364w0,2021,8
2022-11-23#t9710w1,2022,8
2021-02-12#t1390w1,2021,8
2022-05-11#t6679w0,2022,8
2020-03-13#t3939w0,2020,8
2025-11-20#t1171w0,2025,8
2023-11-02#t13881w0,2023,8
2022-06-01#t7429w0,2022,8
2022-06-01#t7384w0,2022,8
2024-03-27#t15889w0,2024,8
2022-05-12#t6862w4,2022,8
2025-12-12#t2011w0,2025,8
2021-05-12#t2211w6,2021,8
2025-12-09#t1674w0,2025,8
2021-11-09#t4223w0,2021,8
2024-05-10#t16545w0,2024,8
2024-05-30#t17230w0,2024,8
2022-11-03#t9099w6,2022,8
2019-12-10#t2979w2,2019,8
2019-12-11#t3125w1,2019,8
2025-03-19#t1047w0,2025,8
2023-10-20#t13186w0,2023,8
2021-05-19#t2691w2,2021,8
2019-05-07#t1352w0,2019,8
2020-11-20#t250w0,2020,8
2018-11-01#t428w0,2018,8
2018-10-30#t256w0,2018,8
2022-12-07#t10104w0,2022,8
2022-05-10#t6594w1,2022,8
2023-10-25#t13416w0,2023,8
2026-03-20#t2236w8,2026,8
2019-12-12#t412w0,2019,8
2019-11-27#t180w0,2019,8
2019-11-27#t238w7,2019,8
2024-05-30#t17187w0,2024,8
2018-11-28#t974w3,2018,8
2021-05-18#t2589w5,2021,8
2021-06-04#t3344w0,2021,8
2022-12-13#t10517w0,2022,8
2021-05-11#t2099w2,2021,8
2022-12-06#t10061w1,2022,8
2024-06-07#t17697w0,2024,8
2023-06-14#t12787w0,2023,8
2025-06-06#t3380w0,2025,8
2022-11-03#t9070w0,2022,8
2023-05-11#t11728w0,2023,8
2022-10-07#t8406w0,2022,8
2025-05-27#t2611w0,2025,8
2024-06-06#t17634w0,2024,8
2023-03-24#t11015w5,2023,8
2023-03-30#t11354w1,2023,8
2023-10-24#t13316w0,2023,8
2025-05-28#t2746w0,2025,8
2020-12-08#t425w2,2020,8
2022-11-17#t9429w5,2022,8
2025-11-20#t1208w6,2025,8
2023-12-05#t14902w0,2023,8
2021-11-05#t4203w0,2021,8
2023-05-10#t11650w4,2023,8
2023-12-12#t15330w0,2023,8
2021-05-21#t2916w1,2021,8
2022-05-10#t6570w1,2022,8
2018-11-21#t640w0,2018,8
2022-12-13#t10517w6,2022,8
2025-05-09#t1989w0,2025,8
2026-03-25#t2367w0,2026,8
2025-11-04#t606w0,2025,8
2023-06-07#t12374w0,2023,8
2018-10-31#t382w12,2018,8
2021-06-11#t3757w3,2021,8
2021-11-24#t4560w0,2021,8
2019-05-08#t1510w0,2019,8
2023-10-18#t13156w0,2023,8
2018-12-12#t1115w0,2018,8
2023-12-06#t15032w0,2023,8
2023-03-30#t11389w2,2023,8
2022-11-18#t9498w0,2022,8
2018-10-31#t404w0,2018,8
2023-06-08#t12541w3,2023,8
2022-10-12#t8510w0,2022,8
2023-06-07#t12379w0,2023,8
2023-11-21#t14108w1,2023,8
2022-03-25#t6135w1,2022,8
2019-11-20#t2326w2,2019,8
2023-12-05#t14858w0,2023,8
2021-11-23#t4522w0,2021,8
2023-03-22#t10929w0,2023,8
2024-05-30#t17229w3,2024,8
2025-05-15#t2343w0,2025,8
2019-05-10#t37w0,2019,8
2020-06-17#t4657w0,2020,8
2022-05-11#t6647w0,2022,8
2023-03-24#t11032w0,2023,8
2020-06-18#t4750w0,2020,8
2019-12-19#t3557w1,2019,8
2021-05-14#t2451w5,2021,8
2025-12-09#t1654w0,2025,8
2022-06-02#t7466w0,2022,8
2021-11-24#t4555w0,2021,8
2024-03-26#t15754w0,2024,8
2020-11-20#t230w0,2020,8
2021-03-25#t1922w1,2021,8
2021-12-16#t5881w2,2021,8
2018-11-27#t854w2,2018,8
2023-05-16#t11929w9,2023,8
2019-12-12#t392w4,2019,8
2023-11-23#t14295w0,2023,8
2022-10-07#t8377w0,2022,8
2021-12-07#t5271w0,2021,8
2019-12-20#t3657w0,2019,8
2023-03-30#t11394w2,2023,8
2019-05-31#t2282w0,2019,8
2024-06-07#t17762w0,2024,8
2021-06-10#t3554w0,2021,8
2022-06-10#t8009w0,2022,8
2022-11-25#t9930w1,2022,8
2019-11-27#t261w2,2019,8
2022-11-23#t9719w0,2022,8
2018-11-01#t421w0,2018,8
2023-10-18#t13124w0,2023,8
2022-06-08#t7818w0,2022,8
2019-12-17#t3331w0,2019,8
2022-11-01#t8815w0,2022,8
2026-05-07#t2857w0,2026,8
2021-11-09#t4256w0,2021,8
2023-11-03#t13938w0,2023,8
2023-05-17#t12047w2,2023,8
2019-05-28#t1912w0,2019,8
2024-12-12#t787w0,2024,8
2022-11-22#t9637w0,2022,8
2022-05-31#t7300w0,2022,8
2021-11-10#t4369w0,2021,8
2022-11-18#t9518w0,2022,8
2022-11-01#t8817w0,2022,8
2022-11-02#t8933w0,2022,8
2021-06-02#t3158w0,2021,8
2022-05-12#t6834w3,2022,8
2018-11-01#t459w0,2018,8
2020-06-11#t4456w0,2020,8
2024-12-12#t760w0,2024,8
2022-11-02#t8901w0,2022,8
2025-03-26#t1513w3,2025,8
2020-06-16#t4546w0,2020,8
2023-11-22#t14213w2,2023,8
2021-03-23#t1715w11,2021,8
2025-10-28#t289w5,2025,8
2023-12-07#t15119w0,2023,8
2018-12-11#t1102w0,2018,8
2025-12-02#t1338w0,2025,8
2021-05-18#t2561w1,2021,8
2018-11-28#t913w0,2018,8
2022-10-06#t8342w5,2022,8
2025-06-05#t3346w2,2025,8
2021-05-19#t2698w0,2021,8
2021-03-25#t1949w1,2021,8
2021-03-23#t1669w0,2021,8
2024-03-26#t15804w9,2024,8
2025-05-14#t2326w2,2025,8
2024-05-15#t16719w0,2024,8
2021-05-20#t2777w0,2021,8
2021-11-12#t4425w0,2021,8
2021-12-17#t5928w0,2021,8
2018-11-01#t496w1,2018,8
2019-12-12#t340w0,2019,8
2021-05-19#t2724w3,2021,8
2019-11-26#t2590w0,2019,8
2024-05-10#t16535w0,2024,8
2022-03-31#t6450w1,2022,8
2022-11-25#t9920w4,2022,8
2021-05-21#t2962w2,2021,8
2021-12-03#t5111w0,2021,8
2021-05-13#t2315w0,2021,8
2025-05-29#t2846w0,2025,8
2018-10-31#t384w5,2018,8
2019-12-10#t2978w2,2019,8
2019-12-10#t2948w0,2019,8
2023-11-01#t13671w0,2023,8
2022-12-15#t10723w3,2022,8
2025-03-21#t1236w0,2025,8
2021-12-08#t5336w0,2021,8
2019-11-27#t262w0,2019,8
2019-05-14#t1573w0,2019,8
2022-11-02#t8991w14,2022,8
2022-12-06#t10029w0,2022,8
2019-03-22#t1233w0,2019,8
2025-10-24#t175w0,2025,8
2022-11-03#t9091w2,2022,8
2020-12-08#t399w0,2020,8
2018-10-24#t106w1,2018,8
2023-05-18#t12095w0,2023,8
2021-11-26#t4742w0,2021,8
2022-11-25#t9899w0,2022,8
2021-12-14#t5711w0,2021,8
2025-03-26#t1496w0,2025,8
2020-12-10#t682w5,2020,8
2020-06-17#t4627w0,2020,8
2023-11-29#t14555w0,2023,8
2018-10-24#t77w0,2018,8
2021-12-09#t5548w1,2021,8
2023-03-30#t11396w2,2023,8
2022-10-28#t8721w0,2022,8
2024-05-29#t17076w0,2024,8
2021-12-07#t5229w0,2021,8
2018-11-21#t584w0,2018,8
2025-12-02#t1328w0,2025,8
2024-03-26#t15830w7,2024,8
2023-10-31#t13641w0,2023,8
2019-11-21#t2460w12,2019,8
2022-11-18#t9492w0,2022,8
2026-03-20#t2214w13,2026,8
2025-10-22#t68w0,2025,8
2018-12-11#t1042w0,2018,8
2021-05-19#t2690w3,2021,8
2021-03-23#t1715w1,2021,8
2022-10-11#t8472w0,2022,8
2023-05-17#t12042w4,2023,8
2019-11-19#t122w3,2019,8
2022-03-25#t6137w6,2022,8
2023-05-18#t12190w0,2023,8
2025-11-18#t930w0,2025,8
2019-12-10#t2908w0,2019,8
2022-05-17#t7005w0,2022,8
2019-05-14#t1625w0,2019,8
2024-05-15#t16729w4,2024,8
2025-05-28#t2770w0,2025,8
2023-05-18#t12139w1,2023,8
2026-03-26#t2552w5,2026,8
2021-06-10#t3692w0,2021,8
2021-05-20#t2750w0,2021,8
2025-05-09#t1956w0,2025,8
2018-11-23#t682w0,2018,8
2023-03-30#t11404w0,2023,8
2023-06-08#t12536w3,2023,8
2019-03-21#t1199w4,2019,8
2021-11-25#t4628w1,2021,8
2021-05-12#t2235w0,2021,8
2023-10-25#t13393w0,2023,8
2019-11-28#t2777w0,2019,8
2021-05-12#t2163w0,2021,8
2025-12-03#t1448w1,2025,8
2021-06-03#t3212w0,2021,8
2020-03-11#t3746w0,2020,8
2024-05-31#t17303w0,2024,8
2019-03-29#t9w15,2019,8
2021-12-14#t5687w0,2021,8
2022-11-23#t9663w0,2022,8
2019-12-18#t3436w0,2019,8
2019-12-11#t3104w0,2019,8
2019-11-28#t2827w3,2019,8
2022-10-05#t8215w4,2022,8
2023-12-05#t14899w0,2023,8
2018-11-28#t960w9,2018,8
2022-12-07#t10139w0,2022,8
2022-10-06#t8333w5,2022,8
2020-06-11#t4474w0,2020,8
2026-05-06#t2721w0,2026,8
2022-03-30#t6353w13,2022,8
2022-11-01#t8778w0,2022,8
2021-05-11#t2091w0,2021,8
2022-11-15#t9229w1,2022,8
2022-05-18#t7052w0,2022,8
2023-05-18#t12083w0,2023,8
2022-06-08#t7757w0,2022,8
2022-11-15#t9164w0,2022,8
2020-03-13#t3898w0,2020,8
2023-10-25#t13458w1,2023,8
2022-12-13#t10514w1,2022,8
2021-11-03#t3976w2,2021,8
2025-11-19#t1073w0,2025,8
2021-06-01#t3025w0,2021,8
2021-11-04#t4115w2,2021,8
2021-12-15#t5734w0,2021,8
2019-12-17#t3297w0,2019,8
2022-05-18#t7048w0,2022,8
2025-05-14#t2250w1,2025,8
2018-11-01#t475w2,2018,8
2021-05-14#t2421w0,2021,8
2021-03-17#t1458w0,2021,8
2019-11-27#t253w3,2019,8
2024-12-13#t931w0,2024,8
2020-12-10#t590w0,2020,8
2023-05-10#t11566w0,2023,8
2020-12-18#t1216w0,2020,8
2024-05-08#t16276w0,2024,8
2025-05-14#t2268w0,2025,8
2026-05-05#t2602w0,2026,8
2025-03-19#t1133w2,2025,8
2018-11-27#t840w4,2018,8
2023-05-19#t12244w0,2023,8
2025-06-03#t3103w0,2025,8
2018-10-26#t166w0,2018,8
2021-02-12#t1400w1,2021,8
2018-10-31#t386w14,2018,8
2020-12-17#t1149w0,2020,8
2020-06-11#t4410w0,2020,8
2023-05-11#t11688w0,2023,8
2023-12-05#t14919w0,2023,8
2022-12-15#t10710w1,2022,8
2022-05-19#t7163w1,2022,8
2024-05-09#t16445w4,2024,8
2023-10-24#t13317w0,2023,8
2021-05-21#t2957w2,2021,8
2024-05-17#t16922w0,2024,8
2022-10-12#t8549w0,2022,8
2021-05-12#t2141w0,2021,8
2019-12-19#t3559w3,2019,8
2022-05-31#t7329w0,2022,8
2023-06-07#t12393w0,2023,8
2023-10-26#t13582w1,2023,8
2022-05-19#t7144w0,2022,8
2019-12-19#t3559w2,2019,8
2023-12-06#t14979w0,2023,8
2018-11-23#t750w3,2018,8
2019-11-22#t2540w0,2019,8
2025-03-27#t1562w0,2025,8
2023-05-19#t12270w2,2023,8
2021-11-24#t4565w0,2021,8
2022-05-12#t6853w0,2022,8
2019-05-14#t1553w0,2019,8
2022-12-13#t10523w6,2022,8
2022-11-24#t9767w0,2022,8
2025-03-26#t1490w0,2025,8
2024-11-26#t293w0,2024,8
2023-11-01#t13688w0,2023,8
2021-06-01#t3004w0,2021,8
2019-05-16#t1837w2,2019,8
2021-05-12#t2211w2,2021,8
2024-03-27#t15938w0,2024,8
2026-03-24#t2323w1,2026,8
2025-10-22#t25w0,2025,8
2023-06-09#t12568w0,2023,8
2025-05-14#t2160w0,2025,8
2025-12-11#t1933w1,2025,8
2025-05-30#t3016w0,2025,8
2021-06-04#t3370w1,2021,8
2025-12-05#t1586w0,2025,8
2019-05-28#t1898w0,2019,8
2021-05-12#t2205w8,2021,8
2022-03-30#t6291w0,2022,8
2023-06-15#t12912w0,2023,8
2023-12-06#t15075w1,2023,8
2022-12-15#t10709w2,2022,8
2025-10-30#t454w0,2025,8
2025-03-21#t1190w0,2025,8
2023-12-06#t15013w0,2023,8
2026-05-05#t2579w0,2026,8
2023-12-07#t15126w0,2023,8
2021-12-17#t5923w0,2021,8
2021-11-02#t3846w0,2021,8
2022-10-11#t8465w0,2022,8
2023-11-02#t13865w2,2023,8
2021-03-23#t1672w0,2021,8
2021-06-03#t3284w0,2021,8
2022-10-07#t8383w0,2022,8
2024-12-10#t556w0,2024,8
2024-11-19#t1w2,2024,8
2023-03-29#t11214w0,2023,8
2018-11-27#t787w0,2018,8
2021-11-12#t4486w0,2021,8
2019-11-28#t2851w4,2019,8
2026-03-24#t2325w0,2026,8
2024-12-10#t596w0,2024,8
2022-11-02#t8991w17,2022,8
2019-12-12#t376w0,2019,8
2023-03-29#t11245w6,2023,8
2025-05-14#t2243w13,2025,8
2021-11-10#t4305w0,2021,8
2020-03-13#t3863w0,2020,8
2020-12-16#t1073w0,2020,8
2018-10-24#t54w0,2018,8
2023-05-17#t12037w5,2023,8
2020-06-18#t4822w3,2020,8
2019-11-22#t2576w2,2019,8
2022-11-16#t9339w4,2022,8
2019-11-28#t2732w0,2019,8
2019-05-08#t1503w0,2019,8
2022-05-31#t7327w0,2022,8
2019-05-16#t1798w0,2019,8
2025-11-19#t1038w0,2025,8
2024-11-20#t85w0,2024,8
2022-10-04#t8052w0,2022,8
2023-03-30#t11369w8,2023,8
2021-11-24#t4620w0,2021,8
2025-03-19#t1011w0,2025,8
2025-03-26#t1422w0,2025,8
2023-06-06#t12337w0,2023,8
2023-05-10#t11584w0,2023,8
2025-03-26#t1469w0,2025,8
2025-05-09#t1946w0,2025,8
2020-11-20#t255w1,2020,8
2022-05-10#t6570w4,2022,8
2019-11-20#t2378w0,2019,8
2018-11-21#t569w0,2018,8
2022-12-14#t10566w0,2022,8
2021-11-24#t4622w0,2021,8
2022-12-07#t10221w2,2022,8
2022-12-15#t10640w0,2022,8
2025-11-05#t666w0,2025,8
2023-05-11#t11679w0,2023,8
2023-03-30#t11312w0,2023,8
2021-05-18#t2592w3,2021,8
2022-10-11#t8466w0,2022,8
2023-11-30#t14652w0,2023,8
2019-05-14#t1697w0,2019,8
2021-12-16#t5852w0,2021,8
2026-03-20#t2236w3,2026,8
2023-11-29#t14560w0,2023,8
2025-03-27#t1576w0,2025,8
2019-12-19#t3512w0,2019,8
2025-10-28#t267w0,2025,8
2022-10-28#t8754w1,2022,8
2021-11-12#t4465w1,2021,8
2019-05-31#t2119w0,2019,8
2022-05-11#t6669w0,2022,8
2023-11-01#t13693w0,2023,8
2024-05-15#t16626w0,2024,8
2024-03-27#t15966w8,2024,8
2023-11-03#t13940w0,2023,8
2020-06-09#t4283w1,2020,8
2022-03-23#t6015w0,2022,8
2024-05-14#t16581w0,2024,8
2021-06-10#t3573w0,2021,8
2021-06-09#t3501w0,2021,8
2022-05-12#t6811w2,2022,8
2022-11-03#t9095w1,2022,8
2018-11-28#t969w17,2018,8
2023-10-24#t13299w0,2023,8
2021-05-20#t2838w2,2021,8
2023-06-07#t12439w2,2023,8
2021-12-02#t5050w0,2021,8
2021-03-23#t1665w0,2021,8
2019-11-26#t2671w0,2019,8
2024-12-12#t830w0,2024,8
2022-05-12#t6766w0,2022,8
2021-11-25#t4718w3,2021,8
2022-11-17#t9481w0,2022,8
2022-12-14#t10607w2,2022,8
2022-11-01#t8800w0,2022,8
2019-05-14#t1577w0,2019,8
2021-05-19#t2646w0,2021,8
2020-06-09#t4251w0,2020,8
2023-11-29#t14558w0,2023,8
2021-05-18#t2527w0,2021,8
2021-12-14#t5710w0,2021,8
2022-05-11#t6626w0,2022,8
2024-05-28#t17040w0,2024,8
2023-11-30#t14712w0,2023,8
2026-05-13#t3043w0,2026,8
2025-05-27#t2644w3,2025,8
2018-11-01#t413w0,2018,8
2021-06-08#t3412w0,2021,8
2021-12-15#t5773w0,2021,8
2019-05-16#t1834w1,2019,8
2021-11-04#t4062w0,2021,8
2022-06-03#t7611w0,2022,8
2026-03-20#t2140w0,2026,8
2025-11-07#t893w0,2025,8
2025-03-26#t1504w2,2025,8
2022-03-30#t6355w9,2022,8
2024-05-17#t16865w0,2024,8
2024-11-19#t11w6,2024,8
2021-05-13#t2346w0,2021,8
2021-06-10#t3605w1,2021,8
2022-03-29#t6259w13,2022,8
2020-06-17#t4667w0,2020,8
2025-10-28#t286w10,2025,8
2021-06-03#t3222w0,2021,8
2020-12-10#t613w0,2020,8
2023-10-25#t13451w3,2023,8
2019-12-19#t3515w0,2019,8
2018-10-31#t402w0,2018,8
2024-05-09#t16426w0,2024,8
2021-12-08#t5361w0,2021,8
2018-11-23#t657w0,2018,8
2021-11-12#t4484w0,2021,8
2024-05-31#t17336w0,2024,8
2021-12-07#t5242w2,2021,8
2024-12-11#t682w0,2024,8
2019-11-28#t2782w0,2019,8
2025-11-21#t1238w0,2025,8
2025-11-19#t1084w0,2025,8
2021-06-03#t3267w0,2021,8
2019-03-22#t1331w0,2019,8
2024-12-12#t811w4,2024,8
2022-10-07#t8357w0,2022,8
2024-03-27#t15851w0,2024,8
2022-12-08#t10253w0,2022,8
2022-11-17#t9384w0,2022,8
2019-11-27#t231w0,2019,8
2026-03-24#t2285w0,2026,8
2022-06-08#t7835w1,2022,8
2023-03-24#t10966w0,2023,8
2020-06-18#t4826w0,2020,8
2025-12-05#t1583w0,2025,8
2022-05-10#t6574w2,2022,8
2026-05-07#t2849w0,2026,8
2021-05-14#t2451w13,2021,8
2025-05-14#t2294w0,2025,8
2018-11-01#t462w1,2018,8
2023-06-14#t12794w0,2023,8
2021-03-17#t1498w1,2021,8
2023-05-11#t11772w2,2023,8
2020-12-16#t1067w0,2020,8
2025-05-09#t1963w0,2025,8
2022-12-09#t10427w0,2022,8
2025-05-28#t2786w3,2025,8
2021-03-25#t1940w2,2021,8
2022-12-08#t10235w0,2022,8
2023-11-28#t14472w0,2023,8
2021-11-03#t3933w0,2021,8
2020-03-11#t3831w1,2020,8
2022-05-31#t7335w0,2022,8
2019-03-22#t1313w10,2019,8
2021-05-21#t2915w0,2021,8
2022-05-19#t7096w0,2022,8
2022-06-07#t7700w0,2022,8
2021-12-14#t5699w0,2021,8
2024-12-10#t604w0,2024,8
2026-03-26#t2552w1,2026,8
2022-06-02#t7471w0,2022,8
2021-03-19#t1610w15,2021,8
2022-05-11#t6601w0,2022,8
2018-10-26#t195w11,2018,8
2024-11-27#t443w9,2024,8
2023-05-16#t11896w0,2023,8
2022-06-10#t7971w0,2022,8
2019-12-19#t3564w6,2019,8
2022-06-09#t7879w0,2022,8
2022-11-01#t8862w1,2022,8
2022-11-03#t9091w1,2022,8
2021-05-18#t2582w1,2021,8
2025-10-29#t407w0,2025,8
2022-10-06#t8352w7,2022,8
2023-11-21#t14105w4,2023,8
2024-03-27#t15875w0,2024,8
2019-12-17#t3259w0,2019,8
2022-11-15#t9196w0,2022,8
2023-11-01#t13720w0,2023,8
2025-12-04#t1495w0,2025,8
2022-05-11#t6690w0,2022,8
2021-11-10#t4314w0,2021,8
2023-06-15#t12872w0,2023,8
2023-03-30#t11415w0,2023,8
2023-10-18#t13128w0,2023,8
2020-03-11#t3766w0,2020,8
2022-12-14#t10601w2,2022,8
2022-06-08#t7834w1,2022,8
2021-12-10#t5615w0,2021,8
2024-03-20#t15571w0,2024,8
2025-10-28#t263w0,2025,8
2019-12-19#t3465w0,2019,8
2019-12-12#t360w4,2019,8
2021-03-19#t1532w0,2021,8
2018-10-31#t386w6,2018,8
2021-03-17#t1512w3,2021,8
2024-03-22#t15658w0,2024,8
2020-12-15#t845w2,2020,8
2021-12-02#t5055w0,2021,8
2024-06-05#t17483w0,2024,8
2023-11-22#t14158w0,2023,8
2023-11-21#t14120w7,2023,8
2023-10-26#t13492w0,2023,8
2019-05-31#t2311w0,2019,8
2020-12-10#t682w2,2020,8
2024-03-26#t15781w0,2024,8
2024-03-27#t15948w8,2024,8
2021-11-26#t4765w0,2021,8
2024-11-20#t123w5,2024,8
2022-03-31#t6467w1,2022,8
2021-05-18#t2541w0,2021,8
2019-05-08#t1441w0,2019,8
2023-06-08#t12542w0,2023,8
2023-05-11#t11767w1,2023,8
2022-11-17#t9481w4,2022,8
2023-06-14#t12789w0,2023,8
2018-10-31#t386w0,2018,8
2022-10-07#t8424w1,2022,8
2019-12-19#t3535w0,2019,8
2023-11-28#t14457w0,2023,8
2021-05-12#t2164w0,2021,8
2022-12-08#t10255w0,2022,8
2022-10-28#t8771w0,2022,8
2025-11-18#t945w0,2025,8
2022-10-12#t8543w0,2022,8
2022-05-17#t7009w1,2022,8
2022-11-18#t9573w0,2022,8
2022-03-25#t6164w5,2022,8
2025-12-03#t1424w0,2025,8
2026-03-18#t2100w0,2026,8
2021-11-25#t4718w7,2021,8
2021-03-25#t1947w2,2021,8
2021-11-30#t4852w0,2021,8
2022-11-23#t9661w0,2022,8
2024-03-27#t15977w1,2024,8
2025-06-03#t3075w0,2025,8
2023-12-06#t15072w2,2023,8
2023-12-01#t14801w0,2023,8
2019-12-20#t3572w0,2019,8
2025-10-30#t503w2,2025,8
2021-03-17#t1522w2,2021,8
2021-03-25#t1974w2,2021,8
2019-03-22#t1287w0,2019,8
2023-05-10#t11641w0,2023,8
2023-12-06#t15075w6,2023,8
2019-12-19#t3524w0,2019,8
2025-06-03#t3092w0,2025,8
2025-03-19#t1033w0,2025,8
2019-12-11#t3053w0,2019,8
2023-06-08#t12540w0,2023,8
2025-05-14#t2207w0,2025,8
2020-06-11#t4457w0,2020,8
2019-11-27#t239w3,2019,8
2024-11-20#t115w0,2024,8
2023-12-12#t15379w2,2023,8
2024-05-09#t16445w1,2024,8
2023-06-07#t12439w0,2023,8
2022-05-31#t7316w0,2022,8
2024-11-27#t437w1,2024,8
2024-03-20#t15566w0,2024,8
2024-12-10#t638w5,2024,8
2024-03-20#t15603w0,2024,8
2023-11-03#t13976w1,2023,8
2022-11-15#t9240w0,2022,8
2022-11-03#t9005w0,2022,8
2022-05-13#t6883w0,2022,8
2022-11-25#t9929w2,2022,8
2024-11-26#t321w1,2024,8
2023-11-21#t14073w0,2023,8
2023-11-03#t14014w1,2023,8
2021-11-26#t4763w0,2021,8
2022-05-18#t7054w0,2022,8
2021-11-05#t4199w0,2021,8
2019-11-28#t2832w1,2019,8
2023-10-25#t13448w0,2023,8
2023-05-16#t11929w7,2023,8
2023-10-25#t13398w0,2023,8
2022-12-16#t10812w0,2022,8
2020-12-08#t377w0,2020,8
2019-12-18#t3392w0,2019,8
2024-11-20#t53w0,2024,8
2024-05-29#t17083w0,2024,8
2022-06-09#t7847w0,2022,8
2025-10-31#t539w8,2025,8
2023-03-29#t11212w0,2023,8
2025-05-30#t3038w3,2025,8
2021-12-16#t5879w7,2021,8
2020-12-17#t1170w3,2020,8
2021-06-04#t3350w0,2021,8
2025-10-30#t462w0,2025,8
2022-05-11#t6671w2,2022,8
2023-11-23#t14320w2,2023,8
2022-11-02#t8917w0,2022,8
2026-03-24#t2284w0,2026,8
2021-03-17#t1493w0,2021,8
2023-10-25#t13405w2,2023,8
2022-12-13#t10504w0,2022,8
2023-11-01#t13694w0,2023,8
2020-12-15#t821w0,2020,8
2022-06-07#t7686w0,2022,8
2021-06-09#t3516w0,2021,8
2020-11-20#t289w7,2020,8
2019-12-13#t3211w1,2019,8
2021-03-18#t1527w3,2021,8
2025-11-19#t1069w0,2025,8
2024-12-12#t832w2,2024,8
2022-05-19#t7215w1,2022,8
2024-05-14#t16589w0,2024,8
2023-03-29#t11251w5,2023,8
2026-05-07#t2878w0,2026,8
2025-03-27#t1616w2,2025,8
2022-03-31#t6419w0,2022,8
2020-12-10#t671w5,2020,8
2023-06-15#t12842w0,2023,8
2018-11-28#t945w1,2018,8
2021-11-12#t4433w0,2021,8
2025-05-08#t1910w0,2025,8
2023-10-25#t13414w0,2023,8
2023-05-16#t11874w0,2023,8
2023-11-22#t14173w0,2023,8
2023-06-14#t12737w0,2023,8
2023-06-07#t12372w0,2023,8
2023-03-22#t10875w0,2023,8
2024-05-29#t17111w0,2024,8
2024-11-20#t33w0,2024,8
2023-05-18#t12081w0,2023,8
2025-05-13#t2128w0,2025,8
2023-10-26#t13578w2,2023,8
2025-06-03#t3071w0,2025,8
2026-03-18#t2134w0,2026,8
2021-11-25#t4698w3,2021,8
2018-11-28#t940w3,2018,8
2019-05-10#t27w0,2019,8
2021-12-02#t5017w1,2021,8
2024-06-05#t17450w0,2024,8
2025-10-28#t282w7,2025,8
2020-06-17#t4669w1,2020,8
2019-12-17#t3311w0,2019,8
2023-12-13#t15478w0,2023,8
2022-12-14#t10536w0,2022,8
2020-05-26#t4084w0,2020,8
2023-03-29#t11163w0,2023,8
2022-12-15#t10726w2,2022,8
2022-03-30#t6268w0,2022,8
2018-10-31#t391w1,2018,8
2025-03-27#t1603w5,2025,8
2023-06-15#t12868w0,2023,8
2021-12-17#t5967w0,2021,8
2026-05-07#t2874w0,2026,8
2022-03-23#t6052w0,2022,8
2020-06-17#t4695w0,2020,8
2023-10-20#t13256w2,2023,8
2019-11-26#t2621w0,2019,8
2023-10-18#t13086w0,2023,8
2025-11-18#t954w0,2025,8
2019-12-13#t3230w2,2019,8
2023-05-09#t11475w0,2023,8
2023-03-24#t10968w0,2023,8
2018-11-27#t831w1,2018,8
2023-06-14#t12777w0,2023,8
2021-03-25#t1949w2,2021,8
2018-10-30#t261w0,2018,8
2021-11-09#t4269w0,2021,8
2021-11-26#t4727w0,2021,8
2018-11-23#t741w0,2018,8
2021-03-17#t1522w0,2021,8
2023-11-23#t14333w6,2023,8
2019-12-13#t3202w0,2019,8
2021-11-25#t4708w0,2021,8
2022-06-10#t8027w2,2022,8
2024-05-09#t16402w0,2024,8
2023-05-19#t12223w0,2023,8
2020-06-10#t4353w0,2020,8
2022-10-11#t8446w0,2022,8
2021-06-11#t3735w0,2021,8
2021-03-23#t1666w0,2021,8
2021-03-17#t1479w0,2021,8
2022-11-15#t9140w0,2022,8
2024-12-11#t695w0,2024,8
2019-11-20#t2355w0,2019,8
2018-11-01#t499w2,2018,8
2025-06-05#t3297w0,2025,8
2021-12-15#t5743w0,2021,8
2022-12-13#t10515w6,2022,8
2020-06-18#t4777w0,2020,8
2019-12-12#t358w4,2019,8
2025-03-25#t1362w0,2025,8
2025-05-29#t2851w0,2025,8
2021-03-23#t1630w0,2021,8
2022-12-09#t10378w0,2022,8
2023-11-02#t13783w0,2023,8
2024-05-28#t17041w4,2024,8
2022-05-19#t7204w4,2022,8
2022-05-10#t6565w0,2022,8
2022-10-11#t8434w0,2022,8
2024-11-28#t523w0,2024,8
2019-12-12#t277w0,2019,8
2024-12-13#t878w0,2024,8
2021-02-12#t1383w0,2021,8
2024-12-12#t813w4,2024,8
2025-06-04#t3238w0,2025,8
2025-05-29#t2900w0,2025,8
2020-11-20#t289w11,2020,8
2024-06-04#t17392w0,2024,8
2019-11-20#t2376w0,2019,8
2025-11-05#t658w0,2025,8
2019-03-22#t1224w0,2019,8
2025-12-11#t1916w3,2025,8
2023-03-29#t11251w7,2023,8
2024-11-28#t503w0,2024,8
2019-12-19#t3566w2,2019,8
2021-05-19#t2657w0,2021,8
2024-05-29#t17127w0,2024,8
2023-11-21#t14120w6,2023,8
2018-12-12#t1183w0,2018,8
2026-03-24#t2330w0,2026,8
2020-06-11#t4503w0,2020,8
2019-12-12#t330w0,2019,8
2024-12-10#t552w0,2024,8
2023-06-06#t12366w3,2023,8
2025-03-21#t1263w6,2025,8
2022-03-29#t6262w4,2022,8
2023-11-21#t14054w0,2023,8
2023-12-13#t15429w0,2023,8
2021-05-20#t2823w6,2021,8
2022-03-30#t6355w1,2022,8
2019-05-28#t1904w0,2019,8
2021-12-02#t5047w3,2021,8
2019-11-22#t2564w13,2019,8
2019-12-17#t3299w0,2019,8
2023-05-11#t11692w0,2023,8
2022-10-06#t8309w0,2022,8
2020-03-13#t3942w2,2020,8
2022-11-17#t9475w0,2022,8
2023-03-29#t11161w0,2023,8
2025-03-21#t1252w4,2025,8
2024-03-27#t15979w10,2024,8
2025-11-06#t823w1,2025,8
2020-12-10#t678w1,2020,8
2018-11-01#t463w0,2018,8
2024-12-10#t557w0,2024,8
2019-11-20#t2324w0,2019,8
2025-11-05#t660w0,2025,8
2018-11-27#t849w3,2018,8
2023-11-21#t14057w0,2023,8
2024-05-16#t16771w0,2024,8
2023-06-15#t12941w4,2023,8
2026-03-26#t2505w0,2026,8
2020-06-18#t4744w0,2020,8
2019-12-13#t3246w6,2019,8
2023-12-08#t15302w1,2023,8
2018-11-28#t926w0,2018,8
2025-12-11#t1831w0,2025,8
2025-03-19#t996w0,2025,8
2022-06-08#t7767w0,2022,8
2024-12-10#t573w0,2024,8
2024-11-19#t11w7,2024,8
2020-12-17#t1164w2,2020,8
2023-12-06#t14997w0,2023,8
2025-06-05#t3346w0,2025,8
2020-12-10#t663w4,2020,8
2018-11-27#t846w4,2018,8
2020-06-17#t4646w0,2020,8
2020-06-09#t4226w0,2020,8
2023-10-31#t13627w0,2023,8
2021-05-13#t2356w0,2021,8
2024-06-06#t17622w2,2024,8
2023-10-25#t13463w6,2023,8
2022-11-02#t8887w0,2022,8
2022-12-15#t10677w0,2022,8
2022-11-02#t8899w0,2022,8
2025-05-29#t2890w0,2025,8
2020-11-20#t242w0,2020,8
2023-11-29#t14577w0,2023,8
2022-12-15#t10732w0,2022,8
2023-05-16#t11900w0,2023,8
2022-03-29#t6261w2,2022,8
2019-05-16#t1850w4,2019,8
2020-03-13#t3897w0,2020,8
2023-03-29#t11227w0,2023,8
2023-10-24#t13342w2,2023,8
2024-05-28#t17005w0,2024,8
2025-05-27#t2617w0,2025,8
2021-05-12#t2209w4,2021,8
2023-06-08#t12509w0,2023,8
2019-05-16#t1835w5,2019,8
2025-12-09#t1642w0,2025,8
2022-06-01#t7434w1,2022,8
2025-11-06#t759w0,2025,8
2020-12-08#t397w0,2020,8
2022-11-17#t9400w0,2022,8
2022-12-06#t9979w0,2022,8
2024-05-07#t16147w0,2024,8
2018-12-11#t1002w0,2018,8
2021-02-12#t1374w0,2021,8
2020-11-20#t265w0,2020,8
2021-03-19#t1610w3,2021,8
2018-11-27#t781w0,2018,8
2020-06-10#t4335w0,2020,8
2025-03-27#t1615w1,2025,8
2020-12-10#t678w0,2020,8
2023-11-02#t13848w0,2023,8
2019-12-18#t3387w0,2019,8
2021-11-10#t4366w0,2021,8
2022-12-15#t10661w0,2022,8
2022-10-06#t8289w0,2022,8
2024-05-14#t16555w0,2024,8
2023-11-29#t14530w0,2023,8
2025-03-25#t1367w0,2025,8
2022-05-11#t6697w0,2022,8
2019-05-28#t1922w0,2019,8
2018-10-31#t334w0,2018,8
2025-12-02#t1330w0,2025,8
2020-06-18#t4763w0,2020,8
2024-05-15#t16629w0,2024,8
2023-05-09#t11431w0,2023,8
2025-12-10#t1739w0,2025,8
2023-06-08#t12531w3,2023,8
2024-03-27#t15930w2,2024,8
2019-05-31#t2115w0,2019,8
2023-05-11#t11726w0,2023,8
2024-05-15#t16661w0,2024,8
2021-03-24#t1816w1,2021,8
2024-03-27#t15923w1,2024,8
2020-06-18#t4815w2,2020,8
2024-03-26#t15828w0,2024,8
2022-06-09#t7912w0,2022,8
2022-11-17#t9429w1,2022,8
2023-05-19#t12205w0,2023,8
2025-12-04#t1536w6,2025,8
2018-10-30#t230w0,2018,8
2019-05-16#t1816w0,2019,8
2022-05-10#t6567w0,2022,8
2021-06-04#t3358w0,2021,8
2021-06-04#t3333w0,2021,8
2024-05-14#t16616w0,2024,8
2023-05-18#t12154w1,2023,8
2021-12-02#t4963w0,2021,8
2026-03-18#t2128w0,2026,8
2023-03-22#t10918w0,2023,8
2024-05-14#t16596w0,2024,8
2023-03-30#t11385w2,2023,8
2019-05-07#t1400w0,2019,8
2023-10-24#t13341w4,2023,8
2021-05-12#t2159w0,2021,8
2024-03-26#t15804w7,2024,8
2025-05-27#t2641w1,2025,8
2019-12-12#t348w1,2019,8
2022-05-20#t7281w15,2022,8
2021-11-12#t4483w0,2021,8
2023-06-07#t12436w0,2023,8
2018-11-27#t822w0,2018,8
2019-03-22#t1331w6,2019,8
2019-12-10#t2924w0,2019,8
2023-12-07#t15106w0,2023,8
2021-12-16#t5879w0,2021,8
2020-12-16#t895w0,2020,8
2022-05-10#t6529w0,2022,8
2022-11-17#t9385w0,2022,8
2023-05-12#t11832w0,2023,8
2026-05-07#t2809w0,2026,8
2024-12-13#t893w0,2024,8
2022-10-12#t8534w0,2022,8
2019-11-20#t2446w0,2019,8
2022-05-12#t6862w7,2022,8
2021-12-08#t5341w0,2021,8
2022-11-17#t9429w4,2022,8
2024-05-28#t16977w0,2024,8
2025-12-05#t1593w0,2025,8
2021-06-03#t3201w0,2021,8
2023-12-08#t15234w0,2023,8
2020-05-27#t4145w0,2020,8
2022-05-11#t6669w1,2022,8
2022-12-08#t10344w4,2022,8
2019-05-14#t1672w0,2019,8
2023-03-29#t11234w0,2023,8
2018-11-01#t479w0,2018,8
2019-11-26#t2605w0,2019,8
2021-06-10#t3605w0,2021,8
2025-10-28#t240w0,2025,8
2022-06-10#t7965w0,2022,8
2021-12-02#t5014w0,2021,8
2022-11-25#t9941w9,2022,8
2026-05-06#t2723w2,2026,8
2025-05-30#t2935w0,2025,8
2022-06-02#t7573w0,2022,8
2019-05-31#t2219w0,2019,8
2023-06-15#t12870w0,2023,8
2021-03-19#t1579w0,2021,8
2026-05-13#t3037w0,2026,8
2021-03-24#t1731w0,2021,8
2025-05-16#t2471w0,2025,8
2023-11-30#t14653w0,2023,8
2025-11-06#t808w0,2025,8
2025-05-06#t1635w0,2025,8
2025-05-27#t2614w0,2025,8
2023-03-29#t11243w7,2023,8
2019-12-10#t2981w0,2019,8
2021-05-12#t2158w0,2021,8
2024-12-10#t625w2,2024,8
2024-05-17#t16889w0,2024,8
2024-05-31#t17262w0,2024,8
2023-12-07#t15199w2,2023,8
2025-10-24#t127w0,2025,8
2023-06-08#t12541w0,2023,8
2020-12-09#t485w0,2020,8
2024-11-26#t262w0,2024,8
2021-03-25#t1908w0,2021,8
2023-05-18#t12102w0,2023,8
2024-11-26#t286w0,2024,8
2025-10-30#t476w0,2025,8
2019-12-19#t3525w0,2019,8
2023-06-13#t12723w6,2023,8
2026-03-24#t2322w2,2026,8
2024-05-09#t16446w1,2024,8
2022-06-01#t7461w1,2022,8
2021-05-12#t2126w0,2021,8
2025-05-30#t3024w0,2025,8
2026-03-20#t2149w0,2026,8
2020-03-13#t3942w4,2020,8
2025-06-05#t3256w0,2025,8
2025-05-15#t2386w0,2025,8
2020-03-17#t3979w1,2020,8
2020-06-17#t4658w0,2020,8
2018-10-31#t384w9,2018,8
2020-03-10#t3703w0,2020,8
2022-03-29#t6178w0,2022,8
2019-05-10#t107w0,2019,8
2023-03-30#t11280w0,2023,8
2023-12-07#t15109w0,2023,8
2022-12-14#t10553w0,2022,8
2025-11-07#t876w0,2025,8
2025-03-21#t1208w0,2025,8
2019-11-22#t2564w1,2019,8
2023-12-05#t14898w0,2023,8
2025-05-07#t1806w12,2025,8
2020-06-09#t4290w0,2020,8
2021-06-11#t3752w0,2021,8
2024-11-28#t539w0,2024,8
2025-12-12#t1991w0,2025,8
2022-05-19#t7195w3,2022,8
2023-05-18#t12158w1,2023,8
2021-05-20#t2813w1,2021,8
2021-06-11#t3707w0,2021,8
2021-03-24#t1739w0,2021,8
2021-06-09#t3523w0,2021,8
2021-12-02#t4941w0,2021,8
2018-11-01#t508w4,2018,8
2021-06-03#t3293w1,2021,8
2026-03-26#t2519w0,2026,8
2025-10-21#t2w1,2025,8
2022-06-07#t7721w0,2022,8
2024-12-13#t928w0,2024,8
2022-11-25#t9889w0,2022,8
2025-11-20#t1136w0,2025,8
2025-06-03#t3135w5,2025,8
2025-03-21#t1244w0,2025,8
2022-12-08#t10369w0,2022,8
2024-11-19#t11w1,2024,8
2020-12-08#t339w0,2020,8
2025-03-25#t1385w0,2025,8
2022-06-02#t7580w4,2022,8
2019-05-07#t1369w0,2019,8
2019-11-28#t2851w3,2019,8
2021-05-13#t2355w1,2021,8
2021-11-05#t4199w1,2021,8
2023-06-08#t12486w0,2023,8
2021-05-18#t2539w0,2021,8
2020-12-10#t682w4,2020,8
2019-11-27#t246w5,2019,8
2024-06-05#t17523w0,2024,8
2025-05-08#t1868w0,2025,8
2024-05-28#t17032w3,2024,8
2018-11-28#t980w0,2018,8
2018-12-12#t1122w0,2018,8
2025-05-30#t3016w1,2025,8
2020-03-11#t3798w1,2020,8
2019-12-18#t3431w0,2019,8
2022-11-23#t9666w0,2022,8
2024-03-26#t15767w0,2024,8
2023-03-30#t11396w1,2023,8
2021-03-19#t1613w4,2021,8
2025-05-14#t2331w1,2025,8
2022-10-28#t8758w12,2022,8
2021-05-12#t2150w0,2021,8
2018-11-23#t739w4,2018,8
2024-11-26#t233w0,2024,8
2024-12-11#t723w2,2024,8
2022-11-16#t9246w0,2022,8
2024-11-19#t12w1,2024,8
2022-10-27#t8685w9,2022,8
2023-03-22#t10848w0,2023,8
2023-10-26#t13552w6,2023,8
2019-11-22#t2474w0,2019,8
2020-12-09#t483w0,2020,8
2024-03-27#t15895w0,2024,8
2025-12-03#t1405w0,2025,8
2024-03-26#t15732w0,2024,8
2023-03-22#t10853w0,2023,8
2024-05-28#t17031w1,2024,8
2020-12-08#t379w0,2020,8
2024-12-11#t694w0,2024,8
2022-03-30#t6331w1,2022,8
2022-11-02#t8970w1,2022,8
2025-05-15#t2441w0,2025,8
2019-11-22#t2515w0,2019,8
2025-10-22#t9w0,2025,8
2026-03-24#t2317w0,2026,8
2022-03-30#t6340w5,2022,8
2022-05-12#t6850w1,2022,8
2025-03-19#t1080w3,2025,8
2021-05-20#t2737w0,2021,8
2019-11-27#t162w0,2019,8
2023-06-15#t12950w2,2023,8
2019-12-20#t3631w0,2019,8
2023-10-31#t13638w0,2023,8
2025-11-06#t768w0,2025,8
2021-12-02#t5047w2,2021,8
2019-11-20#t2445w0,2019,8
2022-12-15#t10619w0,2022,8
2024-11-28#t480w0,2024,8
2021-02-12#t1388w3,2021,8
2021-03-25#t1971w0,2021,8
2022-11-02#t8912w0,2022,8
2023-03-30#t11394w6,2023,8
2021-03-23#t1667w0,2021,8
2024-11-27#t406w6,2024,8
2024-06-06#t17629w0,2024,8
2019-05-16#t1837w0,2019,8
2023-03-29#t11245w16,2023,8
2022-12-15#t10694w4,2022,8
2021-12-15#t5790w0,2021,8
2019-05-28#t1914w0,2019,8
2022-11-15#t9189w0,2022,8
2021-05-19#t2625w0,2021,8
2022-12-13#t10505w1,2022,8
2018-10-24#t49w0,2018,8
2026-05-14#t3170w0,2026,8
2024-11-27#t406w5,2024,8
2022-06-02#t7585w0,2022,8
2020-12-08#t434w10,2020,8
2026-05-08#t2915w0,2026,8
2021-06-01#t3001w0,2021,8
2024-11-27#t437w10,2024,8
2024-06-05#t17505w0,2024,8
2018-11-23#t750w4,2018,8
2023-11-02#t13863w3,2023,8
2022-10-06#t8323w7,2022,8
2026-03-20#t2169w0,2026,8
2022-12-15#t10722w7,2022,8
2025-05-28#t2732w0,2025,8
2025-05-07#t1745w0,2025,8
2025-10-28#t275w2,2025,8
2024-11-22#t127w0,2024,8
2025-03-26#t1517w14,2025,8
2022-11-25#t9857w0,2022,8
2018-11-23#t770w0,2018,8
2020-11-20#t269w1,2020,8
2025-11-05#t630w0,2025,8
2023-12-01#t14829w3,2023,8
2024-11-27#t369w0,2024,8
2022-11-24#t9804w3,2022,8
2024-06-07#t17775w8,2024,8
2023-05-17#t11973w0,2023,8
2021-12-07#t5186w0,2021,8
2023-11-21#t14099w2,2023,8
2023-03-28#t11084w0,2023,8
2019-05-16#t1882w3,2019,8
2025-05-14#t2277w1,2025,8
2022-11-02#t8943w0,2022,8
2022-11-15#t9204w0,2022,8
2023-05-16#t11907w0,2023,8
2021-11-25#t4698w9,2021,8
2023-05-11#t11784w1,2023,8
2024-03-28#t16082w0,2024,8
2023-06-06#t12362w1,2023,8
2025-05-15#t2409w0,2025,8
2018-10-23#t18w2,2018,8
2023-06-09#t12609w0,2023,8
2022-11-03#t9011w0,2022,8
2022-11-03#t9098w1,2022,8
2025-05-06#t1683w0,2025,8
2018-11-01#t502w1,2018,8
2025-03-26#t1498w0,2025,8
2024-12-12#t773w0,2024,8
2023-05-18#t12160w0,2023,8
2018-11-28#t901w0,2018,8
2022-12-07#t10078w0,2022,8
2018-12-12#t1189w0,2018,8
2021-06-10#t3613w1,2021,8
2023-12-08#t15291w1,2023,8
2023-11-24#t14391w0,2023,8
2025-05-28#t2782w0,2025,8
2023-12-08#t15257w0,2023,8
2025-05-13#t2027w0,2025,8
2019-03-22#t1208w0,2019,8
2019-05-16#t1848w4,2019,8
2023-05-11#t11736w0,2023,8
2025-05-30#t3033w6,2025,8
2025-05-27#t2618w0,2025,8
2024-03-20#t15548w0,2024,8
2020-06-17#t4721w0,2020,8
2023-06-13#t12668w0,2023,8
2019-12-11#t2992w0,2019,8
2023-06-09#t12587w0,2023,8
2024-06-07#t17774w2,2024,8
2025-05-15#t2454w1,2025,8
2024-11-20#t58w0,2024,8
2020-11-18#t94w0,2020,8
2025-06-04#t3218w0,2025,8
2023-11-24#t14379w0,2023,8
2023-11-03#t13975w5,2023,8
2022-10-28#t8759w15,2022,8
2023-05-11#t11753w2,2023,8
2024-11-27#t339w0,2024,8
2024-11-20#t68w0,2024,8
2023-05-17#t12026w2,2023,8
2021-06-10#t3593w0,2021,8
2022-10-28#t8764w1,2022,8
2023-06-08#t12537w5,2023,8
2023-11-29#t14607w0,2023,8
2024-03-27#t15942w2,2024,8
2022-06-09#t7917w0,2022,8
2024-06-06#t17598w0,2024,8
2020-06-09#t4271w0,2020,8
2023-11-22#t14160w0,2023,8
2025-10-24#t175w6,2025,8
2025-11-06#t790w0,2025,8
2025-05-14#t2243w5,2025,8
2023-12-07#t15199w1,2023,8
2019-05-08#t1485w0,2019,8
2019-11-22#t2550w0,2019,8
2021-03-25#t1886w0,2021,8
2021-11-12#t4474w0,2021,8
2022-12-13#t10468w0,2022,8
2019-05-28#t2077w0,2019,8
2025-11-21#t1251w0,2025,8
2024-05-08#t16309w0,2024,8
2022-03-25#t6075w0,2022,8
2022-11-24#t9746w0,2022,8
2022-11-17#t9475w2,2022,8
2026-05-06#t2663w0,2026,8
2021-06-08#t3455w0,2021,8
2021-03-24#t1720w0,2021,8
2025-05-06#t1650w0,2025,8
2023-03-29#t11167w0,2023,8
2025-10-24#t189w0,2025,8
2025-12-11#t1889w0,2025,8
2021-06-11#t3760w0,2021,8
2024-11-26#t315w3,2024,8
2022-11-16#t9281w0,2022,8
2025-03-19#t1004w0,2025,8
2025-05-28#t2774w0,2025,8
2025-05-07#t1793w1,2025,8
2022-11-17#t9437w0,2022,8
2024-11-20#t117w0,2024,8
2021-05-11#t2109w0,2021,8
2025-11-19#t1079w0,2025,8
2021-05-11#t2023w0,2021,8
2025-05-14#t2312w10,2025,8
2018-11-23#t693w0,2018,8
2022-10-06#t8353w2,2022,8
2022-03-29#t6259w1,2022,8
2023-05-10#t11661w0,2023,8
2021-12-14#t5721w0,2021,8
2023-12-07#t15206w2,2023,8
2025-12-11#t1926w6,2025,8
2023-06-06#t12312w0,2023,8
2022-10-06#t8312w0,2022,8
2023-05-11#t11775w2,2023,8
2021-11-25#t4632w0,2021,8
2024-05-28#t17029w4,2024,8
2019-05-28#t2031w0,2019,8
2022-10-11#t8475w0,2022,8
2022-11-15#t9134w0,2022,8
2022-10-12#t8522w0,2022,8
2025-10-29#t397w10,2025,8
2023-03-24#t11013w15,2023,8
2018-11-01#t487w6,2018,8
2024-03-21#t15609w2,2024,8
2026-05-06#t2708w0,2026,8
2024-11-27#t357w0,2024,8
2025-10-22#t54w0,2025,8
2021-03-23#t1655w0,2021,8
2019-05-08#t1517w0,2019,8
2022-11-22#t9604w0,2022,8
2024-12-13#t884w0,2024,8
2023-03-29#t11219w1,2023,8
2021-03-24#t1742w0,2021,8
2023-11-23#t14244w0,2023,8
2022-11-02#t8959w1,2022,8
2022-03-23#t6050w0,2022,8
2023-05-10#t11636w0,2023,8
2021-11-04#t4081w3,2021,8
2023-05-11#t11762w5,2023,8
2023-12-12#t15328w0,2023,8
2021-05-14#t2398w0,2021,8
2023-12-06#t14954w0,2023,8
2022-12-06#t10000w0,2022,8
2020-06-11#t4474w6,2020,8
2021-12-09#t5526w2,2021,8
2025-05-30#t3038w0,2025,8
2022-03-30#t6349w9,2022,8
2024-11-22#t225w0,2024,8
2018-11-28#t897w0,2018,8
2025-05-14#t2202w0,2025,8
2025-03-21#t1224w0,2025,8
2018-10-24#t48w0,2018,8
2022-11-03#t9093w0,2022,8
2023-11-02#t13854w6,2023,8
2020-06-17#t4647w0,2020,8
2026-03-26#t2545w3,2026,8
2025-12-09#t1655w0,2025,8
2021-11-12#t4391w0,2021,8
2024-06-06#t17627w3,2024,8
2019-11-22#t2559w1,2019,8
2021-06-01#t2999w0,2021,8
2023-11-01#t13724w0,2023,8
2018-10-31#t324w0,2018,8
2019-05-07#t1410w0,2019,8
2025-12-02#t1332w0,2025,8
2019-05-10#t77w0,2019,8
2020-11-20#t272w0,2020,8
2021-03-25#t1927w0,2021,8
2018-12-11#t1044w0,2018,8
2020-06-11#t4433w0,2020,8
2021-12-10#t5603w0,2021,8
2023-03-29#t11256w13,2023,8
2022-03-22#t5987w0,2022,8
2023-05-10#t11582w1,2023,8
2022-11-25#t9935w2,2022,8
2019-12-17#t3254w1,2019,8
2021-11-26#t4771w0,2021,8
2025-03-21#t1188w0,2025,8
2024-05-09#t16364w0,2024,8
2021-12-08#t5347w0,2021,8
2020-11-24#t305w1,2020,8
2019-11-20#t2400w0,2019,8
2022-11-17#t9425w0,2022,8
2022-12-08#t10242w0,2022,8
2021-12-09#t5482w0,2021,8
2025-12-03#t1404w0,2025,8
2025-03-25#t1291w0,2025,8
2020-12-18#t1240w0,2020,8
2021-05-11#t2072w0,2021,8
2018-12-12#t1124w0,2018,8
2019-11-27#t202w0,2019,8
2021-12-08#t5413w0,2021,8
2023-05-18#t12182w3,2023,8
2023-03-30#t11364w0,2023,8
2019-12-10#t2985w2,2019,8
2024-05-29#t17047w0,2024,8
2024-11-28#t514w0,2024,8
2020-12-11#t711w0,2020,8
2023-05-18#t12169w3,2023,8
2019-11-27#t259w4,2019,8
2023-03-28#t11118w2,2023,8
2022-12-14#t10589w1,2022,8
2023-11-30#t14723w2,2023,8
2023-10-26#t13562w0,2023,8
2023-10-31#t13650w0,2023,8
2023-06-15#t12878w0,2023,8
2020-12-17#t1100w0,2020,8
2025-06-03#t3054w0,2025,8
2023-11-30#t14694w0,2023,8
2021-05-19#t2661w3,2021,8
2023-11-03#t14006w0,2023,8
2019-12-18#t3384w0,2019,8
2026-05-07#t2801w0,2026,8
2023-06-15#t12847w0,2023,8
2021-05-13#t2249w0,2021,8
2021-06-03#t3262w2,2021,8
2024-11-27#t397w0,2024,8
2023-06-14#t12779w0,2023,8
2020-12-18#t1261w0,2020,8
2023-11-02#t13859w0,2023,8
2023-05-18#t12159w0,2023,8
2020-06-17#t4660w0,2020,8
2022-11-01#t8857w2,2022,8
2022-11-17#t9486w0,2022,8
2022-12-15#t10658w0,2022,8
2025-12-04#t1492w0,2025,8
2019-12-19#t3491w0,2019,8
2022-12-13#t10497w0,2022,8
2021-12-07#t5258w2,2021,8
2023-06-15#t12910w0,2023,8
2022-06-02#t7575w1,2022,8
2020-06-09#t4257w0,2020,8
2022-10-06#t8340w0,2022,8
2020-06-11#t4414w0,2020,8
2023-12-05#t14943w0,2023,8
2021-12-15#t5769w0,2021,8
2025-11-18#t1014w1,2025,8
2025-05-30#t2975w0,2025,8
2018-11-28#t920w0,2018,8
2022-11-17#t9461w4,2022,8
2021-11-10#t4376w0,2021,8
2022-05-19#t7197w4,2022,8
2021-12-16#t5888w1,2021,8
2023-10-17#t13061w0,2023,8
2022-12-16#t10782w0,2022,8
2022-11-25#t9883w0,2022,8
2019-05-31#t2181w0,2019,8
2021-11-03#t3900w0,2021,8
2024-05-14#t16594w0,2024,8
2022-10-26#t8658w0,2022,8
2021-03-24#t1823w4,2021,8
2023-12-05#t14932w4,2023,8
2022-10-06#t8351w3,2022,8
2020-06-09#t4311w0,2020,8
2023-03-28#t11077w0,2023,8
2022-12-08#t10287w0,2022,8
2021-12-09#t5525w6,2021,8
2020-12-16#t892w0,2020,8
2024-05-28#t17043w2,2024,8
2020-03-13#t3940w2,2020,8
2025-11-18#t936w0,2025,8
2024-11-26#t313w3,2024,8
2022-11-17#t9373w0,2022,8
2022-10-05#t8204w0,2022,8
2025-06-04#t3215w0,2025,8
2024-11-20#t101w0,2024,8
2021-11-23#t4526w0,2021,8
2025-12-02#t1305w0,2025,8
2025-11-07#t879w0,2025,8
2019-03-22#t1206w0,2019,8
2018-11-01#t472w5,2018,8
2019-11-26#t2686w1,2019,8
2022-11-24#t9747w0,2022,8
2021-03-23#t1633w0,2021,8
2018-11-23#t759w3,2018,8
2022-11-02#t8995w5,2022,8
2026-05-07#t2747w0,2026,8
2022-12-06#t10060w2,2022,8
2025-05-30#t2967w0,2025,8
2024-11-27#t409w0,2024,8
2024-03-22#t15705w5,2024,8
2022-11-02#t8995w6,2022,8
2021-03-23#t1620w0,2021,8
2021-03-23#t1709w0,2021,8
2018-11-28#t970w12,2018,8
2023-10-18#t13090w0,2023,8
2022-10-05#t8258w0,2022,8
2021-06-08#t3457w1,2021,8
2023-10-25#t13463w2,2023,8
2021-11-25#t4630w0,2021,8
2021-11-05#t4166w0,2021,8
2022-03-31#t6449w3,2022,8
2024-06-06#t17561w0,2024,8
2020-12-16#t891w0,2020,8
2021-03-19#t1610w5,2021,8
2021-05-19#t2723w3,2021,8
2021-03-19#t1557w0,2021,8
2022-11-22#t9610w0,2022,8
2024-05-15#t16630w0,2024,8
2026-05-07#t2755w0,2026,8
2022-06-03#t7662w0,2022,8
2020-12-11#t754w8,2020,8
2022-12-16#t10768w0,2022,8
2024-05-08#t16351w0,2024,8
2019-12-13#t3230w5,2019,8
2021-06-10#t3632w4,2021,8
2023-03-29#t11250w2,2023,8
2019-05-28#t2063w1,2019,8
2018-11-22#t649w1,2018,8
2021-12-09#t5456w0,2021,8
2019-12-12#t385w3,2019,8
2022-03-30#t6353w4,2022,8
2018-10-31#t330w0,2018,8
2023-05-17#t11995w0,2023,8
2025-06-06#t3398w0,2025,8
2025-03-21#t1202w0,2025,8
2019-11-28#t2850w2,2019,8
2021-06-02#t3151w7,2021,8
2025-05-30#t2991w0,2025,8
2019-11-26#t2702w1,2019,8
2021-06-08#t3450w0,2021,8
2022-10-05#t8167w0,2022,8
2021-11-04#t4107w0,2021,8
2020-12-17#t1178w0,2020,8
2024-03-26#t15830w8,2024,8
2021-05-18#t2589w0,2021,8
2018-11-01#t454w0,2018,8
2018-11-28#t974w6,2018,8
2020-12-16#t885w0,2020,8
2020-03-17#t3986w0,2020,8
2023-05-11#t11735w0,2023,8
2022-05-31#t7355w12,2022,8
2025-05-07#t1748w0,2025,8
2023-03-29#t11183w0,2023,7
2022-06-02#t7573w3,2022,7
2019-11-27#t153w0,2019,7
2020-12-08#t431w0,2020,7
2021-06-02#t3081w0,2021,7
2021-05-20#t2775w0,2021,7
2026-05-14#t3122w0,2026,7
2025-03-19#t1134w7,2025,7
2021-12-07#t5235w0,2021,7
2021-12-02#t5035w0,2021,7
2025-05-14#t2268w4,2025,7
2020-12-09#t458w0,2020,7
2023-03-30#t11351w4,2023,7
2022-05-18#t7067w0,2022,7
2022-06-07#t7702w0,2022,7
2022-10-05#t8164w0,2022,7
2022-05-31#t7314w0,2022,7
2019-05-07#t1355w0,2019,7
2025-11-07#t873w0,2025,7
2022-03-31#t6465w0,2022,7
2023-05-16#t11875w0,2023,7
2023-12-12#t15339w0,2023,7
2022-11-25#t9878w0,2022,7
2021-12-01#t4927w3,2021,7
2023-11-23#t14332w2,2023,7
2025-03-19#t975w0,2025,7
2019-12-17#t3304w0,2019,7
2025-10-29#t397w5,2025,7
2022-11-24#t9843w2,2022,7
2018-10-31#t336w0,2018,7
2023-11-28#t14475w0,2023,7
2021-03-23#t1712w1,2021,7
2018-11-21#t555w0,2018,7
2022-12-13#t10523w5,2022,7
2023-12-08#t15246w0,2023,7
2022-11-24#t9755w0,2022,7
2024-12-13#t868w0,2024,7
2024-03-27#t15903w0,2024,7
2025-05-14#t2215w0,2025,7
2024-11-26#t303w4,2024,7
2021-11-10#t4375w0,2021,7
2022-12-06#t10035w1,2022,7
2022-06-02#t7495w0,2022,7
2020-12-08#t434w5,2020,7
2023-06-15#t12941w3,2023,7
2022-05-19#t7210w6,2022,7
2018-11-28#t949w4,2018,7
2021-12-10#t5594w0,2021,7
2020-06-17#t4676w0,2020,7
2022-06-01#t7362w0,2022,7
2021-03-24#t1750w0,2021,7
2021-03-24#t1774w0,2021,7
2023-03-24#t11013w3,2023,7
2022-03-29#t6259w10,2022,7
2020-03-13#t3905w0,2020,7
2025-06-06#t3379w0,2025,7
2025-05-27#t2657w0,2025,7
2021-03-25#t1957w3,2021,7
2024-06-07#t17741w0,2024,7
2023-12-05#t14922w0,2023,7
2021-06-08#t3462w2,2021,7
2025-05-09#t1973w0,2025,7
2024-11-22#t158w0,2024,7
2019-11-26#t2642w0,2019,7
2021-11-02#t3833w0,2021,7
2022-12-08#t10344w1,2022,7
2021-06-03#t3294w0,2021,7
2021-05-11#t2086w1,2021,7
2021-11-23#t4528w0,2021,7
2023-11-28#t14495w0,2023,7
2022-11-23#t9683w0,2022,7
2021-11-03#t3975w0,2021,7
2022-06-09#t7903w0,2022,7
2023-06-06#t12317w0,2023,7
2023-12-13#t15472w0,2023,7
2023-05-17#t12027w0,2023,7
2022-06-02#t7514w0,2022,7
2023-05-11#t11760w3,2023,7
2022-05-10#t6520w0,2022,7
2021-05-14#t2434w0,2021,7
2022-05-18#t7063w0,2022,7
2022-03-23#t6029w0,2022,7
2021-12-16#t5872w3,2021,7
2023-11-03#t13975w0,2023,7
2022-03-29#t6259w2,2022,7
2023-12-13#t15483w0,2023,7
2021-12-09#t5551w2,2021,7
2019-12-11#t3107w2,2019,7
2025-12-04#t1542w2,2025,7
2025-06-05#t3333w3,2025,7
2025-03-19#t1086w2,2025,7
2023-05-16#t11898w0,2023,7
2024-05-09#t16433w0,2024,7
2024-05-29#t17111w1,2024,7
2023-05-11#t11755w4,2023,7
2025-05-15#t2406w1,2025,7
2025-11-18#t964w0,2025,7
2022-11-02#t8991w13,2022,7
2019-12-17#t3276w0,2019,7
2025-11-19#t1050w0,2025,7
2018-10-30#t228w0,2018,7
2021-05-21#t2926w2,2021,7
2021-05-19#t2660w5,2021,7
2019-12-12#t297w0,2019,7
2020-12-17#t1166w3,2020,7
2025-12-11#t1916w5,2025,7
2018-11-23#t710w0,2018,7
2019-03-22#t1247w0,2019,7
2025-05-29#t2868w0,2025,7
2025-12-11#t1827w0,2025,7
2021-11-26#t4751w0,2021,7
2019-12-13#t3142w0,2019,7
2023-10-24#t13339w16,2023,7
2018-11-28#t942w0,2018,7
2021-03-23#t1708w14,2021,7
2021-11-04#t4104w2,2021,7
2019-05-07#t1367w0,2019,7
2022-12-15#t10694w3,2022,7
2022-06-07#t7724w0,2022,7
2025-10-24#t126w0,2025,7
2024-11-28#t477w0,2024,7
2024-05-31#t17351w0,2024,7
2019-12-17#t3257w0,2019,7
2023-05-10#t11562w0,2023,7
2022-11-17#t9475w7,2022,7
2022-10-28#t8758w2,2022,7
2019-05-14#t1692w0,2019,7
2022-12-08#t10350w0,2022,7
2022-12-16#t10780w0,2022,7
2022-11-23#t9694w0,2022,7
2022-11-03#t9081w0,2022,7
2020-11-20#t246w0,2020,7
2021-05-13#t2364w0,2021,7
2023-06-08#t12478w0,2023,7
2026-03-26#t2496w0,2026,7
2021-11-02#t3816w0,2021,7
2019-12-17#t3296w0,2019,7
2025-12-03#t1448w2,2025,7
2020-11-20#t207w0,2020,7
2021-12-08#t5335w0,2021,7
2021-05-12#t2137w0,2021,7
2026-03-20#t2236w4,2026,7
2021-03-23#t1670w0,2021,7
2021-05-12#t2154w0,2021,7
2019-11-28#t2804w0,2019,7
2022-12-14#t10570w0,2022,7
2018-12-12#t1161w0,2018,7
2023-05-11#t11722w0,2023,7
2023-05-17#t12037w11,2023,7
2021-06-03#t3226w0,2021,7
2023-05-19#t12229w0,2023,7
2023-11-22#t14176w0,2023,7
2022-11-02#t8937w0,2022,7
2025-06-03#t3131w0,2025,7
2023-12-12#t15380w5,2023,7
2019-12-20#t3614w0,2019,7
2026-05-14#t3169w1,2026,7
2023-05-11#t11777w0,2023,7
2024-05-30#t17183w0,2024,7
2019-11-22#t2517w0,2019,7
2024-12-12#t814w0,2024,7
2024-05-29#t17068w0,2024,7
2026-03-25#t2452w0,2026,7
2019-12-18#t3453w0,2019,7
2023-12-08#t15239w0,2023,7
2023-12-01#t14807w0,2023,7
2022-10-06#t8333w1,2022,7
2020-06-17#t4617w0,2020,7
2023-11-01#t13681w0,2023,7
2025-05-14#t2243w8,2025,7
2019-03-21#t1199w13,2019,7
2019-12-12#t342w4,2019,7
2021-03-19#t1611w1,2021,7
2025-05-15#t2441w1,2025,7
2019-05-28#t1928w0,2019,7
2022-12-06#t10011w0,2022,7
2021-03-19#t1548w0,2021,7
2023-11-03#t14019w0,2023,7
2020-11-17#t34w2,2020,7
2020-12-09#t473w0,2020,7
2025-05-29#t2845w0,2025,7
2022-06-08#t7769w0,2022,7
2018-11-28#t942w1,2018,7
2022-11-02#t8909w0,2022,7
2026-05-14#t3167w3,2026,7
2022-11-01#t8777w0,2022,7
2021-05-13#t2346w4,2021,7
2025-10-22#t90w0,2025,7
2025-05-29#t2842w0,2025,7
2026-03-24#t2272w0,2026,7
2025-11-07#t895w0,2025,7
2024-03-22#t15695w4,2024,7
2025-05-13#t2102w2,2025,7
2021-05-14#t2472w4,2021,7
2023-06-13#t12686w0,2023,7
2019-05-14#t1652w0,2019,7
2023-03-28#t11097w0,2023,7
2023-06-13#t12698w0,2023,7
2025-05-29#t2854w0,2025,7
2022-11-01#t8813w0,2022,7
2019-11-26#t2587w0,2019,7
2021-03-25#t1940w3,2021,7
2026-03-20#t2176w0,2026,7
2022-11-02#t8908w0,2022,7
2023-12-07#t15208w0,2023,7
2025-10-29#t306w0,2025,7
2019-12-11#t3019w0,2019,7
2022-11-17#t9370w0,2022,7
2024-06-05#t17461w0,2024,7
2021-12-16#t5902w0,2021,7
2021-06-11#t3732w0,2021,7
2023-05-17#t12004w4,2023,7
2026-03-25#t2366w0,2026,7
2025-11-07#t880w0,2025,7
2021-12-01#t4893w0,2021,7
2025-03-27#t1566w0,2025,7
2018-11-28#t925w0,2018,7
2023-05-18#t12154w5,2023,7
2025-05-27#t2662w1,2025,7
2023-06-07#t12440w0,2023,7
2022-03-24#t6069w3,2022,7
2021-12-03#t5143w3,2021,7
2026-05-14#t3128w0,2026,7
2018-10-26#t195w7,2018,7
2022-05-10#t6539w0,2022,7
2024-06-06#t17574w0,2024,7
2018-10-31#t384w15,2018,7
2024-03-27#t15983w3,2024,7
2022-06-08#t7763w0,2022,7
2018-11-21#t576w0,2018,7
2022-12-15#t10702w2,2022,7
2023-06-08#t12495w0,2023,7
2025-12-10#t1751w0,2025,7
2021-03-25#t1925w1,2021,7
2025-12-04#t1536w5,2025,7
2025-05-13#t2077w0,2025,7
2022-12-14#t10533w0,2022,7
2021-03-19#t1613w2,2021,7
2022-12-13#t10445w0,2022,7
2023-10-24#t13294w0,2023,7
2022-12-16#t10798w0,2022,7
2022-03-30#t6349w11,2022,7
2022-05-12#t6759w0,2022,7
2023-12-06#t15082w2,2023,7
2018-10-26#t198w1,2018,7
2019-12-19#t3556w4,2019,7
2022-11-23#t9678w0,2022,7
2023-05-17#t12003w4,2023,7
2019-11-26#t2700w7,2019,7
2021-11-02#t3829w0,2021,7
2022-11-24#t9781w1,2022,7
2020-06-11#t4492w0,2020,7
2026-05-08#t2928w0,2026,7
2025-05-15#t2432w0,2025,7
2019-11-27#t228w1,2019,7
2022-11-24#t9828w2,2022,7
2019-12-19#t3498w0,2019,7
2025-03-25#t1383w2,2025,7
2023-10-25#t13454w6,2023,7
2025-10-28#t300w0,2025,7
2024-05-17#t16950w4,2024,7
2019-05-16#t1835w6,2019,7
2023-11-02#t13879w2,2023,7
2021-05-13#t2269w0,2021,7
2024-05-28#t17043w4,2024,7
2026-03-24#t2265w0,2026,7
2023-06-15#t12947w1,2023,7
2022-05-12#t6789w0,2022,7
2025-06-04#t3200w0,2025,7
2024-05-09#t16417w0,2024,7
2024-11-28#t523w2,2024,7
2024-12-13#t929w0,2024,7
2023-03-30#t11417w3,2023,7
2022-05-11#t6644w0,2022,7
2022-11-16#t9339w3,2022,7
2023-03-28#t11080w0,2023,7
2024-05-17#t16867w0,2024,7
2022-03-30#t6349w0,2022,7
2023-10-24#t13340w11,2023,7
2024-05-28#t16967w0,2024,7
2018-12-12#t1177w2,2018,7
2024-11-20#t52w0,2024,7
2020-03-11#t3732w0,2020,7
2020-12-09#t570w0,2020,7
2020-06-10#t4377w0,2020,7
2019-11-28#t2746w0,2019,7
2023-11-01#t13751w0,2023,7
2021-12-09#t5505w0,2021,7
2022-11-24#t9843w4,2022,7
2021-11-23#t4519w0,2021,7
2021-03-23#t1715w13,2021,7
2022-10-28#t8758w7,2022,7
2022-10-28#t8767w1,2022,7
2019-05-28#t1963w0,2019,7
2019-12-17#t3330w0,2019,7
2025-10-22#t102w5,2025,7
2026-05-07#t2853w1,2026,7
2022-12-14#t10569w0,2022,7
2024-12-11#t688w0,2024,7
2023-03-28#t11055w0,2023,7
2021-12-17#t5958w0,2021,7
2023-03-23#t10941w0,2023,7
2018-11-01#t461w6,2018,7
2024-05-09#t16459w2,2024,7
2019-12-12#t398w0,2019,7
2025-12-04#t1554w1,2025,7
2025-05-07#t1758w0,2025,7
2023-05-18#t12159w5,2023,7
2022-12-15#t10694w5,2022,7
2022-12-13#t10509w1,2022,7
2023-06-07#t12408w0,2023,7
2019-11-29#t2861w24,2019,7
2021-12-09#t5528w1,2021,7
2021-05-12#t2147w0,2021,7
2021-02-12#t1406w0,2021,7
2023-05-18#t12113w0,2023,7
2023-03-30#t11316w0,2023,7
2024-06-05#t17510w0,2024,7
2021-05-20#t2778w0,2021,7
2021-03-19#t1613w1,2021,7
2021-05-14#t2427w0,2021,7
2021-05-14#t2390w0,2021,7
2025-11-06#t784w0,2025,7
2022-10-05#t8165w0,2022,7
2025-03-19#t1075w4,2025,7
2021-12-03#t5078w0,2021,7
2018-11-21#t577w0,2018,7
2023-12-06#t15053w1,2023,7
2021-03-17#t1462w0,2021,7
2023-12-08#t15241w0,2023,7
2019-05-28#t1952w0,2019,7
2023-10-24#t13338w3,2023,7
2022-12-14#t10572w0,2022,7
2026-03-20#t2216w5,2026,7
2023-03-28#t11152w13,2023,7
2019-05-31#t2262w0,2019,7
2024-06-05#t17451w0,2024,7
2022-12-08#t10316w0,2022,7
2019-11-26#t2690w7,2019,7
2023-05-19#t12285w0,2023,7
2023-10-20#t13200w0,2023,7
2023-11-30#t14749w3,2023,7
2021-06-02#t3100w0,2021,7
2025-12-04#t1536w3,2025,7
2024-05-31#t17288w0,2024,7
2020-12-17#t1081w0,2020,7
2023-10-24#t13342w3,2023,7
2023-11-22#t14203w1,2023,7
2022-10-28#t8758w8,2022,7
2018-12-12#t1118w0,2018,7
2021-11-05#t4134w0,2021,7
2020-03-12#t3846w6,2020,7
2025-10-28#t246w0,2025,7
2020-11-18#t58w0,2020,7
2020-06-16#t4533w0,2020,7
2019-12-18#t3454w0,2019,7
2022-10-05#t8186w0,2022,7
2021-03-17#t1492w1,2021,7
2025-11-04#t586w0,2025,7
2022-10-28#t8732w0,2022,7
2025-05-27#t2661w0,2025,7
2021-05-19#t2690w0,2021,7
2019-05-16#t1847w0,2019,7
2023-11-22#t14163w0,2023,7
2024-05-28#t17036w6,2024,7
2024-03-27#t15966w7,2024,7
2022-05-11#t6660w1,2022,7
2021-06-02#t3159w1,2021,7
2024-05-07#t16136w0,2024,7
2018-10-30#t288w11,2018,7
2023-11-22#t14179w0,2023,7
2021-05-21#t2911w1,2021,7
2021-05-20#t2816w2,2021,7
2024-05-14#t16588w0,2024,7
2021-05-11#t2045w0,2021,7
2019-05-14#t1645w0,2019,7
2020-12-08#t355w0,2020,7
2024-03-20#t15578w0,2024,7
2018-10-30#t249w0,2018,7
2022-10-26#t8667w0,2022,7
2021-06-08#t3417w0,2021,7
2022-05-20#t7241w0,2022,7
2021-06-01#t2991w0,2021,7
2019-03-22#t1314w11,2019,7
2021-05-12#t2142w0,2021,7
2024-11-20#t62w0,2024,7
2024-03-27#t15981w1,2024,7
2023-03-29#t11236w3,2023,7
2023-05-10#t11670w0,2023,7
2022-06-07#t7738w0,2022,7
2021-12-07#t5299w8,2021,7
2022-05-12#t6871w2,2022,7
2026-05-08#t2913w0,2026,7
2021-03-24#t1821w7,2021,7
2019-12-19#t3564w0,2019,7
2021-11-04#t4058w0,2021,7
2022-03-30#t6349w15,2022,7
2023-03-24#t11008w0,2023,7
2021-06-02#t3168w5,2021,7
2019-12-12#t299w0,2019,7
2022-11-24#t9836w2,2022,7
2020-06-17#t4697w0,2020,7
2025-10-24#t172w1,2025,7
2021-05-19#t2690w7,2021,7
2024-06-04#t17386w0,2024,7
2019-05-28#t2053w0,2019,7
2021-11-12#t4405w0,2021,7
2024-03-28#t16079w1,2024,7
2022-10-04#t8085w0,2022,7
2021-12-16#t5848w0,2021,7
2020-06-10#t4373w0,2020,7
2023-11-30#t14741w5,2023,7
2022-06-01#t7385w0,2022,7
2021-05-19#t2723w2,2021,7
2023-11-22#t14203w0,2023,7
2021-12-02#t5026w2,2021,7
2025-05-07#t1767w0,2025,7
2022-06-08#t7749w0,2022,7
2021-06-01#t3039w1,2021,7
2018-10-26#t146w0,2018,7
2024-06-06#t17558w0,2024,7
2025-10-28#t280w1,2025,7
2024-05-10#t16493w0,2024,7
2025-12-02#t1326w0,2025,7
2021-12-03#t5125w0,2021,7
2022-05-12#t6825w1,2022,7
2022-10-07#t8413w0,2022,7
2022-11-03#t9083w2,2022,7
2024-03-22#t15631w0,2024,7
2019-05-14#t1726w0,2019,7
2025-12-05#t1584w0,2025,7
2022-10-28#t8712w0,2022,7
2024-03-27#t15973w3,2024,7
2024-05-17#t16944w1,2024,7
2019-03-21#t1199w8,2019,7
2023-05-10#t11557w0,2023,7
2022-10-06#t8348w0,2022,7
2019-03-22#t1309w7,2019,7
2019-05-16#t1850w3,2019,7
2026-05-08#t2955w0,2026,7
2022-11-02#t8910w0,2022,7
2025-05-28#t2778w0,2025,7
2018-11-20#t550w1,2018,7
2025-05-13#t2141w0,2025,7
2018-11-01#t504w2,2018,7
2021-03-25#t1915w4,2021,7
2022-05-31#t7355w10,2022,7
2023-11-03#t14013w3,2023,7
2022-10-28#t8759w2,2022,7
2025-05-09#t2011w4,2025,7
2023-03-24#t11034w0,2023,7
2019-05-07#t1338w0,2019,7
2022-11-01#t8867w12,2022,7
2019-11-28#t2850w3,2019,7
2018-11-01#t504w4,2018,7
2020-06-09#t4286w0,2020,7
2022-11-24#t9828w1,2022,7
2023-11-03#t13987w0,2023,7
2023-05-16#t11885w0,2023,7
2021-06-01#t3041w3,2021,7
2021-03-19#t1589w0,2021,7
2023-05-17#t12037w10,2023,7
2020-11-18#t100w0,2020,7
2023-12-06#t15005w0,2023,7
2022-11-25#t9869w0,2022,7
2023-05-11#t11775w4,2023,7
2022-05-31#t7332w0,2022,7
2025-06-05#t3269w0,2025,7
2021-12-02#t5031w8,2021,7
2022-03-24#t6068w1,2022,7
2019-12-20#t3580w0,2019,7
2022-10-11#t8473w0,2022,7
2021-05-12#t2171w0,2021,7
2021-05-12#t2226w2,2021,7
2023-11-23#t14320w1,2023,7
2025-06-05#t3344w0,2025,7
2021-05-13#t2255w0,2021,7
2024-05-09#t16428w0,2024,7
2024-11-29#t546w14,2024,7
2020-05-26#t4106w0,2020,7
2024-11-27#t437w6,2024,7
2018-11-28#t903w0,2018,7
2024-05-08#t16308w0,2024,7
2021-05-14#t2415w0,2021,7
2024-05-09#t16374w0,2024,7
2022-12-13#t10459w0,2022,7
2021-06-10#t3632w1,2021,7
2026-05-08#t2887w0,2026,7
2025-12-04#t1505w0,2025,7
2023-05-09#t11458w0,2023,7
2019-11-28#t2731w0,2019,7
2024-11-27#t401w0,2024,7
2024-11-28#t447w0,2024,7
2021-11-03#t3877w0,2021,7
2021-12-03#t5099w0,2021,7
2023-03-22#t10876w0,2023,7
2022-10-05#t8220w0,2022,7
2018-10-31#t391w2,2018,7
2021-06-04#t3356w0,2021,7
2024-05-29#t17137w7,2024,7
2021-12-15#t5772w0,2021,7
2025-05-06#t1714w1,2025,7
2022-05-12#t6829w2,2022,7
2022-12-15#t10688w0,2022,7
2019-11-22#t2513w0,2019,7
2019-12-19#t3481w0,2019,7
2020-12-08#t411w1,2020,7
2024-11-28#t485w0,2024,7
2023-12-05#t14906w0,2023,7
2020-12-10#t681w0,2020,7
2023-05-11#t11765w0,2023,7
2023-05-18#t12175w1,2023,7
2021-11-24#t4583w0,2021,7
2022-11-01#t8797w0,2022,7
2025-12-12#t2003w0,2025,7
2024-03-27#t15979w5,2024,7
2025-12-05#t1619w0,2025,7
2021-12-09#t5549w1,2021,7
2022-06-10#t8029w2,2022,7
2022-11-25#t9929w8,2022,7
2022-05-10#t6579w1,2022,7
2018-11-01#t463w8,2018,7
2022-11-01#t8840w0,2022,7
2021-05-13#t2369w1,2021,7
2020-12-10#t607w0,2020,7
2025-11-21#t1244w0,2025,7
2023-06-14#t12772w0,2023,7
2019-12-11#t3120w3,2019,7
2023-12-06#t15063w0,2023,7
2023-12-06#t15076w0,2023,7
2018-10-24#t83w0,2018,7
2022-12-08#t10370w2,2022,7
2021-06-02#t3159w3,2021,7
2021-12-03#t5154w3,2021,7
2026-03-24#t2319w1,2026,7
2023-11-21#t14105w16,2023,7
2019-11-26#t2694w5,2019,7
2023-03-24#t11043w1,2023,7
2024-03-27#t15943w1,2024,7
2021-12-03#t5160w3,2021,7
2020-03-11#t3796w0,2020,7
2025-11-19#t1075w0,2025,7
2020-12-10#t680w0,2020,7
2022-11-25#t9916w0,2022,7
2020-06-18#t4809w0,2020,7
2024-03-28#t16089w3,2024,7
2024-05-28#t17041w1,2024,7
2020-11-18#t119w0,2020,7
2021-05-18#t2593w0,2021,7
2023-05-17#t12043w6,2023,7
2023-03-24#t11015w8,2023,7
2026-05-06#t2707w1,2026,7
2022-05-11#t6624w0,2022,7
2021-11-05#t4179w0,2021,7
2023-05-10#t11642w1,2023,7
2021-06-03#t3249w1,2021,7
2018-11-01#t450w0,2018,7
2019-11-27#t251w0,2019,7
2023-06-08#t12531w4,2023,7
2021-03-24#t1832w1,2021,7
2021-03-23#t1657w0,2021,7
2023-12-05#t14946w3,2023,7
2018-10-26#t195w5,2018,7
2022-05-31#t7350w1,2022,7
2023-05-17#t12008w1,2023,7
2019-03-22#t1244w0,2019,7
2025-11-05#t642w0,2025,7
2022-11-17#t9428w0,2022,7
2023-10-20#t13245w4,2023,7
2022-05-10#t6528w0,2022,7
2022-05-17#t6997w0,2022,7
2022-03-25#t6130w0,2022,7
2024-12-13#t880w0,2024,7
2018-11-01#t487w1,2018,7
2019-12-17#t3372w4,2019,7
2021-03-24#t1824w2,2021,7
2018-10-31#t384w2,2018,7
2023-06-09#t12618w0,2023,7
2022-12-08#t10347w0,2022,7
2023-06-14#t12783w0,2023,7
2022-05-11#t6616w0,2022,7
2024-05-08#t16240w0,2024,7
2021-12-09#t5549w9,2021,7
2022-05-11#t6639w0,2022,7
2022-06-02#t7577w0,2022,7
2023-10-25#t13458w0,2023,7
2022-05-10#t6538w0,2022,7
2022-12-13#t10512w5,2022,7
2022-12-06#t10071w4,2022,7
2023-10-26#t13565w4,2023,7
2023-06-13#t12731w0,2023,7
2022-12-06#t10051w0,2022,7
2022-06-09#t7902w0,2022,7
2021-12-03#t5116w0,2021,7
2022-12-15#t10653w0,2022,7
2022-06-01#t7452w0,2022,7
2019-11-20#t2427w0,2019,7
2021-11-04#t4079w0,2021,7
2021-03-25#t1900w0,2021,7
2022-03-23#t6048w0,2022,7
2024-05-08#t16358w2,2024,7
2022-10-06#t8303w0,2022,7
2023-05-12#t11811w0,2023,7
2025-11-19#t1062w0,2025,7
2022-11-17#t9406w0,2022,7
2019-11-28#t2832w8,2019,7
2022-11-01#t8869w1,2022,7
2025-06-04#t3194w0,2025,7
2019-11-21#t2460w9,2019,7
2020-06-17#t4637w0,2020,7
2021-05-11#t2110w0,2021,7
2023-11-23#t14336w0,2023,7
2025-11-07#t886w0,2025,7
2026-03-26#t2552w0,2026,7
2023-11-01#t13687w0,2023,7
2022-06-02#t7595w2,2022,7
2018-10-26#t193w0,2018,7
2018-11-27#t847w18,2018,7
2020-05-26#t4088w0,2020,7
2018-10-31#t386w2,2018,7
2019-11-27#t213w0,2019,7
2025-03-27#t1525w0,2025,7
2021-11-23#t4499w0,2021,7
2018-10-24#t71w0,2018,7
2020-12-08#t428w5,2020,7
2023-06-16#t13003w0,2023,7
2023-10-20#t13255w0,2023,7
2023-05-17#t11933w0,2023,7
2018-11-01#t467w17,2018,7
2020-12-18#t1295w0,2020,7
2022-06-02#t7578w0,2022,7
2022-06-02#t7548w1,2022,7
2019-05-16#t1848w3,2019,7
2022-11-25#t9929w12,2022,7
2022-06-08#t7831w2,2022,7
2024-05-17#t16931w0,2024,7
2025-12-03#t1408w0,2025,7
2022-10-28#t8687w0,2022,7
2023-12-07#t15215w0,2023,7
2020-06-16#t4556w0,2020,7
2024-05-29#t17071w0,2024,7
2023-11-21#t14105w10,2023,7
2024-05-28#t16986w0,2024,7
2019-11-28#t2832w9,2019,7
2020-06-10#t4339w0,2020,7
2020-12-08#t336w0,2020,7
2024-03-27#t15942w0,2024,7
2024-05-08#t16265w0,2024,7
2022-06-08#t7751w0,2022,7
2022-11-03#t9106w2,2022,7
2022-05-19#t7198w2,2022,7
2022-05-11#t6685w0,2022,7
2019-12-20#t3640w0,2019,7
2022-11-18#t9505w0,2022,7
2022-12-08#t10275w0,2022,7
2024-05-28#t17041w3,2024,7
2022-12-15#t10722w5,2022,7
2022-11-17#t9460w1,2022,7
2026-03-25#t2424w0,2026,7
2018-10-30#t247w0,2018,7
2025-12-11#t1841w0,2025,7
2021-03-24#t1806w0,2021,7
2022-12-15#t10695w2,2022,7
2026-03-24#t2318w10,2026,7
2019-12-10#t2965w0,2019,7
2019-03-19#t5w1,2019,7
2026-05-05#t2608w0,2026,7
2024-05-10#t16477w0,2024,7
2024-11-27#t441w1,2024,7
2023-10-24#t13338w18,2023,7
2019-05-16#t1828w0,2019,7
2024-05-09#t16454w0,2024,7
2021-05-21#t2929w0,2021,7
2021-12-14#t5706w0,2021,7
2021-03-19#t1605w4,2021,7
2021-11-10#t4339w0,2021,7
2023-06-06#t12330w0,2023,7
2023-10-26#t13473w0,2023,7
2025-05-16#t2532w0,2025,7
2021-11-30#t4810w0,2021,7
2025-03-21#t1231w0,2025,7
2021-06-02#t3174w3,2021,7
2020-03-13#t3890w0,2020,7
2019-12-11#t2995w0,2019,7
2020-06-16#t4526w0,2020,7
2025-03-25#t1299w0,2025,7
2018-11-01#t508w1,2018,7
2018-11-23#t688w0,2018,7
2022-03-30#t6353w11,2022,7
2022-05-19#t7197w3,2022,7
2022-11-17#t9436w1,2022,7
2021-06-02#t3102w0,2021,7
2025-12-03#t1407w0,2025,7
2021-06-03#t3216w0,2021,7
2024-11-27#t442w2,2024,7
2025-03-26#t1511w5,2025,7
2023-12-05#t14933w1,2023,7
2022-12-08#t10344w7,2022,7
2022-03-25#t6111w0,2022,7
2019-11-27#t139w0,2019,7
2023-11-30#t14720w4,2023,7
2021-12-03#t5160w7,2021,7
2024-11-27#t414w3,2024,7
2024-11-26#t256w0,2024,7
2023-03-24#t11046w14,2023,7
2022-05-19#t7207w0,2022,7
2021-11-10#t4381w0,2021,7
2018-10-31#t373w15,2018,7
2022-05-17#t6993w0,2022,7
2024-11-27#t441w9,2024,7
2019-03-22#t1227w0,2019,7
2023-11-30#t14691w0,2023,7
2020-06-11#t4492w1,2020,7
2023-05-17#t11980w0,2023,7
2024-06-07#t17768w0,2024,7
2020-11-18#t66w0,2020,7
2024-11-22#t220w0,2024,7
2019-05-07#t1421w0,2019,7
2019-12-17#t3343w3,2019,7
2022-06-02#t7489w0,2022,7
2022-11-03#t9096w2,2022,7
2026-03-20#t2217w1,2026,7
2021-11-09#t4253w0,2021,7
2024-12-12#t813w5,2024,7
2022-11-24#t9849w0,2022,7
2020-06-16#t4597w0,2020,7
2019-11-28#t2824w3,2019,7
2023-12-08#t15218w1,2023,7
2018-11-27#t849w4,2018,7
2022-05-10#t6570w2,2022,7
2023-12-06#t15075w9,2023,7
2021-06-01#t3003w0,2021,7
2022-11-01#t8811w0,2022,7
2021-12-02#t5036w2,2021,7
2022-03-31#t6429w1,2022,7
2023-11-21#t14111w0,2023,7
2019-11-22#t2564w12,2019,7
2024-05-28#t17032w10,2024,7
2025-12-02#t1310w0,2025,7
2021-11-03#t3936w0,2021,7
2021-06-10#t3546w0,2021,7
2019-12-20#t3611w0,2019,7
2023-03-22#t10871w0,2023,7
2022-05-10#t6574w3,2022,7
2021-03-17#t1473w0,2021,7
2022-10-28#t8765w2,2022,7
2019-12-19#t3513w0,2019,7
2023-11-22#t14134w0,2023,7
2024-05-15#t16722w0,2024,7
2022-12-13#t10524w5,2022,7
2023-11-02#t13868w6,2023,7
2024-05-09#t16425w0,2024,7
2024-03-27#t15945w0,2024,7
2021-12-17#t5977w1,2021,7
2021-12-07#t5188w0,2021,7
2020-12-18#t1217w0,2020,7
2022-06-01#t7360w0,2022,7
2022-12-07#t10093w0,2022,7
2020-12-08#t426w0,2020,7
2019-11-22#t2576w1,2019,7
2019-12-18#t3447w0,2019,7
2020-12-11#t731w0,2020,7
2022-06-08#t7786w0,2022,7
2020-06-17#t4609w0,2020,7
2023-12-07#t15148w0,2023,7
2022-06-07#t7714w0,2022,7
2020-11-19#t146w10,2020,7
2022-11-16#t9244w0,2022,7
2021-11-25#t4725w0,2021,7
2024-03-28#t16090w0,2024,7
2022-06-02#t7595w0,2022,7
2025-06-03#t3077w0,2025,7
2025-05-14#t2237w5,2025,7
2025-05-15#t2443w1,2025,7
2025-06-04#t3209w0,2025,7
2021-06-01#t3038w11,2021,7
2021-05-21#t2926w1,2021,7
2024-05-10#t16507w0,2024,7
2026-05-06#t2722w0,2026,7
2024-05-28#t17031w0,2024,7
2023-10-26#t13493w0,2023,7
2020-05-27#t4122w0,2020,7
2025-11-21#t1252w0,2025,7
2022-05-19#t7198w3,2022,7
2019-11-28#t2709w0,2019,7
2021-03-17#t1497w0,2021,7
2022-06-10#t7936w1,2022,7
2021-06-03#t3292w6,2021,7
2021-05-13#t2294w0,2021,7
2024-05-17#t16949w0,2024,7
2024-11-26#t321w0,2024,7
2025-12-11#t1916w7,2025,7
2024-05-28#t16976w0,2024,7
2022-06-03#t7627w0,2022,7
2021-05-19#t2612w0,2021,7
2022-12-15#t10694w6,2022,7
2023-12-12#t15382w2,2023,7
2020-12-09#t468w0,2020,7
2022-05-20#t7250w0,2022,7
2025-11-06#t779w0,2025,7
2022-12-06#t9983w0,2022,7
2026-03-18#t2075w0,2026,7
2021-03-23#t1660w0,2021,7
2019-11-27#t179w0,2019,7
2022-12-15#t10703w6,2022,7
2022-12-16#t10790w0,2022,7
2024-03-27#t15948w9,2024,7
2023-05-10#t11641w5,2023,7
2022-05-11#t6662w3,2022,7
2024-12-12#t794w0,2024,7
2023-10-25#t13386w0,2023,7
2023-06-14#t12798w0,2023,7
2021-05-13#t2315w1,2021,7
2021-11-12#t4427w0,2021,7
2024-03-22#t15716w11,2024,7
2022-12-13#t10509w5,2022,7
2022-06-03#t7644w0,2022,7
2025-05-30#t2964w0,2025,7
2023-06-06#t12353w0,2023,7
2025-05-16#t2550w3,2025,7
2024-12-13#t872w0,2024,7
2021-11-04#t4011w0,2021,7
2024-12-13#t934w0,2024,7
2018-11-23#t739w1,2018,7
2021-12-02#t4984w0,2021,7
2020-05-26#t4047w0,2020,7
2021-11-26#t4736w0,2021,7
2026-05-14#t3129w0,2026,7
2022-11-22#t9654w1,2022,7
2021-12-17#t5938w0,2021,7
2025-11-04#t566w0,2025,7
2023-10-19#t13174w1,2023,7
2022-05-11#t6671w1,2022,7
2022-12-06#t10029w1,2022,7
2022-12-14#t10551w0,2022,7
2026-03-24#t2279w0,2026,7
2019-03-22#t1309w11,2019,7
2025-06-06#t3425w0,2025,7
2018-11-28#t974w13,2018,7
2025-11-20#t1131w0,2025,7
2021-05-18#t2516w0,2021,7
2025-05-13#t2134w8,2025,7
2022-06-09#t7911w0,2022,7
2023-03-24#t10961w0,2023,7
2022-05-19#t7114w0,2022,7
2023-03-30#t11286w0,2023,7
2021-06-11#t3742w0,2021,7
2019-12-19#t3489w0,2019,7
2022-12-06#t10070w5,2022,7
2019-05-28#t2000w0,2019,7
2023-05-18#t12135w1,2023,7
2022-05-10#t6562w0,2022,7
2024-06-06#t17572w0,2024,7
2021-12-16#t5894w1,2021,7
2023-03-30#t11365w8,2023,7
2023-12-05#t14937w1,2023,7
2021-12-02#t5019w0,2021,7
2023-03-29#t11270w7,2023,7
2025-10-31#t540w4,2025,7
2026-03-18#t2060w0,2026,7
2018-10-31#t386w15,2018,7
2025-10-24#t175w2,2025,7
2023-03-29#t11181w0,2023,7
2023-10-20#t13251w5,2023,7
2018-11-28#t914w0,2018,7
2020-12-16#t903w0,2020,7
2023-03-29#t11245w14,2023,7
2025-06-03#t3094w0,2025,7
2021-05-12#t2236w0,2021,7
2025-05-14#t2268w1,2025,7
2022-03-25#t6119w0,2022,7
2022-10-28#t8723w0,2022,7
2023-03-28#t11142w3,2023,7
2023-05-18#t12086w0,2023,7
2022-12-15#t10708w1,2022,7
2023-12-05#t14937w3,2023,7
2019-05-31#t2167w0,2019,7
2021-12-02#t4975w0,2021,7
2022-05-11#t6607w0,2022,7
2021-11-23#t4523w0,2021,7
2021-11-04#t4107w3,2021,7
2019-12-20#t3664w1,2019,7
2020-06-11#t4510w2,2020,7
2021-06-10#t3667w2,2021,7
2021-06-08#t3410w0,2021,7
2023-03-30#t11417w1,2023,7
2022-03-25#t6137w7,2022,7
2021-11-24#t4598w0,2021,7
2022-12-16#t10821w0,2022,7
2022-03-30#t6353w0,2022,7
2024-11-20#t24w0,2024,7
2025-12-09#t1697w0,2025,7
2025-03-27#t1602w7,2025,7
2023-10-20#t13242w16,2023,7
2021-12-10#t5570w0,2021,7
2024-06-07#t17714w0,2024,7
2021-12-14#t5713w0,2021,7
2019-12-12#t338w2,2019,7
2026-05-05#t2613w0,2026,7
2021-12-10#t5562w0,2021,7
2019-11-28#t2859w1,2019,7
2024-11-22#t187w0,2024,7
2021-12-09#t5525w4,2021,7
2022-10-05#t8221w3,2022,7
2021-05-19#t2691w1,2021,7
2025-05-16#t2494w0,2025,7
2021-06-08#t3401w0,2021,7
2025-03-21#t1271w0,2025,7
2026-05-13#t3023w0,2026,6
2021-11-05#t4132w0,2021,6
2025-05-08#t1842w0,2025,6
2022-11-01#t8852w0,2022,6
2021-06-08#t3458w1,2021,6
2018-11-01#t462w5,2018,6
2019-12-19#t3564w4,2019,6
2022-05-10#t6494w0,2022,6
2022-12-14#t10556w0,2022,6
2023-03-28#t11142w5,2023,6
2019-11-20#t2426w0,2019,6
2022-05-19#t7198w4,2022,6
2024-05-15#t16659w0,2024,6
2021-03-17#t1522w6,2021,6
2026-05-07#t2818w0,2026,6
2024-03-27#t15977w2,2024,6
2022-11-01#t8855w6,2022,6
2018-11-02#t520w0,2018,6
2021-11-03#t3921w0,2021,6
2024-11-26#t298w0,2024,6
2024-03-27#t15860w0,2024,6
2024-05-07#t16182w0,2024,6
2021-03-23#t1715w6,2021,6
2022-12-08#t10304w0,2022,6
2021-03-19#t1596w0,2021,6
2023-11-23#t14335w3,2023,6
2024-12-10#t627w1,2024,6
2020-12-18#t1244w0,2020,6
2023-06-15#t12900w1,2023,6
2023-11-01#t13737w0,2023,6
2021-03-19#t1555w0,2021,6
2022-06-02#t7575w0,2022,6
2023-05-18#t12172w3,2023,6
2023-05-11#t11719w0,2023,6
2026-03-24#t2276w0,2026,6
2021-12-15#t5740w0,2021,6
2023-06-13#t12666w0,2023,6
2023-11-21#t14105w8,2023,6
2020-12-09#t513w0,2020,6
2022-12-13#t10442w0,2022,6
2025-06-03#t3087w0,2025,6
2018-11-23#t659w0,2018,6
2019-05-14#t1671w0,2019,6
2023-11-01#t13700w0,2023,6
2021-12-01#t4882w0,2021,6
2024-11-28#t490w0,2024,6
2024-03-27#t15948w7,2024,6
2023-11-21#t14087w0,2023,6
2019-03-22#t1236w0,2019,6
2019-12-11#t3126w3,2019,6
2024-11-27#t422w5,2024,6
2020-12-18#t1296w0,2020,6
2021-05-12#t2203w1,2021,6
2023-03-30#t11410w3,2023,6
2023-03-30#t11410w6,2023,6
2022-12-16#t10807w1,2022,6
2020-05-27#t4140w0,2020,6
2023-06-06#t12296w0,2023,6
2025-11-20#t1192w1,2025,6
2019-11-22#t2564w9,2019,6
2023-11-21#t14102w8,2023,6
2018-11-28#t969w10,2018,6
2023-12-01#t14789w0,2023,6
2025-05-07#t1806w10,2025,6
2021-12-07#t5232w0,2021,6
2022-12-06#t10056w1,2022,6
2024-05-28#t17007w0,2024,6
2022-10-11#t8461w0,2022,6
2025-11-06#t805w4,2025,6
2021-05-18#t2546w0,2021,6
2023-05-17#t12026w3,2023,6
2020-12-17#t1153w0,2020,6
2022-05-12#t6862w6,2022,6
2025-03-19#t1058w2,2025,6
2022-12-08#t10315w0,2022,6
2021-06-11#t3704w0,2021,6
2022-12-08#t10249w0,2022,6
2022-12-15#t10703w4,2022,6
2023-12-01#t14776w0,2023,6
2022-11-17#t9429w3,2022,6
2023-10-24#t13339w7,2023,6
2021-02-12#t1390w0,2021,6
2023-06-13#t12730w7,2023,6
2023-06-08#t12454w0,2023,6
2023-03-30#t11324w0,2023,6
2023-10-18#t13151w0,2023,6
2025-05-15#t2390w0,2025,6
2023-11-22#t14183w0,2023,6
2022-12-16#t10803w0,2022,6
2023-10-20#t13240w0,2023,6
2024-05-07#t16223w1,2024,6
2021-05-19#t2641w0,2021,6
2021-05-19#t2698w1,2021,6
2020-03-13#t3921w0,2020,6
2024-05-30#t17225w4,2024,6
2021-12-07#t5254w1,2021,6
2023-10-24#t13339w6,2023,6
2019-12-11#t3136w1,2019,6
2021-12-09#t5525w0,2021,6
2023-05-18#t12155w2,2023,6
2025-05-14#t2247w0,2025,6
2023-10-26#t13568w1,2023,6
2019-05-16#t1889w1,2019,6
2022-05-17#t6982w0,2022,6
2024-11-26#t280w0,2024,6
2018-12-12#t1128w0,2018,6
2023-06-13#t12715w0,2023,6
2024-05-15#t16685w0,2024,6
2022-03-31#t6413w0,2022,6
2021-05-21#t2882w0,2021,6
2021-11-03#t3968w0,2021,6
2021-06-02#t3085w0,2021,6
2025-10-30#t531w4,2025,6
2021-12-09#t5549w0,2021,6
2021-05-12#t2190w0,2021,6
2022-06-03#t7671w2,2022,6
2024-05-07#t16224w0,2024,6
2026-05-14#t3167w1,2026,6
2025-05-13#t2064w0,2025,6
2023-11-30#t14732w1,2023,6
2021-06-01#t2971w0,2021,6
2022-10-05#t8219w6,2022,6
2025-05-16#t2510w0,2025,6
2021-05-20#t2757w0,2021,6
2023-05-17#t12037w1,2023,6
2023-05-19#t12279w2,2023,6
2023-06-15#t12899w1,2023,6
2023-06-14#t12766w0,2023,6
2025-12-09#t1672w0,2025,6
2019-12-11#t3120w2,2019,6
2021-11-25#t4702w6,2021,6
2023-11-01#t13768w0,2023,6
2021-05-13#t2363w1,2021,6
2020-06-11#t4429w0,2020,6
2022-10-05#t8223w1,2022,6
2025-12-11#t1804w0,2025,6
2022-05-10#t6582w0,2022,6
2023-12-13#t15474w0,2023,6
2023-05-19#t12277w1,2023,6
2022-11-17#t9429w0,2022,6
2022-12-15#t10642w0,2022,6
2024-05-15#t16686w0,2024,6
2024-05-30#t17201w0,2024,6
2023-03-28#t11156w0,2023,6
2021-12-09#t5507w1,2021,6
2021-05-18#t2564w0,2021,6
2019-05-28#t2037w0,2019,6
2020-03-11#t3793w0,2020,6
2021-06-02#t3117w0,2021,6
2018-10-24#t59w0,2018,6
2022-10-28#t8709w0,2022,6
2025-05-13#t2115w3,2025,6
2023-05-18#t12188w0,2023,6
2021-11-02#t3872w0,2021,6
2021-03-19#t1576w0,2021,6
2024-12-12#t823w0,2024,6
2023-12-05#t14932w2,2023,6
2023-03-30#t11326w0,2023,6
2021-11-03#t3922w0,2021,6
2021-05-11#t2084w0,2021,6
2022-05-31#t7297w0,2022,6
2019-05-28#t2017w0,2019,6
2022-12-15#t10711w7,2022,6
2020-06-17#t4652w0,2020,6
2021-11-26#t4773w0,2021,6
2020-12-17#t1135w0,2020,6
2024-03-22#t15653w0,2024,6
2023-12-01#t14831w2,2023,6
2022-05-31#t7343w2,2022,6
2023-10-20#t13212w0,2023,6
2026-05-08#t2925w0,2026,6
2025-05-15#t2460w3,2025,6
2022-12-06#t9961w0,2022,6
2023-12-07#t15156w0,2023,6
2026-05-14#t3137w0,2026,6
2023-12-07#t15209w4,2023,6
2021-03-24#t1816w3,2021,6
2022-03-25#t6139w9,2022,6
2021-05-12#t2229w0,2021,6
2018-11-23#t689w0,2018,6
2021-03-25#t1975w1,2021,6
2022-10-28#t8761w1,2022,6
2024-11-27#t384w0,2024,6
2021-03-23#t1644w0,2021,6
2025-03-19#t1075w5,2025,6
2023-06-08#t12536w1,2023,6
2019-05-14#t1596w0,2019,6
2022-11-15#t9241w1,2022,6
2022-05-11#t6670w0,2022,6
2023-11-03#t14009w0,2023,6
2025-05-30#t2996w0,2025,6
2022-12-06#t10071w6,2022,6
2023-03-24#t10982w0,2023,6
2025-10-29#t397w3,2025,6
2022-10-28#t8752w0,2022,6
2023-11-30#t14656w0,2023,6
2024-11-27#t399w0,2024,6
2023-03-29#t11236w5,2023,6
2022-12-13#t10517w9,2022,6
2023-11-03#t13998w3,2023,6
2021-06-03#t3235w0,2021,6
2025-03-19#t1101w0,2025,6
2023-06-08#t12533w5,2023,6
2022-11-02#t8931w0,2022,6
2021-12-08#t5308w0,2021,6
2018-11-01#t487w2,2018,6
2023-05-10#t11574w0,2023,6
2022-11-03#t9081w1,2022,6
2025-11-06#t778w0,2025,6
2022-11-25#t9938w1,2022,6
2023-11-03#t14005w0,2023,6
2021-05-18#t2577w2,2021,6
2023-05-09#t11518w0,2023,6
2019-12-13#t3246w1,2019,6
2025-10-24#t157w0,2025,6
2021-06-09#t3505w0,2021,6
2020-06-17#t4678w0,2020,6
2023-12-12#t15356w0,2023,6
2020-11-20#t158w0,2020,6
2020-12-09#t572w6,2020,6
2018-10-31#t337w0,2018,6
2023-05-17#t12042w6,2023,6
2019-11-28#t2738w0,2019,6
2019-05-28#t2061w0,2019,6
2023-11-30#t14740w0,2023,6
2021-06-10#t3677w6,2021,6
2022-11-15#t9228w3,2022,6
2022-06-08#t7828w6,2022,6
2022-06-02#t7488w0,2022,6
2022-11-23#t9674w0,2022,6
2021-12-09#t5509w0,2021,6
2024-11-27#t361w0,2024,6
2023-11-01#t13711w0,2023,6
2021-05-12#t2236w2,2021,6
2020-06-16#t4548w0,2020,6
2022-11-15#t9236w6,2022,6
2019-12-13#t3246w8,2019,6
2018-10-31#t373w4,2018,6
2019-12-12#t361w3,2019,6
2025-12-12#t2004w1,2025,6
2023-06-13#t12726w1,2023,6
2023-06-15#t12955w2,2023,6
2018-12-12#t1182w1,2018,6
2026-03-20#t2190w0,2026,6
2025-06-03#t3084w0,2025,6
2021-03-19#t1610w4,2021,6
2022-10-26#t8612w0,2022,6
2025-03-19#t972w1,2025,6
2025-11-21#t1218w0,2025,6
2021-11-25#t4710w1,2021,6
2023-05-12#t11822w0,2023,6
2022-12-14#t10583w0,2022,6
2019-11-26#t2685w0,2019,6
2025-11-07#t892w0,2025,6
2024-11-26#t259w0,2024,6
2022-12-15#t10729w2,2022,6
2020-03-11#t3744w0,2020,6
2021-06-11#t3713w0,2021,6
2022-11-15#t9240w1,2022,6
2022-11-17#t9484w3,2022,6
2026-05-07#t2749w0,2026,6
2024-12-12#t813w1,2024,6
2023-05-10#t11655w1,2023,6
2022-10-26#t8656w0,2022,6
2021-12-02#t5012w3,2021,6
2025-03-27#t1527w0,2025,6
2021-11-02#t3839w0,2021,6
2022-05-19#t7187w0,2022,6
2020-12-11#t696w0,2020,6
2025-05-09#t1968w0,2025,6
2019-11-27#t146w0,2019,6
2021-06-02#t3160w1,2021,6
2021-06-02#t3156w3,2021,6
2024-11-20#t99w0,2024,6
2022-06-02#t7601w2,2022,6
2023-06-16#t12985w0,2023,6
2024-11-27#t379w0,2024,6
2022-05-19#t7166w1,2022,6
2022-03-29#t6249w1,2022,6
2024-03-27#t15925w2,2024,6
2024-03-26#t15729w0,2024,6
2023-05-17#t11948w0,2023,6
2023-10-25#t13451w2,2023,6
2023-11-23#t14348w0,2023,6
2024-12-12#t813w2,2024,6
2022-10-12#t8530w0,2022,6
2023-11-24#t14400w0,2023,6
2021-06-01#t3037w2,2021,6
2020-11-20#t222w0,2020,6
2023-12-08#t15287w0,2023,6
2024-05-17#t16884w0,2024,6
2022-03-30#t6360w1,2022,6
2019-05-31#t2235w0,2019,6
2023-12-07#t15185w0,2023,6
2025-10-30#t525w0,2025,6
2022-05-19#t7195w1,2022,6
2020-06-17#t4701w0,2020,6
2026-03-24#t2303w0,2026,6
2024-03-27#t15982w2,2024,6
2022-12-09#t10422w0,2022,6
2024-03-26#t15831w7,2024,6
2023-11-22#t14219w1,2023,6
2023-12-07#t15197w5,2023,6
2020-12-10#t578w0,2020,6
2021-05-20#t2762w0,2021,6
2019-11-27#t259w1,2019,6
2024-12-10#t603w0,2024,6
2019-12-19#t3552w0,2019,6
2022-05-11#t6674w0,2022,6
2019-12-19#t3538w2,2019,6
2023-06-13#t12696w0,2023,6
2022-06-08#t7808w0,2022,6
2025-03-25#t1320w0,2025,6
2021-06-09#t3488w0,2021,6
2024-03-22#t15674w0,2024,6
2024-05-31#t17340w0,2024,6
2021-06-01#t3038w8,2021,6
2022-10-05#t8193w0,2022,6
2023-12-01#t14795w0,2023,6
2024-06-07#t17707w0,2024,6
2024-05-28#t17040w3,2024,6
2023-10-20#t13197w0,2023,6
2022-11-15#t9170w0,2022,6
2021-12-01#t4910w0,2021,6
2022-05-10#t6533w0,2022,6
2024-05-15#t16703w0,2024,6
2022-11-18#t9572w0,2022,6
2025-11-18#t997w0,2025,6
2023-12-12#t15382w3,2023,6
2025-03-25#t1337w0,2025,6
2025-10-24#t174w0,2025,6
2022-11-02#t8950w0,2022,6
2026-03-25#t2387w0,2026,6
2019-11-28#t2754w0,2019,6
2019-12-11#t3014w0,2019,6
2019-12-17#t3318w0,2019,6
2019-11-26#t2691w4,2019,6
2022-03-31#t6402w0,2022,6
2023-06-08#t12535w3,2023,6
2024-06-04#t17407w0,2024,6
2021-06-01#t3033w5,2021,6
2021-11-02#t3853w0,2021,6
2025-10-24#t180w17,2025,6
2023-10-25#t13381w0,2023,6
2026-05-14#t3155w0,2026,6
2025-05-16#t2527w0,2025,6
2022-06-02#t7470w0,2022,6
2022-11-03#t9083w1,2022,6
2022-03-25#t6114w0,2022,6
2021-11-25#t4681w0,2021,6
2021-12-08#t5305w0,2021,6
2022-05-10#t6557w1,2022,6
2022-11-24#t9804w4,2022,6
2025-12-10#t1781w0,2025,6
2025-03-19#t1090w0,2025,6
2019-11-22#t2522w0,2019,6
2020-12-18#t1276w1,2020,6
2022-03-31#t6474w1,2022,6
2023-06-15#t12946w0,2023,6
2024-11-27#t437w5,2024,6
2025-05-06#t1658w0,2025,6
2022-12-14#t10605w1,2022,6
2024-05-31#t17322w0,2024,6
2020-12-18#t1262w0,2020,6
2022-05-19#t7221w4,2022,6
2021-03-23#t1713w8,2021,6
2021-06-02#t3150w2,2021,6
2024-05-28#t17033w1,2024,6
2025-03-26#t1511w3,2025,6
2022-05-12#t6856w0,2022,6
2023-10-25#t13389w0,2023,6
2023-03-30#t11411w3,2023,6
2020-03-11#t3714w0,2020,6
2022-10-26#t8625w0,2022,6
2025-05-27#t2604w0,2025,6
2021-12-03#t5142w5,2021,6
2025-03-19#t1058w1,2025,6
2021-12-07#t5252w0,2021,6
2022-12-08#t10301w1,2022,6
2019-12-10#t2920w0,2019,6
2023-06-07#t12424w0,2023,6
2022-10-05#t8220w3,2022,6
2025-03-19#t1080w5,2025,6
2022-11-16#t9362w2,2022,6
2023-03-30#t11416w0,2023,6
2025-03-27#t1558w0,2025,6
2021-03-25#t1940w0,2021,6
2018-10-31#t351w0,2018,6
2025-11-05#t649w0,2025,6
2021-12-17#t5927w0,2021,6
2022-03-25#t6139w13,2022,6
2021-11-25#t4712w1,2021,6
2021-06-11#t3752w2,2021,6
2024-05-29#t17094w0,2024,6
2023-03-30#t11351w7,2023,6
2022-11-24#t9836w3,2022,6
2021-05-21#t2920w1,2021,6
2019-11-26#t2654w0,2019,6
2018-11-28#t969w4,2018,6
2019-12-12#t361w1,2019,6
2025-11-19#t1056w0,2025,6
2022-10-05#t8219w0,2022,6
2020-12-15#t788w0,2020,6
2025-03-21#t1252w10,2025,6
2024-03-27#t15941w0,2024,6
2021-05-13#t2369w3,2021,6
2021-05-18#t2515w0,2021,6
2021-03-19#t1584w0,2021,6
2023-06-13#t12732w0,2023,6
2023-03-30#t11410w1,2023,6
2025-05-30#t2965w0,2025,6
2022-11-25#t9927w1,2022,6
2021-03-24#t1780w0,2021,6
2023-05-11#t11781w4,2023,6
2025-03-26#t1518w12,2025,6
2024-05-29#t17085w0,2024,6
2022-06-02#t7575w2,2022,6
2023-06-15#t12921w2,2023,6
2021-12-07#t5258w0,2021,6
2024-06-05#t17519w0,2024,6
2025-12-09#t1649w0,2025,6
2025-03-27#t1555w0,2025,6
2019-12-20#t3698w1,2019,6
2022-12-06#t10005w0,2022,6
2021-06-11#t3750w5,2021,6
2024-03-26#t15817w2,2024,6
2022-12-07#t10195w0,2022,6
2020-12-16#t1066w0,2020,6
2024-11-26#t311w2,2024,6
2023-12-06#t15074w3,2023,6
2018-11-23#t678w0,2018,6
2022-05-20#t7283w2,2022,6
2026-05-06#t2713w0,2026,6
2022-03-31#t6395w0,2022,6
2021-05-12#t2191w0,2021,6
2020-12-10#t666w0,2020,6
2022-11-17#t9486w4,2022,6
2023-12-07#t15141w0,2023,6
2018-10-26#t172w0,2018,6
2025-05-30#t2980w0,2025,6
2021-12-09#t5526w3,2021,6
2025-11-21#t1250w0,2025,6
2022-03-31#t6465w3,2022,6
2022-06-03#t7652w0,2022,6
2022-11-17#t9472w0,2022,6
2022-06-02#t7564w3,2022,6
2018-10-30#t254w0,2018,6
2025-03-27#t1616w4,2025,6
2022-11-23#t9689w0,2022,6
2022-06-02#t7568w3,2022,6
2020-11-18#t141w1,2020,6
2023-10-18#t13095w0,2023,6
2021-03-19#t1572w0,2021,6
2019-05-16#t1778w0,2019,6
2020-12-16#t1064w0,2020,6
2021-06-01#t3037w1,2021,6
2018-10-24#t80w0,2018,6
2021-05-12#t2117w0,2021,6
2022-11-24#t9751w0,2022,6
2021-06-02#t3110w0,2021,6
2024-03-28#t16007w0,2024,6
2024-05-28#t16980w0,2024,6
2023-10-24#t13295w0,2023,6
2022-11-02#t8928w0,2022,6
2022-05-12#t6820w0,2022,6
2023-11-30#t14723w0,2023,6
2023-03-30#t11365w9,2023,6
2022-10-12#t8525w0,2022,6
2025-05-27#t2648w1,2025,6
2022-03-25#t6109w0,2022,6
2022-11-24#t9799w0,2022,6
2019-11-26#t2690w11,2019,6
2022-06-02#t7491w0,2022,6
2024-11-26#t266w0,2024,6
2020-06-16#t4565w0,2020,6
2021-11-10#t4312w0,2021,6
2023-10-18#t13162w0,2023,6
2023-10-26#t13583w2,2023,6
2021-11-09#t4260w0,2021,6
2025-03-25#t1383w12,2025,6
2024-05-29#t17137w2,2024,6
2024-06-06#t17539w0,2024,6
2022-12-09#t10420w0,2022,6
2025-03-27#t1612w0,2025,6
2025-05-14#t2315w1,2025,6
2023-05-09#t11502w2,2023,6
2018-11-21#t621w0,2018,6
2020-06-11#t4496w1,2020,6
2023-03-22#t10904w0,2023,6
2020-11-19#t146w3,2020,6
2023-03-24#t11015w0,2023,6
2025-11-20#t1112w0,2025,6
2023-05-10#t11642w2,2023,6
2019-03-22#t1314w6,2019,6
2023-12-08#t15272w0,2023,6
2025-12-02#t1379w0,2025,6
2021-05-21#t2876w0,2021,6
2024-05-07#t16144w0,2024,6
2023-11-03#t13935w0,2023,6
2020-06-09#t4270w0,2020,6
2022-05-11#t6612w0,2022,6
2021-11-25#t4710w0,2021,6
2022-11-15#t9212w0,2022,6
2020-12-10#t681w3,2020,6
2022-05-17#t6989w0,2022,6
2025-03-25#t1383w14,2025,6
2023-11-02#t13797w0,2023,6
2022-12-14#t10557w0,2022,6
2021-11-25#t4640w0,2021,6
2022-05-13#t6932w0,2022,6
2021-06-10#t3644w0,2021,6
2018-10-30#t250w0,2018,6
2024-05-30#t17140w0,2024,6
2018-10-26#t193w2,2018,6
2021-11-04#t4095w0,2021,6
2023-06-09#t12617w0,2023,6
2024-11-22#t218w2,2024,6
2018-10-31#t385w0,2018,6
2022-06-09#t7899w0,2022,6
2019-12-12#t385w0,2019,6
2023-05-10#t11548w0,2023,6
2019-12-10#t2900w0,2019,6
2023-03-24#t10983w0,2023,6
2019-12-11#t2993w0,2019,6
2023-12-12#t15388w0,2023,6
2023-05-19#t12277w3,2023,6
2022-03-29#t6233w4,2022,6
2023-11-02#t13836w0,2023,6
2023-11-28#t14458w0,2023,6
2021-03-23#t1676w0,2021,6
2021-05-14#t2431w0,2021,6
2022-11-15#t9228w10,2022,6
2021-12-03#t5142w0,2021,6
2025-06-05#t3348w0,2025,6
2023-05-18#t12130w0,2023,6
2025-10-29#t337w0,2025,6
2018-11-27#t780w0,2018,6
2024-11-29#t546w0,2024,6
2022-11-16#t9247w0,2022,6
2025-03-27#t1618w1,2025,6
2022-11-17#t9464w4,2022,6
2020-05-26#t4080w0,2020,6
2021-03-24#t1809w0,2021,6
2022-10-11#t8467w0,2022,6
2021-11-25#t4671w0,2021,6
2022-05-17#t6995w0,2022,6
2025-10-29#t359w0,2025,6
2025-05-14#t2280w0,2025,6
2023-05-17#t11952w0,2023,6
2022-03-31#t6414w0,2022,6
2024-05-31#t17338w0,2024,6
2022-12-09#t10404w0,2022,6
2021-12-02#t5001w0,2021,6
2024-05-08#t16249w0,2024,6
2022-05-10#t6579w0,2022,6
2019-11-27#t250w0,2019,6
2022-03-29#t6203w0,2022,6
2021-12-14#t5700w0,2021,6
2021-03-23#t1705w0,2021,6
2020-12-15#t797w0,2020,6
2024-05-28#t17042w2,2024,6
2023-05-18#t12172w4,2023,6
2021-05-13#t2271w0,2021,6
2023-05-11#t11775w0,2023,6
2024-05-31#t17294w0,2024,6
2024-06-06#t17622w0,2024,6
2019-03-22#t1309w5,2019,6
2024-06-06#t17559w0,2024,6
2024-03-22#t15705w0,2024,6
2026-03-24#t2322w3,2026,6
2021-03-24#t1823w2,2021,6
2023-11-21#t14097w0,2023,6
2020-06-18#t4820w0,2020,6
2022-05-19#t7193w1,2022,6
2024-12-13#t906w0,2024,6
2019-05-31#t2253w0,2019,6
2019-12-12#t322w0,2019,6
2021-12-16#t5872w2,2021,6
2021-12-09#t5535w1,2021,6
2025-11-20#t1206w4,2025,6
2024-03-22#t15656w0,2024,6
2021-03-24#t1821w3,2021,6
2022-05-17#t7004w0,2022,6
2018-10-26#t179w0,2018,6
2024-06-06#t17664w1,2024,6
2025-06-03#t3098w0,2025,6
2021-03-17#t1436w1,2021,6
2025-11-20#t1212w0,2025,6
2023-10-20#t13251w14,2023,6
2019-05-31#t2156w0,2019,6
2021-12-16#t5896w4,2021,6
2025-10-28#t280w3,2025,6
2018-11-27#t856w1,2018,6
2023-12-08#t15293w1,2023,6
2022-05-11#t6693w2,2022,6
2023-11-21#t14101w0,2023,6
2022-11-24#t9800w0,2022,6
2024-06-04#t17405w0,2024,6
2019-12-13#t3171w0,2019,6
2022-12-15#t10690w1,2022,6
2019-05-28#t1941w0,2019,6
2018-12-12#t1125w0,2018,6
2025-06-05#t3348w1,2025,6
2019-05-16#t1835w0,2019,6
2021-03-25#t1894w0,2021,6
2024-05-07#t16162w0,2024,6
2023-06-06#t12367w0,2023,6
2022-06-09#t7892w0,2022,6
2019-11-22#t2564w7,2019,6
2023-03-29#t11238w4,2023,6
2022-12-13#t10515w1,2022,6
2021-12-02#t4960w0,2021,6
2021-12-02#t5044w0,2021,6
2023-06-15#t12921w1,2023,6
2023-10-24#t13339w15,2023,6
2023-03-30#t11348w0,2023,6
2020-12-08#t426w5,2020,6
2023-05-18#t12170w3,2023,6
2022-06-03#t7648w0,2022,6
2019-11-28#t2708w0,2019,6
2021-05-18#t2502w0,2021,6
2022-05-19#t7210w0,2022,6
2022-03-25#t6145w6,2022,6
2022-11-25#t9879w0,2022,6
2023-06-14#t12743w0,2023,6
2025-03-19#t1081w3,2025,6
2025-11-18#t1020w5,2025,6
2023-11-24#t14363w0,2023,6
2018-12-12#t1177w5,2018,6
2025-05-14#t2187w0,2025,6
2025-06-03#t3083w0,2025,6
2020-05-26#t4110w0,2020,6
2023-03-29#t11250w1,2023,6
2023-03-30#t11365w6,2023,6
2022-05-11#t6641w0,2022,6
2019-05-14#t1588w0,2019,6
2025-10-24#t180w9,2025,6
2025-03-25#t1383w0,2025,6
2024-05-28#t17015w0,2024,6
2021-06-11#t3759w0,2021,6
2023-10-25#t13463w4,2023,6
2022-05-12#t6865w3,2022,6
2022-05-18#t7038w0,2022,6
2020-12-10#t615w0,2020,6
2018-12-11#t1010w0,2018,6
2022-11-01#t8869w5,2022,6
2023-12-13#t15468w0,2023,6
2025-05-15#t2365w0,2025,6
2025-03-26#t1421w0,2025,6
2018-11-01#t463w7,2018,6
2023-10-20#t13260w0,2023,6
2022-10-28#t8759w3,2022,6
2021-05-13#t2261w0,2021,6
2022-11-24#t9827w3,2022,6
2024-12-12#t811w0,2024,6
2023-12-07#t15118w0,2023,6
2019-03-22#t1292w0,2019,6
2024-05-31#t17301w0,2024,6
2025-11-06#t822w0,2025,6
2018-11-27#t775w0,2018,6
2019-05-14#t1600w0,2019,6
2020-12-10#t678w4,2020,6
2023-03-28#t11156w2,2023,6
2020-05-26#t4097w1,2020,6
2021-05-21#t2899w0,2021,6
2019-05-14#t1738w0,2019,6
2023-06-07#t12433w0,2023,6
2019-03-22#t1202w0,2019,6
2022-11-03#t9109w1,2022,6
2025-05-06#t1666w0,2025,6
2022-03-31#t6459w0,2022,6
2021-03-18#t1527w0,2021,6
2022-05-11#t6703w8,2022,6
2022-05-11#t6651w0,2022,6
2018-10-31#t385w16,2018,6
2022-06-10#t7995w0,2022,6
2021-12-16#t5886w2,2021,6
2018-11-23#t757w2,2018,6
2022-11-22#t9618w0,2022,6
2021-11-03#t3910w0,2021,6
2021-05-12#t2205w9,2021,6
2022-12-15#t10737w1,2022,6
2020-12-16#t871w0,2020,6
2020-06-11#t4440w0,2020,6
2023-10-20#t13247w3,2023,6
2022-11-24#t9772w0,2022,6
2023-10-25#t13465w7,2023,6
2023-10-26#t13576w1,2023,6
2022-03-24#t6068w2,2022,6
2019-05-28#t1899w0,2019,6
2021-03-25#t1929w2,2021,6
2024-03-26#t15830w2,2024,6
2021-05-14#t2445w12,2021,6
2021-12-09#t5444w0,2021,6
2022-06-01#t7408w0,2022,6
2021-06-03#t3293w4,2021,6
2022-11-02#t8966w0,2022,6
2025-05-30#t3033w8,2025,6
2020-03-11#t3774w0,2020,6
2021-06-04#t3346w0,2021,6
2022-03-30#t6332w1,2022,6
2022-10-06#t8300w0,2022,6
2020-03-11#t3767w0,2020,6
2024-12-12#t829w0,2024,6
2023-05-19#t12289w0,2023,6
2018-12-11#t997w0,2018,6
2019-12-12#t365w6,2019,6
2023-06-14#t12755w0,2023,6
2018-11-01#t504w5,2018,6
2025-11-06#t757w0,2025,6
2022-12-13#t10524w0,2022,6
2022-06-10#t8003w0,2022,6
2022-03-31#t6450w0,2022,6
2023-03-28#t11142w4,2023,6
2021-03-19#t1613w12,2021,6
2021-12-09#t5525w1,2021,6
2023-05-18#t12189w0,2023,6
2023-11-01#t13751w1,2023,6
2019-12-10#t2914w0,2019,6
2024-03-27#t15979w0,2024,6
2020-06-18#t4759w0,2020,6
2021-11-10#t4383w0,2021,6
2024-05-15#t16627w0,2024,6
2022-11-01#t8870w6,2022,6
2021-05-20#t2760w0,2021,6
2020-12-08#t402w5,2020,6
2021-03-24#t1794w0,2021,6
2021-03-24#t1822w5,2021,6
2019-12-20#t3670w1,2019,6
2023-03-28#t11156w5,2023,6
2021-11-10#t4311w0,2021,6
2025-05-28#t2705w0,2025,6
2018-10-26#t195w16,2018,6
2023-10-25#t13452w0,2023,6
2018-11-21#t602w0,2018,6
2022-12-15#t10695w1,2022,6
2023-11-21#t14105w2,2023,6
2022-11-01#t8858w1,2022,6
2024-03-26#t15793w0,2024,6
2022-05-12#t6849w0,2022,6
2023-12-01#t14831w0,2023,6
2025-12-05#t1599w0,2025,6
2020-06-17#t4633w0,2020,6
2021-06-01#t3039w3,2021,6
2019-05-28#t2071w0,2019,6
2023-05-18#t12108w0,2023,6
2021-06-03#t3260w2,2021,6
2026-05-14#t3186w0,2026,6
2025-10-28#t286w8,2025,6
2021-11-25#t4720w3,2021,6
2020-12-18#t1276w0,2020,6
2023-06-14#t12761w0,2023,6
2022-10-26#t8584w0,2022,6
2019-12-13#t3185w0,2019,6
2023-06-06#t12348w0,2023,6
2019-12-10#t2975w0,2019,6
2023-10-25#t13454w3,2023,6
2022-05-11#t6613w0,2022,6
2018-10-30#t278w8,2018,6
2025-10-24#t180w0,2025,6
2022-12-15#t10740w1,2022,6
2023-11-24#t14386w0,2023,6
2024-03-20#t15543w0,2024,6
2020-11-18#t85w0,2020,6
2021-12-02#t5012w2,2021,6
2026-03-24#t2283w0,2026,6
2021-12-08#t5331w0,2021,6
2022-11-02#t8892w0,2022,6
2023-12-06#t15047w2,2023,6
2021-03-19#t1610w0,2021,6
2021-03-24#t1773w0,2021,6
2024-03-28#t16008w0,2024,6
2023-11-03#t13933w0,2023,6
2023-12-01#t14777w0,2023,6
2021-05-20#t2796w2,2021,6
2022-03-31#t6467w0,2022,6
2021-12-09#t5538w0,2021,6
2026-03-24#t2325w2,2026,6
2019-11-27#t261w3,2019,6
2018-11-28#t972w0,2018,6
2021-05-14#t2424w0,2021,6
2021-03-25#t1919w1,2021,6
2023-06-15#t12914w0,2023,6
2021-05-19#t2687w3,2021,6
2024-03-22#t15707w7,2024,6
2022-11-15#t9173w0,2022,6
2021-11-04#t4106w2,2021,6
2021-05-20#t2828w2,2021,6
2022-11-02#t8996w0,2022,6
2024-03-27#t15973w5,2024,6
2022-06-03#t7666w0,2022,6
2023-10-25#t13448w1,2023,6
2024-05-09#t16406w0,2024,6
2023-05-19#t12264w0,2023,6
2026-05-14#t3133w0,2026,6
2019-05-14#t1725w0,2019,6
2021-02-12#t1358w0,2021,6
2021-05-11#t2081w10,2021,6
2021-12-09#t5479w0,2021,6
2022-12-13#t10505w0,2022,6
2019-11-26#t2615w0,2019,6
2021-11-23#t4514w0,2021,6
2025-03-25#t1391w2,2025,6
2025-03-19#t1138w0,2025,6
2022-03-31#t6453w5,2022,6
2022-10-07#t8385w0,2022,6
2022-06-01#t7437w0,2022,6
2021-12-07#t5262w1,2021,6
2022-06-02#t7508w0,2022,6
2024-11-27#t364w0,2024,6
2022-10-04#t8091w0,2022,6
2022-10-05#t8203w0,2022,6
2023-10-24#t13339w3,2023,6
2023-11-03#t13969w2,2023,6
2021-11-30#t4830w0,2021,6
2020-03-13#t3880w0,2020,6
2023-05-19#t12200w0,2023,6
2025-05-07#t1809w3,2025,6
2022-11-15#t9215w0,2022,6
2023-05-16#t11859w0,2023,6
2023-12-06#t15053w2,2023,6
2023-03-24#t11039w0,2023,6
2024-05-30#t17235w2,2024,6
2025-05-30#t2974w0,2025,6
2019-05-16#t1792w0,2019,6
2022-11-22#t9638w0,2022,6
2025-05-14#t2338w0,2025,6
2023-11-02#t13846w0,2023,6
2020-12-18#t1235w0,2020,6
2020-05-27#t4191w0,2020,6
2021-06-01#t3043w1,2021,6
2019-11-20#t2425w0,2019,6
2018-12-12#t1192w0,2018,6
2021-05-21#t2927w3,2021,6
2022-11-24#t9804w1,2022,6
2023-11-03#t13903w0,2023,6
2025-12-05#t1606w0,2025,6
2018-10-23#t10w0,2018,6
2021-06-11#t3757w0,2021,6
2023-05-10#t11643w6,2023,6
2024-05-14#t16592w0,2024,6
2018-12-11#t1018w0,2018,6
2018-10-31#t373w7,2018,6
2019-03-22#t1301w2,2019,6
2023-03-30#t11394w0,2023,6
2023-12-06#t15062w0,2023,6
2021-12-08#t5325w0,2021,6
2021-06-11#t3725w0,2021,6
2023-11-03#t13942w0,2023,6
2022-12-08#t10346w0,2022,6
2024-05-29#t17088w0,2024,6
2022-05-11#t6676w0,2022,6
2021-03-24#t1804w0,2021,6
2021-11-12#t4466w2,2021,6
2021-05-14#t2461w0,2021,6
2025-05-13#t2134w4,2025,6
2024-12-13#t857w0,2024,6
2021-11-25#t4702w2,2021,6
2022-11-25#t9908w0,2022,6
2022-03-31#t6415w0,2022,6
2025-06-05#t3288w0,2025,6
2023-05-10#t11652w4,2023,6
2022-10-05#t8200w0,2022,6
2021-06-10#t3601w0,2021,6
2021-06-02#t3092w0,2021,6
2022-11-24#t9742w0,2022,6
2024-05-28#t17042w1,2024,6
2024-05-17#t16947w3,2024,6
2020-06-09#t4281w0,2020,6
2022-05-12#t6854w3,2022,6
2022-03-25#t6139w1,2022,6
2018-11-28#t974w9,2018,6
2022-05-31#t7355w2,2022,6
2022-06-10#t8007w1,2022,6
2021-12-03#t5142w10,2021,6
2025-11-21#t1254w0,2025,6
2025-12-12#t1994w0,2025,6
2020-06-11#t4489w4,2020,6
2018-11-01#t461w2,2018,6
2021-11-25#t4708w4,2021,6
2018-10-26#t161w0,2018,6
2021-03-24#t1745w0,2021,6
2021-06-01#t3033w2,2021,6
2022-12-15#t10747w0,2022,6
2021-11-03#t3976w6,2021,6
2025-03-21#t1201w0,2025,6
2025-12-09#t1662w0,2025,6
2025-10-30#t473w0,2025,6
2020-12-18#t1266w0,2020,6
2023-11-22#t14125w0,2023,6
2023-11-23#t14317w0,2023,6
2019-12-13#t3144w1,2019,6
2021-12-08#t5401w0,2021,6
2022-12-14#t10612w8,2022,6
2021-03-25#t1959w1,2021,6
2022-11-25#t9907w0,2022,6
2022-06-09#t7894w0,2022,6
2024-05-29#t17137w5,2024,6
2022-11-18#t9524w0,2022,6
2018-11-01#t463w5,2018,6
2024-03-26#t15807w2,2024,6
2022-12-06#t10073w0,2022,6
2024-05-16#t16828w0,2024,6
2022-11-25#t9942w0,2022,6
2023-05-19#t12279w1,2023,6
2024-03-26#t15807w5,2024,6
2023-03-29#t11270w0,2023,6
2026-03-24#t2322w0,2026,6
2021-02-12#t1413w2,2021,6
2023-05-16#t11929w0,2023,6
2023-05-17#t12058w1,2023,6
2023-11-21#t14048w0,2023,6
2026-03-20#t2210w0,2026,6
2021-11-02#t3811w0,2021,6
2018-10-30#t239w0,2018,6
2018-11-27#t854w3,2018,6
2020-06-18#t4748w0,2020,6
2019-05-31#t2207w0,2019,6
2022-10-05#t8168w0,2022,6
2022-03-31#t6408w0,2022,6
2022-12-15#t10691w1,2022,6
2023-11-22#t14203w2,2023,6
2025-05-28#t2816w0,2025,6
2019-05-28#t2099w0,2019,6
2022-03-22#t5987w1,2022,6
2022-12-07#t10103w0,2022,6
2023-05-16#t11929w1,2023,6
2023-06-08#t12526w0,2023,6
2021-12-02#t5041w0,2021,6
2023-11-02#t13832w0,2023,6
2026-03-20#t2203w0,2026,6
2019-11-20#t2360w0,2019,6
2020-11-24#t306w1,2020,6
2021-03-24#t1747w0,2021,6
2019-12-12#t301w0,2019,6
2019-11-20#t2396w0,2019,6
2021-12-03#t5084w0,2021,6
2019-12-20#t3643w0,2019,6
2025-03-26#t1480w0,2025,6
2023-05-09#t11482w0,2023,6
2025-12-12#t1940w0,2025,6
2023-06-13#t12731w5,2023,6
2022-10-06#t8333w7,2022,6
2023-05-18#t12182w0,2023,6
2025-06-06#t3381w0,2025,6
2023-06-09#t12570w0,2023,6
2022-11-24#t9744w0,2022,6
2022-06-07#t7741w0,2022,6
2021-03-23#t1694w0,2021,6
2021-05-12#t2153w0,2021,6
2021-06-08#t3400w0,2021,6
2023-11-30#t14644w0,2023,6
2021-05-12#t2204w11,2021,6
2023-05-10#t11645w0,2023,6
2021-05-14#t2444w1,2021,6
2020-12-08#t402w0,2020,6
2021-06-02#t3150w4,2021,6
2024-05-15#t16691w0,2024,6
2023-11-23#t14283w0,2023,6
2019-05-16#t1801w0,2019,6
2023-05-16#t11924w5,2023,6
2022-06-09#t7889w0,2022,6
2018-12-12#t1133w0,2018,6
2023-03-29#t11206w0,2023,6
2022-05-19#t7187w2,2022,6
2022-05-10#t6526w0,2022,6
2023-11-30#t14714w0,2023,6
2022-05-10#t6588w0,2022,6
2018-11-21#t597w0,2018,6
2021-12-02#t5023w3,2021,6
2018-11-23#t757w1,2018,6
2021-05-19#t2691w0,2021,6
2022-11-24#t9832w0,2022,6
2021-11-30#t4835w0,2021,6
2019-05-16#t1856w2,2019,6
2020-12-18#t1280w0,2020,6
2024-03-22#t15637w0,2024,6
2025-10-30#t495w7,2025,6
2023-10-17#t13061w1,2023,6
2022-10-07#t8382w0,2022,6
2021-05-13#t2370w1,2021,6
2024-03-28#t16091w5,2024,6
2023-05-18#t12159w2,2023,6
2021-11-09#t4264w0,2021,6
2020-12-09#t459w0,2020,6
2026-03-20#t2187w0,2026,6
2021-02-12#t1364w0,2021,6
2021-06-03#t3296w0,2021,6
2023-11-22#t14153w0,2023,6
2019-12-19#t3544w1,2019,6
2021-05-13#t2243w0,2021,6
2023-10-24#t13339w12,2023,6
2021-12-09#t5495w0,2021,6
2019-12-20#t3615w0,2019,6
2024-12-12#t803w0,2024,6
2022-12-15#t10634w0,2022,6
2022-11-03#t9095w2,2022,6
2021-12-15#t5765w0,2021,6
2022-11-01#t8787w0,2022,6
2019-11-28#t2757w0,2019,6
2019-11-26#t2695w1,2019,6
2021-06-02#t3156w6,2021,6
2025-03-19#t1138w1,2025,6
2018-11-01#t449w0,2018,6
2023-05-19#t12272w1,2023,6
2022-05-19#t7191w5,2022,6
2022-06-08#t7795w0,2022,6
2020-12-10#t636w0,2020,6
2025-11-07#t896w0,2025,6
2024-05-28#t17020w0,2024,6
2019-05-16#t1768w0,2019,6
2023-06-08#t12472w0,2023,6
2021-06-03#t3179w0,2021,6
2021-05-12#t2236w6,2021,6
2022-03-30#t6355w7,2022,6
2020-12-18#t1203w0,2020,6
2025-10-28#t247w0,2025,6
2023-11-23#t14245w0,2023,6
2025-03-19#t1109w1,2025,6
2023-11-23#t14298w0,2023,6
2021-12-03#t5142w4,2021,6
2022-05-11#t6635w0,2022,6
2021-12-02#t5041w1,2021,6
2022-06-08#t7800w0,2022,6
2023-12-07#t15201w5,2023,6
2022-12-13#t10512w9,2022,6
2021-05-21#t2871w0,2021,6
2025-12-02#t1377w1,2025,6
2025-03-21#t1241w4,2025,6
2021-12-03#t5160w8,2021,6
2019-12-13#t3232w0,2019,6
2020-12-17#t1170w2,2020,6
2022-05-19#t7210w1,2022,6
2021-03-25#t1895w0,2021,6
2021-11-03#t3976w1,2021,6
2019-12-12#t358w8,2019,6
2021-06-03#t3203w0,2021,6
2024-12-10#t627w0,2024,6
2023-05-17#t12061w0,2023,6
2024-05-16#t16823w3,2024,6
2021-12-14#t5714w0,2021,6
2024-05-07#t16158w0,2024,6
2019-11-22#t2528w0,2019,6
2024-11-27#t360w0,2024,6
2021-03-25#t1839w0,2021,6
2024-03-28#t16096w0,2024,6
2024-05-09#t16454w1,2024,6
2020-12-17#t1171w0,2020,6
2021-12-09#t5458w0,2021,6
2019-05-28#t2043w0,2019,6
2023-03-28#t11142w18,2023,6
2019-05-28#t1966w0,2019,6
2025-11-21#t1281w1,2025,6
2022-05-12#t6809w0,2022,6
2025-05-30#t2983w0,2025,6
2023-06-13#t12658w0,2023,6
2019-12-11#t3106w1,2019,6
2019-11-20#t2323w0,2019,6
2025-03-19#t1094w2,2025,6
2023-03-29#t11185w0,2023,6
2025-12-11#t1840w0,2025,6
2021-11-25#t4720w2,2021,6
2018-11-21#t579w0,2018,6
2019-05-31#t2238w0,2019,6
2020-12-16#t888w0,2020,6
2020-06-18#t4755w0,2020,6
2020-12-08#t365w0,2020,6
2018-10-24#t53w0,2018,6
2023-05-17#t11979w0,2023,6
2019-12-20#t3634w0,2019,6
2020-03-11#t3716w0,2020,6
2022-10-26#t8582w0,2022,6
2023-11-22#t14129w0,2023,6
2018-10-30#t219w0,2018,6
2018-11-01#t501w0,2018,6
2025-12-05#t1592w0,2025,6
2018-10-31#t375w0,2018,6
2021-12-02#t5049w0,2021,6
2024-05-08#t16357w0,2024,6
2022-03-31#t6468w2,2022,6
2026-05-13#t2995w0,2026,6
2023-12-01#t14827w6,2023,6
2025-03-19#t1107w3,2025,6
2022-05-31#t7313w0,2022,6
2025-12-10#t1761w0,2025,6
2021-12-09#t5538w1,2021,6
2022-05-19#t7156w1,2022,6
2019-11-28#t2765w0,2019,6
2019-05-07#t1384w0,2019,6
2022-11-24#t9754w0,2022,6
2025-10-30#t507w2,2025,6
2023-05-19#t12273w0,2023,6
2020-03-13#t3877w0,2020,6
2022-05-12#t6876w0,2022,6
2022-10-25#t8569w1,2022,6
2019-12-10#t2955w0,2019,6
2025-05-13#t2102w3,2025,6
2021-12-03#t5104w0,2021,6
2024-06-06#t17638w0,2024,6
2024-11-27#t422w0,2024,6
2018-10-26#t185w9,2018,6
2024-03-27#t15948w11,2024,6
2020-12-09#t531w2,2020,6
2021-11-03#t3930w0,2021,6
2020-11-18#t97w0,2020,6
2021-06-09#t3498w0,2021,6
2021-11-04#t4109w2,2021,6
2022-06-02#t7588w4,2022,6
2020-11-19#t146w2,2020,6
2025-11-07#t913w0,2025,6
2021-05-13#t2360w4,2021,6
2019-05-08#t1507w0,2019,6
2021-11-10#t4359w0,2021,6
2025-11-05#t667w0,2025,6
2023-12-07#t15161w0,2023,6
2024-03-28#t16099w2,2024,6
2023-12-06#t14981w0,2023,6
2021-06-08#t3462w1,2021,6
2024-11-26#t304w7,2024,6
2022-06-10#t7970w0,2022,6
2024-03-28#t16077w5,2024,6
2018-11-27#t817w0,2018,6
2023-10-24#t13280w0,2023,6
2025-03-26#t1449w0,2025,6
2020-12-08#t312w0,2020,6
2024-05-07#t16168w0,2024,6
2022-12-15#t10737w5,2022,6
2021-06-10#t3679w5,2021,6
2023-10-25#t13440w0,2023,6
2025-05-14#t2271w0,2025,6
2022-11-17#t9441w1,2022,6
2023-11-21#t14065w0,2023,6
2025-03-27#t1577w0,2025,6
2025-03-19#t1037w0,2025,6
2020-03-13#t3972w0,2020,6
2024-05-28#t17029w3,2024,6
2023-05-19#t12284w4,2023,6
2025-10-29#t411w0,2025,6
2021-12-14#t5730w0,2021,6
2022-06-01#t7405w0,2022,6
2018-11-01#t467w2,2018,6
2021-12-02#t5017w2,2021,6
2021-03-25#t1866w0,2021,6
2019-12-18#t3437w0,2019,6
2021-02-12#t1343w0,2021,6
2021-05-18#t2518w0,2021,6
2023-12-07#t15146w0,2023,6
2019-11-27#t232w0,2019,6
2021-12-03#t5143w2,2021,6
2023-11-23#t14333w0,2023,6
2019-12-12#t296w0,2019,6
2025-05-09#t2011w3,2025,6
2025-05-30#t2987w0,2025,6
2025-05-13#t2114w0,2025,6
2025-03-19#t1055w0,2025,6
2020-06-16#t4523w0,2020,6
2022-06-02#t7559w2,2022,6
2024-05-16#t16776w0,2024,6
2024-06-06#t17637w0,2024,6
2023-05-18#t12134w0,2023,6
2022-05-11#t6682w0,2022,6
2024-11-20#t57w0,2024,6
2023-05-10#t11631w0,2023,6
2024-05-09#t16450w0,2024,6
2022-11-02#t8970w3,2022,6
2025-05-09#t2012w3,2025,6
2021-11-04#t4074w0,2021,6
2023-12-06#t15002w0,2023,6
2023-06-08#t12538w4,2023,6
2022-03-30#t6311w0,2022,6
2024-12-12#t770w0,2024,6
2022-10-04#t8102w0,2022,6
2018-12-12#t1147w0,2018,6
2018-10-24#t81w0,2018,6
2022-12-14#t10607w0,2022,6
2022-05-19#t7209w0,2022,6
2022-11-18#t9545w0,2022,6
2022-03-31#t6398w0,2022,6
2019-05-28#t1949w0,2019,6
2019-12-12#t294w0,2019,6
2022-11-24#t9775w0,2022,6
2019-11-26#t2695w3,2019,6
2025-03-26#t1484w0,2025,6
2020-03-13#t3944w1,2020,6
2021-05-19#t2690w5,2021,6
2023-03-24#t11043w5,2023,6
2023-05-11#t11701w0,2023,6
2025-05-09#t1980w0,2025,6
2019-11-26#t2700w3,2019,6
2020-12-16#t886w0,2020,6
2021-05-12#t2203w0,2021,6
2018-10-30#t234w0,2018,6
2022-11-25#t9917w1,2022,6
2023-03-28#t11073w0,2023,6
2024-11-28#t530w2,2024,6
2019-11-28#t2840w3,2019,6
2021-05-20#t2763w0,2021,6
2023-10-24#t13308w0,2023,6
2023-11-29#t14589w0,2023,6
2025-03-19#t1081w2,2025,6
2022-06-08#t7783w0,2022,6
2022-06-01#t7411w0,2022,6
2021-02-12#t1338w0,2021,6
2021-12-03#t5135w2,2021,6
2021-12-03#t5106w0,2021,6
2022-12-08#t10348w6,2022,6
2022-11-03#t9094w0,2022,6
2019-05-14#t1540w0,2019,6
2024-05-30#t17235w4,2024,6
2023-03-24#t11014w5,2023,6
2019-12-18#t3417w0,2019,6
2021-12-15#t5796w0,2021,6
2018-10-31#t391w4,2018,6
2022-10-26#t8611w0,2022,6
2023-10-19#t13175w2,2023,6
2021-03-19#t1585w0,2021,6
2023-11-21#t14102w3,2023,6
2021-11-25#t4679w0,2021,6
2019-12-10#t2916w0,2019,6
2020-03-13#t3909w0,2020,6
2022-03-30#t6332w3,2022,6
2018-10-31#t378w9,2018,6
2022-10-28#t8710w0,2022,6
2021-05-13#t2371w1,2021,6
2021-05-20#t2841w1,2021,6
2022-06-09#t7870w0,2022,6
2024-03-27#t15966w2,2024,6
2023-03-24#t10945w0,2023,6
2020-12-09#t547w1,2020,6
2023-05-19#t12278w1,2023,6
2018-10-26#t160w0,2018,6
2024-11-27#t443w6,2024,6
2022-06-03#t7671w1,2022,6
2022-10-26#t8678w0,2022,6
2025-12-11#t1817w0,2025,6
2021-11-05#t4209w0,2021,6
2020-06-11#t4460w0,2020,6
2019-05-07#t1404w0,2019,6
2024-05-08#t16361w2,2024,6
2019-12-11#t3032w0,2019,6
2025-06-06#t3401w0,2025,6
2022-10-06#t8352w0,2022,6
2025-12-05#t1611w0,2025,6
2024-03-28#t16090w3,2024,6
2019-11-26#t2665w0,2019,6
2025-03-26#t1474w1,2025,6
2026-05-06#t2671w0,2026,6
2025-05-14#t2235w2,2025,6
2022-11-01#t8860w0,2022,6
2025-05-28#t2678w0,2025,6
2025-05-14#t2303w0,2025,6
2021-11-02#t3806w0,2021,6
2024-03-28#t16089w1,2024,6
2019-05-28#t2095w0,2019,6
2023-11-02#t13820w0,2023,6
2022-11-01#t8874w1,2022,6
2022-05-19#t7207w1,2022,6
2022-11-16#t9317w2,2022,6
2020-06-11#t4436w0,2020,6
2026-03-20#t2217w2,2026,6
2022-10-06#t8291w0,2022,6
2020-06-11#t4466w0,2020,6
2019-11-26#t2689w4,2019,6
2022-11-25#t9913w0,2022,6
2023-06-06#t12350w0,2023,6
2023-05-19#t12241w0,2023,6
2021-12-16#t5832w0,2021,6
2023-11-02#t13857w3,2023,6
2023-06-15#t12885w0,2023,6
2023-12-07#t15197w2,2023,6
2024-11-27#t406w2,2024,6
2021-05-14#t2444w5,2021,6
2022-06-10#t7972w0,2022,6
2023-06-15#t12875w0,2023,6
2024-03-28#t16020w0,2024,6
2022-11-02#t8998w0,2022,6
2023-12-06#t15054w2,2023,6
2021-05-19#t2653w0,2021,6
2024-11-26#t301w2,2024,6
2021-05-19#t2685w2,2021,6
2021-12-03#t5142w1,2021,6
2021-05-18#t2580w5,2021,6
2021-05-14#t2441w4,2021,6
2022-11-25#t9915w2,2022,6
2020-12-08#t402w1,2020,6
2022-03-25#t6147w2,2022,6
2021-05-18#t2590w1,2021,6
2018-11-21#t607w0,2018,6
2025-06-03#t3099w0,2025,6
2020-06-09#t4264w0,2020,6
2024-05-29#t17082w0,2024,6
2025-10-28#t298w0,2025,6
2022-10-28#t8758w6,2022,6
2022-11-25#t9932w0,2022,6
2021-03-23#t1716w1,2021,6
2022-11-03#t9109w2,2022,6
2022-11-03#t9096w5,2022,6
2019-11-22#t2547w0,2019,6
2022-05-13#t6923w0,2022,6
2023-11-03#t14013w0,2023,6
2018-10-31#t378w6,2018,6
2025-10-29#t329w0,2025,6
2024-05-31#t17320w0,2024,6
2020-12-18#t1231w0,2020,6
2019-12-18#t3385w0,2019,6
2022-03-31#t6461w5,2022,6
2022-12-13#t10519w1,2022,6
2023-11-29#t14548w0,2023,6
2021-05-19#t2724w0,2021,6
2022-10-12#t8533w0,2022,6
2018-11-23#t668w0,2018,6
2025-11-19#t1091w0,2025,6
2024-05-14#t16582w0,2024,6
2025-03-19#t1146w1,2025,6
2019-11-26#t2667w0,2019,6
2024-05-08#t16357w1,2024,6
2022-10-04#t8096w0,2022,6
2020-12-16#t1063w0,2020,6
2018-10-26#t195w9,2018,6
2019-12-11#t3060w0,2019,6
2021-12-03#t5154w0,2021,6
2024-03-27#t15979w7,2024,6
2021-12-17#t5927w1,2021,6
2020-03-13#t3912w0,2020,6
2026-05-06#t2707w0,2026,6
2025-12-05#t1582w0,2025,6
2022-10-06#t8330w0,2022,6
2021-12-01#t4916w0,2021,6
2025-05-07#t1791w1,2025,6
2023-10-25#t13445w1,2023,6
2022-05-18#t7030w0,2022,6
2023-11-30#t14663w0,2023,6
2019-11-26#t2690w10,2019,6
2021-06-02#t3143w4,2021,6
2021-11-04#t4075w0,2021,6
2021-12-03#t5160w12,2021,6
2023-11-22#t14201w0,2023,6
2021-06-11#t3756w2,2021,6
2020-12-09#t437w1,2020,6
2022-03-29#t6199w0,2022,6
2024-12-10#t637w0,2024,6
2023-06-13#t12684w0,2023,6
2025-05-29#t2918w0,2025,6
2025-10-22#t42w0,2025,6
2019-12-13#t3244w0,2019,6
2019-03-22#t1231w0,2019,6
2021-12-07#t5299w9,2021,6
2021-03-25#t1925w0,2021,6
2021-12-08#t5330w0,2021,6
2018-10-30#t293w2,2018,6
2021-12-08#t5357w0,2021,6
2022-05-10#t6519w0,2022,6
2023-11-22#t14155w0,2023,6
2023-05-18#t12169w5,2023,6
2020-12-17#t1172w0,2020,6
2022-10-28#t8769w0,2022,6
2020-03-13#t3914w0,2020,6
2025-03-25#t1364w0,2025,6
2020-06-11#t4496w0,2020,6
2022-12-14#t10601w5,2022,6
2023-05-18#t12154w9,2023,6
2024-03-27#t15930w0,2024,6
2021-12-09#t5541w1,2021,6
2024-03-20#t15583w0,2024,6
2026-05-14#t3158w1,2026,6
2024-11-22#t184w0,2024,6
2022-10-05#t8190w0,2022,6
2023-11-02#t13788w0,2023,6
2022-12-07#t10134w2,2022,6
2020-06-17#t4699w0,2020,6
2025-05-27#t2636w0,2025,6
2021-05-19#t2729w1,2021,6
2023-11-01#t13732w0,2023,6
2022-05-11#t6660w4,2022,6
2024-05-14#t16599w0,2024,6
2023-05-10#t11561w0,2023,6
2023-10-26#t13578w0,2023,6
2019-05-16#t1799w0,2019,6
2022-12-13#t10507w4,2022,6
2019-05-31#t2275w0,2019,6
2021-03-17#t1501w0,2021,6
2024-03-20#t15524w0,2024,6
2022-12-06#t10070w0,2022,6
2019-03-22#t1245w0,2019,6
2025-05-14#t2281w0,2025,6
2022-11-02#t8969w2,2022,6
2025-05-07#t1809w4,2025,6
2020-12-15#t796w0,2020,6
2022-10-12#t8550w0,2022,6
2023-11-28#t14499w0,2023,6
2026-05-13#t3027w0,2026,6
2021-06-02#t3161w7,2021,6
2021-11-09#t4216w0,2021,6
2025-10-28#t282w14,2025,6
2019-11-26#t2631w0,2019,6
2022-03-30#t6363w0,2022,6
2021-11-04#t4083w1,2021,6
2021-11-03#t3974w0,2021,6
2023-03-24#t10970w0,2023,6
2022-11-18#t9578w0,2022,6
2024-05-09#t16456w1,2024,6
2023-11-23#t14343w6,2023,6
2023-10-18#t13098w0,2023,6
2020-12-16#t905w0,2020,6
2023-05-16#t11918w5,2023,6
2024-05-15#t16705w0,2024,6
2019-12-12#t385w1,2019,6
2019-05-14#t1704w0,2019,6
2023-12-06#t15061w1,2023,6
2023-11-29#t14579w0,2023,6
2022-05-18#t7014w0,2022,6
2024-05-08#t16274w0,2024,6
2020-12-09#t572w12,2020,6
2018-11-23#t704w0,2018,6
2022-12-14#t10613w3,2022,6
2022-11-17#t9440w0,2022,6
2022-10-26#t8655w0,2022,6
2021-12-02#t5052w1,2021,6
2023-12-06#t15075w5,2023,6
2018-11-20#t550w0,2018,6
2026-03-25#t2389w0,2026,6
2023-05-17#t12045w4,2023,6
2019-12-12#t358w5,2019,6
2021-06-10#t3677w4,2021,6
2024-06-06#t17556w0,2024,6
2020-06-10#t4375w0,2020,6
2025-10-24#t141w0,2025,6
2019-05-14#t1602w0,2019,6
2021-02-12#t1333w0,2021,6
2024-05-08#t16347w0,2024,6
2023-12-05#t14911w0,2023,6
2018-11-23#t730w0,2018,6
2023-11-24#t14409w0,2023,6
2022-12-16#t10772w0,2022,6
2023-05-17#t12004w1,2023,6
2023-06-13#t12723w2,2023,6
2022-11-25#t9917w7,2022,6
2021-03-23#t1710w0,2021,6
2021-06-01#t3032w17,2021,6
2025-11-20#t1150w0,2025,6
2023-12-05#t14933w2,2023,6
2022-11-17#t9440w3,2022,6
2020-03-13#t3944w5,2020,6
2020-06-17#t4670w0,2020,6
2018-10-24#t101w0,2018,6
2024-03-27#t15967w4,2024,6
2019-11-26#t2688w0,2019,6
2023-03-30#t11345w0,2023,6
2019-12-10#t2949w0,2019,6
2023-03-29#t11256w0,2023,6
2020-12-18#t1208w0,2020,6
2022-12-15#t10651w0,2022,6
2019-05-14#t1737w0,2019,6
2022-03-30#t6354w3,2022,6
2019-03-22#t1257w0,2019,6
2021-03-25#t1922w0,2021,6
2024-05-17#t16943w0,2024,6
2023-05-19#t12285w2,2023,6
2022-12-14#t10588w1,2022,6
2025-03-26#t1517w12,2025,6
2021-05-19#t2723w1,2021,6
2022-12-07#t10215w0,2022,6
2024-03-27#t15837w0,2024,6
2020-12-17#t1124w0,2020,6
2018-10-31#t384w6,2018,6
2022-03-29#t6254w0,2022,6
2021-03-25#t1934w0,2021,6
2023-11-24#t14395w0,2023,6
2023-05-11#t11734w0,2023,6
2022-05-18#t7059w0,2022,6
2025-03-25#t1304w0,2025,6
2021-02-12#t1345w0,2021,6
2025-11-20#t1165w0,2025,6
2018-10-26#t176w0,2018,6
2025-06-03#t3057w0,2025,6
2019-05-14#t1663w0,2019,6
2025-12-04#t1544w0,2025,6
2025-05-15#t2392w0,2025,6
2023-05-11#t11755w6,2023,6
2023-12-01#t14819w1,2023,6
2024-05-30#t17165w0,2024,6
2024-05-08#t16345w0,2024,6
2022-05-20#t7248w0,2022,6
2022-05-13#t6908w0,2022,6
2026-05-06#t2744w1,2026,6
2018-11-28#t949w1,2018,6
2022-05-19#t7170w2,2022,6
2021-05-20#t2797w0,2021,6
2023-06-07#t12426w0,2023,6
2025-03-27#t1551w0,2025,6
2026-05-14#t3141w0,2026,6
2024-12-11#t679w0,2024,6
2022-12-14#t10550w0,2022,6
2024-05-07#t16205w0,2024,6
2025-05-13#t2090w0,2025,6
2025-11-19#t1058w0,2025,6
2026-05-13#t3025w0,2026,6
2019-12-19#t3509w0,2019,6
2024-03-27#t15840w0,2024,6
2024-03-26#t15831w5,2024,6
2021-05-13#t2358w0,2021,6
2023-11-01#t13721w0,2023,6
2019-05-31#t2193w0,2019,6
2023-10-26#t13539w0,2023,6
2022-11-17#t9429w2,2022,6
2021-12-01#t4930w0,2021,6
2021-12-03#t5102w0,2021,6
2026-03-20#t2224w0,2026,6
2023-11-02#t13805w0,2023,6
2021-03-23#t1684w2,2021,6
2023-10-18#t13099w0,2023,6
2023-05-18#t12170w5,2023,6
2022-11-16#t9365w1,2022,6
2023-10-26#t13526w0,2023,6
2022-06-01#t7432w0,2022,6
2021-06-01#t3037w0,2021,6
2018-12-11#t1017w0,2018,6
2023-11-24#t14399w0,2023,6
2022-03-23#t6019w0,2022,6
2023-11-02#t13865w3,2023,6
2025-03-25#t1301w0,2025,6
2021-06-03#t3215w0,2021,6
2021-11-02#t3872w1,2021,6
2023-11-21#t14100w4,2023,6
2023-03-22#t10909w0,2023,6
2025-05-27#t2648w4,2025,6
2022-06-07#t7683w0,2022,6
2020-06-10#t4365w0,2020,6
2026-05-07#t2804w0,2026,6
2020-03-11#t3763w0,2020,6
2019-12-11#t3007w0,2019,6
2024-05-14#t16601w0,2024,6
2021-05-18#t2542w0,2021,6
2023-03-30#t11395w5,2023,6
2023-05-16#t11882w0,2023,6
2025-10-28#t218w0,2025,6
2025-11-19#t1089w0,2025,6
2023-12-06#t14974w0,2023,6
2024-11-21#t124w2,2024,6
2019-12-17#t3319w0,2019,6
2024-03-28#t16007w2,2024,6
2023-05-19#t12196w0,2023,6
2022-11-24#t9798w5,2022,6
2023-05-12#t11844w0,2023,6
2025-12-04#t1493w0,2025,6
2022-03-25#t6144w1,2022,6
2023-10-24#t13339w2,2023,6
2024-11-27#t406w3,2024,6
2018-12-11#t1085w3,2018,6
2022-11-03#t9004w0,2022,6
2021-11-03#t3963w1,2021,6
2018-11-28#t948w0,2018,6
2023-05-18#t12121w0,2023,6
2021-06-03#t3269w0,2021,6
2020-12-16#t878w0,2020,6
2023-11-02#t13802w0,2023,6
2019-05-14#t1615w0,2019,6
2025-11-06#t772w0,2025,6
2022-03-25#t6083w0,2022,6
2022-10-05#t8171w0,2022,6
2018-11-27#t816w0,2018,6
2023-05-19#t12285w1,2023,6
2022-11-03#t9038w0,2022,6
2019-12-17#t3361w0,2019,6
2021-05-11#t2081w6,2021,6
2023-03-28#t11052w0,2023,6
2023-06-16#t12986w0,2023,6
2019-05-31#t2201w0,2019,6
2020-03-13#t3970w0,2020,6
2021-11-25#t4675w0,2021,6
2021-05-18#t2582w3,2021,6
2024-05-10#t16506w0,2024,6
2023-12-08#t15248w0,2023,6
2023-10-18#t13130w0,2023,6
2021-05-13#t2367w0,2021,6
2019-12-20#t3670w0,2019,6
2022-12-15#t10750w2,2022,6
2021-06-02#t3154w2,2021,6
2022-11-25#t9915w7,2022,6
2023-05-11#t11760w2,2023,6
2022-06-02#t7568w1,2022,6
2024-06-05#t17533w1,2024,6
2019-05-10#t101w0,2019,6
2020-06-09#t4313w0,2020,6
2021-12-16#t5881w1,2021,6
2018-11-21#t643w0,2018,6
2025-05-06#t1669w0,2025,6
2019-05-14#t1742w0,2019,6
2023-06-13#t12726w7,2023,6
2019-12-19#t3522w0,2019,6
2020-11-18#t86w0,2020,6
2024-11-26#t279w0,2024,6
2025-05-28#t2798w1,2025,6
2022-10-11#t8476w0,2022,6
2022-03-31#t6459w1,2022,6
2022-12-13#t10467w0,2022,6
2023-11-23#t14332w0,2023,6
2019-12-19#t3559w1,2019,6
2021-12-03#t5095w0,2021,6
2025-11-04#t570w0,2025,6
2018-11-23#t759w0,2018,6
2022-11-22#t9611w0,2022,6
2023-05-16#t11919w3,2023,6
2025-05-14#t2200w0,2025,6
2022-11-03#t9102w4,2022,6
2025-12-11#t1931w1,2025,6
2019-11-20#t2431w0,2019,6
2019-05-07#t1371w0,2019,6
2024-03-26#t15806w6,2024,6
2021-06-01#t3037w3,2021,6
2024-03-28#t16019w0,2024,6
2018-10-30#t229w0,2018,6
2018-10-24#t98w0,2018,6
2022-11-23#t9705w0,2022,6
2023-11-22#t14213w0,2023,6
2021-06-01#t2995w0,2021,6
2020-11-18#t90w0,2020,6
2024-11-27#t386w0,2024,6
2021-11-03#t3971w0,2021,6
2022-11-15#t9215w1,2022,6
2018-10-31#t378w0,2018,6
2023-12-05#t14932w1,2023,6
2023-12-01#t14768w0,2023,6
2022-05-31#t7331w0,2022,6
2021-05-12#t2219w2,2021,6
2023-05-17#t12018w0,2023,6
2022-11-02#t8999w3,2022,6
2020-03-12#t3853w0,2020,6
2024-11-26#t273w0,2024,6
2021-12-08#t5413w1,2021,6
2021-06-09#t3502w0,2021,6
2022-10-26#t8671w0,2022,6
2024-05-16#t16754w0,2024,6
2020-12-18#t1279w2,2020,6
2025-12-12#t1970w0,2025,6
2023-06-13#t12732w10,2023,6
2021-05-14#t2442w0,2021,6
2025-11-06#t797w1,2025,6
2021-12-14#t5720w0,2021,6
2022-05-12#t6867w1,2022,6
2024-11-27#t442w3,2024,6
2020-03-13#t3904w0,2020,6
2024-05-14#t16598w0,2024,6
2022-05-13#t6948w0,2022,6
2020-05-26#t4027w0,2020,6
2021-06-02#t3111w0,2021,6
2023-10-25#t13400w0,2023,6
2022-11-24#t9811w0,2022,6
2025-03-26#t1512w2,2025,6
2018-11-28#t910w0,2018,6
2018-11-28#t908w0,2018,6
2025-06-06#t3440w0,2025,6
2019-11-28#t2760w0,2019,6
2022-12-07#t10138w7,2022,6
2022-11-25#t9871w0,2022,6
2024-03-26#t15830w6,2024,6
2024-06-06#t17553w0,2024,6
2023-06-07#t12416w0,2023,6
2021-03-19#t1607w0,2021,6
2020-06-18#t4768w0,2020,6
2018-11-28#t969w15,2018,6
2019-12-12#t398w3,2019,6
2023-05-17#t12042w1,2023,6
2024-11-26#t307w0,2024,6
2019-05-14#t1677w0,2019,6
2023-12-01#t14774w0,2023,6
2021-05-19#t2690w2,2021,6
2021-05-19#t2648w0,2021,6
2020-12-09#t555w0,2020,6
2026-03-20#t2214w5,2026,6
2020-05-26#t4072w0,2020,6
2024-05-08#t16334w3,2024,6
2026-05-13#t3093w2,2026,6
2020-12-16#t884w0,2020,6
2022-05-12#t6792w0,2022,6
2021-11-12#t4461w0,2021,6
2025-03-26#t1504w11,2025,6
2020-12-08#t426w1,2020,6
2022-12-13#t10509w11,2022,6
2020-06-18#t4815w0,2020,6
2023-06-15#t12895w0,2023,6
2024-03-27#t15979w15,2024,6
2021-11-05#t4209w2,2021,6
2018-11-27#t852w3,2018,6
2023-12-12#t15407w0,2023,6
2023-05-09#t11462w0,2023,6
2025-11-06#t797w3,2025,6
2025-05-09#t1983w0,2025,6
2024-03-28#t16061w1,2024,6
2022-11-22#t9647w0,2022,6
2023-03-22#t10919w0,2023,6
2019-05-31#t2304w0,2019,6
2022-11-24#t9804w2,2022,6
2022-11-16#t9272w0,2022,6
2023-12-05#t14889w0,2023,6
2022-11-25#t9891w0,2022,6
2022-05-20#t7235w0,2022,6
2021-11-02#t3864w0,2021,6
2022-11-24#t9792w4,2022,6
2025-12-11#t1917w0,2025,6
2021-05-21#t2951w1,2021,6
2018-10-31#t386w18,2018,6
2024-11-28#t541w2,2024,6
2019-12-10#t2877w0,2019,6
2022-11-23#t9677w0,2022,6
2025-12-12#t1978w0,2025,6
2023-06-15#t12910w2,2023,6
2023-06-13#t12727w2,2023,6
2019-11-27#t232w3,2019,6
2025-03-27#t1601w0,2025,6
2019-11-27#t234w0,2019,6
2020-03-13#t3931w0,2020,6
2020-12-10#t684w0,2020,6
2025-03-26#t1437w0,2025,6
2025-05-07#t1773w0,2025,6
2019-11-28#t2743w0,2019,6
2022-05-18#t7017w0,2022,6
2022-03-30#t6353w9,2022,6
2022-05-19#t7153w3,2022,6
2022-05-11#t6606w0,2022,6
2019-05-16#t1855w5,2019,6
2019-05-28#t1920w0,2019,6
2019-11-22#t2475w0,2019,6
2021-05-11#t2074w0,2021,6
2021-06-01#t3035w4,2021,6
2019-12-13#t3238w1,2019,6
2019-05-31#t2290w0,2019,6
2022-11-03#t9102w3,2022,6
2021-05-14#t2451w0,2021,6
2020-11-18#t89w0,2020,6
2021-11-25#t4682w0,2021,6
2018-11-01#t461w5,2018,6
2022-06-02#t7510w0,2022,6
2022-05-12#t6825w0,2022,6
2026-05-07#t2808w0,2026,6
2019-05-08#t1466w0,2019,6
2025-11-04#t589w0,2025,6
2019-11-21#t2460w8,2019,6
2023-11-01#t13744w0,2023,6
2024-06-05#t17516w0,2024,6
2019-12-17#t3314w0,2019,6
2022-11-03#t9033w0,2022,6
2018-11-20#t550w2,2018,6
2023-10-18#t13115w0,2023,6
2023-11-21#t14082w0,2023,6
2025-03-19#t1061w0,2025,6
2023-12-07#t15208w1,2023,6
2019-12-20#t3630w0,2019,6
2019-05-16#t1848w1,2019,6
2022-06-07#t7717w0,2022,6
2022-06-07#t7715w0,2022,6
2022-10-26#t8631w0,2022,6
2025-12-05#t1561w0,2025,6
2023-12-12#t15373w0,2023,6
2025-05-07#t1791w8,2025,6
2018-11-01#t500w2,2018,6
2025-10-30#t515w2,2025,6
2023-11-21#t14100w3,2023,6
2023-10-18#t13136w0,2023,6
2024-11-28#t456w0,2024,6
2021-06-08#t3441w0,2021,6
2024-03-26#t15776w0,2024,6
2023-12-06#t15047w0,2023,6
2024-05-14#t16605w0,2024,6
2021-03-19#t1586w0,2021,6
2020-06-18#t4816w0,2020,6
2023-10-25#t13465w6,2023,6
2024-03-27#t15872w0,2024,6
2024-12-12#t781w0,2024,6
2025-12-11#t1836w0,2025,6
2022-06-02#t7571w2,2022,6
2018-10-31#t384w3,2018,6
2019-03-22#t1240w0,2019,6
2019-12-10#t2873w0,2019,6
2022-11-25#t9933w0,2022,6
2023-12-01#t14828w2,2023,6
2021-06-11#t3733w0,2021,6
2024-03-26#t15756w0,2024,6
2023-10-26#t13575w0,2023,6
2019-05-14#t1752w0,2019,6
2021-11-03#t3980w0,2021,6
2022-11-02#t8986w5,2022,6
2026-03-18#t2130w0,2026,6
2023-11-02#t13853w0,2023,6
2025-06-05#t3278w0,2025,6
2020-05-26#t4095w0,2020,6
2025-06-05#t3331w3,2025,6
2022-05-19#t7179w1,2022,6
2023-11-24#t14351w0,2023,6
2025-12-12#t1949w0,2025,6
2023-06-15#t12955w1,2023,6
2020-12-10#t619w0,2020,6
2023-03-29#t11243w6,2023,6
2021-11-09#t4261w0,2021,6
2026-05-13#t3086w0,2026,6
2018-10-30#t290w2,2018,6
2023-12-05#t14864w0,2023,6
2020-11-18#t142w2,2020,6
2025-05-07#t1801w3,2025,6
2024-11-26#t255w0,2024,6
2026-05-14#t3162w0,2026,6
2025-05-08#t1914w0,2025,6
2021-05-13#t2277w0,2021,6
2025-06-03#t3119w0,2025,6
2022-11-01#t8866w0,2022,6
2025-12-04#t1496w0,2025,6
2023-05-11#t11769w3,2023,6
2021-03-19#t1610w14,2021,6
2019-12-12#t298w0,2019,6
2019-12-19#t3497w0,2019,6
2025-11-04#t595w0,2025,6
2018-11-23#t746w1,2018,6
2018-10-23#t19w2,2018,6
2026-05-06#t2745w0,2026,6
2019-11-26#t2694w8,2019,6
2022-11-03#t9052w0,2022,6
2022-03-30#t6350w6,2022,6
2026-03-26#t2500w0,2026,6
2022-06-02#t7520w0,2022,6
2023-10-24#t13344w16,2023,6
2022-06-01#t7443w0,2022,6
2025-12-12#t1998w0,2025,6
2025-06-04#t3170w0,2025,6
2024-05-17#t16856w0,2024,6
2020-06-10#t4360w0,2020,6
2022-11-25#t9917w6,2022,6
2023-05-18#t12157w0,2023,6
2025-05-28#t2723w0,2025,6
2021-12-02#t5026w1,2021,6
2023-06-15#t12831w0,2023,6
2024-11-27#t430w2,2024,6
2023-03-28#t11104w0,2023,6
2019-11-27#t154w0,2019,6
2021-11-04#t4106w1,2021,6
2025-05-29#t2847w0,2025,6
2023-05-11#t11755w1,2023,6
2023-05-18#t12161w0,2023,6
2023-06-15#t12952w0,2023,6
2021-12-09#t5447w0,2021,6
2023-05-10#t11652w2,2023,6
2023-11-21#t14105w0,2023,6
2021-12-03#t5093w0,2021,6
2024-11-20#t76w0,2024,6
2022-05-19#t7198w5,2022,6
2019-11-27#t232w5,2019,6
2023-05-10#t11655w8,2023,6
2019-03-22#t1284w0,2019,6
2022-12-13#t10509w4,2022,6
2023-03-24#t11000w0,2023,6
2023-03-28#t11156w4,2023,6
2022-10-28#t8770w1,2022,6
2025-03-19#t1134w1,2025,6
2024-03-26#t15831w8,2024,6
2021-11-04#t4060w0,2021,6
2020-12-10#t676w0,2020,6
2023-05-11#t11783w1,2023,6
2019-11-26#t2636w0,2019,6
2021-03-23#t1708w0,2021,6
2025-05-27#t2597w0,2025,6
2020-03-13#t3944w3,2020,6
2022-06-07#t7699w0,2022,6
2024-05-08#t16305w0,2024,6
2022-05-17#t6992w0,2022,6
2019-05-16#t1855w4,2019,6
2018-10-26#t196w3,2018,6
2021-11-25#t4725w3,2021,6
2022-10-25#t8577w2,2022,6
2020-06-17#t4722w0,2020,6
2020-06-17#t4683w0,2020,6
2023-05-19#t12257w0,2023,6
2023-05-11#t11761w2,2023,6
2023-11-24#t14408w0,2023,6
2022-05-12#t6812w1,2022,6
2019-11-27#t167w0,2019,6
2023-10-25#t13397w0,2023,6
2024-03-22#t15642w0,2024,6
2021-11-04#t4057w1,2021,6
2023-10-26#t13542w0,2023,6
2023-05-18#t12137w0,2023,6
2021-12-08#t5353w0,2021,6
2022-11-24#t9822w0,2022,6
2021-11-09#t4249w0,2021,6
2023-11-23#t14332w4,2023,6
2023-05-10#t11633w0,2023,6
2021-12-02#t5012w1,2021,6
2023-03-29#t11237w0,2023,6
2024-11-26#t229w0,2024,6
2022-10-06#t8352w8,2022,6
2023-10-25#t13374w0,2023,6
2023-05-17#t12037w13,2023,6
2022-11-01#t8858w0,2022,6
2025-03-19#t1138w2,2025,6
2019-11-26#t2596w0,2019,6
2022-05-20#t7245w0,2022,6
2023-03-28#t11051w0,2023,6
2024-05-10#t16499w0,2024,6
2025-05-08#t1924w0,2025,6
2023-05-19#t12280w2,2023,6
2025-05-13#t2151w8,2025,6
2021-03-25#t1924w3,2021,6
2022-10-06#t8337w1,2022,6
2023-12-06#t15083w2,2023,6
2019-05-31#t2284w0,2019,6
2025-05-28#t2778w1,2025,6
2021-11-04#t4034w0,2021,6
2023-11-21#t14096w0,2023,6
2024-12-10#t606w0,2024,6
2026-03-26#t2546w4,2026,6
2026-03-24#t2245w0,2026,6
2023-03-28#t11152w1,2023,6
2022-05-11#t6679w4,2022,6
2021-11-23#t4542w0,2021,6
2019-12-13#t3184w0,2019,6
2023-05-19#t12275w3,2023,6
2019-05-14#t1710w0,2019,6
2018-12-11#t996w0,2018,6
2019-11-28#t2761w0,2019,6
2020-12-09#t573w7,2020,6
2022-11-24#t9841w0,2022,6
2023-06-15#t12937w1,2023,6
2019-11-22#t2466w0,2019,6
2021-12-03#t5142w8,2021,6
2022-06-02#t7568w2,2022,6
2021-03-23#t1713w1,2021,6
2024-06-04#t17426w0,2024,6
2020-06-11#t4405w0,2020,6
2025-10-28#t286w0,2025,6
2025-12-12#t1968w0,2025,6
2019-12-20#t3604w0,2019,6
2020-11-24#t306w0,2020,6
2025-05-28#t2807w5,2025,6
2023-12-13#t15425w0,2023,6
2019-11-26#t2688w6,2019,6
2019-11-27#t209w0,2019,6
2024-11-26#t324w0,2024,6
2025-12-02#t1372w3,2025,6
2021-12-07#t5239w3,2021,6
2019-11-20#t2457w1,2019,6
2021-05-14#t2441w2,2021,6
2021-12-09#t5548w0,2021,6
2025-12-10#t1749w0,2025,6
2022-06-07#t7742w4,2022,6
2022-11-15#t9236w3,2022,6
2023-10-17#t13059w4,2023,6
2023-12-06#t14978w0,2023,6
2023-10-20#t13252w2,2023,6
2020-12-09#t570w4,2020,6
2022-06-03#t7641w0,2022,6
2024-05-08#t16321w0,2024,6
2021-03-25#t1943w1,2021,6
2024-12-11#t693w0,2024,6
2021-03-17#t1511w0,2021,6
2022-11-16#t9297w0,2022,6
2023-10-20#t13251w16,2023,6
2019-05-28#t2033w0,2019,6
2021-05-19#t2666w3,2021,6
2021-11-10#t4333w0,2021,6
2021-03-23#t1659w0,2021,6
2023-05-11#t11772w3,2023,6
2019-12-20#t3648w0,2019,6
2021-12-02#t5039w0,2021,6
2026-03-26#t2489w0,2026,6
2020-05-27#t4124w0,2020,6
2018-12-11#t1090w0,2018,6
2021-06-08#t3435w0,2021,6
2022-10-26#t8607w0,2022,6
2025-11-07#t891w0,2025,6
2020-06-10#t4401w1,2020,6
2021-03-23#t1715w10,2021,6
2021-05-21#t2908w0,2021,6
2025-11-18#t999w0,2025,6
2019-11-22#t2504w0,2019,6
2021-12-01#t4929w2,2021,6
2022-03-30#t6332w2,2022,6
2025-05-28#t2778w5,2025,6
2022-03-25#t6142w2,2022,6
2023-12-05#t14928w3,2023,6
2022-05-19#t7187w1,2022,6
2023-03-22#t10879w0,2023,6
2024-12-13#t850w0,2024,6
2023-11-24#t14353w0,2023,6
2023-05-17#t12003w1,2023,6
2018-12-12#t1131w0,2018,6
2021-05-18#t2582w4,2021,6
2022-06-09#t7864w0,2022,6
2025-12-11#t1913w0,2025,6
2021-06-02#t3133w1,2021,6
2023-06-13#t12650w0,2023,6
2021-12-14#t5692w0,2021,6
2022-11-18#t9556w0,2022,6
2019-11-22#t2485w0,2019,6
2019-12-11#t3121w0,2019,6
2024-05-07#t16213w1,2024,6
2022-06-07#t7742w1,2022,6
2024-12-10#t605w0,2024,6
2023-12-05#t14945w1,2023,6
2018-11-28#t942w4,2018,6
2023-11-22#t14203w5,2023,6
2022-05-11#t6696w3,2022,6
2021-11-04#t4107w2,2021,6
2024-03-26#t15806w3,2024,6
2025-05-13#t2138w0,2025,6
2019-11-26#t2701w0,2019,6
2021-06-10#t3632w3,2021,6
2023-11-02#t13867w0,2023,6
2022-05-10#t6570w9,2022,6
2019-03-22#t1330w0,2019,6
2025-05-30#t2962w0,2025,6
2026-03-26#t2554w2,2026,6
2025-06-03#t3073w0,2025,6
2022-11-15#t9233w1,2022,6
2025-10-24#t188w10,2025,6
2026-03-24#t2305w0,2026,6
2023-12-08#t15231w0,2023,6
2019-11-28#t2762w0,2019,6
2025-03-26#t1410w0,2025,6
2023-05-18#t12153w3,2023,6
2023-03-23#t10940w9,2023,6
2025-06-06#t3419w0,2025,6
2019-12-12#t316w0,2019,6
2021-11-25#t4708w5,2021,6
2021-05-20#t2740w0,2021,6
2024-03-22#t15662w0,2024,6
2025-12-03#t1409w0,2025,6
2022-03-31#t6468w6,2022,6
2023-06-15#t12955w0,2023,6
2022-10-07#t8423w0,2022,6
2025-05-06#t1671w0,2025,6
2021-03-24#t1808w0,2021,6
2018-10-30#t293w1,2018,6
2018-11-01#t471w0,2018,6
2025-12-11#t1893w1,2025,6
2025-11-19#t1054w0,2025,6
2021-11-24#t4572w0,2021,6
2024-05-30#t17244w3,2024,6
2022-05-11#t6630w0,2022,6
2023-12-01#t14805w0,2023,6
2025-11-04#t597w0,2025,6
2022-06-10#t7963w0,2022,6
2025-03-19#t1134w2,2025,6
2022-05-19#t7125w0,2022,6
2022-05-20#t7277w0,2022,6
2025-03-27#t1618w5,2025,6
2023-03-29#t11230w1,2023,6
2019-03-22#t1301w6,2019,6
2025-12-09#t1658w0,2025,6
2024-05-31#t17330w0,2024,6
2022-03-31#t6429w0,2022,6
2022-03-25#t6126w0,2022,6
2019-03-22#t1334w0,2019,6
2025-05-13#t2093w1,2025,6
2022-11-24#t9788w0,2022,6
2022-06-07#t7716w0,2022,6
2021-05-18#t2589w7,2021,6
2019-12-11#t3059w0,2019,6
2023-03-29#t11270w1,2023,6
2021-03-23#t1679w1,2021,6
2022-06-09#t7867w0,2022,6
2025-05-07#t1791w2,2025,6
2023-10-20#t13236w0,2023,6
2022-12-06#t10073w1,2022,6
2021-06-11#t3750w9,2021,6
2022-10-28#t8727w0,2022,6
2022-12-13#t10524w1,2022,6
2023-12-06#t15084w3,2023,6
2024-11-27#t420w1,2024,6
2025-05-07#t1809w0,2025,6
2019-05-14#t1617w0,2019,6
2021-12-14#t5694w0,2021,6
2018-10-31#t374w2,2018,6
2024-12-13#t870w0,2024,6
2022-03-23#t6035w0,2022,6
2021-12-16#t5821w0,2021,6
2018-10-31#t362w0,2018,6
2022-11-17#t9402w0,2022,6
2021-06-09#t3492w0,2021,6
2024-05-28#t16974w0,2024,6
2019-03-22#t1230w0,2019,6
2025-06-06#t3437w0,2025,6
2023-11-22#t14152w0,2023,6
2018-10-26#t193w14,2018,6
2022-06-10#t7968w0,2022,6
2023-05-12#t11835w0,2023,6
2022-10-06#t8301w0,2022,6
2019-12-17#t3301w0,2019,6
2022-11-01#t8855w2,2022,6
2018-11-27#t849w14,2018,6
2022-12-13#t10456w0,2022,6
2022-10-06#t8325w6,2022,6
2021-05-14#t2419w0,2021,6
2025-10-31#t538w0,2025,6
2023-12-06#t15040w0,2023,6
2023-03-29#t11243w4,2023,6
2023-12-01#t14788w0,2023,6
2022-12-15#t10690w2,2022,6
2024-06-07#t17774w0,2024,6
2021-11-05#t4164w0,2021,6
2022-12-08#t10369w1,2022,6
2018-11-23#t683w0,2018,6
2021-02-12#t1388w5,2021,6
2021-05-18#t2589w11,2021,6
2023-03-24#t10967w0,2023,6
2022-05-12#t6861w7,2022,6
2023-06-09#t12596w0,2023,6
2023-05-10#t11624w2,2023,6
2022-06-02#t7581w5,2022,6
2023-05-16#t11894w0,2023,6
2021-05-13#t2286w0,2021,6
2025-03-27#t1610w0,2025,6
2022-11-02#t8995w0,2022,6
2021-11-25#t4720w0,2021,6
2021-05-19#t2723w0,2021,6
2025-11-06#t823w0,2025,6
2023-10-26#t13566w0,2023,6
2022-05-19#t7210w5,2022,6
2022-11-17#t9428w3,2022,6
2024-05-30#t17178w0,2024,6
2020-11-18#t102w0,2020,6
2025-10-30#t460w0,2025,6
2025-06-03#t3102w0,2025,6
2023-12-08#t15304w1,2023,6
2022-11-25#t9941w10,2022,6
2023-11-02#t13881w1,2023,6
2023-11-29#t14569w0,2023,6
2022-06-09#t7866w0,2022,6
2021-05-12#t2235w9,2021,6
2025-05-30#t2999w0,2025,6
2023-06-09#t12590w0,2023,6
2023-11-30#t14690w0,2023,5
2022-11-18#t9546w0,2022,5
2019-11-22#t2543w0,2019,5
2019-11-26#t2634w0,2019,5
2022-06-02#t7485w0,2022,5
2025-10-30#t468w0,2025,5
2022-12-06#t10054w4,2022,5
2023-03-28#t11142w17,2023,5
2023-05-11#t11777w3,2023,5
2018-11-21#t623w0,2018,5
2022-10-28#t8701w0,2022,5
2025-06-06#t3395w0,2025,5
2019-05-31#t2222w0,2019,5
2023-12-13#t15506w2,2023,5
2019-11-22#t2524w0,2019,5
2020-12-11#t754w0,2020,5
2024-05-17#t16915w0,2024,5
2022-11-24#t9842w0,2022,5
2022-05-11#t6674w2,2022,5
2025-03-25#t1388w1,2025,5
2018-10-23#t1w0,2018,5
2021-11-05#t4149w0,2021,5
2025-05-16#t2483w0,2025,5
2022-03-30#t6354w13,2022,5
2022-05-12#t6798w0,2022,5
2019-11-29#t2861w28,2019,5
2019-05-31#t2309w0,2019,5
2021-05-14#t2451w9,2021,5
2019-11-28#t2808w0,2019,5
2019-12-10#t2910w0,2019,5
2025-03-26#t1466w0,2025,5
2025-12-09#t1706w0,2025,5
2025-12-03#t1449w0,2025,5
2024-12-10#t587w0,2024,5
2025-03-25#t1368w7,2025,5
2019-05-16#t1886w6,2019,5
2024-03-28#t15989w0,2024,5
2023-11-30#t14747w4,2023,5
2021-11-10#t4341w0,2021,5
2022-12-08#t10313w0,2022,5
2021-05-14#t2445w0,2021,5
2024-05-08#t16354w0,2024,5
2024-11-27#t437w9,2024,5
2022-12-15#t10645w0,2022,5
2021-06-10#t3686w2,2021,5
2021-06-10#t3556w0,2021,5
2019-05-16#t1819w0,2019,5
2022-06-02#t7578w3,2022,5
2024-05-16#t16810w0,2024,5
2018-10-30#t252w0,2018,5
2024-05-17#t16934w0,2024,5
2022-05-19#t7122w0,2022,5
2021-11-04#t4109w3,2021,5
2023-10-26#t13519w0,2023,5
2025-05-07#t1762w0,2025,5
2023-05-19#t12248w0,2023,5
2022-06-02#t7595w4,2022,5
2022-06-03#t7633w0,2022,5
2022-12-07#t10167w3,2022,5
2021-05-12#t2146w0,2021,5
2025-03-19#t1109w5,2025,5
2023-05-18#t12153w16,2023,5
2019-05-28#t1959w0,2019,5
2019-11-22#t2564w2,2019,5
2019-05-28#t1923w0,2019,5
2021-11-02#t3855w0,2021,5
2025-10-29#t411w2,2025,5
2022-11-17#t9482w0,2022,5
2021-12-02#t5024w8,2021,5
2024-05-07#t16208w0,2024,5
2025-11-18#t1010w0,2025,5
2019-05-08#t1461w0,2019,5
2022-11-25#t9915w9,2022,5
2022-11-18#t9523w0,2022,5
2022-12-08#t10296w2,2022,5
2023-03-30#t11401w5,2023,5
2020-05-27#t4181w0,2020,5
2021-06-02#t3164w0,2021,5
2021-11-05#t4209w4,2021,5
2022-11-18#t9577w0,2022,5
2019-05-31#t2144w0,2019,5
2025-11-18#t1020w1,2025,5
2021-11-25#t4673w0,2021,5
2019-12-17#t3374w1,2019,5
2022-06-08#t7772w0,2022,5
2021-11-25#t4687w0,2021,5
2026-05-07#t2874w1,2026,5
2021-05-18#t2587w0,2021,5
2022-11-17#t9431w2,2022,5
2022-03-25#t6141w6,2022,5
2022-10-06#t8342w4,2022,5
2023-03-29#t11238w2,2023,5
2021-11-26#t4795w0,2021,5
2018-11-23#t765w0,2018,5
2025-03-19#t1088w1,2025,5
2021-03-17#t1469w0,2021,5
2022-12-13#t10517w3,2022,5
2023-03-24#t11030w0,2023,5
2019-05-07#t1392w0,2019,5
2022-10-28#t8746w1,2022,5
2023-06-13#t12706w0,2023,5
2021-03-25#t1972w0,2021,5
2024-11-27#t414w2,2024,5
2024-12-13#t905w0,2024,5
2025-05-14#t2291w0,2025,5
2021-03-19#t1531w0,2021,5
2022-03-30#t6349w4,2022,5
2019-12-10#t2985w0,2019,5
2025-12-11#t1794w0,2025,5
2021-11-23#t4525w0,2021,5
2019-05-28#t1995w0,2019,5
2019-12-10#t2983w2,2019,5
2019-11-20#t2356w0,2019,5
2024-05-08#t16272w0,2024,5
2025-03-21#t1253w2,2025,5
2022-03-29#t6246w0,2022,5
2022-03-31#t6437w0,2022,5
2021-11-04#t4059w0,2021,5
2021-03-23#t1642w0,2021,5
2025-12-05#t1601w0,2025,5
2021-06-03#t3288w1,2021,5
2023-03-22#t10874w0,2023,5
2024-05-31#t17332w0,2024,5
2023-11-22#t14128w0,2023,5
2023-03-28#t11056w0,2023,5
2025-10-28#t297w2,2025,5
2021-06-08#t3461w1,2021,5
2022-06-03#t7675w0,2022,5
2021-12-01#t4898w0,2021,5
2021-05-21#t2927w2,2021,5
2021-03-25#t1923w5,2021,5
2025-05-28#t2682w0,2025,5
2021-05-19#t2690w6,2021,5
2021-03-25#t1880w0,2021,5
2022-11-25#t9934w1,2022,5
2023-11-30#t14703w0,2023,5
2018-10-31#t372w2,2018,5
2022-11-03#t9117w3,2022,5
2024-12-12#t836w2,2024,5
2022-11-16#t9271w0,2022,5
2025-10-28#t297w3,2025,5
2018-11-28#t962w5,2018,5
2020-12-16#t915w0,2020,5
2023-11-01#t13702w0,2023,5
2021-05-14#t2380w0,2021,5
2025-06-04#t3199w0,2025,5
2019-11-27#t249w0,2019,5
2021-06-08#t3403w0,2021,5
2021-05-21#t2870w0,2021,5
2024-03-28#t15993w0,2024,5
2022-12-06#t9996w0,2022,5
2022-12-08#t10327w0,2022,5
2025-06-05#t3334w0,2025,5
2023-03-30#t11369w4,2023,5
2023-06-06#t12313w0,2023,5
2019-05-31#t2281w0,2019,5
2023-06-09#t12591w0,2023,5
2021-12-08#t5337w0,2021,5
2023-03-24#t11015w7,2023,5
2022-12-08#t10304w1,2022,5
2024-05-16#t16812w0,2024,5
2018-10-30#t274w4,2018,5
2024-11-22#t139w0,2024,5
2023-12-07#t15163w0,2023,5
2023-06-09#t12600w0,2023,5
2025-10-30#t495w1,2025,5
2019-12-12#t364w0,2019,5
2019-12-20#t3680w1,2019,5
2023-11-03#t14008w0,2023,5
2021-06-03#t3260w6,2021,5
2024-05-17#t16898w0,2024,5
2019-12-19#t3485w0,2019,5
2021-11-12#t4478w3,2021,5
2022-03-30#t6332w15,2022,5
2025-03-19#t1134w5,2025,5
2021-12-14#t5709w0,2021,5
2021-05-12#t2210w1,2021,5
2024-06-06#t17640w3,2024,5
2019-05-28#t2025w0,2019,5
2023-11-03#t13971w2,2023,5
2022-11-15#t9239w2,2022,5
2022-12-07#t10145w0,2022,5
2021-05-14#t2445w10,2021,5
2023-06-16#t12975w0,2023,5
2025-03-19#t1134w4,2025,5
2023-06-07#t12409w0,2023,5
2022-06-08#t7768w0,2022,5
2020-12-11#t755w4,2020,5
2026-03-20#t2212w0,2026,5
2023-12-08#t15237w0,2023,5
2018-10-30#t246w0,2018,5
2024-03-27#t15879w0,2024,5
2023-12-12#t15343w0,2023,5
2022-05-31#t7351w6,2022,5
2021-11-12#t4416w0,2021,5
2022-05-11#t6737w0,2022,5
2024-12-12#t816w0,2024,5
2022-06-08#t7828w3,2022,5
2023-12-12#t15354w0,2023,5
2024-05-09#t16407w0,2024,5
2022-10-11#t8494w0,2022,5
2020-05-27#t4154w0,2020,5
2023-12-07#t15202w0,2023,5
2025-05-29#t2909w2,2025,5
2026-05-08#t2947w0,2026,5
2025-03-27#t1550w0,2025,5
2025-10-30#t469w0,2025,5
2023-06-09#t12575w0,2023,5
2019-11-20#t2321w0,2019,5
2021-12-09#t5445w0,2021,5
2018-10-30#t307w0,2018,5
2020-12-10#t606w0,2020,5
2022-11-02#t8932w0,2022,5
2023-05-18#t12134w2,2023,5
2023-06-15#t12932w8,2023,5
2024-06-04#t17387w0,2024,5
2021-12-09#t5508w0,2021,5
2025-05-14#t2339w0,2025,5
2023-11-30#t14667w0,2023,5
2022-03-30#t6348w10,2022,5
2023-10-26#t13576w0,2023,5
2022-05-11#t6681w0,2022,5
2019-05-31#t2182w0,2019,5
2025-03-25#t1368w3,2025,5
2022-10-28#t8759w14,2022,5
2020-11-18#t44w0,2020,5
2023-12-01#t14834w2,2023,5
2021-11-12#t4475w1,2021,5
2019-11-27#t194w0,2019,5
2022-11-15#t9211w1,2022,5
2020-05-26#t4099w0,2020,5
2020-12-18#t1232w0,2020,5
2021-12-09#t5467w0,2021,5
2018-11-28#t906w0,2018,5
2025-12-09#t1669w0,2025,5
2025-05-09#t2013w6,2025,5
2020-06-11#t4503w1,2020,5
2023-05-10#t11664w0,2023,5
2021-06-01#t3037w4,2021,5
2022-05-19#t7189w2,2022,5
2021-11-24#t4616w0,2021,5
2023-06-13#t12708w0,2023,5
2024-05-17#t16948w1,2024,5
2025-05-07#t1801w2,2025,5
2021-06-09#t3511w0,2021,5
2022-05-13#t6897w0,2022,5
2023-12-07#t15203w2,2023,5
2025-03-27#t1548w0,2025,5
2022-12-08#t10349w1,2022,5
2021-05-13#t2262w0,2021,5
2025-12-03#t1381w0,2025,5
2025-12-11#t1918w4,2025,5
2025-05-16#t2540w3,2025,5
2021-11-26#t4767w0,2021,5
2023-11-02#t13863w2,2023,5
2019-12-17#t3303w0,2019,5
2024-11-27#t359w0,2024,5
2020-06-11#t4408w0,2020,5
2022-12-15#t10724w2,2022,5
2023-05-10#t11649w3,2023,5
2019-11-22#t2566w0,2019,5
2018-10-26#t195w8,2018,5
2025-12-04#t1542w0,2025,5
2024-03-28#t16041w0,2024,5
2024-11-22#t188w0,2024,5
2023-12-01#t14799w0,2023,5
2018-10-30#t301w1,2018,5
2020-12-17#t1193w0,2020,5
2021-12-09#t5533w1,2021,5
2021-05-14#t2439w0,2021,5
2024-03-27#t15927w3,2024,5
2023-06-09#t12632w1,2023,5
2022-11-18#t9540w0,2022,5
2021-03-25#t1867w0,2021,5
2020-12-10#t663w5,2020,5
2021-03-19#t1565w0,2021,5
2022-10-06#t8327w0,2022,5
2021-02-12#t1413w5,2021,5
2018-10-30#t257w0,2018,5
2021-06-03#t3295w2,2021,5
2022-12-15#t10741w1,2022,5
2020-12-09#t569w1,2020,5
2019-05-16#t1813w0,2019,5
2022-03-31#t6461w1,2022,5
2024-11-28#t516w1,2024,5
2023-11-03#t13944w0,2023,5
2019-11-26#t2632w0,2019,5
2022-10-26#t8621w0,2022,5
2024-03-22#t15723w0,2024,5
2026-03-26#t2498w0,2026,5
2020-06-17#t4628w0,2020,5
2025-05-15#t2372w0,2025,5
2024-05-29#t17104w0,2024,5
2024-06-07#t17770w0,2024,5
2024-05-28#t17030w1,2024,5
2021-12-02#t5026w5,2021,5
2021-05-13#t2268w0,2021,5
2024-06-07#t17771w4,2024,5
2023-06-15#t12912w1,2023,5
2021-06-02#t3150w0,2021,5
2021-05-19#t2643w0,2021,5
2022-12-06#t9988w0,2022,5
2018-11-01#t461w7,2018,5
2023-12-01#t14831w13,2023,5
2022-10-06#t8322w0,2022,5
2019-12-11#t3121w2,2019,5
2021-02-12#t1372w0,2021,5
2025-11-21#t1274w0,2025,5
2022-05-19#t7206w0,2022,5
2021-11-02#t3812w0,2021,5
2019-11-22#t2525w0,2019,5
2022-05-11#t6660w5,2022,5
2022-05-10#t6594w0,2022,5
2021-12-15#t5760w0,2021,5
2024-05-17#t16947w4,2024,5
2022-05-19#t7171w0,2022,5
2019-12-17#t3283w0,2019,5
2021-05-21#t2928w1,2021,5
2023-06-07#t12422w0,2023,5
2023-05-09#t11517w0,2023,5
2023-11-22#t14145w0,2023,5
2025-05-09#t1994w0,2025,5
2022-05-18#t7044w0,2022,5
2022-10-12#t8539w0,2022,5
2021-11-05#t4146w0,2021,5
2018-10-26#t191w5,2018,5
2025-10-29#t333w0,2025,5
2024-03-22#t15705w13,2024,5
2023-05-18#t12183w0,2023,5
2020-03-11#t3741w0,2020,5
2020-12-18#t1293w0,2020,5
2021-12-17#t5978w2,2021,5
2022-05-19#t7121w0,2022,5
2021-05-21#t2922w0,2021,5
2021-12-16#t5835w0,2021,5
2019-12-13#t3181w0,2019,5
2022-12-16#t10773w0,2022,5
2025-05-28#t2791w2,2025,5
2024-11-27#t442w0,2024,5
2022-06-02#t7565w3,2022,5
2023-06-14#t12763w0,2023,5
2022-03-31#t6450w4,2022,5
2021-12-07#t5215w0,2021,5
2020-03-13#t3932w0,2020,5
2019-11-20#t2369w0,2019,5
2023-10-20#t13256w3,2023,5
2023-11-03#t14007w1,2023,5
2019-05-28#t2041w0,2019,5
2022-11-02#t8915w0,2022,5
2022-06-02#t7504w0,2022,5
2023-12-06#t15023w0,2023,5
2023-05-10#t11649w1,2023,5
2021-11-23#t4527w0,2021,5
2021-11-04#t4100w2,2021,5
2024-11-27#t375w0,2024,5
2025-10-29#t336w0,2025,5
2024-05-10#t16504w0,2024,5
2018-12-12#t1177w4,2018,5
2018-11-28#t981w0,2018,5
2025-03-19#t1021w0,2025,5
2023-05-10#t11617w0,2023,5
2022-12-15#t10725w4,2022,5
2021-06-02#t3118w0,2021,5
2019-12-19#t3568w0,2019,5
2022-11-15#t9230w1,2022,5
2023-12-06#t15084w7,2023,5
2021-11-03#t3956w0,2021,5
2022-06-02#t7575w3,2022,5
2024-05-08#t16255w0,2024,5
2023-03-24#t11013w10,2023,5
2019-05-28#t2013w0,2019,5
2021-03-24#t1809w1,2021,5
2022-11-02#t8986w9,2022,5
2021-06-10#t3563w0,2021,5
2021-11-25#t4724w0,2021,5
2022-05-10#t6594w2,2022,5
2021-06-02#t3166w4,2021,5
2018-10-24#t99w0,2018,5
2019-12-19#t3526w0,2019,5
2022-03-31#t6410w0,2022,5
2019-05-14#t1576w0,2019,5
2023-12-01#t14844w0,2023,5
2025-05-14#t2237w3,2025,5
2023-11-24#t14376w0,2023,5
2024-05-29#t17101w0,2024,5
2023-11-01#t13767w2,2023,5
2021-12-03#t5064w0,2021,5
2021-06-02#t3143w6,2021,5
2021-06-01#t2996w0,2021,5
2023-10-24#t13306w0,2023,5
2019-05-28#t1931w0,2019,5
2026-03-25#t2420w1,2026,5
2025-05-13#t2106w0,2025,5
2021-03-24#t1826w0,2021,5
2022-06-09#t7890w0,2022,5
2025-12-09#t1673w0,2025,5
2019-03-22#t1314w8,2019,5
2021-06-09#t3509w0,2021,5
2024-11-20#t75w0,2024,5
2018-11-01#t487w3,2018,5
2023-10-24#t13344w1,2023,5
2022-05-11#t6640w0,2022,5
2024-11-27#t422w18,2024,5
2024-11-26#t311w5,2024,5
2024-05-15#t16684w0,2024,5
2023-10-25#t13382w0,2023,5
2022-11-16#t9288w0,2022,5
2021-03-19#t1562w0,2021,5
2020-12-09#t479w0,2020,5
2023-03-28#t11145w1,2023,5
2022-11-25#t9936w0,2022,5
2019-05-14#t1691w0,2019,5
2025-03-19#t1140w0,2025,5
2018-10-30#t310w0,2018,5
2025-11-07#t872w0,2025,5
2023-06-09#t12643w9,2023,5
2020-06-17#t4634w0,2020,5
2026-03-24#t2329w0,2026,5
2022-11-03#t9056w0,2022,5
2021-05-13#t2311w0,2021,5
2023-03-30#t11308w0,2023,5
2024-11-28#t541w1,2024,5
2018-11-01#t495w2,2018,5
2021-11-03#t3911w0,2021,5
2022-11-24#t9805w0,2022,5
2021-05-21#t2932w0,2021,5
2024-12-11#t668w0,2024,5
2021-06-08#t3407w0,2021,5
2020-11-20#t238w0,2020,5
2023-10-20#t13245w3,2023,5
2021-05-12#t2204w3,2021,5
2020-11-18#t118w0,2020,5
2025-05-29#t2866w0,2025,5
2023-12-06#t15044w0,2023,5
2022-03-25#t6158w3,2022,5
2021-11-03#t3973w0,2021,5
2020-12-08#t401w1,2020,5
2020-06-10#t4400w0,2020,5
2022-12-07#t10120w0,2022,5
2021-11-12#t4478w1,2021,5
2026-05-06#t2674w0,2026,5
2026-03-25#t2405w0,2026,5
2021-12-08#t5365w0,2021,5
2023-06-07#t12435w0,2023,5
2020-11-20#t266w0,2020,5
2018-11-01#t463w4,2018,5
2023-12-07#t15159w0,2023,5
2023-05-10#t11655w6,2023,5
2022-03-30#t6354w20,2022,5
2021-06-01#t3052w0,2021,5
2023-03-24#t11019w4,2023,5
2021-06-10#t3606w0,2021,5
2023-05-10#t11594w0,2023,5
2024-05-17#t16879w0,2024,5
2022-10-07#t8378w0,2022,5
2021-05-12#t2204w4,2021,5
2024-05-07#t16110w0,2024,5
2019-05-10#t63w0,2019,5
2024-03-27#t15951w0,2024,5
2025-03-19#t1072w0,2025,5
2024-06-07#t17739w0,2024,5
2022-11-16#t9269w0,2022,5
2020-11-18#t110w0,2020,5
2021-03-24#t1824w1,2021,5
2023-05-18#t12129w0,2023,5
2019-11-27#t174w0,2019,5
2020-06-11#t4477w1,2020,5
2022-11-24#t9798w0,2022,5
2022-06-07#t7739w0,2022,5
2023-05-16#t11924w7,2023,5
2024-05-07#t16145w0,2024,5
2022-03-31#t6392w0,2022,5
2022-11-16#t9339w1,2022,5
2019-05-07#t1382w0,2019,5
2021-12-16#t5879w1,2021,5
2024-06-04#t17381w0,2024,5
2023-11-03#t13920w0,2023,5
2023-12-07#t15198w0,2023,5
2023-03-29#t11271w3,2023,5
2021-05-20#t2841w0,2021,5
2023-12-08#t15299w2,2023,5
2025-10-29#t376w0,2025,5
2021-11-05#t4143w0,2021,5
2025-06-06#t3388w0,2025,5
2024-03-28#t16089w2,2024,5
2023-05-17#t11965w0,2023,5
2021-06-08#t3384w0,2021,5
2023-11-21#t14121w4,2023,5
2023-10-20#t13211w0,2023,5
2023-12-07#t15203w0,2023,5
2024-06-05#t17509w0,2024,5
2023-12-01#t14770w0,2023,5
2022-10-11#t8496w0,2022,5
2022-03-30#t6358w0,2022,5
2024-05-10#t16476w0,2024,5
2022-11-15#t9163w0,2022,5
2021-03-26#t1992w0,2021,5
2022-06-08#t7826w0,2022,5
2022-05-11#t6716w0,2022,5
2019-11-27#t247w3,2019,5
2025-03-21#t1252w9,2025,5
2022-11-02#t8982w2,2022,5
2020-12-16#t961w0,2020,5
2025-10-24#t195w7,2025,5
2022-12-13#t10517w5,2022,5
2018-11-01#t512w0,2018,5
2026-05-06#t2736w1,2026,5
2024-06-05#t17467w0,2024,5
2023-05-17#t11969w0,2023,5
2022-11-18#t9522w0,2022,5
2023-06-15#t12941w5,2023,5
2024-03-22#t15695w5,2024,5
2022-11-17#t9485w0,2022,5
2024-06-04#t17380w0,2024,5
2022-11-16#t9287w0,2022,5
2021-06-03#t3253w1,2021,5
2023-05-18#t12153w7,2023,5
2023-03-30#t11411w1,2023,5
2023-05-18#t12066w0,2023,5
2025-03-21#t1205w0,2025,5
2019-05-08#t1492w0,2019,5
2022-12-09#t10429w0,2022,5
2023-06-06#t12336w0,2023,5
2019-11-29#t2861w17,2019,5
2022-10-26#t8638w0,2022,5
2022-11-15#t9218w1,2022,5
2022-03-30#t6294w0,2022,5
2023-03-30#t11417w0,2023,5
2022-11-25#t9853w0,2022,5
2020-12-10#t610w0,2020,5
2023-03-24#t11015w10,2023,5
2023-12-01#t14831w11,2023,5
2021-12-10#t5581w0,2021,5
2021-11-09#t4273w0,2021,5
2025-12-12#t1984w0,2025,5
2022-05-11#t6693w1,2022,5
2019-05-07#t1424w0,2019,5
2021-06-02#t3088w0,2021,5
2024-06-05#t17534w0,2024,5
2021-05-13#t2260w0,2021,5
2020-12-16#t948w0,2020,5
2025-10-22#t14w0,2025,5
2019-05-31#t2264w0,2019,5
2021-12-14#t5704w0,2021,5
2019-11-22#t2508w0,2019,5
2021-05-11#t2081w8,2021,5
2022-11-22#t9603w0,2022,5
2021-05-19#t2716w1,2021,5
2022-10-28#t8771w1,2022,5
2018-11-27#t856w0,2018,5
2024-11-22#t159w0,2024,5
2019-11-27#t237w4,2019,5
2019-05-14#t1604w0,2019,5
2022-12-06#t10039w1,2022,5
2024-05-09#t16469w0,2024,5
2019-05-07#t1394w0,2019,5
2019-11-26#t2586w0,2019,5
2018-11-28#t962w4,2018,5
2022-11-24#t9790w5,2022,5
2021-12-09#t5443w0,2021,5
2021-05-18#t2587w1,2021,5
2019-12-10#t2926w0,2019,5
2018-10-31#t372w3,2018,5
2024-03-28#t16018w0,2024,5
2026-03-25#t2420w0,2026,5
2022-06-03#t7646w0,2022,5
2019-05-07#t1403w0,2019,5
2020-11-24#t306w2,2020,5
2025-03-21#t1253w10,2025,5
2023-05-18#t12116w0,2023,5
2022-10-04#t8126w0,2022,5
2024-03-28#t16021w0,2024,5
2023-12-06#t15055w0,2023,5
2019-05-14#t1622w0,2019,5
2025-11-05#t703w1,2025,5
2020-11-24#t298w0,2020,5
2020-12-09#t525w0,2020,5
2018-11-01#t463w2,2018,5
2024-11-28#t516w0,2024,5
2021-03-23#t1623w0,2021,5
2020-12-17#t1172w1,2020,5
2022-06-01#t7377w0,2022,5
2019-05-31#t2175w0,2019,5
2023-11-01#t13705w0,2023,5
2026-05-14#t3196w6,2026,5
2020-06-10#t4348w0,2020,5
2022-11-17#t9479w0,2022,5
2021-11-03#t3975w1,2021,5
2020-12-18#t1237w0,2020,5
2024-11-27#t439w0,2024,5
2021-05-14#t2439w4,2021,5
2023-03-30#t11394w1,2023,5
2021-05-11#t2099w0,2021,5
2023-12-06#t15084w9,2023,5
2021-05-18#t2593w1,2021,5
2025-05-29#t2907w1,2025,5
2024-03-22#t15695w0,2024,5
2022-06-02#t7559w6,2022,5
2021-12-08#t5392w0,2021,5
2022-03-25#t6158w1,2022,5
2021-06-11#t3728w0,2021,5
2020-12-16#t1071w0,2020,5
2021-05-13#t2340w0,2021,5
2023-05-17#t11999w0,2023,5
2025-05-14#t2327w0,2025,5
2020-12-17#t1133w0,2020,5
2022-12-08#t10288w0,2022,5
2021-03-25#t1926w0,2021,5
2021-06-08#t3454w0,2021,5
2024-11-22#t214w7,2024,5
2025-03-26#t1518w4,2025,5
2021-12-08#t5407w0,2021,5
2025-12-11#t1923w0,2025,5
2023-10-24#t13298w0,2023,5
2021-05-18#t2577w4,2021,5
2019-11-27#t169w0,2019,5
2021-03-25#t1877w0,2021,5
2025-03-26#t1517w4,2025,5
2022-06-08#t7831w3,2022,5
2022-06-01#t7456w1,2022,5
2024-03-28#t16026w0,2024,5
2023-11-03#t13971w0,2023,5
2024-11-28#t504w0,2024,5
2023-11-03#t13972w0,2023,5
2022-11-16#t9340w0,2022,5
2025-05-15#t2366w0,2025,5
2025-05-28#t2715w0,2025,5
2022-05-11#t6699w2,2022,5
2024-06-07#t17703w0,2024,5
2025-05-13#t2128w1,2025,5
2022-12-16#t10779w0,2022,5
2021-12-03#t5160w6,2021,5
2025-11-05#t692w0,2025,5
2020-12-08#t401w0,2020,5
2025-05-14#t2304w0,2025,5
2021-06-10#t3596w0,2021,5
2019-12-19#t3490w0,2019,5
2019-12-10#t2923w0,2019,5
2023-06-06#t12340w0,2023,5
2023-11-23#t14233w0,2023,5
2024-05-08#t16264w0,2024,5
2022-06-08#t7791w0,2022,5
2023-05-19#t12218w0,2023,5
2020-06-16#t4552w0,2020,5
2022-10-04#t8074w0,2022,5
2020-11-18#t122w0,2020,5
2026-05-13#t3092w0,2026,5
2019-03-22#t1237w0,2019,5
2019-05-28#t2066w0,2019,5
2025-12-02#t1295w0,2025,5
2018-11-23#t743w3,2018,5
2022-10-26#t8608w0,2022,5
2023-03-30#t11365w7,2023,5
2020-06-18#t4786w0,2020,5
2024-11-22#t157w0,2024,5
2025-11-05#t675w0,2025,5
2019-12-12#t385w7,2019,5
2025-11-18#t982w0,2025,5
2023-11-24#t14425w0,2023,5
2024-12-13#t869w0,2024,5
2019-12-13#t3234w0,2019,5
2025-06-06#t3406w0,2025,5
2022-03-31#t6431w2,2022,5
2026-03-26#t2493w0,2026,5
2023-06-13#t12732w9,2023,5
2025-11-19#t1055w0,2025,5
2020-12-17#t1104w0,2020,5
2023-12-01#t14831w9,2023,5
2023-11-23#t14276w0,2023,5
2024-06-06#t17646w2,2024,5
2025-11-06#t828w0,2025,5
2019-12-11#t3110w0,2019,5
2025-11-19#t1093w0,2025,5
2018-10-24#t79w0,2018,5
2020-12-17#t1147w0,2020,5
2024-05-29#t17117w0,2024,5
2025-10-30#t503w4,2025,5
2021-03-24#t1824w0,2021,5
2026-05-14#t3118w0,2026,5
2023-03-22#t10927w0,2023,5
2020-12-10#t660w0,2020,5
2024-12-11#t667w0,2024,5
2022-11-15#t9229w3,2022,5
2022-03-31#t6442w1,2022,5
2024-12-13#t846w0,2024,5
2022-05-20#t7243w0,2022,5
2021-11-12#t4462w0,2021,5
2024-05-28#t16975w0,2024,5
2024-05-29#t17098w0,2024,5
2023-05-10#t11625w2,2023,5
2022-03-30#t6332w9,2022,5
2022-03-23#t6022w0,2022,5
2023-11-28#t14518w3,2023,5
2024-03-27#t15975w0,2024,5
2018-11-28#t960w2,2018,5
2023-11-22#t14204w2,2023,5
2019-05-31#t2143w0,2019,5
2022-10-28#t8765w3,2022,5
2023-12-07#t15198w4,2023,5
2022-05-12#t6870w0,2022,5
2025-11-18#t1004w1,2025,5
2023-06-15#t12932w7,2023,5
2022-11-01#t8855w8,2022,5
2023-10-26#t13565w2,2023,5
2024-05-07#t16220w0,2024,5
2018-11-28#t970w4,2018,5
2021-05-20#t2755w0,2021,5
2023-05-09#t11428w0,2023,5
2021-03-19#t1608w3,2021,5
2025-05-28#t2777w0,2025,5
2023-12-05#t14934w3,2023,5
2021-06-04#t3338w0,2021,5
2021-06-01#t3035w0,2021,5
2021-12-03#t5160w10,2021,5
2020-05-27#t4158w0,2020,5
2023-10-24#t13344w2,2023,5
2021-12-17#t5964w0,2021,5
2023-05-17#t12043w2,2023,5
2024-03-20#t15520w0,2024,5
2021-06-10#t3677w3,2021,5
2025-03-19#t1148w2,2025,5
2021-12-07#t5256w2,2021,5
2022-05-19#t7157w0,2022,5
2021-06-02#t3151w10,2021,5
2019-05-10#t55w0,2019,5
2019-12-17#t3264w0,2019,5
2022-05-19#t7133w0,2022,5
2022-10-04#t8083w0,2022,5
2021-05-13#t2363w3,2021,5
2024-05-17#t16947w0,2024,5
2024-05-15#t16724w0,2024,5
2022-12-09#t10424w0,2022,5
2026-03-20#t2208w2,2026,5
2025-03-26#t1440w0,2025,5
2021-06-02#t3174w6,2021,5
2019-03-22#t1301w5,2019,5
2023-11-03#t13934w0,2023,5
2023-05-09#t11453w0,2023,5
2021-12-07#t5227w0,2021,5
2025-03-21#t1259w0,2025,5
2025-11-20#t1215w1,2025,5
2023-03-29#t11241w0,2023,5
2022-06-01#t7444w0,2022,5
2019-05-16#t1827w0,2019,5
2023-11-21#t14052w0,2023,5
2024-11-27#t430w1,2024,5
2019-05-31#t2189w0,2019,5
2023-10-25#t13460w2,2023,5
2023-06-07#t12406w0,2023,5
2023-10-31#t13624w0,2023,5
2022-10-06#t8342w1,2022,5
2024-05-29#t17137w1,2024,5
2022-11-24#t9828w6,2022,5
2020-11-20#t195w0,2020,5
2023-03-30#t11414w3,2023,5
2024-12-11#t712w0,2024,5
2022-11-03#t9086w1,2022,5
2018-10-31#t385w5,2018,5
2019-11-29#t2861w26,2019,5
2025-05-07#t1810w3,2025,5
2023-05-18#t12155w7,2023,5
2025-05-07#t1801w6,2025,5
2020-06-09#t4276w0,2020,5
2025-03-27#t1603w1,2025,5
2024-11-22#t214w0,2024,5
2022-06-08#t7817w0,2022,5
2022-06-01#t7461w2,2022,5
2023-12-05#t14866w0,2023,5
2025-05-29#t2919w2,2025,5
2023-06-15#t12840w0,2023,5
2022-10-26#t8619w0,2022,5
2021-12-02#t5024w12,2021,5
2023-11-03#t13918w0,2023,5
2022-12-07#t10165w0,2022,5
2025-03-26#t1443w0,2025,5
2025-12-04#t1513w0,2025,5
2022-11-16#t9307w2,2022,5
2022-11-03#t9115w4,2022,5
2023-05-16#t11918w2,2023,5
2022-10-11#t8452w0,2022,5
2019-05-28#t2021w0,2019,5
2022-06-02#t7565w1,2022,5
2022-10-06#t8297w0,2022,5
2021-06-01#t3038w10,2021,5
2021-03-25#t1971w2,2021,5
2020-06-18#t4831w0,2020,5
2021-11-03#t3919w0,2021,5
2020-03-13#t3881w0,2020,5
2022-12-14#t10597w1,2022,5
2023-11-28#t14474w0,2023,5
2024-03-27#t15973w0,2024,5
2022-12-13#t10515w2,2022,5
2023-10-17#t13059w8,2023,5
2025-05-30#t2995w0,2025,5
2022-06-08#t7823w0,2022,5
2019-11-20#t2401w0,2019,5
2024-11-27#t423w1,2024,5
2023-06-08#t12465w0,2023,5
2022-10-28#t8772w2,2022,5
2021-06-01#t3038w12,2021,5
2019-12-17#t3326w0,2019,5
2018-10-26#t185w10,2018,5
2023-06-06#t12356w0,2023,5
2021-06-10#t3598w1,2021,5
2022-11-24#t9771w0,2022,5
2021-03-25#t1955w2,2021,5
2021-12-02#t5037w5,2021,5
2022-12-07#t10141w0,2022,5
2023-11-01#t13736w0,2023,5
2025-05-09#t2024w5,2025,5
2022-11-15#t9228w13,2022,5
2022-10-06#t8325w1,2022,5
2023-05-10#t11645w2,2023,5
2024-03-26#t15831w2,2024,5
2018-10-26#t191w4,2018,5
2025-05-09#t2011w0,2025,5
2021-12-02#t5036w3,2021,5
2023-06-08#t12504w0,2023,5
2021-03-25#t1951w2,2021,5
2022-03-25#t6149w1,2022,5
2021-05-13#t2338w0,2021,5
2019-12-13#t3237w0,2019,5
2019-12-19#t3558w0,2019,5
2020-12-11#t754w3,2020,5
2024-06-06#t17541w0,2024,5
2022-03-31#t6466w0,2022,5
2021-12-08#t5396w0,2021,5
2021-11-05#t4157w0,2021,5
2019-12-17#t3347w1,2019,5
2021-12-02#t5046w0,2021,5
2023-05-10#t11655w0,2023,5
2023-11-21#t14105w18,2023,5
2024-11-28#t470w0,2024,5
2021-05-19#t2676w0,2021,5
2023-12-13#t15463w0,2023,5
2021-05-14#t2399w0,2021,5
2021-12-09#t5448w0,2021,5
2021-05-20#t2793w5,2021,5
2022-03-31#t6431w1,2022,5
2018-11-27#t847w17,2018,5
2021-05-13#t2363w4,2021,5
2022-05-31#t7308w0,2022,5
2023-10-20#t13245w1,2023,5
2018-12-11#t1013w0,2018,5
2018-11-21#t574w0,2018,5
2022-05-12#t6820w2,2022,5
2022-10-05#t8222w3,2022,5
2019-11-26#t2635w0,2019,5
2022-03-29#t6187w0,2022,5
2023-11-02#t13875w3,2023,5
2024-05-28#t17041w6,2024,5
2020-05-26#t4058w0,2020,5
2023-05-19#t12283w0,2023,5
2022-12-06#t9977w0,2022,5
2021-12-16#t5840w0,2021,5
2019-12-18#t3416w0,2019,5
2022-10-06#t8325w0,2022,5
2021-12-08#t5404w0,2021,5
2022-12-14#t10558w0,2022,5
2021-05-12#t2160w0,2021,5
2023-05-16#t11911w0,2023,5
2022-05-12#t6808w0,2022,5
2020-06-16#t4572w0,2020,5
2021-06-04#t3340w0,2021,5
2018-10-26#t195w0,2018,5
2020-12-10#t635w0,2020,5
2025-11-20#t1113w0,2025,5
2019-05-07#t1339w3,2019,5
2022-12-15#t10697w1,2022,5
2022-05-13#t6882w0,2022,5
2022-10-06#t8352w1,2022,5
2023-10-20#t13249w3,2023,5
2022-11-15#t9210w1,2022,5
2025-03-19#t1111w6,2025,5
2021-05-13#t2327w2,2021,5
2022-11-17#t9477w0,2022,5
2020-10-07#t5w0,2020,5
2023-03-30#t11414w2,2023,5
2021-05-13#t2331w1,2021,5
2022-12-07#t10099w0,2022,5
2019-05-08#t1518w0,2019,5
2020-12-16#t900w0,2020,5
2023-05-10#t11653w5,2023,5
2020-05-27#t4162w0,2020,5
2020-06-11#t4443w0,2020,5
2021-12-17#t5949w0,2021,5
2021-11-05#t4170w0,2021,5
2018-10-31#t385w14,2018,5
2023-10-25#t13458w2,2023,5
2024-06-05#t17530w0,2024,5
2022-03-30#t6303w0,2022,5
2021-12-03#t5176w2,2021,5
2019-11-28#t2747w0,2019,5
2024-11-26#t305w4,2024,5
2019-12-19#t3564w3,2019,5
2022-10-06#t8304w0,2022,5
2021-11-12#t4442w0,2021,5
2021-06-03#t3271w0,2021,5
2022-11-02#t8977w5,2022,5
2025-06-03#t3129w0,2025,5
2024-05-10#t16525w0,2024,5
2019-12-20#t3687w0,2019,5
2025-10-30#t495w8,2025,5
2022-05-10#t6543w0,2022,5
2023-11-30#t14741w3,2023,5
2023-03-24#t11014w4,2023,5
2022-05-18#t7053w0,2022,5
2018-10-31#t384w8,2018,5
2018-11-28#t960w10,2018,5
2022-03-31#t6447w0,2022,5
2021-11-24#t4613w0,2021,5
2022-06-01#t7454w0,2022,5
2024-11-27#t388w0,2024,5
2022-11-25#t9924w0,2022,5
2025-12-10#t1786w0,2025,5
2020-11-20#t244w0,2020,5
2022-11-03#t9082w0,2022,5
2022-12-15#t10737w3,2022,5
2022-11-17#t9488w0,2022,5
2021-03-19#t1568w0,2021,5
2019-05-14#t1730w0,2019,5
2019-11-27#t221w0,2019,5
2023-05-17#t12009w3,2023,5
2025-10-29#t338w0,2025,5
2022-05-13#t6909w0,2022,5
2023-10-18#t13135w0,2023,5
2019-05-31#t2268w0,2019,5
2022-05-11#t6745w0,2022,5
2022-03-31#t6458w3,2022,5
2022-06-02#t7585w1,2022,5
2020-03-11#t3769w0,2020,5
2023-06-08#t12536w0,2023,5
2021-11-30#t4831w0,2021,5
2023-10-26#t13510w0,2023,5
2022-06-01#t7430w0,2022,5
2020-05-28#t4222w0,2020,5
2021-06-01#t3032w7,2021,5
2021-11-25#t4672w0,2021,5
2021-05-12#t2195w0,2021,5
2021-06-03#t3272w0,2021,5
2023-12-06#t15075w8,2023,5
2021-11-04#t4105w3,2021,5
2025-05-14#t2243w11,2025,5
2022-11-03#t9108w0,2022,5
2024-06-06#t17540w0,2024,5
2022-06-07#t7680w0,2022,5
2021-03-25#t1969w0,2021,5
2020-06-09#t4312w0,2020,5
2018-12-11#t1057w0,2018,5
2021-11-05#t4209w3,2021,5
2024-12-10#t638w0,2024,5
2024-05-31#t17342w0,2024,5
2025-05-28#t2788w0,2025,5
2025-12-12#t1962w0,2025,5
2019-12-11#t3116w1,2019,5
2019-05-28#t2018w0,2019,5
2024-05-08#t16346w3,2024,5
2023-11-30#t14718w6,2023,5
2024-05-28#t17039w0,2024,5
2026-05-07#t2790w0,2026,5
2018-12-12#t1105w0,2018,5
2022-11-17#t9478w3,2022,5
2024-11-27#t430w0,2024,5
2024-03-27#t15941w2,2024,5
2021-11-02#t3820w0,2021,5
2023-11-03#t13993w0,2023,5
2024-05-29#t17137w4,2024,5
2024-05-09#t16432w0,2024,5
2022-03-30#t6366w0,2022,5
2023-10-18#t13103w0,2023,5
2022-12-15#t10738w3,2022,5
2024-06-07#t17705w0,2024,5
2023-12-01#t14850w4,2023,5
2025-03-19#t1114w3,2025,5
2021-11-04#t4091w0,2021,5
2019-12-18#t3425w0,2019,5
2022-10-12#t8547w0,2022,5
2023-05-10#t11556w0,2023,5
2024-05-09#t16443w0,2024,5
2022-06-02#t7523w0,2022,5
2024-12-13#t866w0,2024,5
2021-05-18#t2576w3,2021,5
2021-11-02#t3874w0,2021,5
2023-03-30#t11315w0,2023,5
2023-11-21#t14102w6,2023,5
2024-06-05#t17462w0,2024,5
2022-05-13#t6933w0,2022,5
2022-11-25#t9928w8,2022,5
2024-11-22#t215w1,2024,5
2021-05-11#t2026w0,2021,5
2020-12-17#t1108w0,2020,5
2023-05-19#t12245w0,2023,5
2023-05-16#t11902w0,2023,5
2021-12-16#t5892w0,2021,5
2019-12-20#t3698w0,2019,5
2026-05-05#t2588w0,2026,5
2022-10-06#t8325w5,2022,5
2023-06-07#t12392w0,2023,5
2022-11-23#t9699w0,2022,5
2019-12-12#t317w0,2019,5
2021-12-09#t5535w3,2021,5
2025-03-27#t1563w0,2025,5
2026-05-14#t3131w0,2026,5
2023-05-09#t11484w0,2023,5
2022-12-15#t10711w1,2022,5
2018-10-24#t109w0,2018,5
2025-11-20#t1213w1,2025,5
2021-06-03#t3283w1,2021,5
2023-05-10#t11653w3,2023,5
2024-03-27#t15948w6,2024,5
2025-05-13#t2097w1,2025,5
2025-05-16#t2514w0,2025,5
2025-11-07#t916w2,2025,5
2021-03-25#t1872w0,2021,5
2024-12-10#t581w0,2024,5
2023-05-16#t11925w2,2023,5
2019-05-07#t1398w0,2019,5
2022-11-03#t9087w0,2022,5
2025-10-30#t466w0,2025,5
2023-03-24#t11044w3,2023,5
2022-05-11#t6670w4,2022,5
2023-12-06#t15076w1,2023,5
2020-11-20#t199w0,2020,5
2025-11-05#t714w0,2025,5
2020-06-10#t4354w0,2020,5
2024-12-13#t936w0,2024,5
2023-05-19#t12277w6,2023,5
2021-12-02#t5033w4,2021,5
2021-05-20#t2813w0,2021,5
2019-05-31#t2188w0,2019,5
2024-06-06#t17661w0,2024,5
2021-12-14#t5707w0,2021,5
2020-12-16#t902w0,2020,5
2019-11-27#t228w0,2019,5
2020-06-16#t4559w0,2020,5
2021-11-03#t3975w3,2021,5
2021-05-19#t2664w0,2021,5
2021-05-12#t2236w9,2021,5
2020-06-11#t4486w1,2020,5
2024-03-22#t15617w0,2024,5
2022-03-30#t6350w3,2022,5
2022-05-19#t7176w0,2022,5
2019-12-11#t3002w0,2019,5
2018-12-11#t1092w0,2018,5
2024-06-06#t17625w0,2024,5
2020-11-18#t48w0,2020,5
2019-11-28#t2848w0,2019,5
2026-03-26#t2528w1,2026,5
2023-05-19#t12276w0,2023,5
2022-03-29#t6202w0,2022,5
2021-12-09#t5544w0,2021,5
2023-12-06#t15004w0,2023,5
2020-12-08#t434w18,2020,5
2021-03-24#t1816w2,2021,5
2022-10-05#t8221w7,2022,5
2022-12-06#t10024w0,2022,5
2022-11-24#t9823w1,2022,5
2023-06-07#t12412w0,2023,5
2021-11-10#t4323w0,2021,5
2022-05-11#t6729w0,2022,5
2025-05-28#t2796w1,2025,5
2019-12-13#t3205w0,2019,5
2023-11-29#t14626w0,2023,5
2023-12-06#t15034w0,2023,5
2023-12-06#t15028w0,2023,5
2025-05-15#t2397w0,2025,5
2020-03-13#t3938w0,2020,5
2021-06-02#t3148w1,2021,5
2022-05-20#t7253w0,2022,5
2024-06-06#t17549w0,2024,5
2023-06-07#t12398w0,2023,5
2022-06-01#t7412w0,2022,5
2023-11-22#t14190w0,2023,5
2019-12-13#t3246w0,2019,5
2026-03-24#t2271w0,2026,5
2020-03-13#t3869w0,2020,5
2023-11-22#t14180w0,2023,5
2024-12-11#t671w0,2024,5
2022-10-06#t8339w4,2022,5
2021-05-18#t2588w3,2021,5
2026-03-20#t2226w0,2026,5
2022-12-15#t10694w1,2022,5
2021-12-02#t5012w8,2021,5
2022-11-03#t9121w1,2022,5
2021-12-14#t5724w0,2021,5
2023-11-21#t14121w3,2023,5
2024-05-29#t17123w1,2024,5
2020-06-09#t4298w1,2020,5
2022-11-17#t9416w0,2022,5
2023-10-25#t13367w0,2023,5
2022-10-05#t8175w0,2022,5
2025-11-05#t708w2,2025,5
2021-05-19#t2707w16,2021,5
2025-03-25#t1368w6,2025,5
2021-12-08#t5396w5,2021,5
2019-11-28#t2817w6,2019,5
2025-12-11#t1931w2,2025,5
2019-12-13#t3250w2,2019,5
2023-11-01#t13703w0,2023,5
2022-11-01#t8875w1,2022,5
2022-05-11#t6710w0,2022,5
2023-05-16#t11927w0,2023,5
2026-03-25#t2432w0,2026,5
2024-06-06#t17605w0,2024,5
2021-06-10#t3686w1,2021,5
2025-06-06#t3404w0,2025,5
2023-11-03#t14007w4,2023,5
2023-06-09#t12643w0,2023,5
2023-03-22#t10920w0,2023,5
2025-11-05#t708w1,2025,5
2023-12-06#t15088w0,2023,5
2022-05-19#t7216w0,2022,5
2021-11-24#t4606w0,2021,5
2022-11-25#t9917w4,2022,5
2022-05-31#t7351w1,2022,5
2021-05-12#t2204w14,2021,5
2023-12-05#t14936w0,2023,5
2022-11-17#t9456w0,2022,5
2023-12-05#t14933w0,2023,5
2021-05-12#t2181w0,2021,5
2022-05-31#t7351w5,2022,5
2025-12-12#t1966w0,2025,5
2018-10-31#t378w5,2018,5
2023-10-24#t13318w0,2023,5
2025-10-29#t397w4,2025,5
2021-03-23#t1708w10,2021,5
2021-06-03#t3244w3,2021,5
2020-12-16#t870w0,2020,5
2023-11-01#t13672w0,2023,5
2021-12-17#t5943w0,2021,5
2023-06-06#t12366w7,2023,5
2023-05-19#t12243w0,2023,5
2026-05-13#t3034w0,2026,5
2024-03-21#t15609w5,2024,5
2024-03-28#t15987w0,2024,5
2024-11-20#t23w0,2024,5
2022-03-30#t6337w2,2022,5
2023-05-17#t12037w9,2023,5
2025-03-19#t1098w2,2025,5
2021-12-16#t5879w3,2021,5
2022-11-24#t9828w3,2022,5
2019-12-20#t3648w1,2019,5
2022-05-11#t6717w0,2022,5
2018-10-30#t272w3,2018,5
2024-03-20#t15590w1,2024,5
2019-05-31#t2293w0,2019,5
2019-12-17#t3355w2,2019,5
2021-03-23#t1677w0,2021,5
2023-12-01#t14834w0,2023,5
2022-10-05#t8197w0,2022,5
2019-12-12#t302w0,2019,5
2024-03-22#t15716w2,2024,5
2022-11-25#t9904w0,2022,5
2022-11-17#t9409w0,2022,5
2026-03-24#t2300w1,2026,5
2021-05-12#t2235w6,2021,5
2023-11-22#t14219w0,2023,5
2022-10-28#t8764w0,2022,5
2022-06-02#t7587w4,2022,5
2021-03-23#t1678w0,2021,5
2022-06-03#t7675w2,2022,5
2021-12-09#t5515w5,2021,5
2018-11-23#t738w0,2018,5
2020-03-13#t3928w0,2020,5
2025-06-05#t3267w0,2025,5
2019-05-16#t1882w4,2019,5
2025-11-05#t696w0,2025,5
2022-03-30#t6298w0,2022,5
2018-11-01#t471w3,2018,5
2022-11-02#t8995w8,2022,5
2024-03-27#t15973w2,2024,5
2024-05-07#t16166w0,2024,5
2025-12-02#t1364w0,2025,5
2021-12-03#t5135w1,2021,5
2023-11-03#t13924w0,2023,5
2020-06-17#t4714w2,2020,5
2019-05-07#t1378w0,2019,5
2023-10-20#t13255w1,2023,5
2018-11-01#t461w4,2018,5
2019-12-17#t3288w0,2019,5
2018-11-01#t448w0,2018,5
2024-05-30#t17230w3,2024,5
2023-12-06#t15083w3,2023,5
2021-06-02#t3121w0,2021,5
2020-05-27#t4196w0,2020,5
2022-06-08#t7834w4,2022,5
2019-11-19#t116w1,2019,5
2021-06-03#t3294w1,2021,5
2022-05-12#t6782w0,2022,5
2022-05-19#t7210w4,2022,5
2021-06-04#t3361w0,2021,5
2023-11-02#t13824w0,2023,5
2022-11-16#t9332w0,2022,5
2022-12-07#t10145w1,2022,5
2021-06-03#t3249w3,2021,5
2022-10-28#t8686w0,2022,5
2022-06-07#t7712w0,2022,5
2024-11-26#t301w6,2024,5
2023-12-07#t15207w4,2023,5
2019-03-22#t1318w0,2019,5
2022-03-30#t6340w3,2022,5
2019-05-28#t2073w0,2019,5
2019-05-31#t2286w0,2019,5
2022-06-08#t7753w0,2022,5
2021-06-02#t3165w0,2021,5
2022-11-25#t9914w0,2022,5
2019-12-17#t3321w0,2019,5
2022-12-14#t10582w0,2022,5
2021-06-10#t3686w0,2021,5
2024-11-20#t36w0,2024,5
2023-05-17#t12061w1,2023,5
2023-10-25#t13452w1,2023,5
2023-05-19#t12272w2,2023,5
2021-05-19#t2725w0,2021,5
2023-06-14#t12822w5,2023,5
2019-05-28#t2012w0,2019,5
2022-10-07#t8384w0,2022,5
2022-05-19#t7099w0,2022,5
2022-06-08#t7833w2,2022,5
2022-11-17#t9396w0,2022,5
2022-06-02#t7552w0,2022,5
2024-12-10#t624w0,2024,5
2024-11-22#t161w0,2024,5
2024-11-22#t210w1,2024,5
2019-05-28#t1966w1,2019,5
2021-12-02#t5004w0,2021,5
2022-06-08#t7820w1,2022,5
2022-12-07#t10139w1,2022,5
2023-12-06#t15084w11,2023,5
2025-03-19#t1105w0,2025,5
2021-06-10#t3679w2,2021,5
2025-10-28#t241w0,2025,5
2018-12-11#t1066w2,2018,5
2021-11-02#t3861w0,2021,5
2023-12-06#t15082w1,2023,5
2022-11-01#t8841w0,2022,5
2022-11-15#t9188w0,2022,5
2023-03-30#t11338w0,2023,5
2019-05-08#t1521w0,2019,5
2021-05-21#t2905w0,2021,5
2022-05-10#t6523w0,2022,5
2024-06-07#t17777w0,2024,5
2023-06-13#t12714w1,2023,5
2020-11-20#t286w0,2020,5
2021-11-10#t4367w0,2021,5
2019-11-22#t2564w5,2019,5
2024-12-10#t639w0,2024,5
2023-11-30#t14658w0,2023,5
2018-11-01#t508w3,2018,5
2023-05-17#t12045w0,2023,5
2021-12-09#t5453w0,2021,5
2019-11-22#t2536w0,2019,5
2025-12-10#t1762w0,2025,5
2024-03-28#t16013w0,2024,5
2022-06-09#t7883w0,2022,5
2025-03-21#t1199w0,2025,5
2022-12-08#t10301w0,2022,5
2022-03-25#t6107w0,2022,5
2022-03-31#t6458w0,2022,5
2021-03-23#t1691w0,2021,5
2025-05-15#t2400w0,2025,5
2023-10-20#t13249w2,2023,5
2019-05-07#t1418w2,2019,5
2022-11-15#t9236w1,2022,5
2026-03-26#t2504w0,2026,5
2021-12-15#t5767w0,2021,5
2021-06-11#t3720w0,2021,5
2019-12-20#t3626w2,2019,5
2023-05-09#t11514w0,2023,5
2021-05-11#t2032w0,2021,5
2023-05-17#t12038w0,2023,5
2023-03-28#t11129w0,2023,5
2022-03-30#t6287w0,2022,5
2021-11-03#t3962w1,2021,5
2023-11-23#t14328w2,2023,5
2023-05-16#t11924w6,2023,5
2022-11-03#t9117w2,2022,5
2023-06-13#t12730w2,2023,5
2022-05-11#t6674w4,2022,5
2019-11-20#t2458w2,2019,5
2019-05-31#t2254w0,2019,5
2022-11-15#t9212w2,2022,5
2023-10-20#t13244w3,2023,5
2022-10-26#t8644w0,2022,5
2022-11-01#t8870w3,2022,5
2021-11-03#t3932w0,2021,5
2022-10-07#t8403w0,2022,5
2022-12-07#t10141w1,2022,5
2020-05-27#t4147w0,2020,5
2025-12-11#t1916w2,2025,5
2023-10-25#t13451w4,2023,5
2023-11-21#t14058w0,2023,5
2019-12-17#t3343w2,2019,5
2019-05-14#t1719w0,2019,5
2020-12-09#t536w0,2020,5
2022-03-30#t6353w7,2022,5
2021-12-01#t4931w0,2021,5
2022-03-31#t6439w0,2022,5
2023-10-26#t13567w0,2023,5
2020-12-18#t1223w0,2020,5
2024-05-16#t16766w0,2024,5
2018-12-11#t1056w0,2018,5
2026-05-05#t2639w1,2026,5
2022-03-25#t6157w1,2022,5
2021-12-03#t5135w0,2021,5
2021-06-02#t3086w0,2021,5
2024-05-31#t17344w0,2024,5
2023-12-13#t15494w0,2023,5
2022-12-08#t10335w1,2022,5
2020-12-10#t672w0,2020,5
2020-03-13#t3931w1,2020,5
2022-10-28#t8714w0,2022,5
2021-12-10#t5591w0,2021,5
2019-05-14#t1696w0,2019,5
2024-11-20#t70w0,2024,5
2023-05-11#t11781w1,2023,5
2023-03-24#t10994w0,2023,5
2021-06-03#t3258w6,2021,5
2021-06-03#t3253w3,2021,5
2022-12-14#t10586w1,2022,5
2021-12-10#t5660w1,2021,5
2023-12-06#t15085w1,2023,5
2021-05-12#t2195w3,2021,5
2019-05-14#t1720w0,2019,5
2018-10-30#t290w8,2018,5
2022-03-29#t6216w0,2022,5
2019-11-20#t2375w0,2019,5
2023-05-19#t12194w0,2023,5
2018-11-27#t847w2,2018,5
2022-11-24#t9836w1,2022,5
2022-05-19#t7195w2,2022,5
2021-05-19#t2707w12,2021,5
2021-02-12#t1387w0,2021,5
2023-05-18#t12174w5,2023,5
2023-06-07#t12394w0,2023,5
2019-03-21#t1199w14,2019,5
2022-05-19#t7220w1,2022,5
2026-05-13#t3038w0,2026,5
2023-10-25#t13457w0,2023,5
2023-10-18#t13112w0,2023,5
2021-05-20#t2837w3,2021,5
2025-05-08#t1839w0,2025,5
2021-11-04#t4085w0,2021,5
2022-11-24#t9818w2,2022,5
2023-12-01#t14831w12,2023,5
2022-06-10#t7941w0,2022,5
2018-10-26#t196w0,2018,5
2024-12-13#t875w0,2024,5
2022-11-02#t8905w0,2022,5
2023-03-22#t10895w0,2023,5
2022-05-13#t6906w0,2022,5
2024-03-26#t15828w3,2024,5
2024-06-06#t17567w0,2024,5
2023-03-29#t11182w0,2023,5
2021-05-20#t2834w5,2021,5
2021-03-25#t1934w2,2021,5
2024-05-30#t17245w3,2024,5
2019-03-22#t1300w1,2019,5
2024-11-20#t73w0,2024,5
2021-11-02#t3836w0,2021,5
2025-05-27#t2644w5,2025,5
2023-05-17#t12047w1,2023,5
2020-03-12#t3846w5,2020,5
2019-12-12#t358w7,2019,5
2018-11-21#t613w0,2018,5
2025-06-03#t3078w0,2025,5
2023-06-13#t12670w0,2023,5
2022-03-29#t6201w0,2022,5
2022-10-05#t8161w0,2022,5
2021-12-02#t5051w2,2021,5
2021-03-24#t1797w1,2021,5
2021-12-08#t5404w3,2021,5
2023-11-23#t14267w0,2023,5
2023-06-16#t13009w0,2023,5
2021-05-19#t2655w0,2021,5
2018-10-26#t127w0,2018,5
2021-11-23#t4540w0,2021,5
2022-06-07#t7742w2,2022,5
2021-06-03#t3260w5,2021,5
2022-06-02#t7559w1,2022,5
2023-11-30#t14706w0,2023,5
2021-12-08#t5333w0,2021,5
2021-11-12#t4451w0,2021,5
2023-11-03#t13886w0,2023,5
2026-05-13#t3068w0,2026,5
2019-11-28#t2737w0,2019,5
2022-10-04#t8121w0,2022,5
2021-06-10#t3605w2,2021,5
2021-06-03#t3305w0,2021,5
2025-11-07#t882w0,2025,5
2023-06-15#t12953w0,2023,5
2021-06-10#t3550w0,2021,5
2022-06-10#t7944w0,2022,5
2022-11-03#t9109w0,2022,5
2025-11-05#t709w0,2025,5
2023-06-13#t12675w0,2023,5
2019-03-22#t1315w0,2019,5
2019-05-28#t2028w0,2019,5
2023-10-20#t13258w1,2023,5
2019-05-31#t2114w0,2019,5
2022-11-03#t9111w4,2022,5
2022-05-11#t6744w6,2022,5
2019-05-28#t2091w0,2019,5
2023-03-30#t11369w1,2023,5
2019-12-19#t3545w0,2019,5
2021-12-03#t5154w6,2021,5
2018-12-12#t1137w0,2018,5
2025-03-25#t1318w0,2025,5
2019-12-19#t3555w2,2019,5
2025-03-18#t957w0,2025,5
2023-03-24#t11020w0,2023,5
2019-05-16#t1885w0,2019,5
2022-12-08#t10245w0,2022,5
2022-11-25#t9912w0,2022,5
2021-12-08#t5409w5,2021,5
2018-10-30#t272w4,2018,5
2020-06-18#t4800w0,2020,5
2025-05-16#t2535w4,2025,5
2023-11-23#t14332w3,2023,5
2023-11-01#t13754w4,2023,5
2021-06-03#t3292w5,2021,5
2021-05-21#t2961w0,2021,5
2021-12-09#t5539w0,2021,5
2025-05-30#t3010w0,2025,5
2023-03-28#t11134w0,2023,5
2020-06-16#t4573w0,2020,5
2019-11-20#t2455w0,2019,5
2021-02-12#t1398w4,2021,5
2021-05-18#t2592w0,2021,5
2023-06-06#t12366w0,2023,5
2021-12-14#t5715w0,2021,5
2024-05-15#t16726w0,2024,5
2024-03-22#t15722w1,2024,5
2023-11-28#t14486w0,2023,5
2022-12-16#t10762w0,2022,5
2021-05-12#t2220w0,2021,5
2022-11-22#t9620w0,2022,5
2018-10-31#t382w1,2018,5
2022-12-15#t10738w1,2022,5
2023-12-12#t15337w0,2023,5
2021-03-25#t1975w3,2021,5
2022-06-01#t7460w5,2022,5
2022-06-02#t7543w0,2022,5
2018-10-26#t149w0,2018,5
2023-10-24#t13296w0,2023,5
2023-06-08#t12480w0,2023,5
2023-12-05#t14928w0,2023,5
2022-11-24#t9843w1,2022,5
2023-06-08#t12513w0,2023,5
2021-05-14#t2463w1,2021,5
2020-06-10#t4381w0,2020,5
2022-03-31#t6452w3,2022,5
2018-11-01#t472w0,2018,5
2019-03-22#t1214w0,2019,5
2023-11-24#t14428w2,2023,5
2021-11-05#t4178w0,2021,5
2023-05-10#t11606w0,2023,5
2022-11-02#t8986w4,2022,5
2024-03-27#t15925w0,2024,5
2020-12-11#t755w7,2020,5
2023-05-11#t11768w1,2023,5
2022-06-08#t7787w0,2022,5
2021-11-25#t4725w1,2021,5
2023-06-09#t12644w5,2023,5
2021-05-12#t2203w2,2021,5
2020-11-18#t96w0,2020,5
2018-10-26#t190w5,2018,5
2022-11-16#t9308w0,2022,5
2018-11-28#t976w3,2018,5
2019-05-28#t2027w0,2019,5
2021-06-10#t3677w2,2021,5
2021-11-10#t4364w0,2021,5
2025-12-05#t1595w0,2025,5
2019-11-26#t2612w0,2019,5
2025-05-07#t1798w0,2025,5
2025-05-14#t2216w0,2025,5
2018-11-01#t514w0,2018,5
2025-12-03#t1444w0,2025,5
2022-05-12#t6788w0,2022,5
2019-11-22#t2531w0,2019,5
2021-06-02#t3161w8,2021,5
2023-06-06#t12325w0,2023,5
2024-05-14#t16591w0,2024,5
2021-12-01#t4884w0,2021,5
2021-12-08#t5362w0,2021,5
2019-11-26#t2702w3,2019,5
2023-06-09#t12643w5,2023,5
2021-12-08#t5396w3,2021,5
2025-05-14#t2174w0,2025,5
2024-05-30#t17245w2,2024,5
2022-11-02#t8976w1,2022,5
2022-11-23#t9679w0,2022,5
2023-11-24#t14402w0,2023,5
2023-06-15#t12916w4,2023,5
2019-11-26#t2673w0,2019,5
2022-11-24#t9828w4,2022,5
2021-12-03#t5132w0,2021,5
2024-05-14#t16576w0,2024,5
2022-11-18#t9527w0,2022,5
2024-03-26#t15806w2,2024,5
2023-10-20#t13232w0,2023,5
2024-05-31#t17346w0,2024,5
2019-12-12#t398w1,2019,5
2023-12-01#t14831w5,2023,5
2021-06-11#t3699w0,2021,5
2023-05-19#t12279w0,2023,5
2021-12-16#t5895w0,2021,5
2022-05-12#t6817w0,2022,5
2024-03-27#t15870w0,2024,5
2022-05-31#t7352w5,2022,5
2022-11-16#t9306w0,2022,5
2022-05-11#t6744w7,2022,5
2023-03-24#t11007w0,2023,5
2021-03-24#t1824w10,2021,5
2018-10-24#t25w0,2018,5
2018-10-30#t306w0,2018,5
2022-03-25#t6157w0,2022,5
2025-06-03#t3117w0,2025,5
2021-12-03#t5117w0,2021,5
2022-05-10#t6555w2,2022,5
2024-11-22#t227w1,2024,5
2024-03-26#t15809w3,2024,5
2023-10-31#t13616w0,2023,5
2021-12-02#t5022w1,2021,5
2022-12-13#t10512w10,2022,5
2022-06-03#t7631w0,2022,5
2020-12-15#t842w0,2020,5
2023-05-10#t11662w0,2023,5
2021-06-01#t3032w2,2021,5
2023-11-24#t14431w3,2023,5
2021-02-12#t1388w4,2021,5
2023-06-16#t13011w0,2023,5
2021-11-03#t3968w1,2021,5
2025-10-29#t374w0,2025,5
2021-05-19#t2642w0,2021,5
2022-03-29#t6207w0,2022,5
2020-06-11#t4510w4,2020,5
2025-03-26#t1434w0,2025,5
2022-12-15#t10639w0,2022,5
2021-11-12#t4417w0,2021,5
2025-12-11#t1798w0,2025,5
2021-05-13#t2272w0,2021,5
2019-12-17#t3345w1,2019,5
2024-05-07#t16152w0,2024,5
2023-12-12#t15398w0,2023,5
2024-12-12#t767w0,2024,5
2023-10-24#t13313w0,2023,5
2022-11-18#t9557w0,2022,5
2019-11-26#t2626w0,2019,5
2021-06-03#t3292w1,2021,5
2025-10-29#t405w0,2025,5
2019-03-22#t1301w7,2019,5
2026-05-06#t2736w2,2026,5
2019-05-28#t2020w0,2019,5
2021-11-03#t3975w5,2021,5
2021-11-10#t4305w1,2021,5
2024-05-10#t16519w0,2024,5
2021-11-12#t4451w1,2021,5
2019-12-20#t3666w2,2019,5
2019-12-11#t3037w0,2019,5
2023-05-16#t11929w10,2023,5
2022-11-02#t8989w8,2022,5
2019-11-27#t259w0,2019,5
2022-12-07#t10101w0,2022,5
2018-11-28#t969w9,2018,5
2021-06-10#t3680w2,2021,5
2019-05-16#t1847w3,2019,5
2022-11-03#t9086w3,2022,5
2023-06-15#t12958w1,2023,5
2022-05-11#t6722w0,2022,5
2024-03-28#t16056w0,2024,5
2019-12-12#t278w0,2019,5
2023-11-01#t13758w1,2023,5
2022-03-30#t6354w17,2022,5
2024-05-31#t17325w0,2024,5
2021-05-20#t2804w1,2021,5
2025-05-14#t2269w1,2025,5
2023-11-22#t14220w0,2023,5
2023-05-17#t12029w0,2023,5
2023-10-25#t13459w2,2023,5
2023-06-06#t12366w1,2023,5
2024-06-05#t17533w0,2024,5
2020-12-09#t514w0,2020,5
2021-12-10#t5589w0,2021,5
2022-06-03#t7678w0,2022,5
2021-12-07#t5242w1,2021,5
2021-11-05#t4182w0,2021,5
2025-03-25#t1368w1,2025,5
2023-03-28#t11095w0,2023,5
2023-10-20#t13251w19,2023,5
2023-11-23#t14344w3,2023,5
2022-11-03#t9080w1,2022,5
2019-03-22#t1331w4,2019,5
2021-03-17#t1522w1,2021,5
2024-11-22#t218w5,2024,5
2022-12-13#t10516w0,2022,5
2022-10-06#t8337w0,2022,5
2023-10-26#t13502w0,2023,5
2018-12-11#t1027w0,2018,5
2023-05-10#t11643w0,2023,5
2019-05-14#t1650w0,2019,5
2022-06-01#t7460w3,2022,5
2021-12-09#t5451w0,2021,5
2019-12-20#t3624w0,2019,5
2024-05-09#t16457w3,2024,5
2022-03-30#t6355w0,2022,5
2019-03-22#t1207w0,2019,5
2020-12-08#t402w3,2020,5
2023-05-16#t11924w4,2023,5
2019-12-19#t3560w0,2019,5
2023-06-06#t12326w0,2023,5
2023-11-29#t14545w0,2023,5
2023-03-30#t11364w1,2023,5
2023-12-01#t14848w1,2023,5
2022-11-15#t9226w3,2022,5
2021-12-09#t5436w0,2021,5
2021-12-16#t5858w0,2021,5
2021-05-13#t2355w3,2021,5
2021-06-10#t3662w0,2021,5
2024-05-16#t16829w2,2024,5
2020-06-10#t4374w0,2020,5
2020-12-11#t728w0,2020,5
2020-06-18#t4783w0,2020,5
2020-06-10#t4319w0,2020,5
2025-12-09#t1701w0,2025,5
2023-11-01#t13729w0,2023,5
2022-12-07#t10081w0,2022,5
2022-12-06#t9994w0,2022,5
2024-05-17#t16930w0,2024,5
2021-02-12#t1337w0,2021,5
2024-03-26#t15807w1,2024,5
2023-12-06#t14985w0,2023,5
2021-12-07#t5226w0,2021,5
2018-11-23#t679w0,2018,5
2021-05-12#t2220w4,2021,5
2024-06-06#t17648w4,2024,5
2022-12-06#t10047w2,2022,5
2023-03-29#t11211w0,2023,5
2024-03-28#t16061w0,2024,5
2024-12-11#t686w0,2024,5
2019-05-16#t1837w3,2019,5
2023-12-06#t15045w0,2023,5
2021-02-12#t1341w0,2021,5
2019-11-26#t2660w0,2019,5
2019-12-19#t3463w0,2019,5
2025-06-03#t3055w0,2025,5
2023-11-30#t14669w0,2023,5
2022-03-30#t6296w0,2022,5
2018-11-21#t639w0,2018,5
2023-05-11#t11780w0,2023,5
2026-03-25#t2419w0,2026,5
2022-12-08#t10369w3,2022,5
2023-10-24#t13291w0,2023,5
2022-11-02#t8991w0,2022,5
2022-10-05#t8212w5,2022,5
2024-05-30#t17250w0,2024,5
2023-12-01#t14850w12,2023,5
2023-05-19#t12224w0,2023,5
2024-03-27#t15887w0,2024,5
2021-03-23#t1712w2,2021,5
2021-12-03#t5087w0,2021,5
2021-05-20#t2781w0,2021,5
2022-06-02#t7595w3,2022,5
2024-05-07#t16205w1,2024,5
2021-11-09#t4280w0,2021,5
2023-05-09#t11487w0,2023,5
2021-03-24#t1823w0,2021,5
2021-03-25#t1913w0,2021,5
2021-05-19#t2687w6,2021,5
2022-06-10#t7979w0,2022,5
2026-05-07#t2866w1,2026,5
2021-03-25#t1907w0,2021,5
2022-06-03#t7663w0,2022,5
2024-12-12#t772w0,2024,5
2021-03-23#t1684w4,2021,5
2020-06-16#t4574w0,2020,5
2021-02-12#t1415w0,2021,5
2022-10-07#t8379w0,2022,5
2019-12-11#t3097w1,2019,5
2021-03-23#t1681w1,2021,5
2023-11-23#t14262w0,2023,5
2022-11-01#t8870w2,2022,5
2025-05-08#t1836w0,2025,5
2024-03-22#t15713w0,2024,5
2022-11-17#t9487w0,2022,5
2023-03-24#t11036w1,2023,5
2023-10-17#t13059w6,2023,5
2021-06-11#t3756w1,2021,5
2023-11-28#t14465w0,2023,5
2022-06-09#t7877w0,2022,5
2024-05-09#t16455w2,2024,5
2022-12-06#t10062w0,2022,5
2021-05-12#t2195w6,2021,5
2023-12-12#t15377w8,2023,5
2021-02-12#t1340w0,2021,5
2025-11-05#t698w0,2025,5
2022-12-14#t10612w4,2022,5
2019-05-14#t1612w0,2019,5
2019-12-18#t3418w0,2019,5
2022-03-29#t6189w0,2022,5
2022-11-15#t9236w4,2022,5
2021-06-01#t3035w2,2021,5
2022-11-02#t8969w7,2022,5
2023-03-24#t11009w1,2023,5
2021-05-14#t2441w3,2021,5
2018-10-30#t290w0,2018,5
2022-05-12#t6861w1,2022,5
2019-12-19#t3569w0,2019,5
2019-12-17#t3317w0,2019,5
2019-05-07#t1376w0,2019,5
2025-03-25#t1390w0,2025,5
2019-12-20#t3649w0,2019,5
2020-11-18#t92w0,2020,5
2021-05-13#t2347w1,2021,5
2023-11-28#t14462w0,2023,5
2021-12-08#t5397w2,2021,5
2021-05-11#t2071w0,2021,5
2019-05-16#t1817w0,2019,5
2021-06-10#t3577w0,2021,5
2023-11-01#t13754w1,2023,5
2022-11-15#t9239w3,2022,5
2025-11-20#t1122w0,2025,5
2025-12-04#t1541w2,2025,5
2022-11-23#t9658w0,2022,5
2023-06-09#t12617w1,2023,5
2021-03-17#t1474w0,2021,5
2022-10-06#t8299w0,2022,5
2022-06-09#t7863w0,2022,5
2023-03-28#t11144w0,2023,5
2019-11-29#t2861w16,2019,5
2021-05-20#t2798w0,2021,5
2024-05-15#t16727w0,2024,5
2022-11-16#t9366w1,2022,5
2024-11-22#t220w12,2024,5
2018-11-28#t974w8,2018,5
2025-03-19#t1141w0,2025,5
2021-05-21#t2887w0,2021,5
2019-12-18#t3435w0,2019,5
2023-11-21#t14121w0,2023,5
2023-11-30#t14697w0,2023,5
2025-11-20#t1133w0,2025,5
2021-05-11#t2081w1,2021,5
2022-06-02#t7548w2,2022,5
2019-11-26#t2689w3,2019,5
2022-06-01#t7457w3,2022,5
2021-11-04#t4115w1,2021,5
2021-12-02#t5024w10,2021,5
2019-05-31#t2157w0,2019,5
2021-05-13#t2360w2,2021,5
2018-10-30#t303w1,2018,5
2022-12-06#t10036w0,2022,5
2022-11-15#t9228w1,2022,5
2022-10-25#t8575w0,2022,5
2021-11-03#t3969w2,2021,5
2023-06-14#t12817w0,2023,5
2023-03-29#t11266w1,2023,5
2021-05-20#t2804w5,2021,5
2021-11-25#t4709w1,2021,5
2025-12-03#t1431w0,2025,5
2024-11-27#t438w1,2024,5
2022-12-07#t10181w0,2022,5
2023-12-08#t15285w0,2023,5
2024-05-07#t16151w0,2024,5
2025-03-19#t1020w0,2025,5
2023-12-13#t15450w0,2023,5
2018-10-31#t384w7,2018,5
2021-12-16#t5863w0,2021,5
2025-03-26#t1429w0,2025,5
2019-11-26#t2688w1,2019,5
2018-10-31#t382w4,2018,5
2019-12-13#t3235w3,2019,5
2026-03-24#t2322w6,2026,5
2021-05-13#t2355w5,2021,5
2024-05-15#t16726w1,2024,5
2019-12-17#t3372w2,2019,5
2021-12-07#t5252w1,2021,5
2022-12-13#t10512w7,2022,5
2019-05-08#t1437w0,2019,5
2020-12-16#t962w0,2020,5
2019-05-16#t1802w0,2019,5
2023-11-30#t14702w0,2023,5
2023-05-18#t12090w0,2023,5
2022-06-01#t7416w0,2022,5
2021-05-11#t2050w0,2021,5
2023-11-02#t13868w9,2023,5
2023-12-08#t15302w3,2023,5
2023-11-30#t14681w0,2023,5
2024-11-28#t482w0,2024,5
2020-06-17#t4639w0,2020,5
2024-05-08#t16270w0,2024,5
2022-10-26#t8662w0,2022,5
2023-06-15#t12899w0,2023,5
2025-11-07#t868w0,2025,5
2021-06-02#t3150w8,2021,5
2020-06-11#t4445w0,2020,5
2021-05-11#t2081w11,2021,5
2020-11-20#t203w0,2020,5
2025-03-21#t1186w0,2025,5
2020-12-15#t791w0,2020,5
2025-12-04#t1489w0,2025,5
2023-12-01#t14837w1,2023,5
2021-05-20#t2797w1,2021,5
2021-02-12#t1416w0,2021,5
2021-05-21#t2897w0,2021,5
2021-03-23#t1705w1,2021,5
2025-03-19#t1148w3,2025,5
2022-12-07#t10079w0,2022,5
2023-11-22#t14187w0,2023,5
2025-05-14#t2236w0,2025,5
2022-06-08#t7796w0,2022,5
2025-03-19#t1138w5,2025,5
2021-11-25#t4723w0,2021,5
2021-12-16#t5825w0,2021,5
2019-03-22#t1313w1,2019,5
2024-11-27#t391w0,2024,5
2021-11-02#t3858w0,2021,5
2023-06-06#t12358w0,2023,5
2021-03-23#t1708w15,2021,5
2023-05-18#t12143w1,2023,5
2021-05-19#t2624w0,2021,5
2022-11-01#t8869w2,2022,5
2022-05-11#t6699w5,2022,5
2021-11-03#t3980w2,2021,5
2022-05-13#t6902w0,2022,5
2019-05-28#t2004w0,2019,5
2025-03-21#t1195w0,2025,5
2023-05-17#t12040w0,2023,5
2023-06-13#t12731w8,2023,5
2021-03-24#t1807w0,2021,5
2026-05-14#t3197w0,2026,5
2025-03-21#t1214w0,2025,5
2021-06-03#t3224w0,2021,5
2025-05-28#t2798w0,2025,5
2025-11-06#t763w0,2025,5
2019-11-20#t2381w0,2019,5
2022-05-10#t6524w0,2022,5
2021-05-12#t2204w7,2021,5
2020-06-11#t4427w0,2020,5
2023-05-18#t12156w0,2023,5
2021-05-21#t2938w0,2021,5
2023-06-09#t12628w0,2023,5
2018-11-27#t856w5,2018,5
2021-12-17#t5963w0,2021,5
2023-10-20#t13251w10,2023,5
2022-11-01#t8826w0,2022,5
2024-11-22#t174w0,2024,5
2025-10-29#t397w2,2025,5
2018-11-23#t746w0,2018,5
2021-03-17#t1522w5,2021,5
2025-12-11#t1918w5,2025,5
2021-03-24#t1723w1,2021,5
2023-03-29#t11266w6,2023,5
2021-05-21#t2869w0,2021,5
2020-12-10#t657w2,2020,5
2019-12-17#t3329w0,2019,5
2022-03-25#t6141w0,2022,5
2024-05-15#t16693w0,2024,5
2025-12-11#t1849w0,2025,5
2025-03-26#t1487w0,2025,5
2022-11-18#t9580w0,2022,5
2022-11-02#t8986w8,2022,5
2022-05-31#t7350w3,2022,5
2022-03-31#t6429w3,2022,5
2024-03-27#t15948w2,2024,5
2023-06-07#t12439w1,2023,5
2023-05-18#t12153w13,2023,5
2018-11-01#t518w0,2018,5
2019-05-28#t1962w0,2019,5
2021-12-01#t4865w0,2021,5
2024-03-22#t15695w10,2024,5
2022-03-31#t6421w0,2022,5
2021-06-03#t3260w7,2021,5
2023-11-23#t14341w0,2023,5
2018-12-11#t1066w0,2018,5
2025-03-19#t1134w3,2025,5
2021-05-19#t2677w1,2021,5
2024-11-27#t422w15,2024,5
2021-11-05#t4176w0,2021,5
2022-06-01#t7392w0,2022,5
2024-03-27#t15865w0,2024,5
2021-03-25#t1942w0,2021,5
2021-11-12#t4414w0,2021,5
2024-05-16#t16832w1,2024,5
2021-12-01#t4899w0,2021,5
2019-11-22#t2580w0,2019,5
2025-05-28#t2816w4,2025,5
2023-11-03#t13984w2,2023,5
2019-12-12#t391w1,2019,5
2023-03-30#t11411w4,2023,5
2021-06-09#t3489w0,2021,5
2019-11-27#t259w3,2019,5
2019-11-27#t247w4,2019,5
2018-10-26#t190w11,2018,5
2025-05-14#t2340w1,2025,5
2023-12-06#t15010w0,2023,5
2023-10-26#t13578w1,2023,5
2021-03-24#t1765w0,2021,5
2025-05-15#t2458w0,2025,5
2021-05-12#t2235w2,2021,5
2022-11-02#t8969w5,2022,5
2022-12-06#t10070w6,2022,5
2023-03-24#t10972w0,2023,5
2025-05-27#t2654w0,2025,5
2023-11-23#t14271w0,2023,5
2019-05-07#t1374w0,2019,5
2021-12-03#t5081w0,2021,5
2022-03-31#t6397w0,2022,5
2022-03-31#t6426w0,2022,5
2022-05-12#t6851w0,2022,5
2021-06-10#t3562w0,2021,5
2021-03-23#t1712w0,2021,5
2018-11-27#t855w3,2018,5
2019-11-22#t2563w5,2019,5
2022-12-07#t10221w0,2022,5
2023-11-21#t14092w0,2023,5
2023-03-24#t10951w0,2023,5
2018-11-28#t960w8,2018,5
2022-12-15#t10654w0,2022,5
2023-06-15#t12911w0,2023,5
2025-12-12#t2002w2,2025,5
2023-11-21#t14105w15,2023,5
2020-03-13#t3924w0,2020,5
2025-03-19#t1128w2,2025,5
2024-06-06#t17611w2,2024,5
2019-05-28#t2070w0,2019,5
2024-05-29#t17127w1,2024,5
2025-05-13#t2079w0,2025,5
2024-12-13#t911w0,2024,5
2022-10-05#t8237w0,2022,5
2022-12-06#t10043w0,2022,5
2023-12-06#t15086w9,2023,5
2023-03-29#t11268w0,2023,5
2022-11-22#t9623w0,2022,5
2024-05-09#t16438w0,2024,5
2019-05-28#t1943w0,2019,5
2021-12-02#t5050w3,2021,5
2020-12-09#t557w2,2020,5
2019-11-22#t2469w0,2019,5
2024-05-16#t16784w0,2024,5
2019-12-17#t3346w6,2019,5
2024-12-13#t873w0,2024,5
2025-10-30#t535w6,2025,5
2020-12-10#t678w3,2020,5
2022-10-04#t8090w0,2022,5
2019-05-16#t1855w1,2019,5
2022-06-03#t7675w3,2022,5
2022-12-14#t10586w3,2022,5
2019-05-16#t1784w0,2019,5
2025-03-25#t1314w0,2025,5
2020-12-08#t372w0,2020,5
2025-12-03#t1406w0,2025,5
2022-11-15#t9233w0,2022,5
2022-12-08#t10327w2,2022,5
2023-11-03#t13971w3,2023,5
2020-11-20#t262w0,2020,5
2019-05-28#t1985w0,2019,5
2018-10-26#t195w6,2018,5
2022-05-17#t6984w0,2022,5
2021-06-10#t3667w0,2021,5
2022-05-11#t6665w1,2022,5
2025-12-11#t1823w0,2025,5
2023-05-11#t11717w0,2023,5
2022-05-19#t7192w0,2022,5
2020-12-10#t645w0,2020,5
2020-06-18#t4810w3,2020,5
2024-05-31#t17312w0,2024,5
2022-10-07#t8409w0,2022,5
2020-03-13#t3888w0,2020,5
2022-11-01#t8869w9,2022,5
2023-11-23#t14320w4,2023,5
2022-11-16#t9302w0,2022,5
2023-10-24#t13328w0,2023,5
2025-06-05#t3291w0,2025,5
2022-05-19#t7106w0,2022,5
2019-12-18#t3455w0,2019,5
2019-05-07#t1386w0,2019,5
2018-11-21#t591w0,2018,5
2023-03-28#t11153w3,2023,5
2023-06-07#t12438w0,2023,5
2018-11-27#t846w3,2018,5
2022-10-28#t8762w4,2022,5
2021-11-09#t4254w0,2021,5
2022-10-28#t8734w0,2022,5
2021-03-24#t1763w0,2021,5
2023-10-20#t13247w9,2023,5
2025-12-03#t1439w0,2025,5
2023-10-25#t13439w0,2023,5
2018-10-30#t258w0,2018,5
2023-10-25#t13455w0,2023,5
2021-02-12#t1389w0,2021,5
2020-12-17#t1145w0,2020,5
2021-05-18#t2567w0,2021,5
2021-05-20#t2793w3,2021,5
2019-12-12#t362w3,2019,5
2023-05-16#t11928w5,2023,5
2019-11-20#t2362w0,2019,5
2022-05-12#t6784w0,2022,5
2024-03-27#t15878w0,2024,5
2025-05-28#t2731w0,2025,5
2022-06-02#t7594w0,2022,5
2020-12-16#t1075w0,2020,5
2021-06-08#t3379w0,2021,5
2022-06-02#t7576w1,2022,5
2022-10-06#t8351w0,2022,5
2024-05-07#t16192w0,2024,5
2019-12-13#t3230w3,2019,5
2026-05-14#t3145w0,2026,5
2021-06-08#t3462w3,2021,5
2021-06-02#t3174w4,2021,5
2022-11-01#t8869w6,2022,5
2024-03-27#t15979w11,2024,5
2020-05-26#t4092w0,2020,5
2021-12-09#t5438w0,2021,5
2022-05-12#t6817w3,2022,5
2023-12-05#t14943w4,2023,5
2019-12-13#t3231w0,2019,5
2021-12-16#t5907w0,2021,5
2022-11-25#t9894w0,2022,5
2021-11-03#t3976w5,2021,5
2020-12-18#t1241w0,2020,5
2022-05-19#t7203w2,2022,5
2018-11-23#t701w0,2018,5
2019-05-10#t26w0,2019,5
2022-11-02#t8986w6,2022,5
2021-06-10#t3619w1,2021,5
2019-05-28#t1925w0,2019,5
2021-12-03#t5141w0,2021,5
2025-05-14#t2197w0,2025,5
2023-03-28#t11152w12,2023,5
2018-10-24#t75w0,2018,5
2020-12-15#t790w0,2020,5
2024-05-17#t16942w0,2024,5
2025-05-08#t1849w0,2025,5
2021-12-08#t5403w0,2021,5
2023-11-28#t14514w0,2023,5
2024-05-10#t16539w0,2024,5
2023-05-19#t12256w0,2023,5
2023-11-02#t13840w0,2023,5
2023-05-10#t11575w0,2023,5
2021-12-03#t5159w0,2021,5
2025-05-27#t2609w0,2025,5
2024-03-28#t16099w5,2024,5
2020-03-17#t3985w0,2020,5
2021-05-13#t2373w0,2021,5
2019-12-10#t2918w0,2019,5
2020-03-13#t3893w0,2020,5
2021-12-07#t5248w0,2021,5
2020-11-20#t204w0,2020,5
2023-11-24#t14387w0,2023,5
2023-12-08#t15304w0,2023,5
2021-05-19#t2685w4,2021,5
2025-12-11#t1907w0,2025,5
2020-12-15#t806w0,2020,5
2022-11-25#t9927w0,2022,5
2025-11-05#t682w0,2025,5
2022-03-29#t6224w0,2022,5
2025-11-06#t825w1,2025,5
2025-05-14#t2270w0,2025,5
2020-06-18#t4774w0,2020,5
2018-11-28#t976w7,2018,5
2019-12-11#t3125w0,2019,5
2023-12-12#t15395w1,2023,5
2021-11-10#t4368w0,2021,5
2022-10-05#t8180w0,2022,5
2022-06-02#t7575w4,2022,5
2021-05-21#t2883w0,2021,5
2024-05-10#t16536w0,2024,5
2022-11-02#t8971w1,2022,5
2024-03-22#t15705w14,2024,5
2022-11-02#t8977w1,2022,5
2021-12-02#t5037w3,2021,5
2023-05-18#t12071w0,2023,5
2024-12-10#t577w0,2024,5
2022-11-02#t8904w0,2022,5
2020-12-11#t737w0,2020,5
2021-12-09#t5528w6,2021,5
2023-06-15#t12909w6,2023,5
2025-11-20#t1198w0,2025,5
2024-12-10#t627w2,2024,5
2021-05-12#t2130w0,2021,5
2023-11-03#t13961w0,2023,5
2021-06-11#t3731w0,2021,5
2022-10-07#t8405w0,2022,5
2025-11-05#t714w2,2025,5
2020-11-20#t267w0,2020,5
2025-06-03#t3100w0,2025,5
2021-12-08#t5403w2,2021,5
2021-11-03#t3909w0,2021,5
2022-11-16#t9364w0,2022,5
2021-05-18#t2592w4,2021,5
2021-12-09#t5541w0,2021,5
2025-11-18#t1014w2,2025,5
2022-10-28#t8737w0,2022,5
2025-12-11#t1885w0,2025,5
2019-12-19#t3568w2,2019,5
2023-06-15#t12935w1,2023,5
2025-11-18#t994w0,2025,5
2022-06-02#t7587w0,2022,5
2023-12-05#t14895w0,2023,5
2022-05-17#t6977w0,2022,5
2022-11-18#t9561w0,2022,5
2023-06-08#t12535w4,2023,5
2019-11-28#t2734w0,2019,5
2021-06-11#t3727w0,2021,5
2023-05-10#t11652w0,2023,5
2022-03-30#t6317w0,2022,5
2019-05-28#t2067w0,2019,5
2025-10-30#t531w1,2025,5
2023-10-18#t13080w0,2023,5
2025-11-19#t1051w0,2025,5
2022-11-24#t9743w0,2022,5
2022-03-25#t6095w0,2022,5
2019-12-10#t2940w0,2019,5
2024-03-26#t15755w0,2024,5
2020-11-18#t46w0,2020,5
2022-11-15#t9220w2,2022,5
2024-11-20#t61w0,2024,5
2022-05-12#t6868w2,2022,5
2023-06-16#t12976w0,2023,5
2020-12-15#t766w0,2020,5
2022-05-10#t6571w0,2022,5
2023-12-01#t14852w0,2023,5
2019-12-19#t3482w0,2019,5
2022-05-19#t7123w0,2022,5
2022-05-12#t6848w2,2022,5
2024-05-10#t16498w0,2024,5
2026-03-24#t2299w1,2026,5
2020-06-17#t4708w1,2020,5
2022-06-10#t8029w3,2022,5
2025-10-24#t142w0,2025,5
2024-05-30#t17196w0,2024,5
2021-05-11#t2081w12,2021,5
2018-12-11#t1066w3,2018,5
2025-06-05#t3268w0,2025,5
2022-03-30#t6306w0,2022,5
2023-06-13#t12727w4,2023,5
2026-03-25#t2419w2,2026,5
2021-06-10#t3575w0,2021,5
2023-06-15#t12890w0,2023,5
2025-12-04#t1536w0,2025,5
2022-11-24#t9831w0,2022,5
2022-11-25#t9873w0,2022,5
2024-03-22#t15697w0,2024,5
2021-06-01#t3041w5,2021,5
2020-03-11#t3831w0,2020,5
2019-11-26#t2628w0,2019,5
2019-11-22#t2541w0,2019,5
2026-03-20#t2137w0,2026,5
2025-11-21#t1256w0,2025,5
2021-11-25#t4702w1,2021,5
2022-11-17#t9460w0,2022,5
2025-05-13#t2122w4,2025,5
2023-03-24#t11024w1,2023,5
2023-06-15#t12935w3,2023,5
2023-05-16#t11928w3,2023,5
2026-03-25#t2435w0,2026,5
2021-06-10#t3600w3,2021,5
2019-11-27#t262w6,2019,5
2020-12-08#t342w0,2020,5
2022-12-08#t10353w3,2022,5
2025-03-19#t1146w0,2025,5
2025-05-08#t1904w1,2025,5
2025-10-24#t138w0,2025,5
2023-06-13#t12726w5,2023,5
2020-05-27#t4182w0,2020,5
2019-12-10#t2980w3,2019,5
2022-12-14#t10612w2,2022,5
2022-05-19#t7150w0,2022,5
2020-05-27#t4168w0,2020,5
2023-10-25#t13394w0,2023,5
2025-11-05#t723w0,2025,5
2019-11-20#t2441w0,2019,5
2021-12-02#t4982w0,2021,5
2026-03-26#t2537w0,2026,5
2022-06-03#t7649w0,2022,5
2019-05-31#t2199w0,2019,5
2023-05-10#t11645w4,2023,5
2018-11-23#t744w2,2018,5
2022-11-23#t9720w7,2022,5
2021-12-09#t5538w2,2021,5
2021-11-03#t3966w1,2021,5
2021-03-24#t1817w1,2021,5
2022-12-14#t10613w2,2022,5
2024-05-07#t16213w0,2024,5
2025-12-09#t1653w0,2025,5
2022-11-17#t9435w1,2022,5
2019-11-26#t2698w0,2019,5
2019-12-19#t3568w1,2019,5
2023-06-07#t12442w0,2023,5
2024-06-07#t17718w0,2024,5
2022-12-13#t10512w15,2022,5
2021-12-02#t4985w0,2021,5
2021-11-12#t4403w0,2021,5
2026-03-20#t2172w0,2026,5
2018-10-30#t274w2,2018,5
2022-05-11#t6655w0,2022,5
2022-11-03#t9095w0,2022,5
2023-12-08#t15304w2,2023,5
2019-12-10#t2977w0,2019,5
2022-12-15#t10723w0,2022,5
2023-06-06#t12341w0,2023,5
2021-12-16#t5896w3,2021,5
2021-06-10#t3622w0,2021,5
2023-12-07#t15197w4,2023,5
2018-12-11#t1023w0,2018,5
2023-03-28#t11118w0,2023,5
2025-05-15#t2460w1,2025,5
2020-12-17#t1143w1,2020,5
2023-11-21#t14107w10,2023,5
2020-03-12#t3845w2,2020,5
2021-11-26#t4747w0,2021,5
2019-11-26#t2684w0,2019,5
2021-03-23#t1690w2,2021,5
2018-11-27#t878w0,2018,5
2021-06-01#t3034w4,2021,5
2022-05-10#t6570w0,2022,5
2021-03-19#t1612w14,2021,5
2023-12-05#t14932w3,2023,5
2022-11-23#t9686w0,2022,5
2024-12-10#t638w3,2024,5
2026-03-24#t2322w1,2026,5
2022-05-12#t6803w0,2022,5
2021-06-01#t3033w3,2021,5
2022-12-16#t10793w0,2022,5
2026-03-26#t2546w3,2026,5
2019-12-17#t3369w0,2019,5
2022-06-08#t7789w0,2022,5
2021-06-02#t3143w1,2021,5
2021-06-10#t3677w5,2021,5
2022-10-07#t8418w0,2022,5
2019-05-31#t2247w0,2019,5
2021-11-12#t4411w0,2021,5
2019-12-10#t2987w0,2019,5
2022-12-15#t10711w3,2022,5
2023-11-23#t14338w1,2023,5
2024-12-13#t889w0,2024,5
2024-06-07#t17724w0,2024,5
2022-10-26#t8651w0,2022,5
2019-11-22#t2564w11,2019,5
2023-11-30#t14689w0,2023,5
2022-03-31#t6430w0,2022,5
2020-03-11#t3749w0,2020,5
2022-05-31#t7311w0,2022,5
2022-11-24#t9827w0,2022,5
2026-03-20#t2185w0,2026,5
2022-11-23#t9684w0,2022,5
2021-11-03#t3938w0,2021,5
2022-03-31#t6448w2,2022,5
2023-06-13#t12733w0,2023,5
2025-05-07#t1768w0,2025,5
2021-03-23#t1695w1,2021,5
2021-03-24#t1761w0,2021,5
2021-02-12#t1353w0,2021,5
2025-12-09#t1682w0,2025,5
2025-05-09#t1938w0,2025,5
2021-05-12#t2209w6,2021,5
2021-06-01#t3034w2,2021,5
2023-03-28#t11142w2,2023,5
2023-12-06#t15045w4,2023,5
2020-06-11#t4426w0,2020,5
2023-10-26#t13581w1,2023,5
2022-11-24#t9832w1,2022,5
2022-11-01#t8855w0,2022,5
2024-05-31#t17352w0,2024,5
2024-03-28#t16011w0,2024,5
2021-05-19#t2691w5,2021,5
2022-11-15#t9226w1,2022,5
2021-11-25#t4724w2,2021,5
2025-03-21#t1254w3,2025,5
2019-11-27#t151w0,2019,5
2021-05-18#t2589w3,2021,5
2019-11-26#t2690w3,2019,5
2022-11-01#t8809w0,2022,5
2018-11-28#t975w0,2018,5
2022-10-06#t8326w2,2022,5
2023-06-14#t12795w0,2023,5
2022-11-17#t9458w4,2022,5
2023-10-25#t13428w1,2023,5
2025-05-28#t2725w0,2025,5
2022-11-23#t9690w0,2022,5
2023-11-01#t13747w0,2023,5
2023-05-09#t11451w0,2023,5
2018-11-30#t992w0,2018,5
2018-11-23#t694w0,2018,5
2021-12-07#t5241w2,2021,5
2022-11-17#t9418w0,2022,5
2018-12-11#t1045w0,2018,5
2021-05-12#t2205w13,2021,5
2021-12-10#t5621w2,2021,5
2021-11-03#t3924w0,2021,5
2026-03-18#t2083w0,2026,5
2020-11-18#t142w0,2020,5
2025-10-24#t180w3,2025,5
2023-06-06#t12354w0,2023,5
2022-11-03#t9091w0,2022,5
2020-06-11#t4474w5,2020,5
2022-10-11#t8464w0,2022,5
2022-10-06#t8284w0,2022,5
2021-12-02#t5050w1,2021,5
2026-05-13#t3029w0,2026,5
2020-06-11#t4446w0,2020,5
2023-05-18#t12119w0,2023,5
2019-12-12#t406w1,2019,5
2025-05-14#t2340w0,2025,5
2021-12-08#t5355w0,2021,5
2022-06-08#t7747w0,2022,5
2019-05-28#t1986w0,2019,5
2019-05-10#t70w0,2019,5
2019-12-12#t392w3,2019,5
2022-05-12#t6856w1,2022,5
2021-06-09#t3487w0,2021,5
2022-11-01#t8868w3,2022,5
2025-05-14#t2194w0,2025,5
2021-12-16#t5876w1,2021,5
2023-03-29#t11199w0,2023,5
2025-03-25#t1329w0,2025,5
2023-06-08#t12492w0,2023,5
2021-03-24#t1744w0,2021,5
2024-05-08#t16318w0,2024,5
2023-03-24#t11014w2,2023,5
2021-06-08#t3404w0,2021,5
2025-05-13#t2151w5,2025,5
2023-12-08#t15264w0,2023,5
2024-05-28#t17006w0,2024,5
2022-11-24#t9805w1,2022,5
2021-03-17#t1519w0,2021,5
2023-11-28#t14437w0,2023,5
2021-06-10#t3668w0,2021,5
2023-03-24#t11019w0,2023,5
2024-06-07#t17704w0,2024,5
2022-11-15#t9240w4,2022,5
2022-11-17#t9476w4,2022,5
2018-10-31#t373w2,2018,5
2025-03-19#t1113w2,2025,5
2021-11-25#t4722w3,2021,5
2021-02-12#t1402w0,2021,5
2023-05-16#t11918w3,2023,5
2023-05-18#t12098w0,2023,5
2023-10-20#t13247w7,2023,5
2023-11-21#t14111w3,2023,5
2022-05-19#t7116w0,2022,5
2024-11-20#t64w0,2024,5
2024-05-14#t16583w0,2024,5
2022-11-03#t9094w2,2022,5
2021-03-19#t1613w6,2021,5
2019-05-10#t72w0,2019,5
2024-03-26#t15809w4,2024,5
2025-11-21#t1241w0,2025,5
2020-12-15#t845w0,2020,5
2021-06-10#t3681w0,2021,5
2025-12-09#t1681w0,2025,5
2022-10-07#t8423w1,2022,5
2023-03-30#t11415w3,2023,5
2019-05-31#t2242w0,2019,5
2021-12-07#t5239w1,2021,5
2021-03-19#t1604w2,2021,5
2022-05-18#t7072w0,2022,5
2025-05-27#t2657w1,2025,5
2018-11-28#t962w3,2018,5
2024-05-08#t16323w2,2024,5
2018-10-31#t386w1,2018,5
2021-05-20#t2802w0,2021,5
2022-06-10#t7964w0,2022,5
2023-05-16#t11857w0,2023,5
2022-10-07#t8394w0,2022,5
2019-12-13#t3178w0,2019,5
2025-10-30#t467w0,2025,5
2018-10-30#t290w11,2018,5
2023-10-26#t13515w0,2023,5
2022-05-11#t6732w1,2022,5
2023-06-15#t12896w0,2023,5
2022-05-12#t6839w0,2022,5
2022-06-02#t7580w3,2022,5
2021-11-03#t3974w2,2021,5
2023-05-11#t11721w0,2023,5
2023-11-03#t13992w1,2023,5
2019-05-31#t2172w0,2019,5
2018-11-28#t976w8,2018,5
2022-06-02#t7493w0,2022,5
2022-03-30#t6337w3,2022,5
2023-12-12#t15378w0,2023,5
2023-05-18#t12141w1,2023,5
2020-12-18#t1238w0,2020,5
2023-06-13#t12700w0,2023,5
2019-05-31#t2117w0,2019,5
2025-05-27#t2671w0,2025,5
2025-03-19#t1138w3,2025,5
2026-03-26#t2490w0,2026,5
2026-03-18#t2066w0,2026,5
2024-03-22#t15705w12,2024,5
2022-05-10#t6549w1,2022,5
2021-03-23#t1715w2,2021,5
2022-06-08#t7781w0,2022,5
2020-11-20#t172w0,2020,5
2025-05-14#t2330w0,2025,5
2022-11-02#t8999w2,2022,5
2025-12-09#t1680w0,2025,5
2019-12-19#t3487w0,2019,5
2021-12-02#t5033w2,2021,5
2025-11-06#t792w0,2025,5
2019-11-27#t203w0,2019,5
2022-11-16#t9305w0,2022,5
2023-06-08#t12468w0,2023,5
2023-12-08#t15302w0,2023,5
2021-12-07#t5252w2,2021,5
2024-03-26#t15792w0,2024,5
2021-12-09#t5433w0,2021,5
2021-06-03#t3245w6,2021,5
2022-05-31#t7318w0,2022,5
2021-11-03#t3903w0,2021,5
2021-12-10#t5590w0,2021,5
2022-10-12#t8536w0,2022,5
2023-06-15#t12958w0,2023,5
2018-10-31#t380w1,2018,5
2022-06-01#t7383w0,2022,5
2026-03-20#t2223w3,2026,5
2021-03-24#t1826w2,2021,5
2022-05-11#t6702w0,2022,5
2022-03-30#t6332w7,2022,5
2022-12-08#t10361w1,2022,5
2019-12-12#t362w2,2019,5
2022-10-12#t8535w0,2022,5
2023-11-29#t14603w0,2023,5
2021-12-10#t5583w0,2021,5
2019-12-12#t342w0,2019,5
2021-05-19#t2647w0,2021,5
2018-11-23#t729w0,2018,5
2024-06-05#t17524w0,2024,5
2025-03-21#t1215w0,2025,5
2022-10-11#t8444w0,2022,5
2019-12-11#t3086w0,2019,5
2024-05-08#t16327w1,2024,5
2019-12-12#t362w0,2019,5
2019-05-14#t1690w0,2019,5
2022-06-03#t7670w0,2022,5
2018-11-01#t470w1,2018,5
2023-12-06#t15075w3,2023,5
2024-11-26#t290w0,2024,5
2022-12-15#t10616w0,2022,5
2024-03-26#t15787w0,2024,5
2023-12-08#t15259w0,2023,5
2022-11-15#t9192w0,2022,5
2022-12-14#t10612w9,2022,5
2022-11-16#t9361w4,2022,5
2021-11-26#t4787w0,2021,5
2020-03-13#t3963w0,2020,5
2022-05-13#t6899w0,2022,5
2022-11-18#t9506w0,2022,5
2023-05-16#t11918w6,2023,5
2022-10-28#t8760w2,2022,5
2025-03-21#t1253w9,2025,5
2025-06-05#t3305w0,2025,5
2022-12-16#t10822w1,2022,5
2022-12-13#t10463w0,2022,5
2022-11-02#t8977w2,2022,5
2022-11-17#t9371w0,2022,5
2025-11-18#t958w0,2025,5
2021-12-02#t5024w3,2021,5
2024-05-08#t16266w0,2024,5
2023-10-25#t13422w0,2023,5
2021-06-03#t3245w3,2021,5
2019-05-14#t1689w0,2019,5
2023-03-30#t11403w4,2023,5
2021-12-03#t5125w1,2021,5
2023-11-24#t14372w0,2023,5
2019-12-13#t3229w0,2019,5
2021-12-03#t5176w0,2021,5
2026-05-08#t2963w0,2026,5
2025-11-20#t1140w0,2025,5
2022-05-31#t7352w4,2022,5
2022-11-18#t9528w0,2022,5
2023-11-22#t14203w8,2023,5
2022-05-17#t6990w0,2022,5
2025-11-06#t782w0,2025,5
2020-12-08#t428w7,2020,5
2022-03-29#t6166w0,2022,5
2022-05-10#t6513w0,2022,5
2025-05-09#t1974w0,2025,5
2022-11-17#t9403w0,2022,5
2023-03-30#t11408w0,2023,5
2021-06-10#t3567w0,2021,5
2022-03-25#t6160w0,2022,5
2025-06-05#t3303w0,2025,5
2025-12-04#t1497w0,2025,5
2022-12-15#t10733w0,2022,5
2025-03-25#t1386w4,2025,5
2022-05-11#t6670w2,2022,5
2025-10-30#t520w0,2025,5
2025-05-13#t2074w0,2025,5
2022-11-01#t8810w0,2022,5
2023-11-01#t13754w0,2023,5
2018-10-26#t175w0,2018,5
2021-06-11#t3717w0,2021,5
2020-11-18#t142w3,2020,5
2022-12-06#t9981w0,2022,5
2022-11-24#t9827w2,2022,5
2022-12-06#t10071w5,2022,5
2023-06-09#t12588w0,2023,5
2020-05-26#t4070w0,2020,5
2023-06-08#t12540w1,2023,5
2025-12-05#t1588w0,2025,5
2023-11-21#t14098w1,2023,5
2022-03-29#t6252w0,2022,5
2018-12-12#t1145w0,2018,5
2024-11-22#t217w2,2024,5
2023-11-01#t13698w0,2023,5
2026-05-08#t2959w0,2026,5
2019-05-08#t1476w0,2019,5
2018-12-11#t1064w0,2018,5
2022-12-08#t10294w5,2022,5
2022-05-12#t6779w0,2022,5
2022-11-16#t9275w0,2022,5
2024-05-16#t16798w0,2024,5
2021-12-07#t5242w0,2021,5
2019-03-22#t1246w0,2019,5
2022-05-19#t7203w5,2022,5
2022-06-01#t7378w0,2022,5
2023-12-07#t15138w0,2023,5
2019-05-31#t2215w0,2019,5
2025-05-06#t1660w0,2025,5
2021-05-12#t2227w10,2021,5
2023-12-01#t14829w0,2023,5
2019-05-08#t1435w0,2019,5
2020-06-11#t4509w2,2020,5
2020-12-08#t398w0,2020,5
2021-11-03#t3980w1,2021,5
2024-11-26#t303w1,2024,5
2020-12-16#t864w0,2020,5
2022-12-06#t10055w1,2022,5
2019-05-14#t1703w0,2019,5
2021-12-09#t5514w3,2021,5
2023-05-10#t11664w4,2023,5
2019-11-27#t253w0,2019,5
2023-12-06#t15082w4,2023,5
2022-11-15#t9228w5,2022,5
2023-05-11#t11785w2,2023,5
2022-06-01#t7425w0,2022,5
2025-03-26#t1480w2,2025,5
2022-05-18#t7028w0,2022,5
2024-05-09#t16454w2,2024,5
2019-03-22#t1258w0,2019,5
2020-05-26#t4101w0,2020,5
2021-12-01#t4926w1,2021,5
2022-05-11#t6709w0,2022,5
2019-12-17#t3373w1,2019,5
2019-12-20#t3610w0,2019,5
2019-11-20#t2453w0,2019,5
2022-12-16#t10826w0,2022,5
2019-05-14#t1582w0,2019,5
2020-11-17#t34w3,2020,5
2019-12-18#t3409w0,2019,5
2024-05-09#t16449w5,2024,5
2023-10-26#t13579w6,2023,5
2021-11-05#t4207w0,2021,5
2024-05-09#t16445w2,2024,5
2023-10-24#t13319w0,2023,5
2025-05-09#t2012w1,2025,5
2019-12-12#t338w0,2019,5
2024-11-29#t546w16,2024,5
2021-12-15#t5777w0,2021,5
2021-05-11#t2028w0,2021,5
2023-10-25#t13466w0,2023,5
2021-03-19#t1612w4,2021,5
2021-03-25#t1975w0,2021,5
2021-12-17#t5951w0,2021,5
2024-05-30#t17244w4,2024,5
2021-03-23#t1689w0,2021,5
2025-10-22#t67w0,2025,5
2021-11-26#t4793w0,2021,5
2023-12-06#t15054w0,2023,5
2021-12-01#t4906w0,2021,5
2022-05-10#t6570w10,2022,5
2022-12-08#t10342w0,2022,5
2019-05-28#t2069w0,2019,5
2023-11-29#t14590w0,2023,5
2023-03-28#t11085w0,2023,5
2022-12-07#t10142w0,2022,5
2023-03-22#t10894w0,2023,5
2025-05-14#t2235w4,2025,5
2023-03-29#t11197w0,2023,5
2019-05-28#t1932w0,2019,5
2020-06-18#t4822w1,2020,5
2025-03-19#t1079w0,2025,5
2023-11-28#t14471w0,2023,5
2021-06-01#t3033w4,2021,5
2020-12-10#t609w0,2020,5
2023-06-09#t12572w0,2023,5
2021-03-25#t1934w3,2021,5
2022-11-17#t9487w2,2022,5
2018-12-11#t1035w0,2018,5
2019-12-17#t3351w0,2019,5
2021-12-03#t5156w1,2021,5
2022-12-13#t10507w6,2022,5
2023-12-08#t15222w0,2023,5
2021-03-24#t1758w0,2021,5
2019-05-31#t2315w0,2019,5
2021-12-10#t5604w0,2021,5
2023-05-18#t12177w1,2023,5
2020-06-10#t4401w0,2020,5
2019-03-22#t1242w0,2019,5
2022-12-13#t10517w4,2022,5
2022-06-02#t7515w0,2022,5
2021-12-10#t5654w1,2021,5
2024-05-17#t16927w0,2024,5
2022-05-11#t6699w9,2022,5
2023-03-24#t10943w0,2023,5
2019-05-10#t76w0,2019,5
2024-05-30#t17228w0,2024,5
2025-05-13#t2115w0,2025,5
2022-05-19#t7202w4,2022,5
2024-03-22#t15684w0,2024,5
2021-11-04#t4052w0,2021,5
2021-12-15#t5761w0,2021,5
2019-12-11#t3093w0,2019,5
2021-03-17#t1514w0,2021,5
2023-03-28#t11089w0,2023,5
2022-11-02#t8983w1,2022,5
2019-05-14#t1745w0,2019,5
2020-06-16#t4577w0,2020,5
2022-05-17#t6998w0,2022,5
2018-11-27#t803w0,2018,5
2023-10-17#t13049w0,2023,5
2022-12-06#t10039w0,2022,5
2022-11-24#t9818w0,2022,5
2023-12-08#t15274w0,2023,5
2023-06-09#t12633w1,2023,5
2025-05-27#t2610w0,2025,5
2023-10-20#t13199w0,2023,5
2020-12-09#t572w9,2020,5
2019-05-14#t1581w0,2019,5
2021-11-02#t3818w0,2021,5
2021-11-04#t4044w0,2021,5
2022-05-12#t6808w2,2022,5
2021-12-09#t5539w2,2021,5
2022-03-25#t6145w3,2022,5
2025-11-06#t821w0,2025,5
2025-03-27#t1575w0,2025,5
2023-12-06#t14977w0,2023,5
2018-10-23#t17w0,2018,5
2021-11-26#t4752w0,2021,5
2022-06-01#t7381w0,2022,5
2018-10-30#t242w0,2018,5
2025-03-19#t1088w2,2025,5
2019-12-13#t3164w0,2019,5
2019-05-14#t1669w0,2019,5
2024-11-22#t216w1,2024,5
2023-12-01#t14843w8,2023,5
2019-12-17#t3308w0,2019,5
2023-11-02#t13851w1,2023,5
2021-11-04#t4054w0,2021,5
2023-12-01#t14831w6,2023,5
2023-12-12#t15379w3,2023,5
2023-06-13#t12732w11,2023,5
2021-12-02#t4969w0,2021,5
2025-03-26#t1514w1,2025,5
2022-06-02#t7545w0,2022,5
2019-05-28#t2023w0,2019,5
2025-11-05#t715w0,2025,5
2024-12-12#t793w0,2024,5
2019-05-07#t1390w0,2019,5
2022-12-06#t10070w3,2022,5
2025-10-24#t180w12,2025,5
2025-06-03#t3132w1,2025,5
2022-11-17#t9446w0,2022,5
2022-10-11#t8483w0,2022,5
2018-11-01#t471w2,2018,5
2023-11-21#t14039w0,2023,5
2022-12-16#t10789w0,2022,5
2025-11-05#t673w0,2025,5
2026-05-06#t2745w1,2026,5
2024-05-30#t17225w3,2024,5
2021-05-20#t2771w0,2021,5
2024-12-13#t874w0,2024,5
2022-10-05#t8170w0,2022,5
2022-12-15#t10662w0,2022,5
2020-11-20#t189w0,2020,5
2021-12-08#t5406w2,2021,5
2023-03-24#t11023w2,2023,5
2023-10-18#t13144w0,2023,5
2025-05-27#t2644w2,2025,5
2023-03-28#t11126w0,2023,5
2020-03-11#t3772w0,2020,5
2018-10-30#t272w11,2018,5
2019-12-10#t2950w0,2019,5
2021-12-10#t5657w0,2021,5
2019-11-26#t2633w0,2019,5
2025-12-04#t1552w1,2025,5
2024-12-12#t778w0,2024,5
2019-12-19#t3567w0,2019,5
2023-03-30#t11276w0,2023,5
2021-12-08#t5392w5,2021,5
2019-12-13#t3222w0,2019,5
2023-12-08#t15236w0,2023,5
2020-06-10#t4369w0,2020,5
2022-11-15#t9241w0,2022,5
2021-06-10#t3679w1,2021,5
2021-05-13#t2360w1,2021,5
2019-05-14#t1682w0,2019,5
2023-12-05#t14939w0,2023,5
2023-06-08#t12535w6,2023,5
2025-11-20#t1199w0,2025,5
2022-03-25#t6139w2,2022,5
2022-05-11#t6629w0,2022,5
2019-05-16#t1855w2,2019,5
2025-05-09#t2006w1,2025,5
2026-03-26#t2486w0,2026,5
2022-06-01#t7462w1,2022,5
2022-10-04#t8098w0,2022,5
2024-03-28#t16007w3,2024,5
2020-12-08#t411w0,2020,5
2020-05-27#t4169w0,2020,5
2021-12-17#t5959w0,2021,5
2023-11-29#t14600w0,2023,5
2021-05-13#t2283w0,2021,5
2022-12-15#t10695w3,2022,5
2024-06-07#t17725w0,2024,5
2023-05-19#t12250w0,2023,5
2018-10-31#t346w0,2018,5
2025-10-28#t282w8,2025,5
2025-03-19#t1098w1,2025,5
2023-03-22#t10907w0,2023,5
2024-11-28#t544w2,2024,5
2019-05-16#t1847w1,2019,5
2025-05-08#t1859w0,2025,5
2019-12-12#t339w0,2019,5
2019-12-12#t342w1,2019,5
2019-05-08#t1465w0,2019,5
2021-11-04#t4104w3,2021,5
2020-06-17#t4703w0,2020,5
2024-05-30#t17248w0,2024,5
2024-12-13#t888w0,2024,5
2021-12-07#t5302w1,2021,5
2022-05-20#t7264w0,2022,5
2020-12-11#t754w6,2020,5
2019-12-18#t3423w0,2019,5
2024-03-28#t16091w3,2024,5
2022-05-12#t6869w0,2022,5
2023-12-01#t14803w0,2023,5
2020-06-11#t4424w0,2020,5
2024-03-22#t15707w4,2024,5
2025-03-25#t1349w1,2025,5
2022-12-13#t10484w0,2022,5
2019-12-19#t3542w0,2019,5
2023-05-18#t12120w0,2023,5
2020-06-16#t4555w0,2020,5
2019-05-07#t1339w0,2019,5
2022-03-25#t6143w0,2022,5
2021-12-02#t5033w5,2021,5
2019-05-31#t2228w0,2019,5
2023-05-10#t11650w2,2023,5
2023-12-12#t15334w0,2023,5
2022-12-06#t10071w0,2022,5
2025-10-28#t284w0,2025,5
2025-05-14#t2195w0,2025,5
2022-10-28#t8762w1,2022,5
2018-11-21#t606w0,2018,5
2025-11-20#t1199w2,2025,5
2023-11-01#t13712w0,2023,5
2019-12-13#t3247w2,2019,5
2019-11-20#t2423w0,2019,5
2023-10-18#t13096w0,2023,5
2019-03-22#t1249w0,2019,5
2019-05-08#t1429w0,2019,5
2020-12-16#t949w0,2020,5
2021-03-19#t1530w0,2021,5
2018-12-11#t1104w0,2018,5
2022-12-13#t10514w0,2022,5
2024-06-06#t17565w0,2024,5
2023-12-06#t15086w7,2023,5
2020-06-11#t4475w0,2020,5
2022-12-06#t9991w0,2022,5
2024-12-13#t860w0,2024,5
2022-11-23#t9710w0,2022,5
2023-11-03#t13965w0,2023,5
2022-03-31#t6442w0,2022,5
2022-06-10#t8014w1,2022,5
2020-03-11#t3811w0,2020,5
2022-12-07#t10130w0,2022,5
2023-06-13#t12705w0,2023,5
2020-06-10#t4371w0,2020,5
2023-06-09#t12643w11,2023,5
2023-10-31#t13657w0,2023,4
2019-12-20#t3617w0,2019,4
2022-11-24#t9768w0,2022,4
2023-10-20#t13255w2,2023,4
2019-03-22#t1269w0,2019,4
2023-05-19#t12249w0,2023,4
2021-05-19#t2685w3,2021,4
2025-03-21#t1258w0,2025,4
2023-11-01#t13759w1,2023,4
2019-11-22#t2564w3,2019,4
2021-11-30#t4841w0,2021,4
2021-03-23#t1681w0,2021,4
2022-12-13#t10512w4,2022,4
2021-12-09#t5429w0,2021,4
2026-03-20#t2216w3,2026,4
2023-12-12#t15325w0,2023,4
2023-10-20#t13209w0,2023,4
2022-12-13#t10492w0,2022,4
2021-05-13#t2321w0,2021,4
2025-05-13#t2055w0,2025,4
2020-05-26#t4049w0,2020,4
2018-11-28#t928w0,2018,4
2023-10-20#t13247w13,2023,4
2019-05-31#t2308w0,2019,4
2022-03-30#t6354w7,2022,4
2019-11-26#t2651w0,2019,4
2021-11-10#t4342w0,2021,4
2021-05-13#t2355w2,2021,4
2025-10-24#t129w0,2025,4
2022-05-19#t7222w0,2022,4
2019-12-13#t3161w0,2019,4
2025-05-15#t2453w0,2025,4
2023-11-21#t14120w1,2023,4
2023-11-23#t14292w0,2023,4
2023-06-13#t12730w1,2023,4
2023-05-09#t11430w0,2023,4
2021-06-10#t3678w0,2021,4
2021-12-03#t5166w0,2021,4
2024-06-05#t17477w0,2024,4
2019-03-22#t1252w0,2019,4
2025-05-13#t2134w10,2025,4
2018-11-28#t964w0,2018,4
2020-06-17#t4679w0,2020,4
2023-06-08#t12501w0,2023,4
2021-11-23#t4532w0,2021,4
2019-11-22#t2564w6,2019,4
2020-12-10#t657w0,2020,4
2021-05-14#t2446w0,2021,4
2023-05-19#t12247w0,2023,4
2025-06-06#t3355w0,2025,4
2022-05-11#t6628w0,2022,4
2024-03-26#t15831w11,2024,4
2025-05-08#t1866w0,2025,4
2024-05-31#t17323w0,2024,4
2022-03-30#t6348w11,2022,4
2019-12-13#t3191w0,2019,4
2022-05-11#t6696w0,2022,4
2023-11-03#t14009w1,2023,4
2021-05-14#t2479w0,2021,4
2022-03-31#t6431w3,2022,4
2021-05-14#t2483w2,2021,4
2019-05-16#t1846w0,2019,4
2022-06-08#t7828w0,2022,4
2024-12-11#t696w0,2024,4
2021-12-07#t5204w0,2021,4
2023-06-13#t12664w0,2023,4
2022-10-28#t8724w0,2022,4
2023-12-06#t15085w3,2023,4
2025-06-05#t3352w0,2025,4
2020-12-08#t338w0,2020,4
2023-10-25#t13465w0,2023,4
2022-06-02#t7559w3,2022,4
2025-05-15#t2374w0,2025,4
2023-06-15#t12887w0,2023,4
2021-05-18#t2576w6,2021,4
2021-03-19#t1590w0,2021,4
2022-06-02#t7565w4,2022,4
2025-03-19#t1105w7,2025,4
2019-05-14#t1709w0,2019,4
2024-05-31#t17346w1,2024,4
2019-11-22#t2575w1,2019,4
2023-12-06#t15076w5,2023,4
2021-06-11#t3759w1,2021,4
2020-12-08#t429w0,2020,4
2024-11-26#t301w7,2024,4
2021-03-17#t1471w0,2021,4
2022-03-31#t6433w0,2022,4
2024-05-16#t16764w0,2024,4
2021-12-09#t5522w0,2021,4
2022-05-10#t6522w0,2022,4
2022-11-18#t9539w0,2022,4
2022-11-03#t9003w0,2022,4
2024-05-10#t16547w0,2024,4
2021-03-24#t1815w0,2021,4
2019-12-11#t3114w4,2019,4
2021-12-15#t5762w0,2021,4
2024-05-09#t16375w0,2024,4
2022-11-02#t8996w5,2022,4
2021-12-03#t5167w1,2021,4
2021-06-02#t3142w0,2021,4
2026-05-06#t2729w0,2026,4
2022-12-13#t10509w9,2022,4
2023-06-14#t12822w0,2023,4
2021-11-05#t4140w0,2021,4
2019-12-18#t3415w0,2019,4
2024-05-09#t16396w0,2024,4
2021-12-09#t5473w0,2021,4
2025-05-06#t1685w0,2025,4
2021-05-14#t2452w0,2021,4
2022-03-30#t6332w13,2022,4
2021-05-14#t2457w2,2021,4
2021-12-03#t5136w2,2021,4
2022-05-12#t6871w0,2022,4
2020-12-09#t539w1,2020,4
2024-06-04#t17421w0,2024,4
2022-06-02#t7559w0,2022,4
2023-06-13#t12732w1,2023,4
2022-12-07#t10137w0,2022,4
2021-11-12#t4466w4,2021,4
2022-11-24#t9815w0,2022,4
2021-06-08#t3421w0,2021,4
2025-10-22#t56w0,2025,4
2025-10-29#t409w0,2025,4
2023-11-21#t14055w0,2023,4
2022-06-01#t7448w0,2022,4
2024-03-27#t15927w1,2024,4
2021-05-18#t2589w6,2021,4
2020-12-10#t661w0,2020,4
2020-12-11#t724w0,2020,4
2021-05-14#t2406w0,2021,4
2025-05-14#t2209w0,2025,4
2021-12-02#t5024w9,2021,4
2023-10-25#t13459w1,2023,4
2023-06-15#t12912w3,2023,4
2023-03-30#t11394w5,2023,4
2022-06-02#t7564w1,2022,4
2022-10-06#t8339w2,2022,4
2022-10-05#t8231w0,2022,4
2021-11-25#t4692w0,2021,4
2025-03-26#t1480w3,2025,4
2025-05-30#t3042w6,2025,4
2022-11-03#t9082w1,2022,4
2025-05-07#t1791w9,2025,4
2023-05-18#t12178w0,2023,4
2022-11-17#t9458w2,2022,4
2020-05-26#t4086w0,2020,4
2023-11-01#t13696w0,2023,4
2025-03-19#t1075w3,2025,4
2021-05-20#t2837w1,2021,4
2021-06-10#t3619w0,2021,4
2021-06-02#t3161w0,2021,4
2026-05-06#t2729w4,2026,4
2025-05-15#t2441w2,2025,4
2022-03-29#t6245w0,2022,4
2022-12-13#t10477w0,2022,4
2021-05-11#t2099w1,2021,4
2025-05-07#t1810w4,2025,4
2019-12-17#t3353w3,2019,4
2022-12-06#t10054w1,2022,4
2021-06-02#t3130w0,2021,4
2022-05-19#t7189w5,2022,4
2020-12-08#t434w11,2020,4
2022-05-19#t7191w3,2022,4
2021-03-25#t1974w3,2021,4
2022-12-09#t10416w0,2022,4
2022-03-30#t6332w12,2022,4
2023-05-17#t12037w6,2023,4
2026-05-06#t2696w0,2026,4
2019-05-28#t1946w0,2019,4
2023-03-29#t11233w0,2023,4
2021-05-13#t2342w7,2021,4
2022-03-31#t6452w5,2022,4
2025-03-21#t1253w12,2025,4
2021-11-25#t4713w0,2021,4
2022-11-16#t9301w1,2022,4
2023-12-01#t14852w1,2023,4
2018-11-27#t849w9,2018,4
2026-03-25#t2421w0,2026,4
2022-06-07#t7742w3,2022,4
2021-05-19#t2675w0,2021,4
2022-10-11#t8462w0,2022,4
2019-12-19#t3538w3,2019,4
2022-06-08#t7773w0,2022,4
2025-03-26#t1475w2,2025,4
2021-12-07#t5237w0,2021,4
2019-12-20#t3700w1,2019,4
2019-12-17#t3255w0,2019,4
2023-05-18#t12166w0,2023,4
2018-11-28#t965w0,2018,4
2019-05-16#t1861w4,2019,4
2024-05-09#t16472w0,2024,4
2023-06-15#t12848w0,2023,4
2022-11-24#t9834w2,2022,4
2023-11-23#t14335w0,2023,4
2020-12-11#t741w0,2020,4
2020-12-09#t523w0,2020,4
2025-12-02#t1337w0,2025,4
2020-12-11#t732w0,2020,4
2019-12-13#t3177w0,2019,4
2022-03-31#t6450w2,2022,4
2021-11-10#t4334w0,2021,4
2021-03-25#t1951w0,2021,4
2023-12-07#t15184w0,2023,4
2022-05-10#t6515w0,2022,4
2021-12-02#t5035w4,2021,4
2024-12-13#t891w0,2024,4
2022-11-02#t8964w0,2022,4
2024-05-08#t16323w5,2024,4
2021-12-16#t5896w0,2021,4
2021-11-02#t3819w0,2021,4
2021-05-14#t2468w0,2021,4
2023-12-06#t15056w0,2023,4
2022-12-09#t10402w0,2022,4
2022-06-01#t7457w5,2022,4
2024-05-30#t17162w0,2024,4
2020-03-11#t3764w0,2020,4
2025-05-16#t2487w0,2025,4
2022-05-31#t7321w0,2022,4
2025-12-11#t1819w0,2025,4
2022-03-30#t6362w1,2022,4
2018-11-01#t480w0,2018,4
2022-11-15#t9213w3,2022,4
2022-06-01#t7444w3,2022,4
2021-12-07#t5219w0,2021,4
2021-03-19#t1571w0,2021,4
2023-03-24#t11040w1,2023,4
2021-06-11#t3755w0,2021,4
2022-11-03#t9096w3,2022,4
2022-11-17#t9468w2,2022,4
2021-12-16#t5905w6,2021,4
2023-11-01#t13752w2,2023,4
2019-05-16#t1883w0,2019,4
2022-10-06#t8263w0,2022,4
2023-10-24#t13303w0,2023,4
2022-12-13#t10512w14,2022,4
2025-10-30#t503w3,2025,4
2021-05-19#t2622w0,2021,4
2022-05-11#t6661w2,2022,4
2025-03-21#t1170w0,2025,4
2023-11-24#t14432w0,2023,4
2021-12-09#t5537w0,2021,4
2024-05-08#t16343w3,2024,4
2022-10-26#t8627w0,2022,4
2022-03-29#t6247w0,2022,4
2019-12-19#t3538w0,2019,4
2025-03-19#t1110w0,2025,4
2021-05-19#t2712w1,2021,4
2022-12-14#t10602w4,2022,4
2024-05-28#t16983w0,2024,4
2024-05-15#t16671w0,2024,4
2020-06-11#t4508w1,2020,4
2022-05-31#t7346w0,2022,4
2021-05-19#t2681w5,2021,4
2023-03-30#t11399w0,2023,4
2020-05-27#t4149w0,2020,4
2019-05-16#t1884w0,2019,4
2021-12-16#t5905w1,2021,4
2021-06-10#t3627w2,2021,4
2024-12-12#t838w0,2024,4
2024-03-28#t16091w4,2024,4
2025-10-22#t55w0,2025,4
2025-10-24#t105w0,2025,4
2022-10-06#t8342w6,2022,4
2022-03-30#t6361w0,2022,4
2019-11-20#t2354w0,2019,4
2024-03-22#t15707w6,2024,4
2025-05-16#t2540w1,2025,4
2022-11-15#t9234w1,2022,4
2020-12-18#t1226w0,2020,4
2024-11-19#t11w2,2024,4
2022-05-12#t6858w1,2022,4
2022-05-19#t7100w0,2022,4
2023-06-09#t12640w0,2023,4
2025-03-27#t1629w3,2025,4
2022-10-28#t8716w0,2022,4
2021-06-01#t3033w0,2021,4
2021-12-07#t5262w0,2021,4
2021-05-14#t2442w1,2021,4
2024-11-27#t422w13,2024,4
2021-03-24#t1766w0,2021,4
2025-05-28#t2778w2,2025,4
2024-06-06#t17624w3,2024,4
2023-05-18#t12153w1,2023,4
2022-05-17#t6996w0,2022,4
2019-11-26#t2691w2,2019,4
2021-06-04#t3347w0,2021,4
2023-10-26#t13566w3,2023,4
2023-06-16#t13005w0,2023,4
2023-12-13#t15440w0,2023,4
2021-11-04#t4094w0,2021,4
2019-05-28#t2036w0,2019,4
2025-05-28#t2820w6,2025,4
2023-03-29#t11235w0,2023,4
2019-12-11#t3044w0,2019,4
2025-11-05#t719w0,2025,4
2022-05-19#t7203w4,2022,4
2023-10-20#t13255w3,2023,4
2025-05-14#t2277w0,2025,4
2021-05-18#t2591w3,2021,4
2019-12-17#t3355w0,2019,4
2024-03-20#t15554w0,2024,4
2019-12-13#t3237w2,2019,4
2021-12-16#t5888w0,2021,4
2020-11-20#t170w0,2020,4
2025-05-09#t2024w0,2025,4
2026-05-06#t2695w0,2026,4
2018-11-27#t847w11,2018,4
2021-05-12#t2230w0,2021,4
2023-10-18#t13168w0,2023,4
2023-11-02#t13814w0,2023,4
2021-05-18#t2591w2,2021,4
2021-06-03#t3245w8,2021,4
2022-11-02#t8976w0,2022,4
2024-03-27#t15873w0,2024,4
2021-03-25#t1951w4,2021,4
2021-11-24#t4578w0,2021,4
2021-03-24#t1832w0,2021,4
2024-05-29#t17112w0,2024,4
2022-06-02#t7572w6,2022,4
2021-12-16#t5868w0,2021,4
2023-03-28#t11062w0,2023,4
2020-06-17#t4645w0,2020,4
2020-03-12#t3846w0,2020,4
2023-11-03#t13984w1,2023,4
2025-05-13#t2146w0,2025,4
2021-05-11#t2112w0,2021,4
2024-03-27#t15909w0,2024,4
2021-03-25#t1893w0,2021,4
2021-03-25#t1868w0,2021,4
2021-03-23#t1715w3,2021,4
2019-12-13#t3166w0,2019,4
2021-06-10#t3689w0,2021,4
2021-06-01#t3044w1,2021,4
2024-06-07#t17701w0,2024,4
2021-11-30#t4832w0,2021,4
2022-11-17#t9478w1,2022,4
2025-05-28#t2788w6,2025,4
2019-12-13#t3249w5,2019,4
2023-12-12#t15399w0,2023,4
2022-05-19#t7218w0,2022,4
2020-12-16#t971w0,2020,4
2023-11-23#t14277w0,2023,4
2023-03-24#t11024w0,2023,4
2021-05-13#t2338w5,2021,4
2021-11-05#t4169w0,2021,4
2021-05-12#t2211w1,2021,4
2022-12-08#t10295w3,2022,4
2023-06-13#t12730w3,2023,4
2023-03-28#t11142w14,2023,4
2023-03-24#t11021w0,2023,4
2023-12-01#t14851w1,2023,4
2019-12-13#t3194w0,2019,4
2021-12-09#t5532w0,2021,4
2023-03-29#t11220w0,2023,4
2025-05-13#t2138w6,2025,4
2024-03-26#t15807w3,2024,4
2020-12-08#t415w2,2020,4
2023-12-06#t15009w0,2023,4
2024-05-28#t17032w8,2024,4
2021-02-12#t1351w0,2021,4
2025-05-29#t2865w0,2025,4
2025-03-19#t1048w0,2025,4
2025-12-11#t1931w0,2025,4
2019-05-28#t2016w0,2019,4
2019-12-12#t358w0,2019,4
2021-06-02#t3106w0,2021,4
2025-10-24#t180w11,2025,4
2023-06-13#t12731w7,2023,4
2023-11-02#t13854w4,2023,4
2021-05-18#t2590w2,2021,4
2025-05-13#t2122w2,2025,4
2022-12-06#t10019w0,2022,4
2024-12-12#t836w0,2024,4
2022-11-02#t8975w2,2022,4
2023-12-13#t15481w0,2023,4
2022-11-18#t9533w0,2022,4
2019-05-08#t1477w0,2019,4
2022-11-16#t9307w1,2022,4
2024-03-27#t15932w0,2024,4
2018-11-27#t847w6,2018,4
2020-05-27#t4159w0,2020,4
2021-12-02#t5012w4,2021,4
2021-06-03#t3292w7,2021,4
2019-12-11#t3114w3,2019,4
2022-06-02#t7588w3,2022,4
2020-12-09#t467w0,2020,4
2022-05-19#t7189w6,2022,4
2023-03-29#t11232w0,2023,4
2022-06-01#t7437w2,2022,4
2022-11-24#t9790w4,2022,4
2021-03-24#t1832w8,2021,4
2023-12-07#t15209w3,2023,4
2022-11-18#t9535w0,2022,4
2019-05-31#t2316w0,2019,4
2026-03-24#t2321w3,2026,4
2020-12-09#t566w1,2020,4
2025-03-21#t1249w0,2025,4
2023-10-18#t13092w0,2023,4
2021-12-02#t5000w0,2021,4
2021-06-08#t3456w0,2021,4
2021-05-18#t2595w1,2021,4
2023-03-30#t11401w2,2023,4
2025-05-30#t2986w0,2025,4
2018-10-30#t272w2,2018,4
2022-11-16#t9326w1,2022,4
2025-10-30#t495w6,2025,4
2025-03-26#t1474w0,2025,4
2019-05-31#t2292w0,2019,4
2024-11-20#t79w0,2024,4
2023-12-07#t15130w0,2023,4
2026-05-13#t3082w0,2026,4
2026-03-20#t2141w0,2026,4
2021-11-30#t4828w0,2021,4
2021-12-08#t5369w0,2021,4
2023-10-20#t13249w1,2023,4
2021-12-14#t5725w0,2021,4
2025-05-07#t1798w6,2025,4
2021-12-09#t5514w2,2021,4
2022-12-13#t10509w10,2022,4
2025-03-27#t1618w0,2025,4
2022-12-14#t10605w0,2022,4
2022-11-23#t9720w3,2022,4
2022-05-19#t7154w3,2022,4
2021-05-18#t2576w5,2021,4
2022-05-19#t7177w1,2022,4
2018-10-31#t384w0,2018,4
2021-12-02#t5027w0,2021,4
2021-12-16#t5830w0,2021,4
2022-12-08#t10322w0,2022,4
2021-12-16#t5904w0,2021,4
2021-06-02#t3153w1,2021,4
2020-12-10#t652w1,2020,4
2019-05-31#t2211w0,2019,4
2021-05-14#t2460w0,2021,4
2022-03-30#t6340w0,2022,4
2021-05-20#t2761w0,2021,4
2023-11-22#t14170w0,2023,4
2022-05-31#t7338w0,2022,4
2021-06-04#t3372w0,2021,4
2020-12-15#t814w0,2020,4
2021-11-09#t4251w0,2021,4
2023-10-24#t13338w17,2023,4
2019-12-19#t3544w5,2019,4
2020-03-11#t3829w0,2020,4
2022-05-17#t6961w0,2022,4
2021-06-08#t3386w0,2021,4
2018-11-28#t936w0,2018,4
2022-05-11#t6699w8,2022,4
2023-05-09#t11460w0,2023,4
2018-10-31#t383w2,2018,4
2022-06-10#t8007w0,2022,4
2022-05-20#t7251w0,2022,4
2021-06-09#t3495w0,2021,4
2020-05-26#t4054w0,2020,4
2023-03-29#t11266w11,2023,4
2023-03-30#t11375w0,2023,4
2022-05-10#t6578w0,2022,4
2018-10-31#t385w15,2018,4
2019-11-28#t2812w2,2019,4
2022-12-09#t10406w0,2022,4
2021-12-02#t5024w5,2021,4
2021-12-03#t5142w7,2021,4
2019-12-11#t3119w0,2019,4
2021-12-02#t5023w4,2021,4
2026-05-06#t2740w0,2026,4
2019-03-22#t1276w0,2019,4
2024-03-28#t16059w0,2024,4
2021-12-03#t5136w0,2021,4
2024-05-08#t16258w0,2024,4
2023-05-10#t11581w2,2023,4
2021-12-16#t5866w1,2021,4
2022-12-13#t10509w0,2022,4
2022-06-01#t7460w0,2022,4
2021-12-08#t5403w1,2021,4
2024-05-07#t16216w0,2024,4
2021-06-02#t3147w0,2021,4
2021-12-10#t5578w0,2021,4
2021-06-02#t3166w2,2021,4
2022-11-01#t8874w0,2022,4
2023-11-29#t14616w0,2023,4
2020-12-11#t716w0,2020,4
2021-11-24#t4592w0,2021,4
2022-03-30#t6367w2,2022,4
2019-11-26#t2700w8,2019,4
2022-10-26#t8604w0,2022,4
2021-12-07#t5218w0,2021,4
2020-12-16#t996w0,2020,4
2021-12-02#t5024w4,2021,4
2021-05-19#t2692w0,2021,4
2021-05-18#t2577w3,2021,4
2023-03-30#t11414w4,2023,4
2021-12-09#t5525w2,2021,4
2022-10-12#t8529w0,2022,4
2019-12-17#t3258w0,2019,4
2021-05-13#t2357w0,2021,4
2022-11-22#t9634w0,2022,4
2022-06-02#t7564w2,2022,4
2022-12-16#t10756w0,2022,4
2019-12-13#t3217w4,2019,4
2022-05-10#t6541w0,2022,4
2019-12-17#t3316w0,2019,4
2018-10-24#t102w0,2018,4
2025-03-21#t1250w2,2025,4
2022-03-29#t6186w0,2022,4
2023-05-11#t11785w0,2023,4
2022-11-02#t8972w0,2022,4
2023-05-12#t11821w0,2023,4
2021-05-14#t2480w0,2021,4
2021-11-05#t4150w0,2021,4
2021-02-12#t1335w0,2021,4
2020-12-16#t940w0,2020,4
2022-06-09#t7917w1,2022,4
2022-11-01#t8869w4,2022,4
2020-03-11#t3743w0,2020,4
2019-12-19#t3562w5,2019,4
2021-11-04#t4023w0,2021,4
2022-11-16#t9292w0,2022,4
2024-03-26#t15801w0,2024,4
2023-12-05#t14926w13,2023,4
2021-05-12#t2192w0,2021,4
2021-05-19#t2679w1,2021,4
2022-10-28#t8711w0,2022,4
2025-05-13#t2122w0,2025,4
2020-06-11#t4485w0,2020,4
2019-11-28#t2753w0,2019,4
2023-05-09#t11455w0,2023,4
2021-11-24#t4596w0,2021,4
2025-10-29#t346w0,2025,4
2025-05-07#t1809w1,2025,4
2021-12-03#t5082w0,2021,4
2025-03-26#t1518w1,2025,4
2020-04-17#t4006w0,2020,4
2024-12-12#t783w0,2024,4
2025-12-04#t1552w0,2025,4
2023-06-15#t12913w0,2023,4
2023-12-08#t15308w0,2023,4
2023-11-28#t14488w0,2023,4
2021-06-09#t3521w0,2021,4
2022-11-17#t9430w5,2022,4
2023-12-06#t15086w5,2023,4
2024-06-06#t17607w0,2024,4
2019-12-13#t3249w3,2019,4
2021-05-13#t2343w0,2021,4
2020-12-15#t845w1,2020,4
2022-05-12#t6848w0,2022,4
2021-05-21#t2936w0,2021,4
2022-05-13#t6901w0,2022,4
2022-05-19#t7102w0,2022,4
2019-11-28#t2759w0,2019,4
2025-05-15#t2441w4,2025,4
2022-12-13#t10480w0,2022,4
2023-05-10#t11637w0,2023,4
2019-05-28#t2052w0,2019,4
2022-10-06#t8320w0,2022,4
2019-12-19#t3561w2,2019,4
2022-12-15#t10703w3,2022,4
2021-05-13#t2355w4,2021,4
2025-12-12#t1973w0,2025,4
2021-12-09#t5516w2,2021,4
2022-12-15#t10672w0,2022,4
2022-11-02#t8881w0,2022,4
2020-06-11#t4444w0,2020,4
2022-10-26#t8596w0,2022,4
2021-05-19#t2689w2,2021,4
2023-05-16#t11929w11,2023,4
2021-05-13#t2304w0,2021,4
2025-03-27#t1546w0,2025,4
2022-06-08#t7776w0,2022,4
2018-10-30#t221w0,2018,4
2023-06-07#t12375w0,2023,4
2023-06-09#t12643w6,2023,4
2024-11-27#t437w3,2024,4
2023-10-20#t13251w11,2023,4
2020-12-10#t681w1,2020,4
2019-03-22#t1302w1,2019,4
2021-05-13#t2328w2,2021,4
2018-11-28#t972w2,2018,4
2022-12-06#t9985w0,2022,4
2023-05-18#t12180w0,2023,4
2020-06-11#t4461w0,2020,4
2023-11-03#t13969w0,2023,4
2019-12-12#t354w0,2019,4
2021-06-10#t3627w3,2021,4
2018-12-11#t1000w0,2018,4
2021-12-07#t5208w0,2021,4
2024-05-09#t16369w0,2024,4
2025-05-13#t2122w6,2025,4
2019-11-28#t2857w0,2019,4
2021-06-10#t3680w1,2021,4
2022-11-16#t9365w3,2022,4
2022-11-25#t9920w5,2022,4
2024-05-17#t16911w0,2024,4
2019-12-19#t3544w4,2019,4
2024-05-30#t17176w0,2024,4
2023-11-24#t14360w0,2023,4
2022-03-30#t6361w1,2022,4
2024-05-29#t17125w1,2024,4
2020-05-26#t4073w0,2020,4
2025-10-28#t228w0,2025,4
2018-11-01#t462w7,2018,4
2021-11-12#t4462w2,2021,4
2022-11-01#t8858w3,2022,4
2021-11-09#t4282w0,2021,4
2023-05-10#t11592w0,2023,4
2023-12-07#t15191w0,2023,4
2024-11-27#t441w15,2024,4
2024-06-05#t17493w0,2024,4
2023-05-17#t11971w0,2023,4
2023-11-03#t14014w0,2023,4
2022-06-02#t7572w4,2022,4
2022-11-15#t9216w2,2022,4
2023-10-25#t13410w1,2023,4
2018-10-24#t119w0,2018,4
2020-12-10#t663w6,2020,4
2019-12-20#t3654w0,2019,4
2020-11-20#t256w0,2020,4
2025-12-04#t1460w0,2025,4
2022-11-24#t9836w0,2022,4
2021-05-13#t2323w0,2021,4
2025-05-13#t2122w1,2025,4
2025-05-15#t2421w0,2025,4
2022-05-31#t7355w8,2022,4
2021-05-19#t2707w2,2021,4
2023-11-03#t14007w0,2023,4
2024-11-26#t315w2,2024,4
2025-10-23#t104w0,2025,4
2022-10-06#t8287w0,2022,4
2023-03-28#t11156w7,2023,4
2023-10-20#t13256w1,2023,4
2023-06-15#t12916w3,2023,4
2025-03-26#t1511w2,2025,4
2023-03-30#t11401w3,2023,4
2019-11-27#t267w1,2019,4
2023-05-19#t12251w0,2023,4
2021-11-04#t4081w1,2021,4
2023-06-16#t12993w0,2023,4
2022-12-06#t10054w0,2022,4
2019-05-16#t1861w1,2019,4
2022-10-05#t8232w0,2022,4
2019-05-14#t1751w0,2019,4
2024-03-22#t15694w0,2024,4
2023-11-21#t14121w5,2023,4
2021-12-09#t5506w1,2021,4
2026-05-07#t2847w3,2026,4
2024-03-22#t15638w0,2024,4
2023-05-10#t11627w0,2023,4
2023-05-18#t12155w4,2023,4
2023-12-05#t14912w0,2023,4
2024-05-10#t16530w0,2024,4
2018-11-01#t462w0,2018,4
2022-03-30#t6354w9,2022,4
2021-03-23#t1684w1,2021,4
2020-06-11#t4455w0,2020,4
2019-05-28#t2032w0,2019,4
2019-12-20#t3600w0,2019,4
2019-05-14#t1700w0,2019,4
2020-03-11#t3770w0,2020,4
2022-05-11#t6700w0,2022,4
2019-05-14#t1729w0,2019,4
2021-11-24#t4581w0,2021,4
2018-11-23#t716w0,2018,4
2019-05-28#t1919w0,2019,4
2024-05-29#t17089w0,2024,4
2023-12-12#t15404w0,2023,4
2022-10-11#t8458w0,2022,4
2025-03-21#t1241w3,2025,4
2019-05-16#t1885w3,2019,4
2018-11-30#t990w0,2018,4
2023-11-01#t13722w0,2023,4
2020-03-10#t3706w1,2020,4
2021-05-19#t2725w1,2021,4
2023-03-28#t11142w11,2023,4
2025-03-25#t1365w0,2025,4
2026-03-24#t2325w5,2026,4
2021-03-25#t1923w1,2021,4
2021-05-20#t2817w6,2021,4
2018-10-31#t373w3,2018,4
2020-06-16#t4549w0,2020,4
2023-03-30#t11353w3,2023,4
2024-11-22#t218w0,2024,4
2024-03-28#t16081w0,2024,4
2022-12-08#t10294w1,2022,4
2021-05-12#t2195w4,2021,4
2019-05-07#t1362w0,2019,4
2022-11-15#t9237w0,2022,4
2019-05-14#t1681w0,2019,4
2023-11-29#t14588w0,2023,4
2025-05-27#t2668w4,2025,4
2021-03-23#t1688w0,2021,4
2023-03-30#t11340w0,2023,4
2021-12-16#t5896w1,2021,4
2021-11-02#t3869w0,2021,4
2023-10-24#t13311w0,2023,4
2021-02-12#t1413w6,2021,4
2026-05-07#t2875w0,2026,4
2021-05-18#t2560w0,2021,4
2022-05-11#t6699w1,2022,4
2023-06-13#t12647w0,2023,4
2023-05-10#t11586w0,2023,4
2021-03-19#t1608w4,2021,4
2020-06-17#t4630w0,2020,4
2021-12-08#t5404w2,2021,4
2019-11-28#t2808w2,2019,4
2022-05-19#t7154w6,2022,4
2025-11-05#t645w0,2025,4
2022-12-13#t10471w0,2022,4
2025-11-07#t889w0,2025,4
2023-03-28#t11066w0,2023,4
2023-12-01#t14823w0,2023,4
2019-05-14#t1675w0,2019,4
2023-11-01#t13765w4,2023,4
2023-05-09#t11444w0,2023,4
2021-06-10#t3600w1,2021,4
2019-11-26#t2617w0,2019,4
2023-05-17#t12021w0,2023,4
2024-11-27#t422w2,2024,4
2021-03-24#t1820w1,2021,4
2025-05-27#t2642w0,2025,4
2022-11-23#t9718w0,2022,4
2025-05-07#t1784w0,2025,4
2023-10-20#t13251w2,2023,4
2019-03-22#t1309w17,2019,4
2023-06-13#t12732w2,2023,4
2026-05-05#t2633w0,2026,4
2021-05-19#t2689w0,2021,4
2023-11-02#t13873w0,2023,4
2021-03-24#t1832w10,2021,4
2022-03-25#t6158w2,2022,4
2019-12-12#t374w0,2019,4
2021-03-24#t1827w0,2021,4
2018-11-28#t952w0,2018,4
2021-05-19#t2698w4,2021,4
2021-06-03#t3244w1,2021,4
2020-06-11#t4489w5,2020,4
2023-05-11#t11769w1,2023,4
2021-03-17#t1506w0,2021,4
2023-12-05#t14948w0,2023,4
2022-06-01#t7457w4,2022,4
2020-12-18#t1263w0,2020,4
2022-11-25#t9920w2,2022,4
2021-11-09#t4252w0,2021,4
2022-11-01#t8869w3,2022,4
2025-12-02#t1333w0,2025,4
2023-11-03#t14004w0,2023,4
2022-10-26#t8640w0,2022,4
2024-06-06#t17664w0,2024,4
2021-03-24#t1820w3,2021,4
2021-11-26#t4782w0,2021,4
2023-11-30#t14747w3,2023,4
2023-03-29#t11238w0,2023,4
2021-12-01#t4888w0,2021,4
2019-12-17#t3366w2,2019,4
2025-10-28#t226w0,2025,4
2025-05-28#t2816w2,2025,4
2024-11-26#t301w5,2024,4
2026-03-26#t2487w0,2026,4
2021-05-21#t2886w0,2021,4
2022-03-29#t6218w0,2022,4
2024-05-31#t17339w0,2024,4
2021-11-24#t4587w0,2021,4
2026-03-20#t2174w0,2026,4
2019-11-27#t223w1,2019,4
2024-05-07#t16209w0,2024,4
2019-11-26#t2690w1,2019,4
2023-12-06#t14976w0,2023,4
2022-03-23#t6027w0,2022,4
2021-05-13#t2363w2,2021,4
2019-05-16#t1836w0,2019,4
2025-10-29#t378w10,2025,4
2023-05-10#t11643w3,2023,4
2020-12-15#t799w0,2020,4
2021-06-02#t3159w2,2021,4
2023-11-30#t14749w4,2023,4
2023-05-18#t12114w0,2023,4
2020-11-20#t255w0,2020,4
2021-12-07#t5280w0,2021,4
2023-12-06#t15085w9,2023,4
2019-11-27#t253w2,2019,4
2022-10-05#t8250w0,2022,4
2018-11-27#t798w0,2018,4
2019-12-17#t3362w5,2019,4
2022-03-23#t6042w0,2022,4
2022-12-08#t10302w0,2022,4
2022-11-02#t8975w3,2022,4
2022-05-10#t6514w0,2022,4
2024-05-31#t17306w0,2024,4
2025-05-13#t2130w0,2025,4
2021-05-13#t2354w0,2021,4
2022-05-19#t7189w4,2022,4
2019-11-28#t2826w4,2019,4
2025-05-16#t2535w2,2025,4
2025-03-21#t1250w3,2025,4
2021-12-03#t5136w1,2021,4
2023-12-12#t15377w0,2023,4
2023-11-02#t13856w1,2023,4
2023-12-07#t15184w1,2023,4
2020-06-17#t4650w0,2020,4
2023-06-15#t12944w2,2023,4
2023-12-05#t14951w0,2023,4
2023-06-09#t12636w0,2023,4
2023-12-05#t14876w0,2023,4
2021-05-12#t2144w0,2021,4
2023-05-11#t11755w0,2023,4
2019-03-22#t1302w0,2019,4
2025-10-24#t175w4,2025,4
2021-06-02#t3151w8,2021,4
2025-11-04#t577w0,2025,4
2025-10-28#t280w13,2025,4
2022-06-08#t7841w2,2022,4
2020-11-18#t83w0,2020,4
2025-06-05#t3346w1,2025,4
2026-03-18#t2087w0,2026,4
2019-11-26#t2675w0,2019,4
2023-05-10#t11610w0,2023,4
2022-12-14#t10592w1,2022,4
2024-03-28#t16089w0,2024,4
2019-12-17#t3348w1,2019,4
2019-05-14#t1572w0,2019,4
2021-05-20#t2754w0,2021,4
2024-12-12#t761w0,2024,4
2020-11-24#t307w1,2020,4
2022-05-11#t6634w0,2022,4
2021-11-25#t4709w6,2021,4
2025-05-09#t2000w1,2025,4
2022-11-02#t8988w1,2022,4
2020-03-13#t3903w0,2020,4
2024-06-07#t17711w0,2024,4
2025-06-05#t3318w0,2025,4
2021-12-07#t5281w0,2021,4
2023-10-20#t13256w0,2023,4
2019-12-12#t315w0,2019,4
2024-05-07#t16208w3,2024,4
2019-05-10#t61w0,2019,4
2019-05-07#t1406w0,2019,4
2022-05-19#t7202w0,2022,4
2020-12-16#t879w0,2020,4
2019-03-22#t1232w0,2019,4
2018-10-24#t47w0,2018,4
2023-05-10#t11664w1,2023,4
2025-03-27#t1624w2,2025,4
2019-12-20#t3653w2,2019,4
2022-11-22#t9641w0,2022,4
2021-05-14#t2445w3,2021,4
2022-06-07#t7741w1,2022,4
2018-10-31#t339w0,2018,4
2022-11-18#t9515w0,2022,4
2022-11-18#t9573w2,2022,4
2019-11-26#t2647w0,2019,4
2021-05-19#t2629w0,2021,4
2019-11-20#t2330w0,2019,4
2022-11-15#t9228w8,2022,4
2021-12-08#t5359w0,2021,4
2021-11-25#t4702w4,2021,4
2023-05-09#t11427w0,2023,4
2019-11-26#t2691w5,2019,4
2021-03-25#t1939w2,2021,4
2025-06-06#t3412w0,2025,4
2023-12-06#t15053w6,2023,4
2021-06-03#t3238w4,2021,4
2023-11-21#t14107w2,2023,4
2021-06-02#t3128w0,2021,4
2020-11-20#t206w0,2020,4
2021-05-13#t2361w1,2021,4
2025-11-20#t1141w0,2025,4
2020-06-11#t4510w5,2020,4
2023-10-20#t13242w15,2023,4
2025-03-19#t1143w1,2025,4
2022-10-06#t8277w0,2022,4
2025-05-13#t2102w0,2025,4
2023-10-25#t13451w7,2023,4
2019-12-19#t3505w0,2019,4
2021-12-03#t5137w0,2021,4
2022-11-17#t9408w0,2022,4
2023-06-09#t12622w0,2023,4
2018-11-01#t487w5,2018,4
2024-11-27#t442w4,2024,4
2022-12-15#t10748w0,2022,4
2022-12-16#t10802w0,2022,4
2022-05-11#t6700w3,2022,4
2020-06-11#t4448w0,2020,4
2023-06-13#t12661w0,2023,4
2023-11-02#t13882w2,2023,4
2023-10-26#t13521w0,2023,4
2023-05-18#t12172w0,2023,4
2020-12-09#t461w0,2020,4
2022-11-25#t9941w8,2022,4
2021-05-13#t2342w6,2021,4
2022-10-07#t8401w0,2022,4
2022-11-16#t9340w2,2022,4
2018-12-11#t1050w0,2018,4
2025-05-13#t2059w0,2025,4
2025-12-11#t1921w1,2025,4
2025-10-29#t375w0,2025,4
2021-12-09#t5529w0,2021,4
2023-11-24#t14422w0,2023,4
2021-11-04#t4043w0,2021,4
2021-05-14#t2460w1,2021,4
2025-06-04#t3191w0,2025,4
2019-11-20#t2435w0,2019,4
2019-05-14#t1711w0,2019,4
2018-10-26#t193w3,2018,4
2022-05-19#t7214w0,2022,4
2021-03-25#t1940w4,2021,4
2022-06-08#t7838w0,2022,4
2019-05-28#t2060w0,2019,4
2023-12-12#t15377w5,2023,4
2019-12-17#t3346w2,2019,4
2020-12-18#t1252w0,2020,4
2021-05-18#t2595w4,2021,4
2022-11-02#t8962w3,2022,4
2025-03-19#t1143w0,2025,4
2024-12-10#t636w2,2024,4
2025-03-25#t1368w0,2025,4
2019-11-28#t2856w7,2019,4
2025-05-09#t2024w3,2025,4
2022-12-14#t10612w1,2022,4
2018-11-01#t487w0,2018,4
2023-06-06#t12297w0,2023,4
2024-11-22#t185w0,2024,4
2022-11-24#t9801w0,2022,4
2018-11-28#t975w1,2018,4
2024-03-28#t16029w0,2024,4
2025-11-20#t1208w5,2025,4
2024-11-28#t496w0,2024,4
2023-12-06#t15084w6,2023,4
2018-10-31#t386w5,2018,4
2021-11-25#t4707w0,2021,4
2021-05-14#t2452w1,2021,4
2019-12-13#t3168w0,2019,4
2021-05-14#t2456w0,2021,4
2021-11-04#t4115w0,2021,4
2018-11-28#t969w13,2018,4
2022-11-02#t8902w0,2022,4
2025-03-26#t1480w1,2025,4
2021-03-23#t1694w3,2021,4
2025-11-05#t718w0,2025,4
2022-12-08#t10327w3,2022,4
2023-11-21#t14107w15,2023,4
2025-03-25#t1380w1,2025,4
2025-03-21#t1187w0,2025,4
2018-10-31#t390w6,2018,4
2025-05-14#t2176w0,2025,4
2026-03-24#t2238w0,2026,4
2023-06-14#t12822w2,2023,4
2021-12-02#t5035w2,2021,4
2021-12-16#t5820w0,2021,4
2019-12-13#t3216w0,2019,4
2022-12-09#t10396w0,2022,4
2021-11-25#t4715w0,2021,4
2025-05-30#t3033w1,2025,4
2023-06-13#t12649w0,2023,4
2024-05-14#t16593w0,2024,4
2022-11-02#t8946w0,2022,4
2020-06-17#t4671w0,2020,4
2019-12-20#t3641w0,2019,4
2025-03-25#t1368w8,2025,4
2021-05-13#t2332w0,2021,4
2021-12-03#t5159w1,2021,4
2022-11-15#t9190w0,2022,4
2021-06-01#t3032w12,2021,4
2022-11-16#t9314w0,2022,4
2023-03-28#t11142w8,2023,4
2021-11-24#t4584w0,2021,4
2021-12-09#t5437w0,2021,4
2018-10-26#t162w0,2018,4
2023-05-10#t11585w0,2023,4
2022-11-03#t9063w0,2022,4
2023-03-30#t11306w0,2023,4
2022-12-13#t10517w2,2022,4
2023-11-24#t14428w0,2023,4
2022-06-09#t7865w0,2022,4
2022-11-18#t9536w0,2022,4
2025-10-30#t507w1,2025,4
2023-06-06#t12359w0,2023,4
2018-12-11#t1066w1,2018,4
2025-12-04#t1532w4,2025,4
2020-12-08#t369w0,2020,4
2021-12-14#t5701w0,2021,4
2024-12-12#t818w4,2024,4
2022-11-25#t9928w5,2022,4
2024-05-28#t16994w0,2024,4
2023-10-26#t13565w1,2023,4
2023-06-14#t12768w0,2023,4
2020-12-16#t1005w0,2020,4
2025-05-07#t1806w11,2025,4
2024-05-30#t17228w1,2024,4
2020-03-12#t3846w4,2020,4
2024-11-28#t522w0,2024,4
2021-11-10#t4347w0,2021,4
2019-05-16#t1797w0,2019,4
2019-05-31#t2146w0,2019,4
2025-03-27#t1624w1,2025,4
2023-05-19#t12240w0,2023,4
2021-03-25#t1951w3,2021,4
2022-05-31#t7352w1,2022,4
2022-11-17#t9430w2,2022,4
2020-12-09#t563w0,2020,4
2025-05-16#t2537w0,2025,4
2021-06-03#t3253w4,2021,4
2022-03-31#t6409w0,2022,4
2021-05-18#t2589w2,2021,4
2025-05-27#t2669w0,2025,4
2021-05-21#t2932w1,2021,4
2023-12-01#t14844w3,2023,4
2021-03-25#t1953w0,2021,4
2021-12-17#t5961w0,2021,4
2022-12-15#t10637w0,2022,4
2022-05-11#t6669w4,2022,4
2022-03-25#t6135w0,2022,4
2019-05-31#t2184w0,2019,4
2021-12-16#t5886w3,2021,4
2025-12-12#t1992w0,2025,4
2018-10-31#t388w5,2018,4
2023-11-29#t14559w0,2023,4
2022-11-02#t8969w4,2022,4
2023-11-23#t14328w3,2023,4
2018-10-31#t378w7,2018,4
2023-12-06#t15080w0,2023,4
2021-11-03#t3908w0,2021,4
2023-11-01#t13752w1,2023,4
2021-12-09#t5538w4,2021,4
2021-12-09#t5499w0,2021,4
2021-12-07#t5273w0,2021,4
2019-12-20#t3651w4,2019,4
2023-06-08#t12526w2,2023,4
2026-05-14#t3169w0,2026,4
2022-03-25#t6141w2,2022,4
2021-05-19#t2633w0,2021,4
2019-05-14#t1676w0,2019,4
2024-05-15#t16689w0,2024,4
2019-11-26#t2694w7,2019,4
2022-10-05#t8216w0,2022,4
2021-12-09#t5460w0,2021,4
2024-06-06#t17581w0,2024,4
2023-10-20#t13252w1,2023,4
2023-05-10#t11672w3,2023,4
2022-06-02#t7573w1,2022,4
2021-12-03#t5155w0,2021,4
2022-12-06#t10047w1,2022,4
2022-12-06#t10029w3,2022,4
2018-10-24#t64w0,2018,4
2020-12-10#t652w2,2020,4
2021-06-01#t3032w4,2021,4
2023-12-05#t14946w2,2023,4
2021-05-19#t2631w0,2021,4
2022-12-08#t10296w0,2022,4
2020-12-18#t1225w0,2020,4
2021-03-25#t1924w1,2021,4
2018-11-23#t719w0,2018,4
2022-11-15#t9239w1,2022,4
2021-12-02#t5030w0,2021,4
2021-11-04#t4081w5,2021,4
2021-03-25#t1965w0,2021,4
2024-12-12#t836w3,2024,4
2020-03-11#t3756w0,2020,4
2020-12-17#t1112w0,2020,4
2023-06-09#t12635w0,2023,4
2021-05-20#t2837w2,2021,4
2024-03-27#t15927w2,2024,4
2023-03-30#t11410w2,2023,4
2025-12-11#t1880w5,2025,4
2021-11-03#t3991w0,2021,4
2022-06-02#t7571w1,2022,4
2023-11-22#t14168w0,2023,4
2023-05-18#t12153w0,2023,4
2022-06-07#t7742w6,2022,4
2022-12-14#t10590w2,2022,4
2022-12-08#t10320w0,2022,4
2022-11-01#t8872w1,2022,4
2025-03-25#t1387w0,2025,4
2022-10-28#t8690w0,2022,4
2021-05-12#t2119w0,2021,4
2022-05-19#t7142w0,2022,4
2022-03-31#t6447w6,2022,4
2021-11-12#t4457w0,2021,4
2022-11-24#t9789w0,2022,4
2020-03-13#t3944w7,2020,4
2020-11-20#t259w0,2020,4
2019-12-12#t400w1,2019,4
2018-11-28#t966w9,2018,4
2022-05-12#t6818w0,2022,4
2025-03-19#t977w0,2025,4
2025-05-13#t2132w0,2025,4
2019-11-27#t253w6,2019,4
2018-11-23#t681w0,2018,4
2024-05-30#t17198w0,2024,4
2023-03-29#t11267w2,2023,4
2021-03-25#t1914w0,2021,4
2024-03-26#t15828w2,2024,4
2021-05-20#t2820w1,2021,4
2021-12-02#t5037w1,2021,4
2023-06-14#t12784w0,2023,4
2019-05-10#t110w0,2019,4
2022-10-05#t8213w0,2022,4
2023-03-24#t11033w3,2023,4
2023-12-01#t14836w0,2023,4
2025-11-20#t1213w0,2025,4
2019-11-27#t253w1,2019,4
2025-03-19#t1148w0,2025,4
2022-10-06#t8346w0,2022,4
2025-03-21#t1252w7,2025,4
2021-12-09#t5462w0,2021,4
2019-12-11#t3114w1,2019,4
2021-12-02#t5026w3,2021,4
2023-05-16#t11928w6,2023,4
2022-10-04#t8094w0,2022,4
2021-06-10#t3647w0,2021,4
2021-11-03#t3934w0,2021,4
2022-12-07#t10131w0,2022,4
2021-12-10#t5660w0,2021,4
2023-03-28#t11154w1,2023,4
2019-12-13#t3196w0,2019,4
2023-12-12#t15387w1,2023,4
2023-11-02#t13876w0,2023,4
2022-03-25#t6149w2,2022,4
2020-06-18#t4821w0,2020,4
2024-03-27#t15886w0,2024,4
2021-06-02#t3151w9,2021,4
2025-03-26#t1470w0,2025,4
2024-11-22#t214w6,2024,4
2021-03-24#t1801w0,2021,4
2025-05-28#t2785w4,2025,4
2025-05-16#t2540w4,2025,4
2022-11-17#t9478w4,2022,4
2025-03-21#t1252w6,2025,4
2020-12-11#t719w0,2020,4
2021-12-07#t5271w2,2021,4
2018-10-30#t302w3,2018,4
2026-05-13#t3055w0,2026,4
2024-05-30#t17249w0,2024,4
2024-06-04#t17398w0,2024,4
2025-11-19#t1049w0,2025,4
2021-03-23#t1694w2,2021,4
2024-05-31#t17342w1,2024,4
2021-12-03#t5164w2,2021,4
2022-11-02#t8977w0,2022,4
2021-05-11#t2077w1,2021,4
2022-11-01#t8874w3,2022,4
2021-12-08#t5397w0,2021,4
2026-05-06#t2732w0,2026,4
2019-05-08#t1522w0,2019,4
2022-10-05#t8209w0,2022,4
2024-11-27#t420w2,2024,4
2023-03-28#t11145w3,2023,4
2023-10-31#t13642w0,2023,4
2022-11-03#t9074w0,2022,4
2024-03-28#t16030w0,2024,4
2022-11-15#t9230w0,2022,4
2022-11-16#t9362w0,2022,4
2024-05-15#t16641w0,2024,4
2023-03-29#t11266w9,2023,4
2021-11-09#t4293w0,2021,4
2023-06-07#t12443w3,2023,4
2022-12-06#t9973w0,2022,4
2022-11-03#t9091w3,2022,4
2022-03-25#t6142w1,2022,4
2021-12-02#t4988w0,2021,4
2026-05-07#t2885w0,2026,4
2023-11-01#t13765w2,2023,4
2022-06-03#t7629w0,2022,4
2021-11-03#t3969w4,2021,4
2021-12-09#t5504w0,2021,4
2018-11-28#t974w4,2018,4
2025-05-16#t2535w3,2025,4
2024-11-22#t218w7,2024,4
2025-05-07#t1801w7,2025,4
2019-05-28#t1939w0,2019,4
2019-12-20#t3675w0,2019,4
2021-02-12#t1401w0,2021,4
2020-05-27#t4183w0,2020,4
2022-06-02#t7572w2,2022,4
2022-10-26#t8668w0,2022,4
2019-05-31#t2226w0,2019,4
2024-11-22#t146w0,2024,4
2023-10-31#t13632w0,2023,4
2022-12-06#t10070w1,2022,4
2022-03-31#t6393w0,2022,4
2021-11-24#t4590w0,2021,4
2023-03-29#t11270w10,2023,4
2020-06-09#t4279w0,2020,4
2023-03-24#t11033w5,2023,4
2020-11-20#t214w0,2020,4
2022-10-07#t8381w0,2022,4
2022-03-25#t6151w0,2022,4
2020-12-17#t1103w0,2020,4
2024-11-26#t301w0,2024,4
2020-06-10#t4402w0,2020,4
2021-11-03#t3976w0,2021,4
2022-11-02#t8977w3,2022,4
2020-12-09#t489w0,2020,4
2022-11-16#t9340w1,2022,4
2021-12-07#t5220w0,2021,4
2022-05-10#t6536w0,2022,4
2022-11-02#t8970w7,2022,4
2021-06-02#t3153w4,2021,4
2019-05-31#t2257w0,2019,4
2021-05-20#t2791w10,2021,4
2025-11-07#t885w0,2025,4
2021-11-25#t4700w3,2021,4
2021-05-21#t2951w0,2021,4
2022-06-08#t7829w1,2022,4
2021-03-24#t1820w0,2021,4
2025-05-28#t2791w1,2025,4
2023-06-15#t12937w0,2023,4
2021-06-08#t3418w0,2021,4
2021-12-10#t5600w0,2021,4
2022-06-03#t7675w1,2022,4
2021-11-12#t4412w0,2021,4
2021-05-11#t2086w2,2021,4
2024-05-07#t16161w0,2024,4
2018-10-31#t344w0,2018,4
2020-06-16#t4547w0,2020,4
2019-12-19#t3555w3,2019,4
2019-03-22#t1272w0,2019,4
2022-03-30#t6337w1,2022,4
2019-12-12#t271w0,2019,4
2022-03-30#t6355w8,2022,4
2019-12-19#t3466w0,2019,4
2020-06-11#t4406w0,2020,4
2022-03-29#t6255w1,2022,4
2022-05-19#t7197w0,2022,4
2018-12-11#t1053w0,2018,4
2023-12-06#t15084w10,2023,4
2021-12-16#t5895w1,2021,4
2025-05-07#t1764w0,2025,4
2023-03-28#t11154w5,2023,4
2023-05-16#t11924w3,2023,4
2021-06-09#t3491w0,2021,4
2023-11-03#t13998w1,2023,4
2020-12-10#t602w0,2020,4
2024-11-28#t475w0,2024,4
2018-11-23#t743w9,2018,4
2021-12-02#t5024w14,2021,4
2022-05-11#t6699w0,2022,4
2021-05-18#t2568w0,2021,4
2025-03-25#t1388w5,2025,4
2022-12-08#t10264w0,2022,4
2023-05-18#t12162w2,2023,4
2023-06-16#t13044w0,2023,4
2025-05-28#t2816w1,2025,4
2021-03-24#t1832w11,2021,4
2023-12-12#t15332w0,2023,4
2021-05-21#t2940w0,2021,4
2021-05-18#t2589w10,2021,4
2018-11-21#t619w0,2018,4
2025-03-27#t1560w0,2025,4
2023-11-22#t14208w2,2023,4
2020-11-20#t245w0,2020,4
2021-06-03#t3244w5,2021,4
2025-05-16#t2488w0,2025,4
2025-12-12#t1990w0,2025,4
2024-06-06#t17588w0,2024,4
2021-05-12#t2222w0,2021,4
2020-12-08#t400w1,2020,4
2024-11-19#t11w4,2024,4
2024-11-22#t217w3,2024,4
2023-06-15#t12883w0,2023,4
2025-12-11#t1828w0,2025,4
2021-03-24#t1813w1,2021,4
2023-12-12#t15349w0,2023,4
2019-12-19#t3486w0,2019,4
2025-05-27#t2656w1,2025,4
2022-06-08#t7842w5,2022,4
2019-12-11#t3120w4,2019,4
2022-12-14#t10586w4,2022,4
2021-05-12#t2195w11,2021,4
2023-10-26#t13582w0,2023,4
2021-11-12#t4462w5,2021,4
2019-12-19#t3545w2,2019,4
2021-05-19#t2707w11,2021,4
2018-11-23#t743w0,2018,4
2020-11-20#t241w0,2020,4
2025-12-11#t1900w0,2025,4
2025-05-16#t2560w0,2025,4
2018-11-01#t471w4,2018,4
2025-03-26#t1474w2,2025,4
2021-06-02#t3168w1,2021,4
2021-05-12#t2219w0,2021,4
2021-03-24#t1832w12,2021,4
2024-12-12#t836w1,2024,4
2021-06-08#t3454w1,2021,4
2020-11-18#t84w0,2020,4
2021-05-19#t2694w0,2021,4
2021-12-02#t5028w0,2021,4
2022-12-07#t10167w0,2022,4
2023-11-03#t13915w0,2023,4
2021-03-17#t1512w0,2021,4
2022-11-18#t9542w0,2022,4
2021-05-13#t2361w3,2021,4
2024-05-30#t17230w2,2024,4
2026-03-20#t2223w6,2026,4
2025-05-30#t2984w0,2025,4
2021-02-12#t1398w2,2021,4
2023-06-09#t12643w8,2023,4
2025-11-06#t758w0,2025,4
2023-12-07#t15199w0,2023,4
2023-06-14#t12769w0,2023,4
2022-12-15#t10711w6,2022,4
2021-05-12#t2221w0,2021,4
2023-06-13#t12727w5,2023,4
2019-11-27#t172w0,2019,4
2022-11-24#t9752w0,2022,4
2023-05-18#t12186w0,2023,4
2019-11-28#t2813w1,2019,4
2021-12-08#t5396w4,2021,4
2018-10-30#t271w0,2018,4
2022-03-24#t6068w4,2022,4
2019-12-12#t400w0,2019,4
2018-11-23#t706w0,2018,4
2019-12-13#t3176w0,2019,4
2022-05-13#t6941w0,2022,4
2019-05-16#t1880w1,2019,4
2022-11-24#t9805w4,2022,4
2020-12-08#t403w0,2020,4
2022-11-01#t8858w2,2022,4
2022-12-06#t9982w0,2022,4
2024-05-08#t16280w0,2024,4
2021-02-12#t1350w0,2021,4
2026-03-24#t2318w9,2026,4
2019-03-22#t1296w0,2019,4
2018-12-11#t1025w0,2018,4
2018-10-30#t302w2,2018,4
2021-05-12#t2223w1,2021,4
2025-05-16#t2495w0,2025,4
2025-05-28#t2727w0,2025,4
2018-10-31#t383w5,2018,4
2025-10-28#t286w2,2025,4
2024-11-27#t422w3,2024,4
2022-03-30#t6332w8,2022,4
2022-12-14#t10592w2,2022,4
2023-05-18#t12155w5,2023,4
2023-12-06#t15055w2,2023,4
2024-05-31#t17317w0,2024,4
2022-06-08#t7839w0,2022,4
2022-06-08#t7842w0,2022,4
2019-11-22#t2561w0,2019,4
2025-05-14#t2276w0,2025,4
2023-05-19#t12207w0,2023,4
2024-03-26#t15804w2,2024,4
2023-05-10#t11626w0,2023,4
2019-05-28#t1997w0,2019,4
2022-11-15#t9151w0,2022,4
2024-05-09#t16466w0,2024,4
2021-06-10#t3677w1,2021,4
2018-11-23#t743w8,2018,4
2021-06-03#t3284w1,2021,4
2022-11-01#t8870w9,2022,4
2019-11-26#t2620w0,2019,4
2025-05-16#t2506w0,2025,4
2023-11-30#t14741w7,2023,4
2022-12-08#t10344w2,2022,4
2022-05-31#t7350w8,2022,4
2025-05-27#t2652w3,2025,4
2022-05-19#t7202w1,2022,4
2022-12-06#t10047w0,2022,4
2025-05-28#t2778w4,2025,4
2019-11-28#t2710w0,2019,4
2023-05-17#t11977w0,2023,4
2021-12-10#t5621w4,2021,4
2025-12-11#t1869w0,2025,4
2020-12-08#t392w0,2020,4
2018-11-23#t687w0,2018,4
2025-06-04#t3185w0,2025,4
2018-11-28#t969w12,2018,4
2025-10-28#t256w0,2025,4
2020-03-11#t3719w0,2020,4
2020-11-24#t298w1,2020,4
2022-11-15#t9228w7,2022,4
2022-12-06#t10046w0,2022,4
2023-11-03#t13971w1,2023,4
2024-06-07#t17708w0,2024,4
2019-05-28#t2107w0,2019,4
2022-05-31#t7352w9,2022,4
2025-05-13#t2098w0,2025,4
2020-12-16#t947w0,2020,4
2023-10-18#t13106w0,2023,4
2026-05-14#t3196w5,2026,4
2021-05-20#t2804w2,2021,4
2025-11-05#t618w0,2025,4
2021-11-05#t4147w0,2021,4
2024-03-26#t15809w6,2024,4
2025-05-14#t2312w8,2025,4
2023-11-28#t14501w0,2023,4
2020-05-26#t4063w0,2020,4
2019-11-20#t2387w0,2019,4
2019-11-20#t2403w0,2019,4
2024-03-22#t15635w0,2024,4
2025-05-30#t3030w0,2025,4
2023-03-30#t11334w0,2023,4
2022-12-13#t10518w1,2022,4
2021-06-10#t3651w0,2021,4
2022-12-16#t10767w0,2022,4
2025-05-30#t3042w8,2025,4
2024-03-26#t15807w6,2024,4
2022-10-04#t8129w0,2022,4
2024-03-22#t15708w0,2024,4
2021-05-19#t2686w0,2021,4
2022-11-15#t9155w0,2022,4
2025-11-06#t785w0,2025,4
2023-03-24#t10987w0,2023,4
2019-12-20#t3587w0,2019,4
2022-03-29#t6196w0,2022,4
2025-06-04#t3172w0,2025,4
2025-10-30#t493w0,2025,4
2025-12-02#t1327w0,2025,4
2020-03-11#t3838w0,2020,4
2021-06-10#t3672w0,2021,4
2022-06-08#t7841w0,2022,4
2019-12-11#t3074w0,2019,4
2022-05-19#t7223w0,2022,4
2024-11-26#t327w0,2024,4
2021-11-09#t4287w1,2021,4
2021-06-01#t3046w0,2021,4
2019-05-14#t1584w0,2019,4
2019-11-20#t2361w0,2019,4
2025-12-09#t1651w0,2025,4
2019-12-11#t3045w0,2019,4
2021-11-25#t4704w0,2021,4
2018-10-26#t159w0,2018,4
2021-06-03#t3308w0,2021,4
2023-10-20#t13243w2,2023,4
2021-03-24#t1788w0,2021,4
2025-12-09#t1704w0,2025,4
2018-11-28#t960w5,2018,4
2023-06-08#t12482w0,2023,4
2025-03-19#t1142w3,2025,4
2024-05-30#t17175w0,2024,4
2020-12-18#t1239w0,2020,4
2018-10-31#t372w1,2018,4
2022-11-02#t8989w5,2022,4
2021-06-10#t3627w0,2021,4
2023-06-13#t12719w1,2023,4
2024-05-16#t16792w0,2024,4
2021-05-21#t2937w0,2021,4
2019-11-27#t148w0,2019,4
2019-05-31#t2227w0,2019,4
2023-06-14#t12765w0,2023,4
2024-05-07#t16228w4,2024,4
2019-05-28#t1994w0,2019,4
2021-05-19#t2660w3,2021,4
2024-11-22#t163w0,2024,4
2023-10-17#t13058w2,2023,4
2023-06-08#t12527w0,2023,4
2023-12-05#t14872w0,2023,4
2025-10-24#t175w3,2025,4
2021-12-10#t5587w0,2021,4
2019-05-28#t1937w0,2019,4
2021-12-16#t5905w0,2021,4
2025-05-29#t2907w3,2025,4
2018-11-27#t847w12,2018,4
2019-11-20#t2412w0,2019,4
2021-12-07#t5266w1,2021,4
2020-12-15#t812w0,2020,4
2023-12-08#t15304w4,2023,4
2021-05-13#t2361w2,2021,4
2021-05-11#t2029w0,2021,4
2023-12-08#t15251w0,2023,4
2025-10-29#t316w0,2025,4
2018-10-30#t260w0,2018,4
2019-12-11#t3039w0,2019,4
2025-05-13#t2151w1,2025,4
2024-12-12#t815w1,2024,4
2021-05-18#t2584w0,2021,4
2021-05-14#t2404w0,2021,4
2022-05-20#t7260w0,2022,4
2019-11-28#t2824w6,2019,4
2023-11-02#t13853w3,2023,4
2021-05-19#t2627w0,2021,4
2024-12-11#t690w0,2024,4
2023-06-15#t12857w0,2023,4
2025-03-27#t1581w0,2025,4
2020-12-09#t540w0,2020,4
2021-05-14#t2451w8,2021,4
2019-11-26#t2641w0,2019,4
2021-12-17#t5979w0,2021,4
2020-12-11#t744w0,2020,4
2019-11-28#t2851w1,2019,4
2019-05-28#t2089w0,2019,4
2025-06-03#t3085w0,2025,4
2022-12-15#t10684w0,2022,4
2021-05-14#t2422w0,2021,4
2020-12-18#t1290w0,2020,4
2023-05-17#t12039w1,2023,4
2023-05-18#t12161w1,2023,4
2022-06-08#t7793w0,2022,4
2021-05-12#t2204w5,2021,4
2021-05-12#t2235w5,2021,4
2020-05-26#t4056w0,2020,4
2023-06-09#t12629w0,2023,4
2023-05-11#t11704w0,2023,4
2022-06-08#t7834w3,2022,4
2021-06-10#t3578w0,2021,4
2023-05-09#t11518w1,2023,4
2018-10-31#t391w3,2018,4
2023-11-03#t13945w0,2023,4
2021-11-04#t4108w1,2021,4
2019-03-22#t1324w1,2019,4
2021-06-01#t3032w1,2021,4
2026-05-14#t3166w4,2026,4
2019-12-13#t3197w0,2019,4
2024-12-10#t636w3,2024,4
2021-11-12#t4462w1,2021,4
2023-06-15#t12948w0,2023,4
2020-12-18#t1204w0,2020,4
2023-10-25#t13448w2,2023,4
2019-12-19#t3519w0,2019,4
2021-12-03#t5151w0,2021,4
2023-11-02#t13801w0,2023,4
2024-03-26#t15828w4,2024,4
2025-05-13#t2081w0,2025,4
2022-11-03#t9111w1,2022,4
2024-03-22#t15636w0,2024,4
2021-12-02#t4986w0,2021,4
2024-11-22#t217w1,2024,4
2022-05-10#t6594w4,2022,4
2020-05-26#t4071w0,2020,4
2024-03-27#t15956w1,2024,4
2021-03-23#t1674w0,2021,4
2025-05-16#t2484w0,2025,4
2023-11-22#t14150w0,2023,4
2021-12-09#t5497w1,2021,4
2022-06-02#t7499w0,2022,4
2021-05-21#t2901w0,2021,4
2019-11-22#t2560w1,2019,4
2019-12-10#t2929w0,2019,4
2021-05-20#t2836w0,2021,4
2024-12-12#t832w1,2024,4
2023-11-24#t14383w0,2023,4
2025-05-28#t2807w3,2025,4
2020-12-18#t1227w0,2020,4
2022-05-13#t6919w0,2022,4
2023-03-29#t11266w12,2023,4
2022-06-01#t7444w2,2022,4
2023-10-20#t13244w0,2023,4
2024-05-14#t16590w0,2024,4
2022-11-03#t9043w0,2022,4
2023-11-03#t14010w0,2023,4
2021-12-01#t4921w0,2021,4
2019-05-14#t1634w0,2019,4
2022-11-25#t9933w1,2022,4
2022-10-05#t8226w0,2022,4
2023-06-15#t12931w0,2023,4
2024-11-27#t404w0,2024,4
2022-03-30#t6348w2,2022,4
2024-11-26#t264w0,2024,4
2021-06-10#t3559w0,2021,4
2024-11-22#t170w0,2024,4
2019-12-11#t3126w0,2019,4
2022-10-07#t8408w0,2022,4
2018-11-01#t474w0,2018,4
2025-10-24#t195w0,2025,4
2019-05-31#t2312w0,2019,4
2023-10-26#t13572w0,2023,4
2023-11-03#t13891w0,2023,4
2023-12-12#t15406w0,2023,4
2023-05-17#t12041w0,2023,4
2021-05-12#t2206w3,2021,4
2019-11-27#t267w0,2019,4
2019-05-16#t1842w0,2019,4
2022-12-06#t10071w3,2022,4
2021-11-02#t3825w0,2021,4
2022-12-08#t10296w3,2022,4
2022-12-09#t10399w0,2022,4
2024-06-06#t17626w5,2024,4
2023-11-29#t14615w1,2023,4
2025-05-08#t1815w0,2025,4
2023-05-17#t11957w0,2023,4
2024-06-06#t17624w6,2024,4
2025-12-04#t1511w0,2025,4
2025-12-12#t2025w0,2025,4
2022-11-03#t9115w0,2022,4
2022-12-15#t10725w1,2022,4
2023-12-06#t15083w4,2023,4
2022-05-19#t7110w0,2022,4
2024-12-10#t625w0,2024,4
2024-05-16#t16823w5,2024,4
2020-12-17#t1175w2,2020,4
2023-05-18#t12112w0,2023,4
2023-05-17#t12015w1,2023,4
2025-05-13#t2118w4,2025,4
2020-11-19#t148w0,2020,4
2024-11-22#t214w1,2024,4
2019-05-28#t2088w0,2019,4
2021-05-13#t2357w1,2021,4
2026-03-20#t2217w4,2026,4
2024-05-30#t17235w3,2024,4
2024-03-22#t15716w10,2024,4
2024-05-30#t17188w0,2024,4
2023-05-10#t11650w1,2023,4
2021-06-02#t3149w0,2021,4
2018-12-11#t1083w0,2018,4
2021-11-09#t4299w0,2021,4
2021-12-10#t5595w0,2021,4
2019-03-22#t1313w4,2019,4
2023-11-28#t14518w6,2023,4
2024-05-09#t16440w0,2024,4
2022-11-25#t9929w10,2022,4
2020-06-16#t4595w0,2020,4
2019-12-10#t2983w1,2019,4
2023-12-06#t15085w5,2023,4
2026-03-26#t2532w0,2026,4
2022-10-04#t8078w0,2022,4
2022-05-19#t7170w1,2022,4
2025-12-04#t1542w3,2025,4
2023-03-28#t11142w12,2023,4
2019-11-28#t2826w5,2019,4
2021-12-16#t5905w3,2021,4
2023-05-19#t12273w2,2023,4
2021-11-12#t4460w2,2021,4
2021-12-03#t5176w1,2021,4
2025-12-04#t1540w0,2025,4
2018-11-28#t974w7,2018,4
2022-12-08#t10348w3,2022,4
2025-05-14#t2236w1,2025,4
2021-05-13#t2355w0,2021,4
2019-05-28#t1973w0,2019,4
2018-10-30#t290w13,2018,4
2023-10-26#t13583w0,2023,4
2022-05-11#t6732w0,2022,4
2021-05-14#t2439w3,2021,4
2022-11-01#t8831w0,2022,4
2024-11-27#t429w1,2024,4
2022-12-15#t10711w2,2022,4
2018-10-30#t241w0,2018,4
2021-11-26#t4776w0,2021,4
2025-11-05#t643w0,2025,4
2023-03-22#t10897w0,2023,4
2021-03-17#t1502w0,2021,4
2022-10-12#t8527w0,2022,4
2021-12-07#t5211w0,2021,4
2023-12-01#t14792w0,2023,4
2020-12-11#t743w0,2020,4
2021-05-20#t2791w7,2021,4
2022-03-30#t6337w0,2022,4
2022-12-14#t10612w0,2022,4
2022-11-24#t9828w5,2022,4
2022-11-03#t9078w0,2022,4
2022-10-06#t8283w0,2022,4
2023-06-15#t12935w5,2023,4
2020-06-10#t4346w0,2020,4
2025-05-13#t2134w6,2025,4
2019-11-20#t2364w0,2019,4
2021-11-02#t3814w0,2021,4
2022-03-25#t6139w14,2022,4
2024-03-26#t15831w0,2024,4
2021-05-19#t2666w1,2021,4
2023-03-24#t11044w7,2023,4
2023-11-21#t14087w1,2023,4
2018-11-01#t496w0,2018,4
2021-05-19#t2664w1,2021,4
2020-06-11#t4489w2,2020,4
2022-12-14#t10577w0,2022,4
2026-05-06#t2653w0,2026,4
2024-12-10#t637w3,2024,4
2021-03-17#t1475w0,2021,4
2021-05-13#t2331w0,2021,4
2022-12-15#t10690w0,2022,4
2021-12-02#t5040w3,2021,4
2021-12-16#t5822w0,2021,4
2021-05-19#t2717w1,2021,4
2023-11-23#t14275w0,2023,4
2019-05-28#t1954w0,2019,4
2021-03-25#t1949w0,2021,4
2023-11-03#t14009w2,2023,4
2020-12-17#t1116w0,2020,4
2019-05-07#t1425w0,2019,4
2025-06-03#t3113w0,2025,4
2020-03-13#t3927w0,2020,4
2023-11-24#t14361w0,2023,4
2024-05-10#t16520w0,2024,4
2022-05-20#t7278w0,2022,4
2023-05-16#t11916w0,2023,4
2018-11-28#t976w0,2018,4
2021-05-13#t2273w0,2021,4
2022-12-15#t10729w0,2022,4
2022-06-09#t7878w0,2022,4
2020-03-13#t3919w0,2020,4
2022-12-15#t10703w1,2022,4
2022-03-30#t6348w7,2022,4
2021-05-12#t2220w1,2021,4
2019-03-22#t1331w8,2019,4
2025-03-19#t1111w2,2025,4
2021-11-04#t4111w0,2021,4
2019-11-27#t243w1,2019,4
2022-05-31#t7326w0,2022,4
2022-11-17#t9463w2,2022,4
2026-05-13#t3040w0,2026,4
2024-05-09#t16388w0,2024,4
2021-11-02#t3801w0,2021,4
2021-12-08#t5412w0,2021,4
2022-11-03#t9084w0,2022,4
2021-05-12#t2236w10,2021,4
2022-05-19#t7196w0,2022,4
2023-03-24#t11023w7,2023,4
2019-05-14#t1578w0,2019,4
2021-12-03#t5167w3,2021,4
2022-11-02#t8986w7,2022,4
2021-05-12#t2236w5,2021,4
2023-11-24#t14412w0,2023,4
2023-12-01#t14831w8,2023,4
2019-12-12#t405w0,2019,4
2022-11-15#t9224w0,2022,4
2023-03-24#t11023w3,2023,4
2023-11-03#t13984w0,2023,4
2021-12-02#t5015w0,2021,4
2021-06-02#t3174w5,2021,4
2022-05-11#t6703w2,2022,4
2021-03-25#t1939w3,2021,4
2022-11-01#t8807w0,2022,4
2024-11-22#t213w3,2024,4
2021-05-11#t2038w0,2021,4
2019-12-20#t3590w0,2019,4
2020-11-18#t116w0,2020,4
2020-11-20#t263w1,2020,4
2024-03-22#t15639w0,2024,4
2022-11-16#t9274w0,2022,4
2020-12-15#t827w0,2020,4
2022-11-17#t9439w1,2022,4
2023-12-12#t15323w0,2023,4
2023-11-01#t13699w0,2023,4
2018-12-12#t1156w0,2018,4
2025-05-13#t2115w2,2025,4
2021-03-23#t1680w4,2021,4
2022-06-10#t7993w0,2022,4
2021-02-12#t1346w0,2021,4
2023-11-23#t14312w1,2023,4
2021-03-23#t1713w0,2021,4
2020-03-13#t3925w0,2020,4
2022-05-12#t6872w1,2022,4
2024-05-31#t17311w0,2024,4
2025-05-13#t2151w7,2025,4
2025-11-21#t1272w0,2025,4
2025-05-16#t2542w0,2025,4
2018-10-31#t385w7,2018,4
2024-11-26#t334w0,2024,4
2023-05-17#t12016w0,2023,4
2026-05-06#t2649w0,2026,4
2024-11-27#t421w1,2024,4
2023-06-13#t12732w8,2023,4
2022-11-17#t9448w0,2022,4
2022-12-06#t10054w3,2022,4
2024-05-07#t16213w2,2024,4
2021-03-25#t1915w3,2021,4
2021-12-09#t5502w1,2021,4
2023-05-09#t11502w0,2023,4
2020-12-15#t831w0,2020,4
2023-03-29#t11238w5,2023,4
2019-11-27#t177w0,2019,4
2018-10-31#t349w0,2018,4
2022-11-25#t9940w0,2022,4
2019-12-17#t3343w5,2019,4
2023-11-21#t14110w0,2023,4
2021-05-12#t2210w2,2021,4
2023-11-02#t13853w4,2023,4
2023-06-08#t12535w0,2023,4
2023-06-13#t12692w0,2023,4
2023-03-30#t11366w1,2023,4
2019-12-20#t3659w0,2019,4
2023-06-15#t12939w4,2023,4
2023-12-06#t15085w8,2023,4
2026-05-08#t2963w1,2026,4
2021-12-03#t5159w2,2021,4
2019-05-28#t2094w0,2019,4
2021-05-14#t2472w8,2021,4
2022-03-30#t6360w3,2022,4
2022-03-25#t6110w0,2022,4
2019-05-14#t1661w1,2019,4
2018-11-28#t902w0,2018,4
2025-05-09#t2024w4,2025,4
2022-11-03#t9046w0,2022,4
2025-03-25#t1302w0,2025,4
2021-05-14#t2414w0,2021,4
2024-03-26#t15804w3,2024,4
2018-11-28#t966w11,2018,4
2025-05-06#t1714w0,2025,4
2020-12-16#t980w0,2020,4
2021-05-20#t2791w14,2021,4
2019-12-19#t3555w1,2019,4
2019-05-14#t1739w0,2019,4
2022-10-06#t8323w4,2022,4
2023-05-17#t12060w0,2023,4
2019-12-19#t3520w0,2019,4
2021-12-16#t5855w0,2021,4
2025-03-21#t1194w0,2025,4
2018-11-21#t583w0,2018,4
2019-12-17#t3340w0,2019,4
2022-11-16#t9263w0,2022,4
2022-03-25#t6159w1,2022,4
2019-05-07#t1389w0,2019,4
2024-12-12#t764w0,2024,4
2023-05-09#t11500w0,2023,4
2021-11-30#t4826w0,2021,4
2018-11-28#t970w3,2018,4
2021-05-12#t2206w1,2021,4
2023-11-30#t14747w0,2023,4
2023-12-05#t14937w2,2023,4
2021-03-24#t1818w0,2021,4
2021-06-02#t3150w7,2021,4
2018-11-27#t855w2,2018,4
2024-03-28#t16077w2,2024,4
2025-12-02#t1350w0,2025,4
2021-05-19#t2707w17,2021,4
2026-05-06#t2730w0,2026,4
2023-11-29#t14567w0,2023,4
2025-05-30#t3033w3,2025,4
2025-06-03#t3081w0,2025,4
2022-05-18#t7041w0,2022,4
2024-03-28#t16099w0,2024,4
2018-11-23#t663w0,2018,4
2024-12-12#t804w0,2024,4
2022-05-17#t7002w0,2022,4
2020-12-15#t789w0,2020,4
2022-06-09#t7887w0,2022,4
2024-12-10#t591w0,2024,4
2020-06-16#t4592w0,2020,4
2020-12-10#t657w1,2020,4
2019-03-22#t1255w0,2019,4
2022-03-30#t6332w16,2022,4
2025-12-04#t1532w0,2025,4
2022-05-19#t7184w0,2022,4
2018-12-11#t1043w0,2018,4
2022-12-08#t10362w1,2022,4
2021-03-19#t1569w0,2021,4
2022-05-20#t7283w4,2022,4
2022-11-15#t9220w3,2022,4
2021-05-18#t2517w0,2021,4
2019-05-28#t1981w0,2019,4
2023-06-13#t12680w0,2023,4
2022-03-25#t6103w0,2022,4
2018-10-31#t388w0,2018,4
2025-05-14#t2241w0,2025,4
2025-03-26#t1475w4,2025,4
2021-02-12#t1408w0,2021,4
2021-05-18#t2566w3,2021,4
2022-06-08#t7775w0,2022,4
2023-06-15#t12900w0,2023,4
2022-05-31#t7355w3,2022,4
2023-11-03#t14006w1,2023,4
2023-11-02#t13879w3,2023,4
2024-06-05#t17464w0,2024,4
2022-05-12#t6861w6,2022,4
2021-12-16#t5906w2,2021,4
2022-12-06#t10054w2,2022,4
2018-10-31#t384w14,2018,4
2025-11-20#t1203w0,2025,4
2024-03-28#t16099w3,2024,4
2021-05-19#t2666w7,2021,4
2021-05-19#t2666w2,2021,4
2019-12-17#t3332w0,2019,4
2019-05-14#t1714w0,2019,4
2023-10-31#t13610w0,2023,4
2023-05-18#t12162w0,2023,4
2021-12-09#t5538w3,2021,4
2021-12-03#t5164w0,2021,4
2022-05-19#t7221w0,2022,4
2018-10-30#t288w1,2018,4
2023-06-06#t12367w1,2023,4
2021-03-25#t1915w1,2021,4
2021-06-03#t3294w2,2021,4
2025-03-19#t1142w1,2025,4
2020-05-27#t4157w0,2020,4
2024-06-05#t17470w0,2024,4
2023-05-19#t12274w1,2023,4
2023-05-16#t11929w8,2023,4
2022-06-01#t7444w4,2022,4
2020-12-09#t502w0,2020,4
2023-10-26#t13531w0,2023,4
2021-06-09#t3522w0,2021,4
2019-12-19#t3556w0,2019,4
2021-11-30#t4837w0,2021,4
2021-06-10#t3645w0,2021,4
2018-10-31#t388w7,2018,4
2023-12-01#t14848w2,2023,4
2019-05-28#t1953w0,2019,4
2019-05-28#t2014w0,2019,4
2021-12-08#t5397w1,2021,4
2024-06-06#t17648w0,2024,4
2025-05-06#t1654w0,2025,4
2022-03-31#t6411w0,2022,4
2022-06-10#t8008w0,2022,4
2020-03-11#t3800w1,2020,4
2024-11-22#t212w1,2024,4
2019-12-12#t311w0,2019,4
2019-05-28#t2001w0,2019,4
2023-12-12#t15395w0,2023,4
2019-12-12#t286w0,2019,4
2021-11-25#t4686w0,2021,4
2025-03-25#t1386w3,2025,4
2024-12-10#t617w0,2024,4
2021-03-24#t1781w0,2021,4
2021-12-08#t5356w0,2021,4
2025-11-06#t762w0,2025,4
2023-12-01#t14779w0,2023,4
2024-05-17#t16950w5,2024,4
2024-03-26#t15807w0,2024,4
2025-10-29#t330w0,2025,4
2022-11-24#t9833w0,2022,4
2021-12-17#t5950w0,2021,4
2023-12-12#t15382w4,2023,4
2022-12-13#t10509w2,2022,4
2022-10-05#t8181w0,2022,4
2021-05-20#t2817w0,2021,4
2021-03-24#t1764w0,2021,4
2023-11-29#t14596w0,2023,4
2022-11-17#t9410w0,2022,4
2022-11-24#t9806w0,2022,4
2023-10-20#t13251w0,2023,4
2022-11-24#t9807w0,2022,4
2022-05-12#t6790w0,2022,4
2021-05-12#t2151w0,2021,4
2020-03-13#t3937w1,2020,4
2021-12-15#t5741w0,2021,4
2023-03-30#t11411w0,2023,4
2023-11-01#t13773w0,2023,4
2023-03-30#t11350w2,2023,4
2023-11-01#t13754w3,2023,4
2019-12-18#t3413w0,2019,4
2025-05-16#t2540w2,2025,4
2019-05-31#t2150w0,2019,4
2023-11-23#t14333w4,2023,4
2022-12-08#t10348w5,2022,4
2026-05-07#t2881w0,2026,4
2023-11-23#t14338w2,2023,4
2023-03-24#t10974w0,2023,4
2023-12-12#t15399w1,2023,4
2022-11-15#t9230w6,2022,4
2021-11-10#t4353w0,2021,4
2022-06-03#t7637w0,2022,4
2022-11-25#t9915w10,2022,4
2023-06-14#t12759w0,2023,4
2022-03-31#t6396w0,2022,4
2022-06-10#t7966w0,2022,4
2021-11-04#t4096w0,2021,4
2021-11-25#t4661w0,2021,4
2022-03-31#t6473w2,2022,4
2020-12-17#t1164w0,2020,4
2022-03-30#t6348w5,2022,4
2019-11-26#t2679w0,2019,4
2021-06-03#t3295w3,2021,4
2021-05-20#t2791w13,2021,4
2019-11-27#t262w2,2019,4
2022-11-24#t9792w1,2022,4
2023-11-24#t14392w0,2023,4
2023-12-12#t15389w0,2023,4
2021-05-11#t2086w9,2021,4
2023-12-05#t14937w0,2023,4
2019-11-28#t2817w10,2019,4
2026-03-20#t2221w0,2026,4
2026-03-20#t2223w4,2026,4
2024-11-26#t301w9,2024,4
2023-10-25#t13460w1,2023,4
2022-12-07#t10148w0,2022,4
2023-05-16#t11926w0,2023,4
2024-06-06#t17663w2,2024,4
2021-12-03#t5147w0,2021,4
2023-12-12#t15377w4,2023,4
2022-05-13#t6912w0,2022,4
2023-03-30#t11404w2,2023,4
2020-12-18#t1251w0,2020,4
2023-12-01#t14831w4,2023,4
2022-05-19#t7119w0,2022,4
2018-11-27#t854w1,2018,4
2022-12-15#t10747w1,2022,4
2021-05-13#t2327w1,2021,4
2022-03-31#t6447w2,2022,4
2022-12-08#t10335w0,2022,4
2021-12-02#t4961w0,2021,4
2019-12-12#t359w2,2019,4
2021-11-04#t4069w0,2021,4
2022-06-02#t7596w1,2022,4
2024-05-16#t16762w0,2024,4
2021-12-14#t5732w0,2021,4
2019-11-26#t2700w6,2019,4
2023-12-05#t14926w10,2023,4
2021-06-02#t3151w1,2021,4
2020-12-16#t916w0,2020,4
2023-06-13#t12679w0,2023,4
2023-12-01#t14852w3,2023,4
2022-05-17#t6973w0,2022,4
2019-11-20#t2397w0,2019,4
2018-11-28#t972w1,2018,4
2023-10-20#t13217w0,2023,4
2025-05-06#t1664w0,2025,4
2025-10-28#t280w0,2025,4
2025-12-12#t2005w1,2025,4
2025-03-26#t1517w5,2025,4
2021-05-21#t2957w1,2021,4
2022-05-11#t6664w2,2022,4
2023-03-28#t11155w1,2023,4
2021-12-07#t5277w1,2021,4
2021-11-05#t4200w0,2021,4
2023-10-25#t13375w0,2023,4
2023-11-21#t14107w12,2023,4
2020-11-20#t229w0,2020,4
2022-06-02#t7588w2,2022,4
2023-10-19#t13169w4,2023,4
2024-05-08#t16302w1,2024,4
2022-05-10#t6563w1,2022,4
2019-12-20#t3681w0,2019,4
2019-12-12#t303w0,2019,4
2025-05-14#t2227w0,2025,4
2019-05-14#t1665w0,2019,4
2026-03-24#t2325w4,2026,4
2024-06-05#t17512w0,2024,4
2023-11-29#t14561w0,2023,4
2023-10-20#t13253w0,2023,4
2021-03-24#t1787w1,2021,4
2021-12-10#t5565w0,2021,4
2022-03-25#t6102w0,2022,4
2022-10-07#t8361w0,2022,4
2025-10-30#t420w1,2025,4
2020-05-27#t4156w0,2020,4
2022-10-07#t8420w0,2022,4
2023-03-22#t10847w0,2023,4
2021-05-11#t2086w5,2021,4
2026-03-25#t2441w0,2026,4
2019-05-14#t1583w0,2019,4
2019-11-22#t2496w0,2019,4
2020-03-12#t3845w7,2020,4
2022-10-26#t8657w0,2022,4
2021-11-25#t4709w4,2021,4
2019-12-10#t2935w0,2019,4
2022-05-17#t6972w0,2022,4
2022-03-25#t6160w2,2022,4
2022-05-10#t6517w0,2022,4
2026-05-07#t2880w0,2026,4
2018-10-31#t373w1,2018,4
2021-12-10#t5599w0,2021,4
2023-06-09#t12644w4,2023,4
2022-05-19#t7098w0,2022,4
2021-12-16#t5896w2,2021,4
2023-05-18#t12153w12,2023,4
2021-11-26#t4754w0,2021,4
2021-06-02#t3136w0,2021,4
2020-06-11#t4434w0,2020,4
2018-10-31#t385w6,2018,4
2020-12-11#t756w2,2020,4
2021-05-20#t2813w2,2021,4
2025-05-28#t2806w0,2025,4
2026-05-08#t2965w1,2026,4
2025-12-04#t1500w0,2025,4
2023-06-15#t12909w0,2023,4
2020-12-11#t756w1,2020,4
2021-12-09#t5553w2,2021,4
2021-05-18#t2580w1,2021,4
2019-12-20#t3643w1,2019,4
2022-03-25#t6156w0,2022,4
2018-11-27#t847w16,2018,4
2021-03-19#t1606w1,2021,4
2023-10-26#t13560w0,2023,4
2021-03-23#t1704w4,2021,4
2021-03-25#t1903w0,2021,4
2022-05-11#t6712w0,2022,4
2023-12-08#t15265w0,2023,4
2023-11-21#t14107w8,2023,4
2021-06-02#t3153w6,2021,4
2022-12-08#t10362w0,2022,4
2019-12-10#t2868w0,2019,4
2022-11-23#t9720w2,2022,4
2020-12-16#t951w0,2020,4
2022-11-02#t8969w0,2022,4
2021-05-19#t2707w3,2021,4
2021-12-08#t5370w0,2021,4
2022-05-11#t6670w3,2022,4
2021-03-25#t1957w2,2021,4
2021-12-09#t5541w2,2021,4
2022-11-25#t9941w6,2022,4
2021-11-05#t4152w0,2021,4
2019-11-28#t2776w0,2019,4
2022-12-13#t10523w4,2022,4
2022-12-13#t10491w0,2022,4
2023-06-13#t12732w4,2023,4
2025-05-14#t2281w2,2025,4
2021-05-19#t2707w7,2021,4
2021-05-11#t2081w2,2021,4
2023-11-03#t13969w3,2023,4
2024-05-08#t16339w0,2024,4
2023-11-03#t13997w1,2023,4
2023-10-18#t13111w0,2023,4
2023-11-22#t14220w1,2023,4
2023-10-20#t13251w4,2023,4
2023-03-28#t11106w0,2023,4
2020-06-17#t4661w0,2020,4
2020-12-18#t1222w0,2020,4
2021-12-16#t5870w1,2021,4
2025-10-28#t286w5,2025,4
2021-03-25#t1914w1,2021,4
2019-12-17#t3377w0,2019,4
2023-12-12#t15359w0,2023,4
2023-11-28#t14473w0,2023,4
2023-10-18#t13139w0,2023,4
2021-06-02#t3156w2,2021,4
2022-05-19#t7149w0,2022,4
2023-12-06#t15053w5,2023,4
2022-11-03#t9108w3,2022,4
2021-05-18#t2580w2,2021,4
2019-11-29#t2861w7,2019,4
2021-06-10#t3689w2,2021,4
2022-06-03#t7660w0,2022,4
2023-10-25#t13426w0,2023,4
2025-05-13#t2145w0,2025,4
2023-06-06#t12319w0,2023,4
2022-10-11#t8478w0,2022,4
2021-12-09#t5450w0,2021,4
2023-06-15#t12864w0,2023,4
2020-05-26#t4091w0,2020,4
2020-06-17#t4665w0,2020,4
2019-05-16#t1795w0,2019,4
2024-03-27#t15926w2,2024,4
2023-06-15#t12941w0,2023,4
2024-06-06#t17626w0,2024,4
2023-11-21#t14108w0,2023,4
2021-12-14#t5722w0,2021,4
2022-12-16#t10822w0,2022,4
2021-12-03#t5135w3,2021,4
2023-05-11#t11761w6,2023,4
2020-06-17#t4718w2,2020,4
2022-06-08#t7811w0,2022,4
2023-03-30#t11366w2,2023,4
2020-06-17#t4659w0,2020,4
2023-12-05#t14941w2,2023,4
2022-10-04#t8076w0,2022,4
2022-11-25#t9915w3,2022,4
2019-05-16#t1884w1,2019,4
2021-05-19#t2660w2,2021,4
2023-11-29#t14615w0,2023,4
2020-11-20#t190w0,2020,4
2021-03-24#t1832w5,2021,4
2021-12-16#t5905w4,2021,4
2026-05-06#t2679w0,2026,4
2021-05-18#t2591w5,2021,4
2021-11-09#t4298w0,2021,4
2022-05-11#t6700w1,2022,4
2022-06-08#t7766w0,2022,4
2019-11-27#t268w0,2019,4
2019-12-13#t3213w0,2019,4
2022-12-15#t10732w1,2022,4
2021-06-02#t3080w0,2021,4
2025-03-26#t1513w0,2025,4
2020-12-09#t558w0,2020,4
2025-05-13#t2138w5,2025,4
2019-12-18#t3440w0,2019,4
2021-03-19#t1612w11,2021,4
2019-11-28#t2779w0,2019,4
2022-05-12#t6862w3,2022,4
2021-06-02#t3158w2,2021,4
2025-11-06#t797w2,2025,4
2022-11-15#t9162w0,2022,4
2023-06-14#t12780w0,2023,4
2019-05-14#t1727w0,2019,4
2023-05-10#t11672w0,2023,4
2020-12-11#t720w0,2020,4
2023-05-11#t11699w0,2023,4
2025-05-16#t2540w0,2025,4
2019-05-28#t2090w0,2019,4
2023-11-01#t13768w1,2023,4
2021-05-18#t2591w6,2021,4
2023-11-28#t14478w0,2023,4
2023-10-26#t13528w0,2023,4
2022-06-01#t7407w0,2022,4
2024-05-14#t16595w0,2024,4
2019-12-13#t3217w2,2019,4
2023-05-09#t11472w0,2023,4
2023-10-26#t13495w0,2023,4
2018-11-28#t907w0,2018,4
2022-05-18#t7062w0,2022,4
2024-05-30#t17258w0,2024,4
2021-05-19#t2661w0,2021,4
2024-03-28#t16032w0,2024,4
2021-06-10#t3613w3,2021,4
2023-05-19#t12278w3,2023,4
2021-12-15#t5781w0,2021,4
2025-03-25#t1276w0,2025,4
2019-12-10#t2943w0,2019,4
2020-12-08#t352w0,2020,4
2023-03-30#t11310w0,2023,4
2021-11-04#t4088w0,2021,4
2021-11-24#t4586w0,2021,4
2020-03-11#t3801w0,2020,4
2019-12-19#t3554w2,2019,4
2022-11-15#t9228w6,2022,4
2024-05-09#t16470w0,2024,4
2021-11-05#t4148w0,2021,4
2023-05-10#t11615w0,2023,4
2024-03-26#t15817w4,2024,4
2021-05-20#t2837w0,2021,4
2024-06-06#t17607w1,2024,4
2023-10-19#t13169w2,2023,4
2018-10-30#t301w3,2018,4
2022-06-02#t7483w0,2022,4
2022-11-24#t9770w0,2022,4
2022-11-16#t9365w4,2022,4
2021-05-18#t2486w0,2021,4
2025-10-24#t176w1,2025,4
2018-11-01#t495w0,2018,4
2022-06-02#t7565w2,2022,4
2021-05-13#t2370w3,2021,4
2025-03-26#t1496w2,2025,4
2025-05-27#t2564w0,2025,4
2019-12-11#t3091w0,2019,4
2023-03-30#t11404w1,2023,4
2022-11-16#t9335w0,2022,4
2022-11-24#t9823w5,2022,4
2022-11-02#t8953w0,2022,4
2021-12-03#t5159w3,2021,4
2019-12-17#t3372w5,2019,4
2019-05-28#t2083w0,2019,4
2023-03-30#t11319w0,2023,4
2021-12-16#t5831w0,2021,4
2022-03-30#t6349w14,2022,4
2025-05-06#t1708w2,2025,4
2021-12-08#t5409w1,2021,4
2023-12-01#t14848w0,2023,4
2019-03-22#t1209w0,2019,4
2019-05-28#t2010w0,2019,4
2022-05-18#t7016w0,2022,4
2026-05-06#t2731w0,2026,4
2019-12-11#t3120w0,2019,4
2024-05-28#t17039w7,2024,4
2021-11-03#t3894w0,2021,4
2019-12-20#t3658w0,2019,4
2021-11-10#t4335w0,2021,4
2023-05-10#t11653w6,2023,4
2021-05-21#t2856w0,2021,4
2025-10-30#t514w0,2025,4
2019-12-10#t2983w0,2019,4
2019-11-27#t263w0,2019,4
2024-06-07#t17755w0,2024,4
2021-06-03#t3245w2,2021,4
2019-12-20#t3602w0,2019,4
2022-12-14#t10591w4,2022,4
2023-10-26#t13503w0,2023,4
2021-03-23#t1695w2,2021,4
2022-06-01#t7395w0,2022,4
2023-03-24#t10977w0,2023,4
2022-06-08#t7839w4,2022,4
2025-05-13#t2122w11,2025,4
2022-12-07#t10143w0,2022,4
2023-03-29#t11236w4,2023,4
2019-11-26#t2704w1,2019,4
2021-12-08#t5392w3,2021,4
2021-11-24#t4593w0,2021,4
2022-12-14#t10528w0,2022,4
2025-11-21#t1258w0,2025,4
2020-11-18#t131w0,2020,4
2018-10-24#t85w0,2018,4
2022-05-13#t6936w0,2022,4
2019-12-19#t3562w0,2019,4
2020-06-18#t4739w0,2020,4
2022-11-16#t9300w1,2022,4
2023-05-18#t12172w1,2023,4
2021-03-24#t1786w1,2021,4
2021-11-03#t3906w0,2021,4
2022-10-05#t8236w0,2022,4
2019-12-13#t3217w1,2019,4
2021-12-03#t5137w2,2021,4
2024-11-26#t311w1,2024,4
2021-05-18#t2588w0,2021,4
2023-12-06#t14983w0,2023,4
2023-11-21#t14067w0,2023,4
2023-12-08#t15278w0,2023,4
2022-05-19#t7192w1,2022,4
2025-10-30#t531w2,2025,4
2021-06-01#t3021w0,2021,4
2023-06-15#t12877w0,2023,4
2025-03-19#t1142w0,2025,4
2019-12-17#t3373w0,2019,4
2022-05-31#t7304w0,2022,4
2021-03-23#t1688w1,2021,4
2023-06-14#t12802w0,2023,4
2022-05-11#t6699w3,2022,4
2019-11-26#t2704w3,2019,4
2023-03-29#t11223w0,2023,4
2021-12-08#t5409w7,2021,4
2022-11-16#t9361w2,2022,4
2023-11-21#t14108w3,2023,4
2018-10-31#t386w9,2018,4
2021-05-18#t2559w0,2021,4
2025-05-28#t2759w0,2025,4
2021-11-04#t4074w1,2021,4
2023-06-16#t13018w0,2023,4
2026-03-26#t2460w0,2026,4
2021-12-16#t5908w1,2021,4
2019-12-20#t3594w0,2019,4
2020-12-09#t500w0,2020,4
2018-11-27#t836w0,2018,4
2019-05-07#t1388w0,2019,4
2022-11-15#t9205w1,2022,4
2022-06-03#t7678w2,2022,4
2022-11-15#t9194w0,2022,4
2024-11-27#t441w3,2024,4
2020-03-17#t3981w0,2020,4
2025-11-20#t1191w0,2025,4
2020-12-17#t1132w0,2020,4
2021-05-14#t2408w0,2021,4
2023-10-26#t13568w0,2023,4
2023-06-13#t12727w0,2023,4
2025-11-06#t825w0,2025,4
2019-12-11#t3114w0,2019,4
2021-03-24#t1835w1,2021,4
2020-05-28#t4220w0,2020,4
2023-12-05#t14934w0,2023,4
2019-12-12#t345w0,2019,4
2025-12-02#t1347w0,2025,4
2024-03-27#t15902w0,2024,4
2019-11-27#t253w4,2019,4
2019-12-19#t3564w2,2019,4
2021-06-02#t3149w1,2021,4
2021-12-07#t5213w0,2021,4
2023-12-06#t15054w1,2023,4
2024-12-10#t639w1,2024,4
2020-06-10#t4379w0,2020,4
2026-03-25#t2422w2,2026,4
2021-11-04#t4083w0,2021,4
2021-11-05#t4162w0,2021,4
2025-03-21#t1217w0,2025,4
2021-12-03#t5142w11,2021,4
2020-06-10#t4342w0,2020,4
2021-06-08#t3402w0,2021,4
2023-06-15#t12909w5,2023,4
2023-11-03#t14001w0,2023,4
2024-12-13#t942w0,2024,4
2020-12-09#t469w0,2020,4
2024-05-16#t16832w2,2024,4
2023-03-29#t11266w10,2023,4
2021-05-13#t2343w5,2021,4
2022-11-01#t8874w2,2022,4
2018-10-31#t386w7,2018,4
2021-06-01#t3032w6,2021,4
2021-12-10#t5632w0,2021,4
2022-12-15#t10741w0,2022,4
2020-12-09#t482w0,2020,4
2025-05-13#t2122w8,2025,4
2021-03-23#t1680w3,2021,4
2020-12-18#t1228w0,2020,4
2021-12-03#t5167w5,2021,4
2022-03-31#t6441w1,2022,4
2021-11-04#t4078w0,2021,4
2019-12-13#t3170w0,2019,4
2021-12-02#t4972w0,2021,4
2026-05-07#t2866w0,2026,4
2022-10-28#t8725w0,2022,4
2022-11-16#t9265w0,2022,4
2021-12-09#t5502w3,2021,4
2021-11-10#t4340w0,2021,4
2021-12-10#t5580w0,2021,4
2022-12-14#t10586w5,2022,4
2024-11-26#t258w0,2024,4
2023-03-30#t11378w0,2023,4
2025-03-19#t1111w0,2025,4
2018-11-28#t964w1,2018,4
2022-12-15#t10663w0,2022,4
2020-12-10#t611w0,2020,4
2021-06-03#t3253w0,2021,4
2022-03-31#t6447w1,2022,4
2023-03-30#t11313w0,2023,4
2023-06-09#t12547w0,2023,4
2023-12-01#t14843w5,2023,4
2022-10-04#t8049w0,2022,4
2021-05-19#t2654w0,2021,3
2022-06-09#t7891w0,2022,3
2019-05-28#t2047w0,2019,3
2018-11-28#t976w4,2018,3
2022-11-25#t9946w1,2022,3
2021-05-12#t2224w0,2021,3
2023-11-30#t14641w0,2023,3
2020-05-26#t4067w0,2020,3
2023-05-11#t11787w0,2023,3
2023-03-30#t11412w0,2023,3
2021-05-11#t2080w0,2021,3
2022-06-08#t7841w1,2022,3
2019-11-20#t2372w0,2019,3
2024-06-06#t17648w6,2024,3
2022-12-07#t10124w0,2022,3
2023-12-06#t15053w4,2023,3
2021-12-17#t5962w0,2021,3
2024-05-08#t16314w1,2024,3
2023-05-16#t11924w1,2023,3
2022-03-25#t6097w0,2022,3
2021-06-11#t3760w1,2021,3
2020-06-17#t4705w0,2020,3
2023-12-01#t14850w7,2023,3
2024-05-14#t16608w0,2024,3
2024-11-22#t147w0,2024,3
2019-03-19#t3w0,2019,3
2022-11-01#t8805w0,2022,3
2023-03-30#t11369w3,2023,3
2023-12-01#t14836w1,2023,3
2021-05-13#t2343w6,2021,3
2019-05-16#t1890w0,2019,3
2024-03-26#t15760w0,2024,3
2022-11-25#t9922w1,2022,3
2021-11-02#t3794w0,2021,3
2020-03-11#t3778w0,2020,3
2023-11-21#t14103w0,2023,3
2024-12-13#t887w0,2024,3
2023-03-29#t11262w0,2023,3
2024-03-28#t16007w1,2024,3
2023-11-29#t14565w0,2023,3
2020-06-17#t4723w0,2020,3
2024-06-06#t17635w0,2024,3
2021-03-25#t1873w0,2021,3
2025-05-08#t1841w0,2025,3
2022-03-31#t6461w3,2022,3
2020-06-18#t4778w0,2020,3
2018-11-27#t847w10,2018,3
2024-05-15#t16672w0,2024,3
2019-05-07#t1418w0,2019,3
2025-05-28#t2791w0,2025,3
2023-11-02#t13799w0,2023,3
2019-12-10#t2957w0,2019,3
2020-12-08#t380w1,2020,3
2025-06-05#t3344w3,2025,3
2022-12-14#t10586w0,2022,3
2021-12-03#t5167w4,2021,3
2023-10-20#t13239w0,2023,3
2018-10-31#t317w0,2018,3
2022-03-30#t6357w0,2022,3
2022-12-07#t10189w0,2022,3
2025-05-15#t2422w0,2025,3
2022-06-01#t7462w2,2022,3
2022-11-24#t9823w0,2022,3
2022-06-02#t7537w0,2022,3
2019-05-28#t2084w0,2019,3
2021-06-02#t3113w0,2021,3
2021-12-07#t5288w0,2021,3
2021-12-16#t5859w0,2021,3
2021-05-14#t2472w2,2021,3
2025-11-06#t753w0,2025,3
2024-11-27#t427w3,2024,3
2025-05-13#t2137w1,2025,3
2025-05-28#t2810w0,2025,3
2023-10-31#t13646w0,2023,3
2021-05-18#t2580w0,2021,3
2019-11-20#t2380w0,2019,3
2023-10-25#t13373w0,2023,3
2019-05-16#t1880w2,2019,3
2019-12-11#t2991w0,2019,3
2026-05-07#t2862w0,2026,3
2021-05-19#t2707w20,2021,3
2025-03-26#t1518w15,2025,3
2025-06-05#t3344w1,2025,3
2023-12-05#t14926w8,2023,3
2021-12-07#t5212w0,2021,3
2021-12-03#t5175w0,2021,3
2019-05-31#t2171w0,2019,3
2021-06-10#t3555w0,2021,3
2023-03-29#t11193w0,2023,3
2022-11-18#t9531w0,2022,3
2019-11-28#t2820w2,2019,3
2019-11-28#t2767w0,2019,3
2023-05-10#t11626w1,2023,3
2023-06-08#t12448w0,2023,3
2023-11-03#t13996w2,2023,3
2018-10-31#t378w8,2018,3
2021-11-24#t4591w0,2021,3
2023-06-16#t13012w0,2023,3
2021-03-23#t1705w2,2021,3
2023-12-06#t15076w4,2023,3
2021-11-25#t4709w5,2021,3
2019-11-28#t2812w4,2019,3
2025-05-13#t2122w12,2025,3
2023-06-15#t12863w0,2023,3
2020-11-18#t37w0,2020,3
2019-05-28#t2102w0,2019,3
2020-03-12#t3851w0,2020,3
2026-03-25#t2426w0,2026,3
2022-06-02#t7593w1,2022,3
2025-05-28#t2778w6,2025,3
2025-05-08#t1914w1,2025,3
2019-11-29#t2861w23,2019,3
2021-05-14#t2439w6,2021,3
2022-05-11#t6674w5,2022,3
2020-12-09#t508w0,2020,3
2021-03-23#t1708w3,2021,3
2021-05-19#t2687w0,2021,3
2020-03-12#t3852w0,2020,3
2022-12-07#t10183w0,2022,3
2021-05-12#t2116w0,2021,3
2019-03-21#t1196w0,2019,3
2019-11-20#t2359w0,2019,3
2019-11-28#t2810w1,2019,3
2023-03-30#t11394w3,2023,3
2019-12-19#t3514w0,2019,3
2022-12-13#t10515w8,2022,3
2020-12-08#t311w0,2020,3
2021-05-20#t2801w0,2021,3
2025-03-26#t1497w1,2025,3
2021-12-07#t5278w2,2021,3
2020-05-28#t4210w0,2020,3
2025-05-06#t1721w0,2025,3
2020-03-10#t3707w0,2020,3
2021-06-02#t3166w3,2021,3
2023-11-22#t14204w5,2023,3
2019-12-20#t3668w0,2019,3
2022-03-30#t6288w0,2022,3
2021-06-02#t3139w0,2021,3
2023-12-01#t14850w6,2023,3
2024-12-12#t777w0,2024,3
2023-05-09#t11507w0,2023,3
2022-12-13#t10519w2,2022,3
2025-05-13#t2155w0,2025,3
2019-12-13#t3247w0,2019,3
2019-12-13#t3193w0,2019,3
2020-06-17#t4643w0,2020,3
2021-02-12#t1385w1,2021,3
2022-06-01#t7449w1,2022,3
2026-05-14#t3198w0,2026,3
2021-05-20#t2822w0,2021,3
2021-05-14#t2445w11,2021,3
2021-06-09#t3493w0,2021,3
2025-05-13#t2115w4,2025,3
2022-11-17#t9457w0,2022,3
2022-05-19#t7184w1,2022,3
2023-10-25#t13401w0,2023,3
2022-06-10#t7984w0,2022,3
2023-12-06#t15096w0,2023,3
2024-11-27#t437w11,2024,3
2019-05-16#t1881w0,2019,3
2024-12-10#t626w0,2024,3
2020-12-18#t1266w1,2020,3
2025-03-25#t1377w0,2025,3
2023-12-05#t14926w6,2023,3
2018-10-30#t290w7,2018,3
2021-12-16#t5907w1,2021,3
2024-06-06#t17652w0,2024,3
2024-06-06#t17640w0,2024,3
2022-05-19#t7145w0,2022,3
2024-05-08#t16323w4,2024,3
2023-10-17#t13059w7,2023,3
2019-11-28#t2810w0,2019,3
2021-06-03#t3289w1,2021,3
2021-03-17#t1516w0,2021,3
2020-12-10#t640w0,2020,3
2019-05-10#t52w0,2019,3
2022-06-08#t7835w0,2022,3
2022-05-11#t6725w0,2022,3
2023-10-25#t13377w0,2023,3
2021-05-14#t2439w1,2021,3
2024-05-16#t16832w0,2024,3
2023-11-21#t14050w0,2023,3
2022-12-08#t10341w0,2022,3
2022-11-01#t8858w5,2022,3
2019-12-17#t3354w0,2019,3
2019-11-28#t2844w3,2019,3
2021-03-24#t1803w0,2021,3
2021-05-14#t2479w1,2021,3
2024-11-28#t484w0,2024,3
2025-11-05#t719w1,2025,3
2025-03-26#t1517w3,2025,3
2018-10-24#t45w0,2018,3
2021-12-08#t5406w0,2021,3
2022-12-14#t10591w1,2022,3
2019-05-16#t1803w0,2019,3
2023-11-02#t13882w7,2023,3
2020-12-10#t617w0,2020,3
2024-04-02#t16104w0,2024,3
2022-12-16#t10820w0,2022,3
2022-11-16#t9315w0,2022,3
2025-05-14#t2276w1,2025,3
2018-10-30#t303w0,2018,3
2019-11-20#t2437w0,2019,3
2020-03-11#t3830w0,2020,3
2021-12-10#t5620w0,2021,3
2026-05-08#t2975w0,2026,3
2025-05-14#t2309w0,2025,3
2024-05-28#t17025w0,2024,3
2021-12-08#t5332w0,2021,3
2018-10-31#t385w2,2018,3
2020-12-16#t920w0,2020,3
2019-05-28#t1897w0,2019,3
2023-12-06#t15007w0,2023,3
2022-12-08#t10295w2,2022,3
2021-05-11#t2077w0,2021,3
2024-03-26#t15770w0,2024,3
2021-05-11#t2004w0,2021,3
2019-11-20#t2379w0,2019,3
2019-12-10#t2980w1,2019,3
2021-05-11#t2086w8,2021,3
2023-05-10#t11533w0,2023,3
2023-11-01#t13763w0,2023,3
2023-05-18#t12153w15,2023,3
2023-12-06#t15082w0,2023,3
2024-11-26#t315w1,2024,3
2019-11-28#t2808w3,2019,3
2025-05-13#t2109w0,2025,3
2021-06-02#t3163w2,2021,3
2026-03-25#t2432w2,2026,3
2023-06-06#t12364w0,2023,3
2022-11-01#t8821w0,2022,3
2026-05-08#t2979w0,2026,3
2025-03-18#t966w0,2025,3
2021-03-19#t1550w0,2021,3
2021-05-19#t2687w7,2021,3
2023-11-21#t14103w1,2023,3
2025-05-28#t2709w0,2025,3
2022-12-08#t10294w3,2022,3
2020-06-18#t4724w0,2020,3
2021-05-19#t2707w14,2021,3
2025-12-11#t1855w0,2025,3
2022-06-02#t7556w0,2022,3
2024-12-12#t815w0,2024,3
2022-12-07#t10152w0,2022,3
2026-03-25#t2442w0,2026,3
2024-03-26#t15804w6,2024,3
2019-05-14#t1760w0,2019,3
2021-03-19#t1598w0,2021,3
2021-05-14#t2459w0,2021,3
2021-03-25#t1925w2,2021,3
2023-10-25#t13433w0,2023,3
2020-10-07#t18w0,2020,3
2022-10-05#t8230w0,2022,3
2018-10-30#t290w18,2018,3
2025-05-09#t2024w2,2025,3
2024-11-27#t437w8,2024,3
2025-11-19#t1096w0,2025,3
2023-11-21#t14102w7,2023,3
2023-03-24#t10973w0,2023,3
2023-11-03#t13971w7,2023,3
2019-12-13#t3235w2,2019,3
2019-12-11#t3078w0,2019,3
2021-12-07#t5249w0,2021,3
2021-05-11#t2080w4,2021,3
2022-05-10#t6547w0,2022,3
2021-05-18#t2595w3,2021,3
2024-05-10#t16518w0,2024,3
2025-05-13#t2057w0,2025,3
2021-05-13#t2280w0,2021,3
2021-05-19#t2683w0,2021,3
2022-12-06#t10048w0,2022,3
2022-11-16#t9338w1,2022,3
2020-12-11#t756w3,2020,3
2020-12-16#t946w0,2020,3
2020-03-11#t3803w0,2020,3
2022-12-06#t10042w0,2022,3
2024-03-27#t15952w0,2024,3
2022-11-02#t8973w0,2022,3
2021-06-04#t3336w0,2021,3
2021-11-23#t4518w0,2021,3
2021-03-17#t1519w2,2021,3
2025-05-15#t2429w0,2025,3
2019-11-22#t2567w5,2019,3
2025-05-28#t2807w1,2025,3
2022-06-10#t7975w0,2022,3
2025-03-26#t1480w5,2025,3
2021-06-02#t3174w7,2021,3
2021-05-13#t2370w2,2021,3
2025-05-13#t2157w0,2025,3
2021-11-03#t3913w0,2021,3
2019-12-12#t333w0,2019,3
2019-11-20#t2366w0,2019,3
2021-12-07#t5276w1,2021,3
2022-12-15#t10725w5,2022,3
2020-12-09#t498w0,2020,3
2024-05-29#t17138w0,2024,3
2023-03-29#t11267w3,2023,3
2023-05-19#t12284w0,2023,3
2021-06-10#t3636w0,2021,3
2019-03-22#t1324w0,2019,3
2025-05-30#t2971w0,2025,3
2018-10-31#t390w0,2018,3
2021-06-09#t3485w0,2021,3
2025-03-26#t1518w2,2025,3
2019-03-22#t1332w0,2019,3
2022-05-20#t7261w0,2022,3
2021-12-10#t5619w0,2021,3
2025-05-13#t2118w0,2025,3
2023-12-06#t15077w0,2023,3
2020-12-10#t651w0,2020,3
2021-05-20#t2792w1,2021,3
2023-03-30#t11369w9,2023,3
2024-05-08#t16314w2,2024,3
2021-12-08#t5409w6,2021,3
2022-05-19#t7198w6,2022,3
2021-06-10#t3636w5,2021,3
2025-05-14#t2273w0,2025,3
2025-12-09#t1709w0,2025,3
2022-11-02#t8981w0,2022,3
2023-11-02#t13867w2,2023,3
2020-12-10#t652w3,2020,3
2025-05-14#t2268w7,2025,3
2021-05-21#t2963w0,2021,3
2021-11-04#t4079w2,2021,3
2023-05-17#t12012w0,2023,3
2022-12-07#t10146w0,2022,3
2025-12-09#t1719w0,2025,3
2018-11-23#t743w7,2018,3
2022-12-07#t10182w0,2022,3
2023-06-09#t12615w0,2023,3
2021-11-25#t4625w0,2021,3
2021-06-03#t3298w0,2021,3
2021-06-01#t3032w8,2021,3
2024-03-28#t16035w0,2024,3
2024-11-21#t124w3,2024,3
2023-03-24#t11041w0,2023,3
2024-05-07#t16208w2,2024,3
2025-05-08#t1926w1,2025,3
2019-11-27#t235w0,2019,3
2020-12-09#t552w0,2020,3
2021-11-30#t4807w0,2021,3
2025-12-10#t1755w0,2025,3
2022-03-29#t6262w1,2022,3
2022-06-02#t7559w7,2022,3
2019-12-11#t3114w5,2019,3
2021-06-10#t3640w0,2021,3
2023-05-09#t11477w0,2023,3
2023-12-08#t15275w0,2023,3
2025-12-02#t1366w0,2025,3
2022-12-08#t10335w2,2022,3
2022-06-10#t7952w0,2022,3
2018-11-23#t750w0,2018,3
2023-10-17#t13048w0,2023,3
2023-12-06#t15055w1,2023,3
2022-06-09#t7925w0,2022,3
2020-12-18#t1264w0,2020,3
2021-06-03#t3250w0,2021,3
2019-11-28#t2781w0,2019,3
2021-12-09#t5498w0,2021,3
2019-05-16#t1857w1,2019,3
2022-03-23#t6038w0,2022,3
2022-03-25#t6105w0,2022,3
2022-06-07#t7707w0,2022,3
2019-11-28#t2812w1,2019,3
2024-05-10#t16548w0,2024,3
2023-05-17#t12002w0,2023,3
2021-12-07#t5256w4,2021,3
2024-05-17#t16952w0,2024,3
2026-03-27#t2561w0,2026,3
2025-03-26#t1512w3,2025,3
2024-06-06#t17573w0,2024,3
2026-05-07#t2848w0,2026,3
2020-03-12#t3847w0,2020,3
2025-03-26#t1518w3,2025,3
2025-05-14#t2302w0,2025,3
2018-10-30#t301w2,2018,3
2022-12-07#t10209w0,2022,3
2025-12-11#t1873w0,2025,3
2022-11-01#t8873w0,2022,3
2023-10-19#t13169w6,2023,3
2023-12-06#t15085w0,2023,3
2025-05-08#t1925w3,2025,3
2023-03-24#t11043w3,2023,3
2023-03-24#t10989w0,2023,3
2023-06-15#t12828w0,2023,3
2023-11-03#t13974w1,2023,3
2023-11-24#t14431w1,2023,3
2023-12-12#t15397w0,2023,3
2022-11-17#t9459w1,2022,3
2022-11-02#t8969w8,2022,3
2021-05-19#t2710w0,2021,3
2024-05-15#t16625w0,2024,3
2021-03-23#t1718w0,2021,3
2022-03-31#t6404w0,2022,3
2021-05-12#t2204w10,2021,3
2019-11-28#t2844w2,2019,3
2021-05-12#t2195w9,2021,3
2018-10-30#t272w9,2018,3
2021-05-19#t2707w19,2021,3
2021-05-14#t2465w1,2021,3
2022-12-08#t10308w0,2022,3
2024-03-22#t15612w0,2024,3
2022-03-23#t6063w0,2022,3
2022-05-19#t7219w0,2022,3
2019-11-22#t2569w0,2019,3
2022-05-19#t7154w4,2022,3
2026-05-05#t2620w0,2026,3
2020-12-08#t407w1,2020,3
2023-11-01#t13752w0,2023,3
2023-12-06#t15058w1,2023,3
2021-06-10#t3681w1,2021,3
2021-03-24#t1782w0,2021,3
2022-12-08#t10295w0,2022,3
2021-11-26#t4805w0,2021,3
2019-11-28#t2810w2,2019,3
2023-11-22#t14161w0,2023,3
2023-03-28#t11154w4,2023,3
2021-03-24#t1819w0,2021,3
2021-06-10#t3650w0,2021,3
2019-11-28#t2758w0,2019,3
2023-10-24#t13284w0,2023,3
2025-12-11#t1899w0,2025,3
2026-05-14#t3197w1,2026,3
2019-05-28#t2101w0,2019,3
2025-12-02#t1368w0,2025,3
2021-11-02#t3824w0,2021,3
2025-05-28#t2786w1,2025,3
2022-10-07#t8412w0,2022,3
2019-11-20#t2421w0,2019,3
2023-10-20#t13247w4,2023,3
2022-11-17#t9414w0,2022,3
2024-03-27#t15930w1,2024,3
2022-10-05#t8257w0,2022,3
2021-12-01#t4904w0,2021,3
2021-11-04#t4020w0,2021,3
2025-10-24#t161w0,2025,3
2019-12-12#t392w0,2019,3
2018-11-01#t469w0,2018,3
2021-06-11#t3718w0,2021,3
2020-12-16#t919w1,2020,3
2023-11-02#t13883w4,2023,3
2022-05-18#t7073w0,2022,3
2023-12-06#t15085w11,2023,3
2021-05-18#t2594w0,2021,3
2018-10-26#t124w0,2018,3
2023-06-07#t12445w0,2023,3
2022-11-25#t9949w0,2022,3
2018-10-23#t15w0,2018,3
2021-05-19#t2658w0,2021,3
2021-03-17#t1476w0,2021,3
2022-03-30#t6336w0,2022,3
2022-03-30#t6348w1,2022,3
2021-12-07#t5258w4,2021,3
2024-05-07#t16208w1,2024,3
2025-05-13#t2128w5,2025,3
2022-06-07#t7710w0,2022,3
2021-11-26#t4783w0,2021,3
2021-05-20#t2808w0,2021,3
2024-06-07#t17778w0,2024,3
2022-11-16#t9358w0,2022,3
2020-12-11#t729w0,2020,3
2021-02-12#t1370w0,2021,3
2021-05-14#t2445w6,2021,3
2024-05-08#t16320w1,2024,3
2018-11-23#t738w3,2018,3
2025-11-07#t878w0,2025,3
2021-05-18#t2530w0,2021,3
2023-10-20#t13259w1,2023,3
2022-03-25#t6149w0,2022,3
2022-06-02#t7565w0,2022,3
2019-11-28#t2786w0,2019,3
2023-05-10#t11608w0,2023,3
2024-05-17#t16938w0,2024,3
2022-11-18#t9584w0,2022,3
2024-05-15#t16702w0,2024,3
2021-11-02#t3843w0,2021,3
2023-10-26#t13580w0,2023,3
2021-12-10#t5606w0,2021,3
2021-05-14#t2445w17,2021,3
2022-10-07#t8420w1,2022,3
2020-12-08#t385w0,2020,3
2021-12-07#t5256w3,2021,3
2021-06-11#t3700w0,2021,3
2019-05-28#t2049w0,2019,3
2023-05-10#t11614w0,2023,3
2018-10-31#t380w7,2018,3
2025-05-28#t2786w2,2025,3
2021-05-19#t2707w9,2021,3
2022-05-11#t6710w3,2022,3
2021-12-08#t5409w3,2021,3
2022-05-12#t6876w2,2022,3
2025-05-28#t2816w7,2025,3
2021-05-19#t2707w5,2021,3
2022-05-10#t6546w1,2022,3
2022-12-07#t10196w0,2022,3
2019-11-28#t2766w0,2019,3
2023-05-12#t11815w0,2023,3
2025-03-21#t1267w0,2025,3
2022-12-14#t10586w7,2022,3
2022-12-08#t10356w0,2022,3
2024-03-27#t15944w2,2024,3
2021-03-16#t1432w0,2021,3
2019-11-28#t2813w2,2019,3
2021-05-12#t2204w9,2021,3
2022-03-29#t6249w0,2022,3
2021-11-04#t4087w1,2021,3
2025-05-14#t2269w2,2025,3
2019-05-31#t2239w0,2019,3
2021-05-18#t2580w3,2021,3
2021-06-10#t3620w0,2021,3
2023-12-12#t15358w0,2023,3
2020-12-17#t1183w0,2020,3
2024-12-12#t733w0,2024,3
2021-03-24#t1826w1,2021,3
2022-12-08#t10272w0,2022,3
2025-11-05#t708w0,2025,3
2022-11-15#t9228w12,2022,3
2019-11-20#t2351w0,2019,3
2021-03-25#t1914w2,2021,3
2021-06-03#t3249w2,2021,3
2022-03-30#t6367w6,2022,3
2019-11-22#t2570w0,2019,3
2022-11-25#t9923w1,2022,3
2022-06-09#t7917w2,2022,3
2021-05-20#t2828w1,2021,3
2020-12-10#t627w0,2020,3
2025-10-22#t81w1,2025,3
2020-06-11#t4488w1,2020,3
2024-06-06#t17648w1,2024,3
2018-11-28#t976w9,2018,3
2023-10-20#t13242w14,2023,3
2021-06-02#t3084w0,2021,3
2019-12-11#t3081w0,2019,3
2019-05-10#t66w0,2019,3
2024-11-27#t422w17,2024,3
2018-12-11#t999w0,2018,3
2024-11-20#t98w0,2024,3
2024-05-16#t16823w2,2024,3
2021-06-02#t3096w0,2021,3
2024-03-27#t15890w0,2024,3
2022-05-17#t6978w0,2022,3
2018-10-30#t290w3,2018,3
2022-11-17#t9458w3,2022,3
2020-12-10#t656w0,2020,3
2023-12-06#t15060w1,2023,3
2023-11-23#t14335w4,2023,3
2020-12-16#t1025w0,2020,3
2020-12-17#t1120w0,2020,3
2023-12-05#t14938w1,2023,3
2023-05-11#t11781w3,2023,3
2022-05-19#t7115w0,2022,3
2022-12-13#t10512w2,2022,3
2021-05-13#t2337w0,2021,3
2023-11-01#t13758w2,2023,3
2024-06-06#t17650w0,2024,3
2022-12-08#t10310w0,2022,3
2024-05-08#t16314w0,2024,3
2020-12-08#t403w1,2020,3
2023-05-19#t12290w0,2023,3
2025-03-25#t1391w0,2025,3
2018-10-30#t274w3,2018,3
2021-11-12#t4466w0,2021,3
2021-06-10#t3601w1,2021,3
2022-05-12#t6796w0,2022,3
2022-03-31#t6452w2,2022,3
2022-11-24#t9790w7,2022,3
2023-06-08#t12533w2,2023,3
2025-05-07#t1801w8,2025,3
2021-05-13#t2279w0,2021,3
2022-10-07#t8421w3,2022,3
2021-05-19#t2708w2,2021,3
2023-12-13#t15419w0,2023,3
2019-12-13#t3251w0,2019,3
2025-03-27#t1595w0,2025,3
2025-05-28#t2785w0,2025,3
2022-12-07#t10212w0,2022,3
2023-03-24#t11040w2,2023,3
2023-12-06#t15085w10,2023,3
2024-05-08#t16256w0,2024,3
2023-05-17#t12010w1,2023,3
2022-11-03#t9121w0,2022,3
2018-11-23#t736w0,2018,3
2021-12-16#t5900w0,2021,3
2021-11-26#t4756w0,2021,3
2025-12-12#t1976w0,2025,3
2021-11-04#t4100w0,2021,3
2022-05-31#t7351w2,2022,3
2023-11-03#t13997w0,2023,3
2023-10-24#t13307w0,2023,3
2025-05-13#t2123w0,2025,3
2020-12-18#t1282w0,2020,3
2018-11-27#t815w0,2018,3
2022-11-18#t9537w0,2022,3
2024-05-08#t16343w2,2024,3
2018-11-28#t918w0,2018,3
2024-03-26#t15725w0,2024,3
2023-11-22#t14181w0,2023,3
2020-12-18#t1265w1,2020,3
2020-03-13#t3969w0,2020,3
2021-11-12#t4387w0,2021,3
2022-05-11#t6719w0,2022,3
2018-12-11#t998w0,2018,3
2021-05-19#t2661w4,2021,3
2025-03-26#t1512w0,2025,3
2019-12-19#t3544w7,2019,3
2019-05-16#t1857w2,2019,3
2019-05-10#t96w0,2019,3
2020-12-08#t416w1,2020,3
2022-11-03#t9116w2,2022,3
2025-05-07#t1790w0,2025,3
2022-05-19#t7215w2,2022,3
2021-05-19#t2707w10,2021,3
2025-03-27#t1618w2,2025,3
2019-11-27#t166w0,2019,3
2019-12-13#t3173w0,2019,3
2019-11-27#t264w1,2019,3
2022-11-16#t9338w0,2022,3
2022-05-17#t6970w0,2022,3
2023-10-20#t13242w17,2023,3
2019-11-27#t266w0,2019,3
2024-12-10#t636w1,2024,3
2022-03-23#t6024w0,2022,3
2021-12-10#t5560w0,2021,3
2022-11-15#t9230w2,2022,3
2024-11-27#t441w13,2024,3
2023-11-29#t14587w0,2023,3
2024-05-31#t17270w0,2024,3
2021-05-14#t2472w3,2021,3
2023-06-09#t12644w3,2023,3
2026-03-24#t2242w0,2026,3
2019-05-10#t53w0,2019,3
2021-05-20#t2828w0,2021,3
2024-06-06#t17619w0,2024,3
2022-12-15#t10725w6,2022,3
2025-03-26#t1496w3,2025,3
2024-12-13#t871w0,2024,3
2021-06-03#t3281w0,2021,3
2021-12-07#t5256w1,2021,3
2023-12-06#t15099w0,2023,3
2025-11-05#t695w0,2025,3
2022-10-05#t8217w0,2022,3
2021-03-23#t1683w0,2021,3
2022-03-31#t6442w2,2022,3
2024-03-28#t16054w0,2024,3
2020-03-11#t3825w1,2020,3
2022-11-02#t8989w6,2022,3
2022-10-26#t8597w0,2022,3
2019-12-17#t3370w0,2019,3
2020-12-10#t683w0,2020,3
2023-03-28#t11142w13,2023,3
2020-12-08#t403w2,2020,3
2021-06-10#t3595w0,2021,3
2019-11-27#t247w0,2019,3
2024-03-22#t15722w2,2024,3
2023-03-29#t11236w0,2023,3
2019-12-17#t3287w0,2019,3
2024-03-28#t16053w0,2024,3
2020-11-20#t197w0,2020,3
2026-05-08#t2965w0,2026,3
2022-05-17#t6976w0,2022,3
2026-03-25#t2433w1,2026,3
2022-06-08#t7842w3,2022,3
2022-03-23#t6062w1,2022,3
2022-11-25#t9922w0,2022,3
2022-10-06#t8335w6,2022,3
2023-12-01#t14810w0,2023,3
2022-05-12#t6860w0,2022,3
2021-05-14#t2445w14,2021,3
2023-10-26#t13558w0,2023,3
2022-11-16#t9368w0,2022,3
2023-12-12#t15377w7,2023,3
2024-11-27#t422w6,2024,3
2019-12-13#t3246w4,2019,3
2021-12-10#t5579w0,2021,3
2022-12-07#t10214w0,2022,3
2020-03-11#t3841w1,2020,3
2022-11-15#t9230w4,2022,3
2025-11-05#t707w0,2025,3
2023-12-06#t15082w3,2023,3
2021-12-07#t5246w0,2021,3
2019-05-28#t2105w0,2019,3
2021-03-24#t1828w0,2021,3
2025-03-26#t1496w4,2025,3
2025-10-29#t351w0,2025,3
2021-12-02#t4964w0,2021,3
2023-10-25#t13411w1,2023,3
2025-06-05#t3324w0,2025,3
2023-10-25#t13460w0,2023,3
2025-10-30#t517w0,2025,3
2026-03-25#t2408w1,2026,3
2021-12-02#t5014w1,2021,3
2025-05-14#t2272w0,2025,3
2023-10-27#t13591w0,2023,3
2024-05-08#t16335w0,2024,3
2022-05-19#t7154w1,2022,3
2022-06-02#t7592w2,2022,3
2019-05-31#t2137w0,2019,3
2022-10-05#t8234w0,2022,3
2022-05-12#t6771w0,2022,3
2020-03-13#t3916w0,2020,3
2021-11-09#t4285w0,2021,3
2019-12-20#t3683w0,2019,3
2022-11-01#t8859w2,2022,3
2023-10-20#t13257w1,2023,3
2019-11-28#t2776w1,2019,3
2025-11-20#t1210w0,2025,3
2019-05-16#t1841w1,2019,3
2025-03-25#t1274w0,2025,3
2019-11-27#t243w0,2019,3
2026-05-07#t2867w0,2026,3
2024-11-20#t123w0,2024,3
2024-05-08#t16316w0,2024,3
2018-11-28#t966w6,2018,3
2022-11-23#t9695w0,2022,3
2024-11-26#t311w7,2024,3
2019-05-31#t2296w0,2019,3
2021-06-04#t3343w0,2021,3
2018-11-02#t530w0,2018,3
2023-03-29#t11263w0,2023,3
2020-06-11#t4520w0,2020,3
2019-11-26#t2584w0,2019,3
2020-10-07#t8w0,2020,3
2019-12-17#t3337w0,2019,3
2019-11-26#t2619w0,2019,3
2020-06-10#t4362w0,2020,3
2023-05-18#t12153w2,2023,3
2021-11-25#t4705w1,2021,3
2021-05-13#t2336w0,2021,3
2021-06-08#t3444w0,2021,3
2021-05-12#t2204w8,2021,3
2021-12-03#t5178w0,2021,3
2020-12-09#t536w1,2020,3
2021-12-07#t5280w5,2021,3
2018-10-30#t272w6,2018,3
2021-11-24#t4624w0,2021,3
2022-05-13#t6951w0,2022,3
2021-12-09#t5515w3,2021,3
2022-12-16#t10753w0,2022,3
2023-05-10#t11617w1,2023,3
2024-11-27#t411w0,2024,3
2021-11-25#t4720w4,2021,3
2022-05-12#t6823w0,2022,3
2021-11-12#t4467w0,2021,3
2025-03-26#t1497w0,2025,3
2021-03-23#t1619w0,2021,3
2021-05-19#t2623w0,2021,3
2021-11-03#t3912w0,2021,3
2019-12-20#t3623w0,2019,3
2024-06-07#t17689w0,2024,3
2019-11-28#t2811w0,2019,3
2022-10-07#t8419w0,2022,3
2022-05-12#t6817w2,2022,3
2021-12-16#t5899w0,2021,3
2019-05-31#t2320w0,2019,3
2023-10-31#t13663w1,2023,3
2021-11-30#t4834w0,2021,3
2019-05-08#t1482w0,2019,3
2019-12-11#t3028w0,2019,3
2021-05-20#t2759w0,2021,3
2021-06-03#t3264w0,2021,3
2022-12-15#t10739w0,2022,3
2020-12-08#t376w0,2020,3
2021-05-19#t2707w15,2021,3
2023-12-07#t15101w0,2023,3
2022-11-17#t9465w0,2022,3
2018-11-23#t744w1,2018,3
2024-11-26#t245w0,2024,3
2022-06-01#t7460w4,2022,3
2022-05-13#t6931w0,2022,3
2024-05-10#t16542w0,2024,3
2023-11-01#t13758w0,2023,3
2025-05-07#t1801w5,2025,3
2023-10-18#t13093w0,2023,3
2022-11-02#t8987w0,2022,3
2018-11-28#t966w3,2018,3
2019-12-17#t3268w0,2019,3
2022-11-01#t8859w3,2022,3
2025-05-13#t2101w0,2025,3
2024-05-31#t17340w2,2024,3
2019-05-16#t1857w3,2019,3
2023-11-03#t13978w0,2023,3
2022-10-06#t8335w7,2022,3
2023-12-06#t15046w0,2023,3
2019-12-17#t3336w0,2019,3
2018-11-28#t966w12,2018,3
2022-06-09#t7844w0,2022,3
2024-03-22#t15707w5,2024,3
2021-02-12#t1367w0,2021,3
2020-12-09#t557w1,2020,3
2020-11-24#t291w0,2020,3
2021-11-10#t4386w0,2021,3
2022-05-11#t6657w0,2022,3
2019-12-20#t3693w0,2019,3
2022-03-30#t6347w0,2022,3
2022-12-06#t9955w0,2022,3
2022-12-14#t10614w1,2022,3
2020-06-11#t4521w0,2020,3
2019-05-10#t22w0,2019,3
2024-05-07#t16150w0,2024,3
2025-06-04#t3227w0,2025,3
2021-12-09#t5515w1,2021,3
2024-11-26#t318w4,2024,3
2021-06-03#t3270w1,2021,3
2021-12-02#t5024w15,2021,3
2023-12-06#t15100w0,2023,3
2019-11-22#t2573w0,2019,3
2022-12-08#t10336w0,2022,3
2021-06-08#t3439w0,2021,3
2024-06-07#t17763w0,2024,3
2022-11-25#t9945w0,2022,3
2019-11-28#t2813w5,2019,3
2019-11-27#t262w1,2019,3
2025-10-30#t523w0,2025,3
2020-12-16#t1061w0,2020,3
2019-05-14#t1575w0,2019,3
2023-12-12#t15377w2,2023,3
2021-05-18#t2526w0,2021,3
2024-05-08#t16337w0,2024,3
2023-03-24#t11030w1,2023,3
2021-03-25#t1950w1,2021,3
2022-12-06#t10034w3,2022,3
2021-05-20#t2791w3,2021,3
2024-06-06#t17631w0,2024,3
2022-12-08#t10332w0,2022,3
2022-05-12#t6770w0,2022,3
2023-10-25#t13459w3,2023,3
2022-03-31#t6431w0,2022,3
2022-05-19#t7216w1,2022,3
2019-11-28#t2840w2,2019,3
2018-11-23#t773w0,2018,3
2022-11-17#t9490w0,2022,3
2023-10-20#t13243w0,2023,3
2022-05-10#t6573w0,2022,3
2018-10-26#t195w1,2018,3
2023-12-06#t15061w4,2023,3
2026-03-20#t2222w0,2026,3
2022-11-25#t9929w11,2022,3
2020-12-16#t932w0,2020,3
2019-11-28#t2817w2,2019,3
2019-11-27#t267w7,2019,3
2025-03-19#t1111w5,2025,3
2022-05-11#t6710w1,2022,3
2023-03-29#t11260w0,2023,3
2020-05-28#t4207w0,2020,3
2021-11-03#t3953w0,2021,3
2019-05-16#t1841w2,2019,3
2020-10-07#t13w0,2020,3
2019-11-27#t256w0,2019,3
2020-06-17#t4694w0,2020,3
2022-03-30#t6354w11,2022,3
2021-05-12#t2195w2,2021,3
2022-05-12#t6814w1,2022,3
2023-06-15#t12915w0,2023,3
2020-12-16#t923w0,2020,3
2026-03-25#t2422w0,2026,3
2019-11-26#t2688w2,2019,3
2018-10-30#t290w12,2018,3
2024-03-22#t15698w0,2024,3
2022-05-13#t6878w0,2022,3
2021-12-07#t5293w0,2021,3
2021-03-26#t1997w0,2021,3
2024-06-05#t17497w0,2024,3
2020-12-15#t843w0,2020,3
2021-11-23#t4536w0,2021,3
2025-03-26#t1496w5,2025,3
2021-11-03#t3950w0,2021,3
2025-10-21#t0w0,2025,3
2021-12-07#t5267w1,2021,3
2025-05-13#t2158w0,2025,3
2025-12-11#t1890w0,2025,3
2022-12-06#t10026w0,2022,3
2021-12-17#t5929w0,2021,3
2024-03-22#t15701w0,2024,3
2023-11-28#t14500w0,2023,3
2023-03-30#t11398w0,2023,3
2022-05-18#t7027w0,2022,3
2021-05-13#t2338w3,2021,3
2022-12-13#t10507w3,2022,3
2023-05-18#t12157w5,2023,3
2021-12-03#t5154w5,2021,3
2022-10-06#t8261w0,2022,3
2022-03-25#t6150w0,2022,3
2020-06-11#t4438w0,2020,3
2018-10-30#t291w0,2018,3
2024-03-26#t15768w0,2024,3
2022-06-01#t7397w0,2022,3
2023-11-22#t14220w2,2023,3
2025-12-12#t2017w0,2025,3
2022-11-15#t9242w0,2022,3
2025-05-13#t2124w0,2025,3
2023-03-29#t11263w1,2023,3
2021-12-02#t4956w0,2021,3
2021-06-08#t3462w0,2021,3
2021-12-07#t5214w0,2021,3
2024-06-06#t17623w0,2024,3
2018-11-28#t964w4,2018,3
2024-03-27#t15939w1,2024,3
2022-11-15#t9211w2,2022,3
2021-12-03#t5166w1,2021,3
2023-05-12#t11848w0,2023,3
2022-06-08#t7839w3,2022,3
2021-05-14#t2445w5,2021,3
2021-12-07#t5285w0,2021,3
2021-05-12#t2195w13,2021,3
2019-12-13#t3217w3,2019,3
2022-11-16#t9366w3,2022,3
2025-03-26#t1513w2,2025,3
2022-11-17#t9481w3,2022,3
2022-03-30#t6348w3,2022,3
2023-05-10#t11643w2,2023,3
2023-03-24#t11044w1,2023,3
2023-11-21#t14121w6,2023,3
2024-05-28#t17029w7,2024,3
2023-11-28#t14524w0,2023,3
2018-11-23#t743w2,2018,3
2021-12-10#t5631w0,2021,3
2023-12-13#t15504w1,2023,3
2023-03-29#t11266w13,2023,3
2024-05-08#t16337w1,2024,3
2021-12-07#t5267w2,2021,3
2022-11-16#t9317w1,2022,3
2022-03-30#t6367w3,2022,3
2021-11-25#t4663w0,2021,3
2019-12-19#t3545w1,2019,3
2022-05-12#t6842w0,2022,3
2021-05-19#t2703w0,2021,3
2025-05-13#t2128w4,2025,3
2022-12-15#t10749w1,2022,3
2025-05-14#t2292w1,2025,3
2023-12-08#t15295w0,2023,3
2018-10-31#t387w0,2018,3
2018-11-28#t966w5,2018,3
2021-03-16#t1421w0,2021,3
2018-11-28#t969w0,2018,3
2020-04-17#t4001w0,2020,3
2021-06-03#t3274w0,2021,3
2022-11-25#t9931w1,2022,3
2022-11-03#t9116w0,2022,3
2022-03-30#t6367w8,2022,3
2022-11-15#t9224w1,2022,3
2022-11-02#t8969w1,2022,3
2018-11-28#t966w16,2018,3
2025-05-14#t2278w1,2025,3
2021-05-14#t2445w7,2021,3
2020-06-10#t4317w0,2020,3
2021-11-12#t4437w0,2021,3
2025-12-11#t1916w8,2025,3
2018-10-31#t380w4,2018,3
2022-03-30#t6354w14,2022,3
2022-03-31#t6436w0,2022,3
2018-12-12#t1191w0,2018,3
2023-12-13#t15445w0,2023,3
2022-12-15#t10706w0,2022,3
2024-05-08#t16336w2,2024,3
2022-06-09#t7895w0,2022,3
2022-05-10#t6552w0,2022,3
2026-05-08#t2963w2,2026,3
2023-03-30#t11335w0,2023,3
2025-05-13#t2142w0,2025,3
2022-12-14#t10590w3,2022,3
2022-12-06#t10034w4,2022,3
2023-03-29#t11255w4,2023,3
2021-06-02#t3150w12,2021,3
2022-05-12#t6814w2,2022,3
2022-06-01#t7458w1,2022,3
2021-12-09#t5514w1,2021,3
2019-12-13#t3183w0,2019,3
2019-11-28#t2820w1,2019,3
2022-11-02#t8986w2,2022,3
2023-12-07#t15180w0,2023,3
2023-12-05#t14950w0,2023,3
2018-11-28#t966w8,2018,3
2018-11-28#t968w1,2018,3
2023-12-07#t15204w1,2023,3
2021-12-07#t5250w0,2021,3
2021-06-02#t3168w4,2021,3
2020-11-19#t149w0,2020,3
2024-03-21#t15608w0,2024,3
2025-11-05#t703w4,2025,3
2024-05-09#t16464w0,2024,3
2022-05-11#t6740w0,2022,3
2022-03-31#t6391w0,2022,3
2018-11-28#t964w3,2018,3
2022-03-30#t6364w2,2022,3
2024-03-22#t15710w0,2024,3
2018-10-30#t294w0,2018,3
2020-12-17#t1079w0,2020,3
2018-10-26#t178w0,2018,3
2020-12-18#t1271w1,2020,3
2021-06-03#t3177w0,2021,3
2020-06-11#t4404w0,2020,3
2023-10-18#t13167w0,2023,3
2019-11-22#t2567w2,2019,3
2022-04-01#t6486w0,2022,3
2022-06-01#t7433w0,2022,3
2022-11-24#t9792w0,2022,3
2021-05-12#t2204w0,2021,3
2024-05-15#t16730w0,2024,3
2018-10-24#t103w1,2018,3
2021-06-10#t3635w1,2021,3
2019-12-13#t3221w0,2019,3
2019-11-20#t2415w0,2019,3
2021-03-26#t1987w0,2021,3
2022-06-02#t7553w1,2022,3
2019-12-12#t359w1,2019,3
2021-05-11#t2080w1,2021,3
2021-06-10#t3674w0,2021,3
2025-03-25#t1386w0,2025,3
2023-11-28#t14434w0,2023,3
2019-05-16#t1860w1,2019,3
2022-06-10#t7959w0,2022,3
2022-10-06#t8335w0,2022,3
2025-11-20#t1126w0,2025,3
2023-11-23#t14236w0,2023,3
2024-03-27#t15934w0,2024,3
2024-06-06#t17624w4,2024,3
2021-05-13#t2360w3,2021,3
2018-10-31#t372w0,2018,3
2021-11-24#t4604w0,2021,3
2021-06-11#t3765w0,2021,3
2021-06-11#t3695w0,2021,3
2025-03-19#t1082w0,2025,3
2021-06-03#t3253w5,2021,3
2022-11-25#t9902w0,2022,3
2024-05-08#t16334w2,2024,3
2025-03-19#t1121w2,2025,3
2019-12-20#t3653w0,2019,3
2022-11-15#t9218w0,2022,3
2021-12-09#t5452w0,2021,3
2023-03-24#t11036w0,2023,3
2023-12-07#t15116w0,2023,3
2021-11-25#t4660w0,2021,3
2022-10-11#t8469w0,2022,3
2023-03-30#t11336w0,2023,3
2019-05-16#t1871w0,2019,3
2022-11-01#t8872w2,2022,3
2018-10-31#t388w1,2018,3
2023-12-01#t14833w1,2023,3
2019-12-11#t3073w0,2019,3
2019-12-17#t3379w0,2019,3
2022-12-07#t10187w0,2022,3
2021-12-03#t5164w3,2021,3
2018-10-31#t388w6,2018,3
2021-05-13#t2377w0,2021,3
2023-11-28#t14521w0,2023,3
2019-12-17#t3357w0,2019,3
2021-11-09#t4281w0,2021,3
2022-12-07#t10144w1,2022,3
2022-12-07#t10190w0,2022,3
2021-05-12#t2204w2,2021,3
2023-03-29#t11269w0,2023,3
2023-03-24#t10996w0,2023,3
2020-06-09#t4252w0,2020,3
2024-12-11#t701w0,2024,3
2019-11-26#t2700w9,2019,3
2022-10-28#t8713w0,2022,3
2019-05-08#t1508w0,2019,3
2023-10-25#t13456w3,2023,3
2024-03-27#t15838w0,2024,3
2023-11-29#t14571w0,2023,3
2022-11-16#t9366w2,2022,3
2022-11-25#t9941w1,2022,3
2020-06-09#t4258w0,2020,3
2022-12-07#t10198w0,2022,3
2024-06-06#t17644w0,2024,3
2025-03-25#t1379w0,2025,3
2018-11-28#t962w1,2018,3
2022-06-02#t7580w2,2022,3
2023-12-05#t14946w5,2023,3
2021-05-14#t2453w0,2021,3
2020-06-16#t4583w0,2020,3
2021-12-10#t5582w0,2021,3
2024-06-07#t17722w0,2024,3
2022-03-29#t6193w0,2022,3
2019-12-11#t3020w0,2019,3
2022-06-02#t7563w1,2022,3
2020-06-09#t4286w1,2020,3
2022-04-01#t6476w0,2022,3
2022-11-16#t9343w0,2022,3
2021-11-09#t4287w0,2021,3
2020-12-16#t936w0,2020,3
2023-12-01#t14843w9,2023,3
2021-05-14#t2465w0,2021,3
2022-06-02#t7559w5,2022,3
2022-12-09#t10398w0,2022,3
2022-11-25#t9924w3,2022,3
2023-05-11#t11683w0,2023,3
2018-11-01#t492w1,2018,3
2024-06-04#t17402w0,2024,3
2025-05-08#t1881w0,2025,3
2018-10-30#t305w0,2018,3
2021-03-25#t1916w0,2021,3
2023-05-11#t11779w0,2023,3
2019-11-26#t2702w0,2019,3
2024-11-26#t333w0,2024,3
2024-06-05#t17487w0,2024,3
2022-06-02#t7559w4,2022,3
2019-12-19#t3488w0,2019,3
2023-12-06#t15076w2,2023,3
2019-12-12#t342w3,2019,3
2019-05-31#t2271w0,2019,3
2019-05-08#t1494w0,2019,3
2020-05-26#t4020w0,2020,3
2020-12-16#t913w0,2020,3
2019-11-22#t2565w0,2019,3
2023-12-07#t15143w0,2023,3
2019-05-31#t2240w0,2019,3
2022-11-15#t9235w1,2022,3
2019-05-14#t1569w0,2019,3
2023-06-15#t12916w2,2023,3
2021-05-21#t2891w0,2021,3
2025-05-27#t2674w0,2025,3
2021-05-19#t2689w1,2021,3
2023-10-25#t13452w2,2023,3
2022-11-15#t9127w0,2022,3
2021-03-23#t1695w0,2021,3
2019-12-17#t3348w0,2019,3
2022-12-15#t10711w5,2022,3
2023-12-12#t15335w0,2023,3
2021-06-02#t3125w0,2021,3
2023-05-17#t12053w1,2023,3
2022-10-05#t8221w0,2022,3
2021-03-24#t1835w0,2021,3
2024-05-30#t17174w0,2024,3
2019-11-20#t2395w0,2019,3
2021-06-02#t3138w0,2021,3
2023-12-05#t14930w0,2023,3
2025-05-15#t2385w0,2025,3
2019-03-29#t8w0,2019,3
2023-12-01#t14850w2,2023,3
2025-03-26#t1518w9,2025,3
2019-12-19#t3553w4,2019,3
2021-05-13#t2278w0,2021,3
2020-06-11#t4504w1,2020,3
2025-10-30#t415w0,2025,3
2021-11-05#t4160w0,2021,3
2020-05-26#t4112w0,2020,3
2026-05-07#t2876w0,2026,3
2025-03-28#t1631w0,2025,3
2019-11-22#t2572w0,2019,3
2021-05-13#t2335w0,2021,3
2022-12-14#t10586w2,2022,3
2018-11-28#t962w7,2018,3
2022-10-05#t8191w0,2022,3
2022-11-16#t9317w3,2022,3
2024-06-07#t17736w0,2024,3
2023-11-29#t14619w0,2023,3
2022-05-13#t6905w0,2022,3
2022-06-08#t7828w4,2022,3
2024-03-20#t15521w0,2024,3
2024-05-09#t16475w0,2024,3
2023-06-15#t12961w0,2023,3
2018-11-28#t966w10,2018,3
2024-11-22#t210w2,2024,3
2021-12-07#t5278w0,2021,3
2021-05-19#t2707w4,2021,3
2023-11-22#t14167w0,2023,3
2021-11-05#t4189w0,2021,3
2021-02-12#t1398w3,2021,3
2024-11-28#t500w0,2024,3
2021-05-13#t2359w3,2021,3
2021-06-10#t3665w0,2021,3
2023-03-21#t10834w0,2023,3
2020-03-17#t3997w0,2020,3
2022-11-17#t9478w5,2022,3
2020-03-13#t3945w0,2020,3
2025-03-27#t1629w2,2025,3
2025-05-13#t2137w2,2025,3
2022-06-08#t7820w2,2022,3
2019-11-22#t2572w3,2019,3
2020-12-18#t1202w0,2020,3
2022-06-03#t7603w0,2022,3
2018-10-30#t303w2,2018,3
2021-11-03#t3945w0,2021,3
2021-12-16#t5885w2,2021,3
2020-12-10#t689w0,2020,3
2021-06-03#t3281w1,2021,3
2023-11-21#t14110w2,2023,3
2019-12-13#t3169w0,2019,3
2024-12-13#t912w0,2024,3
2023-10-26#t13523w0,2023,3
2022-11-03#t9102w1,2022,3
2021-11-03#t3973w1,2021,3
2023-05-11#t11755w2,2023,3
2020-03-11#t3760w0,2020,3
2023-03-30#t11371w2,2023,3
2025-05-16#t2499w0,2025,3
2019-11-20#t2338w0,2019,3
2023-10-27#t13592w0,2023,3
2025-05-14#t2278w0,2025,3
2024-03-26#t15810w0,2024,3
2022-12-09#t10371w0,2022,3
2023-03-30#t11401w0,2023,3
2022-10-26#t8595w0,2022,3
2024-03-28#t16083w0,2024,3
2022-06-02#t7540w0,2022,3
2022-05-11#t6699w7,2022,3
2023-06-14#t12822w4,2023,3
2019-11-27#t250w1,2019,3
2022-11-04#t9126w0,2022,3
2024-05-09#t16473w0,2024,3
2024-05-31#t17293w0,2024,3
2021-05-14#t2451w14,2021,3
2023-05-17#t11954w0,2023,3
2022-05-20#t7285w0,2022,3
2022-06-02#t7569w0,2022,3
2021-05-13#t2334w0,2021,3
2019-05-07#t1396w0,2019,3
2019-05-14#t1538w0,2019,3
2022-11-01#t8775w0,2022,3
2024-05-17#t16870w0,2024,3
2019-11-28#t2846w0,2019,3
2020-11-18#t47w0,2020,3
2022-11-03#t9062w0,2022,3
2023-10-20#t13247w0,2023,3
2024-03-27#t15927w0,2024,3
2020-06-09#t4302w0,2020,3
2022-12-08#t10301w2,2022,3
2023-11-29#t14581w0,2023,3
2022-10-28#t8715w0,2022,3
2025-05-15#t2396w0,2025,3
2024-03-27#t15974w0,2024,3
2025-12-04#t1532w2,2025,3
2019-11-22#t2467w0,2019,3
2022-03-31#t6452w4,2022,3
2022-12-14#t10606w0,2022,3
2022-03-30#t6300w0,2022,3
2019-05-16#t1879w0,2019,3
2019-05-14#t1621w0,2019,3
2024-05-15#t16708w0,2024,3
2025-05-14#t2309w2,2025,3
2020-03-12#t3855w0,2020,3
2021-05-11#t2092w0,2021,3
2021-05-19#t2687w1,2021,3
2021-06-02#t3119w0,2021,3
2020-05-27#t4203w0,2020,3
2026-03-25#t2428w0,2026,3
2024-11-19#t18w0,2024,3
2021-06-02#t3168w0,2021,3
2026-03-25#t2414w0,2026,3
2019-12-10#t2956w0,2019,3
2021-11-05#t4144w0,2021,3
2025-05-13#t2116w0,2025,3
2020-12-18#t1229w0,2020,3
2021-11-12#t4419w0,2021,3
2019-12-11#t3005w0,2019,3
2024-11-19#t2w0,2024,3
2024-06-06#t17624w1,2024,3
2023-11-03#t13884w0,2023,3
2024-05-10#t16523w0,2024,3
2018-10-31#t348w0,2018,3
2019-05-14#t1664w0,2019,3
2026-03-25#t2421w1,2026,3
2022-06-09#t7871w0,2022,3
2026-05-14#t3197w2,2026,3
2024-03-27#t15937w1,2024,3
2022-10-28#t8757w0,2022,3
2023-05-18#t12184w0,2023,3
2022-03-30#t6354w12,2022,3
2019-05-16#t1880w0,2019,3
2020-11-20#t191w0,2020,3
2022-12-16#t10808w0,2022,3
2023-03-31#t11419w0,2023,3
2023-10-20#t13247w5,2023,3
2021-05-19#t2619w0,2021,3
2018-11-27#t847w5,2018,3
2025-05-27#t2661w1,2025,3
2019-05-31#t2299w0,2019,3
2025-05-27#t2565w0,2025,3
2022-06-10#t8023w0,2022,3
2018-10-31#t385w9,2018,3
2022-03-25#t6084w0,2022,3
2020-05-26#t4065w0,2020,3
2020-12-11#t753w0,2020,3
2019-12-19#t3564w5,2019,3
2018-10-30#t302w0,2018,3
2023-10-26#t13566w5,2023,3
2022-12-07#t10171w0,2022,3
2021-12-07#t5280w3,2021,3
2021-05-19#t2707w18,2021,3
2018-11-01#t470w2,2018,3
2021-05-20#t2804w0,2021,3
2023-11-28#t14464w0,2023,3
2023-06-15#t12898w0,2023,3
2019-05-31#t2288w0,2019,3
2021-05-19#t2718w0,2021,3
2021-12-16#t5885w1,2021,3
2018-10-30#t311w0,2018,3
2023-05-19#t12273w4,2023,3
2026-03-20#t2182w0,2026,3
2021-12-03#t5175w1,2021,3
2021-12-03#t5167w0,2021,3
2025-05-15#t2414w0,2025,3
2024-05-15#t16652w0,2024,3
2023-06-15#t12939w1,2023,3
2023-05-17#t11992w0,2023,3
2020-06-11#t4479w0,2020,3
2023-06-16#t13024w0,2023,3
2018-11-28#t958w0,2018,3
2019-11-27#t187w0,2019,3
2022-12-07#t10076w0,2022,3
2021-06-02#t3090w0,2021,3
2020-12-11#t690w0,2020,3
2021-12-07#t5258w3,2021,3
2023-12-05#t14943w3,2023,3
2026-03-25#t2419w5,2026,3
2019-12-10#t2952w0,2019,3
2022-11-17#t9489w0,2022,3
2024-11-26#t331w0,2024,3
2021-03-24#t1798w0,2021,3
2023-05-16#t11879w0,2023,3
2022-11-17#t9449w1,2022,3
2021-12-03#t5092w0,2021,3
2023-03-29#t11269w1,2023,3
2021-03-25#t1905w0,2021,3
2021-05-11#t2067w0,2021,3
2022-06-02#t7569w1,2022,3
2022-11-23#t9720w5,2022,3
2022-11-17#t9455w0,2022,3
2021-02-12#t1347w0,2021,3
2023-03-30#t11418w0,2023,3
2019-05-14#t1747w0,2019,3
2021-06-03#t3199w0,2021,3
2019-05-14#t1585w0,2019,3
2021-03-25#t1944w0,2021,3
2018-11-01#t517w0,2018,3
2019-05-28#t2110w0,2019,3
2023-12-01#t14850w10,2023,3
2024-03-26#t15804w1,2024,3
2023-11-03#t13937w0,2023,3
2019-05-08#t1533w0,2019,3
2022-03-30#t6354w15,2022,3
2024-11-26#t318w3,2024,3
2021-03-23#t1715w7,2021,3
2020-06-11#t4502w4,2020,3
2023-03-24#t11039w1,2023,3
2022-11-24#t9827w4,2022,3
2021-05-12#t2225w0,2021,3
2021-11-10#t4345w0,2021,3
2023-12-05#t14896w0,2023,3
2018-10-31#t367w0,2018,3
2023-12-01#t14848w3,2023,3
2020-12-18#t1295w2,2020,3
2024-03-27#t15941w3,2024,3
2025-05-14#t2235w6,2025,3
2022-03-30#t6292w0,2022,3
2025-05-07#t1761w0,2025,3
2019-12-20#t3609w0,2019,3
2021-02-12#t1371w0,2021,3
2019-05-31#t2313w0,2019,3
2021-11-10#t4336w0,2021,3
2024-05-07#t16183w0,2024,3
2021-11-04#t4038w0,2021,3
2018-11-28#t898w0,2018,3
2025-10-28#t286w3,2025,3
2019-12-13#t3212w3,2019,3
2022-10-06#t8335w5,2022,3
2023-06-15#t12891w0,2023,3
2022-12-07#t10200w0,2022,3
2023-05-18#t12088w0,2023,3
2023-12-01#t14785w0,2023,3
2024-11-27#t422w16,2024,3
2024-12-12#t818w1,2024,3
2019-11-28#t2820w0,2019,3
2019-03-22#t1201w0,2019,3
2025-12-12#t2029w0,2025,3
2024-03-20#t15591w0,2024,3
2022-06-10#t8031w0,2022,3
2023-05-17#t12009w2,2023,3
2022-11-01#t8875w2,2022,3
2021-05-13#t2340w1,2021,3
2018-10-31#t328w0,2018,3
2022-03-29#t6256w0,2022,3
2019-11-29#t2861w21,2019,3
2021-05-19#t2712w0,2021,3
2021-05-19#t2708w1,2021,3
2019-12-13#t3217w5,2019,3
2024-05-30#t17139w0,2024,3
2022-03-23#t6062w2,2022,3
2023-03-29#t11266w0,2023,3
2023-03-22#t10849w0,2023,3
2021-12-09#t5485w2,2021,3
2019-12-13#t3212w0,2019,3
2021-05-14#t2428w0,2021,3
2021-06-02#t3156w4,2021,3
2022-10-11#t8482w0,2022,3
2024-03-22#t15713w1,2024,3
2019-12-17#t3372w3,2019,3
2026-03-20#t2223w0,2026,3
2021-05-13#t2338w4,2021,3
2021-06-10#t3680w3,2021,3
2020-12-09#t572w11,2020,3
2023-12-05#t14907w0,2023,3
2018-11-27#t856w2,2018,3
2022-11-22#t9632w0,2022,3
2019-11-26#t2694w4,2019,3
2025-12-11#t1875w0,2025,3
2022-11-02#t8962w1,2022,3
2023-06-15#t12927w0,2023,3
2019-05-14#t1657w0,2019,3
2018-12-11#t1037w0,2018,3
2021-05-13#t2364w1,2021,3
2021-11-09#t4255w0,2021,3
2020-03-13#t3892w0,2020,3
2021-06-11#t3741w0,2021,3
2023-12-07#t15149w0,2023,3
2022-05-11#t6700w2,2022,3
2025-10-22#t48w0,2025,3
2018-11-23#t741w2,2018,3
2024-03-26#t15753w0,2024,3
2022-10-25#t8566w0,2022,3
2024-11-26#t332w1,2024,3
2021-06-02#t3151w3,2021,3
2018-10-26#t195w17,2018,3
2023-12-06#t15057w0,2023,3
2020-12-08#t408w0,2020,3
2020-12-08#t402w2,2020,3
2023-06-15#t12956w0,2023,3
2018-11-28#t964w2,2018,3
2020-03-11#t3750w0,2020,3
2023-05-19#t12281w3,2023,3
2022-12-15#t10650w0,2022,3
2023-11-02#t13806w0,2023,3
2022-06-01#t7379w0,2022,3
2024-05-15#t16697w0,2024,3
2021-11-12#t4434w0,2021,3
2023-12-12#t15384w0,2023,3
2023-06-08#t12493w0,2023,3
2022-11-17#t9432w0,2022,3
2021-05-12#t2174w0,2021,3
2025-12-11#t1925w0,2025,3
2019-11-28#t2808w1,2019,3
2021-03-23#t1703w0,2021,3
2025-12-11#t1896w0,2025,3
2020-06-11#t4520w1,2020,3
2022-06-10#t8024w0,2022,3
2026-05-06#t2726w3,2026,3
2021-12-10#t5662w0,2021,3
2022-10-05#t8137w0,2022,3
2023-12-06#t15086w0,2023,3
2021-11-02#t3849w0,2021,3
2021-03-23#t1690w1,2021,3
2023-05-10#t11625w1,2023,3
2025-06-06#t3432w0,2025,3
2021-12-10#t5610w0,2021,3
2023-11-30#t14725w0,2023,3
2020-12-09#t503w0,2020,3
2019-11-28#t2817w0,2019,3
2022-03-30#t6297w0,2022,3
2022-12-14#t10613w1,2022,3
2023-05-17#t11996w0,2023,3
2024-05-17#t16908w0,2024,3
2021-03-17#t1519w1,2021,3
2024-03-27#t15915w0,2024,3
2025-03-26#t1518w11,2025,3
2022-12-08#t10295w4,2022,3
2022-12-15#t10683w0,2022,3
2021-06-10#t3650w1,2021,3
2021-03-19#t1580w0,2021,3
2022-03-29#t6249w2,2022,3
2019-11-20#t2414w0,2019,3
2025-11-21#t1245w0,2025,3
2023-10-20#t13247w10,2023,3
2021-12-09#t5440w0,2021,3
2019-05-14#t1541w0,2019,3
2023-11-03#t13991w0,2023,3
2019-05-16#t1881w1,2019,3
2022-12-14#t10574w0,2022,3
2023-12-01#t14790w0,2023,3
2022-06-01#t7389w0,2022,3
2021-05-11#t2080w3,2021,3
2024-03-27#t15949w0,2024,3
2021-12-09#t5442w0,2021,3
2018-12-12#t1186w0,2018,3
2024-11-22#t213w5,2024,3
2020-05-26#t4118w0,2020,3
2024-03-26#t15759w0,2024,3
2021-05-18#t2591w4,2021,3
2019-05-14#t1666w0,2019,3
2023-05-10#t11520w0,2023,3
2021-06-10#t3600w2,2021,3
2022-11-03#t9102w0,2022,3
2020-12-15#t800w0,2020,3
2023-11-02#t13809w0,2023,3
2026-03-25#t2432w3,2026,3
2022-11-01#t8870w1,2022,3
2023-03-30#t11414w5,2023,3
2021-05-14#t2445w1,2021,3
2023-05-18#t12153w6,2023,3
2021-12-02#t4977w0,2021,3
2024-05-08#t16261w0,2024,3
2022-10-04#t8120w0,2022,3
2024-03-26#t15763w0,2024,3
2023-12-05#t14880w0,2023,3
2022-05-11#t6674w1,2022,3
2022-05-11#t6671w6,2022,3
2019-05-28#t1945w0,2019,3
2021-05-12#t2213w0,2021,3
2025-11-06#t795w1,2025,3
2024-06-04#t17355w0,2024,3
2022-05-17#t6969w0,2022,3
2019-11-26#t2697w1,2019,3
2021-12-16#t5896w5,2021,3
2021-11-04#t4102w1,2021,3
2025-05-14#t2296w0,2025,3
2025-05-14#t2246w3,2025,3
2023-10-24#t13344w0,2023,3
2021-11-02#t3841w0,2021,3
2022-03-30#t6348w8,2022,3
2020-12-17#t1134w0,2020,3
2021-06-02#t3151w0,2021,3
2024-03-27#t15905w0,2024,3
2019-05-16#t1885w5,2019,3
2022-06-02#t7584w2,2022,3
2025-06-05#t3298w0,2025,3
2019-11-20#t2385w0,2019,3
2023-05-16#t11925w1,2023,3
2023-06-15#t12939w3,2023,3
2024-05-16#t16841w2,2024,3
2021-06-10#t3652w0,2021,3
2023-06-16#t13029w0,2023,3
2019-11-28#t2812w3,2019,3
2019-05-28#t2086w0,2019,3
2023-05-10#t11616w0,2023,3
2019-12-10#t2930w0,2019,3
2021-12-02#t4967w0,2021,3
2021-05-14#t2443w0,2021,3
2021-05-18#t2556w0,2021,3
2023-03-22#t10893w0,2023,3
2021-11-30#t4853w0,2021,3
2021-12-09#t5528w5,2021,3
2019-05-16#t1891w0,2019,3
2020-12-18#t1266w2,2020,3
2021-06-11#t3768w0,2021,3
2022-05-20#t7280w0,2022,3
2020-06-11#t4483w0,2020,3
2018-10-30#t290w9,2018,3
2024-06-06#t17665w3,2024,3
2019-11-28#t2817w8,2019,3
2019-12-17#t3347w0,2019,3
2020-06-10#t4397w0,2020,3
2022-12-07#t10145w2,2022,3
2019-11-27#t131w0,2019,3
2019-12-10#t2933w0,2019,3
2021-12-03#t5175w2,2021,3
2022-12-13#t10525w0,2022,3
2018-10-24#t37w0,2018,3
2022-11-24#t9790w0,2022,3
2024-06-06#t17604w0,2024,3
2018-11-01#t482w0,2018,3
2019-05-28#t1947w0,2019,3
2023-05-11#t11708w0,2023,3
2025-05-07#t1789w0,2025,3
2019-05-14#t1598w0,2019,3
2021-11-03#t3975w4,2021,3
2022-06-02#t7517w0,2022,3
2023-11-22#t14203w9,2023,3
2025-11-20#t1199w1,2025,3
2024-06-07#t17771w3,2024,3
2021-06-02#t3175w2,2021,3
2021-05-11#t2079w0,2021,3
2023-10-26#t13522w0,2023,3
2022-11-01#t8858w6,2022,3
2022-11-17#t9463w1,2022,3
2023-05-16#t11917w0,2023,3
2019-11-27#t267w3,2019,3
2022-11-02#t8999w0,2022,3
2021-05-20#t2791w6,2021,3
2022-03-29#t6235w0,2022,3
2018-11-28#t968w0,2018,3
2020-03-11#t3721w0,2020,3
2022-11-15#t9142w0,2022,3
2021-12-03#t5100w0,2021,3
2023-05-09#t11476w0,2023,3
2019-05-28#t1901w0,2019,3
2022-10-28#t8733w0,2022,3
2025-11-07#t898w0,2025,3
2021-12-02#t5050w2,2021,3
2024-12-13#t901w0,2024,3
2018-10-26#t184w0,2018,3
2024-03-28#t16077w1,2024,3
2025-11-07#t887w0,2025,3
2019-11-28#t2815w0,2019,3
2021-05-13#t2270w0,2021,3
2023-11-02#t13860w0,2023,3
2019-05-10#t64w0,2019,3
2021-12-07#t5269w0,2021,3
2022-12-08#t10296w1,2022,3
2025-06-06#t3405w0,2025,3
2021-12-14#t5718w0,2021,3
2019-11-28#t2824w4,2019,3
2019-05-31#t2234w0,2019,3
2025-05-29#t2910w0,2025,3
2021-06-02#t3150w14,2021,3
2023-12-07#t15107w0,2023,3
2025-05-14#t2235w0,2025,3
2023-11-21#t14110w1,2023,3
2018-10-31#t381w0,2018,3
2022-03-30#t6367w5,2022,3
2023-05-10#t11588w0,2023,3
2019-12-10#t2936w0,2019,3
2021-05-19#t2732w0,2021,3
2023-06-13#t12678w0,2023,3
2020-12-15#t847w0,2020,3
2023-12-12#t15416w0,2023,3
2024-12-11#t717w0,2024,3
2019-12-11#t3125w2,2019,3
2026-05-06#t2733w0,2026,3
2021-05-13#t2297w0,2021,3
2023-05-10#t11646w0,2023,3
2023-11-23#t14338w0,2023,3
2020-06-09#t4315w0,2020,3
2024-03-22#t15707w0,2024,3
2019-12-13#t3175w0,2019,3
2023-10-20#t13205w0,2023,3
2024-05-16#t16832w3,2024,3
2018-11-01#t504w0,2018,3
2022-03-30#t6354w1,2022,3
2021-12-16#t5865w1,2021,3
2024-05-30#t17151w0,2024,3
2020-12-08#t411w2,2020,3
2024-11-27#t425w2,2024,3
2021-05-18#t2577w0,2021,3
2019-12-19#t3558w1,2019,3
2021-03-24#t1826w3,2021,3
2022-05-12#t6848w1,2022,3
2022-12-08#t10344w3,2022,3
2022-11-16#t9285w0,2022,3
2023-05-18#t12122w0,2023,3
2020-11-20#t275w0,2020,3
2026-05-13#t3087w0,2026,3
2022-06-01#t7356w0,2022,3
2021-11-05#t4154w0,2021,3
2022-12-07#t10194w0,2022,3
2021-02-12#t1317w0,2021,3
2025-05-13#t2115w1,2025,3
2022-12-07#t10149w0,2022,3
2022-06-02#t7592w0,2022,3
2019-12-13#t3212w6,2019,3
2019-05-16#t1856w1,2019,3
2020-06-18#t4776w0,2020,3
2020-11-18#t103w0,2020,3
2024-12-13#t937w0,2024,3
2019-05-07#t1339w1,2019,3
2021-05-19#t2659w0,2021,3
2019-11-27#t259w5,2019,3
2022-03-30#t6356w4,2022,3
2023-03-22#t10896w0,2023,3
2025-03-26#t1431w0,2025,3
2019-12-18#t3461w0,2019,3
2021-03-16#t1431w0,2021,3
2023-06-16#t13030w0,2023,3
2026-05-07#t2883w0,2026,3
2019-12-17#t3361w1,2019,3
2021-06-10#t3642w0,2021,3
2025-05-14#t2234w0,2025,3
2020-12-09#t548w0,2020,3
2019-11-27#t257w0,2019,3
2021-11-09#t4266w0,2021,3
2022-10-06#t8333w2,2022,3
2025-05-16#t2536w0,2025,3
2019-12-12#t383w0,2019,3
2021-06-04#t3376w0,2021,3
2022-03-22#t5995w0,2022,2
2025-11-05#t711w0,2025,2
2023-12-13#t15500w0,2023,2
2019-12-11#t3126w2,2019,2
2021-06-08#t3463w0,2021,2
2022-05-11#t6734w0,2022,2
2024-04-02#t16107w1,2024,2
2019-05-14#t1748w0,2019,2
2022-12-16#t10786w0,2022,2
2019-03-22#t1335w0,2019,2
2022-05-19#t7200w0,2022,2
2020-10-07#t15w0,2020,2
2022-11-17#t9439w0,2022,2
2024-05-16#t16732w0,2024,2
2021-05-18#t2485w0,2021,2
2021-03-19#t1529w0,2021,2
2018-12-12#t1171w0,2018,2
2021-12-09#t5513w0,2021,2
2021-06-02#t3154w0,2021,2
2023-11-30#t14726w1,2023,2
2024-05-08#t16230w0,2024,2
2022-05-31#t7286w0,2022,2
2023-11-24#t14366w0,2023,2
2019-12-11#t3099w1,2019,2
2020-12-16#t1060w0,2020,2
2023-11-23#t14237w0,2023,2
2018-10-31#t390w1,2018,2
2025-05-28#t2813w0,2025,2
2022-12-13#t10436w0,2022,2
2022-03-31#t6369w0,2022,2
2019-11-27#t246w3,2019,2
2021-06-09#t3526w0,2021,2
2018-11-23#t743w1,2018,2
2020-03-10#t3701w0,2020,2
2021-12-09#t5417w0,2021,2
2021-05-14#t2484w0,2021,2
2025-05-13#t2122w9,2025,2
2025-05-27#t2653w0,2025,2
2023-06-09#t12643w10,2023,2
2021-11-04#t3994w0,2021,2
2022-11-16#t9243w0,2022,2
2020-12-16#t851w0,2020,2
2021-12-07#t5284w0,2021,2
2023-03-22#t10841w0,2023,2
2021-06-10#t3694w0,2021,2
2018-11-01#t408w0,2018,2
2022-03-29#t6265w0,2022,2
2019-05-16#t1894w0,2019,2
2023-11-23#t14349w0,2023,2
2022-03-22#t5996w0,2022,2
2020-03-17#t3992w0,2020,2
2018-10-31#t388w2,2018,2
2024-06-07#t17737w0,2024,2
2019-05-28#t1895w0,2019,2
2020-12-08#t409w0,2020,2
2023-12-01#t14752w0,2023,2
2021-05-19#t2685w1,2021,2
2022-04-01#t6490w0,2022,2
2021-05-11#t2115w0,2021,2
2023-12-06#t15052w0,2023,2
2023-03-21#t10835w0,2023,2
2018-11-02#t527w0,2018,2
2024-05-09#t16463w0,2024,2
2021-12-09#t5533w0,2021,2
2021-12-07#t5247w0,2021,2
2019-11-29#t2863w0,2019,2
2025-05-14#t2279w0,2025,2
2022-03-30#t6327w0,2022,2
2022-11-02#t8968w2,2022,2
2021-06-03#t3304w0,2021,2
2024-05-30#t17236w0,2024,2
2021-05-18#t2594w1,2021,2
2018-11-01#t475w1,2018,2
2019-03-22#t1323w0,2019,2
2022-06-08#t7821w0,2022,2
2020-12-17#t1201w1,2020,2
2021-03-26#t1988w0,2021,2
2025-11-05#t686w0,2025,2
2021-06-02#t3168w3,2021,2
2022-05-19#t7074w0,2022,2
2020-10-07#t21w0,2020,2
2020-12-16#t1078w0,2020,2
2024-11-28#t521w0,2024,2
2019-11-19#t114w0,2019,2
2021-06-03#t3282w0,2021,2
2022-03-25#t6165w0,2022,2
2022-06-03#t7635w0,2022,2
2022-03-29#t6262w3,2022,2
2021-03-25#t1944w3,2021,2
2020-05-27#t4119w0,2020,2
2025-06-06#t3441w0,2025,2
2020-03-17#t3974w0,2020,2
2020-04-17#t4013w0,2020,2
2022-12-16#t10833w0,2022,2
2019-11-26#t2705w0,2019,2
2019-12-20#t3571w0,2019,2
2024-05-08#t16362w0,2024,2
2022-12-06#t10031w0,2022,2
2022-12-14#t10584w0,2022,2
2019-11-28#t2844w0,2019,2
2025-12-12#t1971w0,2025,2
2022-11-24#t9794w0,2022,2
2023-05-16#t11931w0,2023,2
2021-05-20#t2819w0,2021,2
2023-11-01#t13777w0,2023,2
2022-05-12#t6877w0,2022,2
2023-10-18#t13063w0,2023,2
2021-06-11#t3764w0,2021,2
2024-12-11#t714w0,2024,2
2022-03-22#t5982w0,2022,2
2025-06-06#t3435w0,2025,2
2021-05-20#t2832w0,2021,2
2022-06-09#t7929w0,2022,2
2020-12-15#t850w0,2020,2
2019-11-28#t2706w0,2019,2
2021-03-25#t1838w0,2021,2
2023-03-31#t11424w1,2023,2
2022-11-01#t8860w2,2022,2
2024-05-16#t16843w0,2024,2
2024-03-22#t15665w0,2024,2
2021-06-01#t3032w11,2021,2
2023-10-25#t13347w0,2023,2
2020-12-10#t642w0,2020,2
2021-06-10#t3636w2,2021,2
2024-12-13#t945w0,2024,2
2023-11-22#t14122w0,2023,2
2022-11-02#t8979w0,2022,2
2021-05-20#t2819w1,2021,2
2022-11-02#t8974w0,2022,2
2021-03-18#t1526w0,2021,2
2018-11-28#t965w1,2018,2
2021-12-07#t5291w0,2021,2
2018-11-20#t548w0,2018,2
2021-12-07#t5303w0,2021,2
2020-03-11#t3807w0,2020,2
2023-06-09#t12645w0,2023,2
2021-11-05#t4122w0,2021,2
2018-10-24#t21w0,2018,2
2026-05-06#t2726w4,2026,2
2019-11-29#t2864w0,2019,2
2018-12-11#t1067w0,2018,2
2024-05-09#t16465w0,2024,2
2024-03-19#t15508w0,2024,2
2021-12-09#t5519w0,2021,2
2018-10-30#t278w0,2018,2
2022-12-07#t10174w0,2022,2
2019-05-31#t2246w0,2019,2
2022-12-07#t10218w0,2022,2
2022-03-25#t6073w0,2022,2
2021-03-25#t1964w0,2021,2
2021-03-24#t1837w0,2021,2
2024-03-20#t15606w0,2024,2
2023-10-31#t13593w0,2023,2
2020-04-17#t4008w2,2020,2
2024-12-12#t809w1,2024,2
2021-11-02#t3769w0,2021,2
2026-03-17#t2037w0,2026,2
2019-03-29#t10w0,2019,2
2021-12-09#t5556w0,2021,2
2024-11-26#t330w0,2024,2
2022-11-16#t9344w0,2022,2
2024-03-20#t15574w0,2024,2
2022-06-03#t7679w0,2022,2
2022-04-01#t6487w0,2022,2
2025-12-12#t2018w0,2025,2
2025-10-21#t3442w0,2025,2
2021-05-14#t2472w1,2021,2
2022-10-25#t8578w0,2022,2
2022-05-10#t6491w0,2022,2
2021-03-16#t1425w0,2021,2
2019-12-17#t3280w0,2019,2
2021-12-10#t5557w0,2021,2
2021-12-08#t5363w0,2021,2
2022-05-17#t6952w0,2022,2
2023-10-18#t13113w0,2023,2
2019-12-20#t3700w0,2019,2
2023-12-01#t14846w0,2023,2
2023-11-23#t14230w0,2023,2
2025-05-14#t2286w0,2025,2
2020-12-09#t569w0,2020,2
2024-12-10#t625w4,2024,2
2025-11-05#t715w2,2025,2
2018-11-02#t523w0,2018,2
2024-03-27#t15958w0,2024,2
2022-06-07#t7745w0,2022,2
2023-11-28#t14523w0,2023,2
2021-05-13#t2333w0,2021,2
2023-11-02#t13855w2,2023,2
2023-12-06#t14953w0,2023,2
2022-03-25#t6154w0,2022,2
2022-06-01#t7463w0,2022,2
2019-05-28#t2034w0,2019,2
2020-06-16#t4605w0,2020,2
2021-02-12#t1398w1,2021,2
2020-12-16#t934w0,2020,2
2021-05-19#t2680w0,2021,2
2021-05-13#t2239w0,2021,2
2023-05-12#t11788w0,2023,2
2025-05-30#t3042w11,2025,2
2018-10-23#t8w0,2018,2
2023-12-12#t15314w0,2023,2
2019-05-31#t2319w0,2019,2
2021-06-04#t3311w0,2021,2
2024-11-20#t118w1,2024,2
2024-12-12#t837w0,2024,2
2023-06-08#t12446w0,2023,2
2022-11-23#t9720w6,2022,2
2020-11-24#t310w0,2020,2
2023-10-17#t13062w0,2023,2
2023-12-01#t14838w1,2023,2
2021-12-08#t5398w0,2021,2
2023-11-02#t13879w1,2023,2
2020-12-15#t848w0,2020,2
2024-06-05#t17531w0,2024,2
2024-06-06#t17658w0,2024,2
2026-03-25#t2433w2,2026,2
2023-06-06#t12368w0,2023,2
2020-11-17#t36w1,2020,2
2020-12-16#t1062w0,2020,2
2022-12-06#t10074w0,2022,2
2019-12-18#t3382w0,2019,2
2021-12-02#t4934w0,2021,2
2025-06-04#t3242w0,2025,2
2021-06-01#t3026w1,2021,2
2023-06-15#t12901w0,2023,2
2021-12-01#t4933w0,2021,2
2024-11-26#t323w0,2024,2
2023-05-18#t12177w3,2023,2
2020-10-07#t2w0,2020,2
2025-11-05#t714w1,2025,2
2023-11-22#t14227w0,2023,2
2022-11-24#t9812w0,2022,2
2021-06-03#t3310w0,2021,2
2020-12-09#t528w0,2020,2
2025-05-13#t2122w3,2025,2
2022-11-24#t9790w6,2022,2
2025-03-26#t1518w14,2025,2
2024-12-11#t731w0,2024,2
2025-03-27#t1599w0,2025,2
2020-05-28#t4206w0,2020,2
2019-11-19#t122w4,2019,2
2024-06-06#t17536w0,2024,2
2025-12-10#t1788w0,2025,2
2019-05-28#t2011w0,2019,2
2023-10-20#t13177w0,2023,2
2018-11-20#t536w0,2018,2
2021-06-01#t3053w0,2021,2
2024-11-26#t317w0,2024,2
2019-11-22#t2505w0,2019,2
2021-12-15#t5800w0,2021,2
2021-03-25#t1978w0,2021,2
2025-05-14#t2292w0,2025,2
2023-12-12#t15380w1,2023,2
2023-06-07#t12369w0,2023,2
2021-06-02#t3171w0,2021,2
2021-06-10#t3629w1,2021,2
2022-11-16#t9305w1,2022,2
2025-05-29#t2844w0,2025,2
2021-11-26#t4806w0,2021,2
2023-03-28#t11157w0,2023,2
2023-10-20#t13261w0,2023,2
2019-05-28#t2082w0,2019,2
2021-06-02#t3172w0,2021,2
2022-10-28#t8736w0,2022,2
2023-10-26#t13586w0,2023,2
2022-05-11#t6746w0,2022,2
2022-11-18#t9491w0,2022,2
2022-06-02#t7464w0,2022,2
2025-05-14#t2281w1,2025,2
2021-12-16#t5829w0,2021,2
2021-12-03#t5180w0,2021,2
2021-02-12#t1420w0,2021,2
2022-12-08#t10289w0,2022,2
2022-12-06#t10032w0,2022,2
2018-11-20#t532w0,2018,2
2021-06-02#t3151w6,2021,2
2020-05-26#t4019w0,2020,2
2021-05-20#t2791w2,2021,2
2022-03-30#t6368w0,2022,2
2023-06-14#t12824w0,2023,2
2021-12-08#t5416w0,2021,2
2022-06-08#t7746w0,2022,2
2018-12-11#t1087w0,2018,2
2023-11-21#t14090w1,2023,2
2024-05-28#t17044w0,2024,2
2022-05-18#t7011w0,2022,2
2023-06-08#t12524w0,2023,2
2019-05-28#t2112w0,2019,2
2019-12-10#t2961w0,2019,2
2022-03-31#t6475w0,2022,2
2020-12-10#t655w0,2020,2
2025-12-09#t1720w0,2025,2
2024-12-13#t946w0,2024,2
2023-06-16#t13040w0,2023,2
2018-11-30#t994w0,2018,2
2022-03-23#t5997w0,2022,2
2020-12-09#t492w0,2020,2
2025-05-16#t2563w0,2025,2
2025-12-02#t1374w0,2025,2
2024-05-09#t16466w1,2024,2
2020-12-17#t1201w0,2020,2
2023-03-29#t11270w6,2023,2
2021-06-03#t3295w0,2021,2
2021-06-03#t3249w0,2021,2
2021-03-19#t1606w5,2021,2
2019-11-26#t2582w0,2019,2
2021-05-19#t2707w6,2021,2
2019-12-20#t3692w0,2019,2
2025-05-07#t1786w0,2025,2
2023-11-29#t14562w0,2023,2
2024-05-07#t16202w0,2024,2
2018-11-27#t776w0,2018,2
2024-05-30#t17243w0,2024,2
2023-11-02#t13861w0,2023,2
2024-05-08#t16336w1,2024,2
2022-12-08#t10370w4,2022,2
2020-06-18#t4794w0,2020,2
2024-03-28#t15986w0,2024,2
2022-10-05#t8260w0,2022,2
2021-11-05#t4210w0,2021,2
2019-12-17#t3355w1,2019,2
2025-05-13#t2110w0,2025,2
2021-12-10#t5593w0,2021,2
2020-12-10#t665w0,2020,2
2018-11-28#t966w15,2018,2
2023-05-17#t12010w0,2023,2
2024-11-26#t328w0,2024,2
2019-12-11#t3140w0,2019,2
2018-12-11#t1063w0,2018,2
2022-03-22#t5989w0,2022,2
2020-12-16#t1054w0,2020,2
2018-10-24#t103w0,2018,2
2025-05-14#t2203w0,2025,2
2021-03-24#t1793w0,2021,2
2022-12-08#t10333w0,2022,2
2026-05-06#t2726w5,2026,2
2019-12-13#t3212w7,2019,2
2025-03-19#t1147w0,2025,2
2022-11-24#t9834w0,2022,2
2021-06-08#t3377w0,2021,2
2022-05-10#t6548w0,2022,2
2024-05-07#t16108w0,2024,2
2023-03-23#t10939w0,2023,2
2024-05-14#t16549w0,2024,2
2019-11-19#t120w0,2019,2
2025-11-21#t1292w0,2025,2
2025-12-11#t1895w0,2025,2
2019-12-19#t3530w0,2019,2
2018-11-27#t864w0,2018,2
2018-10-31#t380w3,2018,2
2018-10-30#t302w1,2018,2
2021-06-01#t2966w0,2021,2
2020-06-10#t4390w0,2020,2
2026-03-25#t2431w0,2026,2
2020-06-18#t4793w0,2020,2
2018-11-28#t966w4,2018,2
2021-05-18#t2562w0,2021,2
2025-05-15#t2431w0,2025,2
2023-11-23#t14290w0,2023,2
2023-06-08#t12539w5,2023,2
2022-10-28#t8774w0,2022,2
2022-06-10#t8022w0,2022,2
2022-03-29#t6230w0,2022,2
2023-05-10#t11519w0,2023,2
2023-11-22#t14229w0,2023,2
2024-11-22#t228w0,2024,2
2019-03-29#t21w0,2019,2
2023-12-12#t15418w0,2023,2
2022-04-01#t6480w0,2022,2
2023-10-19#t13169w1,2023,2
2023-10-24#t13288w0,2023,2
2019-05-16#t1857w4,2019,2
2019-11-26#t2704w2,2019,2
2022-12-07#t10075w0,2022,2
2025-11-19#t1077w0,2025,2
2022-12-07#t10221w4,2022,2
2023-03-30#t11369w10,2023,2
2018-10-26#t209w0,2018,2
2023-06-15#t12936w0,2023,2
2022-12-14#t10603w0,2022,2
2021-05-19#t2707w8,2021,2
2023-12-08#t15217w0,2023,2
2022-11-02#t8985w0,2022,2
2022-11-25#t9931w2,2022,2
2021-06-11#t3766w0,2021,2
2023-12-08#t15313w0,2023,2
2024-03-22#t15724w0,2024,2
2022-11-24#t9850w0,2022,2
2018-11-30#t989w0,2018,2
2022-10-11#t8500w0,2022,2
2021-05-20#t2804w4,2021,2
2022-10-28#t8765w0,2022,2
2020-12-18#t1297w0,2020,2
2024-03-28#t15997w0,2024,2
2025-03-27#t1553w0,2025,2
2020-06-18#t4779w0,2020,2
2021-06-02#t3150w11,2021,2
2021-05-18#t2589w9,2021,2
2020-05-27#t4202w0,2020,2
2020-03-11#t3708w0,2020,2
2022-10-11#t8499w0,2022,2
2022-06-10#t8032w0,2022,2
2020-12-10#t639w0,2020,2
2018-10-31#t380w2,2018,2
2022-12-14#t10591w0,2022,2
2025-12-03#t1456w0,2025,2
2023-05-11#t11707w0,2023,2
2022-12-07#t10218w1,2022,2
2022-10-05#t8206w0,2022,2
2024-06-06#t17609w0,2024,2
2018-11-21#t552w0,2018,2
2022-11-22#t9644w0,2022,2
2022-12-06#t10058w0,2022,2
2022-06-10#t8021w1,2022,2
2022-10-11#t8507w0,2022,2
2021-06-08#t3416w0,2021,2
2025-11-18#t1020w0,2025,2
2023-12-01#t14822w0,2023,2
2019-05-16#t1860w2,2019,2
2019-05-31#t2265w0,2019,2
2021-05-14#t2462w0,2021,2
2021-03-23#t1701w0,2021,2
2023-06-14#t12734w0,2023,2
2022-12-07#t10170w0,2022,2
2021-12-17#t5911w0,2021,2
2021-06-04#t3375w0,2021,2
2022-11-17#t9487w1,2022,2
2019-05-28#t1971w0,2019,2
2023-11-22#t14226w1,2023,2
2021-12-02#t4992w0,2021,2
2023-10-24#t13346w0,2023,2
2022-11-02#t8879w0,2022,2
2019-12-12#t270w0,2019,2
2022-06-02#t7591w0,2022,2
2024-05-15#t16731w0,2024,2
2024-03-22#t15711w0,2024,2
2021-05-11#t2087w0,2021,2
2022-12-15#t10721w0,2022,2
2019-11-27#t269w0,2019,2
2018-11-30#t993w0,2018,2
2019-12-10#t2960w0,2019,2
2022-10-07#t8420w2,2022,2
2022-05-11#t6622w0,2022,2
2021-11-04#t4033w0,2021,2
2021-05-13#t2339w0,2021,2
2022-06-10#t8021w0,2022,2
2020-11-17#t33w0,2020,2
2023-06-08#t12544w0,2023,2
2022-10-07#t8355w0,2022,2
2023-11-01#t13762w0,2023,2
2023-05-18#t12065w0,2023,2
2023-05-17#t12023w0,2023,2
2022-12-14#t10578w1,2022,2
2020-12-09#t465w0,2020,2
2020-05-28#t4215w0,2020,2
2025-10-29#t383w0,2025,2
2023-03-30#t11369w0,2023,2
2021-05-18#t2489w0,2021,2
2022-05-20#t7262w0,2022,2
2020-06-17#t4684w0,2020,2
2024-05-16#t16795w0,2024,2
2019-11-21#t2461w0,2019,2
2022-03-24#t6066w0,2022,2
2023-06-08#t12533w3,2023,2
2022-05-19#t7217w0,2022,2
2018-11-01#t492w5,2018,2
2022-05-12#t6747w0,2022,2
2020-11-20#t150w0,2020,2
2022-12-06#t9950w0,2022,2
2019-05-14#t1761w0,2019,2
2022-10-04#t8136w0,2022,2
2020-06-18#t4788w0,2020,2
2020-11-17#t22w0,2020,2
2026-05-13#t3087w1,2026,2
2018-11-01#t492w2,2018,2
2021-05-21#t2962w1,2021,2
2023-05-16#t11929w4,2023,2
2022-12-08#t10318w0,2022,2
2021-12-09#t5435w0,2021,2
2022-11-15#t9161w0,2022,2
2021-12-07#t5181w0,2021,2
2018-11-27#t774w0,2018,2
2026-05-07#t2850w0,2026,2
2023-03-28#t11048w0,2023,2
2025-06-05#t3286w0,2025,2
2022-12-13#t10508w0,2022,1
2020-12-10#t576w0,2020,1
2024-03-19#t15517w0,2024,1
2018-11-27#t837w0,2018,1
2024-04-02#t16107w0,2024,1
2023-12-13#t15499w0,2023,1
2020-12-08#t387w0,2020,1
2022-12-14#t10614w0,2022,1
# lean Opus screen, date-blind, half-corpus random sample (half-2 stopped at session budget); thresholds uncalibrated - use pre-2023 rows as the FP floor
