id,text
v3_100,"Madam Speaker, last September our government launched a universal breakfast program in all New Brunswick schools. Not some schools. I will say that again: all New Brunswick schools. Close to a year later, we are already seeing concrete results. Every morning, throughout the province, students start their day with a nutritious meal: milk, eggs, bagels, apples, and cheese. Through our partnership with FeedNB, schools are able to offer healthy foods, which are often sourced from our local farms and businesses. For many families, especially with the rising cost of living, this program is making a real difference. It saves parents time and money and reduces stress in their morning routine. And it means students come to class prepared to learn. That is the whole point of it, and I am going to repeat it because it gets lost in the arguing about the cost: students come to class prepared to learn. Every child deserves to start their day on the right foot, Madam Speaker. Thank you."
v3_101,"Thank you, Madam Speaker. I rise today in sadness on the passing of Robert Hosford, beloved husband, father, pop pop, uncle, great-uncle, and friend. Robert passed away on Wednesday, November 12, leaving behind a legacy of love, laughter, and adventure. He was a devoted family man. He was the cornerstone of his family — the cornerstone — always putting their needs before his own. I want to say that again, because his family said it to me twice: he put their needs before his own. His love and support knew no bounds, and he was always there to lend a helping hand or offer a listening ear. Robert's warm smile and infectious laugh could light up a room, and his sense of humour could turn even the toughest day into a memorable moment. He was his family's biggest cheerleader, proudly supporting their endeavours and celebrating their success. Whether he was cheering on his favourite team or teaching a lesson, his passion for sports was only matched by his love for his family. Please join me in expressing condolences to Robert's family and friends. Thank you."
v3_102,"Madam Speaker, I want to recognize the outstanding work of Nursing Home Without Walls. Today they are with Horizon Health Network at the Miramichi Regional Hospital, in the main lobby past the gift shop, from 7 a.m. to 2 p.m. They are signing seniors up for MyHealthNB. A senior can sit down with someone there, get hands-on help, and reach the point of seeing their own blood work and their own imaging results, securely, on a screen. Bring a Medicare card and an email address. That is the whole list. Horizon staff verify identity and give out the access code right there — no appointment, no registration, nothing booked ahead. Nursing Home Without Walls has been taking barriers down like this in the lives of seniors in our communities for a while now, and seniors stay connected to their own health information, and stay healthy and independent, because of it. Thank you, Madam Speaker."
v3_103,"Property owners pay the cost of assessment fee on the property tax bill. That is through Finance and Treasury Board. They also pay charges through their local tax rates, which means the same property owner is paying twice over, once directly on the bill in front of them and once indirectly through the municipal taxes their town or their rural district collects and then hands to Service New Brunswick for assessment services. Both ways. Same person.

Madam Speaker, many New Brunswickers do not know this. They see the visible charge on the tax bill and they assume that is the entirety of the assessment cost. They do not realize the municipality is paying too.

Let me be clear. This motion does not criticize the work performed by Service New Brunswick. Assessment services are necessary. Municipalities require accurate assessments, and Service New Brunswick provides an actual service to municipalities and to rural districts, so nobody here should walk out of this Chamber telling assessors that their work is on trial.

But Finance and Treasury Board is not providing assessment services. It is charging the fee. That is the charge this motion seeks to eliminate, and after years of rising assessments and rising costs, I would argue the time has come to do it.

People feel the government benefits from circumstances they cannot control. No homeowner asked for property values to surge. No senior on a fixed income asked to have a modest house reassessed at a dramatically higher value, and we all know that assessments have gone up in recent years. With COVID-19, and with people moving here from away, home prices went up. Fair market value is a big factor in the assessment process, and that is why the increase was so sharp.

Up go the assessments. Up goes the revenue from this fee. That creates a perception, and the perception is that government does well out of the same increases that keep the rest of them up at night."
v3_104,"Madam Speaker, today is the International Day of Persons with Disabilities, and we recognize the strength, contributions, and resilience of persons with disabilities across New Brunswick. The member for Fredericton South asked in this House last month whether the province intended to ""offset"" the federal benefit. She used that word, and I want to answer it plainly. This summer we made sure the federal Canada Disability Benefit wouldn't detract from provincial disability programs. No offset. Federal programs are to complement provincial support, not replace it. We remain committed to a province where every person has an equal opportunity to participate fully in our communities, schools, workplaces, and public spaces. Accessibility and inclusion are not optional. They are essential to true equity. Let us keep working together to remove barriers, promote dignity, and ensure that every New Brunswicker can live, work, and thrive without limitations. Thank you, Madam Speaker."
v3_105,"Moreover, the treatment of nursing home workers under Premier Higgs' leadership was concerning. I am not a labour lawyer, and I will not pretend I have read every clause of the arbitration changes. I have read enough. This government took nursing home workers to court and suggested that they relocate to Alberta for better wages. I do not know how anyone says that out loud to a woman who has spent 20 years lifting residents out of bed in Bathurst. It was a failure in negotiation and a betrayal of the people who provide essential care to our vulnerable populations. The 16-day school strike, and the emergency orders used to force workers back, raised questions about this government's commitment to meaningful dialogue and to the right to strike. Those measures undermined the very principles of a fair and balanced negotiation process. Watering down binding arbitration, introducing scab-friendly legislation, and this pension bill are a pattern that erodes the foundation of workers' rights. They do not align with the principles of a just and equitable society. It is our duty to scrutinize and question these policies, because the decisions made by government impact the livelihoods of countless individuals and the health of our communities. Madam Deputy Speaker, you will recall the unions expressing their vehement disagreement with the wage-freeze restriction mandate proposed by the Higgs government — the 0% wage mandate in the early years of this government. In the face of a global pandemic, our frontline workers were nothing short of heroes. Their commitment and sacrifices demanded acknowledgement and tangible support. The union leaders rightly asserted that these heroes deserved more than zeroes in their wage agreements."
v3_106,"Madam Speaker, our government has presented the 2026-27 capital budget: $1.47 billion, $200 million more than last year, and the largest capital budget ever tabled in this province. Most of that money goes to the Department of Transportation and Infrastructure, for roads, bridges, ferries, and the wharves and culverts nobody thinks about until one of them washes out. The Department of Health will replace medical equipment that is past its life and renovate hospitals. We will build a new school in Shediac and a new school in Moncton, and we will upgrade several other institutions elsewhere in the province. We are doing this because the province underinvested for years and the backlog landed on this generation of students, patients and drivers. These are safety projects and they are quality-of-life projects. Our children will be using these buildings. Thank you, Madam Speaker."
v3_107,"Madam Speaker, each year, on November 11, we pause to remember the brave men and women who served and continue to serve our country in times of war, conflict, and peacekeeping. Their courage, sacrifice, and unwavering sense of duty have safeguarded the freedom and values we cherish today. We also pay tribute to the families who have carried the burden of separation and grief, and to the veterans who have returned home changed by their service. As we gather at cenotaphs and memorials across New Brunswick, may we renew our commitment to peace, to gratitude, and to never forgetting those who gave everything for Canada. Two minutes. That is what we are asked for. Stand still, and let the wreaths go down. Lest we forget. Lest we forget."
v3_108,"Mr. Speaker, labour relations in this province are strained, and that strain sits over every effort we make together to build prosperity in New Brunswick. This government took a legislative approach and that approach is the reason. We should be talking to workers and their representatives directly, telling them the truth, and keeping our word to them. Workers will trust a government that does those things, and a government that has their trust can weigh what everybody at the table needs.

Mr. Speaker, in December 2019, this Legislature was embroiled in a contentious debate over the essential service legislation, which was specifically focused on the wages of nursing home workers. That bill, Bill 17, imposed conditions on how labour arbitrators could rule on the wages of those workers. It sparked an intense reaction. Members of the New Brunswick Council of Nursing Home Unions came out against it. They said it would damage their ability to strike and to negotiate a fair wage, and they said it loudly. You could hear how deep the discontent ran.

The law passed. Union leaders decried it as an attack on public-sector labour unions. Sharon Teare, President of the New Brunswick Council of Nursing Home Unions, avowed that their voice would not be silenced. She said they would keep fighting for better working conditions and keep protecting the rights of nursing home workers, who play a valuable role in our society.

Bill 17 showed how the government and the labour unions in New Brunswick pull against each other on labour rights and on collective bargaining. It showed how hard it is to weigh what a worker needs against what a taxpayer pays and what a finance minister has to answer for.

When we look back at December 2019 and at the passage of Bill 17, we can't forget that there are members sitting in this government now who opposed that bill. They said so out loud. They said they would stand with the labour movement as long as they could. That has changed today."
v3_109,"Madam Speaker, I rise today to recognize the Battle of Vimy Ridge. It was fought on April 9, 1917. It is one of the defining moments in Canada's history. Since 2006, the Vimy Foundation has worked at raising awareness of that battle and educating Canadians about it, and this year's campaign marks the beginning of the lead-up to the 110th anniversary in 2027, which I hope every school in my riding takes part in, because a date on a page does not mean much to a 14-year-old unless somebody in the room makes it mean something. Vimy Week runs from April 2 to 9. Wear the pin. The Vimy Pin is composed of four distinct colours, one for each of the four Canadian divisions that fought together for the first time at Vimy Ridge, and it stands for their unity and their sacrifice. That is what we are honouring. Their courage. The legacy they left behind, which helped define this nation. Thank you, Madam Speaker."
v3_110,"Madam Speaker, the member opposite asked earlier what stops this from being abused, so let me answer with the actual text. An employee must have at least 90 days of continuous employment to be eligible for the leave, which aligns with leave provisions in other provinces. The employee is required to inform the employer ""as soon as possible"" of the need for leave — those are the words in the amendment, and they are not ""whenever it suits the employee"", as I heard put a few minutes ago. The employer may require reasonable medical documentation confirming that the employee is unable to work due to illness or injury. Those elements support the integrity of the leave and give employers reasonable assurance and predictability. Madam Speaker, this amendment is an important step forward. It strengthens protections for workers at a time when they are most vulnerable while keeping a balance that considers the realities of workplaces across the province, and it supports the objective of New Brunswick remaining a place where people can live and work with dignity. No one should have to choose between their health and their job. This closes a clear gap in the Employment Standards Act. Thank you very much, Madam Speaker."
v3_111,"Thank you, Madam Speaker. Our economic development strategy has one priority: build a stronger, more competitive New Brunswick that gives people here somewhere to go. New Brunswick succeeds when our businesses succeed. When a company grows, reaches a new market, and puts money back into its own operation, it hires people, it holds a community together, and it pays into the tax base that funds the services families use every single day. The strategy builds on what we already have. It aims at productivity. It backs the firms that are trying something new, and it helps New Brunswick companies compete in a global economy that will not sit still for them. We are also going after investment and building up the sectors where we can actually win — defence and mining chief among them — and we want that growth to last. Departments will work off the same list of priorities and the same measurable outcomes, and I will be answerable for them. The government cannot do this alone. It takes industry, the universities and colleges, communities, and frankly every member sitting in this House. The people we have shown it to so far like what they see, and what they keep coming back to is that it is clear, it is disciplined, and it says what it will deliver. New Brunswick has what the world wants. We are competing to win, and we are setting the conditions for businesses to grow, for communities to thrive, and for opportunity to spread out past the two or three places that usually get it. A growing economy pays for better services. Thank you, Madam Speaker."
v3_112,"Madam Speaker, I want to recognize the work of Nursing Home Without Walls, which keeps making a real difference for seniors in our communities. Today it is partnering with Horizon Health Network to give seniors hands-on assistance setting up access to MyHealthNB, a secure online portal that lets a person look up their own blood work and their own imaging results rather than waiting on a call back from somebody's office. Staff are there now. They are at the Miramichi Regional Hospital, in the main lobby, today from 7 a.m. to 2 p.m. Bring a Medicare card and an email address. That is all it takes to create an account. Horizon staff verify identity and hand over the access code on the spot, and there is no appointment and no registration needed. This is how a barrier comes down. Seniors stay connected to their own health information, and they stay healthy and independent. Thank you, Madam Speaker."
v3_113,"Madam Speaker, Roméo H. LeBlanc has died at the age of 102. He was an Acadian, and he served in the Second World War. As Minister responsible for Military Affairs, I want to pay tribute to a man who gave this country exceptional service. Mr. LeBlanc did not stop when the war ended. He spent the rest of his life with the veterans' community — visiting them, sitting on committees, chasing down names, photographs, service records, the odd letter home — so that the men and women who served would not be forgotten. He was a courageous man and a dutiful one, and young people who come across his story will be the better for it. On behalf of the government of New Brunswick, I extend my sincerest condolences to his family, to those who loved him, and to the veterans who knew him. We will remember him. Thank you, Madam Speaker."
v3_114,"Madam Speaker, I rise today to recognize the enduring significance of the Battle of Vimy Ridge, fought on April 9, 1917, one of the defining moments in Canada's history. Since 2006, the Vimy Foundation has been dedicated to raising awareness and educating Canadians about the battle. This year's campaign marks the beginning of the lead-up to the 110th anniversary of the battle in 2027, a milestone moment in Canada's history. Vimy Week runs from April 2 to 9, and I encourage all members of this House to wear the Vimy Pin. It is composed of four distinct colours, one for each of the four Canadian divisions that fought together for the first time at Vimy Ridge. By wearing it we honour their courage and their sacrifice and the legacy they left behind. The pin itself is smaller than a dime. Most of them end up in a desk drawer by May. Wear it anyway."
v3_115,"Bill 40 amends the Health Quality and Patient Safety Act, an Act that already tells hospitals how to review a patient safety incident and what to do with what they learn. The government says the amendments will improve how incidents get reviewed, strengthen collaboration, make reviews more consistent, and tell patients and families more. Nobody opposes any of that. But a bill does what it does, not what it means to do.

So what has failed? The Act is on the books already. Are incident reviews not occurring? Are lessons not being shared? Are patients not being informed? Are health authorities ignoring recommendations? Members raised all four at the briefing on the bill, and rightly so. The government has shown us no data pointing to a systemic failure under the current law. Change the law after you find the gap, not before. A doctor diagnoses before treating.

The biggest thing in the bill is a new committee, the New Brunswick Quality of Care and Patient Safety Advisory Committee, which the minister sets up and keeps running. Fine, on paper. Who turns down expert advice on patient safety?

Slow down here. A nurse in Miramichi already answers to Horizon Health Network, a professional regulatory college, an accreditation body, an internal quality review committee, and a patient advocacy office. A nurse an hour west answers to Vitalité Health Network instead. That is five desks before this bill adds a sixth. Are we improving outcomes or adding bureaucracy? Front-line workers keep telling us they fill out forms in the hours they used to spend with patients. Add a reporting layer that improves nothing anyone can measure and you have worsened the very system you set out to help."
v3_116,"Thank you, Madam Speaker. Our government's economic development strategy is focused on one priority: building a stronger and more competitive New Brunswick that is a source of opportunity for people in this province. New Brunswick succeeds when our businesses succeed. A company that grows, reaches a new market, or invests in its operations creates jobs, strengthens the community around it, and drives the economic activity that supports the public services families rely on every day.

The strategy builds on our existing strengths. It focuses on productivity, on innovation, and on helping New Brunswick companies compete in a global economy that keeps moving. It reinforces our commitment to attracting investment, to strengthening key sectors such as defence and mining, and to long-term sustainable growth.

We are taking a coordinated and accountable approach that brings departments together around shared priorities and measurable outcomes. This is not work the government can do alone. It takes industry, academia, communities across the province, and the members of this House. Early feedback from stakeholders has been positive, with recognition of our focus on clarity, discipline, and results.

New Brunswick has what the world wants. I was in Sussex two Fridays ago, at a machine shop with eleven employees on the floor. The owner did not ask me about the strategy. He asked whether the apprentice he took on in March would still be here in three years, or gone to Alberta like the last one. That is the file. Thank you, Madam Speaker."
v3_117,"Thank you, Madam Speaker. I rise today in sadness on the passing of Robert Hosford. Robert was a husband, a father, a pop pop, an uncle, a great-uncle, and a friend. He passed away on Wednesday, November 12. What he left behind is love, laughter, and adventure, and I do not think I can improve on that. Robert was a devoted family man. He was the cornerstone of his family and he put their needs before his own, every time. His love and support knew no bounds. He would lend a hand, or he would just listen. His smile and his laugh could light up a room. His sense of humour could turn the toughest day into a memorable one. Anyone who was at the service knows exactly what I mean. He was his family's biggest cheerleader, proud of what they took on and first to celebrate when it went well. Whether he was cheering on his favourite team or teaching a lesson, Robert's passion for sports was matched only by his love for his family. Please join me in expressing condolences to Robert's family and friends. Thank you."
v3_118,"Madam Speaker, Charlie Burrell shows what one person can do. In Little River he has spent his own time and his own energy building a facility and small homes for people who have nowhere to live — people most of us walk past. He saw his friends, and he calls them his friends every single time, homeless on the streets of Moncton, and instead of turning away he did something. He brings them food and clothing. More than that, he treats them like people. He keeps saying that homelessness is not an issue, it is something happening to somebody, and that everyone is owed some kindness and a chance. Others have got involved because he asked them to. Thank you, Charlie. The last time I was out there, he was arguing with a fellow about the price of plywood and losing. The homes have doors that lock. That is the part he wanted me to mention."
v3_119,"Madam Speaker, our government has presented the 2026-27 capital budget, a historic budget of $1.47 billion, $200 million more than last year and the largest capital budget ever tabled in our province. The member opposite called it, yesterday, ""an election-year road budget."" Those were his words, and I would ask him to look at where the money actually goes. Most of the investment is allocated to the Department of Transportation and Infrastructure, to improve our roads, bridges, ferries, and other essential infrastructure. The health care sector will also see significant investment, to modernize our medical equipment and to renovate our hospitals. In education, the capital budget includes building new schools in Shediac and Moncton and upgrading several institutions elsewhere in the province. These investments are essential to deal with the backlog caused by years of underinvestment. When this House resolves itself into the Committee of Supply to open the capital estimates, I invite the member to test every line of it. Thank you, Madam Speaker."
v3_120,"Madam Speaker, I have heard the word ""approve"" from across the floor a few times this afternoon, and that is the word I want to quarrel with. The bill's aim is to make things easier, not approve them. It is about removing barriers, providing clarity, and ensuring that New Brunswick is prepared to move forward when the time comes. My colleague opposite asked who was at the table. The proposal was drafted in consultation with several departments, including the Office of the Attorney General, Service New Brunswick, the Department of Post-Secondary Education, Training and Labour, and the Department of Indigenous Affairs. The NB Power Board of Directors will continue to oversee all security measures, and that is where financial accountability and risk mitigation sit. The information will be used as the basis of the proposal submitted for government approval, and it will be reviewed before any authorization. Madam Speaker, the Mactaquac Life Achievement Project is a bold and necessary investment in our energy future, and this bill makes sure we meet its challenges with the flexibility and the clarity that will be required. I urge all members of the House to support it and help us take the next step toward securing clean energy for New Brunswickers, today and for decades to come. Thank you, Madam Speaker."
v3_121,"Madam Speaker, Charlie Burrell is an example of what one person can do in their community. In Little River, he has put his time and his own energy into building a facility and small homes for people experiencing homelessness — people who get overlooked and forgotten. He saw his friends, and that is the word he always uses, homeless on the streets of Moncton, and he stepped up instead of turning away. He gives out food and clothing, and, more than that, he gives people dignity and some hope.

I will be honest with members. I am not an expert on housing policy or on addiction, and I do not know whether what Charlie is doing in Little River can be done anywhere else at any scale. I have asked. I have not got a good answer yet. What I do know is that in February there was a man sleeping in a car behind the Irving, and by March that man had a room with a door on it. Charlie has pulled other people in behind him, and more of them turn up every month.

He reminds us that homelessness is not just an issue, it is a human experience, and that everyone deserves kindness and opportunity. Change starts with one person choosing to care. Thank you, Charlie. You care so much."
v3_122,"Madam Speaker, I rise today to recognize the enduring significance of the Battle of Vimy Ridge, fought on April 9, 1917, one of the defining moments in Canada's history. Since 2006, the Vimy Foundation has been dedicated to raising awareness and educating Canadians about the battle. This year's campaign marks the beginning of the lead-up to the 110th anniversary of the battle in 2027.

My colleague from across the floor said last week that we are ""a country that forgets too easily."" I do not think he is wrong. That is what Vimy Week is for, and it runs this year from April 2 to April 9.

I encourage all members of this House to wear the Vimy Pin. The pin is composed of four distinct colours, and it symbolizes the unity and the sacrifice of the four Canadian divisions that fought together for the first time at Vimy Ridge. I have pins here with me, and I will pass them to both sides of the Chamber before we rise.

By wearing it, we honour their courage, their sacrifice, and the legacy they left behind, a legacy that helped define our nation. Thank you, Madam Speaker."
v3_123,"Madam Speaker, our government has presented the 2026-27 capital budget. It is $1.47 billion, $200 million more than last year. That is the largest capital budget ever tabled in this province. Most of the investments will go to the Department of Transportation and Infrastructure to improve our roads, bridges, ferries and other essential infrastructure, and the health care sector will also see significant investments, both to modernize our medical equipment and to renovate hospitals that in some cases have not had serious work done on them in my lifetime. In education, the budget builds new schools in Shediac and Moncton. It upgrades several institutions elsewhere in the province. This is not extravagance. It is the backlog left by years of underinvestment, and it has to be paid down eventually. Thank you, Madam Speaker."
v3_124,"Madam Speaker, our government has tabled the 2026-27 capital budget, and it is a historic one: $1.47 billion, $200 million more than last year, the largest this province has ever tabled. Most of that money goes to the Department of Transportation and Infrastructure. It pays for roads, bridges, ferries and the other essential infrastructure New Brunswickers use without thinking about it. Hospitals get their share too — new medical equipment, and renovations to the buildings themselves. Shediac gets a new school. So does Moncton. Several other institutions around the province get upgrades. We did not invent this backlog. Governments underinvested for years, and someone has to pay that down. These investments keep people safe, they make life better here, and they leave our communities something to work with. Thank you, Madam Speaker."
v3_125,"Madam Speaker, employees must have at least 90 days of continuous employment to be eligible for the leave, which aligns with leave provisions in other provinces. They are required to inform the employer as soon as possible of their need for leave. Employers may require reasonable medical documentation confirming that the employee is unable to work due to illness or injury. Those elements support the integrity of the leave and give employers reasonable assurance and predictability. A member stopped me in the hallway this morning with three questions and I will put them on the record. What happens to a seasonal worker who is 80 days in? Who pays for the note from the doctor? Does a nurse practitioner's signature count as medical documentation? I don't have those answers today. This amendment strengthens protections for workers when they are most vulnerable, while keeping a balanced approach that considers the realities of workplaces across the province. No one should have to choose between their health and their job. It addresses a clear gap in our current legislation, and it keeps a reasonable, structured approach for employers. Thank you very much, Madam Speaker."
v3_126,"The strain on our labour relations has become undeniable, and it is casting a shadow over the collective effort to build prosperity in New Brunswick. I think this government's legislative approach has fallen short, and we ought to acknowledge that. Going forward, we should prioritize genuine dialogue, transparency, and mutual respect in our dealings with workers and their representatives. Trust is built that way or it is not built at all.

Mr. Speaker, in December 2019, this Legislature was embroiled in a contentious debate over essential service legislation, specifically about the wages of nursing home workers. Honestly, I am not an arbitrator and I have never sat at a bargaining table, so I will not pretend to know the mechanics of it better than the people who lived it. What I do know is that Bill 17 imposed conditions on how labour arbitrators could rule on the wages of these workers, and that members of the New Brunswick Council of Nursing Home Unions voiced their opposition and expressed their concern about the impact on their ability to strike and to negotiate a fair wage. Their protest underscored the depth of their discontent.

The law passed. Union leaders decried it as an attack on public-sector labour unions. Sharon Teare, President of the New Brunswick Council of Nursing Home Unions, avowed that their voice would not be silenced, and she emphasized their commitment to fighting for better working conditions and to protecting the rights of nursing home workers, who play a valuable role in our society. I have read her remarks. I would not want to be on the other side of them.

Bill 17 highlighted the ongoing tension between the government and labour unions in this province, particularly on labour rights and collective bargaining. It underscored the challenge in balancing the interests of workers against those of taxpayers and against the government's fiscal responsibility. I do not know where the line sits. I am not sure anyone in here does.

But when we reflect on December 2019 and the passage of Bill 17, we cannot forget that there are members of this government today who were opposed to that bill. They vocally expressed their discontent. They said they would stand with labour movements as long as they could. That has changed today."
v3_127,"Thank you, Madam Speaker. Members of the New Brunswick Psychiatric Association are in the gallery this afternoon, and among them are members of the association's Board of Directors. A member opposite asked across the floor a moment ago who exactly was upstairs, so let me be exact: this is the board, not a delegation. Their work supporting the mental health and well-being of New Brunswickers is essential. The association continues to work with the Department of Health, and that collaboration is helping to strengthen our system of care. I will say more about that later today, when we get to statements by ministers. Thank you. Thank you, Madam Speaker."
v3_128,"As New Brunswickers gather around their Christmas trees this year, they'll be exchanging more than just presents. They'll be swapping stories about how the Holt government has turned its promises into ornaments — sparkly, shiny, and completely hollow. We hear the word ""discipline"" a lot from the other side of this House. I've written it down three times this week. First there was the balanced budget promise, the one we were told would be delivered with fanfare and a drumroll. Instead, what do we have? A deficit under the tree. It's not even the gift that keeps on giving. It's the gift that keeps on taking. Then there's the carbon tax adjustor, which the members opposite keep describing as ""a technical matter."" It is a promise so simple it could have been done with the stroke of a pen. Instead, it's still there, adding to the prices of everything we buy every day. That's not the Christmas cheer we were hoping for. New Brunswickers have been promised a lot of things. This government needs to realize that promises aren't just for the Christmas season. They're for the whole year. It's time they deliver."
v3_129,"Madam Speaker, on October 24, our community celebrated the 105th birthday of Ms. Laura Anderson of Newtown. Laura is remarkable - strong, vibrant, still living independently in her own home. She had her driver's licence until just this past month and still enjoyed short drives on the rural roads she knows so well. Laura and her late husband, Thomas, were pioneers in agriculture and in tourism in this province. They were founding members of the Agricultural Museum of New Brunswick. In 1967, the centennial year, they launched New Brunswick's very first farm vacation experience. Families and travellers came from across the province and from around the world. Laura still shares her humour, her stories and her wisdom, and she has been doing it for 105 years now. Congratulations, Laura, and thank you."
v3_130,"Madam Deputy Speaker, I have never worked a shift in a nursing home, and I would not stand here and tell this House I know what that job takes. What I do know is how those workers were treated under Premier Higgs. They were taken to court. They were told they could relocate to Alberta if they wanted better wages. That was a failure in negotiation and it was a betrayal of the people who provide essential care to our most vulnerable, and it showed a lack of empathy for those on the front lines. Then the school strike ran 16 days and was ended with emergency orders forcing workers back to work. I will grant that a government has to keep schools open. Here is what that looked like on the ground, though: bus drivers in Woodstock who had been out in the cold for two weeks went back with no agreement and no arbitration date. Watering down binding arbitration, scab-friendly legislation, and now this pension bill - it is a pattern, and it erodes the foundation of workers' rights. These decisions hit real livelihoods and the health of our communities, and it is our duty to question them. Madam Deputy Speaker, you will recall the unions expressing their vehement disagreement with the wage-freeze restriction mandate - the 0% mandate in the early years of this government. I do not have the transcript of that meeting in front of me, and I was not in the room. In the face of a global pandemic, our frontline workers were nothing short of heroes. Their commitment and their sacrifices demanded acknowledgement and tangible support. The union leaders rightly asserted that these heroes deserved more than zeroes in their wage agreements."
v3_131,"We are building a system where mental health care and addiction care work hand in hand. Honestly, I am not a clinician and I have never worked in addictions treatment, so I am relying here on the people who do. What they tell me is that these challenges are usually connected in the same person and have to be addressed together.

So we are integrating the services, and the province is creating a seamless continuum of care that spans prevention, treatment, recovery, and harm reduction. That gets people the right supports at every stage of their journey. For children and youth, it means early community-based interventions that can prevent substance use from escalating and reduce long-term harms. For someone already living with addiction, it means timely access to a full range of treatment options: detox services, live-in programs, outpatient counselling, and long-term recovery supports.

Our investments reflect this. The Moncton Addictions and Mental Health Court will offer those facing mental health and addiction challenges an opportunity to access treatment and community supports when they come into contact with the justice system. It gives someone facing criminal charges an alternative pathway to traditional sentencing, connecting them to treatment and recovery supports while easing pressures on the justice system and improving long-term outcomes for participants.

This week we took the first step to expand treatment capacity, and we announced a new 50-bed addiction treatment facility. Is 50 enough? I don't know. I doubt it. We are actively exploring further opportunities to increase the number of treatment beds across New Brunswick.

Well, beds are no good without staff. That is why there are 10 newly established trainer positions dedicated to building the skills, expertise, and resilience of the addictions and mental health workforce. Together, these efforts will strengthen service delivery, create consistency across the province, and help ensure people living with substance use challenges receive the right care at the right time and in the right setting."
v3_132,"Madam Speaker, last September we started a universal breakfast program in every school in New Brunswick. It has been close to a year, and we can see what it does. Students eat in the morning now: milk, eggs, bagels, apples, cheese, and, in one school I was in, a pan of leftover baked beans. FeedNB works with the schools, and much of the food comes off farms and out of businesses here at home. Parents tell us the program saves them time and money, and it takes some of the noise out of the house at seven in the morning. That counts for more when groceries cost what they cost now. A child who has eaten can sit down and learn something. That is what we paid for. Every child should be able to start the day fed, Madam Speaker. Thank you."
v3_133,"Madam Deputy Speaker, Premier Higgs took nursing home workers to court. He told them to go to Alberta if they wanted better wages. Those are the people who lift our parents out of bed, who feed them, who sit with them at the end. A premier who says that to them has not failed at negotiating. He has told them what he thinks they are worth.

The school strike lasted 16 days. It ended when this government signed emergency orders and ordered the workers back into the buildings. A government cannot say it believes in bargaining and in the right to strike and then do that.

This government watered down binding arbitration. It brought in scab-friendly legislation. Now it brings us this pension bill. Custodians, bus drivers, educational assistants, laundry staff, and the woman who does the payroll for all of them — every one of them loses a little more ground each time.

Madam Deputy Speaker, you will recall the unions and their vehement disagreement with the wage-freeze restriction mandate this government proposed in its early years. Zero percent. In a global pandemic, our frontline workers were heroes, and this government offered them zero. They earned more than a round of applause from this Chamber. They earned money. The union leaders said it better than I will: these heroes deserved more than zeroes.

When a government decides these things, somebody's mortgage moves. Somebody's daughter takes the job in Fort McMurray. We are here to question that, and I question it. A fair society lets a worker bargain across the table as an equal, and this one has spent five years making sure she cannot."
v3_134,"Mr. Speaker, this is a government that took nursing home workers to court. That is where we ended up — the Premier in a courtroom against the people who bathe and feed our parents, and then telling them, when they gathered outside, to go to Alberta if they wanted better wages.

The offer on the table was 10.5 cents an hour. Ten and a half cents. On a 37.5-hour week that is $3.94, and something like $205 over a year, in a year when Statistics Canada had grocery prices running 10% to 11% above the year before. Those two numbers do not sit beside each other honestly.

Then came binding arbitration with conditions attached, which is not arbitration. The conditions were the point. Attaching them was a way to keep the workers' actual demands off the table before anybody sat down at it.

His words to the protesters were, ""if you want that kind of wage, then Alberta's where to get it."" That is dismissive, and it ignores what these workers are up against here. Instead of dealing with what was in front of him, the Premier deflected.

And he told us that fair wages would not fix the staffing shortage in our nursing homes. A fair wage is a matter of justice for the worker, yes. It is also the recruitment and retention tool the province has been refusing to pick up.

He never treated it as urgent. He never sat down with them in any meaningful way. His responsibility is to the people of New Brunswick, and we are going to keep reminding him of it."
v3_135,"Madam Speaker, the aim of this bill is to make things easier, not to approve them. It removes barriers. It provides clarity. It puts New Brunswick in a position to move forward when the time comes. The proposal was drafted in consultation with several departments, including the Office of the Attorney General, Service New Brunswick, the Department of Post-Secondary Education, Training and Labour, and the Department of Indigenous Affairs. The NB Power Board of Directors will continue to oversee all security measures, ensuring financial accountability and risk mitigation. The information will be used as the basis of the proposal submitted for government approval, and it will be reviewed before any authorization. I am going to say that one more time, because I have been asked about it twice today: it will be reviewed before any authorization. Madam Speaker, the Mactaquac Life Achievement Project is a bold and necessary investment in our energy future — a bold and necessary investment. This bill ensures that we are prepared to meet its challenges with the flexibility, clarity, and confidence required. I urge all members of the House to support the bill and help us take the next step toward securing clean energy for New Brunswickers, today and for decades to come. Thank you, Madam Speaker."
v3_136,"Employees need 90 days of continuous employment to be eligible for the leave. That lines up with the leave provisions in other provinces. They have to tell their employer as soon as possible that they need it, and the employer may require reasonable medical documentation confirming that the employee is unable to work due to illness or injury. That is not a hurdle. It keeps the leave sound, and it gives the employer something to plan around, which matters a great deal to a small operator who has to cover a shift on short notice for the better part of half a year. Madam Speaker, this amendment is a step forward. It strengthens protections for workers at the time they are most vulnerable, and it does that without ignoring what workplaces across this province actually look like. It also keeps New Brunswick a place where people can live and work with dignity. No one should have to choose between their health and their job. There is a clear gap in our current legislation. This closes it. Thank you very much, Madam Speaker."
v3_137,"Madam Speaker, I thank the Minister of Post-Secondary Education, Training and Labour for his statement on the InnovateNB Awards, and I join him in recognizing this year's recipients. They are pushing boundaries and driving progress in this province, and that deserves the House's notice. The minister used the phrase ""growing confidence"" in New Brunswick's business climate. I wrote it down. Growing where, and for whom? I would put it to him that confidence is not shared equally across all sectors and communities, and I've heard the member for Campbellton-Dalhousie say much the same thing in this Chamber twice this fall. Innovation does not exist in a vacuum. It requires a supportive ecosystem, and the barriers many innovators face here have not moved. Our rural areas still struggle to access the resources and the support that urban centres enjoy. The benefits have to reach every corner of the province and not just those with established networks. The recipients are inspiring, but I want to ask the minister what we are doing to cultivate the next generation. Investments in education, mentorship programs, and accessible funds are essential if our youth are going to lead the charge. And while we celebrate, we still need continued investment in research and development, particularly in clean technology and sustainable practices, the sectors that align with the economic goals this government has set out. When the estimates for the department come before the Committee of Supply, I intend to ask about exactly that. Government, industry, and communities working together is the only way an inclusive environment gets built. Thank you, Madam Speaker."
v3_138,"Too often, the subsidies and the incentives go to large corporations. Not to the small and medium-sized businesses that create most of the local jobs in our communities. That is backwards. Direct that investment to smaller businesses instead and the wealth generated by economic activity stays in New Brunswick communities, in the towns where it was earned in the first place. One idea that has been suggested is stronger support for community economic development corporations, which allow residents to invest directly in businesses by purchasing community investment shares. Nova Scotia and Prince Edward Island have done it. Hundreds of enterprises have been launched under those models, including renewable energy projects and community-based ventures. It works. With provincial support and promotion, it could work here too. Citizens raised energy as well. The message was not complicated. Stop leaning on large, high-risk megaprojects. There is growing support for a diversified approach focused on efficiency and renewables: an energy investment fund to help new technologies reach commercialization, a modest levy on electrical bills dedicated to efficiency and renewable projects, and a Property Assessed Clean Energy program to fund solar installations, battery storage and efficiency upgrades. Household costs would come down. Skilled jobs would go up. And the long-term electrical demand challenge NB Power is facing gets a little easier, which is not a sentence I get to say often in this Chamber. Then there is procurement. Every year the provincial government spends tens of millions of dollars on goods and services. Much of that money leaves. It goes to large corporations, or to suppliers outside this province, and it does not come back. Send even a small portion of it to local businesses, cooperatives and social enterprises and you have created something real. Hospitals, universities, schools and correctional facilities buy much the same things year after year. Redirect a small share of those contracts and it ripples."
v3_139,"Madam Speaker, the motion reads as follows.

WHEREAS the 2017 From Surfaces to Services report identified the critical need for a comprehensive, coordinated approach to improving public transportation across the province, yet no meaningful action has been taken;

I repeat: no meaningful action has been taken. Eight years.

WHEREAS appointing a Minister responsible for public transportation would provide the leadership, the coordination and the accountability needed to develop, fund and integrate public transportation services throughout New Brunswick;

BE IT THEREFORE RESOLVED that the Legislative Assembly urge the Premier to give the Minister of Transportation and Infrastructure a mandate for public transportation;

BE IT FURTHER RESOLVED that the Legislative Assembly urge the government to allocate the necessary resources and funding to support the New Brunswick Transportation Authority to create and implement a public transportation strategy.

A mandate. That is the word in the motion, and I will say it again -- a mandate. Not a study. The report is written. It has been written since 2017."
v3_140,"Madam Speaker, my colleague across the way said a few minutes ago that this bill will ""approve the Mactaquac project."" That is not what is in front of us at second reading. The bill's aim is to make things easier, not to approve them. It removes barriers, it provides clarity, and it makes sure New Brunswick is prepared to move forward when the time comes. On the consultation point the member raised: the proposal was drafted with the Office of the Attorney General, Service New Brunswick, the Department of Post-Secondary Education, Training and Labour, and the Department of Indigenous Affairs. The NB Power Board of Directors will continue to oversee all security measures — and ""continue"" is the word I want on the record, because financial accountability and risk mitigation do not move anywhere. The information will be used as the basis of the proposal submitted for government approval, and it will be reviewed before any authorization. The Mactaquac Life Achievement Project is a bold and necessary investment in our energy future, and this bill ensures we are prepared to meet its challenges with the flexibility, clarity, and confidence required. I urge all members to support the bill and take the next step toward securing clean energy for New Brunswickers, today and for decades to come. Thank you, Madam Speaker."
v3_141,"Madam Speaker, I rise today with great satisfaction and deep gratitude. After years of waiting, the new, hoped-for bridge between Île Lamèque and Shippagan will be built.

I will be honest with the House. I did not think I would be standing here saying that. I have said in this Chamber before that I had given up on it, and I was wrong.

I thank the Premier, Hon. Susan Holt, and the Minister of Transportation and Infrastructure, Hon. Chuck Chiasson, for coming to the region in February and making that announcement, which marks a turning point for our communities. The bridge will simplify travel, strengthen our connections with the rest of the province, and bring new economic opportunities to our people.

I don't know the engineering side of it and I'm not going to pretend I do. But on behalf of my constituents, I want to express our gratitude to everyone who played a role in making this important project happen. Thank you, Madam Speaker."
v3_142,"Thank you, Madam Speaker. Members of the New Brunswick Psychiatric Association are in the gallery today, and several of them sit on the association's Board of Directors. A few of them travelled from as far as Bathurst to get here for two o'clock. Their work holds up mental health and well-being in this province. The association keeps working with the Department of Health, and our system of care is stronger for that. There is more to say about it, and I will say it later today. Thank you. Thank you, Madam Speaker."
v3_143,"Madam Speaker, I learned this week that Roméo H. LeBlanc has died. He was 102. He was an Acadian, and he was a veteran of the Second World War. As Minister responsible for Military Affairs, I want to pay tribute to him for his exceptional service to our country.

The war was not the end of it. For the decades after he came home he stayed with the veterans' community, showing up for the men and women who had served, and making sure that the ones who did not come back were still spoken about by name at the Legion and in his own town. Courage, devotion, a deep sense of duty. He had all of it, and he would have waved it off if you said so. He would have.

On behalf of the government of New Brunswick, I extend my sincerest condolences to his family, his loved ones, and the entire veterans' community. We will remember him. Thank you, Madam Speaker."
v3_144,"Thank you, Madam Speaker. As the holiday season comes on, I rise to talk about shopping local.

Small businesses are the heartbeat of New Brunswick's economy. They are the cafes and restaurants where neighbours gather, the boutiques and artisans that bring character to our downtowns, and the family-owned shops passed down through generations. They are the local producers who remind us that world-class quality is made right here at home. They are employers, they hold up their communities, and they are a real part of the economic development of this province.

When we choose to shop locally, particularly during the holidays, we are doing more than purchasing a gift. We are investing directly in our communities. For every dollar spent locally, more of that dollar stays right here in New Brunswick, creating jobs, supporting local supply chains and strengthening our regional economies. Honestly, I'm not an economist, and I couldn't tell you the exact multiplier. I do know what it looks like on a main street when the money stays.

At the Premier's open house yesterday, the turnout was strong and the vendors were a genuinely varied bunch. I'll admit I went in expecting the same faces I always see. I was wrong. I spoke to one vendor who started his business at nine years old.

So go to the markets this holiday season. Visit a neighbourhood shop you have walked past for years. Find the artisans, and choose New Brunswick-made products and services where you can. The choices are small, and they add up, and by supporting local shopping we're supporting the people who support us all year.

A special thank-you to everyone who was out yesterday and who spoke to those vendors."
v3_145,"Madam Speaker, a new provincial website went live this week: artsculturenb.ca. It puts artists, artisans and the places you can go and see them in one spot, and it arrived just in time for the holiday season.

A New Brunswicker hunting for a gift can find one on it — a print, a concert ticket, a bowl, a Saturday market two towns over. Artists and organizations post their own events and their own work on the site themselves. Nobody has to ask us first.

We built it so that more people know what is being made here, get out to see it, and pay for it. I encourage everyone to visit artsculturenb.ca and see what this province is making.

This holiday season, let's encourage local shopping, celebrate our local talent, and support the artists who make our province extraordinary. Thank you, Madam Speaker."
v3_146,"Thank you, Madam Speaker. I'll be honest with the House — I am not a transportation planner, and I had to go back and read the 2017 report again before I put this motion on the order paper. From Surfaces to Services. It said this province needed a comprehensive, coordinated approach to public transportation. That was 2017. Nothing meaningful has been done since.

Whose desk is it on? I don't know. That is the whole problem. Nobody owns the file, so nobody answers for it. Give one minister a mandate and somebody has to answer for the leadership, the coordination, the money, the way the pieces connect, and the schedules that never line up.

Be it therefore resolved that this Legislative Assembly urge the Premier to give the Minister of Transportation and Infrastructure a mandate for public transportation; and be it further resolved that this Assembly urge government to allocate the resources and the funding the New Brunswick Transportation Authority needs to create a public transportation strategy and to implement it."
v3_147,"Madam Speaker, I appreciate the minister's statement on the InnovateNB Awards. It is an occasion to celebrate the people who are pushing boundaries and driving progress in New Brunswick, and I congratulate this year's recipients. But no innovator works in a vacuum. Someone has to build the ecosystem around them, and this province still puts barriers in the way of people who are trying. The minister told the House that businesses have a growing confidence in New Brunswick's climate. Not every business shares it. A machine shop in Doaktown, a software firm in Moncton, a boat builder on the Acadian Peninsula, a woodlot operator, a nurse practitioner running her own clinic — they do not all get at the same programs on the same terms. Rural applicants cannot reach the resources and the supports that people in the urban centres reach. Innovation has to pay off in every corner of this province, not only for the people who already know whom to call. This year's recipients inspire me. But who is coming after them? We equip our youth by funding schools, by pairing them with mentors, and by opening funds they can actually get at. And the departments have to keep putting money into research and development, particularly in clean technology and sustainable practices, which is where our economic goals point. Let government, industry, and communities do this together, and let us leave nobody out. Our future depends on it. Thank you, Madam Speaker."
v3_148,"The bill empowers the minister to require health care organizations to implement improvement plans. Accountability matters, and I'm not going to stand here and argue against it. What worries me is centralization. Health care organizations operate in vastly different environments, such as urban hospitals, rural facilities, community clinics, and long-term care settings. A one-size-fits-all approach imposed from the centre may not reflect local realities. In Perth-Andover the nurse practitioner covers three villages and does her own scheduling; a plan written on Queen Street will not know that. Ministerial authority should support improvement rather than replace professional judgment. Oversight should guide, not micromanage.

Perhaps the most serious issue lies in subsection 6.2. It says that if the Health Quality and Patient Safety Act conflicts with the Right to Information and Protection of Privacy Act, this Act prevails. That is a significant legal step. Government members are effectively creating an exception to one of the most core privacy protections governing public institutions. I am not a lawyer, and I would welcome being told I have this wrong. But I read subsection 6.2 four times last night and that is what it says.

The government argues that confidentiality encourages open discussion during safety reviews. There is merit to that. Health care professionals must feel safe speaking candidly. Overriding existing privacy legislation still demands rigorous justification. What could be withheld, from whom, with what appeal? Too much secrecy undermines public trust. Too little discourages honest reporting. This clause deserves detailed committee scrutiny.

The bill also expands rules allowing the disclosure of incident reports and improvement findings. System-wide learning is a good objective. Disclosure frameworks still have to protect patient identity. My fear is that information flows upward into bureaucracy and never reaches the front-line practitioners who could prevent the next one. Learning has to travel across the system, not just up into reports.

One theme runs through the bill: administration. New committees, new reporting obligations, new procedural requirements. Administration is not inherently negative. But every hour spent preparing reports is an hour not spent with patients, and the government has to show these additions will measurably improve care outcomes. Otherwise we are adding weight to a system already struggling."
v3_149,"Bill 40 amends the Health Quality and Patient Safety Act. That Act already sets up a framework for reviewing patient safety incidents and learning from them. The government says the amendments will improve how health care incidents are reviewed, strengthen collaboration, make reviews more consistent, and improve transparency for patients and families. Nobody is going to stand up and oppose that. But a bill is not judged by what it intends. It is judged by what it does.

So I want to put some questions to the minister. What specific problem is this bill trying to fix? Are incident reviews not happening now? Are the lessons not being shared? Are patients not being told? Are the health authorities ignoring recommendations? We raised this at the briefing on the bill. Those answers are not clearly provided.

Legislative change should follow a demonstrated gap. The government has not put forward data showing a systemic failure under the current law. Without that, we are legislating in search of a problem rather than solving one. Diagnosis before treatment.

The biggest change here is a new body, the New Brunswick Quality of Care and Patient Safety Advisory Committee, established and maintained by the minister. On paper, who could oppose expert advice on patient safety? Here is where I would slow down. Health care professionals in this province already answer to Horizon Health Network, Vitalité Health Network, professional regulatory colleges, accreditation bodies, internal quality review committees, and patient advocacy offices. Is this improving outcomes? Is it another layer? Which of those bodies gets wound up when this one starts? I don't know. Front-line workers already tell us they spend more and more of the day filling out forms instead of caring for patients. If this committee becomes one more reporting layer with no measurable improvement, we will have worsened the very system we set out to help."
v3_150,"Madam Speaker, I want to start by recognizing that this bill brings forward some long-overdue clarifications. It updates outdated language, replacing legal Latin with plain English. That might seem minor, but clarity matters. It also simplifies the processes for brewers and distillers to sell their products at what the bill calls ""approved farmers' markets"" — and I would like the minister to tell the committee who does the approving. Small producers in New Brunswick have been asking for this. When a microbrewery or a craft distillery can connect directly with customers at the Saint Andrews farmers' market, the St. George market, or the market in St. Stephen, it helps drive tourism, encourages entrepreneurship, and strengthens local economies. I applaud that part of the bill.

The minister used the word ""modernization"" a few minutes ago. I'll use it too, but modernization should never come without scrutiny. This bill sets production caps: 500 000 L for brewers, and 75 000 L for distillers. That is when they are ""operating as agents under the New Brunswick Liquor Corporation."" Those are the bill's words, not mine, and ""as agents"" is doing a great deal of work in that clause. Now, those sound like fair limits. Were these caps determined in consultation with our smaller producers or primarily with larger operators? Will this inadvertently favour those already established in the market, making it harder for start-ups to grow into the next tier?

We've seen this before, where well-intentioned changes to regulation end up benefitting those with deeper pockets and more connections, while small business owners struggle with compliance costs and licencing delays. Craft producers in St. Croix and elsewhere in New Brunswick, people who pour their life savings into starting a brewery or a distillery, say: We don't mind rules, but we just want fair ones.

This is my question for the government: How will fairness between small and large producers be ensured under this new licencing model?"
v3_151,"Madam Speaker, I'm delighted to announce that we have launched a new provincial website for the arts, culture, and creative industries in New Brunswick. It's called artsculturenb.ca, and it's here just in time for the holiday season. The site puts our artists, our artisans, and our cultural experiences in one place: a printmaker in Sackville, a fiddler with three dates before Christmas, a pottery studio that runs Saturday classes, a theatre company, a woman who carves birds. New Brunswickers looking for a gift, a show, or something to do on a Friday night can find it there and put their money into our creative sector at the same time. People working in the sector post their own events and creations to it. They don't need our permission and they don't need our help. I encourage everyone to visit artsculturenb.ca. This holiday season, let's shop local, celebrate our talent, and support the artists who make our province extraordinary. Thank you, Madam Speaker."
v3_152,"Madam Speaker, I rise today to recognize the enduring significance of the Battle of Vimy Ridge, fought on April 9, 1917, one of the defining moments in Canada's history. I am not a historian, and I would not pretend to be one in this House. But I know what the date means. Since 2006, the Vimy Foundation has been dedicated to raising awareness and educating Canadians about the battle, and this year's campaign marks the beginning of the lead-up to the 110th anniversary of the Battle of Vimy Ridge in 2027. As we approach Vimy Week, from April 2 to 9, I encourage all members of this House to wear the Vimy Pin. It is composed of four distinct colours, and it symbolizes the unity and sacrifice of the four Canadian divisions that fought together for the first time at Vimy Ridge. I had to be told that about the colours. Now I know. By wearing it, we honour their courage, their sacrifice, and the legacy they left behind, a legacy that helped define our nation. Thank you, Madam Speaker."
v3_153,"This approach lets the province put its own money and its own people back on the work only the province can do, and lets private practices handle the routine calls, because that is where the expertise already sits. We are not walking away. We want a model that is more modern, that lasts, and that lines up with how the rest of Canada does this, so that a farmer can still get a vet who knows what is coming at that farm now and in ten years. New Brunswick can build that model around what farms actually need, and the quality of the work does not have to drop to do it. We know the change is worrying people. In remote regions, producers are asking what a call will cost and who will answer it, and in several of those regions they were already waiting too long before we touched anything. So we are building a support program for private sector veterinarians. It will offset costs such as travel, so a producer in Restigouche can get the same visit as a producer twenty minutes from Sussex. What we have said so far has not settled every worry. It does show that we mean to fix these things case by case. The labs matter here. Our labs catch an emerging disease early, they stop an outbreak before it moves, and they keep the food supply safe, and every existing lab stays open through the whole transition so that no farmer and no veterinarian loses a day's work waiting on a result. We still have to agree on this, and I want to hear your opinions, your ideas, and your worries. This is a big change, and it will only work if the people it lands on decide to take part."
v3_154,"Bill 40 proposes significant amendments to the Health Quality and Patient Safety Act. That Act already establishes a framework for reviewing and learning from patient safety incidents. According to the government, the amendments aim to improve how health care incidents are reviewed, strengthen collaboration, enhance consistency and improve transparency for patients and families. Those are worthy objectives. No reasonable person opposes a system that learns better and communicates better with the families who need to hear from it.

But legislation is not judged by its intentions. It is judged by its consequences.

So, before we create new structures or grant new powers, what specific problem is this bill trying to address? The Act already provides a framework for patient safety reviews. What has failed? Are incident reviews not occurring? Are lessons not being shared? Are patients not being informed? These concerns were raised during the briefing on the bill, and rightfully so, because legislative changes ought to follow a demonstrated gap and the government has not put clear data in front of this House showing a systemic failure under the current law. Without that, we are legislating in search of a problem. Diagnosis comes before treatment.

Bill 40 also creates a New Brunswick Quality of Care and Patient Safety Advisory Committee, established and maintained by the minister. On paper that sounds fine. Who could oppose expert advice on patient safety?

Here is where we should slow down. Health care professionals in this province already operate within Horizon Health Network, Vitalite Health Network, professional regulatory colleges, accreditation bodies, internal quality review committees and patient advocacy offices, and every one of those structures generates paperwork that somebody in scrubs has to fill out at the end of a shift. Front-line workers are telling us they spend more time on forms than on patients. Are we improving outcomes, or are we adding bureaucracy? If this committee is one more reporting layer with nothing measurable behind it, we will have made the system worse. That is my worry."
v3_155,"Thank you very much, Mr. Speaker. I want to talk about labour relations in New Brunswick. Workers make their living inside those relations, and the economy of this province grows or stalls with them, so this matters to everyone in this Chamber. Over the last few years the Higgs government and the labour movement have fallen into a troubling pattern. The government has not sat down with workers and their representatives to talk and to bargain. It has legislated instead. Bill 23 in 2022. Bill 17 last fall. The essential service legislation this House debated in December 2019. Three separate times, this government settled a labour question inside the Legislative Assembly rather than at a table with New Brunswick workers sitting across from it. It did not consult the unions properly and it did not work with them, and the distance between this government and the people who do the work has widened every time. Each one of those bills was a chance the government let go by. The amendments to the Public Service Labour Relations Act were a chance. The change to the essential service legislation was a chance. Employers and employees have to trust one another to get anything done, and this government has spent that trust down to very little. Workers across the province feel it. Nurses feel it, snowplow operators feel it, the people who answer the phones at Service New Brunswick feel it, and so do the folks in the yards in Edmundston. They are disillusioned. Morale in the workforce has dropped, and our industries are less productive and worse off for it."
v3_156,"Madam Speaker, on October 24, in Newtown, we marked the 105th birthday of Ms. Laura Anderson. Laura is strong, she is vibrant, and she is still living independently in her own home. She held a valid driver's licence until just this past month, which is a bit over 88 years after she got her first one, and she was still taking short drives on the rural roads she knows so well. Laura and her late husband, Thomas, were true pioneers in this province's agricultural and tourism sectors. They were founding members of the Agricultural Museum of New Brunswick, and that museum has done as much as any body in this province to preserve our farming heritage. In 1967, Canada's centennial year, they opened New Brunswick's very first farm vacation experience. Families and travellers came from across the province and from around the world, and they kept coming for decades. Laura still shares her humour, her stories and her advice, whether or not you asked for it. Congratulations on 105 years, Laura, and thank you."
v3_157,"Too often the subsidies and the economic development incentives go to large corporations, not to the small and medium-sized businesses that create most of the local jobs in our communities. Put that money into the smaller shops and the wealth generated by economic activity stays here. It stays in the community that generated it.

The people who came to our sessions kept coming back to community economic development corporations. Residents buy community investment shares and put their money directly into a business down the road from them. Nova Scotia and Prince Edward Island have launched hundreds of enterprises this way — wind projects, a fish plant, community-based ventures, a bakery. If the province backed the model and promoted it, entrepreneurs here could use it too, and small places could hold onto the businesses they start.

The same people want the province to modernize how it thinks about energy. They are not asking for another large, high-risk megaproject. They want efficiency and renewables, spread across a lot of smaller bets. Set up an energy investment fund so a new technology can get to commercialization. Put a modest levy on electrical bills and dedicate it to efficiency and renewable projects. Run a Property Assessed Clean Energy program that pays for solar installations, battery storage, new windows, insulation, heat pumps. Households would pay less for power. Tradespeople would get skilled work. NB Power would face less of the long-term electrical demand it keeps warning us about.

Finally, citizens want the province to spend its own money closer to home. Government buys tens of millions of dollars of goods and services every year, and much of that currently goes to large corporations or to suppliers outside this province. Send even a small portion to local businesses, to cooperatives, to social enterprises, and you have created real opportunity in communities across New Brunswick. Hospitals, universities, schools, correctional facilities — they know what they will need to buy next year and the year after. Redirect a small share of those contracts on purpose and the money moves through the whole province."
v3_158,"Thank you, Madam Speaker. I rise today in sadness on the passing of Robert Hosford, beloved husband, father, pop pop, uncle, great-uncle, and friend. Robert passed away on Wednesday, November 12. I did not know him nearly as well as many of the people who will be in that room this week, and I am not going to pretend otherwise. But I know what his family has told me. He left behind a legacy of love, laughter, and adventure. He was a devoted family man and the cornerstone of his family, always putting their needs before his own. His love and support knew no bounds, and he was always there to lend a helping hand or offer a listening ear. I am told that warm smile and that infectious laugh could light up a room. His sense of humour could turn even the toughest day into a memorable moment. Robert was his family's biggest cheerleader, proudly supporting their endeavours and celebrating their success. Whether he was cheering on his favourite team or teaching a lesson, his passion for sports was only matched by his love for his family. Please join me in expressing condolences to Robert's family and friends. Thank you."
v3_159,"Madam Speaker, I want to recognize Nursing Home Without Walls. The program makes a real difference for seniors in our communities. Today it is partnered with Horizon Health Network at the Miramichi Regional Hospital, in the main lobby, from 7 a.m. to 2 p.m., giving seniors hands-on help to set up access to MyHealthNB, the secure online portal that lets a person view their own blood work and their own imaging results instead of waiting on a phone call or a letter in the mail. Staff will walk them through it. All you need is a Medicare card and an email address. That is it. Horizon staff verify who you are and give you the access code right there. No appointment. No registration. A senior who can see her own blood work is a senior who stays connected to her own health and stays independent longer. That is the point of it. Thank you, Madam Speaker."
v3_160,"Madam Speaker, I rise today with great satisfaction and deep gratitude. After years of waiting, the new bridge between Île Lamèque and Shippagan will be built. The Premier, Hon. Susan Holt, and the Minister of Transportation and Infrastructure, Hon. Chuck Chiasson, came to the region in February and made the announcement themselves. It was blowing sideways that morning, as it does. I thank them both. That announcement marks a turning point for our communities. The bridge will simplify travel, strengthen our connections with the rest of the province, and bring new economic opportunities to our people. On behalf of my constituents, I want to express our gratitude to everyone who played a role in making this important project happen. Wela'lin. Thank you, Madam Speaker."
v3_161,"Bill 40 proposes significant amendments to the Health Quality and Patient Safety Act. That Act already sets up a framework for reviewing and learning from patient safety incidents. According to the government, the amendments aim to improve how health care incidents are reviewed, strengthen collaboration, enhance consistency, and improve transparency for patients and families. Those are worthy objectives. No reasonable person opposes a system that learns better.

But legislation is judged by its consequences, not its intentions, and as we examine Bill 40 closely, several questions arise. Before we create new structures or grant new powers: what specific problem is this bill trying to address? The existing Act already provides a framework for patient safety reviews, so what has failed? Are incident reviews not occurring? Are lessons not being shared? Are patients not being informed? Are health authorities ignoring recommendations? These concerns were raised during the briefing, and rightfully so. Legislative changes should follow demonstrated gaps. The government has not presented clear data showing a systemic failure under the current law. Without that, we risk legislating in search of a problem rather than solving one.

One of the most significant changes is the creation of a New Brunswick Quality of Care and Patient Safety Advisory Committee, to be established and maintained by the minister. On paper this sounds reasonable. Who could oppose expert advice on patient safety?

Here is where prudence requires us to slow down. Health care professionals in this province already operate within multiple oversight structures: Horizon, Vitalite, the colleges, accreditation bodies, internal quality review committees, patient advocacy offices. I was at the Chalmers in February. The staff there did not ask me for another committee. They are already telling us they spend increasing amounts of time filling out forms instead of caring for patients. If this becomes another reporting layer without measurable improvement, we will have unintentionally worsened the very system we set out to protect."
v3_162,"Madam Speaker, I want to recognize the work of Nursing Home Without Walls. It makes a difference. Today the program is with Horizon Health Network at the Miramichi Regional Hospital, in the main lobby, from 7 a.m. to 2 p.m., helping seniors set up access to MyHealthNB, the secure online portal where a person can look at their own blood work and their own imaging results. Hands-on help. A senior needs two things to walk in there and come out with an account: a Medicare card and an email address. That is it. Horizon staff verify identity on the spot and hand over the access code. No appointment. No registration. This is what breaking down a barrier looks like, and it is how seniors in our communities stay connected to their own health information and stay healthy and independent where they live. Thank you, Madam Speaker."
v3_163,"Property owners pay the cost of assessment fee on the property tax bill, and that fee goes through Finance and Treasury Board. Property owners also pay charges through their local tax rates. So the same owner is paying twice, directly and indirectly. First, the Finance and Treasury Board cost of assessment fee printed on the tax bill. Second, the municipal taxes that are used to pay Service New Brunswick for assessment services.

Madam Speaker, most New Brunswickers do not know that. They look at the one visible charge on the bill and assume that is the entirety of the assessment cost. They do not realize that the municipality is paying Service New Brunswick as well.

I want to be absolutely clear about something. This motion does not criticize the work performed by Service New Brunswick. Assessment services are necessary. Municipalities require accurate assessments, and Service New Brunswick provides an actual service to municipalities and to rural districts. Finance and Treasury Board is not providing assessment services. Finance and Treasury Board is charging the cost of assessment fee directly through the property tax bill, and that is the charge this motion seeks to eliminate. After years of rising assessments and rising costs, the time has come to do it.

I brought my own notice with me. Mine went up somewhere around 11% to 12% in a single year, against 3% or so the year before that. That figure is off my kitchen table, not out of the department, and I would welcome the minister correcting it with the departmental number.

No homeowner asked for property values to surge. No senior on a fixed income requested that a modest house be reassessed at a dramatically higher value, and we all know that assessments have gone up in recent years. With COVID-19 and people moving to New Brunswick, home prices went up, and fair market value is a big factor in the assessment process. That is why the increase was what it was. Every time an assessment rises, the government's revenue from this fee rises with it. That creates a perception, and it is a troubling one: that government benefits financially from the very increases that keep a woman on a fixed income awake at two in the morning."
v3_164,"Employees must have at least 90 days of continuous employment to be eligible for the leave, which aligns with leave provisions in other provinces. Employees are required to inform their employer as soon as possible of their need for leave. Employers may also require reasonable medical documentation confirming that the employee is unable to work due to illness or injury. That is not a hurdle. It gives an employer some assurance and some predictability about who is coming back and when, and it keeps the leave from being something other than what this House intended it to be. Madam Speaker, this amendment is an important step forward. It strengthens protections for workers at a time when they are most vulnerable, and it does that while taking account of what workplaces across this province actually look like — a garage with four employees, a call centre with four hundred, a farm where the season does not wait for anybody's recovery. New Brunswick should be a place where people can live and work with dignity. No one should have to choose between their health and their job. This amendment addresses a clear gap in our legislation. It is a practical step. Thank you very much, Madam Speaker."
v3_165,"Thank you, Madam Speaker. The holiday season is nearly here, and I rise to talk about supporting our local businesses at the time of year when our communities are shining brighter than ever. Small businesses are the heartbeat of New Brunswick's economy. I mean the cafes and restaurants where neighbours gather, the boutiques and artisans that give our downtowns their character, the family-owned shops passed down through generations, and the local producers who remind us that world-class quality is made right here at home. They are not only storefronts. They are employers, they support their communities, and they are essential contributors to the economic development of this province.

When we choose to shop locally, particularly during the holidays, we are doing more than purchasing a gift. We are investing directly in our communities. For every dollar spent locally, more of that dollar stays right here in New Brunswick, creating jobs, supporting local supply chains and strengthening our regional economies. I'm not an economist, and I'm not going to stand here and put a number on that multiplier. But I saw the thing itself yesterday at the Premier's open house. So many vendors, and such a range of them. I spoke with one man who started his business when he was nine years old. Nine.

Well, that turnout told me two things. New Brunswickers want to buy local. And the talent in our small business community is remarkable. I encourage everyone to get out to the markets this season, visit the neighbourhood shops, find the artisans, and choose New Brunswick-made products and services. Choices big and small make a real difference, especially at this time of year. When we support local, we support the people who support us all year. I want to thank everyone who was out yesterday and took the time to speak with those vendors."
v3_166,"As New Brunswickers gather around their Christmas trees this year, they'll be exchanging more than just presents. They'll be swapping stories about how the Holt government has turned its promises into mere ornaments — sparkly, shiny, and completely hollow. First, there was the balanced budget promise, the one we were told would be delivered with fanfare and a drumroll. Instead, what do we have? A deficit under the tree. It's not even the gift that keeps on giving. It's the gift that keeps on taking. Then there's the carbon tax adjustor, a promise so simple it could have been done with the stroke of a pen. Instead, it's still there, adding to the prices of everything we buy every day. That's not the Christmas cheer we were hoping for. New Brunswickers have been promised a lot of things, and promises aren't just for the Christmas season. They're for the whole year. It's time they deliver. There's a fuel receipt sitting on the dash of my truck from Sunday afternoon. The adjustor is on it. It'll be on the next one too."
v3_167,"Madam Deputy Speaker, the treatment of nursing home workers under Premier Higgs' leadership was concerning. Taking them to court and suggesting that they relocate to Alberta for better wages was not only a failure in negotiation but a betrayal of the individuals who provide essential care to our vulnerable populations. I was not in the room for those talks. I have read the filings and I have spoken with two workers from the home in my riding, and that is the extent of what I know first-hand. One of them, a personal support worker with 22 years in, told me she had already looked up the flights. Then there was the 16-day school strike and the subsequent use of emergency orders to force workers back to work, which raised real questions about this government's commitment to meaningful dialogue and to the right to strike. Watering down binding arbitration, introducing scab-friendly legislation, and now this pension bill: the pattern erodes the foundation of workers' rights. I am not a labour lawyer. I do not know whether the arbitration change would survive a court challenge and I will not pretend that I do. What I do know is that the decisions made in this building land on the livelihoods of countless individuals and on the health of our communities. You will recall the unions expressing their vehement disagreement with the wage-freeze restriction mandate, the 0% wage mandate in the early years of this government. In the face of a global pandemic, our frontline workers were nothing short of heroes. The union leaders rightly asserted that these heroes deserved more than zeroes in their wage agreements. I have never had a better line handed to me, and I did not write it."
v3_168,"Thank you, Madam Speaker. Our government's economic development strategy is focused on one clear priority: building a stronger and more competitive New Brunswick that is a source of opportunities for people in this province. New Brunswick succeeds when our businesses succeed. When companies grow, reach new markets and invest in their operations, they create jobs and they pay for the public services families rely on. I will be honest with the House: I cannot predict the global economy, and I am not going to stand here and tell members I can. What I can tell you is what we are doing. The strategy builds on our existing strengths. It focuses on productivity, it supports innovation, and it helps New Brunswick companies compete in a global economy that keeps changing on us. It reinforces our commitment to attracting investment, to key sectors such as defence and mining, and to long-term sustainable growth. We are bringing departments together around shared priorities and measurable outcomes. This is not work government can do alone. I have learned that the hard way at more than one table. It needs industry, academia, communities across the province, and every member of this House. Early feedback from stakeholders has been positive, and what they mention is our focus on clarity, discipline and results. New Brunswick has what the world wants. We are competing to win, and when our economy grows, that pays for better services for New Brunswickers. Thank you, Madam Speaker."
v3_169,"Madam Speaker, the bill's aim is to make things easier, not to approve them. It is about removing barriers, and about making sure New Brunswick is prepared to move forward when the time comes. The proposal was drafted in consultation with several departments, including the Office of the Attorney General, Service New Brunswick, the Department of Post-Secondary Education, Training and Labour, and the Department of Indigenous Affairs. The NB Power Board of Directors will continue to oversee all security measures, so financial accountability and risk mitigation stay where they belong. The information will be used as the basis of the proposal submitted for government approval, and it will be reviewed before any authorization. Madam Speaker, the Mactaquac Life Achievement Project is a bold and necessary investment in our energy future, and this bill ensures we are prepared to meet its challenges with the flexibility, clarity, and confidence required. So I urge all members to support it, and to help us take the next step toward securing clean energy for New Brunswickers, today and for decades to come. That is what I am asking for this afternoon. One vote, and then the next step. The dam is out there on the river either way. Thank you, Madam Speaker."
v3_170,"Thank you, Madam Speaker. The holidays are on us and I want to talk about local business.

Small businesses are the heartbeat of New Brunswick's economy. Statistics Canada counts firms with fewer than 100 employees at about 98% of all employers in this country, and that share was already north of 97% a decade ago. Here that means the cafes and restaurants where neighbours gather, the boutiques and artisans who give our downtowns their character, the family-owned shops handed down through two and three generations, and the local producers who keep reminding us that world-class quality is made right here at home. These are not only storefronts. They are employers, they are community supporters, and they are a real part of the economic development of this province.

When we choose to shop locally, especially over the holidays, we are doing more than purchasing a gift. We are investing directly in our communities. For every dollar spent locally, more of that dollar stays right here in New Brunswick — jobs, local supply chains, the foundations under our regional economies. That ripple effect is powerful. It is what lets a small business grow, change and keep serving the community it cares about.

I was at the Premier's open house yesterday. The turnout was strong, stronger than I expected on a Wednesday, and the range of vendors was wide. I spoke to one vendor who started his business at nine years old. Nine. He has been at it longer now than some of the members in this Chamber have been in politics.

So explore the local markets this holiday season, visit the neighbourhood shops, find the artisans, buy New Brunswick-made. Choices big and small make a real difference, and when we support local shopping we support the people who support us all year. A special thank-you to everyone who was out yesterday and spoke to those vendors."
v3_171,"Madam Speaker, property owners pay the cost of assessment fee on the property tax bill. That bill comes through Finance and Treasury Board. But they also pay charges through their local tax rates. So the same owner pays twice. First, the Finance and Treasury Board cost of assessment fee, printed on the tax bill where anybody can see it; second, the municipal taxes that the municipality turns around and pays to Service New Brunswick for assessment services, which nobody sees at all.

Most people do not know that. They assume the visible charge is the whole cost. It is not.

Let me be clear about one thing. This motion does not criticize the work performed by Service New Brunswick. Assessment services are necessary. Municipalities require accurate assessments. The assessment system itself is important, and Service New Brunswick provides an actual service to municipalities and to rural districts, and I am not standing here to take a run at the people who do that work.

Finance and Treasury Board is not providing assessment services. It is charging the cost of assessment fee directly through property tax bills. That is the charge this motion would eliminate. Assessments have risen. Costs have risen. After years of both, the time has come.

People increasingly feel that the government financially benefits from circumstances ordinary citizens cannot control. No homeowner asked for property values to surge. No senior on a fixed income requested that their modest home be reassessed at a dramatically higher value. We all know — we all know — that assessments have gone up in recent years, and I said earlier why: COVID-19, people moving to New Brunswick, home prices climbing, and fair market value being a big factor in how the assessment is done. That is why there was such an increase.

Every time those assessments rise, the government revenue from this fee rises as well. That is troubling. It is the perception that government financially benefits from the same assessment increases that cause property owners stress and anxiety."
v3_172,"Mr. Speaker, Margaret Augustine and Lauren Beck of L'nui Menikuk — Indian Island First Nation — have written a cookbook, Mitji: Let's Eat! Mi'kmaq Recipes from Sikniktuk. It is an exceptional cultural contribution and I want to congratulate them for it today. The book stands as a testament to the rich heritage and the resilient spirit of the people of Mi'gma'gi. This is not just a cookbook. The recipes carry the historical knowledge and the lived experience of a community that has thrived on these lands for generations, and the authors take on gastrocolonialism directly: colonial policy reached into the kitchen and altered what a traditional Indigenous recipe was permitted to be. My copy has a broken spine already. Mr. Speaker, I invite all members to join me in congratulating Margaret Augustine and Lauren Beck for their commitment to preserving Indigenous culinary traditions."
v3_173,"Madam Speaker, I rise today with great satisfaction and deep gratitude. After years of waiting, the new, hoped-for bridge between Île Lamèque and Shippagan will be built. I thank the Premier, Hon. Susan Holt, and the Minister of Transportation and Infrastructure, Hon. Chuck Chiasson, for coming to the region in February and making that announcement, which marks a turning point for our communities. The bridge will simplify travel, strengthen our connections with the rest of the province, and bring new economic opportunities to our people. On behalf of my constituents, I want to express our gratitude to everyone who played a role in getting it this far.

There is a man in Petite-Rivière-de-l'Île who has driven that crossing to work every morning since 1987. In February he asked me whether he would still be driving when they open it. I told him probably. Thank you, Madam Speaker."
v3_174,"Madam Speaker, last September our government launched a universal breakfast program in all New Brunswick schools. Close to a year later, we are already seeing concrete results. I can tell members what is actually on the tables every morning: milk, eggs, bagels, apples, cheese, and, at one school I visited, a toaster that has already been replaced twice. Through our partnership with FeedNB, schools are able to offer healthy food, often bought from farms and businesses in their own area. Parents tell me the program saves them time and money. It takes the fight out of the morning. A child who has eaten will sit down and work; a child who has not will not, and every teacher in this House knows it. For many families, with the cost of living where it is, this is making a real difference. It is a concrete investment in our young people. Every child deserves to start the day on the right foot. Thank you, Madam Speaker."
v3_175,"Madam Speaker, I rise today with great satisfaction and deep gratitude. After years of waiting, the new, hoped-for bridge between Île Lamèque and Shippagan will be built. I'm going to say that one more time, because people back home have waited a long time to hear it: the bridge between Île Lamèque and Shippagan will be built. I thank the Premier, Hon. Susan Holt, and the Minister of Transportation and Infrastructure, Hon. Chuck Chiasson, for coming to the region in February and making that announcement, which marks a turning point for our communities. The bridge will simplify travel, strengthen our connections with the rest of the province, and bring new economic opportunities to our people. On behalf of my constituents — on behalf of my constituents — I want to express our gratitude to everyone who played a role in making this important project for our community happen. Thank you, Madam Speaker."
v3_176,"Madam Speaker, the month of March gives us an opportunity to pay tribute to social workers and to recognize the considerable importance of their work in New Brunswickers' lives. Offering care, advocacy, and support with empathy and respect, social workers are a source of healing, resilience, and hope. They transform lives and uplift communities with their dedication to dignity and human rights. Social workers play vital roles across many sectors, including addictions and mental health, children and youth in care, seniors, and women and gender equity. Within the Department of Social Development, over 600 social workers help New Brunswickers access long-term care and disability support and help protect children and seniors from abuse. They support foster families, advocate for vulnerable individuals, and ensure that vital services reach those in need. This National Social Work Month, we thank them for their compassion and their commitment to improving lives across New Brunswick. One of them, in Bathurst, spent last Thursday afternoon on the phone finding a bed for a man who had been sleeping in a stairwell. She found one. That is the job. Thank you, Madam Speaker."
v3_177,"Thank you, Madam Speaker. I rise today in sadness on the passing of Robert Hosford. He was a husband, a father, a pop pop, an uncle, a great-uncle and a friend, and he died on Wednesday, November 12. Robert loved his people, he made them laugh, and he took them along on whatever he was doing next. He was the cornerstone of that family and he put what they needed ahead of what he needed. There was no limit to it. If you needed a hand, Robert gave you one. If you needed someone to listen, he sat down and listened. That warm smile could light up a room, and so could the laugh. He could turn the toughest day into a day somebody remembers. Robert was his family's biggest cheerleader, proud of what they took on and loud about what they pulled off. He loved his teams, and he loved teaching a lesson, and only his family came ahead of that. Please join me in expressing condolences to Robert's family and his friends. Thank you."
v3_178,"As New Brunswickers gather around their Christmas trees this year, they'll be exchanging more than just presents. They'll be swapping stories about how the Holt government has turned its promises into mere ornaments — sparkly, shiny, and completely hollow. Hollow. I'll say that one again: completely hollow. First, there was the balanced budget promise, the one we were told would be delivered with fanfare and a drumroll. Instead, what do we have? A deficit under the tree. It's not even the gift that keeps on giving. It's the gift that keeps on taking. Then there's the carbon tax adjustor — a promise so simple it could have been done with the stroke of a pen. With the stroke of a pen. That's all it needed. Instead, it's still there, still adding to the prices of everything we buy every day. That's not the Christmas cheer we were hoping for. New Brunswickers have been promised a lot of things. This government needs to realize that promises aren't just for the Christmas season. They're for the whole year. It's time they deliver."
v3_179,"Thank you, Madam Speaker. Our government's economic development strategy is focused on one priority: building a stronger and more competitive New Brunswick that is a source of opportunity for people in this province. New Brunswick succeeds when our businesses succeed. A company that grows, reaches a new market, or invests in its own operations hires people, and those wages pay for the public services families rely on every single day.

The strategy builds on our existing strengths. It focuses on improving productivity, supporting innovation, and helping New Brunswick companies compete in a global economy that changes month to month. It reinforces our commitment to attracting investment, to strengthening key sectors such as defence and mining, and to long-term sustainable growth.

Productivity is where the gap sits. Statistics Canada has this province's output per hour below the national figure, and it was below it a decade ago too. That is the number I want moving, and I want it measured against Nova Scotia's, not against our own past. Defence and mining are two sectors, not twelve. We named two because a province this size that names twelve has named none.

We are taking a coordinated and accountable approach that brings departments together around shared priorities and outcomes somebody can actually measure. This is not work the government can do alone. It needs industry, the universities and the colleges, communities, and every member of this House. Early feedback from stakeholders has been positive, and what they keep naming back to us is our focus on clarity, discipline, and results.

New Brunswick has what the world wants. Thank you, Madam Speaker."
v3_180,"Thank you very much, Madam Speaker. Madam Speaker, I was deeply saddened to learn of the passing of Hon. Mark McLane, Prince Edward Island's Minister of Health and Wellness. His dedication to public service and his commitment to improving the lives of Islanders leave a lasting legacy. Mark served with integrity and compassion throughout his time in government, and with a genuine desire to strengthen the province's health system and support his community. Anyone who dealt with him on the Island files knows that. His contributions in public office and beyond will be remembered and appreciated for years to come. My heartfelt condolences go out to Mark's family, to his friends and colleagues, and to all Islanders who were touched by his work and his leadership. Cross at Cape Jourimain and you're in his province inside of ten minutes. He will be greatly missed. Thank you, Madam Speaker."
v3_181,"Thank you, Madam Speaker. Before I read the motion, I want to answer the member opposite, who said a moment ago that transportation is “already in the mandate letter.” It is not in the mandate letter. That is the whole reason I am on my feet.

WHEREAS the 2017 report From Surfaces to Services identified the critical need for a comprehensive, coordinated approach to improving public transportation across the province, yet no meaningful action has been taken; WHEREAS appointing a Minister responsible for public transportation would provide the leadership, coordination and accountability needed to develop, fund and integrate public transportation services throughout New Brunswick; BE IT THEREFORE RESOLVED that the Legislative Assembly urge the Premier to give the Minister of Transportation and Infrastructure a mandate for public transportation; BE IT FURTHER RESOLVED that the Legislative Assembly urge the government to allocate the resources and funding necessary to support the New Brunswick Transportation Authority to create and implement a public transportation strategy.

Eight years, Madam Speaker. From Surfaces to Services is still on the shelf."
v3_182,"Mr. Speaker, today I want to congratulate Margaret Augustine and Lauren Beck. They are from L'nui Menikuk, also known as Indian Island First Nation, and their recent cookbook is called Mitji — Let's Eat!: Mi'kmaq Recipes from Sikniktuk. It is exceptional. It stands as a testament to the rich heritage and the resilient spirit of the people of Mi'gma'gi, because the recipes in it come enriched with the historical knowledge and the lived experience of a community that has thrived on these lands for generations. This is not just a cookbook. Through their work the authors have addressed the profound impacts of gastrocolonialism, which is to say the way colonial policies altered traditional Indigenous recipes. Read it. Mr. Speaker, I invite all members to join me in congratulating Margaret Augustine and Lauren Beck for their commitment to preserving Indigenous culinary traditions."
v3_183,"Madam Speaker, our government has presented the 2026-27 capital budget, a historic budget of $1.47 billion, $200 million more than last year. It is the largest capital budget that has ever been tabled in our province. The member opposite said yesterday that this is ""money out the door with no plan."" Those were his words, and I would ask him to look at where the money actually goes. Most of the investment is allocated to the Department of Transportation and Infrastructure, to improve our roads, bridges, ferries and other essential infrastructure. The health care sector will also see significant investment, to modernize our medical equipment and to renovate our hospitals. In education, the capital budget includes building new schools in Shediac and Moncton and upgrading several institutions elsewhere in the province. When the capital estimates come before the Committee of Supply, the member can put every one of those lines to the minister, item by item. These investments are essential to deal with the backlog caused by years of underinvestment. They show our commitment to safety, to quality of life and to the future of our communities. Thank you, Madam Speaker."
v3_184,"Thank you, Madam Speaker. Our government's economic development strategy has one priority: a stronger, more competitive New Brunswick that gives the people who live here opportunities. New Brunswick succeeds when our businesses succeed. When a company grows, reaches new markets, and puts money back into its operations, it hires people, it holds a community together, and it pays for the public services families rely on every single day. The strategy builds on what we already have. We want our companies to be more productive, we want them to innovate, and we want them to win against anybody in a global economy that changes month to month. We will keep chasing investment. We will keep pushing on defence and mining. We will keep building for the long term. Departments will work off the same list of priorities and be measured against the same outcomes. The government cannot do this alone. We need industry, we need the universities and the community colleges, we need towns and villages across the province, and we need every member in this House. Stakeholders have told us early on that they like what they see: we have been clear, we have held the line, and we have shown them results. New Brunswick has what the world wants. We are competing to win, so that businesses can grow, communities can thrive, and opportunities open up across the province. When our economy grows, we can pay for better services and a more prosperous future for all New Brunswickers. Thank you, Madam Speaker."
v3_185,"So the province keeps its own veterinarians on the files only the province can handle, and private clinics take the routine calls. We are not walking away. We are building the model that most of the country already runs, so a farmer can still get a vet out to the barn this year and in ten years. New Brunswick can shape it around what farms here actually need and still hold the quality up.

I know the rollout is worrying people. Up in Restigouche, out on the Acadian Peninsula, past Plaster Rock, getting a vet to the door was already hard, and now producers are asking what it will cost and who will come. That is why we are putting together a support program for private-sector veterinarians. Part of it is meant to cover costs like travel, so a producer four hours from a clinic can still get the visit.

I would not tell you the answers we have given have settled anybody's mind. They have not. What they show is that we mean to find something that works farm by farm.

The labs are a piece of this too. They are the ones who catch a new disease early, before it moves through a herd, and they do the food-safety testing a processor cannot ship without. Through the transition, the existing labs stay open and stay staffed. Nobody's samples sit in a queue somewhere.

We need people onside for this. I want to hear from the producers, from the vets, from the people who have written to my office and told me flatly that they think we are wrong. We can get the money side and the quality side right at once. It is a big change and it only works if people come to it willing."
v3_186,"I want to start by recognizing that this bill brings forward some long-overdue clarifications. It updates outdated language, replacing legal Latin with plain English. That might seem minor, but clarity matters. I'll say that again: clarity matters. It also simplifies the processes for brewers and distillers to sell their products at approved farmers' markets, something that small producers in New Brunswick have been asking for. The ability of a microbrewery or craft distillery to connect directly with customers at a local market, whether it's the Saint Andrews farmers' market, the St. George market, or the market in St. Stephen, helps drive tourism, encourages entrepreneurship, and strengthens local economies. I applaud that part of the bill, Madam Speaker. It recognizes the growth of a sector that has truly taken off here in New Brunswick. That said, modernization should never come without scrutiny. This bill sets production caps for breweries and distilleries: 500 000 L for brewers, and 75 000 L for distillers. That's when they are operating as agents under the New Brunswick Liquor Corporation. Now, those sound like fair limits, but we need to ask: Were these caps determined in consultation with our smaller producers or primarily with larger operators? Will this inadvertently favour those already established in the market, making it harder for start-ups to grow into the next tier? We've seen this before — we've seen this before — where well-intentioned changes to regulation end up benefitting those with deeper pockets and more connections, while small business owners struggle with compliance costs and licencing delays. Craft producers in St. Croix and elsewhere in New Brunswick, people who pour their life savings into starting a brewery or a distillery, say: We don't mind rules, but we just want fair ones. We don't mind rules, but we just want fair ones. That is what they told me, and I am repeating it word for word. This is my question for the government: How will fairness between small and large producers be ensured under this new licencing model?"
v3_187,"Madam Speaker, I'd like to recognize the work of Nursing Home Without Walls, which continues to make a real difference in the lives of seniors in our communities. Today, Nursing Home Without Walls is partnering with Horizon Health Network to offer seniors hands-on assistance with setting up access to MyHealthNB, a secure online portal that allows individuals to view their own blood work and imaging results. Staff will be on-site at the Miramichi Regional Hospital, in the main lobby, today from 7 a.m. to 2 p.m., ready to walk seniors through the steps. All that is required is a Medicare card and an email address to create an account. Horizon staff will verify identity and provide the access code on the spot, with no appointment or registration needed. A senior who does this today will not have to phone anybody to find out their own results. Main lobby, Miramichi Regional Hospital, until 2 p.m. Bring the card. Thank you, Madam Speaker."
v3_188,"Thank you, Madam Speaker. I am pleased to welcome members of the New Brunswick Psychiatric Association, who are joining us in the gallery today. Among our guests are members of the association's board of directors. Their work is essential to the mental health and well-being of New Brunswickers. I will say that again: essential. The association's continued collaboration with the Department of Health is helping to strengthen our system of care, and I look forward to sharing more on that a little later today. Thank you, Madam Speaker."
v3_189,"Mr. Speaker, this government took nursing home workers to court. I want to say that again, because I think people at home stopped believing it when they heard it the first time. This government took nursing home workers to court, and the Premier told them to go to Alberta if they wanted better wages.

His offer was 10.5 cents an hour. Ten and a half cents an hour. That is what the people who bathe and feed our parents were worth to him at the table.

Then came binding arbitration with conditions. Conditions. Attach conditions and you have not agreed to arbitration, you have written the answer in advance, and that is a way of never dealing with what those workers came to say.

The words to the protesters were, ""if you want that kind of wage, then Alberta's where to get it."" I repeat — ""Alberta's where to get it."" That was said out loud, in this province, to New Brunswickers doing that work.

And then he told us fair wages will not fix the staffing shortage in our nursing homes. A fair wage is justice for the worker, and it is also how you keep one. He never treated any of it as urgent.

His responsibility is to the people of New Brunswick. Not to Alberta. To the people of New Brunswick."
v3_190,"Thank you, Madam Speaker. WHEREAS the 2017 From Surfaces to Services report identified the critical need for a comprehensive, coordinated approach to improving public transportation across the province, yet no meaningful action has been taken — and I am going to say that one more time, because it is the entire motion: no meaningful action has been taken; WHEREAS appointing a Minister responsible for public transportation would provide the leadership, coordination and accountability needed to develop, fund and integrate public transportation services throughout New Brunswick; BE IT THEREFORE RESOLVED that the Legislative Assembly urge the Premier to give the Minister of Transportation and Infrastructure a mandate for public transportation; BE IT FURTHER RESOLVED that the Legislative Assembly urge the government to allocate the resources and funding necessary to support the New Brunswick Transportation Authority to create and implement a public transportation strategy.

A mandate. That is what we are asking for. A mandate."
v3_191,"Thank you, Madam Speaker. Up in the gallery today are members of the New Brunswick Psychiatric Association, and several of them sit on that association's Board of Directors. They are welcome here. These are people who see New Brunswickers on the worst days those people will ever have, and the work they do holding up mental health and well-being in this province is not work the system could do without. It is essential. The association keeps working with the Department of Health, and that is strengthening our system of care. I will have more to say about that later today. Thank you. Thank you, Madam Speaker."
v3_192,"Bill 40 amends the Health Quality and Patient Safety Act, which already sets out how we review patient safety incidents and learn from them. The government says the amendments will improve those reviews, strengthen collaboration, make things more consistent and improve transparency for patients and families. I am not going to argue against any of that. But a bill gets judged on what it does, not on what it hoped to do.

Now, I am not a clinician. I have never sat on a quality review committee and I would not pretend to know how one runs from the inside. What I can read is the bill, and what I keep looking for in it is the problem. The existing Act already provides the framework. So what failed? At the briefing those questions were asked and they were fair ones. The government has not shown us data on a systemic failure under the current law. Without that we are legislating in search of a problem.

The largest change is the New Brunswick Quality of Care and Patient Safety Advisory Committee, established and maintained by the minister. On paper, fine. Who opposes expert advice?

But slow down. Professionals here already answer to Horizon, to Vitalité, to their colleges, to accreditation bodies, to internal quality review committees, to the patient advocate. I asked a nurse in Sussex in February how many separate incident forms she fills out and she started counting on her fingers and gave up at four. That is the answer I keep getting.

So I don't know whether this committee improves an outcome or adds a layer. I would like to be convinced. If it becomes one more place to file a report and nothing measurable changes, we will have added weight to a system that is already carrying too much of it, and the people who feel that weight are not in this Chamber."
v3_193,"Madam Speaker, the Act as written says the executive committee has no quorum unless the deputy head whose mandate has a direct impact on the economy is present. That person, or their delegate, is a non-voting member. The idea was economic alignment across government. What it has produced is scheduling trouble and delayed decisions whenever that deputy head cannot be there.

The amendment before the House is straightforward. Quorum becomes a simple majority of voting members present.

Members are entitled to ask what this costs us. How many meetings has the current rule actually lost us in the past two years? Three? A dozen? Is that even the thing holding this committee back? I do not have those numbers in front of me today.

What I can tell members is what the amendment does not do. It does not alter the composition of the executive committee. It does not alter the participation of the deputy head whose mandate has a direct impact on the economy. That individual remains a valued contributor to the committee's work.

We made the same change for the board of directors in 2021, when the ""quorum"" definition in this Act was simplified for the board. This brings the two into line.

The committee will be able to meet and conduct its business without unnecessary disruption. In a fast-paced economic environment, the ability to act swiftly and effectively matters. Opportunities New Brunswick will be better positioned to deliver programs, to respond to emerging opportunities, and to keep supporting the businesses that drive our province's growth.

It is an administrative change. It will matter to the operation of that committee. I encourage all members to support it. Thank you, Madam Speaker."
v3_194,"Let me be straight with the House. I am not a veterinarian, and I have never had to call one out at two in the morning for a calving gone wrong. So I have done a lot of listening on this file. This approach allows public resources to be refocused on their core mission while leveraging the expertise of the private sector for the delivery of routine care. We are not withdrawing. The goal is a more modern and sustainable model, aligned with Canadian best practices, so that veterinary services stay robust and are adapted to current and future challenges. The modernization will enable New Brunswick to build a model that can meet the specific needs of farms while guaranteeing high-quality services. I will admit that we did not get ahead of the concerns the implementation has caused. For remote regions there are real challenges concerning the quality and the cost of services, and in several of those regions access was already a considerable challenge before any of this began. A producer in Kent County told me last month that he waited eleven hours. That is why a support program for private sector veterinarians is being developed. One of its objectives is to help offset certain costs, like travel expenses, so that producers from all regions can continue to get the services they need. The responses that have been provided do not mean all the worries have been cleared up. I don't think they have. But they underscore our commitment to finding concrete solutions tailored to each situation. Laboratory services are a key part of the transition. They do the early detection of emerging diseases, they prevent health crises, and they underpin food safety, and the existing laboratories will remain fully operational throughout, so that no farmer's or veterinarian's work is disrupted. We still need consensus around what we are proposing, and its success will depend in large part on cooperation and on people choosing to take part with an open mind. I am still open to hearing your opinions, your ideas, and your worries. I have already changed my mind on one part of this."
v3_195,"I want to start by recognizing that this bill brings forward some long-overdue clarifications. It updates outdated language, replacing legal Latin with plain English. That might seem minor, but clarity matters. It also simplifies the processes for brewers and distillers to sell their products at approved farmers' markets, something small producers in New Brunswick have been asking for. A microbrewery or a craft distillery that can sell straight to customers at the Saint Andrews farmers' market, the St. George market, or the market in St. Stephen — the St. George one runs Saturday mornings — helps drive tourism, encourages entrepreneurship, and strengthens local economies. I applaud that part of the bill, Madam Speaker. It recognizes a sector that has truly taken off here in New Brunswick.

That said, modernization should never come without scrutiny. The caps are in the bill's own text: 500 000 L for brewers, 75 000 L for distillers, and that is when they are operating as agents under the New Brunswick Liquor Corporation. Put the two side by side. The brewers' ceiling is somewhere between six and a half and seven times the distillers'. And neither figure is set against anything — not against the agency limit that applies today, not against what the average craft producer in this province actually put out last year. The Corporation has those production numbers. This House does not.

So those sound like fair limits right up until you ask who they fit. Were these caps determined in consultation with our smaller producers, or primarily with larger operators? Will this inadvertently favour those already established in the market, making it harder for start-ups to grow into the next tier? We've seen well-intentioned changes to regulation end up benefitting those with deeper pockets and more connections, while small business owners struggle with compliance costs and licencing delays.

Craft producers in St. Croix, people who pour their life savings into starting a brewery or a distillery, say: We don't mind rules, but we just want fair ones. This is my question for the government: How will fairness between small and large producers be ensured under this new licencing model?"
v3_196,"Mr. Speaker, today I want to congratulate two remarkable authors, Margaret Augustine and Lauren Beck of L'nui Menikuk, also known as Indian Island First Nation, on their recent cookbook, Mitji— Let's Eat!: Mi'kmaq Recipes from Sikniktuk. It is a testament to the rich heritage and the resilient spirit of the people of Mi'gma'gi. This is not just a cookbook, Mr. Speaker. The recipes carry the historical knowledge and the lived experience of a community that has thrived on these lands for generations, and the authors do not stop at the food — they address the profound impacts of gastrocolonialism, which is to say how colonial policies altered traditional Indigenous recipes. That took work. Mr. Speaker, I invite all members to join me in congratulating Margaret Augustine and Lauren Beck for their commitment to preserving Indigenous culinary traditions."
v3_197,"Thank you, Madam Speaker. The bill on long-term illness and injury leave protects workers, and it is an essential step forward. A person who gets sick should not have to pick between getting better and paying the mortgage. Again, Madam Speaker, this is not an ordinary bill. It is a concrete commitment to our people. A worker can take up to 27 weeks of protected leave and come back to the same position or an equivalent job. That means the employer holds the spot, the family keeps the paycheque coming as best it can, and nobody comes back to find their name off the schedule. The bill updates our employment standards so they match how people actually live: a diagnosis, a treatment schedule, a spouse doing the driving, a kid who still has to get to school. Madam Speaker, we bring in legislation like this to stand behind people when they are sick, when they are hurting, and when they are being treated unfairly. These are not housekeeping measures."
v3_198,"Madam Speaker, I rise today with great satisfaction and deep gratitude. After years of waiting, the new, hoped-for bridge between Île Lamèque and Shippagan will be built. I thank the Premier, Hon. Susan Holt, and the Minister of Transportation and Infrastructure, Hon. Chuck Chiasson, for coming to the region in February and making that announcement, which marks a turning point for our communities. The bridge will simplify travel, strengthen our connections with the rest of the province, and bring new economic opportunities to our people. On behalf of my constituents, I want to express our gratitude to everyone who played a role in making this important project for our community happen. There was a man at the announcement in February with a photo of the old bridge in his coat pocket. He'd been carrying it around for years. He didn't say anything. He just showed it to me. Thank you, Madam Speaker."
v3_199,"Thank you, Mr. Speaker. Well, I should say at the start that I am not an epidemiologist and I have not read every line of the Public Health Act. I have read the parts my staff flagged for me. That is honest.

But I lived through the same three years everybody in this Chamber did, and I saw what the pandemic did to our communities, our families, and our economy. So I am proposing a resolution calling on the government to take immediate action, before the next one.

Here is what I do understand. The Act is the cornerstone of the province's response and it is badly out of date. It says nothing about RSV. There is no mechanism in it for Public Health to add an illness to the ones it tracks — I asked about that in November and the letter I got back did not answer the question.

Now, readiness costs money: public health infrastructure, resources, personnel. I don't know what the number is. I know we did not have enough nurses in 2020 and I know we have fewer now.

And the response has to reach the people it missed. Seniors, people with underlying conditions, marginalized communities — they were hit hardest, and a strategy has to be built for their circumstances or it is not a strategy. My own mother waited nine days for a result in Fredericton, and she has a family doctor. Think about somebody who doesn't.

We should also be running education and awareness campaigns now, while nobody is frightened, because that is when people actually listen.

I ask all members to support the resolution."
