file,source,chamber,stratum,arm,seg_id,date,speaker,n_words,genre,regime_flag,pangram,fraction_ai,version,prior_p3
ansctl000,expansion,NSW,ctl,chamber,NSWLA2019-10-16#t282w0,2019-10-16,Mr PAUL SCULLY,192,,,Human,0.0,4.0,
ansctl001,expansion,NSW,ctl,chamber,NSWLA2016-05-05#t27w0,2016-05-05,Mr JOHN SIDOTI,314,,,Human,0.0,4.0,
ansctl002,expansion,NSW,ctl,chamber,NSWLA2010-08-31#t54w0,2010-08-31,Mr MICHAEL DALEY,307,,,Human,0.0,4.0,
ansctl003,expansion,NSW,ctl,chamber,NSWLA2008-06-05#t51w0,2008-06-05,Mr ALLAN SHEARAN,310,,,Human,0.0,4.0,
ansctl004,expansion,NSW,ctl,chamber,NSWLA2007-10-26#t19w0,2007-10-26,Mr GRANT McBRIDE,359,,,Human,0.0,4.0,
ansctl005,expansion,NSW,ctl,chamber,NSWLA2019-10-23#t230w0,2019-10-23,Ms JANELLE SAFFIN,226,,,Human,0.0,4.0,
ansctl006,expansion,NSW,ctl,chamber,NSWLA2008-11-28#t5w11,2008-11-28,Mr MICHAEL RICHARDSON,212,,,Human,0.0,4.0,
ansctl007,expansion,NSW,ctl,chamber,NSWLA2015-10-22#t188w0,2015-10-22,Mr LEE EVANS,282,,,Human,0.0,4.0,
ansctl008,expansion,NSW,ctl,chamber,NSWLA2006-10-27#t2w0,2006-10-27,Mr NEVILLE NEWELL,313,,,Human,0.0,4.0,
ansctl009,expansion,NSW,ctl,chamber,NSWLA2017-03-30#t167w2,2017-03-30,Mr ALEX GREENWICH,171,,,Human,0.0,4.0,
ansctl010,expansion,NSW,ctl,chamber,NSWLA2006-09-27#t26w0,2006-09-27,Mr ALEX McTAGGART,319,,,Human,0.0,4.0,
ansctl011,expansion,NSW,ctl,chamber,NSWLC2008-06-25#t180w2,2008-06-25,Mr IAN COHEN,331,,,Human,0.0,4.0,
ansctl012,expansion,NSW,ctl,chamber,NSWLC2018-10-18#t34w0,2018-10-18,The Hon. JOHN GRAHAM,298,,,Human,0.0,4.0,
ansctl013,expansion,NSW,ctl,chamber,NSWLA2008-04-01#t109w0,2008-04-01,Mr JOHN AQUILINA,134,,,Human,0.0,4.0,
ansctl014,expansion,NSW,ctl,chamber,NSWLA2019-11-13#t22w1,2019-11-13,Ms FELICITY WILSON,300,,,Human,0.0,4.0,
ansctl015,expansion,NSW,ctl,chamber,NSWLA2009-12-02#t118w0,2009-12-02,Mr GREG SMITH,292,,,Human,0.0,4.0,
ansctl016,expansion,NSW,ctl,chamber,NSWLC2010-12-02#t110w1,2010-12-02,The Hon. ROBYN PARKER,162,,,Human,0.0,4.0,
ansctl017,expansion,NSW,ctl,chamber,NSWLA2007-05-30#t81w1,2007-05-30,Mr ANDREW FRASER,205,,,Human,0.0,4.0,
ansctl018,expansion,NSW,ctl,chamber,NSWLA2009-09-02#t8w9,2009-09-02,Mr KEVIN HUMPHRIES,308,,,Human,0.0,4.0,
ansctl019,expansion,NSW,ctl,chamber,NSWLA2017-06-21#t170w1,2017-06-21,Mr CHRIS PATTERSON,309,,,Human,0.0,4.0,
ansctl020,expansion,NSW,ctl,chamber,NSWLC2009-06-04#t98w0,2009-06-04,The Hon. IAN MACDONALD,160,,,Human,0.0,4.0,
ansctl021,expansion,NSW,ctl,chamber,NSWLC2009-03-11#t111w2,2009-03-11,The Hon. KAYEE GRIFFIN,208,,,Human,0.0,4.0,
ansctl022,expansion,NSW,ctl,chamber,NSWLA2017-11-16#t0w9,2017-11-16,Mr MATT KEAN,327,,,Human,0.0,4.0,
ansctl023,expansion,NSW,ctl,chamber,NSWLA2006-03-02#t2w3,2006-03-02,Mr PAUL LYNCH,347,,,Human,0.0,4.0,
ansctl024,expansion,NSW,ctl,chamber,NSWLA2017-08-08#t155w3,2017-08-08,Ms YASMIN CATLEY,284,,,Human,0.0,4.0,
ansctl025,expansion,NSW,ctl,chamber,NSWLA2007-10-18#t2w1,2007-10-18,Mr GREG SMITH,309,,,Human,0.0,4.0,
ansctl026,expansion,NSW,ctl,chamber,NSWLA2015-08-05#t239w0,2015-08-05,Mr ADAM CROUCH,272,,,Human,0.0,4.0,
ansctl027,expansion,NSW,ctl,chamber,NSWLC2009-03-24#t89w0,2009-03-24,The Hon. MICHAEL GALLACHER,254,,,Human,0.0,4.0,
ansctl028,expansion,NSW,ctl,chamber,NSWLA2018-08-08#t151w0,2018-08-08,Mr GREG APLIN,331,,,Human,0.0,4.0,
ansctl029,expansion,NSW,ctl,chamber,NSWLA2015-09-09#t211w1,2015-09-09,Mr CLAYTON BARR,346,,,Human,0.0,4.0,
ansctl030,expansion,NSW,ctl,chamber,NSWLC2017-03-29#t157w2,2017-03-29,The Hon. PETER PRIMROSE,231,,,Human,0.0,4.0,
ansctl031,expansion,NSW,ctl,chamber,NSWLA2019-11-14#t178w0,2019-11-14,Ms WENDY LINDSAY,261,,,Human,0.0,4.0,
ansctl032,expansion,NSW,ctl,chamber,NSWLC2007-05-30#t86w1,2007-05-30,The Hon. TREVOR KHAN,340,,,Human,0.0,4.0,
ansctl033,expansion,NSW,ctl,chamber,NSWLC2015-10-15#t28w0,2015-10-15,The Hon. TREVOR KHAN,224,,,Human,0.0,4.0,
ansctl034,expansion,NSW,ctl,chamber,NSWLA2015-06-24#t3w2,2015-06-24,Mr DAMIEN TUDEHOPE,321,,,Human,0.0,4.0,
ansctl035,expansion,NSW,ctl,chamber,NSWLC2017-05-25#t53w2,2017-05-25,The Hon. JOHN GRAHAM,152,,,Human,0.0,4.0,
ansctl036,expansion,NSW,ctl,chamber,NSWLA2010-05-11#t160w1,2010-05-11,Mr ROB STOKES,274,,,Human,0.0,4.0,
ansctl037,expansion,NSW,ctl,chamber,NSWLA2015-08-12#t230w1,2015-08-12,Ms JODI McKAY,167,,,Human,0.0,4.0,
ansctl038,expansion,NSW,ctl,chamber,NSWLA2008-02-26#t157w7,2008-02-26,Mr ANDREW FRASER,348,,,Human,0.0,4.0,
ansctl039,expansion,NSW,ctl,chamber,NSWLA2007-11-30#t4w5,2007-11-30,Mr BARRY COLLIER,345,,,Human,0.0,4.0,
ansctl040,expansion,NSW,ctl,chamber,NSWLA2015-06-25#t271w1,2015-06-25,Mr ROB STOKES,323,,,Human,0.0,4.0,
ansctl041,expansion,NSW,ctl,chamber,NSWLC2010-09-08#t0w2,2010-09-08,The Hon. DON HARWIN,348,,,Human,0.0,4.0,
ansctl042,expansion,NSW,ctl,chamber,NSWLC2009-09-02#t60w0,2009-09-02,The Hon. ERIC ROOZENDAAL,143,,,Human,0.0,4.0,
ansctl043,expansion,NSW,ctl,chamber,NSWLA2019-08-21#t258w0,2019-08-21,Mr ADAM CROUCH,142,,,Human,0.0,4.0,
ansctl044,expansion,NSW,ctl,chamber,NSWLC2007-12-05#t145w0,2007-12-05,Ms SYLVIA HALE,183,,,Human,0.0,4.0,
ansctl045,expansion,NSW,ctl,chamber,NSWLC2015-06-24#t129w0,2015-06-24,The Hon. DAVID CLARKE,123,,,Human,0.0,4.0,
ansctl046,expansion,NSW,ctl,chamber,NSWLA2009-09-02#t56w0,2009-09-02,Ms CARMEL TEBBUTT,263,,,Human,0.0,4.0,
ansctl047,expansion,NSW,ctl,chamber,NSWLC2007-11-08#t9w2,2007-11-08,Mr IAN COHEN,354,,,Human,0.0,4.0,
ansctl048,expansion,NSW,ctl,chamber,NSWLA2019-06-06#t42w0,2019-06-06,Mr JAMES GRIFFIN,359,,,Human,0.0,4.0,
ansctl049,expansion,NSW,ctl,chamber,NSWLA2006-03-29#t18w3,2006-03-29,Mr WAYNE MERTON,323,,,Human,0.0,4.0,
ansctl050,expansion,NSW,ctl,chamber,NSWLA2010-05-13#t186w0,2010-05-13,Mr GREG PIPER,240,,,Human,0.0,4.0,
ansctl051,expansion,NSW,ctl,chamber,NSWLA2006-05-23#t103w0,2006-05-23,Mr BARRY O'FARRELL,174,,,Human,0.0,4.0,
ansctl052,expansion,NSW,ctl,chamber,NSWLC2006-09-07#t47w1,2006-09-07,The Hon. IAN MACDONALD,329,,,Human,0.0,4.0,
ansctl053,expansion,NSW,ctl,chamber,NSWLA2007-06-08#t15w1,2007-06-08,Mrs KARYN PALUZZANO,225,,,Human,0.0,4.0,
ansctl054,expansion,NSW,ctl,chamber,NSWLA2018-04-10#t10w2,2018-04-10,Mr JAMES GRIFFIN,263,,,Human,0.0,4.0,
ansctl055,expansion,NSW,ctl,chamber,NSWLC2006-09-28#t105w3,2006-09-28,The Hon. JON JENKINS,312,,,Human,0.0,4.0,
ansctl056,expansion,NSW,ctl,chamber,NSWLC2010-05-12#t92w0,2010-05-12,The Hon. PETER PRIMROSE,355,,,Human,0.0,4.0,
ansctl057,expansion,NSW,ctl,chamber,NSWLA2015-09-17#t12w2,2015-09-17,Ms JO HAYLEN,306,,,Human,0.0,4.0,
ansctl058,expansion,NSW,ctl,chamber,NSWLC2015-08-26#t64w0,2015-08-26,The Hon. JOHN AJAKA,160,,,Human,0.0,4.0,
ansctl059,expansion,NSW,ctl,chamber,NSWLA2007-05-31#t34w2,2007-05-31,Mr WAYNE MERTON,243,,,Human,0.0,4.0,
aqlctl000,expansion,QLD,ctl,chamber,QLD2009-05-21#t43w0,2009-05-21,FRASER,356,,,Human,0.0,4.0,
aqlctl001,expansion,QLD,ctl,chamber,QLD2015-10-27#t36w1,2015-10-27,PITT,223,,,Human,0.0,4.0,
aqlctl002,expansion,QLD,ctl,chamber,QLD2017-06-15#t189w0,2017-06-15,PEARCE,325,,,Human,0.0,4.0,
aqlctl003,expansion,QLD,ctl,chamber,QLD2009-06-03#t180w0,2009-06-03,DOUGLAS,336,,,Human,0.0,4.0,
aqlctl004,expansion,QLD,ctl,chamber,QLD2017-06-15#t119w0,2017-06-15,EMERSON,356,,,Human,0.0,4.0,
aqlctl005,expansion,QLD,ctl,chamber,QLD2006-04-20#t142w0,2006-04-20,LANGBROEK,336,,,Human,0.0,4.0,
aqlctl006,expansion,QLD,ctl,chamber,QLD2007-02-08#t7w0,2007-02-08,BEATTIE,144,,,Human,0.0,4.0,
aqlctl007,expansion,QLD,ctl,chamber,QLD2015-05-20#t120w0,2015-05-20,EMERSON,336,,,Human,0.0,4.0,
aqlctl008,expansion,QLD,ctl,chamber,QLD2006-02-15#t161w2,2006-02-15,CALTABIANO,337,,,Human,0.0,4.0,
aqlctl009,expansion,QLD,ctl,chamber,QLD2008-03-13#t155w0,2008-03-13,SULLIVAN,360,,,Human,0.0,4.0,
aqlctl010,expansion,QLD,ctl,chamber,QLD2018-11-01#t127w2,2018-11-01,STUCKEY,324,,,Human,0.0,4.0,
aqlctl011,expansion,QLD,ctl,chamber,QLD2015-03-26#t10w1,2015-03-26,DONALDSON,305,,,Human,0.0,4.0,
aqlctl012,expansion,QLD,ctl,chamber,QLD2019-02-12#t147w1,2019-02-12,GILBERT,242,,,Human,0.0,4.0,
aqlctl013,expansion,QLD,ctl,chamber,QLD2015-07-16#t102w1,2015-07-16,LANGBROEK,337,,,Human,0.0,4.0,
aqlctl014,expansion,QLD,ctl,chamber,QLD2006-05-11#t154w0,2006-05-11,CARRYN SULLIVAN,244,,,Human,0.0,4.0,
aqlctl015,expansion,QLD,ctl,chamber,QLD2007-02-22#t104w1,2007-02-22,NICHOLLS,341,,,Human,0.0,4.0,
aqlctl016,expansion,QLD,ctl,chamber,QLD2016-02-18#t103w9,2016-02-18,McARDLE,320,,,Human,0.0,4.0,
aqlctl017,expansion,QLD,ctl,chamber,QLD2018-03-21#t109w2,2018-03-21,BATES,351,,,Human,0.0,4.0,
aqlctl018,expansion,QLD,ctl,chamber,QLD2007-06-06#t78w1,2007-06-06,BOYLE,127,,,Human,0.0,4.0,
aqlctl019,expansion,QLD,ctl,chamber,QLD2007-06-07#t201w0,2007-06-07,LANGBROEK,342,,,Human,0.0,4.0,
aqlctl020,expansion,QLD,ctl,chamber,QLD2008-12-04#t124w3,2008-12-04,LANGBROEK,199,,,Human,0.0,4.0,
aqlctl021,expansion,QLD,ctl,chamber,QLD2010-02-09#t116w1,2010-02-09,WILSON,337,,,Human,0.0,4.0,
aqlctl022,expansion,QLD,ctl,chamber,QLD2007-04-18#t45w0,2007-04-18,BEATTIE,165,,,Human,0.0,4.0,
aqlctl023,expansion,QLD,ctl,chamber,QLD2017-03-21#t178w10,2017-03-21,KATTER,352,,,Human,0.0,4.0,
aqlctl024,expansion,QLD,ctl,chamber,QLD2019-08-21#t19w0,2019-08-21,BAILEY,123,,,Human,0.0,4.0,
aqlctl025,expansion,QLD,ctl,chamber,QLD2016-05-24#t128w0,2016-05-24,BYRNE,339,,,Human,0.0,4.0,
aqlctl026,expansion,QLD,ctl,chamber,QLD2007-06-06#t97w2,2007-06-06,MESSENGER,343,,,Human,0.0,4.0,
aqlctl027,expansion,QLD,ctl,chamber,QLD2017-09-07#t112w0,2017-09-07,MOLHOEK,319,,,Human,0.0,4.0,
aqlctl028,expansion,QLD,ctl,chamber,QLD2006-04-21#t187w0,2006-04-21,LIDDY CLARK,343,,,Human,0.0,4.0,
aqlctl029,expansion,QLD,ctl,chamber,QLD2008-05-14#t154w1,2008-05-14,WELLINGTON,340,,,Human,0.0,4.0,
aqlctl030,expansion,QLD,ctl,chamber,QLD2009-04-22#t128w1,2009-04-22,CUNNINGHAM,331,,,Human,0.0,4.0,
aqlctl031,expansion,QLD,ctl,chamber,QLD2019-06-14#t74w1,2019-06-14,BENNETT,282,,,Human,0.0,4.0,
aqlctl032,expansion,QLD,ctl,chamber,QLD2009-11-12#t247w0,2009-11-12,GIBSON,166,,,Human,0.0,4.0,
aqlctl033,expansion,QLD,ctl,chamber,QLD2008-02-28#t199w1,2008-02-28,PRATT,339,,,Human,0.0,4.0,
aqlctl034,expansion,QLD,ctl,chamber,QLD2019-11-28#t138w1,2019-11-28,SCANLON,358,,,Human,0.0,4.0,
aqlctl035,expansion,QLD,ctl,chamber,QLD2017-06-14#t114w3,2017-06-14,MILES,345,,,Human,0.0,4.0,
aqlctl036,expansion,QLD,ctl,chamber,QLD2008-09-10#t141w7,2008-09-10,HOBBS,325,,,Human,0.0,4.0,
aqlctl037,expansion,QLD,ctl,chamber,QLD2017-05-23#t182w0,2017-05-23,FURNER,346,,,Human,0.0,4.0,
aqlctl038,expansion,QLD,ctl,chamber,QLD2008-03-12#t144w4,2008-03-12,CUNNINGHAM,322,,,Human,0.0,4.0,
aqlctl039,expansion,QLD,ctl,chamber,QLD2010-04-14#t223w0,2010-04-14,BLEIJIE,358,,,Human,0.0,4.0,
aqlctl040,expansion,QLD,ctl,chamber,QLD2017-08-09#t135w0,2017-08-09,MINNIKIN,179,,,Human,0.0,4.0,
aqlctl041,expansion,QLD,ctl,chamber,QLD2017-05-10#t188w0,2017-05-10,DICKSON,334,,,Human,0.0,4.0,
aqlctl042,expansion,QLD,ctl,chamber,QLD2017-09-05#t191w1,2017-09-05,POWELL,336,,,Human,0.0,4.0,
aqlctl043,expansion,QLD,ctl,chamber,QLD2010-05-20#t45w0,2010-05-20,SCHWARTEN,126,,,Human,0.0,4.0,
aqlctl044,expansion,QLD,ctl,chamber,QLD2009-02-10#t51w2,2009-02-10,FLEGG,321,,,Human,0.0,4.0,
aqlctl045,expansion,QLD,ctl,chamber,QLD2009-08-18#t112w0,2009-08-18,HOOLIHAN,343,,,Human,0.0,4.0,
aqlctl046,expansion,QLD,ctl,chamber,QLD2010-04-15#t22w0,2010-04-15,NOLAN,240,,,Human,0.0,4.0,
aqlctl047,expansion,QLD,ctl,chamber,QLD2017-08-08#t202w0,2017-08-08,KELLY,299,,,Human,0.0,4.0,
aqlctl048,expansion,QLD,ctl,chamber,QLD2007-10-30#t174w4,2007-10-30,HORAN,344,,,Human,0.0,4.0,
aqlctl049,expansion,QLD,ctl,chamber,QLD2007-08-09#t281w0,2007-08-09,SHINE,358,,,Human,0.0,4.0,
aqlctl050,expansion,QLD,ctl,chamber,QLD2008-11-11#t121w0,2008-11-11,SPENCE,345,,,Human,0.0,4.0,
aqlctl051,expansion,QLD,ctl,chamber,QLD2019-03-26#t177w1,2019-03-26,KATTER,326,,,Human,0.0,4.0,
aqlctl052,expansion,QLD,ctl,chamber,QLD2015-12-01#t158w2,2015-12-01,McARDLE,353,,,Human,0.0,4.0,
aqlctl053,expansion,QLD,ctl,chamber,QLD2008-05-13#t192w0,2008-05-13,KNUTH,348,,,Human,0.0,4.0,
aqlctl054,expansion,QLD,ctl,chamber,QLD2010-06-09#t245w0,2010-06-09,van LITSENBURG,344,,,Human,0.0,4.0,
aqlctl055,expansion,QLD,ctl,chamber,QLD2010-09-14#t111w2,2010-09-14,HORAN,145,,,Human,0.0,4.0,
aqlctl056,expansion,QLD,ctl,chamber,QLD2007-08-21#t23w0,2007-08-21,BOYLE,341,,,Human,0.0,4.0,
aqlctl057,expansion,QLD,ctl,chamber,QLD2009-06-04#t154w0,2009-06-04,HORAN,328,,,Human,0.0,4.0,
aqlctl058,expansion,QLD,ctl,chamber,QLD2008-11-25#t113w0,2008-11-25,NICHOLLS,200,,,Human,0.0,4.0,
aqlctl059,expansion,QLD,ctl,chamber,QLD2016-08-16#t4w1,2016-08-16,PALASZCZUK,340,,,Human,0.0,4.0,
asactl000,expansion,SA,ctl,chamber,SAHA2018-11-07#t10w0,2018-11-07,The Hon. Z.L. BETTISON,179,,,Human,0.0,4.0,
asactl001,expansion,SA,ctl,chamber,SALC2006-05-09#t85w0,2006-05-09,The Hon. J.M.A. LENSINK,349,,,Human,0.0,4.0,
asactl002,expansion,SA,ctl,chamber,SAHA2007-07-05#t85w0,2007-07-05,The Hon. R.J. McEWEN,146,,,Human,0.0,4.0,
asactl003,expansion,SA,ctl,chamber,SAHA2015-09-10#t33w1,2015-09-10,Mr TRELOAR,302,,,Human,0.0,4.0,
asactl004,expansion,SA,ctl,chamber,SALC2010-11-10#t147w1,2010-11-10,The Hon. T.A. FRANKS,340,,,Human,0.0,4.0,
asactl005,expansion,SA,ctl,chamber,SALC2007-10-16#t6w0,2007-10-16,The Hon. P. HOLLOWAY,349,,,Human,0.0,4.0,
asactl006,expansion,SA,ctl,chamber,SAHA2018-05-16#t209w1,2018-05-16,Ms BETTISON,341,,,Human,0.0,4.0,
asactl007,expansion,SA,ctl,chamber,SAHA2018-10-17#t25w2,2018-10-17,Mr TRELOAR,351,,,Human,0.0,4.0,
asactl008,expansion,SA,ctl,chamber,SAHA2008-02-14#t53w3,2008-02-14,Mr PENGILLY,359,,,Human,0.0,4.0,
asactl009,expansion,SA,ctl,chamber,SAHA2007-03-07#t112w0,2007-03-07,Mr HAMILTON-SMITH,357,,,Human,0.0,4.0,
asactl010,expansion,SA,ctl,chamber,SALC2018-11-28#t127w3,2018-11-28,The Hon. C. BONAROS,347,,,Human,0.0,4.0,
asactl011,expansion,SA,ctl,chamber,SALC2019-09-25#t124w2,2019-09-25,The Hon. I. PNEVMATIKOS,186,,,Human,0.0,4.0,
asactl012,expansion,SA,ctl,chamber,SAHA2008-02-27#t19w0,2008-02-27,Mrs REDMOND,350,,,Human,0.0,4.0,
asactl013,expansion,SA,ctl,chamber,SALC2018-11-13#t96w0,2018-11-13,The Hon. S.G. WADE,176,,,Human,0.0,4.0,
asactl014,expansion,SA,ctl,chamber,SAHA2018-11-14#t160w1,2018-11-14,Mr McBRIDE,347,,,Human,0.0,4.0,
asactl015,expansion,SA,ctl,chamber,SAHA2007-10-24#t96w0,2007-10-24,The Hon. K.O. FOLEY,135,,,Human,0.0,4.0,
asactl016,expansion,SA,ctl,chamber,SALC2009-11-18#t275w0,2009-11-18,The Hon. D.G.E. HOOD,124,,,Human,0.0,4.0,
asactl017,expansion,SA,ctl,chamber,SAHA2007-11-22#t155w3,2007-11-22,Mrs REDMOND,281,,,Human,0.0,4.0,
asactl018,expansion,SA,ctl,chamber,SAHA2019-02-26#t173w1,2019-02-26,The Hon. V.A. CHAPMAN,351,,,Human,0.0,4.0,
asactl019,expansion,SA,ctl,chamber,SALC2010-11-11#t22w0,2010-11-11,The Hon. P. HOLLOWAY,337,,,Human,0.0,4.0,
asactl020,expansion,SA,ctl,chamber,SAHA2018-07-25#t5w1,2018-07-25,The Hon. R. SANDERSON,329,,,Human,0.0,4.0,
asactl021,expansion,SA,ctl,chamber,SAHA2007-11-14#tx045t0w0,2007-11-14,Mr O'BRIEN,314,,,Human,0.0,4.0,
asactl022,expansion,SA,ctl,chamber,SALC2016-02-24#t103w11,2016-02-24,The Hon. K.L. VINCENT,316,,,Human,0.0,4.0,
asactl023,expansion,SA,ctl,chamber,SAHA2019-07-31#t193w0,2019-07-31,Mr PICTON,323,,,Human,0.0,4.0,
asactl024,expansion,SA,ctl,chamber,SAHA2008-06-05#t9w1,2008-06-05,Mr O'BRIEN,356,,,Human,0.0,4.0,
asactl025,expansion,SA,ctl,chamber,SALC2006-11-20#t36w0,2006-11-20,The Hon. P. HOLLOWAY,211,,,Human,0.0,4.0,
asactl026,expansion,SA,ctl,chamber,SAHA2008-03-06#tx018t1w1,2008-03-06,The Hon. M.D. RANN,312,,,Human,0.0,4.0,
asactl027,expansion,SA,ctl,chamber,SAHA2018-05-15#t2w5,2018-05-15,Ms STINSON,340,,,Human,0.0,4.0,
asactl028,expansion,SA,ctl,chamber,SAHA2018-10-23#t143w0,2018-10-23,Ms COOK,339,,,Human,0.0,4.0,
asactl029,expansion,SA,ctl,chamber,SAHA2018-06-05#t165w3,2018-06-05,Mr McBRIDE,329,,,Human,0.0,4.0,
asactl030,expansion,SA,ctl,chamber,SAHA2008-02-27#t65w0,2008-02-27,The Hon. M.D. RANN,157,,,Human,0.0,4.0,
asactl031,expansion,SA,ctl,chamber,SAHA2018-09-05#t59w0,2018-09-05,Mr MALINAUSKAS,348,,,Human,0.0,4.0,
asactl032,expansion,SA,ctl,chamber,SAHA2019-06-18#t3w2,2019-06-18,Mr TEAGUE,348,,,Human,0.0,4.0,
asactl033,expansion,SA,ctl,chamber,SAHA2018-05-30#t12w1,2018-05-30,Mr BROCK,360,,,Human,0.0,4.0,
asactl034,expansion,SA,ctl,chamber,SAHA2008-02-13#t198w9,2008-02-13,Mrs REDMOND,354,,,Human,0.0,4.0,
asactl035,expansion,SA,ctl,chamber,SALC2018-06-19#t46w0,2018-06-19,The Hon. R.I. LUCAS,215,,,Human,0.0,4.0,
asactl036,expansion,SA,ctl,chamber,SAHA2019-07-02#t9w1,2019-07-02,Ms STINSON,325,,,Human,0.0,4.0,
asactl037,expansion,SA,ctl,chamber,SAHA2008-04-29#t6w0,2008-04-29,Dr McFETRIDGE,340,,,Human,0.0,4.0,
asactl038,expansion,SA,ctl,chamber,SALC2008-05-01#t11w0,2008-05-01,The Hon. P. HOLLOWAY,137,,,Human,0.0,4.0,
asactl039,expansion,SA,ctl,chamber,SAHA2019-04-30#t1w0,2019-04-30,The Hon. S.S. MARSHALL,349,,,Human,0.0,4.0,
asactl040,expansion,SA,ctl,chamber,SALC2006-11-20#t1w0,2006-11-20,The Hon. CARMEL ZOLLO,120,,,Human,0.0,4.0,
asactl041,expansion,SA,ctl,chamber,SALC2006-12-06#t174w2,2006-12-06,The Hon. A.L. EVANS,353,,,Human,0.0,4.0,
asactl042,expansion,SA,ctl,chamber,SAHA2018-11-14#t142w1,2018-11-14,The Hon. T.J. WHETSTONE,178,,,Human,0.0,4.0,
asactl043,expansion,SA,ctl,chamber,SAHA2018-09-18#t257w4,2018-09-18,The Hon. A. PICCOLO,346,,,Human,0.0,4.0,
asactl044,expansion,SA,ctl,chamber,SALC2009-11-18#t133w0,2009-11-18,The Hon. C.V. SCHAEFER,328,,,Human,0.0,4.0,
asactl045,expansion,SA,ctl,chamber,SAHA2019-07-23#t61w0,2019-07-23,The Hon. S.K. KNOLL,150,,,Human,0.0,4.0,
asactl046,expansion,SA,ctl,chamber,SAHA2016-10-20#t183w0,2016-10-20,The Hon. J.R. RAU,346,,,Human,0.0,4.0,
asactl047,expansion,SA,ctl,chamber,SALC2008-05-08#t16w5,2008-05-08,The Hon. M. PARNELL,346,,,Human,0.0,4.0,
asactl048,expansion,SA,ctl,chamber,SAHA2008-02-26#t132w0,2008-02-26,The Hon. J.M. RANKINE,359,,,Human,0.0,4.0,
asactl049,expansion,SA,ctl,chamber,SAHA2019-10-29#t5w4,2019-10-29,The Hon. V.A. CHAPMAN,353,,,Human,0.0,4.0,
asactl050,expansion,SA,ctl,chamber,SAHA2018-05-15#t143w0,2018-05-15,Ms BEDFORD,357,,,Human,0.0,4.0,
asactl051,expansion,SA,ctl,chamber,SAHA2019-10-29#t161w6,2019-10-29,The Hon. S.C. MULLIGHAN,313,,,Human,0.0,4.0,
asactl052,expansion,SA,ctl,chamber,SAHA2008-04-29#t162w12,2008-04-29,Ms CHAPMAN,355,,,Human,0.0,4.0,
asactl053,expansion,SA,ctl,chamber,SALC2006-05-09#t68w0,2006-05-09,The Hon. G.E. GAGO,266,,,Human,0.0,4.0,
asactl054,expansion,SA,ctl,chamber,SAHA2008-04-30#t138w5,2008-04-30,Mr GRIFFITHS,254,,,Human,0.0,4.0,
asactl055,expansion,SA,ctl,chamber,SALC2018-07-31#t88w1,2018-07-31,The Hon. K.J. MAHER,140,,,Human,0.0,4.0,
asactl056,expansion,SA,ctl,chamber,SAHA2007-10-17#t30w2,2007-10-17,The Hon. M.J. ATKINSON,341,,,Human,0.0,4.0,
asactl057,expansion,SA,ctl,chamber,SALC2019-07-03#t117w0,2019-07-03,The Hon. D.W. RIDGWAY,196,,,Human,0.0,4.0,
asactl058,expansion,SA,ctl,chamber,SALC2008-05-01#t71w0,2008-05-01,The Hon. P. HOLLOWAY,134,,,Human,0.0,4.0,
asactl059,expansion,SA,ctl,chamber,SALC2010-11-24#t228w2,2010-11-24,The Hon. P. HOLLOWAY,349,,,Human,0.0,4.0,
atactl000,expansion,TAS,ctl,chamber,TASHA2010-11-10#p1t53w0,2010-11-10,Mr O'HALLORAN,206,,contraction density +364% across the windows; prevalence not separable from a transcription change,Human,0.0,4.0,
atactl001,expansion,TAS,ctl,chamber,TASHA2007-06-27#p1t8w0,2007-06-27,Mr LENNON,161,,contraction density +364% across the windows; prevalence not separable from a transcription change,Human,0.0,4.0,
atactl002,expansion,TAS,ctl,chamber,TASHA2019-09-12#p1t133w0,2019-09-12,Ms WHITE,246,,contraction density +364% across the windows; prevalence not separable from a transcription change,Human,0.0,4.0,
atactl003,expansion,TAS,ctl,chamber,TASHA2015-06-02#p1t26w1,2015-06-02,Mr HODGMAN,350,,contraction density +364% across the windows; prevalence not separable from a transcription change,Human,0.0,4.0,
atactl004,expansion,TAS,ctl,chamber,TASHA2006-06-21#p2t1w1,2006-06-21,Mr MORRIS,217,,contraction density +364% across the windows; prevalence not separable from a transcription change,Human,0.0,4.0,
atactl005,expansion,TAS,ctl,chamber,TASHA2010-08-24#p2t55w1,2010-08-24,Mr O'BYRNE,342,,contraction density +364% across the windows; prevalence not separable from a transcription change,Human,0.0,4.0,
atactl006,expansion,TAS,ctl,chamber,TASHA2007-03-13#p1t56w0,2007-03-13,Mr ROCKLIFF,191,,contraction density +364% across the windows; prevalence not separable from a transcription change,Human,0.0,4.0,
atactl007,expansion,TAS,ctl,chamber,TASHA2009-07-02#p2t322w3,2009-07-02,Mr LLEWELLYN,350,,contraction density +364% across the windows; prevalence not separable from a transcription change,Human,0.0,4.0,
atactl008,expansion,TAS,ctl,chamber,TASHA2010-07-08#p2t45w4,2010-07-08,Ms PETRUSMA,254,,contraction density +364% across the windows; prevalence not separable from a transcription change,Human,0.0,4.0,
atactl009,expansion,TAS,ctl,chamber,TASHA2009-03-04#p1t99w1,2009-03-04,Mr GREEN,209,,contraction density +364% across the windows; prevalence not separable from a transcription change,Human,0.0,4.0,
atactl010,expansion,TAS,ctl,chamber,TASHA2018-10-16#p1t144w3,2018-10-16,Dr WOODRUFF,262,,contraction density +364% across the windows; prevalence not separable from a transcription change,Human,0.0,4.0,
atactl011,expansion,TAS,ctl,chamber,TASHA2009-03-11#p2t73w0,2009-03-11,Mr WHITELEY,243,,contraction density +364% across the windows; prevalence not separable from a transcription change,Human,0.0,4.0,
atactl012,expansion,TAS,ctl,chamber,TASHA2008-11-20#p2t108w1,2008-11-20,Mr MORRIS,288,,contraction density +364% across the windows; prevalence not separable from a transcription change,Human,0.0,4.0,
atactl013,expansion,TAS,ctl,chamber,TASHA2006-11-23#p2t34w1,2006-11-23,Mr MORRIS,161,,contraction density +364% across the windows; prevalence not separable from a transcription change,Human,0.0,4.0,
atactl014,expansion,TAS,ctl,chamber,TASHA2009-05-20#p2t97w0,2009-05-20,Mr McKIM,359,,contraction density +364% across the windows; prevalence not separable from a transcription change,Human,0.0,4.0,
atactl015,expansion,TAS,ctl,chamber,TASHA2006-11-28#p1t54w0,2006-11-28,Mr ROCKLIFF,152,,contraction density +364% across the windows; prevalence not separable from a transcription change,Human,0.0,4.0,
atactl016,expansion,TAS,ctl,chamber,TASHA2006-09-28#p2t85w0,2006-09-28,Mr MICHAEL HODGMAN,259,,contraction density +364% across the windows; prevalence not separable from a transcription change,Human,0.0,4.0,
atactl017,expansion,TAS,ctl,chamber,TASHA2018-05-24#p1t36w0,2018-05-24,Mr HIDDING,275,,contraction density +364% across the windows; prevalence not separable from a transcription change,Human,0.0,4.0,
atactl018,expansion,TAS,ctl,chamber,TASHA2015-09-24#p1t5w0,2015-09-24,Mrs PETRUSMA,172,,contraction density +364% across the windows; prevalence not separable from a transcription change,Human,0.0,4.0,
atactl019,expansion,TAS,ctl,chamber,TASHA2007-03-13#p1t72w0,2007-03-13,Mr KONS,127,,contraction density +364% across the windows; prevalence not separable from a transcription change,Human,0.0,4.0,
atactl020,expansion,TAS,ctl,chamber,TASHA2010-11-16#p2t92w0,2010-11-16,Mr MORRIS,170,,contraction density +364% across the windows; prevalence not separable from a transcription change,Human,0.0,4.0,
atactl021,expansion,TAS,ctl,chamber,TASHA2015-03-04#p1t3w1,2015-03-04,Mr ROCKLIFF,208,,contraction density +364% across the windows; prevalence not separable from a transcription change,Human,0.0,4.0,
atactl022,expansion,TAS,ctl,chamber,TASHA2009-03-26#p2t41w0,2009-03-26,Mr BOOTH,240,,contraction density +364% across the windows; prevalence not separable from a transcription change,Human,0.0,4.0,
atactl023,expansion,TAS,ctl,chamber,TASHA2015-04-21#p1t127w0,2015-04-21,Ms O'CONNOR,135,,contraction density +364% across the windows; prevalence not separable from a transcription change,Human,0.0,4.0,
atactl024,expansion,TAS,ctl,chamber,TASHA2010-08-26#p2t0w0,2010-08-26,Ms GIDDINGS,330,,contraction density +364% across the windows; prevalence not separable from a transcription change,Human,0.0,4.0,
atactl025,expansion,TAS,ctl,chamber,TASHA2015-06-02#p1t53w3,2015-06-02,Mr BARNETT,323,,contraction density +364% across the windows; prevalence not separable from a transcription change,Human,0.0,4.0,
atactl026,expansion,TAS,ctl,chamber,TASHA2009-05-27#p2t210w0,2009-05-27,Mrs NAPIER,265,,contraction density +364% across the windows; prevalence not separable from a transcription change,Human,0.0,4.0,
atactl027,expansion,TAS,ctl,chamber,TASHA2009-05-21#p1t51w0,2009-05-21,Mr MORRIS,219,,contraction density +364% across the windows; prevalence not separable from a transcription change,Human,0.0,4.0,
atactl028,expansion,TAS,ctl,chamber,TASHA2019-10-15#p1t43w3,2019-10-15,Ms ARCHER,338,,contraction density +364% across the windows; prevalence not separable from a transcription change,Human,0.0,4.0,
atactl029,expansion,TAS,ctl,chamber,TASHA2017-03-14#p1t80w3,2017-03-14,Mr HIDDING,281,,contraction density +364% across the windows; prevalence not separable from a transcription change,Human,0.0,4.0,
atactl030,expansion,TAS,ctl,chamber,TASHA2007-03-13#p2t153w2,2007-03-13,Mr WHITELEY,294,,contraction density +364% across the windows; prevalence not separable from a transcription change,Human,0.0,4.0,
atactl031,expansion,TAS,ctl,chamber,TASHA2010-09-23#p2t152w0,2010-09-23,Ms O'BYRNE,206,,contraction density +364% across the windows; prevalence not separable from a transcription change,Human,0.0,4.0,
atactl032,expansion,TAS,ctl,chamber,TASHA2018-06-12#p1t110w1,2018-06-12,Ms COURTNEY,337,,contraction density +364% across the windows; prevalence not separable from a transcription change,Human,0.0,4.0,
atactl033,expansion,TAS,ctl,chamber,TASHA2016-03-17#p1t33w0,2016-03-17,Ms O'CONNOR,202,,contraction density +364% across the windows; prevalence not separable from a transcription change,Human,0.0,4.0,
atactl034,expansion,TAS,ctl,chamber,TASHA2009-05-21#p2t139w1,2009-05-21,Mr WHITELEY,234,,contraction density +364% across the windows; prevalence not separable from a transcription change,Human,0.0,4.0,
atactl035,expansion,TAS,ctl,chamber,TASHA2007-07-05#p2t1w0,2007-07-05,Mr WILL HODGMAN,129,,contraction density +364% across the windows; prevalence not separable from a transcription change,Human,0.0,4.0,
atactl036,expansion,TAS,ctl,chamber,TASHA2017-05-31#p1t23w0,2017-05-31,Ms WHITE,321,,contraction density +364% across the windows; prevalence not separable from a transcription change,Human,0.0,4.0,
atactl037,expansion,TAS,ctl,chamber,TASHA2019-04-30#p1t218w0,2019-04-30,Ms HOUSTON,287,,contraction density +364% across the windows; prevalence not separable from a transcription change,Human,0.0,4.0,
atactl038,expansion,TAS,ctl,chamber,TASHA2015-09-23#p1t83w3,2015-09-23,Ms DAWKINS,230,,contraction density +364% across the windows; prevalence not separable from a transcription change,Human,0.0,4.0,
atactl039,expansion,TAS,ctl,chamber,TASHA2015-08-19#p1t120w2,2015-08-19,Ms O'CONNOR,242,,contraction density +364% across the windows; prevalence not separable from a transcription change,Human,0.0,4.0,
atactl040,expansion,TAS,ctl,chamber,TASHA2015-06-17#p1t127w2,2015-06-17,Mr GREEN,214,,contraction density +364% across the windows; prevalence not separable from a transcription change,Human,0.0,4.0,
atactl041,expansion,TAS,ctl,chamber,TASHA2008-07-03#p2t251w0,2008-07-03,Mr STURGES,188,,contraction density +364% across the windows; prevalence not separable from a transcription change,Human,0.0,4.0,
atactl042,expansion,TAS,ctl,chamber,TASHA2007-10-31#p2t76w0,2007-10-31,Mr BARTLETT,168,,contraction density +364% across the windows; prevalence not separable from a transcription change,Human,0.0,4.0,
atactl043,expansion,TAS,ctl,chamber,TASHA2009-06-16#p2t14w7,2009-06-16,Ms GIDDINGS,295,,contraction density +364% across the windows; prevalence not separable from a transcription change,Human,0.0,4.0,
atactl044,expansion,TAS,ctl,chamber,TASHA2006-06-20#p2t55w1,2006-06-20,Mr WHITELEY,327,,contraction density +364% across the windows; prevalence not separable from a transcription change,Human,0.0,4.0,
atactl045,expansion,TAS,ctl,chamber,TASHA2017-05-31#p1t58w7,2017-05-31,Mrs RYLAH,304,,contraction density +364% across the windows; prevalence not separable from a transcription change,Human,0.0,4.0,
atactl046,expansion,TAS,ctl,chamber,TASHA2007-11-20#p2t121w1,2007-11-20,Ms WRIEDT,345,,contraction density +364% across the windows; prevalence not separable from a transcription change,Human,0.0,4.0,
atactl047,expansion,TAS,ctl,chamber,TASHA2018-09-18#p1t74w1,2018-09-18,Ms ARCHER,319,,contraction density +364% across the windows; prevalence not separable from a transcription change,Human,0.0,4.0,
atactl048,expansion,TAS,ctl,chamber,TASHA2008-10-28#p2t132w0,2008-10-28,Mr STURGES,269,,contraction density +364% across the windows; prevalence not separable from a transcription change,Human,0.0,4.0,
atactl049,expansion,TAS,ctl,chamber,TASHA2015-06-11#p1t365w0,2015-06-11,Mr McKIM,132,,contraction density +364% across the windows; prevalence not separable from a transcription change,Human,0.0,4.0,
atactl050,expansion,TAS,ctl,chamber,TASHA2016-10-13#p1t82w3,2016-10-13,Ms O'BYRNE,213,,contraction density +364% across the windows; prevalence not separable from a transcription change,Human,0.0,4.0,
atactl051,expansion,TAS,ctl,chamber,TASHA2009-09-29#p2t75w0,2009-09-29,Mr McKIM,129,,contraction density +364% across the windows; prevalence not separable from a transcription change,Human,0.0,4.0,
atactl052,expansion,TAS,ctl,chamber,TASHA2009-03-10#p2t80w0,2009-03-10,Mr BOOTH,129,,contraction density +364% across the windows; prevalence not separable from a transcription change,Human,0.0,4.0,
atactl053,expansion,TAS,ctl,chamber,TASHA2018-09-26#p1t58w0,2018-09-26,Dr WOODRUFF,233,,contraction density +364% across the windows; prevalence not separable from a transcription change,Human,0.0,4.0,
atactl054,expansion,TAS,ctl,chamber,TASHA2018-08-29#p1t48w2,2018-08-29,Mr FERGUSON,352,,contraction density +364% across the windows; prevalence not separable from a transcription change,Human,0.0,4.0,
atactl055,expansion,TAS,ctl,chamber,TASHA2007-07-05#p2t143w1,2007-07-05,Mr McKIM,197,,contraction density +364% across the windows; prevalence not separable from a transcription change,Human,0.0,4.0,
atactl056,expansion,TAS,ctl,chamber,TASHA2007-03-20#p1t40w0,2007-03-20,Mr LENNON,346,,contraction density +364% across the windows; prevalence not separable from a transcription change,Human,0.0,4.0,
atactl057,expansion,TAS,ctl,chamber,TASHA2015-09-16#p1t38w3,2015-09-16,Mr GROOM,356,,contraction density +364% across the windows; prevalence not separable from a transcription change,Human,0.0,4.0,
atactl058,expansion,TAS,ctl,chamber,TASHA2007-06-07#p2t0w0,2007-06-07,Mr LENNON,345,,contraction density +364% across the windows; prevalence not separable from a transcription change,Human,0.0,4.0,
atactl059,expansion,TAS,ctl,chamber,TASHA2010-06-10#p2t98w0,2010-06-10,Ms PETRUSMA,358,,contraction density +364% across the windows; prevalence not separable from a transcription change,Human,0.0,4.0,
avictl000,expansion,VIC,ctl,chamber,VICLC:Adjournment:2016-05-05#t3w0,2016-05-05,Mr MULINO,273,,,Human,0.0,4.0,
avictl001,expansion,VIC,ctl,chamber,VICLC:Members-statements:2017-06-08#t0w0,2017-06-08,Ms WOOLDRIDGE,269,,,Human,0.0,4.0,
avictl002,expansion,VIC,ctl,chamber,VICLC:Committee:2016-06-09#t21w1,2016-06-09,Mr MELHEM,359,,,Human,0.0,4.0,
avictl003,expansion,VIC,ctl,chamber,VICLC:Committee:2015-06-11#t0w1,2015-06-11,Ms PENNICUIK,137,,,Human,0.0,4.0,
avictl004,expansion,VIC,ctl,chamber,VICLC:Second-reading:2018-03-27#t29w0,2018-03-27,Mr MORRIS,231,,,Human,0.0,4.0,
avictl005,expansion,VIC,ctl,chamber,VICLC:Adjournment:2017-08-10#t4w0,2017-08-10,Mr BARBER,329,,,Human,0.0,4.0,
avictl006,expansion,VIC,ctl,chamber,VICLC:Adjournment:2017-05-24#t11w0,2017-05-24,Mr RAMSAY,320,,,Human,0.0,4.0,
avictl007,expansion,VIC,ctl,chamber,VICLA:Second-Reading_b0:2009-11-12#t4w1,2009-11-12,Mr NOONAN,351,,,Human,0.0,4.0,
avictl008,expansion,VIC,ctl,chamber,VICLA:Members-statements:2015-06-25#t15w0,2015-06-25,Ms SPENCE,290,,,Human,0.0,4.0,
avictl009,expansion,VIC,ctl,chamber,VICLA:Second-reading:2017-05-02#t2w9,2017-05-02,Mr PALLAS,288,,,Human,0.0,4.0,
avictl010,expansion,VIC,ctl,chamber,VICLA:Adjournment:2009-06-09#t3w1,2009-06-09,Dr HARKNESS,174,,,Human,0.0,4.0,
avictl011,expansion,VIC,ctl,chamber,VICLC:Second-Reading_b0:2007-06-19#t40w0,2007-06-19,Mr RICH-PHILLIPS,340,,,Human,0.0,4.0,
avictl012,expansion,VIC,ctl,chamber,VICLA:Questions-without-notice-and-ministers-statements:2017-11-29#t32w0,2017-11-29,Mr DONNELLAN,188,,,Human,0.0,4.0,
avictl013,expansion,VIC,ctl,chamber,VICLA:Members-Statements:2008-05-06#t15w0,2008-05-06,Mr TILLEY,221,,,Human,0.0,4.0,
avictl014,expansion,VIC,ctl,chamber,VICLC:Second-reading:2019-03-05#t3w4,2019-03-05,Ms SHING,342,,,Human,0.0,4.0,
avictl015,expansion,VIC,ctl,chamber,VICLA:Second-Reading_b0:2008-05-07#t36w0,2008-05-07,Ms BEATTIE,260,,,Human,0.0,4.0,
avictl016,expansion,VIC,ctl,chamber,VICLA:Adjournment:2007-06-06#t23w0,2007-06-06,Ms NEVILLE,348,,,Human,0.0,4.0,
avictl017,expansion,VIC,ctl,chamber,VICLA:Matters-of-public-importance:2017-05-10#t0w3,2017-05-10,Mr BATTIN,344,,,Human,0.0,4.0,
avictl018,expansion,VIC,ctl,chamber,VICLA:Second-reading:2017-08-23#t0w1,2017-08-23,Ms HUTCHINS,188,,,Human,0.0,4.0,
avictl019,expansion,VIC,ctl,chamber,VICLA:Second-reading:2018-06-05#t13w2,2018-06-05,Ms KILKENNY,352,,,Human,0.0,4.0,
avictl020,expansion,VIC,ctl,chamber,VICLA:Second-reading:2018-02-20#t17w2,2018-02-20,Mr DIMOPOULOS,345,,,Human,0.0,4.0,
avictl021,expansion,VIC,ctl,chamber,VICLC:Second-reading:2018-08-22#t0w3,2018-08-22,Ms DUNN,258,,,Human,0.0,4.0,
avictl022,expansion,VIC,ctl,chamber,VICLA:Questions-without-notice-and-ministers-statements:2018-09-06#t43w0,2018-09-06,Mr ANDREWS,269,,,Human,0.0,4.0,
avictl023,expansion,VIC,ctl,chamber,VICLA:Second-Reading_b1:2006-06-15#t28w0,2006-06-15,Mr WALSH,121,,,Human,0.0,4.0,
avictl024,expansion,VIC,ctl,chamber,VICLA:Second-Reading:2009-08-12#t18w1,2009-08-12,Mr FOLEY,356,,,Human,0.0,4.0,
avictl025,expansion,VIC,ctl,chamber,VICLC:Second-Reading_b3:2009-12-10#t28w1,2009-12-10,Ms HARTLAND,343,,,Human,0.0,4.0,
avictl026,expansion,VIC,ctl,chamber,VICLA:Second-reading:2018-03-07#t51w0,2018-03-07,Ms COUZENS,360,,,Human,0.0,4.0,
avictl027,expansion,VIC,ctl,chamber,VICLA:Constituency-questions:2019-10-16#t4w0,2019-10-16,Mr BURGESS,194,,,Human,0.0,4.0,
avictl028,expansion,VIC,ctl,chamber,VICLA:Second-reading:2017-06-08#t32w0,2017-06-08,Mr MCGUIRE,357,,,Human,0.0,4.0,
avictl029,expansion,VIC,ctl,chamber,VICLA:Members-Statements:2007-10-11#t20w0,2007-10-11,Ms MARSHALL,232,,,Human,0.0,4.0,
avictl030,expansion,VIC,ctl,chamber,VICLA:Questions-without-Notice:2009-10-14#t30w0,2009-10-14,Mr CAMERON,346,,,Human,0.0,4.0,
avictl031,expansion,VIC,ctl,chamber,VICLA:Condolences:2019-04-30#t11w1,2019-04-30,Mr WYNNE,342,,,Human,0.0,4.0,
avictl032,expansion,VIC,ctl,chamber,VICLA:Second-Reading_b0:2007-03-14#t30w1,2007-03-14,Mr K. SMITH,344,,,Human,0.0,4.0,
avictl033,expansion,VIC,ctl,chamber,VICLC:Constituency-questions:2018-08-09#t2w0,2018-08-09,Mr PURCELL,153,,,Human,0.0,4.0,
avictl034,expansion,VIC,ctl,chamber,VICLC:Second-Reading:2006-04-04#t11w0,2006-04-04,Hon. W. R. BAXTER,326,,,Human,0.0,4.0,
avictl035,expansion,VIC,ctl,chamber,VICLC:Constituency-questions:2017-06-23#t8w0,2017-06-23,Mr FINN,267,,,Human,0.0,4.0,
avictl036,expansion,VIC,ctl,chamber,VICLC:Members-statements:2018-05-10#t7w0,2018-05-10,Ms PENNICUIK,302,,,Human,0.0,4.0,
avictl037,expansion,VIC,ctl,chamber,VICLA:Members-statements:2016-12-08#t21w0,2016-12-08,Ms MCLEISH,238,,,Human,0.0,4.0,
avictl038,expansion,VIC,ctl,chamber,VICLC:Committee_b0:2018-07-24#t41w0,2018-07-24,Mr JENNINGS,159,,,Human,0.0,4.0,
avictl039,expansion,VIC,ctl,chamber,VICLC:Committee_b6:2017-11-16#t40w0,2017-11-16,Mr MORRIS,157,,,Human,0.0,4.0,
avictl040,expansion,VIC,ctl,chamber,VICLA:Adjournment:2010-02-24#t9w0,2010-02-24,Ms GREEN,337,,,Human,0.0,4.0,
avictl041,expansion,VIC,ctl,chamber,VICLC:Second-reading:2015-05-28#t11w1,2015-05-28,Ms SYMES,346,,,Human,0.0,4.0,
avictl042,expansion,VIC,ctl,chamber,VICLA:Second-reading:2017-06-08#t65w1,2017-06-08,Mr CRISP,344,,,Human,0.0,4.0,
avictl043,expansion,VIC,ctl,chamber,VICLC:Questions-without-notice:2017-11-29#t4w0,2017-11-29,Ms CROZIER,179,,,Human,0.0,4.0,
avictl044,expansion,VIC,ctl,chamber,VICLA:Questions-without-Notice_b1:2009-04-01#t17w0,2009-04-01,Mr HULLS,335,,,Human,0.0,4.0,
avictl045,expansion,VIC,ctl,chamber,VICLC:Second-Reading:2008-02-07#t0w0,2008-02-07,Mr RICH-PHILLIPS,340,,,Human,0.0,4.0,
avictl046,expansion,VIC,ctl,chamber,VICLC:Constituency-questions:2017-02-09#t0w0,2017-02-09,Ms CROZIER,360,,,Human,0.0,4.0,
avictl047,expansion,VIC,ctl,chamber,VICLA:Adjournment:2006-08-08#t0w0,2006-08-08,Ms ASHER,337,,,Human,0.0,4.0,
avictl048,expansion,VIC,ctl,chamber,VICLA:Members-statements:2015-09-16#t24w0,2015-09-16,Ms KILKENNY,259,,,Human,0.0,4.0,
avictl049,expansion,VIC,ctl,chamber,VICLA:Grievances:2009-04-01#t17w0,2009-04-01,Mrs SHARDEY,213,,,Human,0.0,4.0,
avictl050,expansion,VIC,ctl,chamber,VICLC:Questions-without-notice:2017-05-09#t37w0,2017-05-09,Ms TIERNEY,155,,,Human,0.0,4.0,
avictl051,expansion,VIC,ctl,chamber,VICLA:Second-reading:2019-08-13#t5w3,2019-08-13,Ms THOMAS,354,,,Human,0.0,4.0,
avictl052,expansion,VIC,ctl,chamber,VICLA:Members-Statements:2010-04-15#t10w0,2010-04-15,Ms WOOLDRIDGE,279,,,Human,0.0,4.0,
avictl053,expansion,VIC,ctl,chamber,VICLA:Matters-of-Public-Importance:2010-02-24#t59w0,2010-02-24,Mrs VICTORIA,353,,,Human,0.0,4.0,
avictl054,expansion,VIC,ctl,chamber,VICLA:Questions-without-Notice_b0:2007-08-09#t9w0,2007-08-09,Mr BRUMBY,159,,,Human,0.0,4.0,
avictl055,expansion,VIC,ctl,chamber,VICLC:Committee_b4:2017-11-16#t4w2,2017-11-16,Mrs PEULICH,346,,,Human,0.0,4.0,
avictl056,expansion,VIC,ctl,chamber,VICLC:Second-reading:2016-02-11#t27w4,2016-02-11,Ms PULFORD,353,,,Human,0.0,4.0,
avictl057,expansion,VIC,ctl,chamber,VICLC:Members-Statements:2009-04-02#t4w0,2009-04-02,Mr SOMYUREK,159,,,Human,0.0,4.0,
avictl058,expansion,VIC,ctl,chamber,VICLA:Governor-s-speech:2015-03-19#t15w2,2015-03-19,Mr EREN,238,,,Human,0.0,4.0,
avictl059,expansion,VIC,ctl,chamber,VICLA:Matters-of-Public-Importance:2010-10-06#t16w2,2010-10-06,Mr WELLS,182,,,Human,0.0,4.0,
awactl000,expansion,WA,ctl,chamber,WALC2008-06-19#t68w0,2008-06-19,Hon HELEN MORTON,202,,,Human,0.0,4.0,
awactl001,expansion,WA,ctl,chamber,WALA2019-04-09#t105w1,2019-04-09,Ms S.E. WINTON,355,,,Human,0.0,4.0,
awactl002,expansion,WA,ctl,chamber,WALA2016-06-15#t139w6,2016-06-15,Ms S.F. McGURK,356,,,Human,0.0,4.0,
awactl003,expansion,WA,ctl,chamber,WALA2016-09-06#t178w5,2016-09-06,Mrs M.H. ROBERTS,351,,,Human,0.0,4.0,
awactl004,expansion,WA,ctl,chamber,WALA2006-09-28#t44w1,2006-09-28,Dr S.C. THOMAS,165,,,Human,0.0,4.0,
awactl005,expansion,WA,ctl,chamber,WALA2008-12-03#t292w1,2008-12-03,Mr C.C. PORTER,245,,,Human,0.0,4.0,
awactl006,expansion,WA,ctl,chamber,WALA2007-08-16#t160w1,2007-08-16,Mr P.W. ANDREWS,143,,,Human,0.0,4.0,
awactl007,expansion,WA,ctl,chamber,WALC2015-02-19#t45w1,2015-02-19,Hon ALANNA CLOHESY,353,,,Human,0.0,4.0,
awactl008,expansion,WA,ctl,chamber,WALA2009-09-10#t48w0,2009-09-10,Mr M.W. SUTHERLAND,359,,,Human,0.0,4.0,
awactl009,expansion,WA,ctl,chamber,WALC2009-05-21#t22w6,2009-05-21,Hon GEORGE CASH,339,,,Human,0.0,4.0,
awactl010,expansion,WA,ctl,chamber,WALA2018-06-13#t12w0,2018-06-13,Mr A. KRSTICEVIC,275,,,Human,0.0,4.0,
awactl011,expansion,WA,ctl,chamber,WALA2007-04-05#t51w0,2007-04-05,Ms J.A. RADISICH,265,,,Human,0.0,4.0,
awactl012,expansion,WA,ctl,chamber,WALC2007-03-29#t97w0,2007-03-29,Hon SIMON O’BRIEN,309,,,Human,0.0,4.0,
awactl013,expansion,WA,ctl,chamber,WALA2018-02-20#t97w0,2018-02-20,Mr P.A. KATSAMBANIS,194,,,Human,0.0,4.0,
awactl014,expansion,WA,ctl,chamber,WALC2016-05-18#t10w4,2016-05-18,Hon PETER KATSAMBANIS,297,,,Human,0.0,4.0,
awactl015,expansion,WA,ctl,chamber,WALC2006-09-19#t118w2,2006-09-19,Hon PAUL LLEWELLYN,356,,,Human,0.0,4.0,
awactl016,expansion,WA,ctl,chamber,WALA2016-10-12#t64w0,2016-10-12,Mr W.J. JOHNSTON,349,,,Human,0.0,4.0,
awactl017,expansion,WA,ctl,chamber,WALA2006-08-31#t150w0,2006-08-31,Mr D.A. TEMPLEMAN,222,,,Human,0.0,4.0,
awactl018,expansion,WA,ctl,chamber,WALC2009-06-16#t189w0,2009-06-16,Hon SALLY TALBOT,208,,,Human,0.0,4.0,
awactl019,expansion,WA,ctl,chamber,WALA2008-03-18#t69w0,2008-03-18,Dr K.D. HAMES,357,,,Human,0.0,4.0,
awactl020,expansion,WA,ctl,chamber,WALA2009-06-17#t158w1,2009-06-17,Mr R.H. COOK,359,,,Human,0.0,4.0,
awactl021,expansion,WA,ctl,chamber,WALA2018-03-20#t68w0,2018-03-20,Dr M.D. NAHAN,351,,,Human,0.0,4.0,
awactl022,expansion,WA,ctl,chamber,WALC2018-08-14#t12w0,2018-08-14,Hon KEN BASTON,354,,,Human,0.0,4.0,
awactl023,expansion,WA,ctl,chamber,WALC2009-06-18#t126w0,2009-06-18,Hon KEN TRAVERS,199,,,Human,0.0,4.0,
awactl024,expansion,WA,ctl,chamber,WALA2006-05-23#t354w0,2006-05-23,Mr A.J. CARPENTER,166,,,Human,0.0,4.0,
awactl025,expansion,WA,ctl,chamber,WALC2015-10-15#t12w0,2015-10-15,Hon NIGEL HALLETT,348,,,Human,0.0,4.0,
awactl026,expansion,WA,ctl,chamber,WALA2019-03-21#t100w0,2019-03-21,Ms R. SAFFIOTI,181,,,Human,0.0,4.0,
awactl027,expansion,WA,ctl,chamber,WALA2018-04-11#t108w1,2018-04-11,Ms S.F. McGURK,359,,,Human,0.0,4.0,
awactl028,expansion,WA,ctl,chamber,WALA2016-02-23#t171w3,2016-02-23,Mr M. McGOWAN,358,,,Human,0.0,4.0,
awactl029,expansion,WA,ctl,chamber,WALA2019-03-13#t266w0,2019-03-13,Mr W.J. JOHNSTON,360,,,Human,0.0,4.0,
awactl030,expansion,WA,ctl,chamber,WALA2018-10-09#t98w4,2018-10-09,Mr S.K. L’ESTRANGE,327,,,Human,0.0,4.0,
awactl031,expansion,WA,ctl,chamber,WALA2006-05-24#t825w0,2006-05-24,Dr K.D. HAMES,214,,,Human,0.0,4.0,
awactl032,expansion,WA,ctl,chamber,WALA2007-06-14#t216w0,2007-06-14,Mr J.E. McGRATH,352,,,Human,0.0,4.0,
awactl033,expansion,WA,ctl,chamber,WALA2008-12-04#t205w0,2008-12-04,Mr C.C. PORTER,179,,,Human,0.0,4.0,
awactl034,expansion,WA,ctl,chamber,WALC2007-04-05#t55w0,2007-04-05,Hon JON FORD,337,,,Human,0.0,4.0,
awactl035,expansion,WA,ctl,chamber,WALA2009-11-24#t72w1,2009-11-24,Mr R.H. COOK,247,,,Human,0.0,4.0,
awactl036,expansion,WA,ctl,chamber,WALC2015-02-26#t1w0,2015-02-26,Hon PETER COLLIER,334,,,Human,0.0,4.0,
awactl037,expansion,WA,ctl,chamber,WALC2019-10-16#t59w0,2019-10-16,Hon MARTIN ALDRIDGE,345,,,Human,0.0,4.0,
awactl038,expansion,WA,ctl,chamber,WALA2009-10-15#t6w1,2009-10-15,Mr R.F. JOHNSON,143,,,Human,0.0,4.0,
awactl039,expansion,WA,ctl,chamber,WALA2006-11-29#t18w2,2006-11-29,Mr P.W. ANDREWS,200,,,Human,0.0,4.0,
awactl040,expansion,WA,ctl,chamber,WALA2009-08-11#t210w0,2009-08-11,Mr D.A. TEMPLEMAN,124,,,Human,0.0,4.0,
awactl041,expansion,WA,ctl,chamber,WALA2007-02-28#t247w1,2007-02-28,Mr T.R. SPRIGG,232,,,Human,0.0,4.0,
awactl042,expansion,WA,ctl,chamber,WALA2008-03-13#t59w0,2008-03-13,Mr M.J. COWPER,353,,,Human,0.0,4.0,
awactl043,expansion,WA,ctl,chamber,WALA2019-08-15#t65w0,2019-08-15,Mr M. McGOWAN,124,,,Human,0.0,4.0,
awactl044,expansion,WA,ctl,chamber,WALA2010-10-12#t19w0,2010-10-12,Mr C.J. BARNETT,299,,,Human,0.0,4.0,
awactl045,expansion,WA,ctl,chamber,WALA2017-10-18#t114w0,2017-10-18,Mr R.H. COOK,222,,,Human,0.0,4.0,
awactl046,expansion,WA,ctl,chamber,WALA2018-09-11#t139w4,2018-09-11,Mr R.H. COOK,356,,,Human,0.0,4.0,
awactl047,expansion,WA,ctl,chamber,WALC2009-06-03#t1w5,2009-06-03,Hon GIZ WATSON,310,,,Human,0.0,4.0,
awactl048,expansion,WA,ctl,chamber,WALA2018-08-22#t179w0,2018-08-22,Mrs L.M. HARVEY,135,,,Human,0.0,4.0,
awactl049,expansion,WA,ctl,chamber,WALA2019-05-15#t181w1,2019-05-15,Mr D.T. PUNCH,293,,,Human,0.0,4.0,
awactl050,expansion,WA,ctl,chamber,WALA2009-09-17#t101w0,2009-09-17,Mr D.A. TEMPLEMAN,321,,,Human,0.0,4.0,
awactl051,expansion,WA,ctl,chamber,WALA2010-05-18#t125w0,2010-05-18,Dr J.M. WOOLLARD,347,,,Human,0.0,4.0,
awactl052,expansion,WA,ctl,chamber,WALA2018-02-13#t149w0,2018-02-13,Mr V.A. CATANIA,343,,,Human,0.0,4.0,
awactl053,expansion,WA,ctl,chamber,WALA2018-11-07#t98w0,2018-11-07,Mr M. McGOWAN,250,,,Human,0.0,4.0,
awactl054,expansion,WA,ctl,chamber,WALA2009-05-19#t239w3,2009-05-19,Mr W.J. JOHNSTON,308,,,Human,0.0,4.0,
awactl055,expansion,WA,ctl,chamber,WALA2017-09-12#t178w2,2017-09-12,Ms J.M. FREEMAN,356,,,Human,0.0,4.0,
awactl056,expansion,WA,ctl,chamber,WALA2018-06-19#t180w1,2018-06-19,Ms A. SANDERSON,322,,,Human,0.0,4.0,
awactl057,expansion,WA,ctl,chamber,WALC2019-08-20#t66w0,2019-08-20,Hon COLIN HOLT,173,,,Human,0.0,4.0,
awactl058,expansion,WA,ctl,chamber,WALA2016-11-17#t180w1,2016-11-17,Mr W.J. JOHNSTON,199,,,Human,0.0,4.0,
awactl059,expansion,WA,ctl,chamber,WALA2017-05-17#t11w2,2017-05-17,Mr B. URBAN,345,,,Human,0.0,4.0,
cabctl000,expansion,AB,ctl,chamber,AB2019-10-30#t6w2,2019-10-30,Mr. Bilous,358,,,Human,0.0,4.0,
cabctl001,expansion,AB,ctl,chamber,AB2018-05-01#t139w4,2018-05-01,Dr. Swann,172,,,Human,0.0,4.0,
cabctl002,expansion,AB,ctl,chamber,AB2015-06-17#t36w1,2015-06-17,Mr. Nielsen,305,,,Human,0.0,4.0,
cabctl003,expansion,AB,ctl,chamber,AB2007-06-05#t34w0,2007-06-05,Mr. Snelgrove,123,,,Human,0.0,4.0,
cabctl004,expansion,AB,ctl,chamber,AB2008-04-28#t0w0,2008-04-28,Mrs. Forsyth,356,,,Human,0.0,4.0,
cabctl005,expansion,AB,ctl,chamber,AB2007-11-13#t144w0,2007-11-13,Mr. Rogers,194,,,Human,0.0,4.0,
cabctl006,expansion,AB,ctl,chamber,AB2007-03-12#t11w0,2007-03-12,Mr. Martin,326,,,Human,0.0,4.0,
cabctl007,expansion,AB,ctl,chamber,AB2007-05-02#t20w0,2007-05-02,Mr. Cenaiko,357,,,Human,0.0,4.0,
cabctl008,expansion,AB,ctl,chamber,AB2010-11-22#t5w1,2010-11-22,Mr. Chase,184,,,Human,0.0,4.0,
cabctl009,expansion,AB,ctl,chamber,AB2009-06-02#t162w0,2009-06-02,Mr. MacDonald,359,,,Human,0.0,4.0,
cabctl010,expansion,AB,ctl,chamber,AB2017-05-23#t91w0,2017-05-23,Ms Hoffman,120,,,Human,0.0,4.0,
cabctl011,expansion,AB,ctl,chamber,AB2016-12-06#t17w0,2016-12-06,Ms Hoffman,120,,,Human,0.0,4.0,
cabctl012,expansion,AB,ctl,chamber,AB2008-04-29#t61w4,2008-04-29,Mr. Sandhu,356,,,Human,0.0,4.0,
cabctl013,expansion,AB,ctl,chamber,AB2019-06-05#t78w0,2019-06-05,Mr. Dang,352,,,Human,0.0,4.0,
cabctl014,expansion,AB,ctl,chamber,AB2009-04-23#t169w0,2009-04-23,Mr. MacDonald,359,,,Human,0.0,4.0,
cabctl015,expansion,AB,ctl,chamber,AB2006-04-26#t5w2,2006-04-26,Mr. Elsalhy,355,,,Human,0.0,4.0,
cabctl016,expansion,AB,ctl,chamber,AB2018-05-01#t17w1,2018-05-01,Mr. McIver,297,,,Human,0.0,4.0,
cabctl017,expansion,AB,ctl,chamber,AB2016-05-18#t41w0,2016-05-18,Mr. Barnes,358,,,Human,0.0,4.0,
cabctl018,expansion,AB,ctl,chamber,AB2017-04-03#t97w0,2017-04-03,Mr. Cyr,283,,,Human,0.0,4.0,
cabctl019,expansion,AB,ctl,chamber,AB2017-05-25#t56w0,2017-05-25,Mr. Gill,331,,,Human,0.0,4.0,
cabctl020,expansion,AB,ctl,chamber,AB2006-03-01#t114w0,2006-03-01,Ms Blakeman,351,,,Human,0.0,4.0,
cabctl021,expansion,AB,ctl,chamber,AB2007-04-10#t153w1,2007-04-10,Mr. Martin,293,,,Human,0.0,4.0,
cabctl022,expansion,AB,ctl,chamber,AB2017-12-11#t38w1,2017-12-11,Mr. Clark,135,,,Human,0.0,4.0,
cabctl023,expansion,AB,ctl,chamber,AB2009-05-14#t9w0,2009-05-14,Ms Blakeman,174,,,Human,0.0,4.0,
cabctl024,expansion,AB,ctl,chamber,AB2018-05-30#t45w0,2018-05-30,Ms Hoffman,123,,,Human,0.0,4.0,
cabctl025,expansion,AB,ctl,chamber,AB2016-06-02#t107w0,2016-06-02,Mr. Bilous,273,,,Human,0.0,4.0,
cabctl026,expansion,AB,ctl,chamber,AB2007-11-26#t132w2,2007-11-26,Ms Pastoor,342,,,Human,0.0,4.0,
cabctl027,expansion,AB,ctl,chamber,AB2008-05-27#t32w2,2008-05-27,Ms Pastoor,337,,,Human,0.0,4.0,
cabctl028,expansion,AB,ctl,chamber,AB2018-11-01#t114w1,2018-11-01,Mr. Ceci,185,,,Human,0.0,4.0,
cabctl029,expansion,AB,ctl,chamber,AB2007-12-04#t236w0,2007-12-04,Mr. Martin,356,,,Human,0.0,4.0,
cabctl030,expansion,AB,ctl,chamber,AB2010-11-23#t28w1,2010-11-23,Ms Notley,333,,,Human,0.0,4.0,
cabctl031,expansion,AB,ctl,chamber,AB2009-05-27#t17w0,2009-05-27,Mr. Hehr,360,,,Human,0.0,4.0,
cabctl032,expansion,AB,ctl,chamber,AB2015-12-10#t12w1,2015-12-10,Ms Jabbour,338,,,Human,0.0,4.0,
cabctl033,expansion,AB,ctl,chamber,AB2007-04-12#t115w0,2007-04-12,Ms Blakeman,175,,,Human,0.0,4.0,
cabctl034,expansion,AB,ctl,chamber,AB2016-03-09#t128w2,2016-03-09,Mr. Malkinson,339,,,Human,0.0,4.0,
cabctl035,expansion,AB,ctl,chamber,AB2009-06-01#t163w3,2009-06-01,Mr. Campbell,245,,,Human,0.0,4.0,
cabctl036,expansion,AB,ctl,chamber,AB2006-04-24#t72w0,2006-04-24,Mr. Zwozdesky,160,,,Human,0.0,4.0,
cabctl037,expansion,AB,ctl,chamber,AB2006-04-24#t113w2,2006-04-24,Mrs. Jablonski,353,,,Human,0.0,4.0,
cabctl038,expansion,AB,ctl,chamber,AB2019-11-18#t125w1,2019-11-18,Mr. Bilous,356,,,Human,0.0,4.0,
cabctl039,expansion,AB,ctl,chamber,AB2007-05-09#t47w4,2007-05-09,Ms Blakeman,355,,,Human,0.0,4.0,
cabctl040,expansion,AB,ctl,chamber,AB2019-07-03#t459w5,2019-07-03,Member Irwin,134,,,Human,0.0,4.0,
cabctl041,expansion,AB,ctl,chamber,AB2017-03-06#t9w0,2017-03-06,Mr. Shepherd,344,,,Human,0.0,4.0,
cabctl042,expansion,AB,ctl,chamber,AB2017-12-06#t147w1,2017-12-06,Mr. Nixon,357,,,Human,0.0,4.0,
cabctl043,expansion,AB,ctl,chamber,AB2008-10-20#t143w0,2008-10-20,Mr. Hancock,139,,,Human,0.0,4.0,
cabctl044,expansion,AB,ctl,chamber,AB2010-03-08#t142w0,2010-03-08,Mrs. McQueen,356,,,Human,0.0,4.0,
cabctl045,expansion,AB,ctl,chamber,AB2008-04-29#t161w3,2008-04-29,Ms Notley,177,,,Human,0.0,4.0,
cabctl046,expansion,AB,ctl,chamber,AB2017-03-08#t300w0,2017-03-08,Mr. Ceci,237,,,Human,0.0,4.0,
cabctl047,expansion,AB,ctl,chamber,AB2016-04-13#t3w0,2016-04-13,Mr. Bilous,182,,,Human,0.0,4.0,
cabctl048,expansion,AB,ctl,chamber,AB2008-10-28#t120w0,2008-10-28,Mrs. Ady,140,,,Human,0.0,4.0,
cabctl049,expansion,AB,ctl,chamber,AB2008-11-03#t159w0,2008-11-03,Mr. Benito,355,,,Human,0.0,4.0,
cabctl050,expansion,AB,ctl,chamber,AB2015-06-18#t121w0,2015-06-18,Mr. Mason,330,,,Human,0.0,4.0,
cabctl051,expansion,AB,ctl,chamber,AB2019-11-20#t129w2,2019-11-20,Mr. Dach,340,,,Human,0.0,4.0,
cabctl053,expansion,AB,ctl,chamber,AB2016-04-05#t162w0,2016-04-05,Mr. McIver,131,,,Human,0.0,4.0,
gdec000,expansion,CA-FED,ctl,genre,CA2021-05-06#t101w3,2021-05-06,"Mr. Dave Epp (Chatham-Kent—Leamington, CPC)",298,DEBATE,,Human,0.0,4.0,
gdec001,expansion,CA-FED,ctl,genre,CA2016-05-16#t300w3,2016-05-16,"Mrs. Sherry Romanado (Longueuil—Charles-LeMoyne, Lib.)",152,DEBATE,,Human,0.0,4.0,
gdec002,expansion,CA-FED,ctl,genre,CA2019-02-28#t36w0,2019-02-28,"Mrs. Cheryl Gallant (Renfrew—Nipissing—Pembroke, CPC)",331,DEBATE,,Human,0.0,4.0,
gdec003,expansion,CA-FED,ctl,genre,CA2022-05-12#t261w6,2022-05-12,"Mr. John Williamson (New Brunswick Southwest, CPC)",202,DEBATE,,Human,0.0,4.0,
gdec004,expansion,CA-FED,ctl,genre,CA2018-06-12#t324w10,2018-06-12,"Mr. Tom Kmiec (Calgary Shepard, CPC)",359,DEBATE,,Human,0.0,4.0,
gdec005,expansion,CA-FED,ctl,genre,CA2018-11-29#t97w7,2018-11-29,"Mr. Mark Gerretsen (Kingston and the Islands, Lib.)",326,DEBATE,,Human,0.0,4.0,
gdec006,expansion,CA-FED,ctl,genre,CA2021-05-13#t219w0,2021-05-13,Mr. Mark Gerretsen,136,DEBATE,,Human,0.0,4.0,
gdec007,expansion,CA-FED,ctl,genre,CA2022-06-07#t408w0,2022-06-07,"Mr. Frank Caputo (Kamloops—Thompson—Cariboo, CPC)",254,DEBATE,,Human,0.0,4.0,
gdec008,expansion,CA-FED,ctl,genre,CA2017-03-24#t132w1,2017-03-24,"Mr. Murray Rankin (Victoria, NDP)",356,DEBATE,,Human,0.0,4.0,
gdec009,expansion,CA-FED,ctl,genre,CA2019-02-08#t1w0,2019-02-08,Hon. Bardish Chagger,339,DEBATE,,Human,0.0,4.0,
gdec010,expansion,CA-FED,ctl,genre,CA2016-10-25#t75w1,2016-10-25,"Mrs. Karen Vecchio (Elgin—Middlesex—London, CPC)",325,DEBATE,,Human,0.0,4.0,
gdec011,expansion,CA-FED,ctl,genre,CA2020-02-27#t259w1,2020-02-27,"Ms. Yasmin Ratansi (Don Valley East, Lib.)",357,DEBATE,,Human,0.0,4.0,
gdec012,expansion,CA-FED,ctl,genre,CA2021-12-07#t87w3,2021-12-07,"Mr. Kevin Lamoureux (Parliamentary Secretary to the Leader of the Government in the House of Commons, Lib.)",300,DEBATE,,Human,0.0,4.0,
gdec013,expansion,CA-FED,ctl,genre,CA2017-12-08#t132w0,2017-12-08,"Mr. Chris Bittle (St. Catharines, Lib.)",193,DEBATE,,Human,0.0,4.0,
gdec014,expansion,CA-FED,ctl,genre,CA2021-03-08#t167w0,2021-03-08,Hon. Carla Qualtrough,341,DEBATE,,Human,0.0,4.0,
gdec015,expansion,CA-FED,ctl,genre,CA2022-06-14#t78w0,2022-06-14,"Mr. Brian Masse (Windsor West, NDP)",131,DEBATE,,Human,0.0,4.0,
gdec016,expansion,CA-FED,ctl,genre,CA2020-02-25#t23w2,2020-02-25,"Mr. Jagmeet Singh (Burnaby South, NDP)",358,DEBATE,,Human,0.0,4.0,
gdec017,expansion,CA-FED,ctl,genre,CA2016-02-04#t227w4,2016-02-04,"Hon. Peter Van Loan (York—Simcoe, CPC)",257,DEBATE,,Human,0.0,4.0,
gdec018,expansion,CA-FED,ctl,genre,CA2022-05-30#t38w0,2022-05-30,Hon. Pablo Rodriguez,132,DEBATE,,Human,0.0,4.0,
gdec019,expansion,CA-FED,ctl,genre,CA2022-06-07#t288w0,2022-06-07,"Mrs. Cathay Wagantall (Yorkton—Melville, CPC)",147,DEBATE,,Human,0.0,4.0,
gdec020,expansion,CA-FED,ctl,genre,CA2022-05-09#t204w0,2022-05-09,Mr. Dean Allison,132,DEBATE,,Human,0.0,4.0,
gdec021,expansion,CA-FED,ctl,genre,CA2022-04-05#t57w3,2022-04-05,"Ms. Lindsay Mathyssen (London—Fanshawe, NDP)",307,DEBATE,,Human,0.0,4.0,
gdec022,expansion,CA-FED,ctl,genre,CA2017-11-30#t224w0,2017-11-30,"Ms. Yvonne Jones (Parliamentary Secretary to the Minister of Indigenous and Northern Affairs, Lib.)",331,DEBATE,,Human,0.0,4.0,
gdec023,expansion,CA-FED,ctl,genre,CA2020-11-05#t66w0,2020-11-05,Ms. Jenny Kwan,132,DEBATE,,Human,0.0,4.0,
gdec024,expansion,CA-FED,ctl,genre,CA2015-12-09#t341w0,2015-12-09,Hon. Scott Brison,168,DEBATE,,Human,0.0,4.0,
gdec025,expansion,CA-FED,ctl,genre,CA2021-12-07#t229w0,2021-12-07,"Ms. Jenny Kwan (Vancouver East, NDP)",157,DEBATE,,Human,0.0,4.0,
gdec026,expansion,CA-FED,ctl,genre,CA2017-09-18#t41w1,2017-09-18,"Mr. Glen Motz (Medicine Hat—Cardston—Warner, CPC)",286,DEBATE,,Human,0.0,4.0,
gdec027,expansion,CA-FED,ctl,genre,CA2022-05-12#t261w2,2022-05-12,"Mr. John Williamson (New Brunswick Southwest, CPC)",331,DEBATE,,Human,0.0,4.0,
gdec028,expansion,CA-FED,ctl,genre,CA2016-11-30#t117w0,2016-11-30,Mr. David Sweet,341,DEBATE,,Human,0.0,4.0,
gdec029,expansion,CA-FED,ctl,genre,CA2016-01-28#t98w3,2016-01-28,"Mr. John Barlow (Foothills, CPC)",310,DEBATE,,Human,0.0,4.0,
gdec030,expansion,CA-FED,ctl,genre,CA2020-11-23#t38w6,2020-11-23,"Mr. Garnett Genuis (Sherwood Park—Fort Saskatchewan, CPC)",312,DEBATE,,Human,0.0,4.0,
gdec031,expansion,CA-FED,ctl,genre,CA2018-04-18#t114w0,2018-04-18,Mr. Larry Miller,128,DEBATE,,Human,0.0,4.0,
gdec032,expansion,CA-FED,ctl,genre,CA2021-06-01#t75w2,2021-06-01,"Mr. Francesco Sorbara (Parliamentary Secretary to the Minister of National Revenue, Lib.)",348,DEBATE,,Human,0.0,4.0,
gdec033,expansion,CA-FED,ctl,genre,CA2018-11-27#t34w0,2018-11-27,"Mr. Mel Arnold (North Okanagan—Shuswap, CPC)",234,DEBATE,,Human,0.0,4.0,
gdec034,expansion,CA-FED,ctl,genre,CA2016-11-14#t244w2,2016-11-14,"Mr. Phil McColeman (Brantford—Brant, CPC)",316,DEBATE,,Human,0.0,4.0,
gdec035,expansion,CA-FED,ctl,genre,CA2018-12-04#t219w4,2018-12-04,"Mr. Mark Gerretsen (Kingston and the Islands, Lib.)",310,DEBATE,,Human,0.0,4.0,
gdec036,expansion,CA-FED,ctl,genre,CA2020-10-23#t143w7,2020-10-23,"Ms. Rachel Blaney (North Island—Powell River, NDP)",348,DEBATE,,Human,0.0,4.0,
gdec037,expansion,CA-FED,ctl,genre,CA2022-06-08#t261w0,2022-06-08,"Mr. Colin Carrie (Oshawa, CPC)",162,DEBATE,,Human,0.0,4.0,
gdec038,expansion,CA-FED,ctl,genre,CA2018-11-08#t235w2,2018-11-08,"Mr. Tom Kmiec (Calgary Shepard, CPC)",274,DEBATE,,Human,0.0,4.0,
gdec039,expansion,CA-FED,ctl,genre,CA2017-03-20#t212w0,2017-03-20,"Mr. Kevin Lamoureux (Parliamentary Secretary to the Leader of the Government in the House of Commons, Lib.)",120,DEBATE,,Human,0.0,4.0,
gdec040,expansion,CA-FED,ctl,genre,CA2018-05-24#t262w1,2018-05-24,"Mr. Blaine Calkins (Red Deer—Lacombe, CPC)",317,DEBATE,,Human,0.0,4.0,
gdec041,expansion,CA-FED,ctl,genre,CA2016-02-19#t150w0,2016-02-19,Mrs. Karen McCrimmon,135,DEBATE,,Human,0.0,4.0,
gdec042,expansion,CA-FED,ctl,genre,CA2020-11-03#t205w3,2020-11-03,"Mr. Brad Redekopp (Saskatoon West, CPC)",276,DEBATE,,Human,0.0,4.0,
gdec043,expansion,CA-FED,ctl,genre,CA2017-05-08#t197w0,2017-05-08,"Mr. Bev Shipley (Lambton—Kent—Middlesex, CPC)",139,DEBATE,,Human,0.0,4.0,
gdec044,expansion,CA-FED,ctl,genre,CA2022-03-25#t154w1,2022-03-25,"Mr. Michael Cooper (St. Albert—Edmonton, CPC)",287,DEBATE,,Human,0.0,4.0,
gdec045,expansion,CA-FED,ctl,genre,CA2020-03-24#t125w0,2020-03-24,Hon. Andrew Scheer,146,DEBATE,,Human,0.0,4.0,
gdec046,expansion,CA-FED,ctl,genre,CA2022-02-14#t200w4,2022-02-14,"Mr. John Brassard (Barrie—Innisfil, CPC)",333,DEBATE,,Human,0.0,4.0,
gdec047,expansion,CA-FED,ctl,genre,CA2016-02-02#t268w1,2016-02-02,"Mr. Scott Duvall (Hamilton Mountain, NDP)",360,DEBATE,,Human,0.0,4.0,
gdec048,expansion,CA-FED,ctl,genre,CA2020-10-20#t64w3,2020-10-20,"Mr. Peter Fragiskatos (London North Centre, Lib.)",308,DEBATE,,Human,0.0,4.0,
gdec049,expansion,CA-FED,ctl,genre,CA2019-02-19#t56w1,2019-02-19,"Mr. Murray Rankin (Victoria, NDP)",328,DEBATE,,Human,0.0,4.0,
gdec050,expansion,CA-FED,ctl,genre,CA2019-02-27#t129w0,2019-02-27,Mr. Jamie Schmale,181,DEBATE,,Human,0.0,4.0,
gdec051,expansion,CA-FED,ctl,genre,CA2017-09-18#t218w3,2017-09-18,"Hon. Kevin Sorenson (Battle River—Crowfoot, CPC)",354,DEBATE,,Human,0.0,4.0,
gdec052,expansion,CA-FED,ctl,genre,CA2021-04-15#t70w4,2021-04-15,"Mr. Patrick Weiler (West Vancouver—Sunshine Coast—Sea to Sky Country, Lib.)",265,DEBATE,,Human,0.0,4.0,
gdec053,expansion,CA-FED,ctl,genre,CA2018-02-06#t56w0,2018-02-06,"Mr. Mark Gerretsen (Kingston and the Islands, Lib.)",132,DEBATE,,Human,0.0,4.0,
gdec054,expansion,CA-FED,ctl,genre,CA2022-06-14#t90w0,2022-06-14,Ms. Lena Metlege Diab,332,DEBATE,,Human,0.0,4.0,
gdec055,expansion,CA-FED,ctl,genre,CA2017-10-17#t90w0,2017-10-17,Mr. Frank Baylis,211,DEBATE,,Human,0.0,4.0,
gdec056,expansion,CA-FED,ctl,genre,CA2018-03-22#t38w0,2018-03-22,"Mr. Kevin Lamoureux (Parliamentary Secretary to the Leader of the Government in the House of Commons, Lib.)",158,DEBATE,,Human,0.0,4.0,
gdec057,expansion,CA-FED,ctl,genre,CA2017-10-16#t10w0,2017-10-16,"Mr. Todd Doherty (Cariboo—Prince George, CPC)",201,DEBATE,,Human,0.0,4.0,
gdec058,expansion,CA-FED,ctl,genre,CA2020-05-26#t8w7,2020-05-26,"Mr. John Barlow (Foothills, CPC)",359,DEBATE,,Human,0.0,4.0,
gdec059,expansion,CA-FED,ctl,genre,CA2018-01-30#t177w0,2018-01-30,Mr. Bob Saroya,138,DEBATE,,Human,0.0,4.0,
gdep000,expansion,CA-FED,prev,genre,CA2026-04-27#t63w1,2026-04-27,"Shannon Miedema (Halifax, Lib.)",346,DEBATE,,Human,0.0,4.0,
gdep001,expansion,CA-FED,prev,genre,CA2025-06-09#t21w2,2025-06-09,Hon. Wayne Long,349,DEBATE,,Human,0.0,4.0,
gdep002,expansion,CA-FED,prev,genre,CA2026-03-09#t261w1,2026-03-09,"Chak Au (Richmond Centre—Marpole, CPC)",275,DEBATE,,AI,1.0,4.0,
gdep003,expansion,CA-FED,prev,genre,CA2025-10-21#t133w0,2025-10-21,Dane Lloyd,135,DEBATE,,Human,0.0,4.0,
gdep004,expansion,CA-FED,prev,genre,CA2025-12-10#t142w1,2025-12-10,"Elizabeth May (Saanich—Gulf Islands, GP)",295,DEBATE,,Human,0.0,4.0,
gdep005,expansion,CA-FED,prev,genre,CA2025-11-21#t172w0,2025-11-21,Yasir Naqvi,172,DEBATE,,Human,0.0,4.0,
gdep006,expansion,CA-FED,prev,genre,CA2025-11-24#t219w2,2025-11-24,"Salma Zahid (Scarborough Centre—Don Valley East, Lib.)",341,DEBATE,,AI,1.0,4.0,
gdep007,expansion,CA-FED,prev,genre,CA2026-01-26#t189w1,2026-01-26,"Rhonda Kirkland (Oshawa, CPC)",287,DEBATE,,AI,1.0,4.0,
gdep008,expansion,CA-FED,prev,genre,CA2025-10-21#t113w0,2025-10-21,"Blaine Calkins (Ponoka—Didsbury, CPC)",322,DEBATE,,Human,0.0,4.0,
gdep009,expansion,CA-FED,prev,genre,CA2025-11-17#t59w1,2025-11-17,"Wade Chang (Burnaby Central, Lib.)",280,DEBATE,,AI,1.0,4.0,
gdep010,expansion,CA-FED,prev,genre,CA2025-06-18#t142w2,2025-06-18,"Juanita Nathan (Pickering—Brooklin, Lib.)",340,DEBATE,,Human,0.0,4.0,
gdep011,expansion,CA-FED,prev,genre,CA2025-11-26#t155w2,2025-11-26,"Marcus Powlowski (Thunder Bay—Rainy River, Lib.)",315,DEBATE,,Human,0.0,4.0,
gdep012,expansion,CA-FED,prev,genre,CA2025-09-18#t80w3,2025-09-18,"Fred Davies (Niagara South, CPC)",204,DEBATE,,Human,0.0,4.0,
gdep013,expansion,CA-FED,prev,genre,CA2025-06-17#t235w0,2025-06-17,"Warren Steinley (Regina—Lewvan, CPC)",167,DEBATE,,Human,0.0,4.0,
gdep014,expansion,CA-FED,prev,genre,CA2026-01-26#t28w0,2026-01-26,Larry Brock,214,DEBATE,,Human,0.0,4.0,
gdep015,expansion,CA-FED,prev,genre,CA2026-06-10#t196w0,2026-06-10,"Michael Cooper (St. Albert—Sturgeon River, CPC)",273,DEBATE,,Human,0.0,4.0,
gdep016,expansion,CA-FED,prev,genre,CA2026-06-09#t87w0,2026-06-09,"Karim Bardeesy (Parliamentary Secretary to the Minister of Industry, Lib.)",347,DEBATE,,Human,0.0,4.0,
gdep017,expansion,CA-FED,prev,genre,CA2026-06-15#t297w3,2026-06-15,"Warren Steinley (Regina—Lewvan, CPC)",350,DEBATE,,Human,0.0,4.0,
gdep018,expansion,CA-FED,prev,genre,CA2025-11-27#t91w0,2025-11-27,"Hon. Kevin Lamoureux (Parliamentary Secretary to the Leader of the Government in the House of Commons, Lib.)",123,DEBATE,,Human,0.0,4.0,
gdep019,expansion,CA-FED,prev,genre,CA2026-04-22#t163w0,2026-04-22,"Helena Konanz (Similkameen—South Okanagan—West Kootenay, CPC)",128,DEBATE,,Human,0.0,4.0,
gdep020,expansion,CA-FED,prev,genre,CA2025-06-17#t71w2,2025-06-17,"Hon. Judy A. Sgro (Humber River—Black Creek, Lib.)",324,DEBATE,,AI,1.0,4.0,
gdep021,expansion,CA-FED,prev,genre,CA2025-10-20#t233w3,2025-10-20,"Hon. Arielle Kayabaga (London West, Lib.)",289,DEBATE,,AI,1.0,4.0,
gdep022,expansion,CA-FED,prev,genre,CA2026-05-07#t91w0,2026-05-07,Dan Albas,124,DEBATE,,Human,0.0,4.0,
gdep023,expansion,CA-FED,prev,genre,CA2025-11-20#t275w3,2025-11-20,"Vince Gasparro (Parliamentary Secretary to the Secretary of State (Combatting Crime), Lib.)",166,DEBATE,,AI,1.0,4.0,
gdep024,expansion,CA-FED,prev,genre,CA2025-10-29#t121w2,2025-10-29,Hon. Sean Fraser,354,DEBATE,,Human,0.0,4.0,
gdep025,expansion,CA-FED,prev,genre,CA2026-04-23#t238w4,2026-04-23,"Hon. Steven MacKinnon (Minister of Transport and Leader of the Government in the House of Commons, Lib.)",350,DEBATE,,Human,0.0,4.0,
gdep026,expansion,CA-FED,prev,genre,CA2026-01-28#t129w0,2026-01-28,Hon. Maninder Sidhu,165,DEBATE,,Human,0.0,4.0,
gdep027,expansion,CA-FED,prev,genre,CA2026-06-02#t239w0,2026-06-02,Hon. Kevin Lamoureux,188,DEBATE,,Human,0.0,4.0,
gdep028,expansion,CA-FED,prev,genre,CA2025-09-25#t4w4,2025-09-25,"John Barlow (Foothills, CPC)",334,DEBATE,,Human,0.0,4.0,
gdep029,expansion,CA-FED,prev,genre,CA2025-06-05#t388w0,2025-06-05,Hon. Chrystia Freeland,298,DEBATE,,Human,0.0,4.0,
gdep030,expansion,CA-FED,prev,genre,CA2026-02-23#t211w0,2026-02-23,"Carol Anstey (Long Range Mountains, CPC)",278,DEBATE,,Human,0.0,4.0,
gdep031,expansion,CA-FED,prev,genre,CA2026-04-16#t256w0,2026-04-16,"Hon. Kody Blois (Parliamentary Secretary to the Prime Minister, Lib.)",205,DEBATE,,Human,0.0,4.0,
gdep032,expansion,CA-FED,prev,genre,CA2026-04-29#t123w0,2026-04-29,Karim Bardeesy,139,DEBATE,,Human,0.0,4.0,
gdep033,expansion,CA-FED,prev,genre,CA2025-11-25#t497w2,2025-11-25,"Gord Johns (Courtenay—Alberni, NDP)",180,DEBATE,,Human,0.0,4.0,
gdep034,expansion,CA-FED,prev,genre,CA2025-11-27#t31w2,2025-11-27,"Fred Davies (Niagara South, CPC)",347,DEBATE,,Human,0.0,4.0,
gdep035,expansion,CA-FED,prev,genre,CA2025-11-18#t97w0,2025-11-18,"Hon. Nathaniel Erskine-Smith (Beaches—East York, Lib.)",147,DEBATE,,Human,0.0,4.0,
gdep036,expansion,CA-FED,prev,genre,CA2026-04-14#t271w0,2026-04-14,"Dan Albas (Okanagan Lake West—South Kelowna, CPC)",214,DEBATE,,Mixed,0.39077669382095337,4.0,
gdep037,expansion,CA-FED,prev,genre,CA2025-10-09#t14w0,2025-10-09,"Pat Kelly (Calgary Crowfoot, CPC)",291,DEBATE,,Human,0.0,4.0,
gdep038,expansion,CA-FED,prev,genre,CA2026-05-26#t350w1,2026-05-26,"Hon. François-Philippe Champagne (Minister of Finance and National Revenue, Lib.)",356,DEBATE,,Human,0.0,4.0,
gdep039,expansion,CA-FED,prev,genre,CA2025-12-03#t137w0,2025-12-03,"David Bexte (Bow River, CPC)",261,DEBATE,,Human,0.0,4.0,
gdep040,expansion,CA-FED,prev,genre,CA2026-05-25#t230w3,2026-05-25,"Scot Davidson (New Tecumseth—Gwillimbury, CPC)",280,DEBATE,,Mixed,0.22828041017055511,4.0,
gdep041,expansion,CA-FED,prev,genre,CA2025-10-28#t53w0,2025-10-28,"Hon. Kevin Lamoureux (Parliamentary Secretary to the Leader of the Government in the House of Commons, Lib.)",148,DEBATE,,Human,0.0,4.0,
gdep042,expansion,CA-FED,prev,genre,CA2025-09-22#t73w4,2025-09-22,"Greg McLean (Calgary Centre, CPC)",225,DEBATE,,Human,0.0,4.0,
gdep043,expansion,CA-FED,prev,genre,CA2026-02-12#t29w0,2026-02-12,Karim Bardeesy,151,DEBATE,,Human,0.0,4.0,
gdep044,expansion,CA-FED,prev,genre,CA2026-04-16#t18w3,2026-04-16,"Hon. Steven MacKinnon (Minister of Transport and Leader of the Government in the House of Commons, Lib.)",351,DEBATE,,Human,0.0,4.0,
gdep045,expansion,CA-FED,prev,genre,CA2025-11-27#t45w2,2025-11-27,"John Barlow (Foothills, CPC)",306,DEBATE,,Human,0.0,4.0,
gdep046,expansion,CA-FED,prev,genre,CA2026-04-13#t220w1,2026-04-13,"Rhonda Kirkland (Oshawa, CPC)",304,DEBATE,,Human,0.0,4.0,
gdep047,expansion,CA-FED,prev,genre,CA2026-02-02#t270w1,2026-02-02,"Fraser Tolmie (Moose Jaw—Lake Centre—Lanigan, CPC)",289,DEBATE,,Mixed,0.2846625745296478,4.0,
gdep048,expansion,CA-FED,prev,genre,CA2026-02-09#t36w2,2026-02-09,"Hon. Mandy Gull-Masty (Minister of Indigenous Services, Lib.)",341,DEBATE,,Mixed,0.23798832297325134,4.0,
gdep049,expansion,CA-FED,prev,genre,CA2025-12-03#t144w1,2025-12-03,"Fraser Tolmie (Moose Jaw—Lake Centre—Lanigan, CPC)",304,DEBATE,,AI,1.0,4.0,
gdep050,expansion,CA-FED,prev,genre,CA2025-10-21#t298w3,2025-10-21,"Michael Guglielmin (Vaughan—Woodbridge, CPC)",258,DEBATE,,AI,1.0,4.0,
gdep051,expansion,CA-FED,prev,genre,CA2026-01-27#t255w0,2026-01-27,"Patrick Weiler (West Vancouver—Sunshine Coast—Sea to Sky Country, Lib.)",272,DEBATE,,Human,0.0,4.0,
gdep052,expansion,CA-FED,prev,genre,CA2026-04-14#t274w0,2026-04-14,"Andrew Lawton (Elgin—St. Thomas—London South, CPC)",183,DEBATE,,Human,0.0,4.0,
gdep053,expansion,CA-FED,prev,genre,CA2026-05-01#t172w2,2026-05-01,"Carol Anstey (Long Range Mountains, CPC)",331,DEBATE,,Mixed,0.7645516395568848,4.0,
gdep054,expansion,CA-FED,prev,genre,CA2025-11-03#t51w0,2025-11-03,Branden Leslie,183,DEBATE,,Human,0.0,4.0,
gdep055,expansion,CA-FED,prev,genre,CA2026-02-23#t198w0,2026-02-23,Hon. Arielle Kayabaga,223,DEBATE,,Human,0.0,4.0,
gdep056,expansion,CA-FED,prev,genre,CA2026-04-20#t72w0,2026-04-20,"Hon. Kevin Lamoureux (Parliamentary Secretary to the Leader of the Government in the House of Commons, Lib.)",148,DEBATE,,Human,0.0,4.0,
gdep057,expansion,CA-FED,prev,genre,CA2026-04-30#t261w0,2026-04-30,"Carlos Leitão (Parliamentary Secretary to the Minister of Industry, Lib.)",296,DEBATE,,Human,0.0,4.0,
gdep058,expansion,CA-FED,prev,genre,CA2025-12-02#t295w0,2025-12-02,"Brad Redekopp (Saskatoon West, CPC)",332,DEBATE,,Human,0.0,4.0,
gdep059,expansion,CA-FED,prev,genre,CA2025-10-09#t287w2,2025-10-09,"Hon. Mark Gerretsen (Kingston and the Islands, Lib.)",290,DEBATE,,Human,0.0,4.0,
goqc000,expansion,CA-FED,ctl,genre,CA2022-04-04#t140w0,2022-04-04,"Hon. Sean Fraser (Minister of Immigration, Refugees and Citizenship, Lib.)",135,OQ,,Human,0.0,4.0,
goqc001,expansion,CA-FED,ctl,genre,CA2018-04-25#t91w0,2018-04-25,"Mr. Daniel Blaikie (Elmwood—Transcona, NDP)",130,OQ,,Human,0.0,4.0,
goqc002,expansion,CA-FED,ctl,genre,CA2021-06-03#t193w0,2021-06-03,"Hon. Carla Qualtrough (Minister of Employment, Workforce Development and Disability Inclusion, Lib.)",123,OQ,,Human,0.0,4.0,
goqc003,expansion,CA-FED,ctl,genre,CA2020-11-19#t162w0,2020-11-19,"Hon. Marc Miller (Minister of Indigenous Services, Lib.)",124,OQ,,Human,0.0,4.0,
goqc004,expansion,CA-FED,ctl,genre,CA2017-05-19#t65w0,2017-05-19,"Mr. Adam Vaughan (Parliamentary Secretary to the Minister of Families, Children and Social Development (Housing and Urban Affairs), Lib.)",124,OQ,,Human,0.0,4.0,
goqc005,expansion,CA-FED,ctl,genre,CA2017-01-31#t110w0,2017-01-31,"Right Hon. Justin Trudeau (Prime Minister, Lib.)",120,OQ,,Human,0.0,4.0,
goqc006,expansion,CA-FED,ctl,genre,CA2017-11-21#t142w0,2017-11-21,"Mrs. Shannon Stubbs (Lakeland, CPC)",129,OQ,,Human,0.0,4.0,
goqc007,expansion,CA-FED,ctl,genre,CA2017-11-02#t206w0,2017-11-02,"Hon. Alice Wong (Richmond Centre, CPC)",359,OQ,,Human,0.0,4.0,
goqc008,expansion,CA-FED,ctl,genre,CA2021-12-07#t144w0,2021-12-07,"Hon. Sean Fraser (Minister of Immigration, Refugees and Citizenship, Lib.)",121,OQ,,Human,0.0,4.0,
goqc009,expansion,CA-FED,ctl,genre,CA2021-06-07#t138w0,2021-06-07,"Mrs. Jenica Atwin (Fredericton, GP)",134,OQ,,Human,0.0,4.0,
goqc010,expansion,CA-FED,ctl,genre,CA2019-03-01#t96w0,2019-03-01,"Hon. Bardish Chagger (Leader of the Government in the House of Commons, Lib.)",140,OQ,,Human,0.0,4.0,
goqc011,expansion,CA-FED,ctl,genre,CA2018-05-30#t45w0,2018-05-30,"Hon. Lisa Raitt (Milton, CPC)",129,OQ,,Human,0.0,4.0,
goqc012,expansion,CA-FED,ctl,genre,CA2021-12-15#t99w0,2021-12-15,"Mr. Mike Morrice (Kitchener Centre, GP)",121,OQ,,Human,0.0,4.0,
goqc013,expansion,CA-FED,ctl,genre,CA2018-11-22#t103w0,2018-11-22,"Hon. Bill Morneau (Minister of Finance, Lib.)",142,OQ,,Human,0.0,4.0,
goqc014,expansion,CA-FED,ctl,genre,CA2017-10-19#t126w0,2017-10-19,"Mr. Nathan Cullen (Skeena—Bulkley Valley, NDP)",127,OQ,,Human,0.0,4.0,
goqc015,expansion,CA-FED,ctl,genre,CA2019-04-04#t86w0,2019-04-04,"Mr. Sean Fraser (Parliamentary Secretary to the Minister of Environment and Climate Change, Lib.)",132,OQ,,Human,0.0,4.0,
goqc016,expansion,CA-FED,ctl,genre,CA2018-10-05#t91w0,2018-10-05,"Hon. Filomena Tassi (Minister of Seniors, Lib.)",127,OQ,,Human,0.0,4.0,
goqc017,expansion,CA-FED,ctl,genre,CA2021-06-14#t152w0,2021-06-14,"Mr. Randall Garrison (Esquimalt—Saanich—Sooke, NDP)",124,OQ,,Human,0.0,4.0,
goqc018,expansion,CA-FED,ctl,genre,CA2021-02-02#t131w0,2021-02-02,"Right Hon. Justin Trudeau (Prime Minister, Lib.)",138,OQ,,Human,0.0,4.0,
goqc019,expansion,CA-FED,ctl,genre,CA2017-04-06#t131w0,2017-04-06,"Hon. Bardish Chagger (Leader of the Government in the House of Commons and Minister of Small Business and Tourism, Lib.)",129,OQ,,Human,0.0,4.0,
goqc020,expansion,CA-FED,ctl,genre,CA2020-03-12#t130w0,2020-03-12,"Hon. Patty Hajdu (Minister of Health, Lib.)",124,OQ,,Human,0.0,4.0,
goqc021,expansion,CA-FED,ctl,genre,CA2022-06-21#t207w0,2022-06-21,"Ms. Rachel Blaney (North Island—Powell River, NDP)",345,OQ,,Human,0.0,4.0,
goqc022,expansion,CA-FED,ctl,genre,CA2020-02-25#t202w0,2020-02-25,"Hon. Rob Moore (Fundy Royal, CPC)",348,OQ,,Human,0.0,4.0,
goqc023,expansion,CA-FED,ctl,genre,CA2018-02-05#t143w0,2018-02-05,"Hon. Ahmed Hussen (Minister of Immigration, Refugees and Citizenship, Lib.)",123,OQ,,Human,0.0,4.0,
goqc024,expansion,CA-FED,ctl,genre,CA2016-12-14#t99w0,2016-12-14,Mr. Murray Rankin,340,OQ,,Human,0.0,4.0,
goqc025,expansion,CA-FED,ctl,genre,CA2022-06-23#t101w0,2022-06-23,"Mr. Jagmeet Singh (Burnaby South, NDP)",120,OQ,,Human,0.0,4.0,
goqc026,expansion,CA-FED,ctl,genre,CA2021-06-18#t83w0,2021-06-18,"Mr. Sean Fraser (Parliamentary Secretary to the Deputy Prime Minister and Minister of Finance and to the Minister of Middle Class Prosperity and Associate Minister of Finance, Lib.)",141,OQ,,Human,0.0,4.0,
goqc027,expansion,CA-FED,ctl,genre,CA2020-11-18#t19w0,2020-11-18,"Right Hon. Justin Trudeau (Prime Minister, Lib.)",144,OQ,,Human,0.0,4.0,
goqc028,expansion,CA-FED,ctl,genre,CA2021-02-05#t50w0,2021-02-05,"Mr. Sean Fraser (Parliamentary Secretary to the Minister of Finance and to the Minister of Middle Class Prosperity and Associate Minister of Finance, Lib.)",124,OQ,,Human,0.0,4.0,
goqc029,expansion,CA-FED,ctl,genre,CA2020-09-24#t95w0,2020-09-24,"Mr. Jagmeet Singh (Burnaby South, NDP)",130,OQ,,Human,0.0,4.0,
goqc030,expansion,CA-FED,ctl,genre,CA2019-02-07#t197w0,2019-02-07,"Hon. Bardish Chagger (Leader of the Government in the House of Commons, Lib.)",126,OQ,,Human,0.0,4.0,
goqc031,expansion,CA-FED,ctl,genre,CA2017-09-28#t111w0,2017-09-28,"Hon. Andrew Scheer (Leader of the Opposition, CPC)",127,OQ,,Human,0.0,4.0,
goqc032,expansion,CA-FED,ctl,genre,CA2022-05-09#t117w0,2022-05-09,"Hon. Patty Hajdu (Minister of Indigenous Services and Minister responsible for the Federal Economic Development Agency for Northern Ontario, Lib.)",130,OQ,,Human,0.0,4.0,
goqc033,expansion,CA-FED,ctl,genre,CA2020-10-20#t166w0,2020-10-20,"Hon. Michelle Rempel Garner (Calgary Nose Hill, CPC)",121,OQ,,Human,0.0,4.0,
goqc034,expansion,CA-FED,ctl,genre,CA2019-01-29#t157w0,2019-01-29,"Hon. Catherine McKenna (Minister of Environment and Climate Change, Lib.)",121,OQ,,Human,0.0,4.0,
goqc035,expansion,CA-FED,ctl,genre,CA2020-11-23#t144w0,2020-11-23,"Hon. David Lametti (Minister of Justice, Lib.)",127,OQ,,Human,0.0,4.0,
goqc036,expansion,CA-FED,ctl,genre,CA2016-01-27#t74w0,2016-01-27,"Hon. Jane Philpott (Minister of Health, Lib.)",121,OQ,,Human,0.0,4.0,
goqc037,expansion,CA-FED,ctl,genre,CA2022-02-16#t106w0,2022-02-16,"Mr. Scott Reid (Lanark—Frontenac—Kingston, CPC)",130,OQ,,Human,0.0,4.0,
goqc038,expansion,CA-FED,ctl,genre,CA2022-06-02#t187w0,2022-06-02,"Hon. Mark Holland (Leader of the Government in the House of Commons, Lib.)",140,OQ,,Human,0.0,4.0,
goqc039,expansion,CA-FED,ctl,genre,CA2022-05-16#t161w0,2022-05-16,"Hon. Sean Fraser (Minister of Immigration, Refugees and Citizenship, Lib.)",129,OQ,,Human,0.0,4.0,
goqc040,expansion,CA-FED,ctl,genre,CA2017-11-02#t136w0,2017-11-02,"Mr. Guy Caron (Rimouski-Neigette—Témiscouata—Les Basques, NDP)",127,OQ,,Human,0.0,4.0,
goqc041,expansion,CA-FED,ctl,genre,CA2022-02-17#t173w0,2022-02-17,"Hon. Mark Holland (Leader of the Government in the House of Commons, Lib.)",121,OQ,,Human,0.0,4.0,
goqc042,expansion,CA-FED,ctl,genre,CA2016-10-31#t86w0,2016-10-31,"Mr. Charlie Angus (Timmins—James Bay, NDP)",130,OQ,,Human,0.0,4.0,
goqc043,expansion,CA-FED,ctl,genre,CA2019-02-26#t106w0,2019-02-26,"Mr. Charlie Angus (Timmins—James Bay, NDP)",127,OQ,,Human,0.0,4.0,
goqc044,expansion,CA-FED,ctl,genre,CA2017-05-29#t112w0,2017-05-29,"Mr. Jonathan Wilkinson (Parliamentary Secretary to the Minister of Environment and Climate Change, Lib.)",120,OQ,,Human,0.0,4.0,
goqc045,expansion,CA-FED,ctl,genre,CA2017-06-01#t122w0,2017-06-01,"Hon. Jane Philpott (Minister of Health, Lib.)",123,OQ,,Human,0.0,4.0,
goqc046,expansion,CA-FED,ctl,genre,CA2021-02-22#t147w0,2021-02-22,"Hon. Bill Blair (Minister of Public Safety and Emergency Preparedness, Lib.)",127,OQ,,Human,0.0,4.0,
goqc047,expansion,CA-FED,ctl,genre,CA2018-11-02#t110w0,2018-11-02,"Mr. Sean Fraser (Parliamentary Secretary to the Minister of Environment and Climate Change, Lib.)",129,OQ,,Human,0.0,4.0,
goqc048,expansion,CA-FED,ctl,genre,CA2016-06-02#t145w0,2016-06-02,"Mr. Scott Reid (Lanark—Frontenac—Kingston, CPC)",136,OQ,,Human,0.0,4.0,
goqc049,expansion,CA-FED,ctl,genre,CA2021-06-21#t170w0,2021-06-21,"Hon. Michael Chong (Wellington—Halton Hills, CPC)",274,OQ,,Human,0.0,4.0,
goqc050,expansion,CA-FED,ctl,genre,CA2020-01-31#t112w0,2020-01-31,"Hon. Bill Blair (Minister of Public Safety and Emergency Preparedness, Lib.)",125,OQ,,Human,0.0,4.0,
goqc051,expansion,CA-FED,ctl,genre,CA2022-05-19#t236w0,2022-05-19,"Mr. Blaine Calkins (Red Deer—Lacombe, CPC)",127,OQ,,Human,0.0,4.0,
goqc052,expansion,CA-FED,ctl,genre,CA2018-05-24#t217w1,2018-05-24,"Mr. Mark Warawa (Langley—Aldergrove, CPC)",292,OQ,,Human,0.0,4.0,
goqc053,expansion,CA-FED,ctl,genre,CA2022-06-08#t56w0,2022-06-08,"Hon. Jonathan Wilkinson (Minister of Natural Resources, Lib.)",122,OQ,,Human,0.0,4.0,
goqc054,expansion,CA-FED,ctl,genre,CA2016-05-04#t57w0,2016-05-04,"Mr. Blaine Calkins (Red Deer—Lacombe, CPC)",120,OQ,,Human,0.0,4.0,
goqc055,expansion,CA-FED,ctl,genre,CA2017-10-26#t125w0,2017-10-26,"Hon. Bill Morneau (Minister of Finance, Lib.)",132,OQ,,Human,0.0,4.0,
goqc056,expansion,CA-FED,ctl,genre,CA2017-05-02#t213w2,2017-05-02,"Mr. Scott Reid (Lanark—Frontenac—Kingston, CPC)",250,OQ,,Human,0.0,4.0,
goqc057,expansion,CA-FED,ctl,genre,CA2021-02-04#t195w0,2021-02-04,"Hon. Bill Blair (Minister of Public Safety and Emergency Preparedness, Lib.)",121,OQ,,Human,0.0,4.0,
goqc058,expansion,CA-FED,ctl,genre,CA2016-12-12#t73w0,2016-12-12,"Hon. Rona Ambrose (Leader of the Opposition, CPC)",123,OQ,,Human,0.0,4.0,
goqc059,expansion,CA-FED,ctl,genre,CA2021-02-18#t205w0,2021-02-18,"Hon. Bill Blair (Minister of Public Safety and Emergency Preparedness, Lib.)",128,OQ,,Human,0.0,4.0,
goqp000,expansion,CA-FED,prev,genre,CA2025-09-18#t165w0,2025-09-18,"Andrew Lawton (Elgin—St. Thomas—London South, CPC)",125,OQ,,Human,0.0,4.0,
goqp001,expansion,CA-FED,prev,genre,CA2025-11-05#t39w0,2025-11-05,"Hon. Steven MacKinnon (Minister of Transport and Leader of the Government in the House of Commons, Lib.)",123,OQ,,Human,0.0,4.0,
goqp002,expansion,CA-FED,prev,genre,CA2025-10-02#t241w0,2025-10-02,"Hon. Steven MacKinnon (Minister of Transport and Leader of the Government in the House of Commons, Lib.)",261,OQ,,Human,0.0,4.0,
goqp003,expansion,CA-FED,prev,genre,CA2026-02-06#t132w1,2026-02-06,"Alexandra Mendès (Brossard—Saint-Lambert, Lib.)",159,OQ,,AI,1.0,4.0,
goqp004,expansion,CA-FED,prev,genre,CA2025-09-16#t233w0,2025-09-16,"Tamara Jansen (Cloverdale—Langley City, CPC)",303,OQ,,Mixed,0.3674367368221283,4.0,
goqp005,expansion,CA-FED,prev,genre,CA2025-09-26#t68w0,2025-09-26,"Hon. François-Philippe Champagne (Minister of Finance and National Revenue, Lib.)",121,OQ,,Human,0.0,4.0,
goqp006,expansion,CA-FED,prev,genre,CA2025-12-02#t204w0,2025-12-02,"Hon. Adam van Koeverden (Secretary of State (Sport), Lib.)",135,OQ,,Human,0.0,4.0,
goqp007,expansion,CA-FED,prev,genre,CA2025-10-06#t174w0,2025-10-06,"Hon. Sean Fraser (Minister of Justice and Attorney General of Canada and Minister responsible for the Atlantic Canada Opportunities Agency, Lib.)",126,OQ,,Human,0.0,4.0,
goqp008,expansion,CA-FED,prev,genre,CA2026-05-25#t96w0,2026-05-25,"Hon. Pierre Poilievre (Leader of the Opposition, CPC)",123,OQ,,Human,0.0,4.0,
goqp009,expansion,CA-FED,prev,genre,CA2026-06-15#t153w0,2026-06-15,"Hon. Kody Blois (Parliamentary Secretary to the Prime Minister, Lib.)",146,OQ,,Human,0.0,4.0,
goqp010,expansion,CA-FED,prev,genre,CA2025-10-08#t42w0,2025-10-08,"Hon. Andrew Scheer (Regina—Qu'Appelle, CPC)",125,OQ,,Human,0.0,4.0,
goqp011,expansion,CA-FED,prev,genre,CA2026-04-23#t202w0,2026-04-23,"Hon. Evan Solomon (Minister of Artificial Intelligence and Digital Innovation and Minister responsible for the Federal Economic Development Agency for Southern Ontario, Lib.)",127,OQ,,Human,0.0,4.0,
goqp012,expansion,CA-FED,prev,genre,CA2026-04-14#t144w0,2026-04-14,"Hon. Andrew Scheer (Regina—Qu'Appelle, CPC)",129,OQ,,Human,0.0,4.0,
goqp013,expansion,CA-FED,prev,genre,CA2026-05-28#t231w0,2026-05-28,"Hon. Arielle Kayabaga (London West, Lib.)",216,OQ,,Human,0.0,4.0,
goqp014,expansion,CA-FED,prev,genre,CA2026-03-11#t16w0,2026-03-11,"Hon. Pierre Poilievre (Leader of the Opposition, CPC)",128,OQ,,Human,0.0,4.0,
goqp015,expansion,CA-FED,prev,genre,CA2025-11-24#t104w0,2025-11-24,"Hon. Pierre Poilievre (Leader of the Opposition, CPC)",121,OQ,,Human,0.0,4.0,
goqp016,expansion,CA-FED,prev,genre,CA2025-11-07#t79w0,2025-11-07,"Hon. Andrew Scheer (Regina—Qu'Appelle, CPC)",120,OQ,,Human,0.0,4.0,
goqp017,expansion,CA-FED,prev,genre,CA2026-02-25#t85w0,2026-02-25,"Hon. Adam van Koeverden (Secretary of State (Sport), Lib.)",123,OQ,,Human,0.0,4.0,
goqp018,expansion,CA-FED,prev,genre,CA2026-02-02#t119w0,2026-02-02,"Connie Cody (Cambridge, CPC)",149,OQ,,Human,0.0,4.0,
goqp019,expansion,CA-FED,prev,genre,CA2026-06-05#t77w0,2026-06-05,"Hon. Adam van Koeverden (Secretary of State (Sport), Lib.)",139,OQ,,Human,0.0,4.0,
goqp020,expansion,CA-FED,prev,genre,CA2025-12-09#t228w0,2025-12-09,"Lianne Rood (Middlesex—London, CPC)",130,OQ,,Human,0.0,4.0,
goqp021,expansion,CA-FED,prev,genre,CA2025-11-17#t147w0,2025-11-17,"Vincent Ho (Richmond Hill South, CPC)",134,OQ,,Human,0.0,4.0,
goqp022,expansion,CA-FED,prev,genre,CA2025-09-15#t112w0,2025-09-15,"Hon. Pierre Poilievre (Leader of the Opposition, CPC)",120,OQ,,Human,0.0,4.0,
goqp023,expansion,CA-FED,prev,genre,CA2026-04-16#t215w0,2026-04-16,"Hon. Steven MacKinnon (Minister of Transport and Leader of the Government in the House of Commons, Lib.)",211,OQ,,Human,0.0,4.0,
goqp024,expansion,CA-FED,prev,genre,CA2025-09-19#t51w0,2025-09-19,"Melissa Lantsman (Thornhill, CPC)",121,OQ,,Human,0.0,4.0,
goqp025,expansion,CA-FED,prev,genre,CA2025-10-29#t55w0,2025-10-29,"Connie Cody (Cambridge, CPC)",122,OQ,,Human,0.0,4.0,
goqp026,expansion,CA-FED,prev,genre,CA2026-04-22#t19w0,2026-04-22,"Hon. Adam van Koeverden (Secretary of State (Sport), Lib.)",120,OQ,,Human,0.0,4.0,
goqp027,expansion,CA-FED,prev,genre,CA2025-10-06#t162w0,2025-10-06,"Hon. Sean Fraser (Minister of Justice and Attorney General of Canada and Minister responsible for the Atlantic Canada Opportunities Agency, Lib.)",143,OQ,,Human,0.0,4.0,
goqp028,expansion,CA-FED,prev,genre,CA2026-02-06#t131w0,2026-02-06,"Hon. Michelle Rempel Garner (Calgary Nose Hill, CPC)",312,OQ,,AI,1.0,4.0,
goqp029,expansion,CA-FED,prev,genre,CA2025-12-04#t186w0,2025-12-04,"Connie Cody (Cambridge, CPC)",124,OQ,,AI,1.0,4.0,
goqp030,expansion,CA-FED,prev,genre,CA2026-02-03#t168w0,2026-02-03,"Hon. Stephanie McLean (Secretary of State (Seniors), Lib.)",133,OQ,,Human,0.0,4.0,
goqp031,expansion,CA-FED,prev,genre,CA2026-06-08#t104w0,2026-06-08,"Andrew Lawton (Elgin—St. Thomas—London South, CPC)",127,OQ,,Human,0.0,4.0,
goqp032,expansion,CA-FED,prev,genre,CA2026-03-12#t147w0,2026-03-12,"Chris Warkentin (Grande Prairie, CPC)",121,OQ,,Human,0.0,4.0,
goqp033,expansion,CA-FED,prev,genre,CA2026-04-23#t235w0,2026-04-23,"Hon. Andrew Scheer (Regina—Qu'Appelle, CPC)",177,OQ,,Human,0.0,4.0,
goqp034,expansion,CA-FED,prev,genre,CA2026-06-16#t221w3,2026-06-16,"Jacob Mantle (York—Durham, CPC)",342,OQ,,Human,0.0,4.0,
goqp035,expansion,CA-FED,prev,genre,CA2025-06-16#t211w0,2025-06-16,"Hon. Sean Fraser (Minister of Justice and Attorney General of Canada and Minister responsible for the Atlantic Canada Opportunities Agency, Lib.)",126,OQ,,Human,0.0,4.0,
goqp036,expansion,CA-FED,prev,genre,CA2026-02-23#t144w0,2026-02-23,"Hon. François-Philippe Champagne (Minister of Finance and National Revenue, Lib.)",125,OQ,,Human,0.0,4.0,
goqp037,expansion,CA-FED,prev,genre,CA2026-02-24#t166w0,2026-02-24,"Hon. Pierre Poilievre (Leader of the Opposition, CPC)",130,OQ,,Human,0.0,4.0,
goqp038,expansion,CA-FED,prev,genre,CA2025-12-09#t227w0,2025-12-09,"Hon. Adam van Koeverden (Secretary of State (Sport), Lib.)",146,OQ,,Human,0.0,4.0,
goqp039,expansion,CA-FED,prev,genre,CA2025-10-23#t190w0,2025-10-23,"Hon. Kody Blois (Parliamentary Secretary to the Prime Minister, Lib.)",133,OQ,,Human,0.0,4.0,
goqp040,expansion,CA-FED,prev,genre,CA2026-06-18#t185w0,2026-06-18,"Hon. Sean Fraser (Minister of Justice and Attorney General of Canada and Minister responsible for the Atlantic Canada Opportunities Agency, Lib.)",131,OQ,,Human,0.0,4.0,
goqp041,expansion,CA-FED,prev,genre,CA2025-09-16#t232w0,2025-09-16,"Don Davies (Vancouver Kingsway, NDP)",155,OQ,,Human,0.0,4.0,
goqp042,expansion,CA-FED,prev,genre,CA2025-09-17#t113w0,2025-09-17,"Robert Morrissey (Egmont, Lib.)",352,OQ,,Human,0.0,4.0,
goqp043,expansion,CA-FED,prev,genre,CA2026-03-23#t141w0,2026-03-23,"Hon. Patty Hajdu (Minister of Jobs and Families and Minister responsible for the Federal Economic Development Agency for Northern Ontario, Lib.)",134,OQ,,Human,0.0,4.0,
goqp044,expansion,CA-FED,prev,genre,CA2025-11-25#t209w0,2025-11-25,"Michael Barrett (Leeds—Grenville—Thousand Islands—Rideau Lakes, CPC)",128,OQ,,Human,0.0,4.0,
goqp045,expansion,CA-FED,prev,genre,CA2026-05-25#t104w0,2026-05-25,"Hon. Patty Hajdu (Minister of Jobs and Families and Minister responsible for the Federal Economic Development Agency for Northern Ontario, Lib.)",120,OQ,,Human,0.0,4.0,
goqp046,expansion,CA-FED,prev,genre,CA2026-02-27#t60w0,2026-02-27,"Peter Fragiskatos (Parliamentary Secretary to the Minister of Immigration, Refugees and Citizenship, Lib.)",125,OQ,,Human,0.0,4.0,
goqp047,expansion,CA-FED,prev,genre,CA2025-06-19#t231w0,2025-06-19,"Hon. Andrew Scheer (Leader of the Opposition, CPC)",320,OQ,,Human,0.0,4.0,
goqp048,expansion,CA-FED,prev,genre,CA2026-04-20#t142w0,2026-04-20,"Karim Bardeesy (Parliamentary Secretary to the Minister of Industry, Lib.)",135,OQ,,Human,0.0,4.0,
goqp049,expansion,CA-FED,prev,genre,CA2026-06-11#t38w0,2026-06-11,"Hon. Gary Anandasangaree (Minister of Public Safety, Lib.)",128,OQ,,Human,0.0,4.0,
goqp050,expansion,CA-FED,prev,genre,CA2026-04-22#t43w0,2026-04-22,"Hon. Rechie Valdez (Minister of Women and Gender Equality and Secretary of State (Small Business and Tourism), Lib.)",122,OQ,,Human,0.0,4.0,
goqp051,expansion,CA-FED,prev,genre,CA2026-02-25#t76w0,2026-02-25,"Hon. Sean Fraser (Minister of Justice and Attorney General of Canada and Minister responsible for the Atlantic Canada Opportunities Agency, Lib.)",131,OQ,,Human,0.0,4.0,
goqp052,expansion,CA-FED,prev,genre,CA2026-02-12#t136w0,2026-02-12,"Hon. Andrew Scheer (Regina—Qu'Appelle, CPC)",132,OQ,,Human,0.0,4.0,
goqp053,expansion,CA-FED,prev,genre,CA2025-10-06#t164w0,2025-10-06,"Hon. Sean Fraser (Minister of Justice and Attorney General of Canada and Minister responsible for the Atlantic Canada Opportunities Agency, Lib.)",131,OQ,,Human,0.0,4.0,
goqp054,expansion,CA-FED,prev,genre,CA2026-02-24#t242w0,2026-02-24,"Yvan Baker (Etobicoke Centre, Lib.)",216,OQ,,AI,1.0,4.0,
goqp055,expansion,CA-FED,prev,genre,CA2025-11-03#t154w0,2025-11-03,"Jacob Mantle (York—Durham, CPC)",126,OQ,,Human,0.0,4.0,
goqp056,expansion,CA-FED,prev,genre,CA2025-10-30#t223w0,2025-10-30,"Hon. Steven MacKinnon (Minister of Transport and Leader of the Government in the House of Commons, Lib.)",326,OQ,,Human,0.0,4.0,
goqp057,expansion,CA-FED,prev,genre,CA2025-12-11#t144w0,2025-12-11,"Ryan Turnbull (Parliamentary Secretary to the Minister of Finance and National Revenue and to the Secretary of State (Canada Revenue Agency and Financial Institutions), Lib.)",134,OQ,,Human,0.0,4.0,
goqp058,expansion,CA-FED,prev,genre,CA2025-10-28#t149w0,2025-10-28,"Hon. Pierre Poilievre (Leader of the Opposition, CPC)",139,OQ,,Human,0.0,4.0,
goqp059,expansion,CA-FED,prev,genre,CA2025-11-25#t189w0,2025-11-25,"John Barlow (Foothills, CPC)",125,OQ,,Human,0.0,4.0,
gsoc000,expansion,CA-FED,ctl,genre,CA2017-10-04#t12w0,2017-10-04,"Mr. Bob Saroya (Markham—Unionville, CPC)",146,SO31,,Human,0.0,4.0,
gsoc001,expansion,CA-FED,ctl,genre,CA2021-06-15#t117w0,2021-06-15,"Mr. Eric Melillo (Kenora, CPC)",161,SO31,,Human,0.0,4.0,
gsoc002,expansion,CA-FED,ctl,genre,CA2020-10-08#t124w0,2020-10-08,"Ms. Lianne Rood (Lambton—Kent—Middlesex, CPC)",225,SO31,,Human,0.0,4.0,
gsoc003,expansion,CA-FED,ctl,genre,CA2022-06-02#t100w0,2022-06-02,"Mr. Todd Doherty (Cariboo—Prince George, CPC)",155,SO31,,Human,0.0,4.0,
gsoc004,expansion,CA-FED,ctl,genre,CA2017-11-23#t120w0,2017-11-23,"Ms. Jennifer O'Connell (Pickering—Uxbridge, Lib.)",148,SO31,,Human,0.0,4.0,
gsoc005,expansion,CA-FED,ctl,genre,CA2020-10-02#t28w0,2020-10-02,"Mr. Arif Virani (Parkdale—High Park, Lib.)",187,SO31,,Human,0.0,4.0,
gsoc006,expansion,CA-FED,ctl,genre,CA2017-11-30#t82w0,2017-11-30,"Mr. Len Webber (Calgary Confederation, CPC)",123,SO31,,Human,0.0,4.0,
gsoc007,expansion,CA-FED,ctl,genre,CA2017-02-24#t29w0,2017-02-24,"Ms. Yvonne Jones (Labrador, Lib.)",165,SO31,,Human,0.0,4.0,
gsoc008,expansion,CA-FED,ctl,genre,CA2020-10-23#t24w0,2020-10-23,"Mr. Richard Cannings (South Okanagan—West Kootenay, NDP)",163,SO31,,Human,0.0,4.0,
gsoc009,expansion,CA-FED,ctl,genre,CA2017-10-03#t113w0,2017-10-03,"Ms. Marilyn Gladu (Sarnia—Lambton, CPC)",149,SO31,,Human,0.0,4.0,
gsoc010,expansion,CA-FED,ctl,genre,CA2017-06-02#t17w0,2017-06-02,"Mrs. Brenda Shanahan (Châteauguay—Lacolle, Lib.)",148,SO31,,Human,0.0,4.0,
gsoc011,expansion,CA-FED,ctl,genre,CA2018-11-21#t0w0,2018-11-21,"Mr. Randeep Sarai (Surrey Centre, Lib.)",123,SO31,,Human,0.0,4.0,
gsoc012,expansion,CA-FED,ctl,genre,CA2016-01-26#t114w0,2016-01-26,"Mrs. Alaina Lockhart (Fundy Royal, Lib.)",188,SO31,,Human,0.0,4.0,
gsoc013,expansion,CA-FED,ctl,genre,CA2016-09-26#t61w0,2016-09-26,"Ms. Joyce Murray (Vancouver Quadra, Lib.)",157,SO31,,Human,0.0,4.0,
gsoc014,expansion,CA-FED,ctl,genre,CA2018-11-19#t65w0,2018-11-19,"Mr. Jati Sidhu (Mission—Matsqui—Fraser Canyon, Lib.)",162,SO31,,Human,0.0,4.0,
gsoc015,expansion,CA-FED,ctl,genre,CA2016-05-10#t101w0,2016-05-10,"Mr. Neil Ellis (Bay of Quinte, Lib.)",139,SO31,,Human,0.0,4.0,
gsoc016,expansion,CA-FED,ctl,genre,CA2017-11-20#t74w0,2017-11-20,"Mr. Marwan Tabbara (Kitchener South—Hespeler, Lib.)",139,SO31,,Human,0.0,4.0,
gsoc017,expansion,CA-FED,ctl,genre,CA2020-10-29#t124w0,2020-10-29,"Mrs. Shannon Stubbs (Lakeland, CPC)",225,SO31,,Human,0.0,4.0,
gsoc018,expansion,CA-FED,ctl,genre,CA2017-11-30#t84w0,2017-11-30,"Ms. Tracey Ramsey (Essex, NDP)",218,SO31,,Human,0.0,4.0,
gsoc019,expansion,CA-FED,ctl,genre,CA2022-06-10#t26w0,2022-06-10,"Mr. Blake Desjarlais (Edmonton Griesbach, NDP)",167,SO31,,Human,0.0,4.0,
gsoc020,expansion,CA-FED,ctl,genre,CA2016-10-07#t32w0,2016-10-07,"Hon. Pierre Poilievre (Carleton, CPC)",172,SO31,,Human,0.0,4.0,
gsoc021,expansion,CA-FED,ctl,genre,CA2021-04-26#t79w0,2021-04-26,"Mr. Jaime Battiste (Sydney—Victoria, Lib.)",146,SO31,,Human,0.0,4.0,
gsoc022,expansion,CA-FED,ctl,genre,CA2016-11-21#t59w0,2016-11-21,"Mr. Don Rusnak (Thunder Bay—Rainy River, Lib.)",181,SO31,,Human,0.0,4.0,
gsoc023,expansion,CA-FED,ctl,genre,CA2021-03-09#t112w0,2021-03-09,"Mr. Brad Vis (Mission—Matsqui—Fraser Canyon, CPC)",177,SO31,,Human,0.0,4.0,
gsoc024,expansion,CA-FED,ctl,genre,CA2017-03-07#t97w0,2017-03-07,"Hon. Hunter Tootoo (Nunavut, Ind.)",169,SO31,,Human,0.0,4.0,
gsoc025,expansion,CA-FED,ctl,genre,CA2020-11-02#t37w0,2020-11-02,"Ms. Lianne Rood (Lambton—Kent—Middlesex, CPC)",174,SO31,,Human,0.0,4.0,
gsoc026,expansion,CA-FED,ctl,genre,CA2022-05-30#t70w0,2022-05-30,"Mr. Arnold Viersen (Peace River—Westlock, CPC)",187,SO31,,Human,0.0,4.0,
gsoc027,expansion,CA-FED,ctl,genre,CA2016-06-08#t3w0,2016-06-08,"Mr. Fin Donnelly (Port Moody—Coquitlam, NDP)",168,SO31,,Human,0.0,4.0,
gsoc028,expansion,CA-FED,ctl,genre,CA2021-04-16#t37w0,2021-04-16,"Mr. Michael Barrett (Leeds—Grenville—Thousand Islands and Rideau Lakes, CPC)",168,SO31,,Human,0.0,4.0,
gsoc029,expansion,CA-FED,ctl,genre,CA2016-06-06#t70w0,2016-06-06,"Mr. Arnold Viersen (Peace River—Westlock, CPC)",156,SO31,,Human,0.0,4.0,
gsoc030,expansion,CA-FED,ctl,genre,CA2016-10-06#t122w0,2016-10-06,"Mr. Murray Rankin (Victoria, NDP)",175,SO31,,Human,0.0,4.0,
gsoc031,expansion,CA-FED,ctl,genre,CA2021-06-09#t14w0,2021-06-09,"Mr. Chandra Arya (Nepean, Lib.)",131,SO31,,Human,0.0,4.0,
gsoc032,expansion,CA-FED,ctl,genre,CA2021-12-14#t147w0,2021-12-14,"Mr. Brendan Hanley (Yukon, Lib.)",201,SO31,,Human,0.0,4.0,
gsoc033,expansion,CA-FED,ctl,genre,CA2022-04-06#t0w0,2022-04-06,"Mr. Anthony Housefather (Mount Royal, Lib.)",180,SO31,,Human,0.0,4.0,
gsoc034,expansion,CA-FED,ctl,genre,CA2020-02-19#t11w0,2020-02-19,"Mr. Warren Steinley (Regina—Lewvan, CPC)",194,SO31,,Human,0.0,4.0,
gsoc035,expansion,CA-FED,ctl,genre,CA2021-02-17#t17w0,2021-02-17,"Mrs. Brenda Shanahan (Châteauguay—Lacolle, Lib.)",135,SO31,,Human,0.0,4.0,
gsoc036,expansion,CA-FED,ctl,genre,CA2017-06-21#t14w0,2017-06-21,"Ms. Cheryl Hardcastle (Windsor—Tecumseh, NDP)",181,SO31,,Human,0.0,4.0,
gsoc037,expansion,CA-FED,ctl,genre,CA2018-10-15#t65w0,2018-10-15,"Mrs. Kelly Block (Carlton Trail—Eagle Creek, CPC)",155,SO31,,Human,0.0,4.0,
gsoc038,expansion,CA-FED,ctl,genre,CA2017-02-02#t95w0,2017-02-02,"Mr. Shaun Chen (Scarborough North, Lib.)",165,SO31,,Human,0.0,4.0,
gsoc039,expansion,CA-FED,ctl,genre,CA2017-06-07#t15w0,2017-06-07,"Hon. Pierre Poilievre (Carleton, CPC)",179,SO31,,Human,0.0,4.0,
gsoc040,expansion,CA-FED,ctl,genre,CA2016-02-19#t42w0,2016-02-19,"Mr. Romeo Saganash (Abitibi—Baie-James—Nunavik—Eeyou, NDP)",167,SO31,,Human,0.0,4.0,
gsoc041,expansion,CA-FED,ctl,genre,CA2020-11-17#t111w0,2020-11-17,"Mr. Peter Fonseca (Mississauga East—Cooksville, Lib.)",165,SO31,,Human,0.0,4.0,
gsoc042,expansion,CA-FED,ctl,genre,CA2022-05-10#t137w0,2022-05-10,"Mr. Ryan Turnbull (Whitby, Lib.)",158,SO31,,Human,0.0,4.0,
gsoc043,expansion,CA-FED,ctl,genre,CA2022-05-13#t26w0,2022-05-13,"Mr. Mark Gerretsen (Kingston and the Islands, Lib.)",177,SO31,,Human,0.0,4.0,
gsoc044,expansion,CA-FED,ctl,genre,CA2022-02-07#t96w0,2022-02-07,"Mr. Ryan Williams (Bay of Quinte, CPC)",159,SO31,,Human,0.0,4.0,
gsoc045,expansion,CA-FED,ctl,genre,CA2021-03-11#t119w0,2021-03-11,"Mr. Francesco Sorbara (Vaughan—Woodbridge, Lib.)",176,SO31,,Human,0.0,4.0,
gsoc046,expansion,CA-FED,ctl,genre,CA2021-05-28#t39w0,2021-05-28,"Mr. Brian Masse (Windsor West, NDP)",183,SO31,,Human,0.0,4.0,
gsoc047,expansion,CA-FED,ctl,genre,CA2017-12-05#t89w0,2017-12-05,"Ms. Pam Goldsmith-Jones (West Vancouver—Sunshine Coast—Sea to Sky Country, Lib.)",156,SO31,,Human,0.0,4.0,
gsoc048,expansion,CA-FED,ctl,genre,CA2019-01-29#t104w0,2019-01-29,"Mr. Majid Jowhari (Richmond Hill, Lib.)",165,SO31,,Human,0.0,4.0,
gsoc049,expansion,CA-FED,ctl,genre,CA2017-06-19#t57w0,2017-06-19,"Mr. Peter Fonseca (Mississauga East—Cooksville, Lib.)",165,SO31,,Human,0.0,4.0,
gsoc050,expansion,CA-FED,ctl,genre,CA2016-10-27#t110w0,2016-10-27,"Mr. David Anderson (Cypress Hills—Grasslands, CPC)",192,SO31,,Human,0.0,4.0,
gsoc051,expansion,CA-FED,ctl,genre,CA2018-02-28#t7w0,2018-02-28,"Mrs. Mona Fortier (Ottawa—Vanier, Lib.)",140,SO31,,Human,0.0,4.0,
gsoc052,expansion,CA-FED,ctl,genre,CA2017-06-01#t115w0,2017-06-01,"Hon. Larry Bagnell (Yukon, Lib.)",166,SO31,,Human,0.0,4.0,
gsoc053,expansion,CA-FED,ctl,genre,CA2017-05-16#t84w0,2017-05-16,"Ms. Mary Ng (Markham—Thornhill, Lib.)",153,SO31,,Human,0.0,4.0,
gsoc054,expansion,CA-FED,ctl,genre,CA2022-05-19#t156w0,2022-05-19,"Hon. Andrew Scheer (Regina—Qu'Appelle, CPC)",199,SO31,,Human,0.0,4.0,
gsoc055,expansion,CA-FED,ctl,genre,CA2018-02-01#t96w0,2018-02-01,"Mr. Gordie Hogg (South Surrey—White Rock, Lib.)",202,SO31,,Human,0.0,4.0,
gsoc056,expansion,CA-FED,ctl,genre,CA2017-09-25#t51w0,2017-09-25,"Mr. Kelly McCauley (Edmonton West, CPC)",161,SO31,,Human,0.0,4.0,
gsoc057,expansion,CA-FED,ctl,genre,CA2018-06-19#t104w0,2018-06-19,"Mr. Ben Lobb (Huron—Bruce, CPC)",168,SO31,,Human,0.0,4.0,
gsoc058,expansion,CA-FED,ctl,genre,CA2017-05-11#t101w0,2017-05-11,"Mr. Peter Fonseca (Mississauga East—Cooksville, Lib.)",160,SO31,,Human,0.0,4.0,
gsoc059,expansion,CA-FED,ctl,genre,CA2018-09-18#t105w0,2018-09-18,"Hon. Pierre Poilievre (Carleton, CPC)",151,SO31,,Human,0.0,4.0,
gsop000,expansion,CA-FED,prev,genre,CA2025-06-20#t45w0,2025-06-20,"William Stevenson (Yellowhead, CPC)",149,SO31,,Mixed,0.6855894923210144,4.0,
gsop001,expansion,CA-FED,prev,genre,CA2026-06-02#t120w0,2026-06-02,"Branden Leslie (Portage—Lisgar, CPC)",216,SO31,,AI,1.0,4.0,
gsop002,expansion,CA-FED,prev,genre,CA2026-04-15#t10w0,2026-04-15,"Rosemarie Falk (Battlefords—Lloydminster—Meadow Lake, CPC)",144,SO31,,Mixed,0.7273706793785095,4.0,
gsop003,expansion,CA-FED,prev,genre,CA2025-06-18#t12w0,2025-06-18,"Anita Vandenbeld (Ottawa West—Nepean, Lib.)",149,SO31,,Human,0.0,4.0,
gsop004,expansion,CA-FED,prev,genre,CA2025-11-21#t37w0,2025-11-21,"Karim Bardeesy (Taiaiako'n—Parkdale—High Park, Lib.)",219,SO31,,Human,0.0,4.0,
gsop005,expansion,CA-FED,prev,genre,CA2025-11-19#t11w0,2025-11-19,"Burton Bailey (Red Deer, CPC)",160,SO31,,Human,0.0,4.0,
gsop006,expansion,CA-FED,prev,genre,CA2026-05-26#t135w0,2026-05-26,"Kyle Seeback (Dufferin—Caledon, CPC)",136,SO31,,Human,0.0,4.0,
gsop007,expansion,CA-FED,prev,genre,CA2025-10-03#t41w0,2025-10-03,"Alana Hirtle (Cumberland—Colchester, Lib.)",143,SO31,,Human,0.0,4.0,
gsop008,expansion,CA-FED,prev,genre,CA2025-09-18#t113w0,2025-09-18,"Ryan Turnbull (Whitby, Lib.)",171,SO31,,AI,1.0,4.0,
gsop009,expansion,CA-FED,prev,genre,CA2026-02-05#t125w0,2026-02-05,"Chris Malette (Bay of Quinte, Lib.)",158,SO31,,Human,0.0,4.0,
gsop010,expansion,CA-FED,prev,genre,CA2026-04-21#t111w0,2026-04-21,"Larry Brock (Brantford—Brant South—Six Nations, CPC)",178,SO31,,Mixed,0.7330716252326965,4.0,
gsop011,expansion,CA-FED,prev,genre,CA2026-06-18#t101w0,2026-06-18,"Marcus Powlowski (Thunder Bay—Rainy River, Lib.)",159,SO31,,Human,0.0,4.0,
gsop012,expansion,CA-FED,prev,genre,CA2026-02-25#t15w0,2026-02-25,"Burton Bailey (Red Deer, CPC)",168,SO31,,Human,0.0,4.0,
gsop013,expansion,CA-FED,prev,genre,CA2025-12-11#t78w0,2025-12-11,"Vincent Ho (Richmond Hill South, CPC)",238,SO31,,Human,0.0,4.0,
gsop014,expansion,CA-FED,prev,genre,CA2026-02-10#t151w0,2026-02-10,"Roman Baber (York Centre, CPC)",126,SO31,,Human,0.0,4.0,
gsop015,expansion,CA-FED,prev,genre,CA2026-05-07#t137w0,2026-05-07,"Michael Kram (Regina—Wascana, CPC)",144,SO31,,AI,0.8320527076721191,4.0,
gsop016,expansion,CA-FED,prev,genre,CA2025-11-05#t7w0,2025-11-05,"Amandeep Sodhi (Brampton Centre, Lib.)",164,SO31,,Mixed,0.5579171180725098,4.0,
gsop017,expansion,CA-FED,prev,genre,CA2026-02-13#t35w0,2026-02-13,"Billy Morin (Edmonton Northwest, CPC)",148,SO31,,AI,1.0,4.0,
gsop018,expansion,CA-FED,prev,genre,CA2025-11-05#t3w0,2025-11-05,"Sonia Sidhu (Brampton South, Lib.)",134,SO31,,Human,0.0,4.0,
gsop019,expansion,CA-FED,prev,genre,CA2026-05-01#t36w0,2026-05-01,"Chris Lewis (Essex, CPC)",149,SO31,,Human,0.0,4.0,
gsop020,expansion,CA-FED,prev,genre,CA2026-06-09#t103w0,2026-06-09,"Zoe Royer (Port Moody—Coquitlam, Lib.)",128,SO31,,Human,0.0,4.0,
gsop021,expansion,CA-FED,prev,genre,CA2026-03-23#t70w0,2026-03-23,"Wade Grant (Vancouver Quadra, Lib.)",177,SO31,,Human,0.0,4.0,
gsop022,expansion,CA-FED,prev,genre,CA2025-06-12#t133w0,2025-06-12,"Cathay Wagantall (Yorkton—Melville, CPC)",186,SO31,,Human,0.0,4.0,
gsop023,expansion,CA-FED,prev,genre,CA2025-09-22#t97w0,2025-09-22,"Shannon Miedema (Halifax, Lib.)",159,SO31,,AI,1.0,4.0,
gsop024,expansion,CA-FED,prev,genre,CA2026-06-10#t5w0,2026-06-10,"Rob Morrison (Columbia—Kootenay—Southern Rockies, CPC)",169,SO31,,AI,1.0,4.0,
gsop025,expansion,CA-FED,prev,genre,CA2026-02-24#t154w0,2026-02-24,"Yvan Baker (Etobicoke Centre, Lib.)",204,SO31,,Human,0.0,4.0,
gsop026,expansion,CA-FED,prev,genre,CA2026-06-01#t76w0,2026-06-01,"Pauline Rochefort (Nipissing—Timiskaming, Lib.)",164,SO31,,Human,0.0,4.0,
gsop027,expansion,CA-FED,prev,genre,CA2025-09-18#t123w0,2025-09-18,"Dan Mazier (Riding Mountain, CPC)",146,SO31,,Human,0.0,4.0,
gsop028,expansion,CA-FED,prev,genre,CA2026-01-28#t2w0,2026-01-28,"Fred Davies (Niagara South, CPC)",181,SO31,,AI,1.0,4.0,
gsop029,expansion,CA-FED,prev,genre,CA2025-05-29#t121w0,2025-05-29,"Dan Albas (Okanagan Lake West—South Kelowna, CPC)",185,SO31,,Human,0.0,4.0,
gsop030,expansion,CA-FED,prev,genre,CA2026-05-01#t40w0,2026-05-01,"Mike Kelloway (Sydney—Glace Bay, Lib.)",145,SO31,,AI,1.0,4.0,
gsop031,expansion,CA-FED,prev,genre,CA2025-06-16#t125w0,2025-06-16,"Tim Louis (Kitchener—Conestoga, Lib.)",143,SO31,,AI,1.0,4.0,
gsop032,expansion,CA-FED,prev,genre,CA2025-06-13#t19w0,2025-06-13,Wade Grant (Vancouver Quadra),195,SO31,,Human,0.0,4.0,
gsop033,expansion,CA-FED,prev,genre,CA2026-05-28#t144w0,2026-05-28,"Andrew Lawton (Elgin—St. Thomas—London South, CPC)",163,SO31,,Human,0.0,4.0,
gsop034,expansion,CA-FED,prev,genre,CA2025-09-17#t14w0,2025-09-17,"Garnett Genuis (Sherwood Park—Fort Saskatchewan, CPC)",162,SO31,,Human,0.0,4.0,
gsop035,expansion,CA-FED,prev,genre,CA2025-06-11#t13w0,2025-06-11,"Hon. Mona Fortier (Ottawa—Vanier—Gloucester, Lib.)",169,SO31,,Human,0.0,4.0,
gsop036,expansion,CA-FED,prev,genre,CA2025-11-19#t12w0,2025-11-19,"Ryan Turnbull (Whitby, Lib.)",141,SO31,,AI,1.0,4.0,
gsop037,expansion,CA-FED,prev,genre,CA2025-10-10#t43w0,2025-10-10,"Michael Kram (Regina—Wascana, CPC)",130,SO31,,Human,0.0,4.0,
gsop038,expansion,CA-FED,prev,genre,CA2025-10-01#t10w0,2025-10-01,"Branden Leslie (Portage—Lisgar, CPC)",200,SO31,,Human,0.0,4.0,
gsop039,expansion,CA-FED,prev,genre,CA2026-02-13#t38w0,2026-02-13,"Tim Louis (Kitchener—Conestoga, Lib.)",181,SO31,,AI,1.0,4.0,
gsop040,expansion,CA-FED,prev,genre,CA2026-06-11#t31w0,2026-06-11,"Brad Redekopp (Saskatoon West, CPC)",176,SO31,,Human,0.0,4.0,
gsop041,expansion,CA-FED,prev,genre,CA2025-09-19#t40w0,2025-09-19,"Chak Au (Richmond Centre—Marpole, CPC)",131,SO31,,AI,1.0,4.0,
gsop042,expansion,CA-FED,prev,genre,CA2025-05-30#t37w0,2025-05-30,"Ernie Klassen (South Surrey—White Rock, Lib.)",169,SO31,,Human,0.0,4.0,
gsop043,expansion,CA-FED,prev,genre,CA2026-02-10#t144w0,2026-02-10,"Zoe Royer (Port Moody—Coquitlam, Lib.)",124,SO31,,AI,1.0,4.0,
gsop044,expansion,CA-FED,prev,genre,CA2026-04-29#t0w0,2026-04-29,"Taleeb Noormohamed (Vancouver Granville, Lib.)",200,SO31,,Human,0.0,4.0,
gsop045,expansion,CA-FED,prev,genre,CA2025-10-22#t2w0,2025-10-22,"Brad Redekopp (Saskatoon West, CPC)",177,SO31,,Mixed,0.3300090730190277,4.0,
gsop046,expansion,CA-FED,prev,genre,CA2025-11-28#t43w0,2025-11-28,"Vincent Ho (Richmond Hill South, CPC)",211,SO31,,AI,1.0,4.0,
gsop047,expansion,CA-FED,prev,genre,CA2026-05-01#t43w0,2026-05-01,"Kelly DeRidder (Kitchener Centre, CPC)",143,SO31,,AI,1.0,4.0,
gsop048,expansion,CA-FED,prev,genre,CA2025-11-28#t44w0,2025-11-28,"Jaime Battiste (Cape Breton—Canso—Antigonish, Lib.)",138,SO31,,Human,0.0,4.0,
gsop049,expansion,CA-FED,prev,genre,CA2025-11-28#t30w0,2025-11-28,"Scott Anderson (Vernon—Lake Country—Monashee, CPC)",134,SO31,,Human,0.0,4.0,
gsop050,expansion,CA-FED,prev,genre,CA2025-06-18#t10w0,2025-06-18,"Ernie Klassen (South Surrey—White Rock, Lib.)",156,SO31,,Human,0.0,4.0,
gsop051,expansion,CA-FED,prev,genre,CA2026-06-10#t7w0,2026-06-10,"Michael Guglielmin (Vaughan—Woodbridge, CPC)",171,SO31,,Human,0.0,4.0,
gsop052,expansion,CA-FED,prev,genre,CA2025-05-29#t132w0,2025-05-29,"Matt Strauss (Kitchener South—Hespeler, CPC)",187,SO31,,Human,0.0,4.0,
gsop053,expansion,CA-FED,prev,genre,CA2026-04-30#t130w0,2026-04-30,"Rosemarie Falk (Battlefords—Lloydminster—Meadow Lake, CPC)",151,SO31,,Human,0.0,4.0,
gsop054,expansion,CA-FED,prev,genre,CA2026-04-30#t139w0,2026-04-30,"Larry Brock (Brantford—Brant South—Six Nations, CPC)",173,SO31,,AI,1.0,4.0,
gsop055,expansion,CA-FED,prev,genre,CA2026-05-27#t7w0,2026-05-27,"John Brassard (Barrie South—Innisfil, CPC)",190,SO31,,Human,0.0,4.0,
gsop056,expansion,CA-FED,prev,genre,CA2026-01-29#t25w0,2026-01-29,"Don Davies (Vancouver Kingsway, NDP)",152,SO31,,Human,0.0,4.0,
gsop057,expansion,CA-FED,prev,genre,CA2026-04-24#t24w0,2026-04-24,"Brendan Hanley (Yukon, Lib.)",185,SO31,,Human,0.0,4.0,
gsop058,expansion,CA-FED,prev,genre,CA2025-12-09#t143w0,2025-12-09,"David McKenzie (Calgary Signal Hill, CPC)",141,SO31,,Human,0.0,4.0,
gsop059,expansion,CA-FED,prev,genre,CA2026-05-28#t141w0,2026-05-28,"Jean Yip (Scarborough—Agincourt, Lib.)",125,SO31,,AI,1.0,4.0,
ansprev000,expansion_web,NSW,prev,chamber,NSWLA2026-05-28#t169w0,2026-05-28,Mr CLAYTON BARR,196,,,Human,,4.0-web,
ansprev001,expansion_web,NSW,prev,chamber,NSWLA2025-10-15#t112w4,2025-10-15,Mr RAY WILLIAMS,260,,,Human,,4.0-web,
ansprev002,expansion_web,NSW,prev,chamber,NSWLC2025-06-25#t324w0,2025-06-25,Ms SUE HIGGINSON,235,,,Human,,4.0-web,
ansprev003,expansion_web,NSW,prev,chamber,NSWLC2025-02-12#t198w0,2025-02-12,Ms ABIGAIL BOYD,339,,,Human,,4.0-web,
ansprev004,expansion_web,NSW,prev,chamber,NSWLC2025-11-19#t166w0,2025-11-19,The Hon. JACQUI MUNRO,264,,,Human,,4.0-web,
ansprev005,expansion_web,NSW,prev,chamber,NSWLC2026-06-03#t60w0,2026-06-03,The Hon. COURTNEY HOUSSOS,198,,,Human,,4.0-web,
ansprev006,expansion_web,NSW,prev,chamber,NSWLA2026-05-14#t146w0,2026-05-14,Mr MICHAEL REGAN,327,,,Human,,4.0-web,
ansprev007,expansion_web,NSW,prev,chamber,NSWLA2025-09-17#t204w2,2025-09-17,Ms CHARISHMA KALIYANDA,120,,,Human,,4.0-web,
ansprev008,expansion_web,NSW,prev,chamber,NSWLC2026-05-27#t144w0,2026-05-27,The Hon. MARK LATHAM,331,,,Human,,4.0-web,
ansprev009,expansion_web,NSW,prev,chamber,NSWLC2026-08-06#t0w0,2026-08-06,The Hon. AILEEN MacDONALD,342,,,AI,,4.0-web,
ansprev010,expansion_web,NSW,prev,chamber,NSWLC2025-11-11#t169w0,2025-11-11,The Hon. EMMA HURST,266,,,AI,,4.0-web,
ansprev011,expansion_web,NSW,prev,chamber,NSWLC2025-05-28#t16w1,2025-05-28,The Hon. ROBERT BORSAK,331,,,Human,,4.0-web,
ansprev012,expansion_web,NSW,prev,chamber,NSWLA2025-02-18#t107w1,2025-02-18,Ms DONNA DAVIS,350,,,Human,,4.0-web,
ansprev013,expansion_web,NSW,prev,chamber,NSWLC2025-02-19#t159w2,2025-02-19,The Hon. EMILY SUVAAL,355,,,Human,,4.0-web,
ansprev014,expansion_web,NSW,prev,chamber,NSWLC2026-03-24#t85w2,2026-03-24,The Hon. Dr SARAH KAINE,334,,,AI,,4.0-web,
ansprev015,expansion_web,NSW,prev,chamber,NSWLC2025-12-23#t27w7,2025-12-23,The Hon. MARK BANASIAK,224,,,AI,,4.0-web,
ansprev016,expansion_web,NSW,prev,chamber,NSWLA2026-05-12#t31w1,2026-05-12,Mr MICHAEL DALEY,150,,,Human,,4.0-web,
ansprev017,expansion_web,NSW,prev,chamber,NSWLA2026-03-26#t124w1,2026-03-26,Mr JAMES GRIFFIN,238,,,Human,,4.0-web,
ansprev018,expansion_web,NSW,prev,chamber,NSWLA2025-06-04#t154w0,2025-06-04,Mr JAMES GRIFFIN,152,,,Mixed,,4.0-web,
ansprev019,expansion_web,NSW,prev,chamber,NSWLC2025-11-11#t97w0,2025-11-11,The Hon. STEPHEN LAWRENCE,302,,,Human,,4.0-web,
ansprev020,expansion_web,NSW,prev,chamber,NSWLA2026-02-11#t181w2,2026-02-11,Mr ADAM CROUCH,316,,,Mixed,,4.0-web,
ansprev021,expansion_web,NSW,prev,chamber,NSWLC2026-02-11#t163w2,2026-02-11,The Hon. ROBERT BORSAK,314,,,AI,,4.0-web,
ansprev022,expansion_web,NSW,prev,chamber,NSWLA2026-05-06#t154w0,2026-05-06,Mr WARREN KIRBY,181,,,AI,,4.0-web,
ansprev023,expansion_web,NSW,prev,chamber,NSWLC2026-02-04#t162w0,2026-02-04,The Hon. SARAH MITCHELL,170,,,Human,,4.0-web,
ansprev024,expansion_web,NSW,prev,chamber,NSWLA2025-10-22#t176w2,2025-10-22,Mr EDMOND ATALLA,221,,,AI,,4.0-web,
ansprev025,expansion_web,NSW,prev,chamber,NSWLA2025-05-28#t152w0,2025-05-28,Ms MARYANNE STUART,245,,,Human,,4.0-web,
ansprev026,expansion_web,NSW,prev,chamber,NSWLA2025-05-08#t107w1,2025-05-08,Ms LIZA BUTLER,272,,,AI,,4.0-web,
ansprev027,expansion_web,NSW,prev,chamber,NSWLA2025-06-25#t235w1,2025-06-25,Mr MARK TAYLOR,170,,,Human,,4.0-web,
ansprev028,expansion_web,NSW,prev,chamber,NSWLA2026-03-17#t146w0,2026-03-17,Ms KOBI SHETTY,241,,,Human,,4.0-web,
ansprev029,expansion_web,NSW,prev,chamber,NSWLA2025-08-08#t23w1,2025-08-08,Ms LIZA BUTLER,263,,,Mixed,,4.0-web,
ansprev030,expansion_web,NSW,prev,chamber,NSWLA2025-10-15#t151w0,2025-10-15,Ms DONNA DAVIS,243,,,Human,,4.0-web,
ansprev031,expansion_web,NSW,prev,chamber,NSWLA2025-11-20#t111w4,2025-11-20,Mr DAVID LAYZELL,268,,,Human,,4.0-web,
ansprev032,expansion_web,NSW,prev,chamber,NSWLA2025-02-12#t111w6,2025-02-12,Mr STEPHEN BALI,241,,,Human,,4.0-web,
ansprev033,expansion_web,NSW,prev,chamber,NSWLA2025-02-18#t179w0,2025-02-18,Mr NATHAN HAGARTY,159,,,Human,,4.0-web,
ansprev034,expansion_web,NSW,prev,chamber,NSWLC2025-10-23#t264w2,2025-10-23,Dr AMANDA COHN,152,,,Human,,4.0-web,
ansprev035,expansion_web,NSW,prev,chamber,NSWLA2026-03-18#t135w0,2026-03-18,Ms LYNDA VOLTZ,295,,,Human,,4.0-web,
ansprev036,expansion_web,NSW,prev,chamber,NSWLC2025-11-13#t139w0,2025-11-13,Ms ABIGAIL BOYD,335,,,Human,,4.0-web,
ansprev037,expansion_web,NSW,prev,chamber,NSWLC2025-06-05#t21w0,2025-06-05,The Hon. COURTNEY HOUSSOS,122,,,Human,,4.0-web,
ansprev038,expansion_web,NSW,prev,chamber,NSWLA2026-03-25#t155w2,2026-03-25,Ms KOBI SHETTY,142,,,Human,,4.0-web,
ansprev039,expansion_web,NSW,prev,chamber,NSWLA2025-11-12#t112w1,2025-11-12,Ms LYNDA VOLTZ,345,,,Human,,4.0-web,
ansprev040,expansion_web,NSW,prev,chamber,NSWLA2025-06-03#t105w2,2025-06-03,Mr RAY WILLIAMS,266,,,Human,,4.0-web,
ansprev041,expansion_web,NSW,prev,chamber,NSWLA2026-03-25#t103w1,2026-03-25,Ms LIESL TESCH,215,,,Human,,4.0-web,
ansprev042,expansion_web,NSW,prev,chamber,NSWLC2025-10-15#t108w0,2025-10-15,Ms CATE FAEHRMANN,252,,,Mixed,,4.0-web,
ansprev043,expansion_web,NSW,prev,chamber,NSWLA2025-10-23#t113w1,2025-10-23,Mrs HELEN DALTON,167,,,Mixed,,4.0-web,
ansprev044,expansion_web,NSW,prev,chamber,NSWLC2025-11-13#t254w0,2025-11-13,The Hon. DANIEL MOOKHEY,321,,,Human,,4.0-web,
ansprev045,expansion_web,NSW,prev,chamber,NSWLC2026-02-03#t80w4,2026-02-03,The Hon. DANIEL MOOKHEY,358,,,Human,,4.0-web,
ansprev046,expansion_web,NSW,prev,chamber,NSWLA2026-05-12#t29w0,2026-05-12,Mr RYAN PARK,128,,,Human,,4.0-web,
ansprev047,expansion_web,NSW,prev,chamber,NSWLA2025-10-22#t226w1,2025-10-22,Mr TIM CRAKANTHORP,345,,,Human,,4.0-web,
ansprev048,expansion_web,NSW,prev,chamber,NSWLC2026-06-04#t54w0,2026-06-04,The Hon. DANIEL MOOKHEY,187,,,Human,,4.0-web,
ansprev049,expansion_web,NSW,prev,chamber,NSWLC2025-03-19#t154w1,2025-03-19,The Hon. NATALIE WARD,186,,,Human,,4.0-web,
ansprev050,expansion_web,NSW,prev,chamber,NSWLC2025-12-22#t38w3,2025-12-22,The Hon. TANIA MIHAILUK,255,,,Human,,4.0-web,
ansprev051,expansion_web,NSW,prev,chamber,NSWLA2025-09-17#t89w0,2025-09-17,Ms LYNDA VOLTZ,334,,,AI,,4.0-web,
ansprev052,expansion_web,NSW,prev,chamber,NSWLA2026-03-17#t194w1,2026-03-17,Mr GEOFF PROVEST,289,,,Human,,4.0-web,
ansprev053,expansion_web,NSW,prev,chamber,NSWLA2026-05-13#t236w0,2026-05-13,Mr STEVE WHAN,165,,,Human,,4.0-web,
ansprev054,expansion_web,NSW,prev,chamber,NSWLA2026-02-05#t208w0,2026-02-05,Mr ROBERT DWYER,244,,,AI,,4.0-web,
ansprev055,expansion_web,NSW,prev,chamber,NSWLC2026-06-04#t168w0,2026-06-04,ALEXANDER TERRACINI,187,,,Human,,4.0-web,
ansprev056,expansion_web,NSW,prev,chamber,NSWLA2026-02-12#t128w0,2026-02-12,Ms KATELIN McINERNEY,224,,,Human,,4.0-web,
ansprev057,expansion_web,NSW,prev,chamber,NSWLC2025-11-11#t0w0,2025-11-11,The Hon. ANTHONY D'ADAM,179,,,Human,,4.0-web,
ansprev058,expansion_web,NSW,prev,chamber,NSWLA2025-08-06#t191w0,2025-08-06,Mr MICHAEL KEMP,155,,,AI,,4.0-web,
ansprev059,expansion_web,NSW,prev,chamber,NSWLA2025-05-13#t22w0,2025-05-13,Mr CHRIS MINNS,131,,,Human,,4.0-web,
ansprev060,expansion_web,NSW,prev,chamber,NSWLC2026-05-07#t95w0,2026-05-07,The Hon. RACHEL MERTON,352,,,Human,,4.0-web,
ansprev061,expansion_web,NSW,prev,chamber,NSWLA2025-09-16#t95w0,2025-09-16,Mr DUGALD SAUNDERS,333,,,Human,,4.0-web,
ansprev062,expansion_web,NSW,prev,chamber,NSWLA2025-09-17#t89w4,2025-09-17,Ms LYNDA VOLTZ,125,,,Mixed,,4.0-web,
ansprev063,expansion_web,NSW,prev,chamber,NSWLC2025-03-18#t79w1,2025-03-18,The Hon. NATALIE WARD,317,,,Human,,4.0-web,
ansprev064,expansion_web,NSW,prev,chamber,NSWLA2026-08-06#t123w0,2026-08-06,Mr MARK SPEAKMAN,241,,,Human,,4.0-web,
ansprev065,expansion_web,NSW,prev,chamber,NSWLA2025-03-19#t179w1,2025-03-19,Mr MICHAEL DALEY,245,,,Human,,4.0-web,
ansprev066,expansion_web,NSW,prev,chamber,NSWLA2025-09-11#t196w0,2025-09-11,Mr BRENDAN MOYLAN,289,,,Human,,4.0-web,
ansprev067,expansion_web,NSW,prev,chamber,NSWLC2026-03-19#t58w1,2026-03-19,The Hon. JEREMY BUCKINGHAM,127,,,Human,,4.0-web,
ansprev068,expansion_web,NSW,prev,chamber,NSWLA2026-05-05#t170w0,2026-05-05,Ms JULIA FINN,252,,,Human,,4.0-web,
ansprev069,expansion_web,NSW,prev,chamber,NSWLC2026-08-04#t96w2,2026-08-04,The Hon. SCOTT BARRETT,247,,,Human,,4.0-web,
ansprev070,expansion_web,NSW,prev,chamber,NSWLC2025-06-05#t159w4,2025-06-05,The Hon. MARK BUTTIGIEG,170,,,Human,,4.0-web,
ansprev071,expansion_web,NSW,prev,chamber,NSWLC2025-03-26#t193w2,2025-03-26,The Hon. MARK BANASIAK,304,,,AI,,4.0-web,
ansprev072,expansion_web,NSW,prev,chamber,NSWLC2025-12-23#t29w3,2025-12-23,Ms SUE HIGGINSON,293,,,Human,,4.0-web,
ansprev073,expansion_web,NSW,prev,chamber,NSWLA2026-08-05#t138w1,2026-08-05,Mr PHILIP DONATO,312,,,Mixed,,4.0-web,
ansprev074,expansion_web,NSW,prev,chamber,NSWLA2025-05-28#t89w0,2025-05-28,Mr RON HOENIG,308,,,Human,,4.0-web,
ansprev075,expansion_web,NSW,prev,chamber,NSWLA2025-11-13#t9w0,2025-11-13,Mr CHRIS MINNS,209,,,Human,,4.0-web,
ansprev076,expansion_web,NSW,prev,chamber,NSWLA2025-10-21#t214w0,2025-10-21,Ms LIESL TESCH,179,,,Human,,4.0-web,
ansprev077,expansion_web,NSW,prev,chamber,NSWLA2025-08-06#t213w1,2025-08-06,Ms CHARISHMA KALIYANDA,274,,,Human,,4.0-web,
ansprev078,expansion_web,NSW,prev,chamber,NSWLC2025-05-28#t85w0,2025-05-28,The Hon. STEPHEN LAWRENCE,299,,,Human,,4.0-web,
ansprev079,expansion_web,NSW,prev,chamber,NSWLA2025-08-05#t168w0,2025-08-05,Mr MATT CROSS,255,,,Human,,4.0-web,
ansprev080,expansion_web,NSW,prev,chamber,NSWLA2025-02-18#t74w1,2025-02-18,Mr ALISTER HENSKENS,225,,,Human,,4.0-web,
ansprev081,expansion_web,NSW,prev,chamber,NSWLA2026-05-13#t230w0,2026-05-13,Mrs WENDY TUCKERMAN,308,,,AI,,4.0-web,
ansprev082,expansion_web,NSW,prev,chamber,NSWLC2025-10-21#t109w0,2025-10-21,The Hon. ROBERT BORSAK,322,,,AI,,4.0-web,
ansprev083,expansion_web,NSW,prev,chamber,NSWLC2026-02-05#t126w4,2026-02-05,The Hon. DANIEL MOOKHEY,309,,,Human,,4.0-web,
ansprev084,expansion_web,NSW,prev,chamber,NSWLC2025-02-11#t161w0,2025-02-11,The Hon. BOB NANVA,277,,,Human,,4.0-web,
ansprev085,expansion_web,NSW,prev,chamber,NSWLC2025-11-25#t101w1,2025-11-25,Dr AMANDA COHN,280,,,Human,,4.0-web,
ansprev086,expansion_web,NSW,prev,chamber,NSWLC2026-03-19#t139w5,2026-03-19,The Hon. JOHN GRAHAM,315,,,Human,,4.0-web,
ansprev087,expansion_web,NSW,prev,chamber,NSWLC2025-03-26#t87w1,2025-03-26,The Hon. MARK LATHAM,153,,,Human,,4.0-web,
ansprev088,expansion_web,NSW,prev,chamber,NSWLA2026-02-10#t106w1,2026-02-10,Mr ANTHONY ROBERTS,287,,,AI,,4.0-web,
ansprev089,expansion_web,NSW,prev,chamber,NSWLC2025-03-27#t153w1,2025-03-27,Ms ABIGAIL BOYD,292,,,Human,,4.0-web,
ansprev090,expansion_web,NSW,prev,chamber,NSWLC2025-09-09#t47w0,2025-09-09,The Hon. DANIEL MOOKHEY,204,,,Human,,4.0-web,
ansprev091,expansion_web,NSW,prev,chamber,NSWLA2026-06-23#t136w0,2026-06-23,Ms MARYANNE STUART,312,,,AI,,4.0-web,
ansprev092,expansion_web,NSW,prev,chamber,NSWLA2025-03-19#t49w0,2025-03-19,Mr CHRIS MINNS,175,,,Human,,4.0-web,
ansprev093,expansion_web,NSW,prev,chamber,NSWLA2026-03-18#t232w1,2026-03-18,Mrs HELEN DALTON,338,,,AI,,4.0-web,
ansprev094,expansion_web,NSW,prev,chamber,NSWLA2026-05-28#t231w0,2026-05-28,Ms KATELIN McINERNEY,142,,,AI,,4.0-web,
ansprev095,expansion_web,NSW,prev,chamber,NSWLC2025-02-20#t162w0,2025-02-20,Ms SUE HIGGINSON,138,,,Human,,4.0-web,
ansprev096,expansion_web,NSW,prev,chamber,NSWLA2026-02-12#t57w0,2026-02-12,Mr MICHAEL DALEY,227,,,Human,,4.0-web,
ansprev097,expansion_web,NSW,prev,chamber,NSWLC2025-11-13#t133w5,2025-11-13,The Hon. SUSAN CARTER,170,,,Human,,4.0-web,
ansprev098,expansion_web,NSW,prev,chamber,NSWLC2026-02-05#t103w8,2026-02-05,The Hon. EMMA HURST,326,,,Human,,4.0-web,
ansprev099,expansion_web,NSW,prev,chamber,NSWLC2025-09-10#t122w3,2025-09-10,The Hon. NATALIE WARD,302,,,Human,,4.0-web,
ansprev100,expansion_web,NSW,prev,chamber,NSWLC2025-08-06#t14w0,2025-08-06,The Hon. AILEEN MacDONALD,227,,,Mixed,,4.0-web,
ansprev101,expansion_web,NSW,prev,chamber,NSWLA2025-02-12#t153w3,2025-02-12,Mr ALEX GREENWICH,166,,,Human,,4.0-web,
ansprev102,expansion_web,NSW,prev,chamber,NSWLA2025-11-21#t25w1,2025-11-21,Mr ADAM CROUCH,201,,,Human,,4.0-web,
ansprev103,expansion_web,NSW,prev,chamber,NSWLC2025-12-23#t61w4,2025-12-23,The Hon. SCOTT BARRETT,290,,,Human,,4.0-web,
ansprev104,expansion_web,NSW,prev,chamber,NSWLC2025-03-18#t58w1,2025-03-18,The Hon. JOHN GRAHAM,255,,,Human,,4.0-web,
ansprev105,expansion_web,NSW,prev,chamber,NSWLA2026-03-25#t201w1,2026-03-25,Mr TIM JAMES,256,,,Mixed,,4.0-web,
ansprev106,expansion_web,NSW,prev,chamber,NSWLC2026-08-04#t30w0,2026-08-04,The Hon. DANIEL MOOKHEY,259,,,Human,,4.0-web,
ansprev107,expansion_web,NSW,prev,chamber,NSWLA2025-03-20#t116w0,2025-03-20,Mr PAUL TOOLE,141,,,Human,,4.0-web,
ansprev108,expansion_web,NSW,prev,chamber,NSWLC2026-02-12#t122w1,2026-02-12,Ms ABIGAIL BOYD,339,,,Human,,4.0-web,
ansprev109,expansion_web,NSW,prev,chamber,NSWLC2025-08-06#t134w0,2025-08-06,The Hon. NICHOLE OVERALL,342,,,Human,,4.0-web,
ansprev110,expansion_web,NSW,prev,chamber,NSWLA2025-02-19#t218w1,2025-02-19,Mr PHILIP DONATO,338,,,Human,,4.0-web,
ansprev111,expansion_web,NSW,prev,chamber,NSWLC2025-06-25#t160w0,2025-06-25,Ms SUE HIGGINSON,345,,,Human,,4.0-web,
ansprev112,expansion_web,NSW,prev,chamber,NSWLC2026-05-06#t55w0,2026-05-06,The Hon. MARK LATHAM,315,,,Human,,4.0-web,
ansprev113,expansion_web,NSW,prev,chamber,NSWLC2025-11-20#t149w7,2025-11-20,The Hon. NATALIE WARD,231,,,Human,,4.0-web,
ansprev114,expansion_web,NSW,prev,chamber,NSWLC2026-02-10#t109w9,2026-02-10,The Hon. SCOTT FARLOW,210,,,Mixed,,4.0-web,
ansprev115,expansion_web,NSW,prev,chamber,NSWLC2025-11-27#t175w2,2025-11-27,Ms SUE HIGGINSON,258,,,Human,,4.0-web,
ansprev116,expansion_web,NSW,prev,chamber,NSWLA2026-03-18#t76w0,2026-03-18,Mr PAUL SCULLY,308,,,Human,,4.0-web,
ansprev117,expansion_web,NSW,prev,chamber,NSWLC2025-08-06#t234w1,2025-08-06,The Hon. JEREMY BUCKINGHAM,356,,,Human,,4.0-web,
ansprev118,expansion_web,NSW,prev,chamber,NSWLA2025-10-21#t94w4,2025-10-21,Dr MARJORIE O'NEILL,267,,,Human,,4.0-web,
ansprev119,expansion_web,NSW,prev,chamber,NSWLA2026-05-12#t193w4,2026-05-12,Ms FELICITY WILSON,330,,,Human,,4.0-web,
aqlprev000,expansion_web,QLD,prev,chamber,QLD2026-06-04#t229w3,2026-06-04,BERKMAN,354,,,Human,,4.0-web,
aqlprev001,expansion_web,QLD,prev,chamber,QLD2026-06-24#t115w0,2026-06-24,VORSTER,347,,,Human,,4.0-web,
aqlprev002,expansion_web,QLD,prev,chamber,QLD2025-10-28#t199w1,2025-10-28,JAMES,359,,,Human,,4.0-web,
aqlprev003,expansion_web,QLD,prev,chamber,QLD2026-06-23#t243w0,2026-06-23,RYAN,337,,,AI,,4.0-web,
aqlprev004,expansion_web,QLD,prev,chamber,QLD2025-06-12#t258w1,2025-06-12,HEAD,164,,,Human,,4.0-web,
aqlprev005,expansion_web,QLD,prev,chamber,QLD2025-10-14#t170w0,2025-10-14,WATTS,144,,,Human,,4.0-web,
aqlprev006,expansion_web,QLD,prev,chamber,QLD2026-03-03#t257w1,2026-03-03,KELLY,355,,,Mixed,,4.0-web,
aqlprev007,expansion_web,QLD,prev,chamber,QLD2025-04-29#t235w0,2025-04-29,FARMER,343,,,Human,,4.0-web,
aqlprev008,expansion_web,QLD,prev,chamber,QLD2025-03-12#t85w0,2025-03-12,LISTER,343,,,Human,,4.0-web,
aqlprev009,expansion_web,QLD,prev,chamber,QLD2025-08-28#t140w0,2025-08-28,BERKMAN,350,,,Human,,4.0-web,
aqlprev010,expansion_web,QLD,prev,chamber,QLD2025-08-27#t34w0,2025-08-27,NICHOLLS,136,,,Human,,4.0-web,
aqlprev011,expansion_web,QLD,prev,chamber,QLD2025-10-30#t194w1,2025-10-30,JANETZKI,204,,,Human,,4.0-web,
aqlprev012,expansion_web,QLD,prev,chamber,QLD2025-05-21#t262w0,2025-05-21,POWER,354,,,Human,,4.0-web,
aqlprev013,expansion_web,QLD,prev,chamber,QLD2025-06-10#t146w1,2025-06-10,POWER,353,,,Human,,4.0-web,
aqlprev014,expansion_web,QLD,prev,chamber,QLD2026-06-04#t20w0,2026-06-04,BLEIJIE,216,,,Human,,4.0-web,
aqlprev015,expansion_web,QLD,prev,chamber,QLD2025-02-19#t36w0,2025-02-19,MICKELBERG,343,,,Human,,4.0-web,
aqlprev016,expansion_web,QLD,prev,chamber,QLD2025-12-10#t36w0,2025-12-10,NICHOLLS,139,,,Human,,4.0-web,
aqlprev017,expansion_web,QLD,prev,chamber,QLD2026-03-04#t2w0,2026-03-04,DOOLEY,360,,,AI,,4.0-web,
aqlprev018,expansion_web,QLD,prev,chamber,QLD2025-06-12#t89w0,2025-06-12,BLEIJIE,350,,,Human,,4.0-web,
aqlprev019,expansion_web,QLD,prev,chamber,QLD2025-09-18#t0w0,2025-09-18,BLEIJIE,212,,,Human,,4.0-web,
aqlprev020,expansion_web,QLD,prev,chamber,QLD2026-03-05#t280w0,2026-03-05,FARMER,221,,,Human,,4.0-web,
aqlprev021,expansion_web,QLD,prev,chamber,QLD2026-03-26#t189w1,2026-03-26,YOUNG,186,,,AI,,4.0-web,
aqlprev022,expansion_web,QLD,prev,chamber,QLD2026-02-10#t81w8,2026-02-10,PURDIE,334,,,Human,,4.0-web,
aqlprev023,expansion_web,QLD,prev,chamber,QLD2025-11-18#t221w1,2025-11-18,KIRKLAND,326,,,Human,,4.0-web,
aqlprev024,expansion_web,QLD,prev,chamber,QLD2026-05-14#t260w1,2026-05-14,DOOLEY,356,,,Mixed,,4.0-web,
aqlprev025,expansion_web,QLD,prev,chamber,QLD2025-10-14#t144w0,2025-10-14,POWELL,346,,,Human,,4.0-web,
aqlprev026,expansion_web,QLD,prev,chamber,QLD2026-03-25#t62w0,2026-03-25,CAMM,183,,,Human,,4.0-web,
aqlprev027,expansion_web,QLD,prev,chamber,QLD2026-03-03#t196w4,2026-03-03,MULLEN,349,,,Human,,4.0-web,
aqlprev028,expansion_web,QLD,prev,chamber,QLD2026-03-04#t122w1,2026-03-04,BUTCHER,352,,,Human,,4.0-web,
aqlprev029,expansion_web,QLD,prev,chamber,QLD2025-06-27#t63w0,2025-06-27,BUTCHER,357,,,AI,,4.0-web,
aqlprev030,expansion_web,QLD,prev,chamber,QLD2026-02-10#t180w0,2026-02-10,McMILLAN,349,,,Human,,4.0-web,
aqlprev031,expansion_web,QLD,prev,chamber,QLD2025-10-16#t229w0,2025-10-16,HUTTON,344,,,Human,,4.0-web,
aqlprev032,expansion_web,QLD,prev,chamber,QLD2025-03-14#t223w3,2025-03-14,CAMM,145,,,Human,,4.0-web,
aqlprev033,expansion_web,QLD,prev,chamber,QLD2025-10-15#t204w2,2025-10-15,JAMES,351,,,AI,,4.0-web,
aqlprev034,expansion_web,QLD,prev,chamber,QLD2025-11-20#t248w6,2025-11-20,LISTER,282,,,Human,,4.0-web,
aqlprev035,expansion_web,QLD,prev,chamber,QLD2026-03-26#t215w0,2026-03-26,FURNER,143,,,Human,,4.0-web,
aqlprev036,expansion_web,QLD,prev,chamber,QLD2025-05-21#t42w0,2025-05-21,LANGBROEK,127,,,Human,,4.0-web,
aqlprev037,expansion_web,QLD,prev,chamber,QLD2026-06-03#t273w1,2026-06-03,KATTER,161,,,Human,,4.0-web,
aqlprev038,expansion_web,QLD,prev,chamber,QLD2025-06-24#t39w0,2025-06-24,BLEIJIE,128,,,Human,,4.0-web,
aqlprev039,expansion_web,QLD,prev,chamber,QLD2026-06-24#t203w0,2026-06-24,PEASE,244,,,Human,,4.0-web,
aqlprev040,expansion_web,QLD,prev,chamber,QLD2025-08-28#t248w0,2025-08-28,KING,357,,,Human,,4.0-web,
aqlprev041,expansion_web,QLD,prev,chamber,QLD2025-02-20#t128w0,2025-02-20,GERBER,150,,,Human,,4.0-web,
aqlprev042,expansion_web,QLD,prev,chamber,QLD2025-11-19#t10w0,2025-11-19,LANGBROEK,348,,,Human,,4.0-web,
aqlprev043,expansion_web,QLD,prev,chamber,QLD2025-06-26#t233w0,2025-06-26,McMILLAN,307,,,Mixed,,4.0-web,
aqlprev044,expansion_web,QLD,prev,chamber,QLD2025-11-18#t151w0,2025-11-18,JAMES,359,,,AI,,4.0-web,
aqlprev045,expansion_web,QLD,prev,chamber,QLD2026-06-24#t198w0,2026-06-24,BUSH,338,,,Human,,4.0-web,
aqlprev046,expansion_web,QLD,prev,chamber,QLD2025-02-18#t122w1,2025-02-18,KELLY,175,,,Human,,4.0-web,
aqlprev047,expansion_web,QLD,prev,chamber,QLD2025-02-19#t148w0,2025-02-19,POWER,185,,,Human,,4.0-web,
aqlprev048,expansion_web,QLD,prev,chamber,QLD2026-03-25#t181w1,2026-03-25,MARTIN,345,,,Mixed,,4.0-web,
aqlprev049,expansion_web,QLD,prev,chamber,QLD2026-04-22#t161w3,2026-04-22,STOKER,353,,,Human,,4.0-web,
aqlprev050,expansion_web,QLD,prev,chamber,QLD2025-10-28#t158w0,2025-10-28,MILES,261,,,Human,,4.0-web,
aqlprev051,expansion_web,QLD,prev,chamber,QLD2026-04-21#t207w0,2026-04-21,O’CONNOR,356,,,AI,,4.0-web,
aqlprev052,expansion_web,QLD,prev,chamber,QLD2025-05-20#t205w1,2025-05-20,SCANLON,357,,,Human,,4.0-web,
aqlprev053,expansion_web,QLD,prev,chamber,QLD2025-04-02#t84w0,2025-04-02,BLEIJIE,352,,,Human,,4.0-web,
aqlprev054,expansion_web,QLD,prev,chamber,QLD2025-03-14#t254w0,2025-03-14,SMITH,329,,,Human,,4.0-web,
aqlprev055,expansion_web,QLD,prev,chamber,QLD2025-03-14#t212w0,2025-03-14,LISTER,292,,,Human,,4.0-web,
aqlprev056,expansion_web,QLD,prev,chamber,QLD2025-06-24#t1w0,2025-06-24,BLEIJIE,357,,,Human,,4.0-web,
aqlprev057,expansion_web,QLD,prev,chamber,QLD2025-02-19#t210w0,2025-02-19,WHITING,350,,,Human,,4.0-web,
aqlprev058,expansion_web,QLD,prev,chamber,QLD2025-05-21#t214w3,2025-05-21,SIMPSON,253,,,Human,,4.0-web,
aqlprev059,expansion_web,QLD,prev,chamber,QLD2025-12-09#t49w0,2025-12-09,FRECKLINGTON,344,,,Human,,4.0-web,
aqlprev060,expansion_web,QLD,prev,chamber,QLD2026-05-12#t246w0,2026-05-12,BENNETT,350,,,Mixed,,4.0-web,
aqlprev061,expansion_web,QLD,prev,chamber,QLD2025-09-18#t221w1,2025-09-18,DOOLEY,355,,,AI,,4.0-web,
aqlprev062,expansion_web,QLD,prev,chamber,QLD2025-04-30#t9w0,2025-04-30,PURDIE,353,,,Human,,4.0-web,
aqlprev063,expansion_web,QLD,prev,chamber,QLD2026-06-04#t179w0,2026-06-04,FRECKLINGTON,341,,,Human,,4.0-web,
aqlprev064,expansion_web,QLD,prev,chamber,QLD2025-03-12#t176w1,2025-03-12,KIRKLAND,342,,,Mixed,,4.0-web,
aqlprev065,expansion_web,QLD,prev,chamber,QLD2025-02-20#t280w0,2025-02-20,McMILLAN,354,,,Human,,4.0-web,
aqlprev066,expansion_web,QLD,prev,chamber,QLD2025-12-11#t143w2,2025-12-11,FIELD,360,,,Mixed,,4.0-web,
aqlprev067,expansion_web,QLD,prev,chamber,QLD2025-03-13#t159w0,2025-03-13,BATES,358,,,Human,,4.0-web,
aqlprev068,expansion_web,QLD,prev,chamber,QLD2026-06-02#t205w0,2026-06-02,de BRENNI,341,,,AI,,4.0-web,
aqlprev069,expansion_web,QLD,prev,chamber,QLD2026-06-25#t234w3,2026-06-25,HEAD,287,,,Human,,4.0-web,
aqlprev070,expansion_web,QLD,prev,chamber,QLD2026-06-23#t164w2,2026-06-23,DOOLEY,347,,,Human,,4.0-web,
aqlprev071,expansion_web,QLD,prev,chamber,QLD2025-04-01#t171w0,2025-04-01,DOOLAN,339,,,Mixed,,4.0-web,
aqlprev072,expansion_web,QLD,prev,chamber,QLD2026-06-25#t235w0,2026-06-25,McCALLUM,359,,,Human,,4.0-web,
aqlprev073,expansion_web,QLD,prev,chamber,QLD2026-03-04#t118w2,2026-03-04,KNUTH,138,,,Human,,4.0-web,
aqlprev074,expansion_web,QLD,prev,chamber,QLD2026-06-03#t177w0,2026-06-03,FRECKLINGTON,153,,,Human,,4.0-web,
aqlprev075,expansion_web,QLD,prev,chamber,QLD2025-04-01#t147w1,2025-04-01,GERBER,173,,,Human,,4.0-web,
aqlprev076,expansion_web,QLD,prev,chamber,QLD2025-06-12#t333w0,2025-06-12,DICK,342,,,Human,,4.0-web,
aqlprev077,expansion_web,QLD,prev,chamber,QLD2025-02-18#t202w2,2025-02-18,MOLHOEK,355,,,Human,,4.0-web,
aqlprev078,expansion_web,QLD,prev,chamber,QLD2026-06-24#t130w8,2026-06-24,McDONALD,353,,,Human,,4.0-web,
aqlprev079,expansion_web,QLD,prev,chamber,QLD2025-02-20#t144w1,2025-02-20,MULLEN,311,,,Human,,4.0-web,
aqlprev080,expansion_web,QLD,prev,chamber,QLD2025-05-20#t318w0,2025-05-20,GRACE,175,,,Human,,4.0-web,
aqlprev081,expansion_web,QLD,prev,chamber,QLD2026-04-22#t174w0,2026-04-22,MANDER,322,,,Human,,4.0-web,
aqlprev082,expansion_web,QLD,prev,chamber,QLD2025-08-28#t123w1,2025-08-28,PEASE,335,,,AI,,4.0-web,
aqlprev083,expansion_web,QLD,prev,chamber,QLD2025-10-14#t235w0,2025-10-14,MELLISH,344,,,Human,,4.0-web,
aqlprev084,expansion_web,QLD,prev,chamber,QLD2026-06-26#t166w4,2026-06-26,JAMES,332,,,Human,,4.0-web,
aqlprev085,expansion_web,QLD,prev,chamber,QLD2025-05-22#t137w1,2025-05-22,POWELL,358,,,Human,,4.0-web,
aqlprev086,expansion_web,QLD,prev,chamber,QLD2026-02-11#t62w0,2026-02-11,JANETZKI,128,,,Human,,4.0-web,
aqlprev087,expansion_web,QLD,prev,chamber,QLD2026-06-25#t45w0,2026-06-25,LANGBROEK,137,,,Human,,4.0-web,
aqlprev088,expansion_web,QLD,prev,chamber,QLD2025-03-14#t47w0,2025-03-14,CRISAFULLI,172,,,Human,,4.0-web,
aqlprev089,expansion_web,QLD,prev,chamber,QLD2025-04-03#t166w7,2025-04-03,GERBER,333,,,Human,,4.0-web,
aqlprev090,expansion_web,QLD,prev,chamber,QLD2025-04-29#t144w1,2025-04-29,FENTIMAN,343,,,Human,,4.0-web,
aqlprev091,expansion_web,QLD,prev,chamber,QLD2025-04-03#t68w0,2025-04-03,FRECKLINGTON,132,,,Human,,4.0-web,
aqlprev092,expansion_web,QLD,prev,chamber,QLD2025-12-10#t94w0,2025-12-10,O’CONNOR,124,,,Human,,4.0-web,
aqlprev093,expansion_web,QLD,prev,chamber,QLD2025-03-14#t215w0,2025-03-14,LISTER,351,,,Human,,4.0-web,
aqlprev094,expansion_web,QLD,prev,chamber,QLD2025-11-18#t83w0,2025-11-18,NICHOLLS,121,,,Human,,4.0-web,
aqlprev095,expansion_web,QLD,prev,chamber,QLD2026-06-25#t245w1,2026-06-25,BAILEY,348,,,Human,,4.0-web,
aqlprev096,expansion_web,QLD,prev,chamber,QLD2026-02-12#t179w0,2026-02-12,GERBER,343,,,Human,,4.0-web,
aqlprev097,expansion_web,QLD,prev,chamber,QLD2025-03-13#t181w0,2025-03-13,O’CONNOR,336,,,Human,,4.0-web,
aqlprev098,expansion_web,QLD,prev,chamber,QLD2026-04-21#t209w0,2026-04-21,MILES,276,,,AI,,4.0-web,
aqlprev099,expansion_web,QLD,prev,chamber,QLD2025-11-18#t197w0,2025-11-18,HUTTON,213,,,AI,,4.0-web,
aqlprev100,expansion_web,QLD,prev,chamber,QLD2025-11-18#t116w1,2025-11-18,WATTS,351,,,Human,,4.0-web,
aqlprev101,expansion_web,QLD,prev,chamber,QLD2025-05-21#t12w1,2025-05-21,POWELL,328,,,Human,,4.0-web,
aqlprev102,expansion_web,QLD,prev,chamber,QLD2026-02-12#t169w0,2026-02-12,KNUTH,334,,,Mixed,,4.0-web,
aqlprev103,expansion_web,QLD,prev,chamber,QLD2025-04-30#t161w0,2025-04-30,NICHOLLS,126,,,Human,,4.0-web,
aqlprev104,expansion_web,QLD,prev,chamber,QLD2025-12-11#t191w0,2025-12-11,LAST,334,,,Human,,4.0-web,
aqlprev105,expansion_web,QLD,prev,chamber,QLD2026-03-03#t185w1,2026-03-03,FENTIMAN,345,,,Human,,4.0-web,
aqlprev106,expansion_web,QLD,prev,chamber,QLD2025-06-12#t3w1,2025-06-12,BOYD,358,,,Human,,4.0-web,
aqlprev107,expansion_web,QLD,prev,chamber,QLD2025-06-27#t125w1,2025-06-27,WATTS,358,,,Mixed,,4.0-web,
aqlprev108,expansion_web,QLD,prev,chamber,QLD2026-06-26#t80w4,2026-06-26,VORSTER,357,,,Mixed,,4.0-web,
aqlprev109,expansion_web,QLD,prev,chamber,QLD2026-06-04#t253w2,2026-06-04,MULLEN,279,,,Human,,4.0-web,
aqlprev110,expansion_web,QLD,prev,chamber,QLD2025-06-24#t141w0,2025-06-24,BOLTON,360,,,Human,,4.0-web,
aqlprev111,expansion_web,QLD,prev,chamber,QLD2026-05-13#t205w0,2026-05-13,HEAD,344,,,Human,,4.0-web,
aqlprev112,expansion_web,QLD,prev,chamber,QLD2026-06-03#t107w0,2026-06-03,POWELL,188,,,Human,,4.0-web,
aqlprev113,expansion_web,QLD,prev,chamber,QLD2025-05-22#t202w0,2025-05-22,GERBER,209,,,Human,,4.0-web,
aqlprev114,expansion_web,QLD,prev,chamber,QLD2026-06-25#t329w0,2026-06-25,PURDIE,354,,,AI,,4.0-web,
aqlprev115,expansion_web,QLD,prev,chamber,QLD2025-04-01#t233w1,2025-04-01,PERRETT,338,,,Human,,4.0-web,
aqlprev116,expansion_web,QLD,prev,chamber,QLD2025-08-27#t54w0,2025-08-27,FRECKLINGTON,359,,,Human,,4.0-web,
aqlprev117,expansion_web,QLD,prev,chamber,QLD2025-05-21#t23w0,2025-05-21,CRISAFULLI,319,,,Human,,4.0-web,
aqlprev118,expansion_web,QLD,prev,chamber,QLD2026-05-14#t233w1,2026-05-14,O’CONNOR,351,,,AI,,4.0-web,
aqlprev119,expansion_web,QLD,prev,chamber,QLD2025-09-17#t179w0,2025-09-17,MARR,338,,,Human,,4.0-web,
asaprev000,expansion_web,SA,prev,chamber,SAHA2025-05-14#t129w1,2025-05-14,Mr BATTY,356,,,Human,,4.0-web,
asaprev001,expansion_web,SA,prev,chamber,SAHA2025-02-19#t1w2,2025-02-19,Mr BATTY,356,,,Human,,4.0-web,
asaprev002,expansion_web,SA,prev,chamber,SALC2025-06-03#t74w2,2025-06-03,The Hon. C.M. SCRIVEN,327,,,Human,,4.0-web,
asaprev003,expansion_web,SA,prev,chamber,SAHA2025-02-05#t49w0,2025-02-05,The Hon. S.C. MULLIGHAN,196,,,Human,,4.0-web,
asaprev004,expansion_web,SA,prev,chamber,SALC2025-02-04#t142w0,2025-02-04,The Hon. C. BONAROS,261,,,Human,,4.0-web,
asaprev005,expansion_web,SA,prev,chamber,SAHA2025-04-30#t43w0,2025-04-30,The Hon. P.B. MALINAUSKAS,331,,,Human,,4.0-web,
asaprev006,expansion_web,SA,prev,chamber,SAHA2025-09-18#t3w0,2025-09-18,Mr HUGHES,330,,,Human,,4.0-web,
asaprev007,expansion_web,SA,prev,chamber,SAHA2025-05-01#t98w6,2025-05-01,Mr BASHAM,357,,,Human,,4.0-web,
asaprev008,expansion_web,SA,prev,chamber,SALC2025-09-17#t115w3,2025-09-17,The Hon. F. PANGALLO,352,,,Human,,4.0-web,
asaprev009,expansion_web,SA,prev,chamber,SAHA2025-03-18#t28w1,2025-03-18,Ms THOMPSON,330,,,AI,,4.0-web,
asaprev010,expansion_web,SA,prev,chamber,SALC2025-04-29#t26w0,2025-04-29,The Hon. K.J. MAHER,338,,,Mixed,,4.0-web,
asaprev011,expansion_web,SA,prev,chamber,SAHA2025-08-21#t3w1,2025-08-21,Mr HUGHES,337,,,Human,,4.0-web,
asaprev012,expansion_web,SA,prev,chamber,SALC2025-02-18#t136w0,2025-02-18,The Hon. K.J. MAHER,122,,,Human,,4.0-web,
asaprev013,expansion_web,SA,prev,chamber,SAHA2025-09-16#t31w0,2025-09-16,The Hon. N.D. CHAMPION,292,,,Human,,4.0-web,
asaprev014,expansion_web,SA,prev,chamber,SALC2025-06-03#t338w0,2025-06-03,The Hon. C.M. SCRIVEN,147,,,Human,,4.0-web,
asaprev015,expansion_web,SA,prev,chamber,SAHA2025-09-18#t187w2,2025-09-18,Ms HUTCHESSON,187,,,Mixed,,4.0-web,
asaprev016,expansion_web,SA,prev,chamber,SAHA2025-04-03#t89w8,2025-04-03,Ms STINSON,226,,,Human,,4.0-web,
asaprev017,expansion_web,SA,prev,chamber,SAHA2025-02-20#t45w2,2025-02-20,Ms CLANCY,360,,,Human,,4.0-web,
asaprev018,expansion_web,SA,prev,chamber,SALC2025-04-01#t10w0,2025-04-01,The Hon. C.M. SCRIVEN,333,,,Human,,4.0-web,
asaprev019,expansion_web,SA,prev,chamber,SALC2025-11-12#t157w1,2025-11-12,The Hon. R.B. MARTIN,349,,,Human,,4.0-web,
asaprev020,expansion_web,SA,prev,chamber,SALC2025-10-30#t179w0,2025-10-30,The Hon. E.S. BOURKE,235,,,Human,,4.0-web,
asaprev021,expansion_web,SA,prev,chamber,SALC2025-03-06#t114w0,2025-03-06,The Hon. K.J. MAHER,355,,,Human,,4.0-web,
asaprev022,expansion_web,SA,prev,chamber,SAHA2025-06-03#t79w1,2025-06-03,Mr WHETSTONE,340,,,Human,,4.0-web,
asaprev023,expansion_web,SA,prev,chamber,SALC2025-05-15#t151w1,2025-05-15,The Hon. N.J. CENTOFANTI,345,,,AI,,4.0-web,
asaprev024,expansion_web,SA,prev,chamber,SALC2025-06-05#t76w1,2025-06-05,The Hon. C.M. SCRIVEN,351,,,Human,,4.0-web,
asaprev025,expansion_web,SA,prev,chamber,SALC2025-05-14#t67w0,2025-05-14,The Hon. C.M. SCRIVEN,201,,,Human,,4.0-web,
asaprev026,expansion_web,SA,prev,chamber,SAHA2025-06-03#t94w0,2025-06-03,Mr McBRIDE,337,,,Human,,4.0-web,
asaprev027,expansion_web,SA,prev,chamber,SALC2025-02-18#t22w0,2025-02-18,The Hon. C.M. SCRIVEN,342,,,Human,,4.0-web,
asaprev028,expansion_web,SA,prev,chamber,SALC2025-09-17#t106w10,2025-09-17,The Hon. C. BONAROS,250,,,Human,,4.0-web,
asaprev029,expansion_web,SA,prev,chamber,SAHA2025-04-01#t49w0,2025-04-01,Mr TELFER,172,,,Human,,4.0-web,
asaprev030,expansion_web,SA,prev,chamber,SAHA2025-02-05#t122w1,2025-02-05,The Hon. S.C. MULLIGHAN,332,,,Human,,4.0-web,
asaprev031,expansion_web,SA,prev,chamber,SAHA2025-05-13#t86w0,2025-05-13,Ms PRATT,346,,,Human,,4.0-web,
asaprev032,expansion_web,SA,prev,chamber,SALC2025-10-30#t43w0,2025-10-30,The Hon. N.J. CENTOFANTI,326,,,Human,,4.0-web,
asaprev033,expansion_web,SA,prev,chamber,SAHA2025-03-20#t14w5,2025-03-20,Mr ODENWALDER,347,,,Mixed,,4.0-web,
asaprev034,expansion_web,SA,prev,chamber,SALC2025-02-20#t12w0,2025-02-20,The Hon. J.S. LEE,322,,,Human,,4.0-web,
asaprev035,expansion_web,SA,prev,chamber,SAHA2025-06-04#t329w0,2025-06-04,Mr TELFER,147,,,Human,,4.0-web,
asaprev036,expansion_web,SA,prev,chamber,SALC2025-04-30#t124w2,2025-04-30,The Hon. T.A. FRANKS,352,,,Human,,4.0-web,
asaprev037,expansion_web,SA,prev,chamber,SAHA2025-09-18#t2w0,2025-09-18,Ms HOOD,330,,,Human,,4.0-web,
asaprev038,expansion_web,SA,prev,chamber,SAHA2025-10-16#t70w0,2025-10-16,The Hon. J.K. SZAKACS,173,,,Human,,4.0-web,
asaprev039,expansion_web,SA,prev,chamber,SAHA2025-10-30#t137w0,2025-10-30,The Hon. J.K. SZAKACS,348,,,Human,,4.0-web,
asaprev040,expansion_web,SA,prev,chamber,SAHA2025-09-03#t127w2,2025-09-03,The Hon. B.I. BOYER,339,,,Human,,4.0-web,
asaprev041,expansion_web,SA,prev,chamber,SALC2025-03-04#t133w0,2025-03-04,The Hon. R.A. SIMMS,163,,,Human,,4.0-web,
asaprev042,expansion_web,SA,prev,chamber,SAHA2025-09-04#t20w0,2025-09-04,Ms HOOD,323,,,Human,,4.0-web,
asaprev043,expansion_web,SA,prev,chamber,SAHA2025-04-30#t3w0,2025-04-30,The Hon. C.J. PICTON,345,,,Human,,4.0-web,
asaprev044,expansion_web,SA,prev,chamber,SAHA2025-04-02#t39w0,2025-04-02,The Hon. P.B. MALINAUSKAS,136,,,Human,,4.0-web,
asaprev045,expansion_web,SA,prev,chamber,SALC2025-04-03#t43w1,2025-04-03,The Hon. C.M. SCRIVEN,260,,,Human,,4.0-web,
asaprev046,expansion_web,SA,prev,chamber,SAHA2025-09-04#t157w1,2025-09-04,Ms CLANCY,342,,,Human,,4.0-web,
asaprev047,expansion_web,SA,prev,chamber,SAHA2025-06-17#t0w0,2025-06-17,The Hon. V.A. TARZIA,332,,,Mixed,,4.0-web,
asaprev048,expansion_web,SA,prev,chamber,SAHA2025-03-20#t13w0,2025-03-20,Mr TEAGUE,350,,,Human,,4.0-web,
asaprev049,expansion_web,SA,prev,chamber,SALC2025-06-05#t1w2,2025-06-05,The Hon. N.J. CENTOFANTI,126,,,AI,,4.0-web,
asaprev050,expansion_web,SA,prev,chamber,SALC2025-10-16#t124w0,2025-10-16,The Hon. N.J. CENTOFANTI,339,,,AI,,4.0-web,
asaprev051,expansion_web,SA,prev,chamber,SAHA2025-04-02#t16w4,2025-04-02,Mr WHETSTONE,358,,,Human,,4.0-web,
asaprev052,expansion_web,SA,prev,chamber,SAHA2025-04-03#t91w2,2025-04-03,Ms HUTCHESSON,351,,,AI,,4.0-web,
asaprev053,expansion_web,SA,prev,chamber,SAHA2025-09-17#t104w0,2025-09-17,Mr BASHAM,343,,,AI,,4.0-web,
asaprev054,expansion_web,SA,prev,chamber,SALC2025-02-05#t121w1,2025-02-05,The Hon. K.J. MAHER,316,,,Human,,4.0-web,
asaprev055,expansion_web,SA,prev,chamber,SAHA2025-08-20#t110w1,2025-08-20,The Hon. N.D. CHAMPION,342,,,Human,,4.0-web,
asaprev056,expansion_web,SA,prev,chamber,SALC2025-09-03#t87w2,2025-09-03,The Hon. C. BONAROS,348,,,Human,,4.0-web,
asaprev057,expansion_web,SA,prev,chamber,SALC2025-03-05#t112w0,2025-03-05,The Hon. L.A. HENDERSON,186,,,Human,,4.0-web,
asaprev058,expansion_web,SA,prev,chamber,SAHA2025-02-19#t62w0,2025-02-19,The Hon. P.B. MALINAUSKAS,346,,,Human,,4.0-web,
asaprev059,expansion_web,SA,prev,chamber,SAHA2025-02-18#t0w4,2025-02-18,Mr DIGHTON,359,,,Human,,4.0-web,
asaprev060,expansion_web,SA,prev,chamber,SALC2025-09-03#t71w0,2025-09-03,The Hon. T.A. FRANKS,353,,,Human,,4.0-web,
asaprev061,expansion_web,SA,prev,chamber,SALC2025-11-12#t64w0,2025-11-12,The Hon. B.R. HOOD,164,,,Human,,4.0-web,
asaprev062,expansion_web,SA,prev,chamber,SALC2025-09-03#t77w2,2025-09-03,The Hon. J.E. HANSON,352,,,Human,,4.0-web,
asaprev063,expansion_web,SA,prev,chamber,SAHA2025-08-21#t148w2,2025-08-21,Ms HOOD,123,,,Human,,4.0-web,
asaprev064,expansion_web,SA,prev,chamber,SALC2025-09-18#t103w1,2025-09-18,The Hon. J.M.A. LENSINK,172,,,Human,,4.0-web,
asaprev065,expansion_web,SA,prev,chamber,SAHA2025-02-19#t81w0,2025-02-19,The Hon. A. KOUTSANTONIS,291,,,Human,,4.0-web,
asaprev066,expansion_web,SA,prev,chamber,SAHA2025-09-16#t9w7,2025-09-16,The Hon. N.D. CHAMPION,356,,,Human,,4.0-web,
asaprev067,expansion_web,SA,prev,chamber,SAHA2025-04-01#t195w0,2025-04-01,The Hon. S.C. MULLIGHAN,194,,,Human,,4.0-web,
asaprev068,expansion_web,SA,prev,chamber,SALC2025-09-03#t84w1,2025-09-03,The Hon. R.A. SIMMS,349,,,Human,,4.0-web,
asaprev069,expansion_web,SA,prev,chamber,SAHA2025-06-18#t11w2,2025-06-18,Mr BASHAM,359,,,Human,,4.0-web,
asaprev070,expansion_web,SA,prev,chamber,SAHA2025-10-14#t101w0,2025-10-14,Ms WORTLEY,355,,,Human,,4.0-web,
asaprev071,expansion_web,SA,prev,chamber,SAHA2025-08-19#t58w1,2025-08-19,The Hon. P.B. MALINAUSKAS,318,,,Human,,4.0-web,
asaprev072,expansion_web,SA,prev,chamber,SAHA2025-10-29#t374w0,2025-10-29,Mr McBRIDE,215,,,Human,,4.0-web,
asaprev073,expansion_web,SA,prev,chamber,SAHA2025-09-17#t61w0,2025-09-17,The Hon. P.B. MALINAUSKAS,229,,,Human,,4.0-web,
asaprev074,expansion_web,SA,prev,chamber,SAHA2025-03-19#t47w1,2025-03-19,The Hon. P.B. MALINAUSKAS,275,,,Human,,4.0-web,
asaprev075,expansion_web,SA,prev,chamber,SALC2025-06-04#t79w1,2025-06-04,The Hon. H.M. GIROLAMO,337,,,Mixed,,4.0-web,
asaprev076,expansion_web,SA,prev,chamber,SAHA2025-03-04#t101w0,2025-03-04,The Hon. A. KOUTSANTONIS,168,,,Human,,4.0-web,
asaprev077,expansion_web,SA,prev,chamber,SALC2025-10-14#t191w0,2025-10-14,The Hon. C.M. SCRIVEN,175,,,Human,,4.0-web,
asaprev078,expansion_web,SA,prev,chamber,SAHA2025-08-21#t155w0,2025-08-21,Mr FULBROOK,349,,,AI,,4.0-web,
asaprev079,expansion_web,SA,prev,chamber,SAHA2025-10-16#t196w3,2025-10-16,The Hon. A. PICCOLO,356,,,Human,,4.0-web,
asaprev080,expansion_web,SA,prev,chamber,SAHA2025-06-05#t0w2,2025-06-05,Mr WHETSTONE,356,,,Human,,4.0-web,
asaprev081,expansion_web,SA,prev,chamber,SALC2025-08-20#t82w0,2025-08-20,The Hon. R.A. SIMMS,334,,,Human,,4.0-web,
asaprev082,expansion_web,SA,prev,chamber,SALC2025-05-13#t76w2,2025-05-13,The Hon. S.L. GAME,301,,,Human,,4.0-web,
asaprev083,expansion_web,SA,prev,chamber,SAHA2025-08-21#t108w1,2025-08-21,The Hon. A. KOUTSANTONIS,251,,,Human,,4.0-web,
asaprev084,expansion_web,SA,prev,chamber,SAHA2025-06-17#t102w2,2025-06-17,Mr WHETSTONE,351,,,Human,,4.0-web,
asaprev085,expansion_web,SA,prev,chamber,SAHA2025-08-20#t93w0,2025-08-20,The Hon. S.E. CLOSE,322,,,Human,,4.0-web,
asaprev086,expansion_web,SA,prev,chamber,SAHA2025-03-19#t74w0,2025-03-19,Ms PRATT,348,,,Human,,4.0-web,
asaprev087,expansion_web,SA,prev,chamber,SAHA2025-09-02#t11w0,2025-09-02,The Hon. A. PICCOLO,170,,,Human,,4.0-web,
asaprev088,expansion_web,SA,prev,chamber,SALC2025-09-16#t165w0,2025-09-16,The Hon. K.J. MAHER,128,,,Human,,4.0-web,
asaprev089,expansion_web,SA,prev,chamber,SAHA2025-10-28#t5w0,2025-10-28,Mr PATTERSON,342,,,Human,,4.0-web,
asaprev090,expansion_web,SA,prev,chamber,SALC2025-11-12#t151w0,2025-11-12,The Hon. E.S. BOURKE,125,,,Human,,4.0-web,
asaprev091,expansion_web,SA,prev,chamber,SALC2025-02-05#t114w0,2025-02-05,The Hon. N.J. CENTOFANTI,351,,,Human,,4.0-web,
asaprev092,expansion_web,SA,prev,chamber,SALC2025-10-29#t75w1,2025-10-29,The Hon. C. BONAROS,351,,,Human,,4.0-web,
asaprev093,expansion_web,SA,prev,chamber,SAHA2025-02-20#t75w1,2025-02-20,The Hon. B.I. BOYER,351,,,Human,,4.0-web,
asaprev094,expansion_web,SA,prev,chamber,SAHA2025-08-19#t10w6,2025-08-19,Ms SAVVAS,331,,,Human,,4.0-web,
asaprev095,expansion_web,SA,prev,chamber,SAHA2025-04-03#t89w2,2025-04-03,Ms STINSON,339,,,Human,,4.0-web,
asaprev096,expansion_web,SA,prev,chamber,SAHA2025-02-04#t12w3,2025-02-04,Ms THOMPSON,310,,,Human,,4.0-web,
asaprev097,expansion_web,SA,prev,chamber,SALC2025-11-12#t65w1,2025-11-12,The Hon. R.A. SIMMS,348,,,Human,,4.0-web,
asaprev098,expansion_web,SA,prev,chamber,SALC2025-02-05#t89w0,2025-02-05,The Hon. M. EL DANNAWI,352,,,Human,,4.0-web,
asaprev099,expansion_web,SA,prev,chamber,SALC2025-02-18#t164w0,2025-02-18,The Hon. K.J. MAHER,155,,,Human,,4.0-web,
asaprev100,expansion_web,SA,prev,chamber,SALC2025-04-03#t78w7,2025-04-03,The Hon. F. PANGALLO,332,,,Human,,4.0-web,
asaprev101,expansion_web,SA,prev,chamber,SAHA2025-02-20#t103w0,2025-02-20,The Hon. A. KOUTSANTONIS,146,,,Human,,4.0-web,
asaprev102,expansion_web,SA,prev,chamber,SAHA2025-08-19#t10w0,2025-08-19,Ms SAVVAS,342,,,Human,,4.0-web,
asaprev103,expansion_web,SA,prev,chamber,SALC2025-02-20#t66w0,2025-02-20,The Hon. C. BONAROS,156,,,Human,,4.0-web,
asaprev104,expansion_web,SA,prev,chamber,SALC2025-10-29#t179w1,2025-10-29,The Hon. C. BONAROS,334,,,Human,,4.0-web,
asaprev105,expansion_web,SA,prev,chamber,SALC2025-09-16#t94w1,2025-09-16,The Hon. R.A. SIMMS,360,,,Human,,4.0-web,
asaprev106,expansion_web,SA,prev,chamber,SALC2025-09-03#t100w0,2025-09-03,The Hon. T.T. NGO,345,,,Human,,4.0-web,
asaprev107,expansion_web,SA,prev,chamber,SALC2025-09-03#t22w2,2025-09-03,The Hon. C.M. SCRIVEN,353,,,Human,,4.0-web,
asaprev108,expansion_web,SA,prev,chamber,SALC2025-02-06#t108w0,2025-02-06,The Hon. K.J. MAHER,193,,,Human,,4.0-web,
asaprev109,expansion_web,SA,prev,chamber,SAHA2025-10-16#t138w0,2025-10-16,The Hon. C.J. PICTON,346,,,Human,,4.0-web,
asaprev110,expansion_web,SA,prev,chamber,SAHA2025-09-02#t4w0,2025-09-02,The Hon. A. PICCOLO,342,,,Human,,4.0-web,
asaprev111,expansion_web,SA,prev,chamber,SAHA2025-03-20#t58w1,2025-03-20,The Hon. S.C. MULLIGHAN,184,,,Human,,4.0-web,
asaprev112,expansion_web,SA,prev,chamber,SALC2025-10-30#t247w0,2025-10-30,The Hon. R.P. WORTLEY,283,,,Human,,4.0-web,
asaprev113,expansion_web,SA,prev,chamber,SAHA2025-09-04#t137w0,2025-09-04,Mrs HURN,352,,,Human,,4.0-web,
asaprev114,expansion_web,SA,prev,chamber,SAHA2025-04-29#t51w0,2025-04-29,The Hon. P.B. MALINAUSKAS,340,,,Human,,4.0-web,
asaprev115,expansion_web,SA,prev,chamber,SALC2025-04-03#t88w0,2025-04-03,The Hon. K.J. MAHER,122,,,Human,,4.0-web,
asaprev116,expansion_web,SA,prev,chamber,SAHA2025-06-17#t5w0,2025-06-17,Ms HOOD,323,,,Human,,4.0-web,
asaprev117,expansion_web,SA,prev,chamber,SALC2025-04-02#t13w0,2025-04-02,The Hon. C.M. SCRIVEN,176,,,Human,,4.0-web,
asaprev118,expansion_web,SA,prev,chamber,SAHA2025-03-06#t97w1,2025-03-06,Mr FULBROOK,330,,,Human,,4.0-web,
asaprev119,expansion_web,SA,prev,chamber,SALC2025-10-29#t73w1,2025-10-29,The Hon. T.A. FRANKS,322,,,Human,,4.0-web,
ataprev000,expansion_web,TAS,prev,chamber,TASHA2025-06-04#p1t124w3,2025-06-04,Mr BAYLEY,287,,contraction density +364% across the windows; prevalence not separable from a transcription change,Human,,4.0-web,
ataprev001,expansion_web,TAS,prev,chamber,TASHA2025-11-04#p1t133w0,2025-11-04,Mr GEORGE,262,,contraction density +364% across the windows; prevalence not separable from a transcription change,Human,,4.0-web,
ataprev002,expansion_web,TAS,prev,chamber,TASHA2026-05-28#p1t78w1,2026-05-28,Ms BROWN,329,,contraction density +364% across the windows; prevalence not separable from a transcription change,Mixed,,4.0-web,
ataprev003,expansion_web,TAS,prev,chamber,TASHA2026-03-18#p1t76w2,2026-03-18,Ms HADDAD,335,,contraction density +364% across the windows; prevalence not separable from a transcription change,Human,,4.0-web,
ataprev004,expansion_web,TAS,prev,chamber,TASHA2025-03-05#p1t122w6,2025-03-05,Dr BROAD,291,,contraction density +364% across the windows; prevalence not separable from a transcription change,Human,,4.0-web,
ataprev005,expansion_web,TAS,prev,chamber,TASHA2026-03-18#p1t82w1,2026-03-18,Mr GEORGE,284,,contraction density +364% across the windows; prevalence not separable from a transcription change,Human,,4.0-web,
ataprev006,expansion_web,TAS,prev,chamber,TASHA2025-11-13#p1t138w3,2025-11-13,Ms HOWLETT,134,,contraction density +364% across the windows; prevalence not separable from a transcription change,Human,,4.0-web,
ataprev007,expansion_web,TAS,prev,chamber,TASHA2026-04-15#p1t177w0,2026-04-15,Mr O'BYRNE,347,,contraction density +364% across the windows; prevalence not separable from a transcription change,Human,,4.0-web,
ataprev008,expansion_web,TAS,prev,chamber,TASHA2025-09-24#p1t173w3,2025-09-24,Mr SHELTON,135,,contraction density +364% across the windows; prevalence not separable from a transcription change,Human,,4.0-web,
ataprev009,expansion_web,TAS,prev,chamber,TASHA2026-04-15#p1t87w0,2026-04-15,Ms HADDAD,282,,contraction density +364% across the windows; prevalence not separable from a transcription change,Human,,4.0-web,
ataprev010,expansion_web,TAS,prev,chamber,TASHA2026-03-26#p1t84w1,2026-03-26,Mr PEARCE,226,,contraction density +364% across the windows; prevalence not separable from a transcription change,Mixed,,4.0-web,
ataprev011,expansion_web,TAS,prev,chamber,TASHA2025-11-11#p1t85w7,2025-11-11,Ms HADDAD,230,,contraction density +364% across the windows; prevalence not separable from a transcription change,Human,,4.0-web,
ataprev012,expansion_web,TAS,prev,chamber,TASHA2025-03-11#p1t141w4,2025-03-11,Ms HADDAD,322,,contraction density +364% across the windows; prevalence not separable from a transcription change,Human,,4.0-web,
ataprev013,expansion_web,TAS,prev,chamber,TASHA2025-09-24#p1t184w4,2025-09-24,Mr FERGUSON,301,,contraction density +364% across the windows; prevalence not separable from a transcription change,Human,,4.0-web,
ataprev014,expansion_web,TAS,prev,chamber,TASHA2026-06-18#p1t122w0,2026-06-18,Mr GEORGE,334,,contraction density +364% across the windows; prevalence not separable from a transcription change,Human,,4.0-web,
ataprev015,expansion_web,TAS,prev,chamber,TASHA2025-05-08#p1t151w2,2025-05-08,Ms ROSOL,126,,contraction density +364% across the windows; prevalence not separable from a transcription change,Human,,4.0-web,
ataprev016,expansion_web,TAS,prev,chamber,TASHA2026-05-07#p1t75w0,2026-05-07,Mr ABETZ,314,,contraction density +364% across the windows; prevalence not separable from a transcription change,Human,,4.0-web,
ataprev017,expansion_web,TAS,prev,chamber,TASHA2025-03-06#p1t49w0,2025-03-06,Mr ROCKLIFF,156,,contraction density +364% across the windows; prevalence not separable from a transcription change,Human,,4.0-web,
ataprev018,expansion_web,TAS,prev,chamber,TASHA2026-04-15#p1t150w0,2026-04-15,Mr FERGUSON,317,,contraction density +364% across the windows; prevalence not separable from a transcription change,Human,,4.0-web,
ataprev019,expansion_web,TAS,prev,chamber,TASHA2025-03-05#p1t108w16,2025-03-05,Mr WINTER,311,,contraction density +364% across the windows; prevalence not separable from a transcription change,Human,,4.0-web,
ataprev020,expansion_web,TAS,prev,chamber,TASHA2026-03-18#p1t78w2,2026-03-18,Mr JAENSCH,247,,contraction density +364% across the windows; prevalence not separable from a transcription change,Human,,4.0-web,
ataprev021,expansion_web,TAS,prev,chamber,TASHA2025-12-04#p1t91w0,2025-12-04,Mr O'BYRNE,316,,contraction density +364% across the windows; prevalence not separable from a transcription change,Human,,4.0-web,
ataprev022,expansion_web,TAS,prev,chamber,TASHA2026-03-26#p1t105w0,2026-03-26,Mr ABETZ,139,,contraction density +364% across the windows; prevalence not separable from a transcription change,Human,,4.0-web,
ataprev023,expansion_web,TAS,prev,chamber,TASHA2025-11-12#p1t92w3,2025-11-12,Ms BADGER,301,,contraction density +364% across the windows; prevalence not separable from a transcription change,Human,,4.0-web,
ataprev024,expansion_web,TAS,prev,chamber,TASHA2025-05-06#p1t111w0,2025-05-06,Mr BAYLEY,299,,contraction density +364% across the windows; prevalence not separable from a transcription change,Human,,4.0-web,
ataprev025,expansion_web,TAS,prev,chamber,TASHA2026-04-14#p1t120w2,2026-04-14,Mr PEARCE,138,,contraction density +364% across the windows; prevalence not separable from a transcription change,Human,,4.0-web,
ataprev026,expansion_web,TAS,prev,chamber,TASHA2025-04-08#p1t134w0,2025-04-08,Ms OGILVIE,360,,contraction density +364% across the windows; prevalence not separable from a transcription change,Human,,4.0-web,
ataprev027,expansion_web,TAS,prev,chamber,TASHA2026-03-25#p1t147w0,2026-03-25,Mr GEORGE,221,,contraction density +364% across the windows; prevalence not separable from a transcription change,Human,,4.0-web,
ataprev028,expansion_web,TAS,prev,chamber,TASHA2026-05-20#p1t153w0,2026-05-20,Mrs ARCHER,345,,contraction density +364% across the windows; prevalence not separable from a transcription change,Human,,4.0-web,
ataprev029,expansion_web,TAS,prev,chamber,TASHA2026-05-05#p1t80w4,2026-05-05,Ms BADGER,336,,contraction density +364% across the windows; prevalence not separable from a transcription change,Mixed,,4.0-web,
ataprev030,expansion_web,TAS,prev,chamber,TASHA2025-04-09#p1t149w4,2025-04-09,Mrs BESWICK,287,,contraction density +364% across the windows; prevalence not separable from a transcription change,Mixed,,4.0-web,
ataprev031,expansion_web,TAS,prev,chamber,TASHA2026-03-26#p1t91w0,2026-03-26,Mr WINTER,260,,contraction density +364% across the windows; prevalence not separable from a transcription change,Human,,4.0-web,
ataprev032,expansion_web,TAS,prev,chamber,TASHA2026-05-19#p1t56w2,2026-05-19,Mr WILLIE,190,,contraction density +364% across the windows; prevalence not separable from a transcription change,Human,,4.0-web,
ataprev033,expansion_web,TAS,prev,chamber,TASHA2025-12-02#p1t143w0,2025-12-02,Dr BROAD,296,,contraction density +364% across the windows; prevalence not separable from a transcription change,Human,,4.0-web,
ataprev034,expansion_web,TAS,prev,chamber,TASHA2025-09-23#p1t124w1,2025-09-23,Ms JOHNSTON,216,,contraction density +364% across the windows; prevalence not separable from a transcription change,AI,,4.0-web,
ataprev035,expansion_web,TAS,prev,chamber,TASHA2026-06-17#p1t77w2,2026-06-17,Mr O'BYRNE,333,,contraction density +364% across the windows; prevalence not separable from a transcription change,Human,,4.0-web,
ataprev036,expansion_web,TAS,prev,chamber,TASHA2025-03-12#p1t137w2,2025-03-12,Dr WOODRUFF,291,,contraction density +364% across the windows; prevalence not separable from a transcription change,Human,,4.0-web,
ataprev037,expansion_web,TAS,prev,chamber,TASHA2025-06-05#p1t77w2,2025-06-05,Ms BROWN,318,,contraction density +364% across the windows; prevalence not separable from a transcription change,AI,,4.0-web,
ataprev038,expansion_web,TAS,prev,chamber,TASHA2025-06-05#p1t33w2,2025-06-05,Ms HOWLETT,299,,contraction density +364% across the windows; prevalence not separable from a transcription change,Human,,4.0-web,
ataprev039,expansion_web,TAS,prev,chamber,TASHA2026-03-18#p1t111w2,2026-03-18,Mr O'BYRNE,303,,contraction density +364% across the windows; prevalence not separable from a transcription change,Human,,4.0-web,
ataprev040,expansion_web,TAS,prev,chamber,TASHA2026-04-16#p1t99w0,2026-04-16,Mr BARNETT,216,,contraction density +364% across the windows; prevalence not separable from a transcription change,Mixed,,4.0-web,
ataprev041,expansion_web,TAS,prev,chamber,TASHA2025-04-02#p1t202w6,2025-04-02,Mrs PETRUSMA,346,,contraction density +364% across the windows; prevalence not separable from a transcription change,Human,,4.0-web,
ataprev042,expansion_web,TAS,prev,chamber,TASHA2025-03-13#p1t119w1,2025-03-13,Ms HADDAD,312,,contraction density +364% across the windows; prevalence not separable from a transcription change,Human,,4.0-web,
ataprev043,expansion_web,TAS,prev,chamber,TASHA2026-04-15#p1t85w0,2026-04-15,Mr ABETZ,329,,contraction density +364% across the windows; prevalence not separable from a transcription change,Human,,4.0-web,
ataprev044,expansion_web,TAS,prev,chamber,TASHA2026-05-20#p1t140w0,2026-05-20,Mr WINTER,276,,contraction density +364% across the windows; prevalence not separable from a transcription change,Human,,4.0-web,
ataprev045,expansion_web,TAS,prev,chamber,TASHA2025-09-09#p1t112w1,2025-09-09,Mr BAYLEY,359,,contraction density +364% across the windows; prevalence not separable from a transcription change,Human,,4.0-web,
ataprev046,expansion_web,TAS,prev,chamber,TASHA2025-08-19#p1t31w6,2025-08-19,Mr O'BYRNE,269,,contraction density +364% across the windows; prevalence not separable from a transcription change,Human,,4.0-web,
ataprev047,expansion_web,TAS,prev,chamber,TASHA2026-04-16#p1t44w0,2026-04-16,Mr ABETZ,294,,contraction density +364% across the windows; prevalence not separable from a transcription change,Human,,4.0-web,
ataprev048,expansion_web,TAS,prev,chamber,TASHA2025-12-04#p1t193w1,2025-12-04,Dr WOODRUFF,138,,contraction density +364% across the windows; prevalence not separable from a transcription change,Human,,4.0-web,
ataprev049,expansion_web,TAS,prev,chamber,TASHA2025-05-07#p1t123w1,2025-05-07,Mr ABETZ,275,,contraction density +364% across the windows; prevalence not separable from a transcription change,Human,,4.0-web,
ataprev050,expansion_web,TAS,prev,chamber,TASHA2025-11-12#p1t91w8,2025-11-12,Ms DOW,339,,contraction density +364% across the windows; prevalence not separable from a transcription change,Human,,4.0-web,
ataprev051,expansion_web,TAS,prev,chamber,TASHA2025-04-10#p1t145w0,2025-04-10,Mr ROCKLIFF,276,,contraction density +364% across the windows; prevalence not separable from a transcription change,Human,,4.0-web,
ataprev052,expansion_web,TAS,prev,chamber,TASHA2026-03-17#p1t72w3,2026-03-17,Ms FINLAY,295,,contraction density +364% across the windows; prevalence not separable from a transcription change,Human,,4.0-web,
ataprev053,expansion_web,TAS,prev,chamber,TASHA2026-05-07#p1t129w0,2026-05-07,Mr WINTER,294,,contraction density +364% across the windows; prevalence not separable from a transcription change,Human,,4.0-web,
ataprev054,expansion_web,TAS,prev,chamber,TASHA2025-03-05#p1t114w5,2025-03-05,Mr JENNER,340,,contraction density +364% across the windows; prevalence not separable from a transcription change,Human,,4.0-web,
ataprev055,expansion_web,TAS,prev,chamber,TASHA2026-06-17#p1t56w7,2026-06-17,Dr WOODRUFF,352,,contraction density +364% across the windows; prevalence not separable from a transcription change,Human,,4.0-web,
ataprev056,expansion_web,TAS,prev,chamber,TASHA2026-05-21#p1t86w0,2026-05-21,Mr ABETZ,326,,contraction density +364% across the windows; prevalence not separable from a transcription change,Mixed,,4.0-web,
ataprev057,expansion_web,TAS,prev,chamber,TASHA2026-03-19#p1t102w0,2026-03-19,Ms FINLAY,333,,contraction density +364% across the windows; prevalence not separable from a transcription change,Human,,4.0-web,
ataprev058,expansion_web,TAS,prev,chamber,TASHA2026-06-17#p1t118w3,2026-06-17,Mrs GREENE,164,,contraction density +364% across the windows; prevalence not separable from a transcription change,Human,,4.0-web,
ataprev059,expansion_web,TAS,prev,chamber,TASHA2026-05-05#p1t60w2,2026-05-05,Ms ROSOL,145,,contraction density +364% across the windows; prevalence not separable from a transcription change,Human,,4.0-web,
ataprev060,expansion_web,TAS,prev,chamber,TASHA2025-03-05#p1t115w5,2025-03-05,Mr ABETZ,248,,contraction density +364% across the windows; prevalence not separable from a transcription change,Human,,4.0-web,
ataprev061,expansion_web,TAS,prev,chamber,TASHA2025-03-05#p1t135w0,2025-03-05,Dr WOODRUFF,342,,contraction density +364% across the windows; prevalence not separable from a transcription change,Human,,4.0-web,
ataprev062,expansion_web,TAS,prev,chamber,TASHA2026-03-25#p1t77w2,2026-03-25,Ms HADDAD,338,,contraction density +364% across the windows; prevalence not separable from a transcription change,Human,,4.0-web,
ataprev063,expansion_web,TAS,prev,chamber,TASHA2025-09-25#p1t104w1,2025-09-25,Mr JAENSCH,350,,contraction density +364% across the windows; prevalence not separable from a transcription change,Human,,4.0-web,
ataprev064,expansion_web,TAS,prev,chamber,TASHA2025-05-06#p1t161w6,2025-05-06,Mr BARNETT,250,,contraction density +364% across the windows; prevalence not separable from a transcription change,Human,,4.0-web,
ataprev065,expansion_web,TAS,prev,chamber,TASHA2025-12-04#p1t101w1,2025-12-04,Ms FINLAY,318,,contraction density +364% across the windows; prevalence not separable from a transcription change,Human,,4.0-web,
ataprev066,expansion_web,TAS,prev,chamber,TASHA2025-11-04#p1t131w2,2025-11-04,Dr WOODRUFF,302,,contraction density +364% across the windows; prevalence not separable from a transcription change,Human,,4.0-web,
ataprev067,expansion_web,TAS,prev,chamber,TASHA2025-04-09#p1t101w0,2025-04-09,Mr BARNETT,306,,contraction density +364% across the windows; prevalence not separable from a transcription change,Human,,4.0-web,
ataprev068,expansion_web,TAS,prev,chamber,TASHA2025-04-01#p1t78w0,2025-04-01,Ms BURNET,327,,contraction density +364% across the windows; prevalence not separable from a transcription change,Human,,4.0-web,
ataprev069,expansion_web,TAS,prev,chamber,TASHA2025-09-24#p1t100w0,2025-09-24,Dr WOODRUFF,333,,contraction density +364% across the windows; prevalence not separable from a transcription change,Human,,4.0-web,
ataprev070,expansion_web,TAS,prev,chamber,TASHA2025-09-24#p1t116w1,2025-09-24,Ms BUTLER,312,,contraction density +364% across the windows; prevalence not separable from a transcription change,Human,,4.0-web,
ataprev071,expansion_web,TAS,prev,chamber,TASHA2025-12-04#p1t164w0,2025-12-04,Ms BUTLER,270,,contraction density +364% across the windows; prevalence not separable from a transcription change,Human,,4.0-web,
ataprev072,expansion_web,TAS,prev,chamber,TASHA2025-12-03#p1t96w2,2025-12-03,Mr FERGUSON,346,,contraction density +364% across the windows; prevalence not separable from a transcription change,AI,,4.0-web,
ataprev073,expansion_web,TAS,prev,chamber,TASHA2025-04-08#p1t103w1,2025-04-08,Ms BUTLER,312,,contraction density +364% across the windows; prevalence not separable from a transcription change,Human,,4.0-web,
ataprev074,expansion_web,TAS,prev,chamber,TASHA2026-04-15#p1t232w0,2026-04-15,Mr VERMEY,356,,contraction density +364% across the windows; prevalence not separable from a transcription change,Mixed,,4.0-web,
ataprev075,expansion_web,TAS,prev,chamber,TASHA2025-11-05#p1t130w3,2025-11-05,Mr BARNETT,341,,contraction density +364% across the windows; prevalence not separable from a transcription change,Human,,4.0-web,
ataprev076,expansion_web,TAS,prev,chamber,TASHA2025-09-09#p1t98w5,2025-09-09,Mr Di FALCO,358,,contraction density +364% across the windows; prevalence not separable from a transcription change,Human,,4.0-web,
ataprev077,expansion_web,TAS,prev,chamber,TASHA2025-06-05#p1t23w0,2025-06-05,Ms OGILVIE,350,,contraction density +364% across the windows; prevalence not separable from a transcription change,Human,,4.0-web,
ataprev078,expansion_web,TAS,prev,chamber,TASHA2025-09-23#p1t57w0,2025-09-23,Ms JOHNSTON,325,,contraction density +364% across the windows; prevalence not separable from a transcription change,AI,,4.0-web,
ataprev079,expansion_web,TAS,prev,chamber,TASHA2025-03-13#p1t113w1,2025-03-13,Mr SHELTON,337,,contraction density +364% across the windows; prevalence not separable from a transcription change,Human,,4.0-web,
ataprev080,expansion_web,TAS,prev,chamber,TASHA2026-05-05#p1t92w3,2026-05-05,Mr WINTER,350,,contraction density +364% across the windows; prevalence not separable from a transcription change,AI,,4.0-web,
ataprev081,expansion_web,TAS,prev,chamber,TASHA2025-11-11#p1t89w0,2025-11-11,Dr BROAD,251,,contraction density +364% across the windows; prevalence not separable from a transcription change,Human,,4.0-web,
ataprev082,expansion_web,TAS,prev,chamber,TASHA2025-05-28#p1t173w6,2025-05-28,Mr O'BYRNE,339,,contraction density +364% across the windows; prevalence not separable from a transcription change,Human,,4.0-web,
ataprev083,expansion_web,TAS,prev,chamber,TASHA2026-03-17#p1t22w0,2026-03-17,Mr ROCKLIFF,239,,contraction density +364% across the windows; prevalence not separable from a transcription change,Human,,4.0-web,
ataprev084,expansion_web,TAS,prev,chamber,TASHA2026-03-26#p1t122w4,2026-03-26,Dr BROAD,249,,contraction density +364% across the windows; prevalence not separable from a transcription change,Human,,4.0-web,
ataprev085,expansion_web,TAS,prev,chamber,TASHA2025-12-03#p1t73w0,2025-12-03,Mr ROCKLIFF,158,,contraction density +364% across the windows; prevalence not separable from a transcription change,Human,,4.0-web,
ataprev086,expansion_web,TAS,prev,chamber,TASHA2026-05-19#p1t57w0,2026-05-19,Mr BARNETT,287,,contraction density +364% across the windows; prevalence not separable from a transcription change,Human,,4.0-web,
ataprev087,expansion_web,TAS,prev,chamber,TASHA2026-04-16#p1t169w0,2026-04-16,Mr WINTER,165,,contraction density +364% across the windows; prevalence not separable from a transcription change,Human,,4.0-web,
ataprev088,expansion_web,TAS,prev,chamber,TASHA2025-09-24#p1t196w0,2025-09-24,Ms HADDAD,326,,contraction density +364% across the windows; prevalence not separable from a transcription change,Human,,4.0-web,
ataprev089,expansion_web,TAS,prev,chamber,TASHA2025-09-25#p1t122w2,2025-09-25,Mrs ARCHER,306,,contraction density +364% across the windows; prevalence not separable from a transcription change,Human,,4.0-web,
ataprev090,expansion_web,TAS,prev,chamber,TASHA2025-12-03#p1t143w1,2025-12-03,Mr O'BYRNE,350,,contraction density +364% across the windows; prevalence not separable from a transcription change,Human,,4.0-web,
ataprev091,expansion_web,TAS,prev,chamber,TASHA2025-05-08#p1t153w0,2025-05-08,Mr JAENSCH,359,,contraction density +364% across the windows; prevalence not separable from a transcription change,Human,,4.0-web,
ataprev092,expansion_web,TAS,prev,chamber,TASHA2026-04-16#p1t164w2,2026-04-16,Ms HADDAD,131,,contraction density +364% across the windows; prevalence not separable from a transcription change,Human,,4.0-web,
ataprev093,expansion_web,TAS,prev,chamber,TASHA2026-05-20#p1t156w1,2026-05-20,Mr O'BYRNE,348,,contraction density +364% across the windows; prevalence not separable from a transcription change,Human,,4.0-web,
ataprev094,expansion_web,TAS,prev,chamber,TASHA2026-05-05#p1t78w0,2026-05-05,Mr ELLIS,357,,contraction density +364% across the windows; prevalence not separable from a transcription change,Human,,4.0-web,
ataprev095,expansion_web,TAS,prev,chamber,TASHA2026-04-15#p1t238w4,2026-04-15,Mr BAYLEY,291,,contraction density +364% across the windows; prevalence not separable from a transcription change,Human,,4.0-web,
ataprev096,expansion_web,TAS,prev,chamber,TASHA2025-11-11#p1t75w4,2025-11-11,Mr WINTER,309,,contraction density +364% across the windows; prevalence not separable from a transcription change,Human,,4.0-web,
ataprev097,expansion_web,TAS,prev,chamber,TASHA2025-04-02#p1t203w0,2025-04-02,Ms BROWN,353,,contraction density +364% across the windows; prevalence not separable from a transcription change,Human,,4.0-web,
ataprev098,expansion_web,TAS,prev,chamber,TASHA2025-11-06#p1t92w0,2025-11-06,Mr ABETZ,334,,contraction density +364% across the windows; prevalence not separable from a transcription change,Human,,4.0-web,
ataprev099,expansion_web,TAS,prev,chamber,TASHA2025-03-13#p1t24w0,2025-03-13,Mr ELLIS,356,,contraction density +364% across the windows; prevalence not separable from a transcription change,Human,,4.0-web,
ataprev100,expansion_web,TAS,prev,chamber,TASHA2026-03-24#p1t56w0,2026-03-24,Mr BARNETT,145,,contraction density +364% across the windows; prevalence not separable from a transcription change,Human,,4.0-web,
ataprev101,expansion_web,TAS,prev,chamber,TASHA2026-03-18#p1t97w0,2026-03-18,Dr WOODRUFF,311,,contraction density +364% across the windows; prevalence not separable from a transcription change,Human,,4.0-web,
ataprev102,expansion_web,TAS,prev,chamber,TASHA2026-05-27#p1t116w1,2026-05-27,Mr O'BYRNE,355,,contraction density +364% across the windows; prevalence not separable from a transcription change,Human,,4.0-web,
ataprev103,expansion_web,TAS,prev,chamber,TASHA2025-09-11#p1t127w0,2025-09-11,Ms JOHNSTON,223,,contraction density +364% across the windows; prevalence not separable from a transcription change,AI,,4.0-web,
ataprev104,expansion_web,TAS,prev,chamber,TASHA2025-03-05#p1t121w5,2025-03-05,Ms OGILVIE,352,,contraction density +364% across the windows; prevalence not separable from a transcription change,Human,,4.0-web,
ataprev105,expansion_web,TAS,prev,chamber,TASHA2025-05-29#p1t89w1,2025-05-29,Mr BARNETT,306,,contraction density +364% across the windows; prevalence not separable from a transcription change,Human,,4.0-web,
ataprev106,expansion_web,TAS,prev,chamber,TASHA2026-05-07#p1t167w1,2026-05-07,Ms ROSOL,333,,contraction density +364% across the windows; prevalence not separable from a transcription change,Human,,4.0-web,
ataprev107,expansion_web,TAS,prev,chamber,TASHA2026-03-05#p1t89w4,2026-03-05,Mr BARNETT,282,,contraction density +364% across the windows; prevalence not separable from a transcription change,Human,,4.0-web,
ataprev108,expansion_web,TAS,prev,chamber,TASHA2026-05-07#p1t96w0,2026-05-07,Mr O'BYRNE,188,,contraction density +364% across the windows; prevalence not separable from a transcription change,Human,,4.0-web,
ataprev109,expansion_web,TAS,prev,chamber,TASHA2026-03-25#p1t78w2,2026-03-25,Ms ROSOL,335,,contraction density +364% across the windows; prevalence not separable from a transcription change,Human,,4.0-web,
ataprev110,expansion_web,TAS,prev,chamber,TASHA2025-06-03#p1t106w2,2025-06-03,Mr WILLIE,210,,contraction density +364% across the windows; prevalence not separable from a transcription change,Human,,4.0-web,
ataprev111,expansion_web,TAS,prev,chamber,TASHA2026-06-17#p1t99w0,2026-06-17,Mr FAIRS,281,,contraction density +364% across the windows; prevalence not separable from a transcription change,Human,,4.0-web,
ataprev112,expansion_web,TAS,prev,chamber,TASHA2025-04-03#p1t162w2,2025-04-03,Ms HADDAD,326,,contraction density +364% across the windows; prevalence not separable from a transcription change,Human,,4.0-web,
ataprev113,expansion_web,TAS,prev,chamber,TASHA2025-12-04#p1t19w0,2025-12-04,Mr ABETZ,284,,contraction density +364% across the windows; prevalence not separable from a transcription change,Human,,4.0-web,
ataprev114,expansion_web,TAS,prev,chamber,TASHA2026-04-14#p1t121w0,2026-04-14,Mr BAYLEY,294,,contraction density +364% across the windows; prevalence not separable from a transcription change,Human,,4.0-web,
ataprev115,expansion_web,TAS,prev,chamber,TASHA2025-05-07#p1t129w1,2025-05-07,Mr FERGUSON,317,,contraction density +364% across the windows; prevalence not separable from a transcription change,Human,,4.0-web,
ataprev116,expansion_web,TAS,prev,chamber,TASHA2026-06-16#p1t63w4,2026-06-16,Dr WOODRUFF,331,,contraction density +364% across the windows; prevalence not separable from a transcription change,Human,,4.0-web,
ataprev117,expansion_web,TAS,prev,chamber,TASHA2026-03-26#p1t107w2,2026-03-26,Mr BARNETT,317,,contraction density +364% across the windows; prevalence not separable from a transcription change,Human,,4.0-web,
ataprev118,expansion_web,TAS,prev,chamber,TASHA2025-03-12#p1t254w1,2025-03-12,Mr FERGUSON,333,,contraction density +364% across the windows; prevalence not separable from a transcription change,Human,,4.0-web,
ataprev119,expansion_web,TAS,prev,chamber,TASHA2026-03-24#p1t148w1,2026-03-24,Mr BARNETT,134,,contraction density +364% across the windows; prevalence not separable from a transcription change,AI,,4.0-web,
aviprev000,expansion_web,VIC,prev,chamber,VICLC:Second-reading:2025-07-31#t12w0,2025-07-31,Melina BATH,344,,,Human,,4.0-web,
aviprev001,expansion_web,VIC,prev,chamber,VICLC:Constituency-questions:2026-02-05#t10w0,2026-02-05,Renee HEATH,132,,,AI,,4.0-web,
aviprev002,expansion_web,VIC,prev,chamber,VICLC:Committee_b0:2026-02-17#t23w0,2026-02-17,Enver ERDOGAN,154,,,Human,,4.0-web,
aviprev003,expansion_web,VIC,prev,chamber,VICLC:Condolences:2026-02-03#t13w1,2026-02-03,Moira DEEMING,219,,,Human,,4.0-web,
aviprev004,expansion_web,VIC,prev,chamber,VICLC:Motions:2025-10-29#t8w3,2025-10-29,Ryan BATCHELOR,210,,,Human,,4.0-web,
aviprev005,expansion_web,VIC,prev,chamber,VICLC:Adjournment:2025-03-06#t7w0,2025-03-06,Ann-Marie HERMANS,349,,,Human,,4.0-web,
aviprev006,expansion_web,VIC,prev,chamber,VICLA:Condolences:2026-02-03#t17w4,2026-02-03,Jess WILSON,244,,,Human,,4.0-web,
aviprev007,expansion_web,VIC,prev,chamber,VICLA:Motions:2026-07-28#t58w2,2026-07-28,Bridget VALLENCE,307,,,Human,,4.0-web,
aviprev008,expansion_web,VIC,prev,chamber,VICLA:Second-reading:2025-11-13#t63w4,2025-11-13,Tim RICHARDSON,210,,,Human,,4.0-web,
aviprev009,expansion_web,VIC,prev,chamber,VICLC:Second-reading:2025-09-09#t12w2,2025-09-09,Ryan BATCHELOR,354,,,Human,,4.0-web,
aviprev010,expansion_web,VIC,prev,chamber,VICLC:Motions:2025-10-15#t55w1,2025-10-15,Sonja TERPSTRA,358,,,Human,,4.0-web,
aviprev011,expansion_web,VIC,prev,chamber,VICLA:Adjournment:2026-05-13#t10w0,2026-05-13,Anthony CARBINES,327,,,Human,,4.0-web,
aviprev012,expansion_web,VIC,prev,chamber,VICLA:Second-reading:2025-12-02#t55w4,2025-12-02,John LISTER,320,,,Human,,4.0-web,
aviprev013,expansion_web,VIC,prev,chamber,VICLA:Motions:2026-06-18#t98w0,2026-06-18,Anthony CIANFLONE,332,,,Human,,4.0-web,
aviprev014,expansion_web,VIC,prev,chamber,VICLA:Matters-of-public-importance:2026-07-29#t0w0,2026-07-29,Danny O’BRIEN,358,,,Human,,4.0-web,
aviprev015,expansion_web,VIC,prev,chamber,VICLC:Second-reading:2025-05-13#t14w5,2025-05-13,Sheena WATT,200,,,AI,,4.0-web,
aviprev016,expansion_web,VIC,prev,chamber,VICLA:Second-reading:2025-03-18#t48w1,2025-03-18,Danny O’BRIEN,358,,,Human,,4.0-web,
aviprev017,expansion_web,VIC,prev,chamber,VICLC:Adjournment:2025-05-27#t9w0,2025-05-27,Sarah MANSFIELD,347,,,Human,,4.0-web,
aviprev018,expansion_web,VIC,prev,chamber,VICLA:Constituency-questions:2026-02-03#t0w0,2026-02-03,David SOUTHWICK,127,,,Human,,4.0-web,
aviprev019,expansion_web,VIC,prev,chamber,VICLC:Motions:2025-11-19#t21w2,2025-11-19,Rachel PAYNE,349,,,Human,,4.0-web,
aviprev020,expansion_web,VIC,prev,chamber,VICLC:Second-reading:2026-03-18#t20w5,2026-03-18,David LIMBRICK,269,,,Human,,4.0-web,
aviprev021,expansion_web,VIC,prev,chamber,VICLA:Matters-of-public-importance:2026-06-17#t17w3,2026-06-17,Anthony CIANFLONE,348,,,Human,,4.0-web,
aviprev022,expansion_web,VIC,prev,chamber,VICLC:Motions:2025-03-05#t18w0,2025-03-05,Evan MULHOLLAND,325,,,Human,,4.0-web,
aviprev023,expansion_web,VIC,prev,chamber,VICLC:Second-reading:2025-08-28#t11w2,2025-08-28,Georgie CROZIER,160,,,Human,,4.0-web,
aviprev024,expansion_web,VIC,prev,chamber,VICLA:Members-statements:2026-07-30#t30w0,2026-07-30,Belinda WILSON,215,,,AI,,4.0-web,
aviprev025,expansion_web,VIC,prev,chamber,VICLC:Second-reading:2026-06-02#t7w3,2026-06-02,Richard WELCH,211,,,AI,,4.0-web,
aviprev026,expansion_web,VIC,prev,chamber,VICLA:Second-reading_b0:2025-10-28#t2w0,2025-10-28,Brad ROWSWELL,332,,,Human,,4.0-web,
aviprev027,expansion_web,VIC,prev,chamber,VICLA:Second-reading:2025-03-04#t6w0,2025-03-04,Nina TAYLOR,356,,,Human,,4.0-web,
aviprev028,expansion_web,VIC,prev,chamber,VICLC:Condolences:2026-02-03#t32w2,2026-02-03,Wendy LOVELL,317,,,Human,,4.0-web,
aviprev029,expansion_web,VIC,prev,chamber,VICLA:Second-reading:2025-06-19#t20w3,2025-06-19,Richard RIORDAN,311,,,Human,,4.0-web,
aviprev030,expansion_web,VIC,prev,chamber,VICLC:Second-reading:2025-10-28#t11w3,2025-10-28,Georgie PURCELL,359,,,Human,,4.0-web,
aviprev031,expansion_web,VIC,prev,chamber,VICLC:Second-reading:2026-03-05#t1w1,2026-03-05,Ingrid STITT,358,,,Human,,4.0-web,
aviprev032,expansion_web,VIC,prev,chamber,VICLA:Questions-without-notice-and-ministers-statements:2026-07-29#t27w0,2026-07-29,Anthony CARBINES,358,,,Human,,4.0-web,
aviprev033,expansion_web,VIC,prev,chamber,VICLC:Constituency-questions:2025-12-03#t2w0,2025-12-03,Aiv PUGLIELLI,159,,,Human,,4.0-web,
aviprev034,expansion_web,VIC,prev,chamber,VICLA:Second-reading:2026-04-01#t23w4,2026-04-01,Anthony CIANFLONE,351,,,Human,,4.0-web,
aviprev035,expansion_web,VIC,prev,chamber,VICLC:Motions:2025-11-13#t3w1,2025-11-13,Sarah MANSFIELD,336,,,Human,,4.0-web,
aviprev036,expansion_web,VIC,prev,chamber,VICLC:Second-reading:2026-04-02#t21w4,2026-04-02,Tom MCINTOSH,356,,,Human,,4.0-web,
aviprev037,expansion_web,VIC,prev,chamber,VICLC:Adjournment:2026-02-17#t21w0,2026-02-17,Richard WELCH,359,,,Human,,4.0-web,
aviprev038,expansion_web,VIC,prev,chamber,VICLA:Council-s-amendments:2026-03-31#t3w0,2026-03-31,David SOUTHWICK,257,,,Human,,4.0-web,
aviprev039,expansion_web,VIC,prev,chamber,VICLC:Second-reading:2025-11-20#t32w4,2025-11-20,Ryan BATCHELOR,331,,,Human,,4.0-web,
aviprev040,expansion_web,VIC,prev,chamber,VICLA:Condolences:2025-02-04#t2w1,2025-02-04,Danny O’BRIEN,285,,,Human,,4.0-web,
aviprev041,expansion_web,VIC,prev,chamber,VICLA:Grievance-debate:2025-10-15#t1w0,2025-10-15,Nina TAYLOR,351,,,Human,,4.0-web,
aviprev042,expansion_web,VIC,prev,chamber,VICLA:Second-reading:2025-11-19#t5w6,2025-11-19,Nicole WERNER,354,,,Mixed,,4.0-web,
aviprev043,expansion_web,VIC,prev,chamber,VICLA:Second-reading:2026-03-31#t22w1,2026-03-31,Steve MCGHIE,165,,,Human,,4.0-web,
aviprev044,expansion_web,VIC,prev,chamber,VICLC:Second-reading:2026-03-03#t1w5,2026-03-03,Anasina GRAY-BARBERIO,215,,,Human,,4.0-web,
aviprev045,expansion_web,VIC,prev,chamber,VICLA:Second-reading:2026-02-18#t0w4,2026-02-18,Danny PEARSON,357,,,Human,,4.0-web,
aviprev046,expansion_web,VIC,prev,chamber,VICLA:Second-reading:2025-03-06#t45w1,2025-03-06,Martin CAMERON,175,,,Human,,4.0-web,
aviprev047,expansion_web,VIC,prev,chamber,VICLC:Second-reading:2025-03-04#t19w1,2025-03-04,Michael GALEA,323,,,Human,,4.0-web,
aviprev048,expansion_web,VIC,prev,chamber,VICLA:Second-reading:2025-03-04#t3w4,2025-03-04,Peter WALSH,237,,,Human,,4.0-web,
aviprev049,expansion_web,VIC,prev,chamber,VICLC:Adjournment:2025-09-10#t8w0,2025-09-10,Sarah MANSFIELD,354,,,Human,,4.0-web,
aviprev050,expansion_web,VIC,prev,chamber,VICLC:Second-reading:2025-06-17#t30w0,2025-06-17,Ryan BATCHELOR,334,,,Human,,4.0-web,
aviprev051,expansion_web,VIC,prev,chamber,VICLA:Second-reading:2025-08-26#t0w3,2025-08-26,Sonya KILKENNY,232,,,Human,,4.0-web,
aviprev052,expansion_web,VIC,prev,chamber,VICLA:Council-s-suggested-amendments:2025-05-15#t47w0,2025-05-15,Emma KEALY,275,,,Human,,4.0-web,
aviprev053,expansion_web,VIC,prev,chamber,VICLC:Constituency-questions:2025-02-18#t12w0,2025-02-18,Georgie PURCELL,148,,,Human,,4.0-web,
aviprev054,expansion_web,VIC,prev,chamber,VICLA:Constituency-questions:2025-07-30#t6w0,2025-07-30,Ellen SANDELL,215,,,Human,,4.0-web,
aviprev055,expansion_web,VIC,prev,chamber,VICLC:Adjournment:2025-04-02#t16w0,2025-04-02,Sarah MANSFIELD,351,,,Human,,4.0-web,
aviprev056,expansion_web,VIC,prev,chamber,VICLC:Second-reading:2025-10-16#t5w1,2025-10-16,Sheena WATT,357,,,AI,,4.0-web,
aviprev057,expansion_web,VIC,prev,chamber,VICLA:Second-reading:2026-07-30#t8w2,2026-07-30,Chris CREWTHER,354,,,Human,,4.0-web,
aviprev058,expansion_web,VIC,prev,chamber,VICLC:Second-reading:2026-03-05#t3w0,2026-03-05,Evan MULHOLLAND,347,,,AI,,4.0-web,
aviprev059,expansion_web,VIC,prev,chamber,VICLA:Council-s-amendments:2025-04-02#t15w0,2025-04-02,James NEWBURY,347,,,Human,,4.0-web,
aviprev060,expansion_web,VIC,prev,chamber,VICLA:Second-reading:2025-11-12#t20w2,2025-11-12,Lauren KATHAGE,357,,,Human,,4.0-web,
aviprev061,expansion_web,VIC,prev,chamber,VICLA:Second-reading:2025-03-20#t54w2,2025-03-20,Ellen SANDELL,360,,,Human,,4.0-web,
aviprev062,expansion_web,VIC,prev,chamber,VICLC:Second-reading:2025-10-28#t19w0,2025-10-28,Ryan BATCHELOR,355,,,Human,,4.0-web,
aviprev063,expansion_web,VIC,prev,chamber,VICLC:Questions-without-notice-and-ministers-statements:2026-04-02#t12w0,2026-04-02,Lizzie BLANDTHORN,297,,,Human,,4.0-web,
aviprev064,expansion_web,VIC,prev,chamber,VICLA:Motions:2025-10-16#t1w0,2025-10-16,David SOUTHWICK,351,,,Human,,4.0-web,
aviprev065,expansion_web,VIC,prev,chamber,VICLA:Second-reading:2025-12-04#t7w4,2025-12-04,Tim RICHARDSON,164,,,Human,,4.0-web,
aviprev066,expansion_web,VIC,prev,chamber,VICLA:Second-reading:2025-11-19#t2w4,2025-11-19,Sonya KILKENNY,354,,,Human,,4.0-web,
aviprev067,expansion_web,VIC,prev,chamber,VICLA:Motions:2025-12-09#t19w1,2025-12-09,Danny O’BRIEN,352,,,Human,,4.0-web,
aviprev068,expansion_web,VIC,prev,chamber,VICLA:Council-s-amendments:2026-03-05#t24w0,2026-03-05,John LISTER,223,,,Human,,4.0-web,
aviprev069,expansion_web,VIC,prev,chamber,VICLA:Second-reading:2025-12-04#t18w0,2025-12-04,Annabelle CLEELAND,351,,,AI,,4.0-web,
aviprev070,expansion_web,VIC,prev,chamber,VICLC:Motions:2026-03-04#t2w1,2026-03-04,Jacinta ERMACORA,337,,,Human,,4.0-web,
aviprev071,expansion_web,VIC,prev,chamber,VICLA:Motions:2025-09-09#t0w0,2025-09-09,Jacinta ALLAN,338,,,Mixed,,4.0-web,
aviprev072,expansion_web,VIC,prev,chamber,VICLC:Motions:2026-02-04#t3w0,2026-02-04,Ryan BATCHELOR,349,,,Human,,4.0-web,
aviprev073,expansion_web,VIC,prev,chamber,VICLC:Questions-without-notice-and-ministers-statements:2026-06-04#t41w0,2026-06-04,Ingrid STITT,254,,,Human,,4.0-web,
aviprev074,expansion_web,VIC,prev,chamber,VICLA:Second-reading:2026-03-05#t0w4,2026-03-05,Ros SPENCE,291,,,Human,,4.0-web,
aviprev075,expansion_web,VIC,prev,chamber,VICLA:Condolences:2025-06-17#t2w1,2025-06-17,Ben CARROLL,351,,,Human,,4.0-web,
aviprev076,expansion_web,VIC,prev,chamber,VICLA:Second-reading:2025-08-14#t16w4,2025-08-14,Chris CREWTHER,183,,,Human,,4.0-web,
aviprev077,expansion_web,VIC,prev,chamber,VICLC:Adjournment:2026-03-31#t11w0,2026-03-31,David LIMBRICK,224,,,Human,,4.0-web,
aviprev078,expansion_web,VIC,prev,chamber,VICLA:Second-reading:2026-03-19#t0w1,2026-03-19,Emma KEALY,296,,,Human,,4.0-web,
aviprev079,expansion_web,VIC,prev,chamber,VICLA:Second-reading:2025-11-12#t21w1,2025-11-12,Nicole WERNER,277,,,Human,,4.0-web,
aviprev080,expansion_web,VIC,prev,chamber,VICLA:Second-reading:2025-11-20#t5w1,2025-11-20,Cindy MCLEISH,348,,,Human,,4.0-web,
aviprev081,expansion_web,VIC,prev,chamber,VICLC:Motions:2025-02-19#t13w0,2025-02-19,Evan MULHOLLAND,197,,,Human,,4.0-web,
aviprev082,expansion_web,VIC,prev,chamber,VICLA:Motions:2025-05-15#t30w4,2025-05-15,Jordan CRUGNALE,197,,,AI,,4.0-web,
aviprev083,expansion_web,VIC,prev,chamber,VICLA:Second-reading:2025-06-18#t24w0,2025-06-18,Lauren KATHAGE,355,,,Human,,4.0-web,
aviprev084,expansion_web,VIC,prev,chamber,VICLA:Motions:2026-02-05#t20w0,2026-02-05,Nick STAIKOS,136,,,Human,,4.0-web,
aviprev085,expansion_web,VIC,prev,chamber,VICLC:Motions:2025-09-11#t2w1,2025-09-11,Tom MCINTOSH,314,,,Human,,4.0-web,
aviprev086,expansion_web,VIC,prev,chamber,VICLA:Motions:2026-03-17#t3w0,2026-03-17,Mary-Anne THOMAS,331,,,Human,,4.0-web,
aviprev087,expansion_web,VIC,prev,chamber,VICLC:Condolences:2025-06-17#t2w2,2025-06-17,Ryan BATCHELOR,270,,,Human,,4.0-web,
aviprev088,expansion_web,VIC,prev,chamber,VICLC:Second-reading:2025-07-29#t3w2,2025-07-29,Richard WELCH,346,,,Human,,4.0-web,
aviprev089,expansion_web,VIC,prev,chamber,VICLA:Second-reading:2026-02-19#t13w0,2026-02-19,Tim READ,336,,,Human,,4.0-web,
aviprev090,expansion_web,VIC,prev,chamber,VICLC:Second-reading:2026-02-19#t5w0,2026-02-19,Georgie PURCELL,354,,,Human,,4.0-web,
aviprev091,expansion_web,VIC,prev,chamber,VICLA:Second-reading:2025-05-20#t69w0,2025-05-20,Kim O’KEEFFE,298,,,Human,,4.0-web,
aviprev092,expansion_web,VIC,prev,chamber,VICLA:Second-reading:2025-08-13#t22w3,2025-08-13,Gabrielle DE VIETRI,250,,,AI,,4.0-web,
aviprev093,expansion_web,VIC,prev,chamber,VICLA:Second-reading:2025-08-27#t3w1,2025-08-27,Brad BATTIN,121,,,Human,,4.0-web,
aviprev094,expansion_web,VIC,prev,chamber,VICLC:Second-reading:2026-03-03#t3w1,2026-03-03,Gaelle BROAD,333,,,Human,,4.0-web,
aviprev095,expansion_web,VIC,prev,chamber,VICLA:Second-reading:2025-04-01#t4w0,2025-04-01,Tim MCCURDY,322,,,Human,,4.0-web,
aviprev096,expansion_web,VIC,prev,chamber,VICLC:Members-statements:2025-11-20#t7w0,2025-11-20,Enver ERDOGAN,217,,,Mixed,,4.0-web,
aviprev097,expansion_web,VIC,prev,chamber,VICLA:Constituency-questions:2026-03-31#t11w0,2026-03-31,Alison MARCHANT,122,,,Human,,4.0-web,
aviprev098,expansion_web,VIC,prev,chamber,VICLC:Second-reading:2025-03-20#t7w6,2025-03-20,Katherine COPSEY,228,,,Human,,4.0-web,
aviprev099,expansion_web,VIC,prev,chamber,VICLA:Second-reading:2026-03-17#t11w3,2026-03-17,John PESUTTO,344,,,Human,,4.0-web,
aviprev100,expansion_web,VIC,prev,chamber,VICLA:Questions-without-notice-and-ministers-statements:2025-08-12#t38w0,2025-08-12,Jacinta ALLAN,133,,,Human,,4.0-web,
aviprev101,expansion_web,VIC,prev,chamber,VICLC:Motions:2026-06-03#t57w0,2026-06-03,Evan MULHOLLAND,348,,,Human,,4.0-web,
aviprev102,expansion_web,VIC,prev,chamber,VICLC:Questions-without-notice-and-ministers-statements:2026-02-18#t5w0,2026-02-18,Jaclyn SYMES,254,,,Human,,4.0-web,
aviprev103,expansion_web,VIC,prev,chamber,VICLC:Constituency-questions:2026-06-16#t3w0,2026-06-16,Michael GALEA,138,,,Human,,4.0-web,
aviprev104,expansion_web,VIC,prev,chamber,VICLC:Members-statements:2025-10-14#t4w0,2025-10-14,David DAVIS,230,,,Human,,4.0-web,
aviprev105,expansion_web,VIC,prev,chamber,VICLA:Second-reading:2026-06-18#t10w0,2026-06-18,Sonya KILKENNY,349,,,Human,,4.0-web,
aviprev106,expansion_web,VIC,prev,chamber,VICLA:Second-reading:2025-03-06#t47w3,2025-03-06,Paul MERCURIO,347,,,Human,,4.0-web,
aviprev107,expansion_web,VIC,prev,chamber,VICLA:Second-reading:2025-11-13#t63w3,2025-11-13,Tim RICHARDSON,343,,,Human,,4.0-web,
aviprev108,expansion_web,VIC,prev,chamber,VICLC:Adjournment:2025-07-29#t15w0,2025-07-29,Ryan BATCHELOR,137,,,Human,,4.0-web,
aviprev109,expansion_web,VIC,prev,chamber,VICLC:Second-reading:2025-07-29#t12w0,2025-07-29,Michael GALEA,315,,,Human,,4.0-web,
aviprev110,expansion_web,VIC,prev,chamber,VICLC:Second-reading:2025-12-04#t24w0,2025-12-04,Ryan BATCHELOR,305,,,Human,,4.0-web,
aviprev111,expansion_web,VIC,prev,chamber,VICLC:Motions:2026-05-13#t1w0,2026-05-13,Sonja TERPSTRA,264,,,Human,,4.0-web,
aviprev112,expansion_web,VIC,prev,chamber,VICLC:Second-reading:2025-07-29#t19w5,2025-07-29,Joe MCCRACKEN,350,,,Human,,4.0-web,
aviprev113,expansion_web,VIC,prev,chamber,VICLC:Second-reading:2026-06-17#t2w2,2026-06-17,Melina BATH,345,,,Human,,4.0-web,
aviprev114,expansion_web,VIC,prev,chamber,VICLA:Second-reading:2026-02-05#t7w0,2026-02-05,Gary MAAS,342,,,Human,,4.0-web,
aviprev115,expansion_web,VIC,prev,chamber,VICLA:Second-reading:2026-04-02#t2w5,2026-04-02,Steve DIMOPOULOS,304,,,Human,,4.0-web,
aviprev116,expansion_web,VIC,prev,chamber,VICLC:Second-reading:2025-12-04#t35w11,2025-12-04,Wendy LOVELL,344,,,Mixed,,4.0-web,
aviprev117,expansion_web,VIC,prev,chamber,VICLA:Motions:2026-07-30#t8w3,2026-07-30,Brad ROWSWELL,354,,,Human,,4.0-web,
aviprev118,expansion_web,VIC,prev,chamber,VICLC:Second-reading:2025-02-06#t60w0,2025-02-06,Harriet SHING,305,,,Human,,4.0-web,
aviprev119,expansion_web,VIC,prev,chamber,VICLA:Second-reading:2025-02-20#t15w2,2025-02-20,Roma BRITNELL,342,,,Human,,4.0-web,
awaprev000,expansion_web,WA,prev,chamber,WALA2025-08-19#t96w0,2025-08-19,Ms Sabine Winton,240,,,Human,,4.0-web,
awaprev001,expansion_web,WA,prev,chamber,WALA2025-05-29#t14w1,2025-05-29,Mr Dan Bull,298,,,Human,,4.0-web,
awaprev002,expansion_web,WA,prev,chamber,WALC2025-04-09#t9w1,2025-04-09,Hon Kate Doust,343,,,Human,,4.0-web,
awaprev003,expansion_web,WA,prev,chamber,WALA2025-10-14#t125w1,2025-10-14,Mrs Magenta Marshall,350,,,AI,,4.0-web,
awaprev004,expansion_web,WA,prev,chamber,WALC2025-10-23#t40w2,2025-10-23,Hon Matthew Swinbourn,281,,,Human,,4.0-web,
awaprev005,expansion_web,WA,prev,chamber,WALC2025-04-10#t92w0,2025-04-10,Hon Peter Foster,357,,,Human,,4.0-web,
awaprev006,expansion_web,WA,prev,chamber,WALC2026-03-10#t260w2,2026-03-10,Hon Dr Parwinder Kaur,355,,,Human,,4.0-web,
awaprev007,expansion_web,WA,prev,chamber,WALA2025-05-28#t151w3,2025-05-28,Mr Daniel Pastorelli,343,,,Human,,4.0-web,
awaprev008,expansion_web,WA,prev,chamber,WALC2026-03-17#t100w0,2026-03-17,Hon Dr Steve Thomas,149,,,Human,,4.0-web,
awaprev009,expansion_web,WA,prev,chamber,WALA2025-05-27#t71w1,2025-05-27,Mr Dan Bull,345,,,AI,,4.0-web,
awaprev010,expansion_web,WA,prev,chamber,WALA2025-10-16#t195w0,2025-10-16,Ms Amber-Jade Sanderson,193,,,Human,,4.0-web,
awaprev011,expansion_web,WA,prev,chamber,WALA2025-09-11#t130w0,2025-09-11,Mr John Carey,232,,,Human,,4.0-web,
awaprev012,expansion_web,WA,prev,chamber,WALA2026-05-13#t192w0,2026-05-13,Mr Bevan Eatts,334,,,AI,,4.0-web,
awaprev013,expansion_web,WA,prev,chamber,WALC2025-11-12#t23w1,2025-11-12,Hon Dr Brad Pettitt,328,,,Human,,4.0-web,
awaprev014,expansion_web,WA,prev,chamber,WALC2026-05-07#t44w0,2026-05-07,Hon Julie Freeman,343,,,Human,,4.0-web,
awaprev015,expansion_web,WA,prev,chamber,WALA2025-09-10#t119w2,2025-09-10,Mr Peter Rundle,258,,,Human,,4.0-web,
awaprev016,expansion_web,WA,prev,chamber,WALC2025-05-29#t27w1,2025-05-29,Hon Dr Brad Pettitt,350,,,Human,,4.0-web,
awaprev017,expansion_web,WA,prev,chamber,WALA2025-10-15#t189w0,2025-10-15,Mr Roger Cook,134,,,Human,,4.0-web,
awaprev018,expansion_web,WA,prev,chamber,WALC2025-12-03#t92w0,2025-12-03,Hon Dan Caddy,340,,,Human,,4.0-web,
awaprev019,expansion_web,WA,prev,chamber,WALC2025-05-27#t5w2,2025-05-27,Hon Dr Parwinder Kaur,358,,,Human,,4.0-web,
awaprev020,expansion_web,WA,prev,chamber,WALC2025-08-12#t65w0,2025-08-12,Hon Rod Caddies,347,,,Human,,4.0-web,
awaprev021,expansion_web,WA,prev,chamber,WALA2026-04-14#t154w0,2026-04-14,Mr Peter Rundle,150,,,Human,,4.0-web,
awaprev022,expansion_web,WA,prev,chamber,WALC2026-06-09#t62w0,2026-06-09,Hon Sophie McNeill,277,,,Human,,4.0-web,
awaprev023,expansion_web,WA,prev,chamber,WALC2025-09-18#t43w1,2025-09-18,Hon Dr Parwinder Kaur,360,,,Human,,4.0-web,
awaprev024,expansion_web,WA,prev,chamber,WALA2025-06-26#t45w2,2025-06-26,Mr Shane Love,338,,,Human,,4.0-web,
awaprev025,expansion_web,WA,prev,chamber,WALA2025-06-18#t79w0,2025-06-18,Ms Kim Giddens,129,,,Human,,4.0-web,
awaprev026,expansion_web,WA,prev,chamber,WALA2026-04-14#t58w0,2026-04-14,Ms Meredith Hammat,165,,,Human,,4.0-web,
awaprev027,expansion_web,WA,prev,chamber,WALA2025-08-20#t138w1,2025-08-20,Mr Peter Rundle,335,,,Human,,4.0-web,
awaprev028,expansion_web,WA,prev,chamber,WALC2025-09-10#t2w3,2025-09-10,Hon Steve Martin,348,,,Human,,4.0-web,
awaprev029,expansion_web,WA,prev,chamber,WALC2025-10-23#t200w0,2025-10-23,Hon Matthew Swinbourn,135,,,Human,,4.0-web,
awaprev030,expansion_web,WA,prev,chamber,WALC2025-05-27#t22w2,2025-05-27,Hon Jackie Jarvis,357,,,Human,,4.0-web,
awaprev031,expansion_web,WA,prev,chamber,WALA2026-05-12#t198w0,2026-05-12,Mr Peter Rundle,349,,,Human,,4.0-web,
awaprev032,expansion_web,WA,prev,chamber,WALC2025-08-20#t10w1,2025-08-20,Hon Matthew Swinbourn,338,,,Human,,4.0-web,
awaprev033,expansion_web,WA,prev,chamber,WALA2025-09-11#t4w2,2025-09-11,Mr Scott Leary,273,,,Human,,4.0-web,
awaprev034,expansion_web,WA,prev,chamber,WALC2025-08-21#t51w1,2025-08-21,Hon Pierre Yang,342,,,Human,,4.0-web,
awaprev035,expansion_web,WA,prev,chamber,WALC2025-08-19#t19w0,2025-08-19,Hon Nick Goiran,360,,,Human,,4.0-web,
awaprev036,expansion_web,WA,prev,chamber,WALC2025-05-29#t23w9,2025-05-29,Hon Klasey Hirst,334,,,Human,,4.0-web,
awaprev037,expansion_web,WA,prev,chamber,WALA2025-12-02#t147w2,2025-12-02,Mr Lachlan Hunter,329,,,Human,,4.0-web,
awaprev038,expansion_web,WA,prev,chamber,WALC2025-04-30#t0w0,2025-04-30,Hon Dr Brad Pettitt,171,,,Human,,4.0-web,
awaprev039,expansion_web,WA,prev,chamber,WALC2025-12-11#t154w1,2025-12-11,Hon Matthew Swinbourn,335,,,Human,,4.0-web,
awaprev040,expansion_web,WA,prev,chamber,WALC2026-06-16#t126w0,2026-06-16,Hon Stephen Dawson,303,,,Mixed,,4.0-web,
awaprev041,expansion_web,WA,prev,chamber,WALA2026-06-18#t126w0,2026-06-18,Ms Simone McGurk,329,,,Human,,4.0-web,
awaprev042,expansion_web,WA,prev,chamber,WALC2026-05-05#t11w3,2026-05-05,Hon Dr Brian Walker,352,,,AI,,4.0-web,
awaprev043,expansion_web,WA,prev,chamber,WALC2025-12-09#t489w0,2025-12-09,Hon Rod Caddies,332,,,Human,,4.0-web,
awaprev044,expansion_web,WA,prev,chamber,WALA2025-10-16#t278w0,2025-10-16,Mr Terry Healy,303,,,Human,,4.0-web,
awaprev045,expansion_web,WA,prev,chamber,WALA2025-08-21#t94w0,2025-08-21,Mr David Michael,127,,,Human,,4.0-web,
awaprev046,expansion_web,WA,prev,chamber,WALA2025-05-01#t9w0,2025-05-01,Ms Divina D'Anna,336,,,Human,,4.0-web,
awaprev047,expansion_web,WA,prev,chamber,WALC2026-06-16#t60w3,2026-06-16,Hon Tim Clifford,359,,,Human,,4.0-web,
awaprev048,expansion_web,WA,prev,chamber,WALA2025-11-12#t104w0,2025-11-12,Ms Libby Mettam,310,,,Human,,4.0-web,
awaprev049,expansion_web,WA,prev,chamber,WALC2025-08-19#t9w2,2025-08-19,Hon Simon Ehrenfeld,352,,,Human,,4.0-web,
awaprev050,expansion_web,WA,prev,chamber,WALC2026-02-24#t74w4,2026-02-24,Hon Dan Caddy,338,,,Human,,4.0-web,
awaprev051,expansion_web,WA,prev,chamber,WALA2025-08-13#t10w0,2025-08-13,Mr Peter Rundle,340,,,Human,,4.0-web,
awaprev052,expansion_web,WA,prev,chamber,WALC2025-09-09#t14w9,2025-09-09,Hon Kate Doust,213,,,Human,,4.0-web,
awaprev053,expansion_web,WA,prev,chamber,WALA2025-04-09#t117w3,2025-04-09,Mr Shane Love,344,,,Human,,4.0-web,
awaprev054,expansion_web,WA,prev,chamber,WALC2025-11-19#t24w3,2025-11-19,Hon Nick Goiran,255,,,Human,,4.0-web,
awaprev055,expansion_web,WA,prev,chamber,WALC2025-11-13#t4w2,2025-11-13,Hon Dr Steve Thomas,353,,,Human,,4.0-web,
awaprev056,expansion_web,WA,prev,chamber,WALA2025-05-29#t126w0,2025-05-29,Mrs Magenta Marshall,353,,,Human,,4.0-web,
awaprev057,expansion_web,WA,prev,chamber,WALA2026-02-25#t285w0,2026-02-25,Mr Rhys Williams,338,,,Human,,4.0-web,
awaprev058,expansion_web,WA,prev,chamber,WALA2025-12-02#t45w0,2025-12-02,Mr Roger Cook,132,,,Human,,4.0-web,
awaprev059,expansion_web,WA,prev,chamber,WALC2025-04-09#t1w9,2025-04-09,Hon Martin Pritchard,211,,,Human,,4.0-web,
awaprev060,expansion_web,WA,prev,chamber,WALA2026-05-13#t27w1,2026-05-13,Mr Adam Hort,352,,,Human,,4.0-web,
awaprev061,expansion_web,WA,prev,chamber,WALC2025-10-16#t16w0,2025-10-16,Hon Dan Caddy,120,,,Human,,4.0-web,
awaprev062,expansion_web,WA,prev,chamber,WALA2025-06-17#t29w0,2025-06-17,Ms Rita Saffioti,343,,,Human,,4.0-web,
awaprev063,expansion_web,WA,prev,chamber,WALA2025-06-24#t160w1,2025-06-24,Ms Sook Yee Lai,351,,,Human,,4.0-web,
awaprev064,expansion_web,WA,prev,chamber,WALA2025-04-30#t9w2,2025-04-30,Mr Mark Folkard,352,,,Human,,4.0-web,
awaprev065,expansion_web,WA,prev,chamber,WALC2026-03-17#t301w3,2026-03-17,Hon Dan Caddy,339,,,Human,,4.0-web,
awaprev066,expansion_web,WA,prev,chamber,WALA2025-05-21#t26w4,2025-05-21,Mr David Michael,314,,,Human,,4.0-web,
awaprev067,expansion_web,WA,prev,chamber,WALA2025-08-21#t156w0,2025-08-21,Mr Roger Cook,358,,,Human,,4.0-web,
awaprev068,expansion_web,WA,prev,chamber,WALA2026-02-25#t294w0,2026-02-25,Mrs Kirrilee Warr,218,,,Human,,4.0-web,
awaprev069,expansion_web,WA,prev,chamber,WALC2026-05-13#t78w13,2026-05-13,Hon Anthony Spagnolo,351,,,Human,,4.0-web,
awaprev070,expansion_web,WA,prev,chamber,WALA2025-06-18#t122w1,2025-06-18,Mr David Bolt,342,,,Human,,4.0-web,
awaprev071,expansion_web,WA,prev,chamber,WALA2025-04-30#t6w2,2025-04-30,Ms Sabine Winton,349,,,Human,,4.0-web,
awaprev072,expansion_web,WA,prev,chamber,WALC2026-03-11#t48w1,2026-03-11,Hon Dr Katrina Stratton,268,,,Human,,4.0-web,
awaprev073,expansion_web,WA,prev,chamber,WALC2025-08-14#t42w0,2025-08-14,Hon Rod Caddies,284,,,Mixed,,4.0-web,
awaprev074,expansion_web,WA,prev,chamber,WALA2026-05-05#t38w0,2026-05-05,Ms Rita Saffioti,162,,,Human,,4.0-web,
awaprev075,expansion_web,WA,prev,chamber,WALC2025-04-10#t12w1,2025-04-10,Hon Kate Doust,314,,,Human,,4.0-web,
awaprev076,expansion_web,WA,prev,chamber,WALA2026-03-11#t84w0,2026-03-11,Ms Amber-Jade Sanderson,293,,,Human,,4.0-web,
awaprev077,expansion_web,WA,prev,chamber,WALA2025-06-17#t182w0,2025-06-17,Mr Dave Kelly,126,,,Human,,4.0-web,
awaprev078,expansion_web,WA,prev,chamber,WALA2025-05-27#t70w0,2025-05-27,Mr Dan Bull,125,,,Human,,4.0-web,
awaprev079,expansion_web,WA,prev,chamber,WALC2026-05-07#t65w0,2026-05-07,Hon Neil Thomson,337,,,Human,,4.0-web,
awaprev080,expansion_web,WA,prev,chamber,WALC2025-04-30#t26w5,2025-04-30,Hon Jackie Jarvis,133,,,Human,,4.0-web,
awaprev081,expansion_web,WA,prev,chamber,WALC2026-05-14#t33w1,2026-05-14,Hon Neil Thomson,348,,,Human,,4.0-web,
awaprev082,expansion_web,WA,prev,chamber,WALC2025-04-08#t1w0,2025-04-08,Hon Neil Thomson,232,,,Human,,4.0-web,
awaprev083,expansion_web,WA,prev,chamber,WALC2025-09-16#t201w0,2025-09-16,Hon Neil Thomson,171,,,Human,,4.0-web,
awaprev084,expansion_web,WA,prev,chamber,WALC2026-03-19#t30w0,2026-03-19,Hon Sophie McNeill,131,,,Human,,4.0-web,
awaprev085,expansion_web,WA,prev,chamber,WALA2026-03-18#t782w0,2026-03-18,Mr Lachlan Hunter,123,,,Human,,4.0-web,
awaprev086,expansion_web,WA,prev,chamber,WALA2025-10-16#t236w2,2025-10-16,Mrs Kirrilee Warr,348,,,Human,,4.0-web,
awaprev087,expansion_web,WA,prev,chamber,WALA2025-11-11#t68w0,2025-11-11,Ms Sandra Brewer,342,,,Human,,4.0-web,
awaprev088,expansion_web,WA,prev,chamber,WALC2026-02-25#t110w1,2026-02-25,Hon Dan Caddy,337,,,Human,,4.0-web,
awaprev089,expansion_web,WA,prev,chamber,WALA2025-05-22#t13w2,2025-05-22,Ms Meredith Hammat,350,,,Human,,4.0-web,
awaprev090,expansion_web,WA,prev,chamber,WALC2026-05-13#t42w0,2026-05-13,Hon Samantha Rowe,129,,,Human,,4.0-web,
awaprev091,expansion_web,WA,prev,chamber,WALA2025-04-10#t9w2,2025-04-10,Ms Emily Hamilton,351,,,Human,,4.0-web,
awaprev092,expansion_web,WA,prev,chamber,WALC2025-08-13#t27w2,2025-08-13,Hon Dr Steve Thomas,333,,,Human,,4.0-web,
awaprev093,expansion_web,WA,prev,chamber,WALC2025-11-12#t56w0,2025-11-12,Hon Dan Caddy,355,,,Human,,4.0-web,
awaprev094,expansion_web,WA,prev,chamber,WALA2025-09-09#t107w0,2025-09-09,Mr David Scaife,351,,,Human,,4.0-web,
awaprev095,expansion_web,WA,prev,chamber,WALA2025-11-11#t12w2,2025-11-11,Mrs Lorna Clarke,158,,,Human,,4.0-web,
awaprev096,expansion_web,WA,prev,chamber,WALC2026-03-19#t243w0,2026-03-19,Hon Dr Brad Pettitt,162,,,Human,,4.0-web,
awaprev097,expansion_web,WA,prev,chamber,WALC2025-12-11#t234w0,2025-12-11,Hon Sophie McNeill,209,,,Human,,4.0-web,
awaprev098,expansion_web,WA,prev,chamber,WALC2026-03-12#t33w0,2026-03-12,Hon Dan Caddy,135,,,Human,,4.0-web,
awaprev099,expansion_web,WA,prev,chamber,WALA2025-06-18#t144w3,2025-06-18,Mr David Bolt,358,,,Human,,4.0-web,
awaprev100,expansion_web,WA,prev,chamber,WALC2026-05-14#t64w1,2026-05-14,Hon Maryka Groenewald,353,,,Human,,4.0-web,
awaprev101,expansion_web,WA,prev,chamber,WALC2025-05-29#t25w1,2025-05-29,Hon Neil Thomson,333,,,Human,,4.0-web,
awaprev102,expansion_web,WA,prev,chamber,WALC2025-11-11#t30w0,2025-11-11,Hon Matthew Swinbourn,166,,,Human,,4.0-web,
awaprev103,expansion_web,WA,prev,chamber,WALA2025-05-27#t78w4,2025-05-27,Mr Dave Kelly,173,,,Human,,4.0-web,
awaprev104,expansion_web,WA,prev,chamber,WALC2025-05-22#t29w1,2025-05-22,Hon Nick Goiran,355,,,Human,,4.0-web,
awaprev105,expansion_web,WA,prev,chamber,WALA2025-06-24#t127w0,2025-06-24,Ms Rita Saffioti,144,,,Human,,4.0-web,
awaprev106,expansion_web,WA,prev,chamber,WALC2026-03-17#t11w3,2026-03-17,Hon Jess Beckerling,343,,,Human,,4.0-web,
awaprev107,expansion_web,WA,prev,chamber,WALC2025-08-12#t15w11,2025-08-12,Hon Dr Steve Thomas,351,,,Human,,4.0-web,
awaprev108,expansion_web,WA,prev,chamber,WALA2025-11-12#t105w3,2025-11-12,Mr Bevan Eatts,339,,,AI,,4.0-web,
awaprev109,expansion_web,WA,prev,chamber,WALA2025-05-28#t147w0,2025-05-28,Mr Paul Papalia,174,,,Human,,4.0-web,
awaprev110,expansion_web,WA,prev,chamber,WALC2025-10-16#t51w0,2025-10-16,Hon Kate Doust,356,,,Human,,4.0-web,
awaprev111,expansion_web,WA,prev,chamber,WALC2026-05-06#t125w0,2026-05-06,Hon Sophie McNeill,354,,,Human,,4.0-web,
awaprev112,expansion_web,WA,prev,chamber,WALC2026-05-14#t6w0,2026-05-14,Hon Dan Caddy,339,,,Human,,4.0-web,
awaprev113,expansion_web,WA,prev,chamber,WALC2025-08-19#t13w2,2025-08-19,Hon Lauren Cayoun,354,,,Human,,4.0-web,
awaprev114,expansion_web,WA,prev,chamber,WALC2026-06-17#t23w3,2026-06-17,Hon Rob Horstman,342,,,Human,,4.0-web,
awaprev115,expansion_web,WA,prev,chamber,WALC2025-11-19#t6w1,2025-11-19,Hon Jackie Jarvis,261,,,Human,,4.0-web,
awaprev116,expansion_web,WA,prev,chamber,WALC2025-11-18#t204w0,2025-11-18,Hon Matthew Swinbourn,359,,,Human,,4.0-web,
awaprev117,expansion_web,WA,prev,chamber,WALA2025-08-12#t236w0,2025-08-12,Mr Lachlan Hunter,355,,,Human,,4.0-web,
awaprev118,expansion_web,WA,prev,chamber,WALA2025-10-22#t294w0,2025-10-22,Mr Don Punch,334,,,Human,,4.0-web,
awaprev119,expansion_web,WA,prev,chamber,WALA2026-03-12#t13w2,2026-03-12,Mr Liam Staltari,340,,,Human,,4.0-web,
cabctl052,expansion_web,AB,ctl,chamber,AB2006-05-03#t147w0,2006-05-03,Mr. Eggen,334,,,Human,,4.0-web,
cabctl054,expansion_web,AB,ctl,chamber,AB2008-05-12#t165w0,2008-05-12,Mr. Weadick,353,,,Human,,4.0-web,
cabctl055,expansion_web,AB,ctl,chamber,AB2007-05-30#t129w0,2007-05-30,Mr. Griffiths,360,,,Human,,4.0-web,
cabctl056,expansion_web,AB,ctl,chamber,AB2008-11-06#t73w0,2008-11-06,Ms Notley,123,,,Human,,4.0-web,
cabctl057,expansion_web,AB,ctl,chamber,AB2015-11-02#t138w0,2015-11-02,Mr. Smith,354,,,Human,,4.0-web,
cabctl058,expansion_web,AB,ctl,chamber,AB2006-03-02#t120w0,2006-03-02,Mrs. Mather,332,,,Human,,4.0-web,
cabctl059,expansion_web,AB,ctl,chamber,AB2006-04-04#t7w8,2006-04-04,Mr. Eggen,189,,,Human,,4.0-web,
cabprev000,expansion_web,AB,prev,chamber,AB2025-05-07#t46w4,2025-05-07,Member Hoyle,224,,,Human,,4.0-web,
cabprev001,expansion_web,AB,prev,chamber,AB2025-10-27#t108w1,2025-10-27,Ms Ganley,357,,,Human,,4.0-web,
cabprev002,expansion_web,AB,prev,chamber,AB2025-04-30#t130w0,2025-04-30,Member Batten,348,,,Human,,4.0-web,
cabprev003,expansion_web,AB,prev,chamber,AB2025-12-03#t148w0,2025-12-03,Ms Gray,247,,,Human,,4.0-web,
cabprev004,expansion_web,AB,prev,chamber,AB2025-11-06#t90w0,2025-11-06,Mr. Nixon,123,,,Human,,4.0-web,
cabprev005,expansion_web,AB,prev,chamber,AB2026-03-26#t114w0,2026-03-26,Ms Gray,124,,,Human,,4.0-web,
cabprev006,expansion_web,AB,prev,chamber,AB2025-12-08#t34w1,2025-12-08,Member Tejada,348,,,Human,,4.0-web,
cabprev007,expansion_web,AB,prev,chamber,AB2025-03-13#t115w4,2025-03-13,Mr. Nally,350,,,Human,,4.0-web,
cabprev008,expansion_web,AB,prev,chamber,AB2026-03-25#t122w1,2026-03-25,Mr. Dach,325,,,Human,,4.0-web,
cabprev009,expansion_web,AB,prev,chamber,AB2026-05-14#t146w8,2026-05-14,Mr. Schow,144,,,Human,,4.0-web,
cabprev010,expansion_web,AB,prev,chamber,AB2025-04-30#t36w0,2025-04-30,Ms Hoffman,121,,,Human,,4.0-web,
cabprev011,expansion_web,AB,prev,chamber,AB2025-03-13#t130w2,2025-03-13,Mr. Kasawski,311,,,Human,,4.0-web,
cabprev012,expansion_web,AB,prev,chamber,AB2025-05-14#t166w2,2025-05-14,Member Calahoo Stonehouse,121,,,Human,,4.0-web,
cabprev013,expansion_web,AB,prev,chamber,AB2025-04-09#t149w0,2025-04-09,Dr. Elmeligi,357,,,Human,,4.0-web,
cabprev014,expansion_web,AB,prev,chamber,AB2025-11-04#t144w0,2025-11-04,Mr. Sabir,353,,,Human,,4.0-web,
cabprev015,expansion_web,AB,prev,chamber,AB2025-12-01#t11w0,2025-12-01,Member Boparai,346,,,AI,,4.0-web,
cabprev016,expansion_web,AB,prev,chamber,AB2026-03-09#t164w0,2026-03-09,Mr. Schow,265,,,Human,,4.0-web,
cabprev017,expansion_web,AB,prev,chamber,AB2026-05-05#t129w1,2026-05-05,Mr. Schmidt,181,,,Human,,4.0-web,
cabprev018,expansion_web,AB,prev,chamber,AB2025-11-24#t8w1,2025-11-24,Mr. Shepherd,164,,,Human,,4.0-web,
cabprev019,expansion_web,AB,prev,chamber,AB2026-03-19#t143w1,2026-03-19,Member Arcand-Paul,358,,,Human,,4.0-web,
cabprev020,expansion_web,AB,prev,chamber,AB2026-05-06#t49w1,2026-05-06,Ms Al-Guneid,360,,,Human,,4.0-web,
cabprev021,expansion_web,AB,prev,chamber,AB2025-04-07#t145w2,2025-04-07,Dr. Metz,352,,,Human,,4.0-web,
cabprev022,expansion_web,AB,prev,chamber,AB2025-04-30#t31w0,2025-04-30,Ms Smith,132,,,Human,,4.0-web,
cabprev023,expansion_web,AB,prev,chamber,AB2025-10-27#t19w2,2025-10-27,Mr. Guthrie,353,,,AI,,4.0-web,
cabprev024,expansion_web,AB,prev,chamber,AB2026-04-23#t8w0,2026-04-23,Mrs. Petrovic,351,,,AI,,4.0-web,
cabprev025,expansion_web,AB,prev,chamber,AB2026-03-12#t42w0,2026-03-12,Member Arcand-Paul,157,,,Human,,4.0-web,
cabprev026,expansion_web,AB,prev,chamber,AB2025-11-17#t37w0,2025-11-17,Ms Pancholi,125,,,Human,,4.0-web,
cabprev027,expansion_web,AB,prev,chamber,AB2025-04-30#t151w0,2025-04-30,Mr. Neudorf,252,,,Human,,4.0-web,
cabprev028,expansion_web,AB,prev,chamber,AB2025-03-17#t15w0,2025-03-17,Mr. Yao,357,,,AI,,4.0-web,
cabprev029,expansion_web,AB,prev,chamber,AB2025-10-29#t156w2,2025-10-29,Mr. Ellingson,287,,,Human,,4.0-web,
cabprev030,expansion_web,AB,prev,chamber,AB2025-03-25#t124w0,2025-03-25,Member Kayande,348,,,Human,,4.0-web,
cabprev031,expansion_web,AB,prev,chamber,AB2025-03-11#t10w0,2025-03-11,Ms Sigurdson,306,,,Human,,4.0-web,
cabprev032,expansion_web,AB,prev,chamber,AB2025-03-24#t121w3,2025-03-24,Member Arcand-Paul,350,,,Human,,4.0-web,
cabprev033,expansion_web,AB,prev,chamber,AB2025-12-08#t48w0,2025-12-08,Mr. Nenshi,137,,,Human,,4.0-web,
cabprev034,expansion_web,AB,prev,chamber,AB2025-03-27#t137w0,2025-03-27,Mr. Horner,314,,,Human,,4.0-web,
cabprev035,expansion_web,AB,prev,chamber,AB2026-04-15#t51w0,2026-04-15,Ms Hoffman,135,,,Human,,4.0-web,
cabprev036,expansion_web,AB,prev,chamber,AB2025-10-28#t138w0,2025-10-28,Dr. Elmeligi,360,,,Human,,4.0-web,
cabprev037,expansion_web,AB,prev,chamber,AB2026-04-16#t198w0,2026-04-16,Mr. Getson,350,,,Human,,4.0-web,
cabprev038,expansion_web,AB,prev,chamber,AB2025-12-02#t144w2,2025-12-02,Mr. Kasawski,325,,,Human,,4.0-web,
cabprev039,expansion_web,AB,prev,chamber,AB2025-03-10#t167w3,2025-03-10,Mr. McDougall,137,,,AI,,4.0-web,
cabprev040,expansion_web,AB,prev,chamber,AB2025-05-13#t160w4,2025-05-13,Mr. Kasawski,357,,,Human,,4.0-web,
cabprev041,expansion_web,AB,prev,chamber,AB2025-11-03#t151w0,2025-11-03,Dr. Elmeligi,355,,,Human,,4.0-web,
cabprev042,expansion_web,AB,prev,chamber,AB2026-05-11#t108w0,2026-05-11,Member Miyashiro,319,,,Human,,4.0-web,
cabprev043,expansion_web,AB,prev,chamber,AB2025-11-25#t170w1,2025-11-25,Ms Pancholi,336,,,Mixed,,4.0-web,
cabprev044,expansion_web,AB,prev,chamber,AB2025-05-06#t28w2,2025-05-06,Member Miyashiro,351,,,Mixed,,4.0-web,
cabprev045,expansion_web,AB,prev,chamber,AB2025-12-09#t77w1,2025-12-09,Mr. Dach,311,,,Human,,4.0-web,
cabprev046,expansion_web,AB,prev,chamber,AB2026-03-25#t128w2,2026-03-25,Mr. Haji,357,,,Human,,4.0-web,
cabprev047,expansion_web,AB,prev,chamber,AB2025-03-10#t36w0,2025-03-10,Mr. Williams,132,,,Human,,4.0-web,
cabprev048,expansion_web,AB,prev,chamber,AB2026-04-15#t148w1,2026-04-15,Mr. Haji,355,,,Human,,4.0-web,
cabprev049,expansion_web,AB,prev,chamber,AB2025-11-17#t13w2,2025-11-17,Member Kayande,347,,,Human,,4.0-web,
cabprev050,expansion_web,AB,prev,chamber,AB2025-11-06#t142w4,2025-11-06,Mr. Nicolaides,343,,,Human,,4.0-web,
cabprev051,expansion_web,AB,prev,chamber,AB2025-10-30#t132w2,2025-10-30,Ms Hoffman,221,,,Human,,4.0-web,
cabprev052,expansion_web,AB,prev,chamber,AB2025-04-07#t147w1,2025-04-07,Member Kayande,360,,,Human,,4.0-web,
cabprev053,expansion_web,AB,prev,chamber,AB2025-11-17#t129w0,2025-11-17,Mr. Gurinder Brar,172,,,Human,,4.0-web,
cabprev054,expansion_web,AB,prev,chamber,AB2025-05-06#t154w3,2025-05-06,Ms Sigurdson,132,,,Human,,4.0-web,
cabprev055,expansion_web,AB,prev,chamber,AB2026-02-24#t129w3,2026-02-24,Ms Gray,244,,,Human,,4.0-web,
cabprev056,expansion_web,AB,prev,chamber,AB2025-03-26#t127w7,2025-03-26,Mr. Dach,135,,,Human,,4.0-web,
cabprev057,expansion_web,AB,prev,chamber,AB2026-04-14#t157w1,2026-04-14,Mr. Sabir,330,,,Human,,4.0-web,
cabprev058,expansion_web,AB,prev,chamber,AB2025-11-17#t139w2,2025-11-17,Mr. Dach,355,,,Human,,4.0-web,
cabprev059,expansion_web,AB,prev,chamber,AB2026-03-26#t125w1,2026-03-26,Member Ellingson,329,,,Human,,4.0-web,
cabprev060,expansion_web,AB,prev,chamber,AB2025-11-18#t141w0,2025-11-18,Member Arcand-Paul,358,,,Human,,4.0-web,
cabprev061,expansion_web,AB,prev,chamber,AB2026-05-12#t123w1,2026-05-12,Member Eremenko,343,,,Human,,4.0-web,
cabprev062,expansion_web,AB,prev,chamber,AB2025-11-26#t11w0,2025-11-26,Ms Hoffman,357,,,Human,,4.0-web,
cabprev063,expansion_web,AB,prev,chamber,AB2025-12-02#t147w4,2025-12-02,Ms Sweet,352,,,Human,,4.0-web,
cabprev064,expansion_web,AB,prev,chamber,AB2026-04-16#t198w3,2026-04-16,Mr. Getson,231,,,Human,,4.0-web,
cabprev065,expansion_web,AB,prev,chamber,AB2025-10-30#t54w0,2025-10-30,Mr. Horner,120,,,Human,,4.0-web,
cabprev066,expansion_web,AB,prev,chamber,AB2025-12-09#t75w0,2025-12-09,Mr. Shepherd,133,,,Human,,4.0-web,
cabprev067,expansion_web,AB,prev,chamber,AB2026-03-09#t152w1,2026-03-09,Ms Sweet,345,,,Human,,4.0-web,
cabprev068,expansion_web,AB,prev,chamber,AB2026-04-01#t111w0,2026-04-01,Mr. Schow,257,,,Human,,4.0-web,
cabprev069,expansion_web,AB,prev,chamber,AB2025-12-01#t9w0,2025-12-01,Ms Pancholi,336,,,Human,,4.0-web,
cabprev070,expansion_web,AB,prev,chamber,AB2025-02-26#t138w0,2025-02-26,Mr. Shepherd,342,,,Human,,4.0-web,
cabprev071,expansion_web,AB,prev,chamber,AB2025-05-07#t22w3,2025-05-07,Member Calahoo Stonehouse,342,,,AI,,4.0-web,
cabprev072,expansion_web,AB,prev,chamber,AB2026-03-23#t37w0,2026-03-23,Mr. McDougall,195,,,Human,,4.0-web,
cabprev073,expansion_web,AB,prev,chamber,AB2025-05-14#t78w0,2025-05-14,Ms Schulz,125,,,Human,,4.0-web,
cabprev074,expansion_web,AB,prev,chamber,AB2025-03-13#t118w2,2025-03-13,Ms Sweet,336,,,Human,,4.0-web,
cabprev075,expansion_web,AB,prev,chamber,AB2026-02-24#t143w0,2026-02-24,Dr. Metz,358,,,Human,,4.0-web,
cabprev076,expansion_web,AB,prev,chamber,AB2025-05-14#t49w3,2025-05-14,Mr. Nixon,204,,,Human,,4.0-web,
cabprev077,expansion_web,AB,prev,chamber,AB2025-05-01#t116w3,2025-05-01,Mr. Ip,352,,,AI,,4.0-web,
cabprev078,expansion_web,AB,prev,chamber,AB2025-12-09#t33w0,2025-12-09,Mr. Deol,299,,,Human,,4.0-web,
cabprev079,expansion_web,AB,prev,chamber,AB2025-05-13#t63w1,2025-05-13,Member Kayande,345,,,Human,,4.0-web,
cabprev080,expansion_web,AB,prev,chamber,AB2026-03-09#t149w2,2026-03-09,Ms Goehring,348,,,Human,,4.0-web,
cabprev081,expansion_web,AB,prev,chamber,AB2025-05-01#t56w0,2025-05-01,Mr. Nixon,136,,,Human,,4.0-web,
cabprev082,expansion_web,AB,prev,chamber,AB2026-04-01#t145w2,2026-04-01,Mr. Nenshi,345,,,Human,,4.0-web,
cabprev083,expansion_web,AB,prev,chamber,AB2025-12-09#t74w2,2025-12-09,Mr. Shepherd,328,,,Human,,4.0-web,
cabprev084,expansion_web,AB,prev,chamber,AB2025-11-24#t144w1,2025-11-24,Mr. Dyck,226,,,Human,,4.0-web,
cabprev085,expansion_web,AB,prev,chamber,AB2025-12-02#t146w2,2025-12-02,Mr. Haji,357,,,Mixed,,4.0-web,
cabprev086,expansion_web,AB,prev,chamber,AB2025-11-25#t0w0,2025-11-25,Mr. Shepherd,329,,,Human,,4.0-web,
cabprev087,expansion_web,AB,prev,chamber,AB2025-12-01#t105w0,2025-12-01,Ms Gray,151,,,Human,,4.0-web,
cabprev088,expansion_web,AB,prev,chamber,AB2025-05-06#t27w0,2025-05-06,Mr. Sabir,357,,,Human,,4.0-web,
cabprev089,expansion_web,AB,prev,chamber,AB2025-05-05#t143w1,2025-05-05,Mr. Haji,247,,,Human,,4.0-web,
cabprev090,expansion_web,AB,prev,chamber,AB2025-03-25#t113w2,2025-03-25,Mr. Horner,359,,,Human,,4.0-web,
cabprev091,expansion_web,AB,prev,chamber,AB2026-03-25#t129w0,2026-03-25,Member Hoyle,358,,,Human,,4.0-web,
cabprev092,expansion_web,AB,prev,chamber,AB2025-12-02#t8w0,2025-12-02,Mr. Gurtej Brar,349,,,AI,,4.0-web,
cabprev093,expansion_web,AB,prev,chamber,AB2025-04-09#t41w0,2025-04-09,Mr. Jean,129,,,Human,,4.0-web,
cabprev094,expansion_web,AB,prev,chamber,AB2025-12-09#t172w0,2025-12-09,Mr. Amery,261,,,Human,,4.0-web,
cabprev095,expansion_web,AB,prev,chamber,AB2026-04-14#t150w1,2026-04-14,Member Arcand-Paul,346,,,Human,,4.0-web,
cabprev096,expansion_web,AB,prev,chamber,AB2025-03-17#t140w2,2025-03-17,Ms Sigurdson,324,,,Human,,4.0-web,
cabprev097,expansion_web,AB,prev,chamber,AB2025-10-30#t135w1,2025-10-30,Mr. Eggen,335,,,Human,,4.0-web,
cabprev098,expansion_web,AB,prev,chamber,AB2025-10-27#t30w0,2025-10-27,Member Gurinder Brar,356,,,Human,,4.0-web,
cabprev099,expansion_web,AB,prev,chamber,AB2025-10-29#t10w0,2025-10-29,Mr. Schmidt,316,,,Human,,4.0-web,
cabprev100,expansion_web,AB,prev,chamber,AB2025-11-17#t144w3,2025-11-17,Mr. Dyck,240,,,Human,,4.0-web,
cabprev101,expansion_web,AB,prev,chamber,AB2025-12-02#t142w5,2025-12-02,Member Arcand-Paul,347,,,Human,,4.0-web,
cabprev102,expansion_web,AB,prev,chamber,AB2025-12-03#t20w0,2025-12-03,Mr. Schow,169,,,Human,,4.0-web,
cabprev103,expansion_web,AB,prev,chamber,AB2026-05-06#t14w1,2026-05-06,Mr. Deol,339,,,Human,,4.0-web,
cabprev104,expansion_web,AB,prev,chamber,AB2026-05-12#t12w1,2026-05-12,Member Gurinder Brar,341,,,Mixed,,4.0-web,
cabprev105,expansion_web,AB,prev,chamber,AB2026-02-24#t14w0,2026-02-24,Member Hoyle,275,,,AI,,4.0-web,
cabprev106,expansion_web,AB,prev,chamber,AB2025-04-30#t152w0,2025-04-30,Ms Hoffman,334,,,Human,,4.0-web,
cabprev107,expansion_web,AB,prev,chamber,AB2025-04-28#t13w0,2025-04-28,Dr. Elmeligi,360,,,Human,,4.0-web,
cabprev108,expansion_web,AB,prev,chamber,AB2026-02-26#t21w0,2026-02-26,Mr. Shepherd,351,,,Human,,4.0-web,
cabprev109,expansion_web,AB,prev,chamber,AB2025-04-07#t140w0,2025-04-07,Ms Hoffman,286,,,Human,,4.0-web,
cabprev110,expansion_web,AB,prev,chamber,AB2025-11-06#t139w1,2025-11-06,Ms Smith,346,,,Human,,4.0-web,
cabprev111,expansion_web,AB,prev,chamber,AB2026-04-01#t133w5,2026-04-01,Mr. Getson,139,,,Human,,4.0-web,
cabprev112,expansion_web,AB,prev,chamber,AB2026-05-13#t120w3,2026-05-13,Member Kayande,336,,,Human,,4.0-web,
cabprev113,expansion_web,AB,prev,chamber,AB2026-04-14#t148w0,2026-04-14,Mr. Sabir,341,,,Human,,4.0-web,
cabprev114,expansion_web,AB,prev,chamber,AB2025-11-25#t21w1,2025-11-25,Member Miyashiro,360,,,Human,,4.0-web,
cabprev115,expansion_web,AB,prev,chamber,AB2025-11-24#t23w2,2025-11-24,Member Ellingson,320,,,Human,,4.0-web,
cabprev116,expansion_web,AB,prev,chamber,AB2025-11-05#t139w4,2025-11-05,Mr. Haji,196,,,Human,,4.0-web,
cabprev117,expansion_web,AB,prev,chamber,AB2025-12-09#t133w0,2025-12-09,Mr. Wright,360,,,Mixed,,4.0-web,
cabprev118,expansion_web,AB,prev,chamber,AB2026-04-14#t145w3,2026-04-14,Mr. Schow,352,,,Human,,4.0-web,
cabprev119,expansion_web,AB,prev,chamber,AB2025-12-09#t164w0,2025-12-09,Member Eremenko,348,,,Human,,4.0-web,
cbcctl000,expansion_web,BC,ctl,chamber,BC2009-11-03#t9w10,2009-11-03,B. Routley,357,,,Human,,4.0-web,
cbcctl001,expansion_web,BC,ctl,chamber,BC2007-03-13#t14w0,2007-03-13,R. Cantelon,296,,,Human,,4.0-web,
cbcctl002,expansion_web,BC,ctl,chamber,BC2006-11-27#t195w0,2006-11-27,N. Simons,282,,,Human,,4.0-web,
cbcctl003,expansion_web,BC,ctl,chamber,BC2009-11-05#t58w0,2009-11-05,M. Karagianis,334,,,Human,,4.0-web,
cbcctl004,expansion_web,BC,ctl,chamber,BC2015-10-28#t7w0,2015-10-28,H. Bains,262,,,Human,,4.0-web,
cbcctl005,expansion_web,BC,ctl,chamber,BC2008-02-27#t59w1,2008-02-27,V. Roddick,338,,,Human,,4.0-web,
cbcctl006,expansion_web,BC,ctl,chamber,BC2019-03-04#t2w1,2019-03-04,N. Simons,124,,,Human,,4.0-web,
cbcctl007,expansion_web,BC,ctl,chamber,BC2015-07-13#t24w0,2015-07-13,R. Austin,356,,,Human,,4.0-web,
cbcctl008,expansion_web,BC,ctl,chamber,BC2017-10-05#t81w0,2017-10-05,Hon. H. Bains,319,,,Human,,4.0-web,
cbcctl009,expansion_web,BC,ctl,chamber,BC2007-11-01#t160w0,2007-11-01,D. MacKay,285,,,Human,,4.0-web,
cbcctl010,expansion_web,BC,ctl,chamber,BC2006-11-27#t110w0,2006-11-27,A. Dix,340,,,Human,,4.0-web,
cbcctl011,expansion_web,BC,ctl,chamber,BC2009-10-21#t37w0,2009-10-21,R. Cantelon,277,,,Human,,4.0-web,
cbcctl012,expansion_web,BC,ctl,chamber,BC2010-05-25#t251w0,2010-05-25,R. Fleming,327,,,Human,,4.0-web,
cbcctl013,expansion_web,BC,ctl,chamber,BC2018-03-06#t35w0,2018-03-06,A. Weaver,205,,,Human,,4.0-web,
cbcctl014,expansion_web,BC,ctl,chamber,BC2008-04-08#t85w0,2008-04-08,Hon. P. Bell,201,,,Human,,4.0-web,
cbcctl015,expansion_web,BC,ctl,chamber,BC2015-07-14#t9w1,2015-07-14,D. Eby,298,,,Human,,4.0-web,
cbcctl016,expansion_web,BC,ctl,chamber,BC2015-05-27#t206w2,2015-05-27,J. Horgan,329,,,Human,,4.0-web,
cbcctl017,expansion_web,BC,ctl,chamber,BC2016-02-18#t3w10,2016-02-18,K. Corrigan,309,,,Human,,4.0-web,
cbcctl018,expansion_web,BC,ctl,chamber,BC2017-09-20#t66w0,2017-09-20,Hon. M. Farnworth,155,,,Human,,4.0-web,
cbcctl019,expansion_web,BC,ctl,chamber,BC2010-04-15#t75w0,2010-04-15,Hon. R. Coleman,225,,,Human,,4.0-web,
cbcctl020,expansion_web,BC,ctl,chamber,BC2019-05-06#t109w0,2019-05-06,S. Bond,306,,,Human,,4.0-web,
cbcctl021,expansion_web,BC,ctl,chamber,BC2016-03-02#t382w0,2016-03-02,H. Bains,321,,,Human,,4.0-web,
cbcctl022,expansion_web,BC,ctl,chamber,BC2007-03-06#t86w1,2007-03-06,Hon. O. Ilich,199,,,Human,,4.0-web,
cbcctl023,expansion_web,BC,ctl,chamber,BC2017-10-18#t190w0,2017-10-18,S. Bond,348,,,Human,,4.0-web,
cbcctl024,expansion_web,BC,ctl,chamber,BC2008-03-05#t122w0,2008-03-05,J. Horgan,124,,,Human,,4.0-web,
cbcctl025,expansion_web,BC,ctl,chamber,BC2018-03-13#t130w0,2018-03-13,Hon. R. Fleming,155,,,Human,,4.0-web,
cbcctl026,expansion_web,BC,ctl,chamber,BC2018-10-04#t17w4,2018-10-04,L. Throness,148,,,Human,,4.0-web,
cbcctl027,expansion_web,BC,ctl,chamber,BC2007-05-28#t202w0,2007-05-28,C. James,322,,,Human,,4.0-web,
cbcctl028,expansion_web,BC,ctl,chamber,BC2007-03-28#t395w0,2007-03-28,S. Fraser,244,,,Human,,4.0-web,
cbcctl029,expansion_web,BC,ctl,chamber,BC2019-05-02#t18w1,2019-05-02,J. Rustad,303,,,Human,,4.0-web,
cbcctl030,expansion_web,BC,ctl,chamber,BC2008-04-15#t131w0,2008-04-15,D. Cubberley,337,,,Human,,4.0-web,
cbcctl031,expansion_web,BC,ctl,chamber,BC2009-11-05#t89w1,2009-11-05,M. Farnworth,217,,,Human,,4.0-web,
cbcctl032,expansion_web,BC,ctl,chamber,BC2015-05-11#t245w0,2015-05-11,Hon. T. Lake,294,,,Human,,4.0-web,
cbcctl033,expansion_web,BC,ctl,chamber,BC2019-05-28#t105w0,2019-05-28,D. Barnett,154,,,Human,,4.0-web,
cbcctl034,expansion_web,BC,ctl,chamber,BC2015-04-20#t69w0,2015-04-20,Hon. N. Letnick,157,,,Human,,4.0-web,
cbcctl035,expansion_web,BC,ctl,chamber,BC2007-04-23#t233w2,2007-04-23,Hon. S. Bond,349,,,Human,,4.0-web,
cbcctl036,expansion_web,BC,ctl,chamber,BC2018-11-26#t238w0,2018-11-26,Hon. C. Trevena,229,,,Human,,4.0-web,
cbcctl037,expansion_web,BC,ctl,chamber,BC2006-02-23#t139w12,2006-02-23,Hon. L. Reid,337,,,Human,,4.0-web,
cbcctl038,expansion_web,BC,ctl,chamber,BC2010-03-25#t111w0,2010-03-25,Hon. I. Black,321,,,Human,,4.0-web,
cbcctl039,expansion_web,BC,ctl,chamber,BC2007-05-17#t57w0,2007-05-17,D. Thorne,168,,,Human,,4.0-web,
cbcctl040,expansion_web,BC,ctl,chamber,BC2007-11-22#t106w4,2007-11-22,B. Lekstrom,315,,,Human,,4.0-web,
cbcctl041,expansion_web,BC,ctl,chamber,BC2009-11-05#t160w1,2009-11-05,M. Karagianis,196,,,Human,,4.0-web,
cbcctl042,expansion_web,BC,ctl,chamber,BC2008-04-29#t234w0,2008-04-29,Hon. I. Chong,198,,,Human,,4.0-web,
cbcctl043,expansion_web,BC,ctl,chamber,BC2017-02-22#t68w9,2017-02-22,Hon. S. Thomson,315,,,Human,,4.0-web,
cbcctl044,expansion_web,BC,ctl,chamber,BC2007-02-27#t36w1,2007-02-27,N. Simons,268,,,Human,,4.0-web,
cbcctl045,expansion_web,BC,ctl,chamber,BC2006-02-23#t139w13,2006-02-23,Hon. L. Reid,312,,,Human,,4.0-web,
cbcctl046,expansion_web,BC,ctl,chamber,BC2010-03-23#t17w0,2010-03-23,S. Simpson,125,,,Human,,4.0-web,
cbcctl047,expansion_web,BC,ctl,chamber,BC2008-03-04#t16w0,2008-03-04,M. Karagianis,325,,,Human,,4.0-web,
cbcctl048,expansion_web,BC,ctl,chamber,BC2006-04-27#t147w0,2006-04-27,Hon. O. Ilich,159,,,Human,,4.0-web,
cbcctl049,expansion_web,BC,ctl,chamber,BC2006-05-18#t26w0,2006-05-18,D. Routley,132,,,Human,,4.0-web,
cbcctl050,expansion_web,BC,ctl,chamber,BC2008-05-20#t247w0,2008-05-20,Hon. G. Abbott,338,,,Human,,4.0-web,
cbcctl051,expansion_web,BC,ctl,chamber,BC2006-02-20#t33w0,2006-02-20,Hon. J. Les,156,,,Human,,4.0-web,
cbcctl052,expansion_web,BC,ctl,chamber,BC2017-03-14#t100w0,2017-03-14,Hon. T. Wat,127,,,Human,,4.0-web,
cbcctl053,expansion_web,BC,ctl,chamber,BC2007-03-07#t455w2,2007-03-07,H. Lali,313,,,Human,,4.0-web,
cbcctl054,expansion_web,BC,ctl,chamber,BC2009-10-21#t506w0,2009-10-21,K. Corrigan,120,,,Human,,4.0-web,
cbcctl055,expansion_web,BC,ctl,chamber,BC2019-11-25#t139w1,2019-11-25,T. Stone,331,,,Human,,4.0-web,
cbcctl056,expansion_web,BC,ctl,chamber,BC2019-03-07#t28w0,2019-03-07,M. Lee,122,,,Human,,4.0-web,
cbcctl057,expansion_web,BC,ctl,chamber,BC2017-03-13#t70w0,2017-03-13,D. Donaldson,292,,,Human,,4.0-web,
cbcctl058,expansion_web,BC,ctl,chamber,BC2006-02-15#t34w0,2006-02-15,Hon. G. Campbell,191,,,Human,,4.0-web,
cbcctl059,expansion_web,BC,ctl,chamber,BC2018-03-08#t369w0,2018-03-08,Hon. R. Fleming,357,,,Human,,4.0-web,
cbcprev000,expansion_web,BC,prev,chamber,BC2025-04-30#t101w0,2025-04-30,Hon. Ravi Kahlon,289,,,Human,,4.0-web,
cbcprev001,expansion_web,BC,prev,chamber,BC2025-03-06#t3w0,2025-03-06,Jessie Sunner,161,,,Human,,4.0-web,
cbcprev002,expansion_web,BC,prev,chamber,BC2026-02-18#t92w0,2026-02-18,Korky Neufeld,322,,,Mixed,,4.0-web,
cbcprev003,expansion_web,BC,prev,chamber,BC2025-11-25#t23w2,2025-11-25,Hon. Josie Osborne,303,,,Mixed,,4.0-web,
cbcprev004,expansion_web,BC,prev,chamber,BC2025-05-01#t315w0,2025-05-01,Hon. Niki Sharma,175,,,Human,,4.0-web,
cbcprev005,expansion_web,BC,prev,chamber,BC2026-04-27#t11w1,2026-04-27,Susie Chant,360,,,Human,,4.0-web,
cbcprev006,expansion_web,BC,prev,chamber,BC2026-03-10#t340w0,2026-03-10,Linda Hepner,156,,,Human,,4.0-web,
cbcprev007,expansion_web,BC,prev,chamber,BC2026-04-14#t65w0,2026-04-14,Hon. Lana Popham,188,,,Human,,4.0-web,
cbcprev008,expansion_web,BC,prev,chamber,BC2025-05-05#t204w0,2025-05-05,Elenore Sturko,260,,,Human,,4.0-web,
cbcprev009,expansion_web,BC,prev,chamber,BC2025-02-26#t121w1,2025-02-26,Hon. Christine Boyle,336,,,Human,,4.0-web,
cbcprev010,expansion_web,BC,prev,chamber,BC2026-04-21#t255w0,2026-04-21,Hon. Ravi Parmar,122,,,Human,,4.0-web,
cbcprev011,expansion_web,BC,prev,chamber,BC2025-03-06#t65w1,2025-03-06,Hon. Randene Neill,354,,,Human,,4.0-web,
cbcprev012,expansion_web,BC,prev,chamber,BC2025-04-29#t552w0,2025-04-29,Jeremy Valeriote,153,,,Human,,4.0-web,
cbcprev013,expansion_web,BC,prev,chamber,BC2025-05-12#t73w0,2025-05-12,Hon. Sheila Malcolmson,352,,,Human,,4.0-web,
cbcprev014,expansion_web,BC,prev,chamber,BC2026-03-31#t275w0,2026-03-31,Hon. Sheila Malcolmson,290,,,Human,,4.0-web,
cbcprev015,expansion_web,BC,prev,chamber,BC2025-04-14#t159w0,2025-04-14,Hon. Niki Sharma,353,,,Human,,4.0-web,
cbcprev016,expansion_web,BC,prev,chamber,BC2025-05-14#t204w0,2025-05-14,Trevor Halford,242,,,Human,,4.0-web,
cbcprev017,expansion_web,BC,prev,chamber,BC2025-05-28#t91w0,2025-05-28,Teresa Wat,120,,,Human,,4.0-web,
cbcprev018,expansion_web,BC,prev,chamber,BC2025-03-11#t11w5,2025-03-11,Tony Luck,341,,,Human,,4.0-web,
cbcprev019,expansion_web,BC,prev,chamber,BC2026-04-01#t167w0,2026-04-01,Peter Milobar,148,,,Human,,4.0-web,
cbcprev020,expansion_web,BC,prev,chamber,BC2025-04-15#t23w0,2025-04-15,Bruce Banman,157,,,Human,,4.0-web,
cbcprev021,expansion_web,BC,prev,chamber,BC2025-10-27#t101w4,2025-10-27,Bruce Banman,345,,,Human,,4.0-web,
cbcprev022,expansion_web,BC,prev,chamber,BC2026-02-23#t25w0,2026-02-23,Stephanie Higginson,354,,,Mixed,,4.0-web,
cbcprev023,expansion_web,BC,prev,chamber,BC2025-04-29#t87w0,2025-04-29,Scott McInnis,174,,,Human,,4.0-web,
cbcprev024,expansion_web,BC,prev,chamber,BC2026-05-04#t114w0,2026-05-04,Hon. Jennifer Whiteside,243,,,Human,,4.0-web,
cbcprev025,expansion_web,BC,prev,chamber,BC2025-11-17#t87w5,2025-11-17,Lynne Block,332,,,AI,,4.0-web,
cbcprev026,expansion_web,BC,prev,chamber,BC2026-04-01#t87w1,2026-04-01,Rob Botterell,322,,,Human,,4.0-web,
cbcprev027,expansion_web,BC,prev,chamber,BC2026-05-27#t341w1,2026-05-27,Hon. Spencer Chandra Herbert,154,,,Human,,4.0-web,
cbcprev028,expansion_web,BC,prev,chamber,BC2026-03-31#t69w0,2026-03-31,Hon. Brenda Bailey,183,,,Human,,4.0-web,
cbcprev029,expansion_web,BC,prev,chamber,BC2026-04-16#t39w5,2026-04-16,Tony Luck,334,,,AI,,4.0-web,
cbcprev030,expansion_web,BC,prev,chamber,BC2026-02-26#t12w9,2026-02-26,Peter Milobar,270,,,Human,,4.0-web,
cbcprev031,expansion_web,BC,prev,chamber,BC2025-04-30#t733w0,2025-04-30,Gavin Dew,141,,,Human,,4.0-web,
cbcprev032,expansion_web,BC,prev,chamber,BC2025-04-03#t98w2,2025-04-03,Hon. Josie Osborne,348,,,Human,,4.0-web,
cbcprev033,expansion_web,BC,prev,chamber,BC2026-05-26#t335w0,2026-05-26,Hon. Spencer Chandra Herbert,144,,,Human,,4.0-web,
cbcprev034,expansion_web,BC,prev,chamber,BC2025-05-08#t25w2,2025-05-08,Sheldon Clare,349,,,AI,,4.0-web,
cbcprev035,expansion_web,BC,prev,chamber,BC2025-05-13#t398w0,2025-05-13,Tony Luck,187,,,Human,,4.0-web,
cbcprev036,expansion_web,BC,prev,chamber,BC2025-02-25#t17w3,2025-02-25,Sunita Dhir,332,,,Mixed,,4.0-web,
cbcprev037,expansion_web,BC,prev,chamber,BC2025-04-30#t724w0,2025-04-30,Hon. Niki Sharma,150,,,Human,,4.0-web,
cbcprev038,expansion_web,BC,prev,chamber,BC2026-05-07#t173w0,2026-05-07,Hon. Mike Farnworth,356,,,Human,,4.0-web,
cbcprev039,expansion_web,BC,prev,chamber,BC2026-04-15#t91w0,2026-04-15,Hon. Laanas / Tamara Davidson,345,,,Human,,4.0-web,
cbcprev040,expansion_web,BC,prev,chamber,BC2025-04-16#t113w1,2025-04-16,David Williams,355,,,AI,,4.0-web,
cbcprev041,expansion_web,BC,prev,chamber,BC2026-04-20#t285w1,2026-04-20,Hon. Kelly Greene,319,,,Human,,4.0-web,
cbcprev042,expansion_web,BC,prev,chamber,BC2026-05-27#t101w0,2026-05-27,Hon. David Eby,348,,,Human,,4.0-web,
cbcprev043,expansion_web,BC,prev,chamber,BC2025-10-27#t18w1,2025-10-27,George Anderson,281,,,AI,,4.0-web,
cbcprev044,expansion_web,BC,prev,chamber,BC2025-04-14#t88w10,2025-04-14,Á’a :líya Warbus,355,,,AI,,4.0-web,
cbcprev045,expansion_web,BC,prev,chamber,BC2025-05-01#t183w0,2025-05-01,Hon. Randene Neill,202,,,Human,,4.0-web,
cbcprev046,expansion_web,BC,prev,chamber,BC2026-04-13#t84w1,2026-04-13,Lorne Doerkson,347,,,Human,,4.0-web,
cbcprev047,expansion_web,BC,prev,chamber,BC2025-11-20#t192w1,2025-11-20,Steve Kooner,219,,,Human,,4.0-web,
cbcprev048,expansion_web,BC,prev,chamber,BC2025-05-28#t432w0,2025-05-28,Hon. Adrian Dix,166,,,Human,,4.0-web,
cbcprev049,expansion_web,BC,prev,chamber,BC2026-03-10#t25w4,2026-03-10,Anna Kindy,332,,,Human,,4.0-web,
cbcprev050,expansion_web,BC,prev,chamber,BC2026-04-13#t82w9,2026-04-13,Á’a :líya Warbus,343,,,Human,,4.0-web,
cbcprev051,expansion_web,BC,prev,chamber,BC2026-03-31#t54w0,2026-03-31,Hon. Josie Osborne,126,,,Human,,4.0-web,
cbcprev052,expansion_web,BC,prev,chamber,BC2025-05-01#t362w0,2025-05-01,Hon. Niki Sharma,121,,,Human,,4.0-web,
cbcprev053,expansion_web,BC,prev,chamber,BC2025-05-07#t146w0,2025-05-07,Hon. Mike Farnworth,144,,,Human,,4.0-web,
cbcprev054,expansion_web,BC,prev,chamber,BC2025-03-31#t9w1,2025-03-31,Paul Choi,316,,,AI,,4.0-web,
cbcprev055,expansion_web,BC,prev,chamber,BC2025-04-07#t172w0,2025-04-07,Lynne Block,344,,,Human,,4.0-web,
cbcprev056,expansion_web,BC,prev,chamber,BC2025-03-31#t119w0,2025-03-31,Hon. Adrian Dix,330,,,Human,,4.0-web,
cbcprev057,expansion_web,BC,prev,chamber,BC2025-05-12#t13w0,2025-05-12,Steve Morissette,322,,,AI,,4.0-web,
cbcprev058,expansion_web,BC,prev,chamber,BC2025-11-26#t283w0,2025-11-26,Claire Rattée,121,,,Human,,4.0-web,
cbcprev059,expansion_web,BC,prev,chamber,BC2026-03-11#t204w0,2026-03-11,Hon. Christine Boyle,138,,,Human,,4.0-web,
cbcprev060,expansion_web,BC,prev,chamber,BC2025-05-26#t514w0,2025-05-26,Hon. Adrian Dix,155,,,Human,,4.0-web,
cbcprev061,expansion_web,BC,prev,chamber,BC2026-05-07#t50w0,2026-05-07,Macklin McCall,238,,,Human,,4.0-web,
cbcprev062,expansion_web,BC,prev,chamber,BC2025-04-15#t13w5,2025-04-15,Larry Neufeld,344,,,Human,,4.0-web,
cbcprev063,expansion_web,BC,prev,chamber,BC2026-05-25#t63w0,2026-05-25,Trevor Halford,147,,,Human,,4.0-web,
cbcprev064,expansion_web,BC,prev,chamber,BC2025-03-12#t102w4,2025-03-12,Hon. Sheila Malcolmson,324,,,Human,,4.0-web,
cbcprev065,expansion_web,BC,prev,chamber,BC2025-11-18#t73w0,2025-11-18,David Williams,128,,,AI,,4.0-web,
cbcprev066,expansion_web,BC,prev,chamber,BC2025-02-19#t80w3,2025-02-19,Hon. Spencer Chandra Herbert,317,,,Human,,4.0-web,
cbcprev067,expansion_web,BC,prev,chamber,BC2026-05-26#t219w0,2026-05-26,Hon. Spencer Chandra Herbert,135,,,Human,,4.0-web,
cbcprev068,expansion_web,BC,prev,chamber,BC2026-03-10#t5w1,2026-03-10,Darlene Rotchford,324,,,Mixed,,4.0-web,
cbcprev069,expansion_web,BC,prev,chamber,BC2025-10-28#t87w1,2025-10-28,Hon. Laanas / Tamara Davidson,311,,,Human,,4.0-web,
cbcprev070,expansion_web,BC,prev,chamber,BC2025-05-06#t2w0,2025-05-06,Hon. Garry Begg,227,,,Human,,4.0-web,
cbcprev071,expansion_web,BC,prev,chamber,BC2025-11-18#t251w0,2025-11-18,Gavin Dew,221,,,Human,,4.0-web,
cbcprev072,expansion_web,BC,prev,chamber,BC2026-03-03#t149w0,2026-03-03,Hon. Spencer Chandra Herbert,232,,,Human,,4.0-web,
cbcprev073,expansion_web,BC,prev,chamber,BC2026-03-02#t59w0,2026-03-02,Peter Milobar,254,,,Human,,4.0-web,
cbcprev074,expansion_web,BC,prev,chamber,BC2025-05-14#t117w0,2025-05-14,Ian Paton,284,,,Human,,4.0-web,
cbcprev075,expansion_web,BC,prev,chamber,BC2026-02-26#t232w0,2026-02-26,Hon. Bowinn Ma,260,,,Human,,4.0-web,
cbcprev076,expansion_web,BC,prev,chamber,BC2026-04-21#t73w0,2026-04-21,Ward Stamer,172,,,Human,,4.0-web,
cbcprev077,expansion_web,BC,prev,chamber,BC2025-02-26#t18w0,2025-02-26,Macklin McCall,314,,,AI,,4.0-web,
cbcprev078,expansion_web,BC,prev,chamber,BC2025-04-07#t113w0,2025-04-07,Hon. Josie Osborne,326,,,Human,,4.0-web,
cbcprev079,expansion_web,BC,prev,chamber,BC2026-04-30#t59w4,2026-04-30,Hon. Josie Osborne,293,,,Human,,4.0-web,
cbcprev080,expansion_web,BC,prev,chamber,BC2026-03-31#t182w0,2026-03-31,Gavin Dew,329,,,Human,,4.0-web,
cbcprev081,expansion_web,BC,prev,chamber,BC2025-05-26#t465w0,2025-05-26,Hon. Adrian Dix,158,,,Human,,4.0-web,
cbcprev082,expansion_web,BC,prev,chamber,BC2025-03-05#t0w0,2025-03-05,Hon. Ravi Parmar,133,,,Human,,4.0-web,
cbcprev083,expansion_web,BC,prev,chamber,BC2026-04-27#t195w0,2026-04-27,Jordan Kealy,242,,,Human,,4.0-web,
cbcprev084,expansion_web,BC,prev,chamber,BC2025-10-06#t22w0,2025-10-06,Hon. David Eby,123,,,Human,,4.0-web,
cbcprev085,expansion_web,BC,prev,chamber,BC2025-05-27#t63w0,2025-05-27,Peter Milobar,319,,,Human,,4.0-web,
cbcprev086,expansion_web,BC,prev,chamber,BC2025-05-01#t272w0,2025-05-01,Gavin Dew,278,,,Human,,4.0-web,
cbcprev087,expansion_web,BC,prev,chamber,BC2026-03-03#t262w0,2026-03-03,Hon. Spencer Chandra Herbert,354,,,Human,,4.0-web,
cbcprev088,expansion_web,BC,prev,chamber,BC2026-05-25#t329w0,2026-05-25,Hon. Spencer Chandra Herbert,203,,,Human,,4.0-web,
cbcprev089,expansion_web,BC,prev,chamber,BC2025-04-03#t197w0,2025-04-03,Hon. Lisa Beare,195,,,Human,,4.0-web,
cbcprev090,expansion_web,BC,prev,chamber,BC2025-10-30#t87w0,2025-10-30,Hon. Adrian Dix,149,,,Human,,4.0-web,
cbcprev091,expansion_web,BC,prev,chamber,BC2025-05-06#t109w0,2025-05-06,Steve Kooner,189,,,Human,,4.0-web,
cbcprev092,expansion_web,BC,prev,chamber,BC2025-05-28#t412w0,2025-05-28,Hon. Adrian Dix,258,,,Human,,4.0-web,
cbcprev093,expansion_web,BC,prev,chamber,BC2025-05-13#t27w3,2025-05-13,Lawrence Mok,356,,,AI,,4.0-web,
cbcprev094,expansion_web,BC,prev,chamber,BC2025-02-27#t4w4,2025-02-27,Amna Shah,284,,,Human,,4.0-web,
cbcprev095,expansion_web,BC,prev,chamber,BC2025-04-08#t65w0,2025-04-08,Hon. Josie Osborne,196,,,Human,,4.0-web,
cbcprev096,expansion_web,BC,prev,chamber,BC2025-10-21#t74w2,2025-10-21,Hon. Bowinn Ma,250,,,Human,,4.0-web,
cbcprev097,expansion_web,BC,prev,chamber,BC2026-04-16#t13w1,2026-04-16,Lorne Doerkson,309,,,Human,,4.0-web,
cbcprev098,expansion_web,BC,prev,chamber,BC2026-03-31#t11w0,2026-03-31,Hon. Anne Kang,196,,,Mixed,,4.0-web,
cbcprev099,expansion_web,BC,prev,chamber,BC2025-11-18#t8w2,2025-11-18,Peter Milobar,304,,,Human,,4.0-web,
cbcprev100,expansion_web,BC,prev,chamber,BC2025-05-29#t48w1,2025-05-29,John Rustad,356,,,Human,,4.0-web,
cbcprev101,expansion_web,BC,prev,chamber,BC2025-05-15#t21w0,2025-05-15,Peter Milobar,130,,,Human,,4.0-web,
cbcprev102,expansion_web,BC,prev,chamber,BC2025-11-18#t199w0,2025-11-18,Hon. Adrian Dix,347,,,Human,,4.0-web,
cbcprev103,expansion_web,BC,prev,chamber,BC2025-04-16#t211w0,2025-04-16,Hon. Niki Sharma,169,,,Human,,4.0-web,
cbcprev104,expansion_web,BC,prev,chamber,BC2025-05-05#t649w0,2025-05-05,Gavin Dew,126,,,Human,,4.0-web,
cbcprev105,expansion_web,BC,prev,chamber,BC2025-05-05#t380w0,2025-05-05,Kristina Loewen,252,,,Human,,4.0-web,
cbcprev106,expansion_web,BC,prev,chamber,BC2026-03-12#t97w0,2026-03-12,Hon. Jodie Wickens,140,,,Human,,4.0-web,
cbcprev107,expansion_web,BC,prev,chamber,BC2026-04-21#t282w0,2026-04-21,Hon. Laanas / Tamara Davidson,315,,,Human,,4.0-web,
cbcprev108,expansion_web,BC,prev,chamber,BC2026-05-21#t192w0,2026-05-21,Jeremy Valeriote,134,,,Human,,4.0-web,
cbcprev109,expansion_web,BC,prev,chamber,BC2025-05-28#t148w2,2025-05-28,John Rustad,236,,,Human,,4.0-web,
cbcprev110,expansion_web,BC,prev,chamber,BC2025-05-05#t676w0,2025-05-05,Gavin Dew,338,,,Human,,4.0-web,
cbcprev111,expansion_web,BC,prev,chamber,BC2025-05-12#t17w0,2025-05-12,Teresa Wat,347,,,AI,,4.0-web,
cbcprev112,expansion_web,BC,prev,chamber,BC2026-05-25#t99w0,2026-05-25,Hon. Brenda Bailey,166,,,Human,,4.0-web,
cbcprev113,expansion_web,BC,prev,chamber,BC2025-04-29#t244w0,2025-04-29,Hon. Ravi Kahlon,346,,,Human,,4.0-web,
cbcprev114,expansion_web,BC,prev,chamber,BC2026-04-21#t122w0,2026-04-21,Hon. Kelly Greene,264,,,Human,,4.0-web,
cbcprev115,expansion_web,BC,prev,chamber,BC2025-10-28#t6w3,2025-10-28,Kristina Loewen,202,,,Mixed,,4.0-web,
cbcprev116,expansion_web,BC,prev,chamber,BC2026-03-10#t257w0,2026-03-10,Hon. Christine Boyle,131,,,Human,,4.0-web,
cbcprev117,expansion_web,BC,prev,chamber,BC2026-03-04#t79w1,2026-03-04,Harman Bhangu,340,,,AI,,4.0-web,
cbcprev118,expansion_web,BC,prev,chamber,BC2025-11-27#t221w0,2025-11-27,Rob Botterell,156,,,Human,,4.0-web,
cbcprev119,expansion_web,BC,prev,chamber,BC2025-11-25#t221w0,2025-11-25,Gavin Dew,186,,,Human,,4.0-web,
cmbctl000,expansion_web,MB,ctl,chamber,MB2015-06-29#t113w0,2015-06-29,Mr. Blaine Pedersen (Midland),339,,,Human,,4.0-web,
cmbctl001,expansion_web,MB,ctl,chamber,MB2016-06-22#t369w1,2016-06-22,Mr. Pedersen,185,,,Human,,4.0-web,
cmbctl002,expansion_web,MB,ctl,chamber,MB2018-05-16#t174w0,2018-05-16,Mrs. Smith,135,,,Human,,4.0-web,
cmbctl003,expansion_web,MB,ctl,chamber,MB2008-04-15#t9w0,2008-04-15,Mr. Kevin Lamoureux (Inkster),172,,,Human,,4.0-web,
cmbctl004,expansion_web,MB,ctl,chamber,MB2018-10-04#t233w1,2018-10-04,Mrs. Bernadette Smith (Point Douglas),346,,,Human,,4.0-web,
cmbctl005,expansion_web,MB,ctl,chamber,MB2017-04-27#t28w0,2017-04-27,Mr. Ted Marcelino (Tyndall Park),337,,,Human,,4.0-web,
cmbctl006,expansion_web,MB,ctl,chamber,MB2007-09-27#t180w0,2007-09-27,Mr. Chomiak,168,,,Human,,4.0-web,
cmbctl007,expansion_web,MB,ctl,chamber,MB2017-03-14#t26w0,2017-03-14,Mr. Jeff Wharton (Gimli),331,,,Human,,4.0-web,
cmbctl008,expansion_web,MB,ctl,chamber,MB2007-10-25#t146w4,2007-10-25,Mr. Rick Borotsik (Brandon West),268,,,Human,,4.0-web,
cmbctl009,expansion_web,MB,ctl,chamber,MB2016-10-13#t67w8,2016-10-13,Mr. Lindsey,333,,,Human,,4.0-web,
cmbctl010,expansion_web,MB,ctl,chamber,MB2018-05-10#t171w1,2018-05-10,Mr. Wishart,191,,,Human,,4.0-web,
cmbctl011,expansion_web,MB,ctl,chamber,MB2016-11-24#t54w0,2016-11-24,"Hon. Kelvin Goertzen (Minister of Health, Seniors and Active Living)",124,,,Human,,4.0-web,
cmbctl012,expansion_web,MB,ctl,chamber,MB2016-11-30#t39w0,2016-11-30,Mr. Friesen,148,,,Human,,4.0-web,
cmbctl013,expansion_web,MB,ctl,chamber,MB2009-12-03#t93w8,2009-12-03,Hon. Jon Gerrard (River Heights),346,,,Human,,4.0-web,
cmbctl014,expansion_web,MB,ctl,chamber,MB2015-05-04#t57w6,2015-05-04,Hon. Erna Braun (Minister of Labour and Immigration),156,,,Human,,4.0-web,
cmbctl015,expansion_web,MB,ctl,chamber,MB2018-06-19#t9w0,2018-06-19,Mr. James Allum (Fort Garry-Riverview),332,,,Human,,4.0-web,
cmbctl016,expansion_web,MB,ctl,chamber,MB2015-10-27#t58w0,2015-10-27,Mr. Blaine Pedersen (Midland),288,,,Human,,4.0-web,
cmbctl017,expansion_web,MB,ctl,chamber,MB2017-03-14#t11w0,2017-03-14,Mr. Pallister,210,,,Human,,4.0-web,
cmbctl018,expansion_web,MB,ctl,chamber,MB2010-06-03#t56w0,2010-06-03,Mr. Bidhu Jha (Radisson),292,,,Human,,4.0-web,
cmbctl019,expansion_web,MB,ctl,chamber,MB2009-04-21#t258w0,2009-04-21,Ms. Wowchuk,180,,,Human,,4.0-web,
cmbctl020,expansion_web,MB,ctl,chamber,MB2010-04-21#t19w0,2010-04-21,Mr. Kelvin Goertzen (Steinbach),133,,,Human,,4.0-web,
cmbctl021,expansion_web,MB,ctl,chamber,MB2010-05-04#t417w0,2010-05-04,Mr. Hawranik,129,,,Human,,4.0-web,
cmbctl022,expansion_web,MB,ctl,chamber,MB2007-11-05#t49w0,2007-11-05,Mr. Chomiak,204,,,Human,,4.0-web,
cmbctl023,expansion_web,MB,ctl,chamber,MB2010-06-14#t63w3,2010-06-14,Mr. David Faurschou (Portage la Prairie),289,,,Human,,4.0-web,
cmbctl024,expansion_web,MB,ctl,chamber,MB2015-06-04#t15w2,2015-06-04,Hon. Jon Gerrard (River Heights),299,,,Human,,4.0-web,
cmbctl025,expansion_web,MB,ctl,chamber,MB2010-05-20#t78w0,2010-05-20,Mr. Graydon,147,,,Human,,4.0-web,
cmbctl026,expansion_web,MB,ctl,chamber,MB2016-11-03#t50w0,2016-11-03,Hon. Rochelle Squires (Minister responsible for the Status of Women),347,,,Human,,4.0-web,
cmbctl027,expansion_web,MB,ctl,chamber,MB2008-12-04#t3w1,2008-12-04,Mr. Kevin Lamoureux (Inkster),351,,,Human,,4.0-web,
cmbctl028,expansion_web,MB,ctl,chamber,MB2008-09-18#t97w3,2008-09-18,Mrs. Leanne Rowat (Minnedosa),335,,,Human,,4.0-web,
cmbctl029,expansion_web,MB,ctl,chamber,MB2018-10-31#t88w6,2018-10-31,Mr. Rob Altemeyer (Wolseley),348,,,Human,,4.0-web,
cmbctl030,expansion_web,MB,ctl,chamber,MB2008-12-02#t7w0,2008-12-02,Mr. Hugh McFadyen (Leader of the Official Opposition),212,,,Human,,4.0-web,
cmbctl031,expansion_web,MB,ctl,chamber,MB2018-10-09#t25w0,2018-10-09,Mr. Kinew,166,,,Human,,4.0-web,
cmbctl032,expansion_web,MB,ctl,chamber,MB2015-06-17#t61w11,2015-06-17,Mr. Doyle Piwniuk (Arthur-Virden),318,,,Human,,4.0-web,
cmbctl033,expansion_web,MB,ctl,chamber,MB2007-10-10#t207w0,2007-10-10,Mr. Selinger,221,,,Human,,4.0-web,
cmbctl034,expansion_web,MB,ctl,chamber,MB2016-06-13#t59w0,2016-06-13,Mr. Swan,152,,,Human,,4.0-web,
cmbctl035,expansion_web,MB,ctl,chamber,MB2018-11-08#t18w0,2018-11-08,Mr. Wab Kinew (Leader of the Official Opposition),188,,,Human,,4.0-web,
cmbctl036,expansion_web,MB,ctl,chamber,MB2018-05-22#t99w10,2018-05-22,Mr. Rob Altemeyer (Wolseley),319,,,Human,,4.0-web,
cmbctl037,expansion_web,MB,ctl,chamber,MB2019-03-20#t66w3,2019-03-20,Mr. Wiebe,336,,,Human,,4.0-web,
cmbctl038,expansion_web,MB,ctl,chamber,MB2016-05-25#t14w0,2016-05-25,Hon. Brian Pallister (Premier),184,,,Human,,4.0-web,
cmbctl039,expansion_web,MB,ctl,chamber,MB2016-03-08#t5w0,2016-03-08,Mr. Gaudreau,131,,,Human,,4.0-web,
cmbctl040,expansion_web,MB,ctl,chamber,MB2008-05-06#t33w0,2008-05-06,Ms. Oswald,283,,,Human,,4.0-web,
cmbctl041,expansion_web,MB,ctl,chamber,MB2007-10-16#t4w0,2007-10-16,Mr. Gerald Hawranik (Lac du Bonnet),212,,,Human,,4.0-web,
cmbctl042,expansion_web,MB,ctl,chamber,MB2017-10-30#t170w0,2017-10-30,Mr. Altemeyer,251,,,Human,,4.0-web,
cmbctl043,expansion_web,MB,ctl,chamber,MB2008-10-02#t12w1,2008-10-02,Mr. Goertzen,201,,,Human,,4.0-web,
cmbctl044,expansion_web,MB,ctl,chamber,MB2015-11-23#t65w4,2015-11-23,Mr. Andrew Swan (Minto),200,,,Human,,4.0-web,
cmbctl045,expansion_web,MB,ctl,chamber,MB2016-06-16#t88w0,2016-06-16,Mr. Pallister,287,,,Human,,4.0-web,
cmbctl046,expansion_web,MB,ctl,chamber,MB2018-10-22#t261w0,2018-10-22,Mr. Fletcher,229,,,Human,,4.0-web,
cmbctl047,expansion_web,MB,ctl,chamber,MB2008-05-08#t12w4,2008-05-08,Hon. Theresa Oswald (Minister of Health),298,,,Human,,4.0-web,
cmbctl048,expansion_web,MB,ctl,chamber,MB2018-10-30#t4w0,2018-10-30,Ms. Flor Marcelino (Logan),218,,,Human,,4.0-web,
cmbctl049,expansion_web,MB,ctl,chamber,MB2009-04-23#t22w2,2009-04-23,Mr. Blaikie,286,,,Human,,4.0-web,
cmbctl050,expansion_web,MB,ctl,chamber,MB2016-11-29#t82w5,2016-11-29,Ms. Amanda Lathlin (The Pas),337,,,Human,,4.0-web,
cmbctl051,expansion_web,MB,ctl,chamber,MB2015-05-26#t352w0,2015-05-26,Mr. Pallister,339,,,Human,,4.0-web,
cmbctl052,expansion_web,MB,ctl,chamber,MB2010-05-06#t16w1,2010-05-06,Mr. Tom Nevakshonoff (Interlake),328,,,Human,,4.0-web,
cmbctl053,expansion_web,MB,ctl,chamber,MB2010-03-24#t75w6,2010-03-24,Mr. Hugh McFadyen (Leader of the Official Opposition),351,,,Human,,4.0-web,
cmbctl054,expansion_web,MB,ctl,chamber,MB2019-03-21#t23w8,2019-03-21,Mr. Helwer,229,,,Human,,4.0-web,
cmbctl055,expansion_web,MB,ctl,chamber,MB2009-05-11#t15w0,2009-05-11,Mr. Doer,138,,,Human,,4.0-web,
cmbctl056,expansion_web,MB,ctl,chamber,MB2019-04-23#t18w0,2019-04-23,Mr. Lindsey,302,,,Human,,4.0-web,
cmbctl057,expansion_web,MB,ctl,chamber,MB2017-10-12#t170w0,2017-10-12,Hon. Cliff Cullen (Minister of Crown Services),301,,,Human,,4.0-web,
cmbctl058,expansion_web,MB,ctl,chamber,MB2009-06-11#t7w0,2009-06-11,Mr. Ralph Eichler (Lakeside),261,,,Human,,4.0-web,
cmbctl059,expansion_web,MB,ctl,chamber,MB2007-11-06#t74w1,2007-11-06,Mrs. Mavis Taillieu (Morris),261,,,Human,,4.0-web,
cmbprev000,expansion_web,MB,prev,chamber,MB2025-10-07#t47w0,2025-10-07,Mr. Simard,303,,,AI,,4.0-web,
cmbprev001,expansion_web,MB,prev,chamber,MB2025-04-24#t48w6,2025-04-24,Mr. Schuler,352,,,Human,,4.0-web,
cmbprev002,expansion_web,MB,prev,chamber,MB2025-03-06#t27w0,2025-03-06,Mrs. Cook,147,,,Human,,4.0-web,
cmbprev003,expansion_web,MB,prev,chamber,MB2025-05-15#t22w0,2025-05-15,Mrs. Cook,130,,,Human,,4.0-web,
cmbprev004,expansion_web,MB,prev,chamber,MB2025-03-13#t50w3,2025-03-13,Mr. Balcaen,311,,,Human,,4.0-web,
cmbprev005,expansion_web,MB,prev,chamber,MB2026-04-23#t83w1,2026-04-23,Mr. Wasyliw,172,,,Human,,4.0-web,
cmbprev006,expansion_web,MB,prev,chamber,MB2026-04-23#t94w0,2026-04-23,Mr. Guenter,127,,,Human,,4.0-web,
cmbprev007,expansion_web,MB,prev,chamber,MB2025-10-15#t38w10,2025-10-15,Ms. Smith,336,,,Human,,4.0-web,
cmbprev008,expansion_web,MB,prev,chamber,MB2026-05-26#t131w2,2026-05-26,Mr. Khan,307,,,Human,,4.0-web,
cmbprev009,expansion_web,MB,prev,chamber,MB2026-03-11#t6w0,2026-03-11,Mr. Khan,154,,,Human,,4.0-web,
cmbprev010,expansion_web,MB,prev,chamber,MB2026-05-19#t56w0,2026-05-19,MLA Schmidt,210,,,Human,,4.0-web,
cmbprev011,expansion_web,MB,prev,chamber,MB2025-05-20#t36w1,2025-05-20,Mr. Ewasko,235,,,Human,,4.0-web,
cmbprev012,expansion_web,MB,prev,chamber,MB2026-04-15#t134w0,2026-04-15,Mrs. Stone,178,,,Human,,4.0-web,
cmbprev013,expansion_web,MB,prev,chamber,MB2025-03-19#t35w0,2025-03-19,MLA Sandhu,165,,,Human,,4.0-web,
cmbprev014,expansion_web,MB,prev,chamber,MB2025-11-04#t5w2,2025-11-04,MLA Lamoureux,227,,,Human,,4.0-web,
cmbprev015,expansion_web,MB,prev,chamber,MB2026-05-04#t49w0,2026-05-04,Mr. Wiebe,335,,,Human,,4.0-web,
cmbprev016,expansion_web,MB,prev,chamber,MB2026-05-26#t92w1,2026-05-26,Mr. King,353,,,AI,,4.0-web,
cmbprev017,expansion_web,MB,prev,chamber,MB2025-10-30#t6w1,2025-10-30,Mr. Guenter,314,,,Human,,4.0-web,
cmbprev018,expansion_web,MB,prev,chamber,MB2026-03-04#t21w0,2026-03-04,Mr. Kinew,178,,,Human,,4.0-web,
cmbprev019,expansion_web,MB,prev,chamber,MB2025-04-24#t1w1,2025-04-24,Mrs. Cook,321,,,Human,,4.0-web,
cmbprev020,expansion_web,MB,prev,chamber,MB2025-05-12#t116w0,2025-05-12,Ms. Smith,318,,,Human,,4.0-web,
cmbprev021,expansion_web,MB,prev,chamber,MB2026-05-08#t40w0,2026-05-08,Mrs. Cook,172,,,Human,,4.0-web,
cmbprev022,expansion_web,MB,prev,chamber,MB2025-11-26#t23w0,2025-11-26,Mr. Kinew,174,,,Human,,4.0-web,
cmbprev023,expansion_web,MB,prev,chamber,MB2026-04-14#t42w0,2026-04-14,MLA Moroz,335,,,Human,,4.0-web,
cmbprev024,expansion_web,MB,prev,chamber,MB2025-03-12#t8w0,2025-03-12,Mr. Kinew,131,,,Human,,4.0-web,
cmbprev025,expansion_web,MB,prev,chamber,MB2026-03-16#t61w0,2026-03-16,Mr. Schuler,351,,,Human,,4.0-web,
cmbprev026,expansion_web,MB,prev,chamber,MB2025-05-08#t136w2,2025-05-08,Mr. Wiebe,157,,,Human,,4.0-web,
cmbprev027,expansion_web,MB,prev,chamber,MB2025-03-11#t21w0,2025-03-11,Mr. Wiebe,155,,,Human,,4.0-web,
cmbprev028,expansion_web,MB,prev,chamber,MB2025-04-24#t1w3,2025-04-24,Mrs. Cook,294,,,Human,,4.0-web,
cmbprev029,expansion_web,MB,prev,chamber,MB2026-05-28#t54w0,2026-05-28,Mrs. Stone,320,,,Human,,4.0-web,
cmbprev030,expansion_web,MB,prev,chamber,MB2026-03-25#t0w1,2026-03-25,MLA Corbett,347,,,Human,,4.0-web,
cmbprev031,expansion_web,MB,prev,chamber,MB2025-06-02#t52w3,2025-06-02,Mr. Simard,154,,,Human,,4.0-web,
cmbprev032,expansion_web,MB,prev,chamber,MB2025-05-14#t43w0,2025-05-14,MLA Bereza,326,,,Human,,4.0-web,
cmbprev033,expansion_web,MB,prev,chamber,MB2025-10-01#t16w0,2025-10-01,MLA Sala,331,,,Human,,4.0-web,
cmbprev034,expansion_web,MB,prev,chamber,MB2025-04-07#t44w3,2025-04-07,MLA Moyes,333,,,Human,,4.0-web,
cmbprev035,expansion_web,MB,prev,chamber,MB2026-05-05#t4w0,2026-05-05,MLA Dela Cruz,166,,,Human,,4.0-web,
cmbprev036,expansion_web,MB,prev,chamber,MB2026-05-19#t42w0,2026-05-19,MLA Schmidt,326,,,Human,,4.0-web,
cmbprev037,expansion_web,MB,prev,chamber,MB2025-10-28#t14w0,2025-10-28,MLA Asagwara,151,,,Human,,4.0-web,
cmbprev038,expansion_web,MB,prev,chamber,MB2026-04-13#t25w0,2026-04-13,MLA Asagwara,124,,,Human,,4.0-web,
cmbprev039,expansion_web,MB,prev,chamber,MB2025-04-16#t94w2,2025-04-16,Mr. Ewasko,269,,,Human,,4.0-web,
cmbprev040,expansion_web,MB,prev,chamber,MB2026-05-13#t19w0,2026-05-13,MLA Schmidt,129,,,Human,,4.0-web,
cmbprev041,expansion_web,MB,prev,chamber,MB2026-05-05#t37w0,2026-05-05,MLA Fontaine,298,,,Human,,4.0-web,
cmbprev042,expansion_web,MB,prev,chamber,MB2025-03-05#t26w0,2025-03-05,Mr. Kinew,229,,,Human,,4.0-web,
cmbprev043,expansion_web,MB,prev,chamber,MB2026-04-20#t44w1,2026-04-20,Mr. Wiebe,350,,,Human,,4.0-web,
cmbprev044,expansion_web,MB,prev,chamber,MB2026-04-08#t8w0,2026-04-08,Mr. Kinew,153,,,Human,,4.0-web,
cmbprev045,expansion_web,MB,prev,chamber,MB2025-10-15#t38w6,2025-10-15,Ms. Smith,358,,,Human,,4.0-web,
cmbprev046,expansion_web,MB,prev,chamber,MB2026-04-15#t149w0,2026-04-15,MLA Sala,322,,,Human,,4.0-web,
cmbprev047,expansion_web,MB,prev,chamber,MB2025-05-29#t37w0,2025-05-29,MLA Marcelino,129,,,Human,,4.0-web,
cmbprev048,expansion_web,MB,prev,chamber,MB2025-10-14#t40w0,2025-10-14,Mr. Wiebe,301,,,Human,,4.0-web,
cmbprev049,expansion_web,MB,prev,chamber,MB2025-12-02#t62w0,2025-12-02,Mr. Ewasko,358,,,Human,,4.0-web,
cmbprev050,expansion_web,MB,prev,chamber,MB2026-05-26#t44w0,2026-05-26,MLA Bereza,297,,,AI,,4.0-web,
cmbprev051,expansion_web,MB,prev,chamber,MB2025-05-12#t116w1,2025-05-12,Ms. Smith,270,,,Human,,4.0-web,
cmbprev052,expansion_web,MB,prev,chamber,MB2025-05-15#t7w0,2025-05-15,Mr. Khan,151,,,Human,,4.0-web,
cmbprev053,expansion_web,MB,prev,chamber,MB2026-05-06#t42w6,2026-05-06,MLA Sala,342,,,Human,,4.0-web,
cmbprev054,expansion_web,MB,prev,chamber,MB2026-05-20#t48w2,2026-05-20,Mr. Wharton,334,,,Human,,4.0-web,
cmbprev055,expansion_web,MB,prev,chamber,MB2026-03-18#t46w0,2026-03-18,MLA Fontaine,247,,,Human,,4.0-web,
cmbprev056,expansion_web,MB,prev,chamber,MB2026-03-11#t24w0,2026-03-11,MLA Sala,200,,,Human,,4.0-web,
cmbprev057,expansion_web,MB,prev,chamber,MB2026-05-08#t24w0,2026-05-08,Mr. Ewasko,323,,,Human,,4.0-web,
cmbprev058,expansion_web,MB,prev,chamber,MB2026-05-26#t54w3,2026-05-26,Mr. Goertzen,295,,,Human,,4.0-web,
cmbprev059,expansion_web,MB,prev,chamber,MB2026-04-15#t11w0,2026-04-15,Mr. Khan,149,,,Human,,4.0-web,
cmbprev060,expansion_web,MB,prev,chamber,MB2026-04-21#t37w0,2026-04-21,Mr. Balcaen,210,,,Human,,4.0-web,
cmbprev061,expansion_web,MB,prev,chamber,MB2026-03-11#t13w0,2026-03-11,Mr. Khan,137,,,Human,,4.0-web,
cmbprev062,expansion_web,MB,prev,chamber,MB2026-05-19#t113w1,2026-05-19,Mr. Kinew,322,,,Human,,4.0-web,
cmbprev063,expansion_web,MB,prev,chamber,MB2025-05-06#t20w0,2025-05-06,MLA Pankratz,139,,,Human,,4.0-web,
cmbprev064,expansion_web,MB,prev,chamber,MB2026-05-26#t95w0,2026-05-26,Mr. Piwniuk,324,,,Human,,4.0-web,
cmbprev065,expansion_web,MB,prev,chamber,MB2025-05-07#t128w2,2025-05-07,Mr. Wiebe,173,,,Human,,4.0-web,
cmbprev066,expansion_web,MB,prev,chamber,MB2026-03-19#t12w2,2026-03-19,Mr. Narth,248,,,Human,,4.0-web,
cmbprev067,expansion_web,MB,prev,chamber,MB2026-04-22#t89w0,2026-04-22,Mr. Balcaen,309,,,Human,,4.0-web,
cmbprev068,expansion_web,MB,prev,chamber,MB2025-05-20#t64w0,2025-05-20,MLA Sala,223,,,Human,,4.0-web,
cmbprev069,expansion_web,MB,prev,chamber,MB2025-11-04#t6w0,2025-11-04,Mr. Khan,289,,,Human,,4.0-web,
cmbprev070,expansion_web,MB,prev,chamber,MB2026-04-16#t39w0,2026-04-16,MLA Bereza,269,,,Human,,4.0-web,
cmbprev071,expansion_web,MB,prev,chamber,MB2026-05-26#t54w2,2026-05-26,Mr. Goertzen,269,,,Human,,4.0-web,
cmbprev072,expansion_web,MB,prev,chamber,MB2025-04-09#t3w0,2025-04-09,Mr. Ewasko,150,,,Human,,4.0-web,
cmbprev073,expansion_web,MB,prev,chamber,MB2025-04-08#t1w0,2025-04-08,Mr. Ewasko,138,,,Human,,4.0-web,
cmbprev074,expansion_web,MB,prev,chamber,MB2025-05-22#t80w0,2025-05-22,MLA Sala,283,,,Human,,4.0-web,
cmbprev075,expansion_web,MB,prev,chamber,MB2025-05-08#t47w0,2025-05-08,Mr. Balcaen,337,,,Human,,4.0-web,
cmbprev076,expansion_web,MB,prev,chamber,MB2026-03-09#t43w0,2026-03-09,Mr. Kinew,337,,,Mixed,,4.0-web,
cmbprev077,expansion_web,MB,prev,chamber,MB2026-05-05#t42w2,2026-05-05,MLA Sandhu,353,,,AI,,4.0-web,
cmbprev078,expansion_web,MB,prev,chamber,MB2025-03-06#t11w0,2025-03-06,MLA Schmidt,131,,,Human,,4.0-web,
cmbprev079,expansion_web,MB,prev,chamber,MB2025-05-15#t82w1,2025-05-15,Mr. Bushie,329,,,Human,,4.0-web,
cmbprev080,expansion_web,MB,prev,chamber,MB2026-03-09#t39w0,2026-03-09,Mr. Kinew,141,,,Human,,4.0-web,
cmbprev081,expansion_web,MB,prev,chamber,MB2026-05-07#t78w1,2026-05-07,Mr. Moses,297,,,Human,,4.0-web,
cmbprev082,expansion_web,MB,prev,chamber,MB2025-04-08#t1w18,2025-04-08,Mr. King,156,,,Human,,4.0-web,
cmbprev083,expansion_web,MB,prev,chamber,MB2025-03-27#t35w3,2025-03-27,Mr. Ewasko,267,,,Human,,4.0-web,
cmbprev084,expansion_web,MB,prev,chamber,MB2025-05-26#t38w0,2025-05-26,Ms. Smith,129,,,Human,,4.0-web,
cmbprev085,expansion_web,MB,prev,chamber,MB2025-04-24#t20w0,2025-04-24,Mrs. Hiebert,154,,,Human,,4.0-web,
cmbprev086,expansion_web,MB,prev,chamber,MB2025-03-25#t43w14,2025-03-25,Mr. Guenter,354,,,Human,,4.0-web,
cmbprev087,expansion_web,MB,prev,chamber,MB2025-10-27#t25w0,2025-10-27,MLA Asagwara,124,,,Human,,4.0-web,
cmbprev088,expansion_web,MB,prev,chamber,MB2025-05-27#t1w4,2025-05-27,Mr. Blashko,282,,,Human,,4.0-web,
cmbprev089,expansion_web,MB,prev,chamber,MB2026-05-20#t49w4,2026-05-20,Mr. Wharton,338,,,Human,,4.0-web,
cmbprev090,expansion_web,MB,prev,chamber,MB2025-03-19#t34w0,2025-03-19,MLA Sandhu,175,,,Human,,4.0-web,
cmbprev091,expansion_web,MB,prev,chamber,MB2026-05-26#t122w0,2026-05-26,Mr. Khan,216,,,Human,,4.0-web,
cmbprev092,expansion_web,MB,prev,chamber,MB2025-11-03#t24w0,2025-11-03,Mr. Kinew,125,,,Human,,4.0-web,
cmbprev093,expansion_web,MB,prev,chamber,MB2025-04-22#t3w0,2025-04-22,MLA Asagwara,143,,,Human,,4.0-web,
cmbprev094,expansion_web,MB,prev,chamber,MB2025-05-05#t42w0,2025-05-05,MLA Asagwara,140,,,Human,,4.0-web,
cmbprev095,expansion_web,MB,prev,chamber,MB2025-11-06#t8w0,2025-11-06,Mr. Moses,141,,,Human,,4.0-web,
cmbprev096,expansion_web,MB,prev,chamber,MB2025-03-12#t27w45,2025-03-12,Mr. Kinew,353,,,Human,,4.0-web,
cmbprev097,expansion_web,MB,prev,chamber,MB2026-05-20#t49w5,2026-05-20,Mr. Wharton,341,,,Human,,4.0-web,
cmbprev098,expansion_web,MB,prev,chamber,MB2025-10-02#t55w0,2025-10-02,Mr. Wiebe,145,,,Human,,4.0-web,
cmbprev099,expansion_web,MB,prev,chamber,MB2026-05-26#t63w13,2026-05-26,Mr. Goertzen,251,,,Human,,4.0-web,
cmbprev100,expansion_web,MB,prev,chamber,MB2025-05-07#t95w1,2025-05-07,Mrs. Stone,121,,,Human,,4.0-web,
cmbprev101,expansion_web,MB,prev,chamber,MB2025-04-14#t20w0,2025-04-14,Mr. Balcaen,189,,,Human,,4.0-web,
cmbprev102,expansion_web,MB,prev,chamber,MB2025-11-25#t37w3,2025-11-25,MLA Devgan,333,,,Human,,4.0-web,
cmbprev103,expansion_web,MB,prev,chamber,MB2026-05-19#t132w0,2026-05-19,Mr. Khan,313,,,Human,,4.0-web,
cmbprev104,expansion_web,MB,prev,chamber,MB2025-03-11#t1w0,2025-03-11,MLA Cross,359,,,Human,,4.0-web,
cmbprev105,expansion_web,MB,prev,chamber,MB2026-03-12#t38w0,2026-03-12,Mr. Ewasko,347,,,Human,,4.0-web,
cmbprev106,expansion_web,MB,prev,chamber,MB2026-05-26#t123w1,2026-05-26,Mr. Khan,304,,,Human,,4.0-web,
cmbprev107,expansion_web,MB,prev,chamber,MB2026-03-17#t1w0,2026-03-17,MLA Lamoureux,132,,,Human,,4.0-web,
cmbprev108,expansion_web,MB,prev,chamber,MB2025-05-20#t58w1,2025-05-20,MLA Schmidt,347,,,Human,,4.0-web,
cmbprev109,expansion_web,MB,prev,chamber,MB2025-03-25#t39w7,2025-03-25,Mr. Ewasko,355,,,Human,,4.0-web,
cmbprev110,expansion_web,MB,prev,chamber,MB2026-04-22#t137w0,2026-04-22,Mr. Guenter,228,,,Human,,4.0-web,
cmbprev111,expansion_web,MB,prev,chamber,MB2026-05-26#t70w4,2026-05-26,Mr. Khan,260,,,Human,,4.0-web,
cmbprev112,expansion_web,MB,prev,chamber,MB2025-10-15#t15w0,2025-10-15,Mr. Kinew,188,,,Human,,4.0-web,
cmbprev113,expansion_web,MB,prev,chamber,MB2026-05-26#t104w1,2026-05-26,Mr. Guenter,350,,,Human,,4.0-web,
cmbprev114,expansion_web,MB,prev,chamber,MB2025-04-16#t20w0,2025-04-16,Mrs. Cook,141,,,AI,,4.0-web,
cmbprev115,expansion_web,MB,prev,chamber,MB2026-03-25#t49w5,2026-03-25,Mr. Wharton,356,,,Human,,4.0-web,
cmbprev116,expansion_web,MB,prev,chamber,MB2025-03-17#t62w2,2025-03-17,Mr. Guenter,351,,,Human,,4.0-web,
cmbprev117,expansion_web,MB,prev,chamber,MB2026-03-11#t62w9,2026-03-11,Mr. Guenter,353,,,Human,,4.0-web,
cmbprev118,expansion_web,MB,prev,chamber,MB2026-05-11#t18w0,2026-05-11,Mrs. Stone,130,,,Human,,4.0-web,
cmbprev119,expansion_web,MB,prev,chamber,MB2025-10-16#t13w0,2025-10-16,MLA Sala,127,,,Human,,4.0-web,
cnlctl000,expansion_web,NL,ctl,chamber,NL2017-12-04#t127w2,2017-12-04,MR. P. DAVIS,354,,,Human,,4.0-web,
cnlctl001,expansion_web,NL,ctl,chamber,NL2018-05-29#t96w0,2018-05-29,MR. OSBORNE,237,,,Human,,4.0-web,
cnlctl002,expansion_web,NL,ctl,chamber,NL2016-06-07#t403w1,2016-06-07,MR. P. DAVIS,360,,,Human,,4.0-web,
cnlctl003,expansion_web,NL,ctl,chamber,NL2017-03-30#t10w0,2017-03-30,MS. GAMBIN-WALSH,243,,,Human,,4.0-web,
cnlctl004,expansion_web,NL,ctl,chamber,NL2019-11-20#t91w0,2019-11-20,MR. HAGGIE,122,,,Human,,4.0-web,
cnlctl005,expansion_web,NL,ctl,chamber,NL2019-03-07#t116w0,2019-03-07,MS. P. PARSONS,262,,,Human,,4.0-web,
cnlctl006,expansion_web,NL,ctl,chamber,NL2017-05-30#t122w3,2017-05-30,MR. P. DAVIS,316,,,Human,,4.0-web,
cnlctl007,expansion_web,NL,ctl,chamber,NL2016-06-07#t994w0,2016-06-07,MR. K. PARSONS,282,,,Human,,4.0-web,
cnlctl008,expansion_web,NL,ctl,chamber,NL2019-06-12#t49w0,2019-06-12,PREMIER BALL,136,,,Human,,4.0-web,
cnlctl009,expansion_web,NL,ctl,chamber,NL2017-05-17#t6w2,2017-05-17,MR. A. PARSONS,183,,,Human,,4.0-web,
cnlctl010,expansion_web,NL,ctl,chamber,NL2016-05-17#t84w1,2016-05-17,MR. KENT,292,,,Human,,4.0-web,
cnlctl011,expansion_web,NL,ctl,chamber,NL2019-04-15#t103w1,2019-04-15,MS. MICHAEL,360,,,Human,,4.0-web,
cnlctl012,expansion_web,NL,ctl,chamber,NL2017-04-04#t110w0,2017-04-04,MS. P. PARSONS,303,,,Human,,4.0-web,
cnlctl013,expansion_web,NL,ctl,chamber,NL2017-03-15#t127w0,2017-03-15,MR. LETTO,331,,,Human,,4.0-web,
cnlctl014,expansion_web,NL,ctl,chamber,NL2019-06-18#t96w0,2019-06-18,MR. LANE,279,,,Human,,4.0-web,
cnlctl015,expansion_web,NL,ctl,chamber,NL2017-03-02#t81w0,2017-03-02,MR. TRIMPER,149,,,Human,,4.0-web,
cnlctl016,expansion_web,NL,ctl,chamber,NL2018-05-03#t78w0,2018-05-03,MR. LESTER,303,,,Human,,4.0-web,
cnlctl017,expansion_web,NL,ctl,chamber,NL2018-04-18#t20w0,2018-04-18,MS. MICHAEL,279,,,Human,,4.0-web,
cnlctl018,expansion_web,NL,ctl,chamber,NL2019-06-13#t113w0,2019-06-13,MR. TIBBS,317,,,Human,,4.0-web,
cnlctl019,expansion_web,NL,ctl,chamber,NL2016-05-17#t80w9,2016-05-17,MR. A. PARSONS,312,,,Human,,4.0-web,
cnlctl020,expansion_web,NL,ctl,chamber,NL2016-03-10#t50w0,2016-03-10,PREMIER BALL,156,,,Human,,4.0-web,
cnlctl021,expansion_web,NL,ctl,chamber,NL2018-11-06#t123w1,2018-11-06,MR. JOYCE,307,,,Human,,4.0-web,
cnlctl022,expansion_web,NL,ctl,chamber,NL2016-04-26#t96w1,2016-04-26,MR. K. PARSONS,260,,,Human,,4.0-web,
cnlctl023,expansion_web,NL,ctl,chamber,NL2017-05-11#t9w0,2017-05-11,MR. CROCKER,227,,,Human,,4.0-web,
cnlctl024,expansion_web,NL,ctl,chamber,NL2017-05-29#t115w3,2017-05-29,MR. K. PARSONS,353,,,Human,,4.0-web,
cnlctl025,expansion_web,NL,ctl,chamber,NL2019-11-14#t199w2,2019-11-14,MR. LANE,153,,,Human,,4.0-web,
cnlctl026,expansion_web,NL,ctl,chamber,NL2017-05-04#t1w0,2017-05-04,MR. K. PARSONS,174,,,Human,,4.0-web,
cnlctl027,expansion_web,NL,ctl,chamber,NL2018-02-27#t99w1,2018-02-27,MR. HUTCHINGS,312,,,Human,,4.0-web,
cnlctl028,expansion_web,NL,ctl,chamber,NL2016-05-16#t276w0,2016-05-16,MR. KENT,318,,,Human,,4.0-web,
cnlctl029,expansion_web,NL,ctl,chamber,NL2019-11-19#t122w6,2019-11-19,MS. GAMBIN-WALSH,319,,,Human,,4.0-web,
cnlctl030,expansion_web,NL,ctl,chamber,NL2019-04-15#t180w0,2019-04-15,MR. A. PARSONS,261,,,Human,,4.0-web,
cnlctl031,expansion_web,NL,ctl,chamber,NL2017-11-14#t74w0,2017-11-14,MS. GAMBIN-WALSH,359,,,Human,,4.0-web,
cnlctl032,expansion_web,NL,ctl,chamber,NL2018-10-31#t40w0,2018-10-31,MR. BYRNE,211,,,Human,,4.0-web,
cnlctl033,expansion_web,NL,ctl,chamber,NL2016-04-12#t116w3,2016-04-12,MR. DEAN,149,,,Human,,4.0-web,
cnlctl034,expansion_web,NL,ctl,chamber,NL2016-03-21#t83w3,2016-03-21,MR. BRAZIL,333,,,Human,,4.0-web,
cnlctl035,expansion_web,NL,ctl,chamber,NL2017-05-10#t125w1,2017-05-10,MR. REID,351,,,Human,,4.0-web,
cnlctl036,expansion_web,NL,ctl,chamber,NL2018-04-16#t99w5,2018-04-16,MR. P. DAVIS,308,,,Human,,4.0-web,
cnlctl037,expansion_web,NL,ctl,chamber,NL2016-11-23#t102w0,2016-11-23,MR. LETTO,293,,,Human,,4.0-web,
cnlctl038,expansion_web,NL,ctl,chamber,NL2017-12-05#t155w0,2017-12-05,MR. A. PARSONS,199,,,Human,,4.0-web,
cnlctl039,expansion_web,NL,ctl,chamber,NL2016-12-07#t82w1,2016-12-07,MS. PERRY,319,,,Human,,4.0-web,
cnlctl040,expansion_web,NL,ctl,chamber,NL2019-06-10#t11w5,2019-06-10,PREMIER BALL,344,,,Human,,4.0-web,
cnlctl041,expansion_web,NL,ctl,chamber,NL2017-11-21#t83w2,2017-11-21,MS. PERRY,320,,,Human,,4.0-web,
cnlctl042,expansion_web,NL,ctl,chamber,NL2018-11-13#t107w4,2018-11-13,MS. HALEY,158,,,Human,,4.0-web,
cnlctl043,expansion_web,NL,ctl,chamber,NL2018-05-24#t166w3,2018-05-24,MS. COADY,356,,,Human,,4.0-web,
cnlctl044,expansion_web,NL,ctl,chamber,NL2019-06-11#t93w3,2019-06-11,MR. WAKEHAM,338,,,Human,,4.0-web,
cnlctl045,expansion_web,NL,ctl,chamber,NL2018-03-07#t32w1,2018-03-07,MS. MICHAEL,277,,,Human,,4.0-web,
cnlctl046,expansion_web,NL,ctl,chamber,NL2016-05-30#t22w0,2016-05-30,PREMIER BALL,146,,,Human,,4.0-web,
cnlctl047,expansion_web,NL,ctl,chamber,NL2016-03-16#t80w6,2016-03-16,MR. BRAZIL,291,,,Human,,4.0-web,
cnlctl048,expansion_web,NL,ctl,chamber,NL2016-05-09#t171w3,2016-05-09,MR. FINN,172,,,Human,,4.0-web,
cnlctl049,expansion_web,NL,ctl,chamber,NL2016-05-11#t71w0,2016-05-11,MR. BRAZIL,313,,,Human,,4.0-web,
cnlctl050,expansion_web,NL,ctl,chamber,NL2018-04-16#t97w5,2018-04-16,MR. KING,357,,,Human,,4.0-web,
cnlctl051,expansion_web,NL,ctl,chamber,NL2018-11-07#t15w0,2018-11-07,MS. MICHAEL,308,,,Human,,4.0-web,
cnlctl052,expansion_web,NL,ctl,chamber,NL2016-04-12#t116w0,2016-04-12,MR. DEAN,311,,,Human,,4.0-web,
cnlctl053,expansion_web,NL,ctl,chamber,NL2018-11-06#t157w15,2018-11-06,MS. PERRY,302,,,Human,,4.0-web,
cnlctl054,expansion_web,NL,ctl,chamber,NL2019-11-20#t132w1,2019-11-20,MR. LESTER,274,,,Human,,4.0-web,
cnlctl055,expansion_web,NL,ctl,chamber,NL2016-05-05#t41w0,2016-05-05,MR. KIRBY,137,,,Human,,4.0-web,
cnlctl056,expansion_web,NL,ctl,chamber,NL2016-11-30#t74w5,2016-11-30,MR. HOLLOWAY,325,,,Human,,4.0-web,
cnlctl057,expansion_web,NL,ctl,chamber,NL2017-04-05#t20w0,2017-04-05,MS. PARSLEY,280,,,Human,,4.0-web,
cnlctl058,expansion_web,NL,ctl,chamber,NL2016-06-07#t485w1,2016-06-07,MR. P. DAVIS,302,,,Human,,4.0-web,
cnlctl059,expansion_web,NL,ctl,chamber,NL2016-06-07#t1158w1,2016-06-07,MS. ROGERS,353,,,Human,,4.0-web,
cnlprev000,expansion_web,NL,prev,chamber,NL2026-03-11#t17w2,2026-03-11,P. PIKE,310,,,Human,,4.0-web,
cnlprev001,expansion_web,NL,prev,chamber,NL2026-04-28#t90w0,2026-04-28,S. STOODLEY,356,,,Human,,4.0-web,
cnlprev002,expansion_web,NL,prev,chamber,NL2026-03-19#t111w0,2026-03-19,M. KING,335,,,Human,,4.0-web,
cnlprev003,expansion_web,NL,prev,chamber,NL2026-05-25#t79w0,2026-05-25,L. EVANS,143,,,Human,,4.0-web,
cnlprev004,expansion_web,NL,prev,chamber,NL2025-03-10#t162w1,2025-03-10,T. WAKEHAM,293,,,Human,,4.0-web,
cnlprev005,expansion_web,NL,prev,chamber,NL2026-05-28#t50w0,2026-05-28,B. PETTEN,126,,,Human,,4.0-web,
cnlprev006,expansion_web,NL,prev,chamber,NL2025-01-06#t5w3,2025-01-06,E. JOYCE,338,,,Human,,4.0-web,
cnlprev007,expansion_web,NL,prev,chamber,NL2026-04-27#t103w0,2026-04-27,C. PARDY,160,,,Human,,4.0-web,
cnlprev008,expansion_web,NL,prev,chamber,NL2026-04-22#t151w0,2026-04-22,H. CONWAY OTTENHEIMER,326,,,Human,,4.0-web,
cnlprev009,expansion_web,NL,prev,chamber,NL2026-03-10#t78w0,2026-03-10,H. CONWAY OTTENHEIMER,247,,,Human,,4.0-web,
cnlprev010,expansion_web,NL,prev,chamber,NL2026-05-21#t100w1,2026-05-21,S. STOODLEY,355,,,Human,,4.0-web,
cnlprev011,expansion_web,NL,prev,chamber,NL2025-05-13#t454w3,2025-05-13,J. BROWN,351,,,Human,,4.0-web,
cnlprev012,expansion_web,NL,prev,chamber,NL2025-01-08#t531w1,2025-01-08,P. LANE,320,,,Human,,4.0-web,
cnlprev013,expansion_web,NL,prev,chamber,NL2025-01-06#t227w0,2025-01-06,J. WILLIAMS,138,,,Human,,4.0-web,
cnlprev014,expansion_web,NL,prev,chamber,NL2026-05-20#t142w1,2026-05-20,M. BUTT,350,,,AI,,4.0-web,
cnlprev015,expansion_web,NL,prev,chamber,NL2026-04-27#t104w0,2026-04-27,B. DAVIS,266,,,Human,,4.0-web,
cnlprev016,expansion_web,NL,prev,chamber,NL2026-05-06#t172w0,2026-05-06,L. EVANS,215,,,AI,,4.0-web,
cnlprev017,expansion_web,NL,prev,chamber,NL2026-03-11#t122w0,2026-03-11,L. STOYLES,350,,,Human,,4.0-web,
cnlprev018,expansion_web,NL,prev,chamber,NL2025-03-12#t143w0,2025-03-12,P. DINN,326,,,Human,,4.0-web,
cnlprev019,expansion_web,NL,prev,chamber,NL2025-01-06#t18w0,2025-01-06,A. FUREY,333,,,Human,,4.0-web,
cnlprev020,expansion_web,NL,prev,chamber,NL2025-05-12#t89w0,2025-05-12,G. BYRNE,160,,,Human,,4.0-web,
cnlprev021,expansion_web,NL,prev,chamber,NL2025-03-06#t33w0,2025-03-06,J. HAGGIE,128,,,Human,,4.0-web,
cnlprev022,expansion_web,NL,prev,chamber,NL2026-03-31#t135w0,2026-03-31,E. JOYCE,319,,,Human,,4.0-web,
cnlprev023,expansion_web,NL,prev,chamber,NL2026-05-19#t125w4,2026-05-19,S. O’LEARY,352,,,Human,,4.0-web,
cnlprev024,expansion_web,NL,prev,chamber,NL2025-01-07#t35w0,2025-01-07,J. WILLIAMS,232,,,Human,,4.0-web,
cnlprev025,expansion_web,NL,prev,chamber,NL2025-05-15#t98w2,2025-05-15,S. COADY,326,,,Human,,4.0-web,
cnlprev026,expansion_web,NL,prev,chamber,NL2025-05-13#t317w0,2025-05-13,S. STOODLEY,201,,,Human,,4.0-web,
cnlprev027,expansion_web,NL,prev,chamber,NL2025-05-20#t21w0,2025-05-20,K. HOWELL,165,,,Human,,4.0-web,
cnlprev028,expansion_web,NL,prev,chamber,NL2026-04-28#t99w3,2026-04-28,P. PIKE,226,,,Human,,4.0-web,
cnlprev029,expansion_web,NL,prev,chamber,NL2025-05-14#t173w0,2025-05-14,L. EVANS,325,,,Human,,4.0-web,
cnlprev030,expansion_web,NL,prev,chamber,NL2025-05-15#t90w0,2025-05-15,E. JOYCE,237,,,Human,,4.0-web,
cnlprev031,expansion_web,NL,prev,chamber,NL2026-03-09#t137w1,2026-03-09,L. STOYLES,342,,,Human,,4.0-web,
cnlprev032,expansion_web,NL,prev,chamber,NL2026-05-25#t173w0,2026-05-25,J. KORAB,350,,,Human,,4.0-web,
cnlprev033,expansion_web,NL,prev,chamber,NL2025-05-13#t10w0,2025-05-13,L. DEMPSTER,203,,,Human,,4.0-web,
cnlprev034,expansion_web,NL,prev,chamber,NL2026-05-19#t126w1,2026-05-19,S. O’LEARY,337,,,Human,,4.0-web,
cnlprev035,expansion_web,NL,prev,chamber,NL2026-05-06#t81w0,2026-05-06,H. CONWAY OTTENHEIMER,160,,,AI,,4.0-web,
cnlprev036,expansion_web,NL,prev,chamber,NL2026-03-18#t28w2,2026-03-18,P. PIKE,175,,,Mixed,,4.0-web,
cnlprev037,expansion_web,NL,prev,chamber,NL2026-04-27#t124w0,2026-04-27,J. PARSONS,180,,,Human,,4.0-web,
cnlprev038,expansion_web,NL,prev,chamber,NL2026-05-25#t170w1,2026-05-25,J. DWYER,313,,,Human,,4.0-web,
cnlprev039,expansion_web,NL,prev,chamber,NL2025-04-14#t92w1,2025-04-14,J. DINN,310,,,Human,,4.0-web,
cnlprev040,expansion_web,NL,prev,chamber,NL2026-04-27#t185w0,2026-04-27,C. PARDY,322,,,Human,,4.0-web,
cnlprev041,expansion_web,NL,prev,chamber,NL2026-05-07#t62w0,2026-05-07,E. LOVELESS,128,,,Human,,4.0-web,
cnlprev042,expansion_web,NL,prev,chamber,NL2025-05-14#t126w3,2025-05-14,F. HUTTON,230,,,Human,,4.0-web,
cnlprev043,expansion_web,NL,prev,chamber,NL2026-05-04#t98w6,2026-05-04,S. STOODLEY,340,,,Human,,4.0-web,
cnlprev044,expansion_web,NL,prev,chamber,NL2026-04-21#t138w0,2026-04-21,S. STOODLEY,348,,,Human,,4.0-web,
cnlprev045,expansion_web,NL,prev,chamber,NL2025-05-13#t207w0,2025-05-13,L. EVANS,219,,,Human,,4.0-web,
cnlprev046,expansion_web,NL,prev,chamber,NL2026-05-25#t171w1,2026-05-25,P. PARSONS,319,,,Human,,4.0-web,
cnlprev047,expansion_web,NL,prev,chamber,NL2026-04-23#t154w0,2026-04-23,J. DINN,303,,,Human,,4.0-web,
cnlprev048,expansion_web,NL,prev,chamber,NL2026-03-04#t66w1,2026-03-04,S. STOODLEY,283,,,Human,,4.0-web,
cnlprev049,expansion_web,NL,prev,chamber,NL2025-01-09#t46w0,2025-01-09,J. WILLIAMS,310,,,Human,,4.0-web,
cnlprev050,expansion_web,NL,prev,chamber,NL2026-05-07#t143w4,2026-05-07,J. KORAB,268,,,Human,,4.0-web,
cnlprev051,expansion_web,NL,prev,chamber,NL2026-03-12#t4w0,2026-03-12,B. FORD,212,,,Human,,4.0-web,
cnlprev052,expansion_web,NL,prev,chamber,NL2026-05-20#t4w1,2026-05-20,B. DAVIS,317,,,Human,,4.0-web,
cnlprev053,expansion_web,NL,prev,chamber,NL2025-04-15#t144w0,2025-04-15,S. COADY,179,,,Human,,4.0-web,
cnlprev054,expansion_web,NL,prev,chamber,NL2026-03-30#t221w3,2026-03-30,B. DAVIS,326,,,Human,,4.0-web,
cnlprev055,expansion_web,NL,prev,chamber,NL2025-05-22#t112w3,2025-05-22,S. COADY,302,,,Human,,4.0-web,
cnlprev056,expansion_web,NL,prev,chamber,NL2026-03-31#t120w0,2026-03-31,J. WALL,299,,,Human,,4.0-web,
cnlprev057,expansion_web,NL,prev,chamber,NL2026-05-26#t116w0,2026-05-26,C. PARDY,341,,,Human,,4.0-web,
cnlprev058,expansion_web,NL,prev,chamber,NL2026-05-27#t17w3,2026-05-27,S. O’LEARY,291,,,Human,,4.0-web,
cnlprev059,expansion_web,NL,prev,chamber,NL2026-05-28#t142w0,2026-05-28,B. DAVIS,136,,,Human,,4.0-web,
cnlprev060,expansion_web,NL,prev,chamber,NL2026-05-20#t130w1,2026-05-20,J. HOGAN,145,,,Human,,4.0-web,
cnlprev061,expansion_web,NL,prev,chamber,NL2025-05-14#t29w1,2025-05-14,P. DINN,316,,,Human,,4.0-web,
cnlprev062,expansion_web,NL,prev,chamber,NL2025-01-06#t13w1,2025-01-06,J. HOGAN,311,,,Human,,4.0-web,
cnlprev063,expansion_web,NL,prev,chamber,NL2026-03-10#t162w2,2026-03-10,E. LOVELESS,144,,,Human,,4.0-web,
cnlprev064,expansion_web,NL,prev,chamber,NL2026-03-18#t11w2,2026-03-18,J. DINN,325,,,Human,,4.0-web,
cnlprev065,expansion_web,NL,prev,chamber,NL2025-05-22#t114w0,2025-05-22,J. BROWN,320,,,Human,,4.0-web,
cnlprev066,expansion_web,NL,prev,chamber,NL2026-06-01#t47w0,2026-06-01,L. EVANS,129,,,Human,,4.0-web,
cnlprev067,expansion_web,NL,prev,chamber,NL2026-03-10#t65w0,2026-03-10,C. PARDY,127,,,Human,,4.0-web,
cnlprev068,expansion_web,NL,prev,chamber,NL2026-03-31#t132w0,2026-03-31,PREMIER WAKEHAM,303,,,AI,,4.0-web,
cnlprev069,expansion_web,NL,prev,chamber,NL2025-01-09#t14w0,2025-01-09,J. WILLIAMS,153,,,Human,,4.0-web,
cnlprev070,expansion_web,NL,prev,chamber,NL2026-03-17#t224w2,2026-03-17,S. O’LEARY,135,,,Human,,4.0-web,
cnlprev071,expansion_web,NL,prev,chamber,NL2025-03-11#t271w0,2025-03-11,A. PARSONS,127,,,Human,,4.0-web,
cnlprev072,expansion_web,NL,prev,chamber,NL2025-05-14#t62w0,2025-05-14,J. ABBOTT,247,,,Human,,4.0-web,
cnlprev073,expansion_web,NL,prev,chamber,NL2026-03-18#t254w1,2026-03-18,J. DINN,320,,,Human,,4.0-web,
cnlprev074,expansion_web,NL,prev,chamber,NL2025-03-04#t166w3,2025-03-04,G. BYRNE,212,,,Human,,4.0-web,
cnlprev075,expansion_web,NL,prev,chamber,NL2026-03-03#t5w0,2026-03-03,F. HUTTON,157,,,Human,,4.0-web,
cnlprev076,expansion_web,NL,prev,chamber,NL2026-04-23#t77w1,2026-04-23,L. DEMPSTER,239,,,Human,,4.0-web,
cnlprev077,expansion_web,NL,prev,chamber,NL2026-03-12#t88w1,2026-03-12,J. HOGAN,304,,,Human,,4.0-web,
cnlprev078,expansion_web,NL,prev,chamber,NL2025-05-14#t189w2,2025-05-14,L. O’DRISCOLL,170,,,Human,,4.0-web,
cnlprev079,expansion_web,NL,prev,chamber,NL2025-03-03#t2w0,2025-03-03,L. O’DRISCOLL,168,,,Mixed,,4.0-web,
cnlprev080,expansion_web,NL,prev,chamber,NL2026-03-04#t156w0,2026-03-04,PREMIER WAKEHAM,147,,,Human,,4.0-web,
cnlprev081,expansion_web,NL,prev,chamber,NL2026-05-20#t34w4,2026-05-20,E. LOVELESS,245,,,Human,,4.0-web,
cnlprev082,expansion_web,NL,prev,chamber,NL2025-03-05#t39w0,2025-03-05,J. DWYER,296,,,Human,,4.0-web,
cnlprev083,expansion_web,NL,prev,chamber,NL2025-04-16#t43w3,2025-04-16,E. JOYCE,250,,,Human,,4.0-web,
cnlprev084,expansion_web,NL,prev,chamber,NL2025-01-07#t33w0,2025-01-07,S. STOODLEY,311,,,Human,,4.0-web,
cnlprev085,expansion_web,NL,prev,chamber,NL2026-05-25#t72w0,2026-05-25,J. DINN,121,,,Human,,4.0-web,
cnlprev086,expansion_web,NL,prev,chamber,NL2025-03-11#t242w1,2025-03-11,P. LANE,227,,,Human,,4.0-web,
cnlprev087,expansion_web,NL,prev,chamber,NL2026-04-30#t199w6,2026-04-30,S. STOODLEY,156,,,Human,,4.0-web,
cnlprev088,expansion_web,NL,prev,chamber,NL2026-03-04#t32w1,2026-03-04,J. PARSONS,356,,,Human,,4.0-web,
cnlprev089,expansion_web,NL,prev,chamber,NL2026-05-19#t107w1,2026-05-19,M. KING,194,,,Human,,4.0-web,
cnlprev090,expansion_web,NL,prev,chamber,NL2025-05-13#t416w1,2025-05-13,C. TIBBS,304,,,Human,,4.0-web,
cnlprev091,expansion_web,NL,prev,chamber,NL2025-03-12#t20w0,2025-03-12,S. GAMBIN-WALSH,186,,,Human,,4.0-web,
cnlprev092,expansion_web,NL,prev,chamber,NL2026-05-20#t143w1,2026-05-20,J. DINN,326,,,Human,,4.0-web,
cnlprev093,expansion_web,NL,prev,chamber,NL2025-05-12#t143w4,2025-05-12,P. PARSONS,288,,,Human,,4.0-web,
cnlprev094,expansion_web,NL,prev,chamber,NL2025-01-06#t87w0,2025-01-06,J. HOGAN,141,,,Human,,4.0-web,
cnlprev095,expansion_web,NL,prev,chamber,NL2026-06-01#t68w0,2026-06-01,B. PETTEN,155,,,Human,,4.0-web,
cnlprev096,expansion_web,NL,prev,chamber,NL2026-03-04#t223w1,2026-03-04,S. STOODLEY,309,,,Human,,4.0-web,
cnlprev097,expansion_web,NL,prev,chamber,NL2026-03-30#t197w0,2026-03-30,S. STOODLEY,288,,,Human,,4.0-web,
cnlprev098,expansion_web,NL,prev,chamber,NL2026-05-06#t95w0,2026-05-06,J. WALL,289,,,Human,,4.0-web,
cnlprev099,expansion_web,NL,prev,chamber,NL2025-05-14#t26w2,2025-05-14,J. WALL,297,,,Human,,4.0-web,
cnlprev100,expansion_web,NL,prev,chamber,NL2026-04-22#t1w0,2026-04-22,P. PIKE,296,,,Human,,4.0-web,
cnlprev101,expansion_web,NL,prev,chamber,NL2025-03-03#t80w0,2025-03-03,J. BROWN,262,,,Human,,4.0-web,
cnlprev102,expansion_web,NL,prev,chamber,NL2026-05-06#t262w3,2026-05-06,L. DEMPSTER,356,,,Human,,4.0-web,
cnlprev103,expansion_web,NL,prev,chamber,NL2025-04-14#t50w0,2025-04-14,B. DAVIS,159,,,Human,,4.0-web,
cnlprev104,expansion_web,NL,prev,chamber,NL2026-05-27#t95w0,2026-05-27,L. EVANS,126,,,Human,,4.0-web,
cnlprev105,expansion_web,NL,prev,chamber,NL2025-03-12#t94w1,2025-03-12,C. PARDY,130,,,Human,,4.0-web,
cnlprev106,expansion_web,NL,prev,chamber,NL2026-05-21#t40w0,2026-05-21,L. EVANS,121,,,Human,,4.0-web,
cnlprev107,expansion_web,NL,prev,chamber,NL2025-05-14#t229w0,2025-05-14,L. PARROTT,308,,,Human,,4.0-web,
cnlprev108,expansion_web,NL,prev,chamber,NL2026-06-01#t95w1,2026-06-01,J. DINN,278,,,Human,,4.0-web,
cnlprev109,expansion_web,NL,prev,chamber,NL2025-04-14#t91w6,2025-04-14,J. DWYER,314,,,Human,,4.0-web,
cnlprev110,expansion_web,NL,prev,chamber,NL2026-04-01#t225w0,2026-04-01,H. CORMIER,168,,,Human,,4.0-web,
cnlprev111,expansion_web,NL,prev,chamber,NL2025-05-12#t104w8,2025-05-12,E. LOVELESS,331,,,Human,,4.0-web,
cnlprev112,expansion_web,NL,prev,chamber,NL2026-06-02#t90w0,2026-06-02,E. JOYCE,134,,,Human,,4.0-web,
cnlprev113,expansion_web,NL,prev,chamber,NL2026-05-19#t129w7,2026-05-19,P. PARSONS,346,,,Human,,4.0-web,
cnlprev114,expansion_web,NL,prev,chamber,NL2026-03-19#t252w0,2026-03-19,S. O’LEARY,358,,,Human,,4.0-web,
cnlprev115,expansion_web,NL,prev,chamber,NL2025-04-10#t81w1,2025-04-10,L. PADDOCK,339,,,Human,,4.0-web,
cnlprev116,expansion_web,NL,prev,chamber,NL2025-11-18#t0w0,2025-11-18,M. BUTT,159,,,Human,,4.0-web,
cnlprev117,expansion_web,NL,prev,chamber,NL2025-05-14#t121w0,2025-05-14,J. BROWN,317,,,Human,,4.0-web,
cnlprev118,expansion_web,NL,prev,chamber,NL2025-01-08#t385w1,2025-01-08,D. RAWLINGS,127,,,Human,,4.0-web,
cnlprev119,expansion_web,NL,prev,chamber,NL2025-04-16#t182w4,2025-04-16,J. BROWN,310,,,Human,,4.0-web,
cnsctl000,expansion_web,NS,ctl,chamber,NS2015-12-16#t26w0,2015-12-16,HON. MARK FUREY,123,,,Human,,4.0-web,
cnsctl001,expansion_web,NS,ctl,chamber,NS2007-04-10#t12w0,2007-04-10,HON. RICHARD HURLBURT,186,,,Human,,4.0-web,
cnsctl002,expansion_web,NS,ctl,chamber,NS2015-12-18#t2w0,2015-12-18,HON. LEO GLAVINE,177,,,Human,,4.0-web,
cnsctl003,expansion_web,NS,ctl,chamber,NS2007-04-12#t81w0,2007-04-12,MS. MORE,141,,,Human,,4.0-web,
cnsctl004,expansion_web,NS,ctl,chamber,NS2019-10-16#t132w2,2019-10-16,STEVE CRAIG,353,,,Human,,4.0-web,
cnsctl005,expansion_web,NS,ctl,chamber,NS2009-09-22#t116w0,2009-09-22,MR. MACDONELL,161,,,Human,,4.0-web,
cnsctl006,expansion_web,NS,ctl,chamber,NS2009-09-29#t31w0,2009-09-29,MR. SAMSON,169,,,Human,,4.0-web,
cnsctl007,expansion_web,NS,ctl,chamber,NS2019-10-22#t71w0,2019-10-22,TIM HOUSTON,156,,,Human,,4.0-web,
cnsctl008,expansion_web,NS,ctl,chamber,NS2008-11-17#t43w1,2008-11-17,HON. MARK PARENT,302,,,Human,,4.0-web,
cnsctl009,expansion_web,NS,ctl,chamber,NS2008-11-25#t64w0,2008-11-25,MR. MCNEIL,141,,,Human,,4.0-web,
cnsctl010,expansion_web,NS,ctl,chamber,NS2018-04-11#t55w0,2018-04-11,HON. LENA DIAB,165,,,Human,,4.0-web,
cnsctl011,expansion_web,NS,ctl,chamber,NS2016-11-02#t129w0,2016-11-02,HON. LEO GLAVINE,142,,,Human,,4.0-web,
cnsctl012,expansion_web,NS,ctl,chamber,NS2010-05-11#t47w0,2010-05-11,MR. CHUCK PORTER,149,,,Human,,4.0-web,
cnsctl013,expansion_web,NS,ctl,chamber,NS2019-04-12#t139w1,2019-04-12,GARY BURRILL,242,,,Human,,4.0-web,
cnsctl014,expansion_web,NS,ctl,chamber,NS2010-04-27#t22w0,2010-04-27,MR. HAROLD THERIAULT,207,,,Human,,4.0-web,
cnsctl015,expansion_web,NS,ctl,chamber,NS2016-04-29#t49w0,2016-04-29,MR. IAIN RANKIN,160,,,Human,,4.0-web,
cnsctl016,expansion_web,NS,ctl,chamber,NS2010-05-06#t37w0,2010-05-06,HON. STEPHEN MCNEIL,127,,,Human,,4.0-web,
cnsctl017,expansion_web,NS,ctl,chamber,NS2016-10-18#t19w0,2016-10-18,HON. JAMIE BAILLIE,131,,,Human,,4.0-web,
cnsctl018,expansion_web,NS,ctl,chamber,NS2015-03-26#t123w0,2015-03-26,HON. ZACH CHURCHILL,149,,,Human,,4.0-web,
cnsctl019,expansion_web,NS,ctl,chamber,NS2019-10-24#t42w0,2019-10-24,JOHN LOHR,147,,,Human,,4.0-web,
cnsctl020,expansion_web,NS,ctl,chamber,NS2016-11-08#t158w1,2016-11-08,HON. ALFIE MACLEOD,310,,,Human,,4.0-web,
cnsctl021,expansion_web,NS,ctl,chamber,NS2018-09-26#t110w0,2018-09-26,MR. MOMBOURQUETTE,138,,,Human,,4.0-web,
cnsctl022,expansion_web,NS,ctl,chamber,NS2016-05-06#t24w0,2016-05-06,HON. DAVID WILSON,183,,,Human,,4.0-web,
cnsctl023,expansion_web,NS,ctl,chamber,NS2007-03-26#t54w8,2007-03-26,MR. KEITH COLWELL,251,,,Human,,4.0-web,
cnsctl024,expansion_web,NS,ctl,chamber,NS2007-11-27#t166w1,2007-11-27,MS. WHALEN,334,,,Human,,4.0-web,
cnsctl025,expansion_web,NS,ctl,chamber,NS2016-05-17#t172w0,2016-05-17,MR. LOHR,280,,,Human,,4.0-web,
cnsctl026,expansion_web,NS,ctl,chamber,NS2010-10-28#t157w3,2010-10-28,MR. CLARKE,259,,,Human,,4.0-web,
cnsctl027,expansion_web,NS,ctl,chamber,NS2008-05-02#t2w0,2008-05-02,HON KAREN CASEY,165,,,Human,,4.0-web,
cnsctl028,expansion_web,NS,ctl,chamber,NS2016-11-04#t126w0,2016-11-04,MR. CHURCHILL,174,,,Human,,4.0-web,
cnsctl029,expansion_web,NS,ctl,chamber,NS2006-11-09#t97w0,2006-11-09,MR. TAYLOR,212,,,Human,,4.0-web,
cnsctl030,expansion_web,NS,ctl,chamber,NS2010-12-08#t187w0,2010-12-08,MR. MACLEOD,165,,,Human,,4.0-web,
cnsctl031,expansion_web,NS,ctl,chamber,NS2007-11-27#t163w4,2007-11-27,MS. MAUREEN MACDONALD,262,,,Human,,4.0-web,
cnsctl032,expansion_web,NS,ctl,chamber,NS2010-03-26#t50w2,2010-03-26,HON. CHRISTOPHER D'ENTREMONT,315,,,Human,,4.0-web,
cnsctl033,expansion_web,NS,ctl,chamber,NS2018-10-05#t15w0,2018-10-05,HON. MARK FUREY,204,,,Human,,4.0-web,
cnsctl034,expansion_web,NS,ctl,chamber,NS2018-04-03#t30w0,2018-04-03,MR. ALLAN MACMASTER,172,,,Human,,4.0-web,
cnsctl035,expansion_web,NS,ctl,chamber,NS2008-10-30#t178w4,2008-10-30,MR. GRAHAM STEELE,326,,,Human,,4.0-web,
cnsctl036,expansion_web,NS,ctl,chamber,NS2018-09-13#t90w0,2018-09-13,HON. ZACH CHURCHILL,167,,,Human,,4.0-web,
cnsctl037,expansion_web,NS,ctl,chamber,NS2008-05-15#t67w0,2008-05-15,HON. CHRISTOPHER D'ENTREMONT,198,,,Human,,4.0-web,
cnsctl038,expansion_web,NS,ctl,chamber,NS2010-04-26#t50w2,2010-04-26,MR. LEO GLAVINE,330,,,Human,,4.0-web,
cnsctl039,expansion_web,NS,ctl,chamber,NS2018-03-07#t97w0,2018-03-07,MS. LENORE ZANN,127,,,Human,,4.0-web,
cnsctl040,expansion_web,NS,ctl,chamber,NS2009-10-21#t159w1,2009-10-21,MS. DIANA WHALEN,344,,,Human,,4.0-web,
cnsctl041,expansion_web,NS,ctl,chamber,NS2015-04-10#t8w6,2015-04-10,MR. TIM HOUSTON,335,,,Human,,4.0-web,
cnsctl042,expansion_web,NS,ctl,chamber,NS2006-11-09#t168w3,2006-11-09,MS. MAUREEN MACDONALD,311,,,Human,,4.0-web,
cnsctl043,expansion_web,NS,ctl,chamber,NS2010-05-07#t42w3,2010-05-07,MR. ALLAN MACMASTER,321,,,Human,,4.0-web,
cnsctl044,expansion_web,NS,ctl,chamber,NS2018-03-02#t138w0,2018-03-02,MS. ROBERTS,226,,,Human,,4.0-web,
cnsctl045,expansion_web,NS,ctl,chamber,NS2006-11-20#t65w6,2006-11-20,MR. DEVEAUX,261,,,Human,,4.0-web,
cnsctl046,expansion_web,NS,ctl,chamber,NS2006-05-11#t22w0,2006-05-11,MR. MARK PARENT,140,,,Human,,4.0-web,
cnsctl047,expansion_web,NS,ctl,chamber,NS2015-04-07#t30w0,2015-04-07,HON. PAT DUNN,133,,,Human,,4.0-web,
cnsctl048,expansion_web,NS,ctl,chamber,NS2010-11-24#t157w4,2010-11-24,HON. JAMIE BAILLIE,181,,,Human,,4.0-web,
cnsctl049,expansion_web,NS,ctl,chamber,NS2015-05-11#t63w1,2015-05-11,HON. MAUREEN MACDONALD,231,,,Human,,4.0-web,
cnsctl050,expansion_web,NS,ctl,chamber,NS2009-11-02#t52w0,2009-11-02,HON. STERLING BELLIVEAU,350,,,Human,,4.0-web,
cnsctl051,expansion_web,NS,ctl,chamber,NS2019-10-08#t120w0,2019-10-08,ALLAN MACMASTER,126,,,Human,,4.0-web,
cnsctl052,expansion_web,NS,ctl,chamber,NS2009-09-18#t49w1,2009-09-18,MR. MCNEIL,299,,,Human,,4.0-web,
cnsctl053,expansion_web,NS,ctl,chamber,NS2007-12-04#t17w0,2007-12-04,MR. KEITH BAIN,137,,,Human,,4.0-web,
cnsctl054,expansion_web,NS,ctl,chamber,NS2009-04-30#t169w4,2009-04-30,HON. MURRAY SCOTT,336,,,Human,,4.0-web,
cnsctl055,expansion_web,NS,ctl,chamber,NS2016-05-03#t91w0,2016-05-03,MR. DAVID WILSON,133,,,Human,,4.0-web,
cnsctl056,expansion_web,NS,ctl,chamber,NS2007-01-10#t15w0,2007-01-10,HON. LEONARD GOUCHER,152,,,Human,,4.0-web,
cnsctl057,expansion_web,NS,ctl,chamber,NS2007-12-03#t32w1,2007-12-03,HON. CHRISTOPHER D'ENTREMONT,220,,,Human,,4.0-web,
cnsctl058,expansion_web,NS,ctl,chamber,NS2008-05-20#t124w7,2008-05-20,MR. GRAHAM STEELE,263,,,Human,,4.0-web,
cnsctl059,expansion_web,NS,ctl,chamber,NS2008-11-24#t54w1,2008-11-24,HON. JAMES MUIR,182,,,Human,,4.0-web,
cnsprev000,expansion_web,NS,prev,chamber,NS2026-04-07#t76w0,2026-04-07,MICHELLE THOMPSON,132,,,Human,,4.0-web,
cnsprev001,expansion_web,NS,prev,chamber,NS2025-02-24#t67w0,2025-02-24,ELIZABETH SMITH-MCCROSSIN,342,,,Human,,4.0-web,
cnsprev002,expansion_web,NS,prev,chamber,NS2026-03-12#t155w4,2026-03-12,SUZY HANSEN,304,,,Human,,4.0-web,
cnsprev003,expansion_web,NS,prev,chamber,NS2025-03-20#t114w0,2025-03-20,LISA LACHANCE,121,,,Human,,4.0-web,
cnsprev004,expansion_web,NS,prev,chamber,NS2026-03-12#t152w0,2026-03-12,DEREK MOMBOURQUETTE,336,,,Human,,4.0-web,
cnsprev005,expansion_web,NS,prev,chamber,NS2026-03-09#t59w7,2026-03-09,ELIZABETH SMITH-MCCROSSIN,301,,,Human,,4.0-web,
cnsprev006,expansion_web,NS,prev,chamber,NS2025-03-18#t9w0,2025-03-18,LISA LACHANCE,180,,,Human,,4.0-web,
cnsprev007,expansion_web,NS,prev,chamber,NS2025-09-25#t130w1,2025-09-25,KENDRA COOMBES,353,,,Human,,4.0-web,
cnsprev008,expansion_web,NS,prev,chamber,NS2026-02-27#t124w16,2026-02-27,SUZY HANSEN,303,,,Human,,4.0-web,
cnsprev009,expansion_web,NS,prev,chamber,NS2025-02-25#t31w0,2025-02-25,KENDRA COOMBES,146,,,Human,,4.0-web,
cnsprev010,expansion_web,NS,prev,chamber,NS2026-03-11#t139w1,2026-03-11,HON. MICHELLE THOMPSON,334,,,Human,,4.0-web,
cnsprev011,expansion_web,NS,prev,chamber,NS2026-03-02#t52w1,2026-03-02,SUSAN LEBLANC,290,,,Human,,4.0-web,
cnsprev012,expansion_web,NS,prev,chamber,NS2025-02-28#t134w4,2025-02-28,LINA HAMID,271,,,Mixed,,4.0-web,
cnsprev013,expansion_web,NS,prev,chamber,NS2026-04-02#t144w0,2026-04-02,SUSAN LEBLANC,294,,,Human,,4.0-web,
cnsprev014,expansion_web,NS,prev,chamber,NS2025-03-25#t43w0,2025-03-25,RICK BURNS,159,,,AI,,4.0-web,
cnsprev015,expansion_web,NS,prev,chamber,NS2025-02-27#t64w0,2025-02-27,CLAUDIA CHENDER,175,,,Human,,4.0-web,
cnsprev016,expansion_web,NS,prev,chamber,NS2026-03-03#t142w3,2026-03-03,HON. IAIN RANKIN,255,,,Human,,4.0-web,
cnsprev017,expansion_web,NS,prev,chamber,NS2026-03-13#t109w0,2026-03-13,ROD WILSON,125,,,Human,,4.0-web,
cnsprev018,expansion_web,NS,prev,chamber,NS2026-03-05#t132w4,2026-03-05,LINA HAMID,213,,,Human,,4.0-web,
cnsprev019,expansion_web,NS,prev,chamber,NS2025-02-28#t44w0,2025-02-28,HON. IAIN RANKIN,210,,,Human,,4.0-web,
cnsprev020,expansion_web,NS,prev,chamber,NS2025-03-24#t106w5,2025-03-24,LISA LACHANCE,316,,,Human,,4.0-web,
cnsprev021,expansion_web,NS,prev,chamber,NS2025-10-03#t132w2,2025-10-03,HON. IAIN RANKIN,346,,,Human,,4.0-web,
cnsprev022,expansion_web,NS,prev,chamber,NS2025-02-24#t14w0,2025-02-24,HON. IAIN RANKIN,219,,,AI,,4.0-web,
cnsprev023,expansion_web,NS,prev,chamber,NS2026-04-02#t126w3,2026-04-02,LISA LACHANCE,356,,,Human,,4.0-web,
cnsprev024,expansion_web,NS,prev,chamber,NS2026-03-09#t74w6,2026-03-09,KENDRA COOMBES,356,,,Human,,4.0-web,
cnsprev025,expansion_web,NS,prev,chamber,NS2026-02-27#t26w0,2026-02-27,SUSAN LEBLANC,212,,,Human,,4.0-web,
cnsprev026,expansion_web,NS,prev,chamber,NS2025-03-24#t80w0,2025-03-24,ELIZABETH SMITH-MCCROSSIN,340,,,Human,,4.0-web,
cnsprev027,expansion_web,NS,prev,chamber,NS2025-02-25#t138w2,2025-02-25,ELIZABETH SMITH-MCCROSSIN,268,,,Human,,4.0-web,
cnsprev028,expansion_web,NS,prev,chamber,NS2025-09-24#t138w4,2025-09-24,MARCO MACLEOD,218,,,Human,,4.0-web,
cnsprev029,expansion_web,NS,prev,chamber,NS2026-03-05#t100w0,2026-03-05,MICHELLE THOMPSON,154,,,Human,,4.0-web,
cnsprev030,expansion_web,NS,prev,chamber,NS2026-04-09#t23w0,2026-04-09,LISA LACHANCE,149,,,Human,,4.0-web,
cnsprev031,expansion_web,NS,prev,chamber,NS2026-03-12#t144w6,2026-03-12,KENDRA COOMBES,297,,,Human,,4.0-web,
cnsprev032,expansion_web,NS,prev,chamber,NS2026-04-07#t125w2,2026-04-07,HON. IAIN RANKIN,355,,,AI,,4.0-web,
cnsprev033,expansion_web,NS,prev,chamber,NS2025-10-03#t131w0,2025-10-03,SUSAN LEBLANC,330,,,AI,,4.0-web,
cnsprev034,expansion_web,NS,prev,chamber,NS2025-03-24#t67w2,2025-03-24,PAUL WOZNEY,269,,,Human,,4.0-web,
cnsprev035,expansion_web,NS,prev,chamber,NS2026-02-27#t127w1,2026-02-27,BECKY DRUHAN,352,,,Human,,4.0-web,
cnsprev036,expansion_web,NS,prev,chamber,NS2025-03-25#t132w4,2025-03-25,ELIZABETH SMITH-MCCROSSIN,275,,,Human,,4.0-web,
cnsprev037,expansion_web,NS,prev,chamber,NS2025-02-19#t154w0,2025-02-19,HON. BECKY DRUHAN,350,,,Mixed,,4.0-web,
cnsprev038,expansion_web,NS,prev,chamber,NS2026-03-11#t162w4,2026-03-11,ELIZABETH SMITH-MCCROSSIN,285,,,Human,,4.0-web,
cnsprev039,expansion_web,NS,prev,chamber,NS2026-03-09#t14w0,2026-03-09,HON. TORY RUSHTON,194,,,Human,,4.0-web,
cnsprev040,expansion_web,NS,prev,chamber,NS2026-02-25#t146w3,2026-02-25,HON. BECKY DRUHAN,281,,,Human,,4.0-web,
cnsprev041,expansion_web,NS,prev,chamber,NS2026-03-25#t12w0,2026-03-25,HON. BECKY DRUHAN,220,,,AI,,4.0-web,
cnsprev042,expansion_web,NS,prev,chamber,NS2026-03-10#t151w2,2026-03-10,CLAUDIA CHENDER,311,,,Human,,4.0-web,
cnsprev043,expansion_web,NS,prev,chamber,NS2025-02-18#t120w4,2025-02-18,CLAUDIA CHENDER,339,,,Human,,4.0-web,
cnsprev044,expansion_web,NS,prev,chamber,NS2026-04-01#t76w0,2026-04-01,BARBARA ADAMS,120,,,Human,,4.0-web,
cnsprev045,expansion_web,NS,prev,chamber,NS2025-10-02#t165w1,2025-10-02,ROD WILSON,350,,,Human,,4.0-web,
cnsprev046,expansion_web,NS,prev,chamber,NS2026-03-24#t63w0,2026-03-24,JOHN LOHR,139,,,Human,,4.0-web,
cnsprev047,expansion_web,NS,prev,chamber,NS2025-10-02#t38w0,2025-10-02,BRAD MCGOWAN,210,,,Human,,4.0-web,
cnsprev048,expansion_web,NS,prev,chamber,NS2025-02-21#t127w1,2025-02-21,KENDRA COOMBES,312,,,Human,,4.0-web,
cnsprev049,expansion_web,NS,prev,chamber,NS2026-03-12#t31w0,2026-03-12,HON. IAIN RANKIN,211,,,AI,,4.0-web,
cnsprev050,expansion_web,NS,prev,chamber,NS2025-03-24#t85w2,2025-03-24,PAUL WOZNEY,272,,,Human,,4.0-web,
cnsprev051,expansion_web,NS,prev,chamber,NS2025-03-21#t62w0,2025-03-21,MICHELLE THOMPSON,123,,,Human,,4.0-web,
cnsprev052,expansion_web,NS,prev,chamber,NS2026-02-27#t157w2,2026-02-27,ELIZABETH SMITH-MCCROSSIN,347,,,Human,,4.0-web,
cnsprev053,expansion_web,NS,prev,chamber,NS2026-02-27#t157w4,2026-02-27,ELIZABETH SMITH-MCCROSSIN,291,,,Human,,4.0-web,
cnsprev054,expansion_web,NS,prev,chamber,NS2026-02-23#t15w0,2026-02-23,HON. BRENDAN MAGUIRE,165,,,Human,,4.0-web,
cnsprev055,expansion_web,NS,prev,chamber,NS2025-03-03#t39w0,2025-03-03,KYLE MACQUARRIE,121,,,Human,,4.0-web,
cnsprev056,expansion_web,NS,prev,chamber,NS2025-02-26#t149w3,2025-02-26,JOHN A. MACDONALD,311,,,Human,,4.0-web,
cnsprev057,expansion_web,NS,prev,chamber,NS2025-03-26#t125w4,2025-03-26,HON. DEREK MOMBOURQUETTE,317,,,Human,,4.0-web,
cnsprev058,expansion_web,NS,prev,chamber,NS2025-02-19#t146w2,2025-02-19,LISA LACHANCE,344,,,Human,,4.0-web,
cnsprev059,expansion_web,NS,prev,chamber,NS2026-04-07#t23w0,2026-04-07,DAMIAN STOILOV,172,,,Human,,4.0-web,
cnsprev060,expansion_web,NS,prev,chamber,NS2026-03-04#t32w0,2026-03-04,SUSAN LEBLANC,136,,,Human,,4.0-web,
cnsprev061,expansion_web,NS,prev,chamber,NS2026-03-13#t43w0,2026-03-13,HON. DAVE RITCEY,123,,,AI,,4.0-web,
cnsprev062,expansion_web,NS,prev,chamber,NS2025-02-28#t130w6,2025-02-28,THE PREMIER,312,,,Human,,4.0-web,
cnsprev063,expansion_web,NS,prev,chamber,NS2025-03-24#t61w0,2025-03-24,KENDRA COOMBES,297,,,Human,,4.0-web,
cnsprev064,expansion_web,NS,prev,chamber,NS2025-02-21#t138w9,2025-02-21,PAUL WOZNEY,164,,,Human,,4.0-web,
cnsprev065,expansion_web,NS,prev,chamber,NS2025-03-19#t129w4,2025-03-19,ELIZABETH SMITH-MCCROSSIN,332,,,AI,,4.0-web,
cnsprev066,expansion_web,NS,prev,chamber,NS2026-03-13#t137w1,2026-03-13,LINA HAMID,278,,,AI,,4.0-web,
cnsprev067,expansion_web,NS,prev,chamber,NS2026-04-08#t162w7,2026-04-08,LINA HAMID,312,,,Human,,4.0-web,
cnsprev068,expansion_web,NS,prev,chamber,NS2025-03-03#t35w0,2025-03-03,HON. FRED TILLEY,141,,,Human,,4.0-web,
cnsprev069,expansion_web,NS,prev,chamber,NS2025-02-28#t37w0,2025-02-28,ELIZABETH SMITH-MCCROSSIN,180,,,Human,,4.0-web,
cnsprev070,expansion_web,NS,prev,chamber,NS2025-09-25#t116w0,2025-09-25,TIMOTHY HALMAN,134,,,Human,,4.0-web,
cnsprev071,expansion_web,NS,prev,chamber,NS2025-02-26#t168w6,2025-02-26,SUZY HANSEN,353,,,Human,,4.0-web,
cnsprev072,expansion_web,NS,prev,chamber,NS2025-03-24#t106w0,2025-03-24,LISA LACHANCE,300,,,Human,,4.0-web,
cnsprev073,expansion_web,NS,prev,chamber,NS2026-02-25#t112w3,2026-02-25,LISA LACHANCE,330,,,Human,,4.0-web,
cnsprev074,expansion_web,NS,prev,chamber,NS2026-02-25#t132w3,2026-02-25,KENDRA COOMBES,336,,,Human,,4.0-web,
cnsprev075,expansion_web,NS,prev,chamber,NS2025-03-20#t127w9,2025-03-20,IAIN RANKIN,327,,,Human,,4.0-web,
cnsprev076,expansion_web,NS,prev,chamber,NS2026-04-02#t130w0,2026-04-02,CLAUDIA CHENDER,359,,,Human,,4.0-web,
cnsprev077,expansion_web,NS,prev,chamber,NS2025-02-26#t162w0,2025-02-26,MICHELLE THOMPSON,312,,,Human,,4.0-web,
cnsprev078,expansion_web,NS,prev,chamber,NS2025-10-01#t47w0,2025-10-01,LISA LACHANCE,172,,,Human,,4.0-web,
cnsprev079,expansion_web,NS,prev,chamber,NS2026-03-25#t117w3,2026-03-25,ELIZABETH SMITH-MCCROSSIN,281,,,Human,,4.0-web,
cnsprev080,expansion_web,NS,prev,chamber,NS2026-03-27#t39w0,2026-03-27,ADEGOKE FADARE,148,,,AI,,4.0-web,
cnsprev081,expansion_web,NS,prev,chamber,NS2025-10-02#t150w0,2025-10-02,ELIZABETH SMITH-MCCROSSIN,321,,,Human,,4.0-web,
cnsprev082,expansion_web,NS,prev,chamber,NS2026-03-13#t89w0,2026-03-13,ELIZABETH SMITH-MCCROSSIN,130,,,Human,,4.0-web,
cnsprev083,expansion_web,NS,prev,chamber,NS2026-03-23#t11w0,2026-03-23,HON. IAIN RANKIN,186,,,Mixed,,4.0-web,
cnsprev084,expansion_web,NS,prev,chamber,NS2026-02-25#t122w0,2026-02-25,SUSAN LEBLANC,266,,,Human,,4.0-web,
cnsprev085,expansion_web,NS,prev,chamber,NS2026-03-04#t7w0,2026-03-04,LINA HAMID,154,,,Human,,4.0-web,
cnsprev086,expansion_web,NS,prev,chamber,NS2025-10-03#t101w0,2025-10-03,JOHN LOHR,130,,,Human,,4.0-web,
cnsprev087,expansion_web,NS,prev,chamber,NS2026-03-12#t154w8,2026-03-12,SUZY HANSEN,358,,,Human,,4.0-web,
cnsprev088,expansion_web,NS,prev,chamber,NS2025-03-05#t123w0,2025-03-05,HON. IAIN RANKIN,261,,,Human,,4.0-web,
cnsprev089,expansion_web,NS,prev,chamber,NS2026-03-31#t26w0,2026-03-31,HON. COLTON LEBLANC,133,,,Human,,4.0-web,
cnsprev090,expansion_web,NS,prev,chamber,NS2026-04-08#t128w0,2026-04-08,LISA LACHANCE,304,,,AI,,4.0-web,
cnsprev091,expansion_web,NS,prev,chamber,NS2025-02-25#t153w0,2025-02-25,LINA HAMID,305,,,Human,,4.0-web,
cnsprev092,expansion_web,NS,prev,chamber,NS2025-10-02#t167w2,2025-10-02,SUSAN LEBLANC,302,,,Human,,4.0-web,
cnsprev093,expansion_web,NS,prev,chamber,NS2026-03-03#t144w3,2026-03-03,PAUL WOZNEY,284,,,Human,,4.0-web,
cnsprev094,expansion_web,NS,prev,chamber,NS2026-03-12#t36w0,2026-03-12,CHRIS PALMER,164,,,Mixed,,4.0-web,
cnsprev095,expansion_web,NS,prev,chamber,NS2026-03-09#t59w3,2026-03-09,ELIZABETH SMITH-MCCROSSIN,338,,,Human,,4.0-web,
cnsprev096,expansion_web,NS,prev,chamber,NS2025-03-20#t85w0,2025-03-20,HON. SCOTT ARMSTRONG,127,,,Human,,4.0-web,
cnsprev097,expansion_web,NS,prev,chamber,NS2025-09-24#t121w4,2025-09-24,HON. IAIN RANKIN,276,,,Human,,4.0-web,
cnsprev098,expansion_web,NS,prev,chamber,NS2025-10-01#t149w1,2025-10-01,HON. IAIN RANKIN,290,,,Mixed,,4.0-web,
cnsprev099,expansion_web,NS,prev,chamber,NS2025-10-02#t14w0,2025-10-02,BARBARA ADAMS,247,,,Human,,4.0-web,
cnsprev100,expansion_web,NS,prev,chamber,NS2026-03-02#t57w6,2026-03-02,HON. BECKY DRUHAN,328,,,Human,,4.0-web,
cnsprev101,expansion_web,NS,prev,chamber,NS2026-03-12#t130w7,2026-03-12,LISA LACHANCE,347,,,Human,,4.0-web,
cnsprev102,expansion_web,NS,prev,chamber,NS2026-02-23#t6w6,2026-02-23,LISA LACHANCE,190,,,Human,,4.0-web,
cnsprev103,expansion_web,NS,prev,chamber,NS2025-10-03#t47w0,2025-10-03,THE PREMIER,126,,,Human,,4.0-web,
cnsprev104,expansion_web,NS,prev,chamber,NS2025-03-19#t10w0,2025-03-19,HON. DEREK MOMBOURQUETTE,183,,,Human,,4.0-web,
cnsprev105,expansion_web,NS,prev,chamber,NS2025-03-05#t162w2,2025-03-05,HON. DEREK MOMBOURQUETTE,132,,,Human,,4.0-web,
cnsprev106,expansion_web,NS,prev,chamber,NS2026-02-26#t136w0,2026-02-26,ROD WILSON,197,,,Human,,4.0-web,
cnsprev107,expansion_web,NS,prev,chamber,NS2026-03-05#t12w0,2026-03-05,HON. COLTON LEBLANC,215,,,Human,,4.0-web,
cnsprev108,expansion_web,NS,prev,chamber,NS2026-03-25#t108w3,2026-03-25,DEREK MOMBOURQUETTE,256,,,Human,,4.0-web,
cnsprev109,expansion_web,NS,prev,chamber,NS2026-03-27#t24w0,2026-03-27,SUZY HANSEN,173,,,Human,,4.0-web,
cnsprev110,expansion_web,NS,prev,chamber,NS2026-03-11#t57w0,2026-03-11,CLAUDIA CHENDER,247,,,Human,,4.0-web,
cnsprev111,expansion_web,NS,prev,chamber,NS2025-10-02#t67w0,2025-10-02,HON. BRAD JOHNS,144,,,Human,,4.0-web,
cnsprev112,expansion_web,NS,prev,chamber,NS2025-09-24#t138w1,2025-09-24,MARCO MACLEOD,287,,,AI,,4.0-web,
cnsprev113,expansion_web,NS,prev,chamber,NS2026-04-02#t55w0,2026-04-02,CLAUDIA CHENDER,125,,,Human,,4.0-web,
cnsprev114,expansion_web,NS,prev,chamber,NS2026-03-04#t140w0,2026-03-04,ROD WILSON,306,,,Human,,4.0-web,
cnsprev115,expansion_web,NS,prev,chamber,NS2025-09-24#t150w5,2025-09-24,LISA LACHANCE,269,,,Human,,4.0-web,
cnsprev116,expansion_web,NS,prev,chamber,NS2025-03-05#t143w1,2025-03-05,PAUL WOZNEY,350,,,Human,,4.0-web,
cnsprev117,expansion_web,NS,prev,chamber,NS2025-02-27#t147w2,2025-02-27,ELIZABETH SMITH-MCROSSIN,240,,,Human,,4.0-web,
cnsprev118,expansion_web,NS,prev,chamber,NS2025-02-20#t132w13,2025-02-20,SUZY HANSEN,327,,,Human,,4.0-web,
cnsprev119,expansion_web,NS,prev,chamber,NS2026-02-26#t137w10,2026-02-26,LISA LACHANCE,330,,,Human,,4.0-web,
conctl000,expansion_web,ON,ctl,chamber,ON2015-12-07#t106w0,2015-12-07,Ms. Laurie Scott,190,,,Human,,4.0-web,
conctl001,expansion_web,ON,ctl,chamber,ON2016-11-16#t161w0,2016-11-16,Ms. Catherine Fife,289,,,Human,,4.0-web,
conctl002,expansion_web,ON,ctl,chamber,ON2016-02-24#t241w0,2016-02-24,Hon. Steven Del Duca,331,,,Human,,4.0-web,
conctl003,expansion_web,ON,ctl,chamber,ON2010-03-01#t109w2,2010-03-01,Mr. Ted Arnott,322,,,Human,,4.0-web,
conctl004,expansion_web,ON,ctl,chamber,ON2018-04-24#t23w2,2018-04-24,Mr. Ernie Hardeman,162,,,Human,,4.0-web,
conctl005,expansion_web,ON,ctl,chamber,ON2015-10-28#t148w1,2015-10-28,Ms. Peggy Sattler,326,,,Human,,4.0-web,
conctl006,expansion_web,ON,ctl,chamber,ON2016-12-01#t215w1,2016-12-01,Mr. Steve Clark,222,,,Human,,4.0-web,
conctl007,expansion_web,ON,ctl,chamber,ON2009-04-07#t10w0,2009-04-07,Mr. Mike Colle,333,,,Human,,4.0-web,
conctl008,expansion_web,ON,ctl,chamber,ON2007-12-12#t64w0,2007-12-12,Hon. George Smitherman,179,,,Human,,4.0-web,
conctl009,expansion_web,ON,ctl,chamber,ON2006-05-08#t90w0,2006-05-08,"Hon. Sandra Pupatello (Minister of Education, minister responsible for women's issues)",201,,,Human,,4.0-web,
conctl010,expansion_web,ON,ctl,chamber,ON2006-02-28#t87w0,2006-02-28,Hon. Mr. Smitherman,163,,,Human,,4.0-web,
conctl011,expansion_web,ON,ctl,chamber,ON2010-05-10#t115w0,2010-05-10,Mr. Randy Hillier,280,,,Human,,4.0-web,
conctl012,expansion_web,ON,ctl,chamber,ON2008-12-04#t153w0,2008-12-04,Mr. Peter Shurman,333,,,Human,,4.0-web,
conctl013,expansion_web,ON,ctl,chamber,ON2008-03-25#t97w0,2008-03-25,Mr. Norm Miller,160,,,Human,,4.0-web,
conctl014,expansion_web,ON,ctl,chamber,ON2018-10-29#t189w1,2018-10-29,Ms. Catherine Fife,269,,,Human,,4.0-web,
conctl015,expansion_web,ON,ctl,chamber,ON2009-02-23#t172w0,2009-02-23,Ms. Laurel C. Broten,278,,,Human,,4.0-web,
conctl016,expansion_web,ON,ctl,chamber,ON2015-03-10#t244w4,2015-03-10,Mr. Jeff Yurek,303,,,Human,,4.0-web,
conctl017,expansion_web,ON,ctl,chamber,ON2010-04-27#t157w1,2010-04-27,Mr. Bill Mauro,129,,,Human,,4.0-web,
conctl018,expansion_web,ON,ctl,chamber,ON2016-02-17#t22w0,2016-02-17,Mr. John Vanthof,345,,,Human,,4.0-web,
conctl019,expansion_web,ON,ctl,chamber,ON2006-11-28#t103w5,2006-11-28,Mr. Prue,278,,,Human,,4.0-web,
conctl020,expansion_web,ON,ctl,chamber,ON2006-06-14#t94w0,2006-06-14,Mr. John Tory (Leader of the Opposition),173,,,Human,,4.0-web,
conctl021,expansion_web,ON,ctl,chamber,ON2010-12-01#t160w1,2010-12-01,Mr. Peter Shurman,122,,,Human,,4.0-web,
conctl022,expansion_web,ON,ctl,chamber,ON2015-09-29#t182w0,2015-09-29,Ms. Lisa M. Thompson,309,,,Human,,4.0-web,
conctl023,expansion_web,ON,ctl,chamber,ON2010-05-13#t176w2,2010-05-13,Ms. Cheri DiNovo,264,,,Human,,4.0-web,
conctl024,expansion_web,ON,ctl,chamber,ON2017-11-29#t2w14,2017-11-29,Mr. Ernie Hardeman,286,,,Human,,4.0-web,
conctl025,expansion_web,ON,ctl,chamber,ON2006-06-12#t95w0,2006-06-12,Hon. Mary Anne V. Chambers (Minister of Children and Youth Services),123,,,Human,,4.0-web,
conctl026,expansion_web,ON,ctl,chamber,ON2007-05-03#t67w2,2007-05-03,Hon. Steve Peters (Minister of Labour),358,,,Human,,4.0-web,
conctl027,expansion_web,ON,ctl,chamber,ON2007-04-23#t22w0,2007-04-23,Mr. Peter Tabuns (Toronto—Danforth),268,,,Human,,4.0-web,
conctl028,expansion_web,ON,ctl,chamber,ON2018-11-21#t65w0,2018-11-21,Ms. Andrea Horwath,131,,,Human,,4.0-web,
conctl029,expansion_web,ON,ctl,chamber,ON2015-09-16#t164w0,2015-09-16,Mr. Monte McNaughton,257,,,Human,,4.0-web,
conctl030,expansion_web,ON,ctl,chamber,ON2008-04-27#t4w1,2008-04-27,Hon. Brad Duguid,342,,,Human,,4.0-web,
conctl031,expansion_web,ON,ctl,chamber,ON2015-05-12#t126w0,2015-05-12,Ms. Harinder Malhi,143,,,Human,,4.0-web,
conctl032,expansion_web,ON,ctl,chamber,ON2006-04-13#t30w0,2006-04-13,Mr. Arthurs,355,,,Human,,4.0-web,
conctl033,expansion_web,ON,ctl,chamber,ON2006-12-13#t62w0,2006-12-13,Ms. Horwath,205,,,Human,,4.0-web,
conctl034,expansion_web,ON,ctl,chamber,ON2019-03-05#t116w0,2019-03-05,Mr. Robert Bailey,135,,,Human,,4.0-web,
conctl035,expansion_web,ON,ctl,chamber,ON2019-11-25#t164w4,2019-11-25,Mrs. Robin Martin,214,,,Human,,4.0-web,
conctl036,expansion_web,ON,ctl,chamber,ON2015-11-18#t4w5,2015-11-18,Mr. Peter Tabuns,275,,,Human,,4.0-web,
conctl037,expansion_web,ON,ctl,chamber,ON2015-04-21#t72w0,2015-04-21,Ms. Laurie Scott,129,,,Human,,4.0-web,
conctl038,expansion_web,ON,ctl,chamber,ON2016-10-25#t60w0,2016-10-25,Hon. Glenn Thibeault,154,,,Human,,4.0-web,
conctl039,expansion_web,ON,ctl,chamber,ON2019-12-11#t96w0,2019-12-11,Mr. Sol Mamakwa,122,,,Human,,4.0-web,
conctl040,expansion_web,ON,ctl,chamber,ON2015-10-27#t153w2,2015-10-27,Mr. Ted Arnott,213,,,Human,,4.0-web,
conctl041,expansion_web,ON,ctl,chamber,ON2009-10-26#t70w0,2009-10-26,Hon. Laurel C. Broten,150,,,Human,,4.0-web,
conctl042,expansion_web,ON,ctl,chamber,ON2016-11-15#t10w2,2016-11-15,Ms. Laurie Scott,135,,,Human,,4.0-web,
conctl043,expansion_web,ON,ctl,chamber,ON2006-09-28#t3w2,2006-09-28,Ms. Lisa MacLeod (Nepean-Carleton),327,,,Human,,4.0-web,
conctl044,expansion_web,ON,ctl,chamber,ON2017-03-07#t131w0,2017-03-07,Hon. Mitzie Hunter,145,,,Human,,4.0-web,
conctl045,expansion_web,ON,ctl,chamber,ON2017-11-21#t17w0,2017-11-21,Mrs. Lisa Gretzky,159,,,Human,,4.0-web,
conctl046,expansion_web,ON,ctl,chamber,ON2006-04-25#t117w0,2006-04-25,Mr. Peterson,231,,,Human,,4.0-web,
conctl047,expansion_web,ON,ctl,chamber,ON2017-09-26#t51w0,2017-09-26,Hon. Kathleen O. Wynne,186,,,Human,,4.0-web,
conctl048,expansion_web,ON,ctl,chamber,ON2008-04-07#t129w9,2008-04-07,Mr. Michael Prue,336,,,Human,,4.0-web,
conctl049,expansion_web,ON,ctl,chamber,ON2015-04-21#t5w0,2015-04-21,Ms. Soo Wong,355,,,Human,,4.0-web,
conctl050,expansion_web,ON,ctl,chamber,ON2015-09-14#t165w0,2015-09-14,Ms. Ann Hoggarth,289,,,Human,,4.0-web,
conctl051,expansion_web,ON,ctl,chamber,ON2009-05-26#t104w0,2009-05-26,Mr. Lorenzo Berardinetti,273,,,Human,,4.0-web,
conctl052,expansion_web,ON,ctl,chamber,ON2015-04-29#t117w0,2015-04-29,Hon. Mario Sergio,124,,,Human,,4.0-web,
conctl053,expansion_web,ON,ctl,chamber,ON2009-11-30#t2w0,2009-11-30,Ms. Lisa MacLeod,286,,,Human,,4.0-web,
conctl054,expansion_web,ON,ctl,chamber,ON2006-04-06#t175w6,2006-04-06,Mr. Prue,288,,,Human,,4.0-web,
conctl055,expansion_web,ON,ctl,chamber,ON2010-04-28#t18w0,2010-04-28,Mr. Rosario Marchese,320,,,Human,,4.0-web,
conctl056,expansion_web,ON,ctl,chamber,ON2016-10-20#t154w1,2016-10-20,Mr. Bill Walker,317,,,Human,,4.0-web,
conctl057,expansion_web,ON,ctl,chamber,ON2018-04-09#t171w0,2018-04-09,Mr. Taras Natyshak,319,,,Human,,4.0-web,
conctl058,expansion_web,ON,ctl,chamber,ON2016-12-08#t64w0,2016-12-08,Hon. Steven Del Duca,205,,,Human,,4.0-web,
conctl059,expansion_web,ON,ctl,chamber,ON2017-10-16#t122w0,2017-10-16,Mme France Gélinas,190,,,Human,,4.0-web,
conprev000,expansion_web,ON,prev,chamber,ON2025-12-01#t82w0,2025-12-01,Mr. Anthony Leardi,129,,,Human,,4.0-web,
conprev001,expansion_web,ON,prev,chamber,ON2025-10-21#t0w8,2025-10-21,Hon. Andrea Khanjin,274,,,AI,,4.0-web,
conprev002,expansion_web,ON,prev,chamber,ON2025-05-14#t44w0,2025-05-14,Hon. Sylvia Jones,121,,,Human,,4.0-web,
conprev003,expansion_web,ON,prev,chamber,ON2025-10-27#t197w1,2025-10-27,MPP Catherine McKenney,272,,,Human,,4.0-web,
conprev004,expansion_web,ON,prev,chamber,ON2026-05-28#t124w0,2026-05-28,Mr. Chris Glover,237,,,Human,,4.0-web,
conprev005,expansion_web,ON,prev,chamber,ON2026-03-23#t167w5,2026-03-23,MPP Jamie West,311,,,Human,,4.0-web,
conprev006,expansion_web,ON,prev,chamber,ON2025-11-17#t129w1,2025-11-17,Ms. Mary-Margaret McMahon,218,,,Human,,4.0-web,
conprev007,expansion_web,ON,prev,chamber,ON2025-04-30#t83w0,2025-04-30,Hon. Vijay Thanigasalam,127,,,Human,,4.0-web,
conprev008,expansion_web,ON,prev,chamber,ON2025-11-05#t129w6,2025-11-05,Ms. Jess Dixon,329,,,AI,,4.0-web,
conprev009,expansion_web,ON,prev,chamber,ON2026-04-02#t214w4,2026-04-02,MPP George Darouze,338,,,Human,,4.0-web,
conprev010,expansion_web,ON,prev,chamber,ON2026-04-02#t224w0,2026-04-02,MPP George Darouze,122,,,Human,,4.0-web,
conprev011,expansion_web,ON,prev,chamber,ON2026-03-30#t153w12,2026-03-30,Ms. Stephanie Bowman,302,,,Human,,4.0-web,
conprev012,expansion_web,ON,prev,chamber,ON2026-03-26#t73w0,2026-03-26,Mr. Ted Hsu,132,,,Human,,4.0-web,
conprev013,expansion_web,ON,prev,chamber,ON2026-05-11#t181w2,2026-05-11,Ms. Stephanie Bowman,282,,,Human,,4.0-web,
conprev014,expansion_web,ON,prev,chamber,ON2025-05-08#t100w0,2025-05-08,Hon. Vijay Thanigasalam,139,,,Human,,4.0-web,
conprev015,expansion_web,ON,prev,chamber,ON2025-04-17#t116w10,2025-04-17,Mr. Terence Kernaghan,355,,,Human,,4.0-web,
conprev016,expansion_web,ON,prev,chamber,ON2026-04-14#t2w0,2026-04-14,Hon. Paul Calandra,306,,,Human,,4.0-web,
conprev017,expansion_web,ON,prev,chamber,ON2025-04-16#t116w0,2025-04-16,Mr. John Vanthof,321,,,Human,,4.0-web,
conprev018,expansion_web,ON,prev,chamber,ON2026-05-14#t229w0,2026-05-14,MPP Paul Vickers,145,,,Human,,4.0-web,
conprev019,expansion_web,ON,prev,chamber,ON2025-12-02#t101w0,2025-12-02,Hon. David Piccini,175,,,Human,,4.0-web,
conprev020,expansion_web,ON,prev,chamber,ON2025-10-22#t131w5,2025-10-22,Mr. Stephen Blais,305,,,Human,,4.0-web,
conprev021,expansion_web,ON,prev,chamber,ON2026-04-01#t146w0,2026-04-01,MPP Lise Vaugeois,131,,,Human,,4.0-web,
conprev022,expansion_web,ON,prev,chamber,ON2025-11-20#t149w0,2025-11-20,Mr. John Vanthof,232,,,Human,,4.0-web,
conprev023,expansion_web,ON,prev,chamber,ON2025-11-25#t48w0,2025-11-25,Mr. Stephen Blais,154,,,Human,,4.0-web,
conprev024,expansion_web,ON,prev,chamber,ON2026-04-15#t236w2,2026-04-15,Mr. Billy Pang,332,,,Mixed,,4.0-web,
conprev025,expansion_web,ON,prev,chamber,ON2025-12-11#t1w5,2025-12-11,Mrs. Jennifer (Jennie) Stevens,344,,,Mixed,,4.0-web,
conprev026,expansion_web,ON,prev,chamber,ON2026-05-28#t125w0,2026-05-28,Ms. Mary-Margaret McMahon,178,,,Human,,4.0-web,
conprev027,expansion_web,ON,prev,chamber,ON2025-05-01#t117w0,2025-05-01,Mr. Ted Hsu,344,,,Human,,4.0-web,
conprev028,expansion_web,ON,prev,chamber,ON2025-10-23#t145w0,2025-10-23,Hon. Mike Harris,335,,,Human,,4.0-web,
conprev029,expansion_web,ON,prev,chamber,ON2025-05-15#t102w0,2025-05-15,Ms. Laura Smith,136,,,Human,,4.0-web,
conprev030,expansion_web,ON,prev,chamber,ON2025-11-05#t10w10,2025-11-05,Mr. Rob Cerjanec,268,,,Human,,4.0-web,
conprev031,expansion_web,ON,prev,chamber,ON2026-05-25#t89w0,2026-05-25,Hon. Prabmeet Singh Sarkaria,159,,,Human,,4.0-web,
conprev032,expansion_web,ON,prev,chamber,ON2025-05-26#t2w8,2025-05-26,Mr. Dave Smith,136,,,AI,,4.0-web,
conprev033,expansion_web,ON,prev,chamber,ON2025-05-13#t138w0,2025-05-13,Ms. Peggy Sattler,133,,,Human,,4.0-web,
conprev034,expansion_web,ON,prev,chamber,ON2026-03-25#t108w0,2026-03-25,Ms. Sandy Shaw,188,,,Human,,4.0-web,
conprev035,expansion_web,ON,prev,chamber,ON2025-05-26#t145w6,2025-05-26,Ms. Stephanie Bowman,330,,,Human,,4.0-web,
conprev036,expansion_web,ON,prev,chamber,ON2025-05-06#t22w0,2025-05-06,Ms. Laurie Scott,250,,,Human,,4.0-web,
conprev037,expansion_web,ON,prev,chamber,ON2026-04-20#t201w0,2026-04-20,Mr. Tom Rakocevic,267,,,Human,,4.0-web,
conprev038,expansion_web,ON,prev,chamber,ON2026-04-16#t200w6,2026-04-16,Ms. Mary-Margaret McMahon,343,,,Human,,4.0-web,
conprev039,expansion_web,ON,prev,chamber,ON2025-10-23#t15w1,2025-10-23,Mr. Peter Tabuns,345,,,Human,,4.0-web,
conprev040,expansion_web,ON,prev,chamber,ON2026-05-04#t214w0,2026-05-04,MPP Paul Vickers,144,,,Human,,4.0-web,
conprev041,expansion_web,ON,prev,chamber,ON2026-04-16#t210w3,2026-04-16,Mr. Adil Shamji,326,,,Human,,4.0-web,
conprev042,expansion_web,ON,prev,chamber,ON2025-05-29#t153w0,2025-05-29,Mr. Ted Hsu,225,,,Human,,4.0-web,
conprev043,expansion_web,ON,prev,chamber,ON2026-05-27#t4w1,2026-05-27,MPP Tyler Watt,322,,,Human,,4.0-web,
conprev044,expansion_web,ON,prev,chamber,ON2025-11-25#t95w0,2025-11-25,Ms. Aislinn Clancy,150,,,Human,,4.0-web,
conprev045,expansion_web,ON,prev,chamber,ON2025-05-13#t2w1,2025-05-13,Mme France Gélinas,352,,,Human,,4.0-web,
conprev046,expansion_web,ON,prev,chamber,ON2025-05-13#t192w0,2025-05-13,Mr. Rob Cerjanec,127,,,Human,,4.0-web,
conprev047,expansion_web,ON,prev,chamber,ON2026-05-26#t57w0,2026-05-26,Hon. Stephen Crawford,183,,,Human,,4.0-web,
conprev048,expansion_web,ON,prev,chamber,ON2025-10-27#t191w0,2025-10-27,Hon. Rob Flack,132,,,Human,,4.0-web,
conprev049,expansion_web,ON,prev,chamber,ON2026-05-14#t0w2,2026-05-14,MPP Robin Lennox,288,,,Human,,4.0-web,
conprev050,expansion_web,ON,prev,chamber,ON2026-05-04#t173w4,2026-05-04,Mr. Anthony Leardi,299,,,Human,,4.0-web,
conprev051,expansion_web,ON,prev,chamber,ON2025-05-07#t28w2,2025-05-07,Ms. Peggy Sattler,265,,,Human,,4.0-web,
conprev052,expansion_web,ON,prev,chamber,ON2025-10-23#t0w1,2025-10-23,Hon. Jill Dunlop,331,,,Human,,4.0-web,
conprev053,expansion_web,ON,prev,chamber,ON2025-11-04#t146w0,2025-11-04,Hon. Sam Oosterhoff,166,,,Human,,4.0-web,
conprev054,expansion_web,ON,prev,chamber,ON2026-05-04#t25w0,2026-05-04,Ms. Teresa J. Armstrong,233,,,AI,,4.0-web,
conprev055,expansion_web,ON,prev,chamber,ON2025-11-24#t55w0,2025-11-24,MPP Jamie West,128,,,Human,,4.0-web,
conprev056,expansion_web,ON,prev,chamber,ON2026-04-20#t133w0,2026-04-20,Hon. Mike Harris,126,,,Human,,4.0-web,
conprev057,expansion_web,ON,prev,chamber,ON2026-06-01#t128w0,2026-06-01,Ms. Peggy Sattler,170,,,Human,,4.0-web,
conprev058,expansion_web,ON,prev,chamber,ON2025-06-02#t193w1,2025-06-02,Mme France Gélinas,285,,,Human,,4.0-web,
conprev059,expansion_web,ON,prev,chamber,ON2025-11-19#t161w1,2025-11-19,Mr. Adil Shamji,348,,,Human,,4.0-web,
conprev060,expansion_web,ON,prev,chamber,ON2025-05-13#t47w0,2025-05-13,Mr. Tyler Allsopp,143,,,Human,,4.0-web,
conprev061,expansion_web,ON,prev,chamber,ON2025-05-29#t12w0,2025-05-29,Ms. Lee Fairclough,137,,,Human,,4.0-web,
conprev062,expansion_web,ON,prev,chamber,ON2025-05-29#t2w1,2025-05-29,Ms. Lee Fairclough,301,,,Human,,4.0-web,
conprev063,expansion_web,ON,prev,chamber,ON2026-05-25#t88w0,2026-05-25,Ms. Stephanie Bowman,143,,,Human,,4.0-web,
conprev064,expansion_web,ON,prev,chamber,ON2025-12-11#t121w2,2025-12-11,Mr. John Vanthof,316,,,Human,,4.0-web,
conprev065,expansion_web,ON,prev,chamber,ON2025-11-03#t177w0,2025-11-03,Ms. Doly Begum,324,,,Human,,4.0-web,
conprev066,expansion_web,ON,prev,chamber,ON2025-12-08#t145w0,2025-12-08,MPP Wayne Gates,250,,,Human,,4.0-web,
conprev067,expansion_web,ON,prev,chamber,ON2025-11-06#t131w0,2025-11-06,Ms. Peggy Sattler,199,,,Human,,4.0-web,
conprev068,expansion_web,ON,prev,chamber,ON2025-12-10#t107w3,2025-12-10,Hon. Andrea Khanjin,287,,,Human,,4.0-web,
conprev069,expansion_web,ON,prev,chamber,ON2025-04-16#t11w0,2025-04-16,MPP Lise Vaugeois,202,,,Human,,4.0-web,
conprev070,expansion_web,ON,prev,chamber,ON2025-05-06#t0w7,2025-05-06,Hon. Doug Downey,296,,,Human,,4.0-web,
conprev071,expansion_web,ON,prev,chamber,ON2025-10-22#t119w0,2025-10-22,Mme France Gélinas,254,,,Human,,4.0-web,
conprev072,expansion_web,ON,prev,chamber,ON2025-12-01#t99w0,2025-12-01,Hon. Andrea Khanjin,151,,,Human,,4.0-web,
conprev073,expansion_web,ON,prev,chamber,ON2025-11-19#t14w2,2025-11-19,Ms. Lee Fairclough,319,,,Human,,4.0-web,
conprev074,expansion_web,ON,prev,chamber,ON2025-11-06#t61w0,2025-11-06,Hon. David Piccini,187,,,Human,,4.0-web,
conprev075,expansion_web,ON,prev,chamber,ON2025-11-27#t184w0,2025-11-27,Mr. Tom Rakocevic,269,,,Human,,4.0-web,
conprev076,expansion_web,ON,prev,chamber,ON2025-11-27#t208w0,2025-11-27,Hon. Sam Oosterhoff,180,,,Human,,4.0-web,
conprev077,expansion_web,ON,prev,chamber,ON2025-11-25#t141w5,2025-11-25,MPP Lise Vaugeois,216,,,Human,,4.0-web,
conprev078,expansion_web,ON,prev,chamber,ON2026-05-11#t138w2,2026-05-11,MPP Andrea Hazell,282,,,Mixed,,4.0-web,
conprev079,expansion_web,ON,prev,chamber,ON2025-11-03#t210w0,2025-11-03,Mr. Tyler Allsopp,313,,,AI,,4.0-web,
conprev080,expansion_web,ON,prev,chamber,ON2025-11-25#t21w0,2025-11-25,Hon. Laurie Scott,217,,,Human,,4.0-web,
conprev081,expansion_web,ON,prev,chamber,ON2025-05-07#t138w2,2025-05-07,Mme Lucille Collard,300,,,AI,,4.0-web,
conprev082,expansion_web,ON,prev,chamber,ON2025-12-08#t114w3,2025-12-08,Mr. Stephen Blais,326,,,Human,,4.0-web,
conprev083,expansion_web,ON,prev,chamber,ON2025-12-04#t139w2,2025-12-04,Mr. Jonathan Tsao,282,,,Human,,4.0-web,
conprev084,expansion_web,ON,prev,chamber,ON2025-05-14#t159w0,2025-05-14,Mr. Chris Glover,140,,,Human,,4.0-web,
conprev085,expansion_web,ON,prev,chamber,ON2025-11-20#t202w0,2025-11-20,MPP Stephanie Smyth,341,,,AI,,4.0-web,
conprev086,expansion_web,ON,prev,chamber,ON2026-03-31#t117w0,2026-03-31,Ms. Aislinn Clancy,170,,,Human,,4.0-web,
conprev087,expansion_web,ON,prev,chamber,ON2026-05-14#t144w1,2026-05-14,M. Guy Bourgouin,336,,,Mixed,,4.0-web,
conprev088,expansion_web,ON,prev,chamber,ON2026-03-31#t9w0,2026-03-31,M. Guy Bourgouin,348,,,Mixed,,4.0-web,
conprev089,expansion_web,ON,prev,chamber,ON2026-03-23#t176w2,2026-03-23,Mr. Adil Shamji,318,,,Human,,4.0-web,
conprev090,expansion_web,ON,prev,chamber,ON2026-04-15#t127w0,2026-04-15,Hon. Michael S. Kerzner,168,,,Human,,4.0-web,
conprev091,expansion_web,ON,prev,chamber,ON2026-03-31#t74w0,2026-03-31,Hon. Nolan Quinn,152,,,Human,,4.0-web,
conprev092,expansion_web,ON,prev,chamber,ON2025-05-26#t5w0,2025-05-26,Mr. Brian Saunderson,159,,,Human,,4.0-web,
conprev093,expansion_web,ON,prev,chamber,ON2025-05-05#t127w0,2025-05-05,Mr. Stephen Blais,339,,,Mixed,,4.0-web,
conprev094,expansion_web,ON,prev,chamber,ON2025-10-22#t102w0,2025-10-22,Hon. Sylvia Jones,157,,,Human,,4.0-web,
conprev095,expansion_web,ON,prev,chamber,ON2026-03-30#t138w2,2026-03-30,Ms. Catherine Fife,351,,,Human,,4.0-web,
conprev096,expansion_web,ON,prev,chamber,ON2025-11-04#t185w7,2025-11-04,Mr. Jeff Burch,310,,,Human,,4.0-web,
conprev097,expansion_web,ON,prev,chamber,ON2026-03-31#t110w0,2026-03-31,MPP Alexa Gilmour,125,,,AI,,4.0-web,
conprev098,expansion_web,ON,prev,chamber,ON2025-10-20#t99w0,2025-10-20,Mr. Amarjot Sandhu,123,,,AI,,4.0-web,
conprev099,expansion_web,ON,prev,chamber,ON2026-05-25#t146w11,2026-05-25,Mr. Brian Saunderson,259,,,Human,,4.0-web,
conprev100,expansion_web,ON,prev,chamber,ON2025-06-02#t0w6,2025-06-02,Hon. Victor Fedeli,328,,,Human,,4.0-web,
conprev101,expansion_web,ON,prev,chamber,ON2025-10-22#t1w9,2025-10-22,Mme France Gélinas,343,,,Human,,4.0-web,
conprev102,expansion_web,ON,prev,chamber,ON2025-10-29#t135w0,2025-10-29,Ms. Mary-Margaret McMahon,124,,,Human,,4.0-web,
conprev103,expansion_web,ON,prev,chamber,ON2026-05-14#t136w0,2026-05-14,Hon. Stan Cho,146,,,Human,,4.0-web,
conprev104,expansion_web,ON,prev,chamber,ON2026-03-30#t0w0,2026-03-30,Hon. Peter Bethlenfalvy,331,,,Human,,4.0-web,
conprev105,expansion_web,ON,prev,chamber,ON2026-04-23#t210w0,2026-04-23,Mr. Anthony Leardi,285,,,Human,,4.0-web,
conprev106,expansion_web,ON,prev,chamber,ON2025-06-03#t97w0,2025-06-03,Mr. Mike Schreiner,135,,,Human,,4.0-web,
conprev107,expansion_web,ON,prev,chamber,ON2026-05-06#t0w1,2026-05-06,Hon. Peter Bethlenfalvy,356,,,AI,,4.0-web,
conprev108,expansion_web,ON,prev,chamber,ON2025-05-27#t85w0,2025-05-27,Ms. Stephanie Bowman,125,,,Human,,4.0-web,
conprev109,expansion_web,ON,prev,chamber,ON2025-10-27#t189w0,2025-10-27,Hon. Rob Flack,180,,,Human,,4.0-web,
conprev110,expansion_web,ON,prev,chamber,ON2025-11-27#t167w0,2025-11-27,Mrs. Jennifer (Jennie) Stevens,149,,,Human,,4.0-web,
conprev111,expansion_web,ON,prev,chamber,ON2025-11-27#t143w0,2025-11-27,Ms. Catherine Fife,160,,,Human,,4.0-web,
conprev112,expansion_web,ON,prev,chamber,ON2026-05-07#t95w0,2026-05-07,Hon. Vijay Thanigasalam,139,,,Human,,4.0-web,
conprev113,expansion_web,ON,prev,chamber,ON2025-05-05#t119w3,2025-05-05,Ms. Stephanie Bowman,272,,,Mixed,,4.0-web,
conprev114,expansion_web,ON,prev,chamber,ON2026-05-11#t0w8,2026-05-11,Hon. Michael S. Kerzner,225,,,Human,,4.0-web,
conprev115,expansion_web,ON,prev,chamber,ON2025-10-27#t9w0,2025-10-27,Ms. Chandra Pasma,187,,,Human,,4.0-web,
conprev116,expansion_web,ON,prev,chamber,ON2026-05-12#t125w3,2026-05-12,Ms. Aislinn Clancy,292,,,Human,,4.0-web,
conprev117,expansion_web,ON,prev,chamber,ON2026-05-04#t84w0,2026-05-04,Ms. Catherine Fife,134,,,Human,,4.0-web,
conprev118,expansion_web,ON,prev,chamber,ON2025-12-03#t147w1,2025-12-03,Ms. Jennifer K. French,228,,,Human,,4.0-web,
conprev119,expansion_web,ON,prev,chamber,ON2025-11-18#t116w0,2025-11-18,Hon. David Piccini,184,,,Human,,4.0-web,
cskctl000,expansion_web,SK,ctl,chamber,SK2007-05-01#t77w1,2007-05-01,Mr. Hart,231,,,Human,,4.0-web,
cskctl001,expansion_web,SK,ctl,chamber,SK2009-03-24#t23w1,2009-03-24,Hon. Ms. Draude,355,,,Human,,4.0-web,
cskctl002,expansion_web,SK,ctl,chamber,SK2006-03-15#t60w1,2006-03-15,Mr. McMorris,359,,,Human,,4.0-web,
cskctl003,expansion_web,SK,ctl,chamber,SK2015-03-05#t0w0,2015-03-05,Hon. Mr. Morgan,260,,,Human,,4.0-web,
cskctl004,expansion_web,SK,ctl,chamber,SK2007-05-01#t50w0,2007-05-01,Mr. Morgan,175,,,Human,,4.0-web,
cskctl005,expansion_web,SK,ctl,chamber,SK2007-03-19#t19w0,2007-03-19,Hon. Ms. Atkinson,207,,,Human,,4.0-web,
cskctl006,expansion_web,SK,ctl,chamber,SK2010-03-10#t62w7,2010-03-10,Mr. Forbes,357,,,Human,,4.0-web,
cskctl007,expansion_web,SK,ctl,chamber,SK2010-03-25#t84w2,2010-03-25,Mr. Hickie,358,,,Human,,4.0-web,
cskctl008,expansion_web,SK,ctl,chamber,SK2017-04-12#t20w0,2017-04-12,Mr. Docherty,148,,,Human,,4.0-web,
cskctl009,expansion_web,SK,ctl,chamber,SK2017-04-03#t26w0,2017-04-03,Hon. Ms. Harpauer,207,,,Human,,4.0-web,
cskctl010,expansion_web,SK,ctl,chamber,SK2010-04-20#t75w7,2010-04-20,Mr. Harper,359,,,Human,,4.0-web,
cskctl011,expansion_web,SK,ctl,chamber,SK2017-03-29#t12w0,2017-03-29,Ms. Rancourt,221,,,Human,,4.0-web,
cskctl012,expansion_web,SK,ctl,chamber,SK2015-03-31#t73w1,2015-03-31,Hon. Mr. Morgan,224,,,Human,,4.0-web,
cskctl013,expansion_web,SK,ctl,chamber,SK2009-11-24#t63w0,2009-11-24,Hon. Ms. Heppner,260,,,Human,,4.0-web,
cskctl014,expansion_web,SK,ctl,chamber,SK2009-04-27#t50w0,2009-04-27,Hon. Mr. Cheveldayoff,134,,,Human,,4.0-web,
cskctl015,expansion_web,SK,ctl,chamber,SK2015-10-20#t44w0,2015-10-20,Mr. Wotherspoon,123,,,Human,,4.0-web,
cskctl016,expansion_web,SK,ctl,chamber,SK2008-05-01#t109w3,2008-05-01,Mr. Quennell,343,,,Human,,4.0-web,
cskctl017,expansion_web,SK,ctl,chamber,SK2018-11-27#t79w4,2018-11-27,Mr. Pedersen,348,,,Human,,4.0-web,
cskctl018,expansion_web,SK,ctl,chamber,SK2008-11-19#t62w0,2008-11-19,Hon. Mr. Bjornerud,138,,,Human,,4.0-web,
cskctl019,expansion_web,SK,ctl,chamber,SK2006-11-22#t80w3,2006-11-22,Mr. Elhard,219,,,Human,,4.0-web,
cskctl020,expansion_web,SK,ctl,chamber,SK2017-05-01#t45w0,2017-05-01,Hon. Mr. Duncan,331,,,Human,,4.0-web,
cskctl021,expansion_web,SK,ctl,chamber,SK2018-11-29#t32w0,2018-11-29,Hon. Ms. Harpauer,205,,,Human,,4.0-web,
cskctl022,expansion_web,SK,ctl,chamber,SK2008-03-10#t27w0,2008-03-10,Ms. Atkinson,183,,,Human,,4.0-web,
cskctl023,expansion_web,SK,ctl,chamber,SK2017-05-18#t46w1,2017-05-18,Hon. Mr. Merriman,333,,,Human,,4.0-web,
cskctl024,expansion_web,SK,ctl,chamber,SK2010-04-29#t19w1,2010-04-29,Mr. Belanger,357,,,Human,,4.0-web,
cskctl025,expansion_web,SK,ctl,chamber,SK2017-04-12#t55w6,2017-04-12,Ms. Rancourt,351,,,Human,,4.0-web,
cskctl026,expansion_web,SK,ctl,chamber,SK2010-03-22#t68w6,2010-03-22,Mr. McCall,332,,,Human,,4.0-web,
cskctl027,expansion_web,SK,ctl,chamber,SK2015-03-24#t6w7,2015-03-24,Hon. Ms. Tell,356,,,Human,,4.0-web,
cskctl028,expansion_web,SK,ctl,chamber,SK2009-11-23#t16w0,2009-11-23,Hon. Mr. Wall,310,,,Human,,4.0-web,
cskctl029,expansion_web,SK,ctl,chamber,SK2018-04-16#t47w5,2018-04-16,Hon. Mr. Morgan,352,,,Human,,4.0-web,
cskctl030,expansion_web,SK,ctl,chamber,SK2009-03-16#t16w0,2009-03-16,Ms. Higgins,177,,,Human,,4.0-web,
cskctl031,expansion_web,SK,ctl,chamber,SK2015-10-20#t56w1,2015-10-20,Mr. Belanger,360,,,Human,,4.0-web,
cskctl032,expansion_web,SK,ctl,chamber,SK2010-11-03#t10w0,2010-11-03,Ms. Junor,137,,,Human,,4.0-web,
cskctl033,expansion_web,SK,ctl,chamber,SK2017-12-05#t62w0,2017-12-05,Ms. Beck,333,,,Human,,4.0-web,
cskctl034,expansion_web,SK,ctl,chamber,SK2018-11-29#t67w3,2018-11-29,Mr. Wotherspoon,356,,,Human,,4.0-web,
cskctl035,expansion_web,SK,ctl,chamber,SK2019-11-27#t23w0,2019-11-27,Mr. Olauson,221,,,Human,,4.0-web,
cskctl036,expansion_web,SK,ctl,chamber,SK2008-10-29#t81w7,2008-10-29,Mr. Forbes,353,,,Human,,4.0-web,
cskctl037,expansion_web,SK,ctl,chamber,SK2017-05-11#t10w0,2017-05-11,Mr. Meili,320,,,Human,,4.0-web,
cskctl038,expansion_web,SK,ctl,chamber,SK2010-11-01#t57w1,2010-11-01,Mr. Trew,172,,,Human,,4.0-web,
cskctl039,expansion_web,SK,ctl,chamber,SK2019-03-11#t67w4,2019-03-11,Mr. McCall,350,,,Human,,4.0-web,
cskctl040,expansion_web,SK,ctl,chamber,SK2015-11-05#t35w0,2015-11-05,Mr. Wotherspoon,150,,,Human,,4.0-web,
cskctl041,expansion_web,SK,ctl,chamber,SK2015-05-13#t8w0,2015-05-13,Ms. Sproule,141,,,Human,,4.0-web,
cskctl042,expansion_web,SK,ctl,chamber,SK2009-04-23#t65w0,2009-04-23,Mr. Trew,166,,,Human,,4.0-web,
cskctl043,expansion_web,SK,ctl,chamber,SK2015-03-09#t18w0,2015-03-09,Hon. Mr. Morgan,123,,,Human,,4.0-web,
cskctl044,expansion_web,SK,ctl,chamber,SK2015-11-25#t70w13,2015-11-25,Mr. Nilson,335,,,Human,,4.0-web,
cskctl045,expansion_web,SK,ctl,chamber,SK2015-11-24#t72w15,2015-11-24,Mr. Nilson,336,,,Human,,4.0-web,
cskctl046,expansion_web,SK,ctl,chamber,SK2016-10-26#t62w2,2016-10-26,Ms. Beck,289,,,Human,,4.0-web,
cskctl047,expansion_web,SK,ctl,chamber,SK2008-04-30#t32w0,2008-04-30,Hon. Mr. Bjornerud,160,,,Human,,4.0-web,
cskctl048,expansion_web,SK,ctl,chamber,SK2007-04-12#t65w0,2007-04-12,Ms. Junor,355,,,Human,,4.0-web,
cskctl049,expansion_web,SK,ctl,chamber,SK2006-03-27#t67w15,2006-03-27,Mr. Kerpan,348,,,Human,,4.0-web,
cskctl050,expansion_web,SK,ctl,chamber,SK2009-11-23#t69w10,2009-11-23,Mr. Harper,348,,,Human,,4.0-web,
cskctl051,expansion_web,SK,ctl,chamber,SK2006-04-03#t31w0,2006-04-03,Mr. Iwanchuk,178,,,Human,,4.0-web,
cskctl052,expansion_web,SK,ctl,chamber,SK2010-05-03#t106w0,2010-05-03,Mr. Broten,342,,,Human,,4.0-web,
cskctl053,expansion_web,SK,ctl,chamber,SK2015-03-24#t56w0,2015-03-24,Mr. Parent,332,,,Human,,4.0-web,
cskctl054,expansion_web,SK,ctl,chamber,SK2018-03-21#t48w0,2018-03-21,Hon. Mr. Harrison,213,,,Human,,4.0-web,
cskctl055,expansion_web,SK,ctl,chamber,SK2008-05-15#t11w0,2008-05-15,Ms. Higgins,222,,,Human,,4.0-web,
cskctl056,expansion_web,SK,ctl,chamber,SK2006-05-18#t84w1,2006-05-18,Hon. Mr. Calvert,336,,,Human,,4.0-web,
cskctl057,expansion_web,SK,ctl,chamber,SK2010-11-08#t7w8,2010-11-08,Ms. Chartier,350,,,Human,,4.0-web,
cskctl058,expansion_web,SK,ctl,chamber,SK2009-10-26#t64w0,2009-10-26,Hon. Mr. Morgan,360,,,Human,,4.0-web,
cskctl059,expansion_web,SK,ctl,chamber,SK2019-05-15#t47w0,2019-05-15,Hon. Mr. Wyant,317,,,Human,,4.0-web,
cskprev000,expansion_web,SK,prev,chamber,SK2025-12-03#t42w0,2025-12-03,Hon. Everett Hindley,161,,,Human,,4.0-web,
cskprev001,expansion_web,SK,prev,chamber,SK2025-11-03#t12w1,2025-11-03,Jared Clarke,184,,,Human,,4.0-web,
cskprev002,expansion_web,SK,prev,chamber,SK2025-04-02#t58w0,2025-04-02,Hon. Jim Reiter,133,,,Human,,4.0-web,
cskprev003,expansion_web,SK,prev,chamber,SK2025-03-26#t20w0,2025-03-26,Jordan McPhail,211,,,Human,,4.0-web,
cskprev004,expansion_web,SK,prev,chamber,SK2026-04-23#t76w2,2026-04-23,Brittney Senger,360,,,Human,,4.0-web,
cskprev005,expansion_web,SK,prev,chamber,SK2026-05-14#t10w1,2026-05-14,Hon. Michael Weger,354,,,Human,,4.0-web,
cskprev006,expansion_web,SK,prev,chamber,SK2026-03-12#t59w4,2026-03-12,Keith Jorgenson,151,,,Human,,4.0-web,
cskprev007,expansion_web,SK,prev,chamber,SK2025-05-05#t63w1,2025-05-05,Vicki Mowat,344,,,Human,,4.0-web,
cskprev008,expansion_web,SK,prev,chamber,SK2025-03-25#t50w2,2025-03-25,Racquel Hilbert,329,,,Human,,4.0-web,
cskprev009,expansion_web,SK,prev,chamber,SK2025-12-01#t63w1,2025-12-01,Hon. Eric Schmalz,355,,,Human,,4.0-web,
cskprev010,expansion_web,SK,prev,chamber,SK2025-04-14#t13w0,2025-04-14,Hon. Everett Hindley,120,,,Human,,4.0-web,
cskprev011,expansion_web,SK,prev,chamber,SK2026-03-30#t11w0,2026-03-30,Hugh Gordon,236,,,Human,,4.0-web,
cskprev012,expansion_web,SK,prev,chamber,SK2025-03-26#t67w0,2025-03-26,Bhajan Brar,339,,,Human,,4.0-web,
cskprev013,expansion_web,SK,prev,chamber,SK2025-03-19#t2w0,2025-03-19,Brent Blakley,155,,,Human,,4.0-web,
cskprev014,expansion_web,SK,prev,chamber,SK2025-03-24#t10w3,2025-03-24,Vicki Mowat,341,,,Human,,4.0-web,
cskprev015,expansion_web,SK,prev,chamber,SK2026-03-31#t63w1,2026-03-31,Leroy Laliberte,232,,,Human,,4.0-web,
cskprev016,expansion_web,SK,prev,chamber,SK2026-03-24#t10w1,2026-03-24,Nathaniel Teed,289,,,Human,,4.0-web,
cskprev017,expansion_web,SK,prev,chamber,SK2025-10-28#t65w6,2025-10-28,Blaine McLeod,336,,,Human,,4.0-web,
cskprev018,expansion_web,SK,prev,chamber,SK2025-10-28#t67w4,2025-10-28,Bhajan Brar,245,,,Human,,4.0-web,
cskprev019,expansion_web,SK,prev,chamber,SK2026-03-05#t79w3,2026-03-05,Racquel Hilbert,141,,,Human,,4.0-web,
cskprev020,expansion_web,SK,prev,chamber,SK2025-03-25#t6w2,2025-03-25,Tajinder Grewal,358,,,Human,,4.0-web,
cskprev021,expansion_web,SK,prev,chamber,SK2025-05-08#t36w0,2025-05-08,Meara Conway,137,,,Human,,4.0-web,
cskprev022,expansion_web,SK,prev,chamber,SK2026-03-11#t70w1,2026-03-11,Jordan McPhail,321,,,Human,,4.0-web,
cskprev023,expansion_web,SK,prev,chamber,SK2026-04-21#t31w0,2026-04-21,Hon. Scott Moe,267,,,Human,,4.0-web,
cskprev024,expansion_web,SK,prev,chamber,SK2026-04-23#t10w0,2026-04-23,Aleana Young,354,,,Human,,4.0-web,
cskprev025,expansion_web,SK,prev,chamber,SK2025-05-08#t22w0,2025-05-08,Terri Bromm,243,,,Human,,4.0-web,
cskprev026,expansion_web,SK,prev,chamber,SK2026-04-29#t41w0,2026-04-29,Hon. Lori Carr,127,,,Human,,4.0-web,
cskprev027,expansion_web,SK,prev,chamber,SK2026-05-07#t59w4,2026-05-07,Leroy Laliberte,136,,,Human,,4.0-web,
cskprev028,expansion_web,SK,prev,chamber,SK2025-05-12#t50w0,2025-05-12,Hon. Scott Moe,227,,,Human,,4.0-web,
cskprev029,expansion_web,SK,prev,chamber,SK2025-12-02#t88w0,2025-12-02,Sally Housser,346,,,Human,,4.0-web,
cskprev030,expansion_web,SK,prev,chamber,SK2026-03-10#t66w1,2026-03-10,Noor Burki,191,,,Human,,4.0-web,
cskprev031,expansion_web,SK,prev,chamber,SK2025-10-28#t68w2,2025-10-28,Hon. Jeremy Cockrill,346,,,Human,,4.0-web,
cskprev032,expansion_web,SK,prev,chamber,SK2026-03-11#t25w0,2026-03-11,Meara Conway,165,,,Human,,4.0-web,
cskprev033,expansion_web,SK,prev,chamber,SK2026-04-21#t25w0,2026-04-21,James Thorsteinson,235,,,Mixed,,4.0-web,
cskprev034,expansion_web,SK,prev,chamber,SK2026-05-11#t37w0,2026-05-11,Noor Burki,191,,,Human,,4.0-web,
cskprev035,expansion_web,SK,prev,chamber,SK2026-04-01#t39w0,2026-04-01,Hon. Everett Hindley,146,,,Human,,4.0-web,
cskprev036,expansion_web,SK,prev,chamber,SK2026-04-21#t74w0,2026-04-21,Erika Ritchie,347,,,Mixed,,4.0-web,
cskprev037,expansion_web,SK,prev,chamber,SK2026-04-22#t18w0,2026-04-22,Joan Pratchler,136,,,Human,,4.0-web,
cskprev038,expansion_web,SK,prev,chamber,SK2026-03-16#t31w0,2026-03-16,Sally Housser,134,,,Human,,4.0-web,
cskprev039,expansion_web,SK,prev,chamber,SK2026-03-19#t61w6,2026-03-19,Hon. Michael Weger,355,,,Human,,4.0-web,
cskprev040,expansion_web,SK,prev,chamber,SK2025-05-15#t53w0,2025-05-15,Hon. Everett Hindley,219,,,Human,,4.0-web,
cskprev041,expansion_web,SK,prev,chamber,SK2025-03-25#t29w0,2025-03-25,Hon. Jeremy Cockrill,132,,,Human,,4.0-web,
cskprev042,expansion_web,SK,prev,chamber,SK2026-03-10#t74w0,2026-03-10,Noor Burki,233,,,Human,,4.0-web,
cskprev043,expansion_web,SK,prev,chamber,SK2025-04-30#t101w2,2025-04-30,Joan Pratchler,351,,,Human,,4.0-web,
cskprev044,expansion_web,SK,prev,chamber,SK2025-05-07#t91w0,2025-05-07,Hon. Scott Moe,355,,,Human,,4.0-web,
cskprev045,expansion_web,SK,prev,chamber,SK2026-03-23#t14w0,2026-03-23,Carla Beck,129,,,Human,,4.0-web,
cskprev046,expansion_web,SK,prev,chamber,SK2026-05-11#t7w0,2026-05-11,Erika Ritchie,313,,,Human,,4.0-web,
cskprev047,expansion_web,SK,prev,chamber,SK2026-03-23#t56w4,2026-03-23,Tajinder Grewal,344,,,Human,,4.0-web,
cskprev048,expansion_web,SK,prev,chamber,SK2025-05-07#t19w0,2025-05-07,Bhajan Brar,225,,,Human,,4.0-web,
cskprev049,expansion_web,SK,prev,chamber,SK2025-10-27#t7w3,2025-10-27,Kevin Weedmark,340,,,Human,,4.0-web,
cskprev050,expansion_web,SK,prev,chamber,SK2025-05-01#t48w0,2025-05-01,Barret Kropf,351,,,Human,,4.0-web,
cskprev051,expansion_web,SK,prev,chamber,SK2026-04-16#t39w0,2026-04-16,Aleana Young,154,,,Human,,4.0-web,
cskprev052,expansion_web,SK,prev,chamber,SK2025-03-24#t9w5,2025-03-24,Hon. Lori Carr,353,,,Human,,4.0-web,
cskprev053,expansion_web,SK,prev,chamber,SK2025-04-02#t66w0,2025-04-02,Joan Pratchler,195,,,Human,,4.0-web,
cskprev054,expansion_web,SK,prev,chamber,SK2025-11-04#t9w0,2025-11-04,Hugh Gordon,174,,,Human,,4.0-web,
cskprev055,expansion_web,SK,prev,chamber,SK2025-04-01#t74w0,2025-04-01,Trent Wotherspoon,324,,,Human,,4.0-web,
cskprev056,expansion_web,SK,prev,chamber,SK2025-04-02#t62w1,2025-04-02,Keith Jorgenson,278,,,Human,,4.0-web,
cskprev057,expansion_web,SK,prev,chamber,SK2026-03-25#t18w0,2026-03-25,Brent Blakley,230,,,Human,,4.0-web,
cskprev058,expansion_web,SK,prev,chamber,SK2026-04-02#t9w0,2026-04-02,April ChiefCalf,225,,,Mixed,,4.0-web,
cskprev059,expansion_web,SK,prev,chamber,SK2025-04-29#t21w0,2025-04-29,Kevin Weedmark,231,,,AI,,4.0-web,
cskprev060,expansion_web,SK,prev,chamber,SK2025-10-29#t66w8,2025-10-29,Hon. Warren Kaeding,339,,,Human,,4.0-web,
cskprev061,expansion_web,SK,prev,chamber,SK2025-12-04#t75w1,2025-12-04,Nathaniel Teed,345,,,Human,,4.0-web,
cskprev062,expansion_web,SK,prev,chamber,SK2025-05-15#t0w0,2025-05-15,Hon. Ken Cheveldayoff,161,,,Human,,4.0-web,
cskprev063,expansion_web,SK,prev,chamber,SK2025-10-23#t68w4,2025-10-23,Jordan McPhail,344,,,Human,,4.0-web,
cskprev064,expansion_web,SK,prev,chamber,SK2026-03-16#t34w0,2026-03-16,Hon. Jeremy Harrison,123,,,Human,,4.0-web,
cskprev065,expansion_web,SK,prev,chamber,SK2026-03-05#t4w0,2026-03-05,Hon. Alana Ross,358,,,Human,,4.0-web,
cskprev066,expansion_web,SK,prev,chamber,SK2025-04-03#t33w0,2025-04-03,Hon. Jeremy Cockrill,122,,,Human,,4.0-web,
cskprev067,expansion_web,SK,prev,chamber,SK2026-03-04#t68w2,2026-03-04,Erika Ritchie,248,,,Human,,4.0-web,
cskprev068,expansion_web,SK,prev,chamber,SK2026-05-13#t96w1,2026-05-13,Nicole Sarauer,256,,,Human,,4.0-web,
cskprev069,expansion_web,SK,prev,chamber,SK2026-05-07#t16w0,2026-05-07,Megan Patterson,206,,,AI,,4.0-web,
cskprev070,expansion_web,SK,prev,chamber,SK2025-05-07#t33w0,2025-05-07,Hon. Jeremy Harrison,124,,,Human,,4.0-web,
cskprev071,expansion_web,SK,prev,chamber,SK2026-04-16#t65w2,2026-04-16,Trent Wotherspoon,356,,,Human,,4.0-web,
cskprev072,expansion_web,SK,prev,chamber,SK2026-03-24#t2w3,2026-03-24,Jordan McPhail,322,,,Human,,4.0-web,
cskprev073,expansion_web,SK,prev,chamber,SK2025-11-17#t57w0,2025-11-17,Hon. Jeremy Cockrill,213,,,Human,,4.0-web,
cskprev074,expansion_web,SK,prev,chamber,SK2025-11-12#t23w0,2025-11-12,Hon. Scott Moe,258,,,Human,,4.0-web,
cskprev075,expansion_web,SK,prev,chamber,SK2025-11-17#t11w0,2025-11-17,Tajinder Grewal,132,,,Human,,4.0-web,
cskprev076,expansion_web,SK,prev,chamber,SK2026-04-16#t65w0,2026-04-16,Trent Wotherspoon,339,,,Human,,4.0-web,
cskprev077,expansion_web,SK,prev,chamber,SK2025-03-24#t3w11,2025-03-24,Kevin Weedmark,349,,,Human,,4.0-web,
cskprev078,expansion_web,SK,prev,chamber,SK2026-03-12#t57w1,2026-03-12,Meara Conway,343,,,Human,,4.0-web,
cskprev079,expansion_web,SK,prev,chamber,SK2025-04-08#t79w0,2025-04-08,Don McBean,342,,,Human,,4.0-web,
cskprev080,expansion_web,SK,prev,chamber,SK2025-03-26#t7w0,2025-03-26,Carla Beck,198,,,Human,,4.0-web,
cskprev081,expansion_web,SK,prev,chamber,SK2026-03-25#t56w2,2026-03-25,Meara Conway,337,,,Human,,4.0-web,
cskprev082,expansion_web,SK,prev,chamber,SK2025-03-25#t3w0,2025-03-25,Jacqueline Roy,143,,,Human,,4.0-web,
cskprev083,expansion_web,SK,prev,chamber,SK2026-04-28#t25w2,2026-04-28,Hon. Scott Moe,190,,,Human,,4.0-web,
cskprev084,expansion_web,SK,prev,chamber,SK2026-03-25#t57w4,2026-03-25,Meara Conway,357,,,Human,,4.0-web,
cskprev085,expansion_web,SK,prev,chamber,SK2025-05-05#t59w2,2025-05-05,Matt Love,344,,,Human,,4.0-web,
cskprev086,expansion_web,SK,prev,chamber,SK2026-05-07#t18w0,2026-05-07,David Chan,259,,,Human,,4.0-web,
cskprev087,expansion_web,SK,prev,chamber,SK2026-04-30#t78w0,2026-04-30,Megan Patterson,134,,,Human,,4.0-web,
cskprev088,expansion_web,SK,prev,chamber,SK2025-12-01#t16w0,2025-12-01,Chris Beaudry,235,,,Mixed,,4.0-web,
cskprev089,expansion_web,SK,prev,chamber,SK2025-12-04#t68w1,2025-12-04,Jordan McPhail,137,,,Human,,4.0-web,
cskprev090,expansion_web,SK,prev,chamber,SK2026-03-30#t33w0,2026-03-30,Hon. Terry Jenson,143,,,Human,,4.0-web,
cskprev091,expansion_web,SK,prev,chamber,SK2026-03-11#t9w0,2026-03-11,Keith Jorgenson,182,,,Human,,4.0-web,
cskprev092,expansion_web,SK,prev,chamber,SK2026-03-24#t11w2,2026-03-24,Colleen Young,354,,,Human,,4.0-web,
cskprev093,expansion_web,SK,prev,chamber,SK2025-04-01#t80w2,2025-04-01,Aleana Young,350,,,Human,,4.0-web,
cskprev094,expansion_web,SK,prev,chamber,SK2025-10-28#t5w0,2025-10-28,Carla Beck,278,,,Human,,4.0-web,
cskprev095,expansion_web,SK,prev,chamber,SK2026-03-26#t40w0,2026-03-26,Erika Ritchie,122,,,Human,,4.0-web,
cskprev096,expansion_web,SK,prev,chamber,SK2025-04-28#t82w10,2025-04-28,Nathaniel Teed,357,,,Human,,4.0-web,
cskprev097,expansion_web,SK,prev,chamber,SK2025-05-01#t48w1,2025-05-01,Barret Kropf,358,,,Human,,4.0-web,
cskprev098,expansion_web,SK,prev,chamber,SK2025-10-30#t37w0,2025-10-30,Meara Conway,187,,,Human,,4.0-web,
cskprev099,expansion_web,SK,prev,chamber,SK2025-10-30#t20w0,2025-10-30,James Thorsteinson,210,,,Human,,4.0-web,
cskprev100,expansion_web,SK,prev,chamber,SK2025-03-25#t34w0,2025-03-25,Hon. Everett Hindley,133,,,Human,,4.0-web,
cskprev101,expansion_web,SK,prev,chamber,SK2025-04-17#t91w0,2025-04-17,Tajinder Grewal,295,,,Human,,4.0-web,
cskprev102,expansion_web,SK,prev,chamber,SK2026-05-12#t33w0,2026-05-12,Trent Wotherspoon,253,,,Human,,4.0-web,
cskprev103,expansion_web,SK,prev,chamber,SK2025-10-29#t63w13,2025-10-29,Hon. Everett Hindley,350,,,Human,,4.0-web,
cskprev104,expansion_web,SK,prev,chamber,SK2025-03-27#t56w0,2025-03-27,Hon. Jim Reiter,330,,,Human,,4.0-web,
cskprev105,expansion_web,SK,prev,chamber,SK2025-10-29#t14w0,2025-10-29,Joan Pratchler,147,,,Human,,4.0-web,
cskprev106,expansion_web,SK,prev,chamber,SK2026-03-23#t0w8,2026-03-23,Hon. Chris Beaudry,360,,,AI,,4.0-web,
cskprev107,expansion_web,SK,prev,chamber,SK2026-04-15#t71w1,2026-04-15,Darcy Warrington,344,,,Human,,4.0-web,
cskprev108,expansion_web,SK,prev,chamber,SK2025-11-26#t54w0,2025-11-26,Hon. Jim Reiter,132,,,Human,,4.0-web,
cskprev109,expansion_web,SK,prev,chamber,SK2026-04-20#t22w0,2026-04-20,Hon. Alana Ross,186,,,Human,,4.0-web,
cskprev110,expansion_web,SK,prev,chamber,SK2026-04-16#t3w0,2026-04-16,Meara Conway,342,,,Human,,4.0-web,
cskprev111,expansion_web,SK,prev,chamber,SK2026-04-13#t59w2,2026-04-13,Keith Jorgenson,351,,,Human,,4.0-web,
cskprev112,expansion_web,SK,prev,chamber,SK2025-12-05#t15w0,2025-12-05,Trent Wotherspoon,168,,,Human,,4.0-web,
cskprev113,expansion_web,SK,prev,chamber,SK2025-05-08#t15w0,2025-05-08,Aleana Young,349,,,Human,,4.0-web,
cskprev114,expansion_web,SK,prev,chamber,SK2025-04-07#t20w0,2025-04-07,Terri Bromm,220,,,Human,,4.0-web,
cskprev115,expansion_web,SK,prev,chamber,SK2025-11-19#t65w0,2025-11-19,Hugh Gordon,287,,,Human,,4.0-web,
cskprev116,expansion_web,SK,prev,chamber,SK2026-03-24#t16w8,2026-03-24,Vicki Mowat,357,,,Human,,4.0-web,
cskprev117,expansion_web,SK,prev,chamber,SK2026-04-21#t20w0,2026-04-21,Erika Ritchie,181,,,Human,,4.0-web,
cskprev118,expansion_web,SK,prev,chamber,SK2025-12-04#t43w0,2025-12-04,Hon. Jim Reiter,134,,,Human,,4.0-web,
cskprev119,expansion_web,SK,prev,chamber,SK2026-03-31#t17w0,2026-03-31,Noor Burki,188,,,AI,,4.0-web,
unictl000,expansion_web,NI,ctl,chamber,NI2007-06-19#t51w0,2007-06-19,Mr Ford,339,,,Human,,4.0-web,
unictl001,expansion_web,NI,ctl,chamber,NI2010-11-15#t144w0,2010-11-15,The Minister of Justice,136,,,Human,,4.0-web,
unictl002,expansion_web,NI,ctl,chamber,NI2010-02-08#t149w0,2010-02-08,"The Minister of Health, Social Services and Public Safety",126,,,Human,,4.0-web,
unictl003,expansion_web,NI,ctl,chamber,NI2010-11-09#t206w0,2010-11-09,Mr Ross,131,,,Human,,4.0-web,
unictl004,expansion_web,NI,ctl,chamber,NI2010-02-08#t143w0,2010-02-08,"The Minister of Health, Social Services and Public Safety",150,,,Human,,4.0-web,
unictl005,expansion_web,NI,ctl,chamber,NI2009-02-16#t206w0,2009-02-16,The Minister of Finance and Personnel,301,,,Human,,4.0-web,
unictl006,expansion_web,NI,ctl,chamber,NI2008-03-11#t104w0,2008-03-11,Ms Ní Chuilín,149,,,Human,,4.0-web,
unictl007,expansion_web,NI,ctl,chamber,NI2008-06-03#t79w0,2008-06-03,"The Minister of Health, Social Services and Public Safety",145,,,Human,,4.0-web,
unictl008,expansion_web,NI,ctl,chamber,NI2009-02-02#t146w0,2009-02-02,The Minister for Regional Development,206,,,Human,,4.0-web,
unictl009,expansion_web,NI,ctl,chamber,NI2007-06-12#t11w1,2007-06-12,Mr Craig,203,,,Human,,4.0-web,
unictl010,expansion_web,NI,ctl,chamber,NI2010-11-16#t7w0,2010-11-16,Mr Kinahan,283,,,Human,,4.0-web,
unictl011,expansion_web,NI,ctl,chamber,NI2016-12-05#t147w0,2016-12-05,Mr Givan,188,,,Human,,4.0-web,
unictl012,expansion_web,NI,ctl,chamber,NI2010-01-11#t183w2,2010-01-11,Mr Shannon,258,,,Human,,4.0-web,
unictl013,expansion_web,NI,ctl,chamber,NI2009-05-26#t240w0,2009-05-26,Ms Anderson,328,,,Human,,4.0-web,
unictl014,expansion_web,NI,ctl,chamber,NI2009-01-20#t201w1,2009-01-20,The First Minister,309,,,Human,,4.0-web,
unictl015,expansion_web,NI,ctl,chamber,NI2009-11-17#t208w0,2009-11-17,Mr Ross,354,,,Human,,4.0-web,
unictl016,expansion_web,NI,ctl,chamber,NI2006-09-11#t19w2,2006-09-11,Ms Ritchie,290,,,Human,,4.0-web,
unictl017,expansion_web,NI,ctl,chamber,NI2007-05-21#t57w0,2007-05-21,Mr Newton,323,,,Human,,4.0-web,
unictl018,expansion_web,NI,ctl,chamber,NI2006-12-19#t9w1,2006-12-19,Mrs Beare,211,,,Human,,4.0-web,
unictl019,expansion_web,NI,ctl,chamber,NI2015-03-09#t39w0,2015-03-09,Mrs McKevitt,354,,,Human,,4.0-web,
unictl020,expansion_web,NI,ctl,chamber,NI2015-09-07#t159w0,2015-09-07,Mr Ford,152,,,Human,,4.0-web,
unictl021,expansion_web,NI,ctl,chamber,NI2010-10-12#t296w1,2010-10-12,Mr Weir,253,,,Human,,4.0-web,
unictl022,expansion_web,NI,ctl,chamber,NI2009-04-21#t56w0,2009-04-21,Mrs M Bradley,357,,,Human,,4.0-web,
unictl023,expansion_web,NI,ctl,chamber,NI2008-01-28#t52w1,2008-01-28,Mrs I Robinson,312,,,Human,,4.0-web,
unictl024,expansion_web,NI,ctl,chamber,NI2015-02-09#t187w4,2015-02-09,Mr B McCrea,174,,,Human,,4.0-web,
unictl025,expansion_web,NI,ctl,chamber,NI2016-01-19#t31w0,2016-01-19,Ms Hanna,325,,,Human,,4.0-web,
unictl026,expansion_web,NI,ctl,chamber,NI2010-02-16#t4w0,2010-02-16,The Minister of Finance and Personnel,127,,,Human,,4.0-web,
unictl027,expansion_web,NI,ctl,chamber,NI2010-11-09#t4w0,2010-11-09,The Minister for Regional Development,283,,,Human,,4.0-web,
unictl028,expansion_web,NI,ctl,chamber,NI2010-10-12#t387w0,2010-10-12,Mr Brady,334,,,Human,,4.0-web,
unictl029,expansion_web,NI,ctl,chamber,NI2008-07-01#t70w0,2008-07-01,The Minister of Education,300,,,Human,,4.0-web,
unictl030,expansion_web,NI,ctl,chamber,NI2015-02-10#t37w3,2015-02-10,Mr Beggs,317,,,Human,,4.0-web,
unictl031,expansion_web,NI,ctl,chamber,NI2007-09-10#t188w0,2007-09-10,Mr McLaughlin,340,,,Human,,4.0-web,
unictl032,expansion_web,NI,ctl,chamber,NI2009-10-05#t21w0,2009-10-05,Mr McFarland,132,,,Human,,4.0-web,
unictl033,expansion_web,NI,ctl,chamber,NI2015-06-22#t23w1,2015-06-22,Mr Frew,235,,,Human,,4.0-web,
unictl034,expansion_web,NI,ctl,chamber,NI2007-09-24#t48w1,2007-09-24,Mr Butler,134,,,Human,,4.0-web,
unictl035,expansion_web,NI,ctl,chamber,NI2015-09-07#t4w0,2015-09-07,Mr Nesbitt,315,,,Human,,4.0-web,
unictl036,expansion_web,NI,ctl,chamber,NI2010-10-12#t37w1,2010-10-12,Mr Elliott,230,,,Human,,4.0-web,
unictl037,expansion_web,NI,ctl,chamber,NI2010-04-27#t13w0,2010-04-27,The Minister of Agriculture and Rural Development,360,,,Human,,4.0-web,
unictl038,expansion_web,NI,ctl,chamber,NI2009-05-26#t268w1,2009-05-26,Mr K Robinson,255,,,Human,,4.0-web,
unictl039,expansion_web,NI,ctl,chamber,NI2015-11-23#t190w0,2015-11-23,Ms Ruane,269,,,Human,,4.0-web,
unictl040,expansion_web,NI,ctl,chamber,NI2010-06-15#t120w1,2010-06-15,Mr Gallagher,334,,,Human,,4.0-web,
unictl041,expansion_web,NI,ctl,chamber,NI2008-11-17#t184w0,2008-11-17,"The Minister of Culture, Arts and Leisure",301,,,Human,,4.0-web,
unictl042,expansion_web,NI,ctl,chamber,NI2016-03-15#t261w2,2016-03-15,Mr Weir (The Chairperson of the Committee for Education),336,,,Human,,4.0-web,
unictl043,expansion_web,NI,ctl,chamber,NI2009-06-30#t177w4,2009-06-30,Dr Farry,309,,,Human,,4.0-web,
unictl044,expansion_web,NI,ctl,chamber,NI2010-03-09#t2w3,2010-03-09,Mr Hamilton,301,,,Human,,4.0-web,
unictl045,expansion_web,NI,ctl,chamber,NI2015-11-18#t172w1,2015-11-18,Mr McCallister,251,,,Human,,4.0-web,
unictl046,expansion_web,NI,ctl,chamber,NI2010-06-22#t270w1,2010-06-22,Mr Wells,233,,,Human,,4.0-web,
unictl047,expansion_web,NI,ctl,chamber,NI2016-03-01#t100w0,2016-03-01,Mr O'Dowd,212,,,Human,,4.0-web,
unictl048,expansion_web,NI,ctl,chamber,NI2016-10-17#t211w0,2016-10-17,Mr Ó Muilleoir,173,,,Human,,4.0-web,
unictl049,expansion_web,NI,ctl,chamber,NI2009-03-10#t51w1,2009-03-10,Mr Shannon,273,,,Human,,4.0-web,
unictl050,expansion_web,NI,ctl,chamber,NI2007-10-22#t17w0,2007-10-22,Mr Murphy,231,,,Human,,4.0-web,
unictl051,expansion_web,NI,ctl,chamber,NI2007-07-03#t12w2,2007-07-03,Dr Farry,340,,,Human,,4.0-web,
unictl052,expansion_web,NI,ctl,chamber,NI2015-04-13#t13w0,2015-04-13,Mr Allister,201,,,Human,,4.0-web,
unictl053,expansion_web,NI,ctl,chamber,NI2010-10-11#t16w0,2010-10-11,The Minister for Social Development,353,,,Human,,4.0-web,
unictl054,expansion_web,NI,ctl,chamber,NI2017-01-23#t391w1,2017-01-23,Mr Hamilton,258,,,Human,,4.0-web,
unictl055,expansion_web,NI,ctl,chamber,NI2009-09-22#t454w0,2009-09-22,The First Minister,126,,,Human,,4.0-web,
unictl056,expansion_web,NI,ctl,chamber,NI2009-12-01#t90w0,2009-12-01,Mr P Robinson,255,,,Human,,4.0-web,
unictl057,expansion_web,NI,ctl,chamber,NI2008-02-25#t84w0,2008-02-25,Mr McGimpsey,202,,,Human,,4.0-web,
unictl058,expansion_web,NI,ctl,chamber,NI2015-02-10#t261w0,2015-02-10,Mr Storey,204,,,Human,,4.0-web,
unictl059,expansion_web,NI,ctl,chamber,NI2009-11-30#t52w2,2009-11-30,Ms Ritchie,345,,,Human,,4.0-web,
uniprev000,expansion_web,NI,prev,chamber,NI2025-06-10#t14w0,2025-06-10,Mr Dickson,357,,,AI,,4.0-web,
uniprev001,expansion_web,NI,prev,chamber,NI2026-01-12#t242w0,2026-01-12,Mrs Long,357,,,Human,,4.0-web,
uniprev002,expansion_web,NI,prev,chamber,NI2026-06-08#t144w0,2026-06-08,Mrs Long,183,,,Human,,4.0-web,
uniprev003,expansion_web,NI,prev,chamber,NI2026-05-11#t153w0,2026-05-11,Ms Kimmins,194,,,Human,,4.0-web,
uniprev004,expansion_web,NI,prev,chamber,NI2025-06-16#t254w0,2025-06-16,Mrs Little-Pengelly,189,,,Human,,4.0-web,
uniprev005,expansion_web,NI,prev,chamber,NI2026-02-16#t131w0,2026-02-16,Mr Muir,144,,,Human,,4.0-web,
uniprev006,expansion_web,NI,prev,chamber,NI2025-03-10#t177w0,2025-03-10,Mr Givan,147,,,Human,,4.0-web,
uniprev007,expansion_web,NI,prev,chamber,NI2025-05-27#t116w0,2025-05-27,Mrs O'Neill,129,,,Human,,4.0-web,
uniprev008,expansion_web,NI,prev,chamber,NI2026-05-12#t130w0,2026-05-12,Mr McGrath,247,,,Mixed,,4.0-web,
uniprev009,expansion_web,NI,prev,chamber,NI2025-01-27#t163w0,2025-01-27,Mr Nesbitt,250,,,Human,,4.0-web,
uniprev010,expansion_web,NI,prev,chamber,NI2025-06-23#t113w2,2025-06-23,Mr Beattie,170,,,Human,,4.0-web,
uniprev011,expansion_web,NI,prev,chamber,NI2025-10-13#t1w0,2025-10-13,Ms Ennis,222,,,Human,,4.0-web,
uniprev012,expansion_web,NI,prev,chamber,NI2026-06-22#t429w1,2026-06-22,Mr Frew,279,,,Human,,4.0-web,
uniprev013,expansion_web,NI,prev,chamber,NI2026-04-28#t3w0,2026-04-28,Mr Beattie,135,,,Human,,4.0-web,
uniprev014,expansion_web,NI,prev,chamber,NI2025-09-29#t138w0,2025-09-29,Mr Givan,169,,,Human,,4.0-web,
uniprev015,expansion_web,NI,prev,chamber,NI2026-02-10#t230w3,2026-02-10,Mr O'Toole,306,,,Human,,4.0-web,
uniprev016,expansion_web,NI,prev,chamber,NI2026-05-19#t286w2,2026-05-19,Mr Beattie,218,,,Human,,4.0-web,
uniprev017,expansion_web,NI,prev,chamber,NI2026-06-23#t52w0,2026-06-23,Mr Stewart,208,,,Human,,4.0-web,
uniprev018,expansion_web,NI,prev,chamber,NI2026-03-24#t256w0,2026-03-24,Ms Nicholl,302,,,Mixed,,4.0-web,
uniprev019,expansion_web,NI,prev,chamber,NI2025-02-11#t25w0,2025-02-11,Mr O'Toole,130,,,Human,,4.0-web,
uniprev020,expansion_web,NI,prev,chamber,NI2025-01-20#t29w1,2025-01-20,Mr Beattie,155,,,Human,,4.0-web,
uniprev021,expansion_web,NI,prev,chamber,NI2026-03-02#t130w0,2026-03-02,Mr Nesbitt,122,,,Human,,4.0-web,
uniprev022,expansion_web,NI,prev,chamber,NI2026-03-03#t194w0,2026-03-03,Mr O'Dowd (The Minister of Finance),281,,,Human,,4.0-web,
uniprev023,expansion_web,NI,prev,chamber,NI2026-02-16#t45w0,2026-02-16,Ms D Armstrong,247,,,AI,,4.0-web,
uniprev024,expansion_web,NI,prev,chamber,NI2025-05-06#t4w1,2025-05-06,Ms Hunter,167,,,AI,,4.0-web,
uniprev025,expansion_web,NI,prev,chamber,NI2026-04-27#t214w0,2026-04-27,"Mr Muir (The Minister of Agriculture, Environment and Rural Affairs)",339,,,Mixed,,4.0-web,
uniprev026,expansion_web,NI,prev,chamber,NI2026-06-16#t237w0,2026-06-16,Mrs Long,194,,,Human,,4.0-web,
uniprev027,expansion_web,NI,prev,chamber,NI2025-12-08#t264w0,2025-12-08,Mr Dunne,358,,,Human,,4.0-web,
uniprev028,expansion_web,NI,prev,chamber,NI2025-11-11#t85w0,2025-11-11,Mr Muir,120,,,Human,,4.0-web,
uniprev029,expansion_web,NI,prev,chamber,NI2026-02-02#t28w0,2026-02-02,Mr O'Dowd,152,,,Human,,4.0-web,
uniprev030,expansion_web,NI,prev,chamber,NI2026-06-16#t8w0,2026-06-16,Mr Brett,332,,,Human,,4.0-web,
uniprev031,expansion_web,NI,prev,chamber,NI2025-01-28#t9w0,2025-01-28,Mr Gaston,249,,,Human,,4.0-web,
uniprev032,expansion_web,NI,prev,chamber,NI2025-11-24#t175w0,2025-11-24,Mr Givan,256,,,Human,,4.0-web,
uniprev033,expansion_web,NI,prev,chamber,NI2025-03-18#t24w0,2025-03-18,Ms Mulholland,204,,,Human,,4.0-web,
uniprev034,expansion_web,NI,prev,chamber,NI2026-03-31#t89w1,2026-03-31,Mrs Guy,310,,,Human,,4.0-web,
uniprev035,expansion_web,NI,prev,chamber,NI2025-02-10#t12w0,2025-02-10,Dr Aiken,273,,,Human,,4.0-web,
uniprev036,expansion_web,NI,prev,chamber,NI2026-04-13#t272w0,2026-04-13,Mr Gildernew,167,,,Human,,4.0-web,
uniprev037,expansion_web,NI,prev,chamber,NI2025-10-14#t259w0,2025-10-14,Mr Nesbitt,333,,,Human,,4.0-web,
uniprev038,expansion_web,NI,prev,chamber,NI2026-04-14#t257w0,2026-04-14,"Mr Muir (The Minister of Agriculture, Environment and Rural Affairs)",315,,,Human,,4.0-web,
uniprev039,expansion_web,NI,prev,chamber,NI2025-04-29#t12w3,2025-04-29,Mr O'Toole,311,,,Human,,4.0-web,
uniprev040,expansion_web,NI,prev,chamber,NI2026-03-10#t247w0,2026-03-10,Ms Forsythe,233,,,Human,,4.0-web,
uniprev041,expansion_web,NI,prev,chamber,NI2025-12-09#t258w1,2025-12-09,Mrs Dodds,328,,,Human,,4.0-web,
uniprev042,expansion_web,NI,prev,chamber,NI2026-01-12#t0w1,2026-01-12,Mr O'Toole,244,,,Human,,4.0-web,
uniprev043,expansion_web,NI,prev,chamber,NI2025-06-09#t242w1,2025-06-09,Ms Bunting (The Chairperson of the Committee for Justice),303,,,Human,,4.0-web,
uniprev044,expansion_web,NI,prev,chamber,NI2026-05-19#t8w0,2026-05-19,Mr Brooks,355,,,Human,,4.0-web,
uniprev045,expansion_web,NI,prev,chamber,NI2025-03-10#t200w2,2025-03-10,Mr Carroll,160,,,Human,,4.0-web,
uniprev046,expansion_web,NI,prev,chamber,NI2025-12-01#t174w0,2025-12-01,Mrs Long,190,,,Human,,4.0-web,
uniprev047,expansion_web,NI,prev,chamber,NI2026-06-22#t426w0,2026-06-22,Mrs Long,186,,,Human,,4.0-web,
uniprev048,expansion_web,NI,prev,chamber,NI2026-03-23#t70w0,2026-03-23,Mr Givan,176,,,Human,,4.0-web,
uniprev049,expansion_web,NI,prev,chamber,NI2025-06-24#t404w1,2025-06-24,Ms D Armstrong,267,,,Human,,4.0-web,
uniprev050,expansion_web,NI,prev,chamber,NI2025-01-21#t45w0,2025-01-21,Miss McAllister,313,,,Human,,4.0-web,
uniprev051,expansion_web,NI,prev,chamber,NI2026-06-22#t318w0,2026-06-22,Ms Bunting,276,,,Mixed,,4.0-web,
uniprev052,expansion_web,NI,prev,chamber,NI2025-09-15#t253w0,2025-09-15,Mrs Guy,330,,,Mixed,,4.0-web,
uniprev053,expansion_web,NI,prev,chamber,NI2026-03-02#t269w0,2026-03-02,Ms McLaughlin,285,,,Mixed,,4.0-web,
uniprev054,expansion_web,NI,prev,chamber,NI2026-05-12#t130w3,2026-05-12,Mr McGrath,311,,,Human,,4.0-web,
uniprev055,expansion_web,NI,prev,chamber,NI2025-11-25#t6w0,2025-11-25,Mr Kingston,255,,,Human,,4.0-web,
uniprev056,expansion_web,NI,prev,chamber,NI2025-02-24#t112w0,2025-02-24,Mrs Long,170,,,Human,,4.0-web,
uniprev057,expansion_web,NI,prev,chamber,NI2026-04-27#t210w1,2026-04-27,Mrs Erskine,207,,,AI,,4.0-web,
uniprev058,expansion_web,NI,prev,chamber,NI2025-03-11#t189w0,2025-03-11,Mrs Long,215,,,Human,,4.0-web,
uniprev059,expansion_web,NI,prev,chamber,NI2026-06-16#t164w0,2026-06-16,Ms Finnegan,278,,,Mixed,,4.0-web,
uniprev060,expansion_web,NI,prev,chamber,NI2026-03-24#t2w0,2026-03-24,Ms Egan,261,,,Human,,4.0-web,
uniprev061,expansion_web,NI,prev,chamber,NI2025-07-01#t10w1,2025-07-01,Mrs Erskine,168,,,Human,,4.0-web,
uniprev062,expansion_web,NI,prev,chamber,NI2026-06-23#t152w0,2026-06-23,Ms Ennis,123,,,Human,,4.0-web,
uniprev063,expansion_web,NI,prev,chamber,NI2026-01-20#t137w0,2026-01-20,Mrs Long,174,,,Human,,4.0-web,
uniprev064,expansion_web,NI,prev,chamber,NI2025-06-30#t45w0,2025-06-30,Mrs O'Neill,135,,,Human,,4.0-web,
uniprev065,expansion_web,NI,prev,chamber,NI2025-09-09#t294w0,2025-09-09,Mr McMurray,269,,,Human,,4.0-web,
uniprev066,expansion_web,NI,prev,chamber,NI2025-02-03#t65w0,2025-02-03,Mr Givan,166,,,Human,,4.0-web,
uniprev067,expansion_web,NI,prev,chamber,NI2025-02-17#t100w0,2025-02-17,Mrs Little-Pengelly,156,,,Human,,4.0-web,
uniprev068,expansion_web,NI,prev,chamber,NI2025-03-03#t49w0,2025-03-03,Mrs O'Neill,183,,,Human,,4.0-web,
uniprev069,expansion_web,NI,prev,chamber,NI2025-12-09#t151w0,2025-12-09,Mr O'Dowd,231,,,Human,,4.0-web,
uniprev070,expansion_web,NI,prev,chamber,NI2026-06-16#t53w0,2026-06-16,Mr Lyons,178,,,Human,,4.0-web,
uniprev071,expansion_web,NI,prev,chamber,NI2025-06-23#t111w2,2025-06-23,Mrs Long,323,,,Human,,4.0-web,
uniprev072,expansion_web,NI,prev,chamber,NI2025-06-24#t118w0,2025-06-24,Ms Ennis,127,,,Human,,4.0-web,
uniprev073,expansion_web,NI,prev,chamber,NI2025-05-27#t63w2,2025-05-27,Mr Nesbitt (The Minister of Health),320,,,Human,,4.0-web,
uniprev074,expansion_web,NI,prev,chamber,NI2025-03-04#t178w2,2025-03-04,Mr Middleton,327,,,Human,,4.0-web,
uniprev075,expansion_web,NI,prev,chamber,NI2026-06-09#t234w3,2026-06-09,Mr McCrossan,322,,,Human,,4.0-web,
uniprev076,expansion_web,NI,prev,chamber,NI2026-05-19#t210w1,2026-05-19,Mrs Cameron,332,,,Mixed,,4.0-web,
uniprev077,expansion_web,NI,prev,chamber,NI2025-05-27#t70w0,2025-05-27,Ms McLaughlin,313,,,AI,,4.0-web,
uniprev078,expansion_web,NI,prev,chamber,NI2026-03-24#t106w0,2026-03-24,Mr O'Toole,168,,,Human,,4.0-web,
uniprev079,expansion_web,NI,prev,chamber,NI2025-11-04#t346w1,2025-11-04,Mr Donnelly,323,,,Human,,4.0-web,
uniprev080,expansion_web,NI,prev,chamber,NI2026-04-28#t85w0,2026-04-28,Ms D Armstrong,343,,,AI,,4.0-web,
uniprev081,expansion_web,NI,prev,chamber,NI2025-06-03#t150w0,2025-06-03,Ms K Armstrong,268,,,Mixed,,4.0-web,
uniprev082,expansion_web,NI,prev,chamber,NI2026-03-16#t192w3,2026-03-16,Ms Sugden,140,,,AI,,4.0-web,
uniprev083,expansion_web,NI,prev,chamber,NI2025-09-30#t160w0,2025-09-30,Mr Lyons,192,,,Human,,4.0-web,
uniprev084,expansion_web,NI,prev,chamber,NI2025-02-10#t276w1,2025-02-10,Ms Nicholl,317,,,Human,,4.0-web,
uniprev085,expansion_web,NI,prev,chamber,NI2026-02-09#t269w0,2026-02-09,Ms D Armstrong,208,,,AI,,4.0-web,
uniprev086,expansion_web,NI,prev,chamber,NI2026-06-22#t186w0,2026-06-22,Mr Givan,126,,,Human,,4.0-web,
uniprev087,expansion_web,NI,prev,chamber,NI2026-06-16#t512w0,2026-06-16,Mrs Long,251,,,Human,,4.0-web,
uniprev088,expansion_web,NI,prev,chamber,NI2025-05-06#t160w0,2025-05-06,Mr Muir,199,,,Human,,4.0-web,
uniprev089,expansion_web,NI,prev,chamber,NI2026-04-13#t8w0,2026-04-13,Mr Honeyford,241,,,Mixed,,4.0-web,
uniprev090,expansion_web,NI,prev,chamber,NI2025-09-15#t220w0,2025-09-15,Mr Mathison,263,,,Human,,4.0-web,
uniprev091,expansion_web,NI,prev,chamber,NI2025-11-04#t237w0,2025-11-04,Mr O'Dowd,277,,,Mixed,,4.0-web,
uniprev092,expansion_web,NI,prev,chamber,NI2025-06-30#t67w0,2025-06-30,Mrs O'Neill,176,,,Human,,4.0-web,
uniprev093,expansion_web,NI,prev,chamber,NI2025-11-24#t9w0,2025-11-24,Mr Middleton,321,,,AI,,4.0-web,
uniprev094,expansion_web,NI,prev,chamber,NI2026-03-16#t29w1,2026-03-16,Mr McGlone,283,,,Human,,4.0-web,
uniprev095,expansion_web,NI,prev,chamber,NI2025-09-15#t257w0,2025-09-15,Mr Givan,120,,,Human,,4.0-web,
uniprev096,expansion_web,NI,prev,chamber,NI2025-05-12#t73w0,2025-05-12,Mrs Little-Pengelly,200,,,Human,,4.0-web,
uniprev097,expansion_web,NI,prev,chamber,NI2025-04-07#t172w0,2025-04-07,Mr O'Dowd,151,,,Human,,4.0-web,
uniprev098,expansion_web,NI,prev,chamber,NI2026-02-03#t10w0,2026-02-03,Ms Brownlee,311,,,AI,,4.0-web,
uniprev099,expansion_web,NI,prev,chamber,NI2026-03-16#t198w4,2026-03-16,Mrs Long,338,,,Human,,4.0-web,
uniprev100,expansion_web,NI,prev,chamber,NI2026-04-28#t177w1,2026-04-28,Mr Carroll,273,,,Human,,4.0-web,
uniprev101,expansion_web,NI,prev,chamber,NI2026-06-08#t292w1,2026-06-08,Mr Beattie,316,,,Human,,4.0-web,
uniprev102,expansion_web,NI,prev,chamber,NI2026-01-19#t19w0,2026-01-19,Mr McGrath,264,,,Human,,4.0-web,
uniprev103,expansion_web,NI,prev,chamber,NI2025-09-09#t242w2,2025-09-09,Mr Beattie,343,,,Human,,4.0-web,
uniprev104,expansion_web,NI,prev,chamber,NI2026-01-19#t175w0,2026-01-19,Mrs Little-Pengelly,120,,,Human,,4.0-web,
uniprev105,expansion_web,NI,prev,chamber,NI2026-01-13#t7w0,2026-01-13,Mr McReynolds,329,,,Human,,4.0-web,
uniprev106,expansion_web,NI,prev,chamber,NI2026-05-19#t321w0,2026-05-19,Mr Buckley,317,,,Mixed,,4.0-web,
uniprev107,expansion_web,NI,prev,chamber,NI2025-09-16#t141w0,2025-09-16,Mrs Long,351,,,Human,,4.0-web,
uniprev108,expansion_web,NI,prev,chamber,NI2026-05-12#t35w2,2026-05-12,Ms Brownlee,349,,,AI,,4.0-web,
uniprev109,expansion_web,NI,prev,chamber,NI2026-03-09#t213w0,2026-03-09,Mr Muir,318,,,Human,,4.0-web,
uniprev110,expansion_web,NI,prev,chamber,NI2025-02-25#t173w3,2025-02-25,Mrs Erskine,288,,,Human,,4.0-web,
uniprev111,expansion_web,NI,prev,chamber,NI2026-01-27#t202w8,2026-01-27,Mrs Long (The Minister of Justice),194,,,Human,,4.0-web,
uniprev112,expansion_web,NI,prev,chamber,NI2026-02-24#t227w0,2026-02-24,Mr McGrath,274,,,Human,,4.0-web,
uniprev113,expansion_web,NI,prev,chamber,NI2025-11-04#t4w0,2025-11-04,Mr McAleer,340,,,Human,,4.0-web,
uniprev114,expansion_web,NI,prev,chamber,NI2025-10-21#t73w0,2025-10-21,Ms Forsythe,327,,,Human,,4.0-web,
uniprev115,expansion_web,NI,prev,chamber,NI2025-01-21#t78w0,2025-01-21,Mr Givan,132,,,Human,,4.0-web,
uniprev116,expansion_web,NI,prev,chamber,NI2025-11-11#t173w0,2025-11-11,Mr Gaston,296,,,Mixed,,4.0-web,
uniprev117,expansion_web,NI,prev,chamber,NI2025-01-13#t200w0,2025-01-13,Mr Givan,264,,,Human,,4.0-web,
uniprev118,expansion_web,NI,prev,chamber,NI2026-05-26#t271w1,2026-05-26,Mr Martin,341,,,Human,,4.0-web,
uniprev119,expansion_web,NI,prev,chamber,NI2025-03-10#t13w0,2025-03-10,Mr Brett,317,,,Human,,4.0-web,
uscctl000,expansion_web,SCO,ctl,chamber,SCO2018-03-06#t3068w3,2018-03-06,Aileen Campbell,323,,,Human,,4.0-web,
uscctl001,expansion_web,SCO,ctl,chamber,SCO2007-10-25#t10253w1,2007-10-25,Tavish Scott,312,,,Human,,4.0-web,
uscctl002,expansion_web,SCO,ctl,chamber,SCO2016-03-08#t3744w0,2016-03-08,Angela Constance,284,,,Human,,4.0-web,
uscctl003,expansion_web,SCO,ctl,chamber,SCO2016-09-28#t8483w0,2016-09-28,Jenny Marra,343,,,Human,,4.0-web,
uscctl004,expansion_web,SCO,ctl,chamber,SCO2018-01-11#t324w0,2018-01-11,Aileen Campbell,350,,,Human,,4.0-web,
uscctl005,expansion_web,SCO,ctl,chamber,SCO2019-11-28#t16255w0,2019-11-28,Fergus Ewing,303,,,Human,,4.0-web,
uscctl006,expansion_web,SCO,ctl,chamber,SCO2018-06-19#t9141w0,2018-06-19,Michael Russell,341,,,Human,,4.0-web,
uscctl007,expansion_web,SCO,ctl,chamber,SCO2008-06-19#t8710w0,2008-06-19,Pauline McNeill,309,,,Human,,4.0-web,
uscctl008,expansion_web,SCO,ctl,chamber,SCO2006-09-20#t9567w2,2006-09-20,Rob Gibson,199,,,Human,,4.0-web,
uscctl009,expansion_web,SCO,ctl,chamber,SCO2009-05-27#t6815w2,2009-05-27,Jamie Stone,346,,,Human,,4.0-web,
uscctl010,expansion_web,SCO,ctl,chamber,SCO2015-05-20#t7107w0,2015-05-20,Angela Constance,135,,,Human,,4.0-web,
uscctl011,expansion_web,SCO,ctl,chamber,SCO2008-09-18#t10358w1,2008-09-18,Richard Lochhead,142,,,Human,,4.0-web,
uscctl012,expansion_web,SCO,ctl,chamber,SCO2006-09-28#t10413w0,2006-09-28,Shona Robison,302,,,Human,,4.0-web,
uscctl013,expansion_web,SCO,ctl,chamber,SCO2016-06-07#t5716w0,2016-06-07,Johann Lamont,326,,,Human,,4.0-web,
uscctl014,expansion_web,SCO,ctl,chamber,SCO2015-05-13#t6796w1,2015-05-13,Dennis Robertson,186,,,Human,,4.0-web,
uscctl015,expansion_web,SCO,ctl,chamber,SCO2015-01-21#t1135w1,2015-01-21,John Swinney,313,,,Human,,4.0-web,
uscctl016,expansion_web,SCO,ctl,chamber,SCO2019-10-30#t14170w0,2019-10-30,Jeane Freeman,173,,,Human,,4.0-web,
uscctl017,expansion_web,SCO,ctl,chamber,SCO2015-11-24#t13564w0,2015-11-24,Margaret Burgess,315,,,Human,,4.0-web,
uscctl018,expansion_web,SCO,ctl,chamber,SCO2015-11-26#t13940w0,2015-11-26,Ken Macintosh,310,,,Human,,4.0-web,
uscctl019,expansion_web,SCO,ctl,chamber,SCO2007-03-21#t4516w1,2007-03-21,Mike Pringle,221,,,Human,,4.0-web,
uscctl020,expansion_web,SCO,ctl,chamber,SCO2007-03-14#t4176w0,2007-03-14,John Home Robertson,346,,,Human,,4.0-web,
uscctl021,expansion_web,SCO,ctl,chamber,SCO2007-03-01#t3378w0,2007-03-01,Jack McConnell,136,,,Human,,4.0-web,
uscctl022,expansion_web,SCO,ctl,chamber,SCO2007-10-04#t9483w0,2007-10-04,Murdo Fraser,271,,,Human,,4.0-web,
uscctl023,expansion_web,SCO,ctl,chamber,SCO2017-05-03#t6579w0,2017-05-03,Monica Lennon,145,,,Human,,4.0-web,
uscctl024,expansion_web,SCO,ctl,chamber,SCO2015-05-05#t6385w1,2015-05-05,Dr Alasdair Allan,289,,,Human,,4.0-web,
uscctl025,expansion_web,SCO,ctl,chamber,SCO2008-09-17#t10228w0,2008-09-17,Nicola Sturgeon,164,,,Human,,4.0-web,
uscctl026,expansion_web,SCO,ctl,chamber,SCO2017-03-23#t4908w1,2017-03-23,Rhoda Grant,353,,,Human,,4.0-web,
uscctl027,expansion_web,SCO,ctl,chamber,SCO2008-10-08#t11408w0,2008-10-08,Jim Mather,280,,,Human,,4.0-web,
uscctl028,expansion_web,SCO,ctl,chamber,SCO2008-12-11#t14140w0,2008-12-11,Rhoda Grant,324,,,Human,,4.0-web,
uscctl029,expansion_web,SCO,ctl,chamber,SCO2009-11-05#t11911w0,2009-11-05,John Scott,355,,,Human,,4.0-web,
uscctl030,expansion_web,SCO,ctl,chamber,SCO2007-03-01#t3413w0,2007-03-01,Cathy Jamieson,161,,,Human,,4.0-web,
uscctl031,expansion_web,SCO,ctl,chamber,SCO2015-03-03#t3324w0,2015-03-03,Ken Macintosh,337,,,Human,,4.0-web,
uscctl032,expansion_web,SCO,ctl,chamber,SCO2007-10-25#t10237w0,2007-10-25,Michael McMahon,188,,,Human,,4.0-web,
uscctl033,expansion_web,SCO,ctl,chamber,SCO2016-09-28#t8410w1,2016-09-28,Maree Todd,186,,,Human,,4.0-web,
uscctl034,expansion_web,SCO,ctl,chamber,SCO2006-12-13#t13988w2,2006-12-13,Tom McCabe,331,,,Human,,4.0-web,
uscctl035,expansion_web,SCO,ctl,chamber,SCO2017-01-12#t232w0,2017-01-12,Monica Lennon,130,,,Human,,4.0-web,
uscctl036,expansion_web,SCO,ctl,chamber,SCO2008-04-16#t4826w0,2008-04-16,Alex Salmond,343,,,Human,,4.0-web,
uscctl037,expansion_web,SCO,ctl,chamber,SCO2015-06-24#t9238w1,2015-06-24,Jamie Hepburn,298,,,Human,,4.0-web,
uscctl038,expansion_web,SCO,ctl,chamber,SCO2009-09-24#t10139w0,2009-09-24,Liz Smith,341,,,Human,,4.0-web,
uscctl039,expansion_web,SCO,ctl,chamber,SCO2007-03-15#t4351w3,2007-03-15,Patricia Ferguson,284,,,Human,,4.0-web,
uscctl040,expansion_web,SCO,ctl,chamber,SCO2010-11-11#t12374w1,2010-11-11,Christina McKelvie,212,,,Human,,4.0-web,
uscctl041,expansion_web,SCO,ctl,chamber,SCO2015-09-03#t9869w0,2015-09-03,Anne McTaggart,359,,,Human,,4.0-web,
uscctl042,expansion_web,SCO,ctl,chamber,SCO2015-06-02#t7753w3,2015-06-02,Stewart Stevenson,182,,,Human,,4.0-web,
uscctl043,expansion_web,SCO,ctl,chamber,SCO2019-10-29#t14072w0,2019-10-29,Jenny Gilruth,353,,,Human,,4.0-web,
uscctl044,expansion_web,SCO,ctl,chamber,SCO2017-05-10#t6874w1,2017-05-10,Brian Whittle,288,,,Human,,4.0-web,
uscctl045,expansion_web,SCO,ctl,chamber,SCO2008-04-24#t5693w2,2008-04-24,David McLetchie,347,,,Human,,4.0-web,
uscctl046,expansion_web,SCO,ctl,chamber,SCO2007-01-11#t376w0,2007-01-11,Fergus Ewing,128,,,Human,,4.0-web,
uscctl047,expansion_web,SCO,ctl,chamber,SCO2018-06-21#t9585w2,2018-06-21,Alex Cole-Hamilton,331,,,Human,,4.0-web,
uscctl048,expansion_web,SCO,ctl,chamber,SCO2015-04-22#t5773w0,2015-04-22,Claire Baker,356,,,Human,,4.0-web,
uscctl049,expansion_web,SCO,ctl,chamber,SCO2015-11-12#t12999w0,2015-11-12,Derek Mackay,170,,,Human,,4.0-web,
uscctl050,expansion_web,SCO,ctl,chamber,SCO2018-09-13#t10598w0,2018-09-13,Jeane Freeman,149,,,Human,,4.0-web,
uscctl051,expansion_web,SCO,ctl,chamber,SCO2018-05-24#t7723w0,2018-05-24,Humza Yousaf,223,,,Human,,4.0-web,
uscctl052,expansion_web,SCO,ctl,chamber,SCO2017-05-17#t7389w0,2017-05-17,John Swinney,321,,,Human,,4.0-web,
uscctl053,expansion_web,SCO,ctl,chamber,SCO2007-10-03#t9401w1,2007-10-03,Derek Brownlee,289,,,Human,,4.0-web,
uscctl054,expansion_web,SCO,ctl,chamber,SCO2017-06-14#t8809w0,2017-06-14,Keith Brown,139,,,Human,,4.0-web,
uscctl055,expansion_web,SCO,ctl,chamber,SCO2018-05-23#t7607w1,2018-05-23,Jenny Marra,305,,,Human,,4.0-web,
uscctl056,expansion_web,SCO,ctl,chamber,SCO2010-09-30#t8101w0,2010-09-30,Roseanna Cunningham,124,,,Human,,4.0-web,
uscctl057,expansion_web,SCO,ctl,chamber,SCO2008-09-10#t9886w0,2008-09-10,Linda Fabiani,333,,,Human,,4.0-web,
uscctl058,expansion_web,SCO,ctl,chamber,SCO2009-10-07#t10783w1,2009-10-07,Bill Wilson,311,,,Human,,4.0-web,
uscctl059,expansion_web,SCO,ctl,chamber,SCO2017-09-19#t11066w0,2017-09-19,James Dornan,270,,,Human,,4.0-web,
uscprev000,expansion_web,SCO,prev,chamber,SCO2026-01-29#t2498w0,2026-01-29,Willie Rennie,351,,,Human,,4.0-web,
uscprev001,expansion_web,SCO,prev,chamber,SCO2026-05-19#t8673w1,2026-05-19,Gillian Mackay,305,,,Human,,4.0-web,
uscprev002,expansion_web,SCO,prev,chamber,SCO2026-06-24#t11352w1,2026-06-24,Donald MacKinnon,281,,,Human,,4.0-web,
uscprev003,expansion_web,SCO,prev,chamber,SCO2025-09-25#t15740w3,2025-09-25,Kaukab Stewart,280,,,Human,,4.0-web,
uscprev004,expansion_web,SCO,prev,chamber,SCO2025-06-17#t11831w0,2025-06-17,Carol Mochan,125,,,Human,,4.0-web,
uscprev005,expansion_web,SCO,prev,chamber,SCO2026-03-25#t8505w0,2026-03-25,Shirley-Anne Somerville,150,,,Human,,4.0-web,
uscprev006,expansion_web,SCO,prev,chamber,SCO2026-06-16#t10245w0,2026-06-16,John Swinney,282,,,Human,,4.0-web,
uscprev007,expansion_web,SCO,prev,chamber,SCO2025-05-13#t9039w2,2025-05-13,Ross Greer,328,,,Human,,4.0-web,
uscprev008,expansion_web,SCO,prev,chamber,SCO2025-10-02#t16459w0,2025-10-02,Angela Constance,262,,,Human,,4.0-web,
uscprev009,expansion_web,SCO,prev,chamber,SCO2025-11-06#t18362w0,2025-11-06,Kaukab Stewart,144,,,Human,,4.0-web,
uscprev010,expansion_web,SCO,prev,chamber,SCO2025-10-02#t16451w0,2025-10-02,Alex Rowley,154,,,Human,,4.0-web,
uscprev011,expansion_web,SCO,prev,chamber,SCO2026-06-11#t10182w0,2026-06-11,Katherine Sangster,262,,,Human,,4.0-web,
uscprev012,expansion_web,SCO,prev,chamber,SCO2025-02-06#t2689w0,2025-02-06,John Swinney,169,,,Human,,4.0-web,
uscprev013,expansion_web,SCO,prev,chamber,SCO2026-02-10#t3451w0,2026-02-10,Ivan McKee,316,,,Human,,4.0-web,
uscprev014,expansion_web,SCO,prev,chamber,SCO2026-02-19#t4424w0,2026-02-19,Màiri McAllan,173,,,Human,,4.0-web,
uscprev015,expansion_web,SCO,prev,chamber,SCO2025-05-15#t9504w1,2025-05-15,Alex Cole-Hamilton,205,,,Human,,4.0-web,
uscprev016,expansion_web,SCO,prev,chamber,SCO2025-05-06#t8377w0,2025-05-06,Russell Findlay,339,,,Human,,4.0-web,
uscprev017,expansion_web,SCO,prev,chamber,SCO2026-02-10#t3391w0,2026-02-10,Richard Leonard,273,,,Human,,4.0-web,
uscprev018,expansion_web,SCO,prev,chamber,SCO2026-03-17#t7552w0,2026-03-17,Jamie Greene,259,,,Human,,4.0-web,
uscprev019,expansion_web,SCO,prev,chamber,SCO2025-01-09#t379w1,2025-01-09,Ash Regan,272,,,AI,,4.0-web,
uscprev020,expansion_web,SCO,prev,chamber,SCO2025-10-02#t16543w0,2025-10-02,Rachael Hamilton,342,,,Human,,4.0-web,
uscprev021,expansion_web,SCO,prev,chamber,SCO2025-11-11#t18644w0,2025-11-11,Kevin Stewart,354,,,Human,,4.0-web,
uscprev022,expansion_web,SCO,prev,chamber,SCO2025-05-29#t10605w0,2025-05-29,Mairi Gougeon,346,,,Human,,4.0-web,
uscprev023,expansion_web,SCO,prev,chamber,SCO2025-03-20#t5992w1,2025-03-20,Ariane Burgess,247,,,Human,,4.0-web,
uscprev024,expansion_web,SCO,prev,chamber,SCO2025-05-20#t9599w0,2025-05-20,Angus Robertson,129,,,Human,,4.0-web,
uscprev025,expansion_web,SCO,prev,chamber,SCO2025-06-26#t13227w0,2025-06-26,Tom Arthur,251,,,Human,,4.0-web,
uscprev026,expansion_web,SCO,prev,chamber,SCO2025-03-18#t5490w3,2025-03-18,Tim Eagle,246,,,Human,,4.0-web,
uscprev027,expansion_web,SCO,prev,chamber,SCO2025-10-01#t16234w0,2025-10-01,Siobhian Brown,355,,,Human,,4.0-web,
uscprev028,expansion_web,SCO,prev,chamber,SCO2025-06-11#t11461w0,2025-06-11,Alex Cole-Hamilton,319,,,Human,,4.0-web,
uscprev029,expansion_web,SCO,prev,chamber,SCO2026-03-04#t5599w0,2026-03-04,Neil Gray,146,,,Human,,4.0-web,
uscprev030,expansion_web,SCO,prev,chamber,SCO2025-12-09#t21209w2,2025-12-09,Neil Bibby,199,,,Human,,4.0-web,
uscprev031,expansion_web,SCO,prev,chamber,SCO2025-09-09#t13886w0,2025-09-09,Miles Briggs,220,,,Human,,4.0-web,
uscprev032,expansion_web,SCO,prev,chamber,SCO2025-05-08#t8865w0,2025-05-08,Jenny Gilruth,144,,,Human,,4.0-web,
uscprev033,expansion_web,SCO,prev,chamber,SCO2025-11-11#t18680w2,2025-11-11,Richard Lochhead,239,,,Human,,4.0-web,
uscprev034,expansion_web,SCO,prev,chamber,SCO2025-05-06#t8379w0,2025-05-06,Anas Sarwar,343,,,Human,,4.0-web,
uscprev035,expansion_web,SCO,prev,chamber,SCO2025-05-08#t8735w0,2025-05-08,Lorna Slater,155,,,Human,,4.0-web,
uscprev036,expansion_web,SCO,prev,chamber,SCO2026-01-15#t1111w0,2026-01-15,Patrick Harvie,355,,,Human,,4.0-web,
uscprev037,expansion_web,SCO,prev,chamber,SCO2025-04-03#t7137w0,2025-04-03,Ben Macpherson,303,,,Human,,4.0-web,
uscprev038,expansion_web,SCO,prev,chamber,SCO2026-03-11#t6502w0,2026-03-11,Fulton MacGregor,225,,,Mixed,,4.0-web,
uscprev039,expansion_web,SCO,prev,chamber,SCO2025-01-30#t2243w1,2025-01-30,Clare Haughey,303,,,Human,,4.0-web,
uscprev040,expansion_web,SCO,prev,chamber,SCO2025-01-09#t463w0,2025-01-09,Craig Hoy,232,,,Human,,4.0-web,
uscprev041,expansion_web,SCO,prev,chamber,SCO2025-04-30#t8078w0,2025-04-30,Tim Eagle,350,,,Human,,4.0-web,
uscprev042,expansion_web,SCO,prev,chamber,SCO2025-06-17#t11900w0,2025-06-17,Ross Greer,346,,,Human,,4.0-web,
uscprev043,expansion_web,SCO,prev,chamber,SCO2025-01-09#t475w1,2025-01-09,Audrey Nicoll,323,,,Human,,4.0-web,
uscprev044,expansion_web,SCO,prev,chamber,SCO2025-12-11#t21798w0,2025-12-11,Martin Whitfield,266,,,Human,,4.0-web,
uscprev045,expansion_web,SCO,prev,chamber,SCO2025-04-23#t7449w1,2025-04-23,Roz McCall,148,,,Human,,4.0-web,
uscprev046,expansion_web,SCO,prev,chamber,SCO2025-01-21#t1095w1,2025-01-21,Shirley-Anne Somerville,353,,,Human,,4.0-web,
uscprev047,expansion_web,SCO,prev,chamber,SCO2025-02-27#t4077w0,2025-02-27,Kate Forbes,318,,,Human,,4.0-web,
uscprev048,expansion_web,SCO,prev,chamber,SCO2025-09-10#t14188w0,2025-09-10,Kate Forbes,332,,,Human,,4.0-web,
uscprev049,expansion_web,SCO,prev,chamber,SCO2026-02-03#t2590w1,2026-02-03,Liam McArthur,312,,,Human,,4.0-web,
uscprev050,expansion_web,SCO,prev,chamber,SCO2025-09-30#t16044w1,2025-09-30,Màiri McAllan,291,,,Human,,4.0-web,
uscprev051,expansion_web,SCO,prev,chamber,SCO2026-02-03#t2743w0,2026-02-03,Pam Gosal,341,,,Human,,4.0-web,
uscprev052,expansion_web,SCO,prev,chamber,SCO2026-01-27#t1776w0,2026-01-27,Rachael Hamilton,232,,,Human,,4.0-web,
uscprev053,expansion_web,SCO,prev,chamber,SCO2026-05-28#t9028w0,2026-05-28,Jack Middleton,331,,,Human,,4.0-web,
uscprev054,expansion_web,SCO,prev,chamber,SCO2025-01-07#t16w0,2025-01-07,Pam Gosal,140,,,Human,,4.0-web,
uscprev055,expansion_web,SCO,prev,chamber,SCO2026-02-12#t3707w0,2026-02-12,John Swinney,242,,,Human,,4.0-web,
uscprev056,expansion_web,SCO,prev,chamber,SCO2025-09-04#t13795w5,2025-09-04,Maree Todd,209,,,Human,,4.0-web,
uscprev057,expansion_web,SCO,prev,chamber,SCO2026-03-04#t5659w1,2026-03-04,Katy Clark,142,,,Human,,4.0-web,
uscprev058,expansion_web,SCO,prev,chamber,SCO2025-05-20#t9722w3,2025-05-20,Paul O'Kane,169,,,Human,,4.0-web,
uscprev059,expansion_web,SCO,prev,chamber,SCO2025-09-23#t15216w0,2025-09-23,Graham Simpson,348,,,Human,,4.0-web,
uscprev060,expansion_web,SCO,prev,chamber,SCO2025-03-05#t4540w0,2025-03-05,Lorna Slater,339,,,Human,,4.0-web,
uscprev061,expansion_web,SCO,prev,chamber,SCO2025-02-26#t3881w1,2025-02-26,Sarah Boyack,327,,,Human,,4.0-web,
uscprev062,expansion_web,SCO,prev,chamber,SCO2026-03-11#t6507w0,2026-03-11,Audrey Nicoll,125,,,Human,,4.0-web,
uscprev063,expansion_web,SCO,prev,chamber,SCO2025-05-01#t8197w0,2025-05-01,John Swinney,167,,,Human,,4.0-web,
uscprev064,expansion_web,SCO,prev,chamber,SCO2026-01-13#t725w1,2026-01-13,Monica Lennon,332,,,AI,,4.0-web,
uscprev065,expansion_web,SCO,prev,chamber,SCO2026-06-10#t9928w2,2026-06-10,Graham Simpson,125,,,Human,,4.0-web,
uscprev066,expansion_web,SCO,prev,chamber,SCO2026-01-15#t1119w0,2026-01-15,Richard Lochhead,324,,,Human,,4.0-web,
uscprev067,expansion_web,SCO,prev,chamber,SCO2025-01-08#t184w0,2025-01-08,Angela Constance,192,,,Human,,4.0-web,
uscprev068,expansion_web,SCO,prev,chamber,SCO2026-06-11#t10081w0,2026-06-11,Gillian Mackay,159,,,Human,,4.0-web,
uscprev069,expansion_web,SCO,prev,chamber,SCO2025-03-27#t6563w1,2025-03-27,Ross Greer,266,,,Human,,4.0-web,
uscprev070,expansion_web,SCO,prev,chamber,SCO2025-09-09#t13975w0,2025-09-09,Katy Clark,322,,,Human,,4.0-web,
uscprev071,expansion_web,SCO,prev,chamber,SCO2025-11-13#t18988w1,2025-11-13,Rona Mackay,296,,,Human,,4.0-web,
uscprev072,expansion_web,SCO,prev,chamber,SCO2025-05-08#t8743w0,2025-05-08,Russell Findlay,162,,,Human,,4.0-web,
uscprev073,expansion_web,SCO,prev,chamber,SCO2025-02-06#t2744w0,2025-02-06,Fiona Hyslop,179,,,Human,,4.0-web,
uscprev074,expansion_web,SCO,prev,chamber,SCO2025-04-30#t8133w1,2025-04-30,Tess White,263,,,Human,,4.0-web,
uscprev075,expansion_web,SCO,prev,chamber,SCO2025-12-16#t21834w0,2025-12-16,Sue Webber,141,,,Human,,4.0-web,
uscprev076,expansion_web,SCO,prev,chamber,SCO2026-02-04#t2884w0,2026-02-04,Alexander Burnett,150,,,Human,,4.0-web,
uscprev077,expansion_web,SCO,prev,chamber,SCO2025-11-11#t18583w2,2025-11-11,Neil Bibby,258,,,Human,,4.0-web,
uscprev078,expansion_web,SCO,prev,chamber,SCO2025-02-18#t2981w3,2025-02-18,Murdo Fraser,217,,,Human,,4.0-web,
uscprev079,expansion_web,SCO,prev,chamber,SCO2026-06-10#t10005w1,2026-06-10,Liam Kerr,289,,,AI,,4.0-web,
uscprev080,expansion_web,SCO,prev,chamber,SCO2025-11-04#t17809w0,2025-11-04,Jim Fairlie,155,,,Human,,4.0-web,
uscprev081,expansion_web,SCO,prev,chamber,SCO2025-01-28#t1782w0,2025-01-28,Neil Gray,347,,,Human,,4.0-web,
uscprev082,expansion_web,SCO,prev,chamber,SCO2026-06-18#t10809w0,2026-06-18,Ben Macpherson,336,,,Human,,4.0-web,
uscprev083,expansion_web,SCO,prev,chamber,SCO2025-06-17#t11875w0,2025-06-17,Miles Briggs,315,,,Human,,4.0-web,
uscprev084,expansion_web,SCO,prev,chamber,SCO2026-01-06#t111w2,2026-01-06,Paul Sweeney,192,,,Human,,4.0-web,
uscprev085,expansion_web,SCO,prev,chamber,SCO2025-09-25#t15661w0,2025-09-25,Kevin Stewart,125,,,Human,,4.0-web,
uscprev086,expansion_web,SCO,prev,chamber,SCO2025-10-28#t17367w0,2025-10-28,Mairi Gougeon,299,,,Human,,4.0-web,
uscprev087,expansion_web,SCO,prev,chamber,SCO2025-10-08#t16919w0,2025-10-08,Ben Macpherson,289,,,Human,,4.0-web,
uscprev088,expansion_web,SCO,prev,chamber,SCO2025-03-27#t6594w0,2025-03-27,Ross Greer,344,,,Human,,4.0-web,
uscprev089,expansion_web,SCO,prev,chamber,SCO2026-01-06#t92w1,2026-01-06,Liz Smith,313,,,Human,,4.0-web,
uscprev090,expansion_web,SCO,prev,chamber,SCO2026-01-22#t2263w0,2026-01-22,Carol Mochan,349,,,Human,,4.0-web,
uscprev091,expansion_web,SCO,prev,chamber,SCO2025-03-11#t4804w2,2025-03-11,Shirley-Anne Somerville,339,,,Human,,4.0-web,
uscprev092,expansion_web,SCO,prev,chamber,SCO2026-02-04#t2929w0,2026-02-04,Daniel Johnson,297,,,Human,,4.0-web,
uscprev093,expansion_web,SCO,prev,chamber,SCO2025-04-01#t6697w0,2025-04-01,Michelle Thomson,319,,,Human,,4.0-web,
uscprev094,expansion_web,SCO,prev,chamber,SCO2026-03-05#t5874w0,2026-03-05,Stephen Kerr,185,,,Human,,4.0-web,
uscprev095,expansion_web,SCO,prev,chamber,SCO2025-09-25#t15739w0,2025-09-25,Douglas Lumsden,161,,,Human,,4.0-web,
uscprev096,expansion_web,SCO,prev,chamber,SCO2026-02-05#t3292w0,2026-02-05,Monica Lennon,137,,,Human,,4.0-web,
uscprev097,expansion_web,SCO,prev,chamber,SCO2025-02-20#t3324w0,2025-02-20,Ross Greer,311,,,Human,,4.0-web,
uscprev098,expansion_web,SCO,prev,chamber,SCO2026-03-11#t6554w1,2026-03-11,Liam McArthur,327,,,Human,,4.0-web,
uscprev099,expansion_web,SCO,prev,chamber,SCO2026-03-11#t6452w0,2026-03-11,Bob Doris,319,,,Human,,4.0-web,
uscprev100,expansion_web,SCO,prev,chamber,SCO2026-05-27#t8920w1,2026-05-27,Michael Marra,160,,,Human,,4.0-web,
uscprev101,expansion_web,SCO,prev,chamber,SCO2026-01-07#t320w0,2026-01-07,Lorna Slater,334,,,Human,,4.0-web,
uscprev102,expansion_web,SCO,prev,chamber,SCO2025-06-12#t11718w0,2025-06-12,Kate Forbes,248,,,Human,,4.0-web,
uscprev103,expansion_web,SCO,prev,chamber,SCO2025-05-22#t9922w0,2025-05-22,Sandesh Gulhane,161,,,Human,,4.0-web,
uscprev104,expansion_web,SCO,prev,chamber,SCO2025-05-20#t9566w0,2025-05-20,Ivan McKee,121,,,Human,,4.0-web,
uscprev105,expansion_web,SCO,prev,chamber,SCO2026-03-19#t7901w1,2026-03-19,Kevin Stewart,130,,,Human,,4.0-web,
uscprev106,expansion_web,SCO,prev,chamber,SCO2025-01-21#t1188w2,2025-01-21,Angus Robertson,335,,,Human,,4.0-web,
uscprev107,expansion_web,SCO,prev,chamber,SCO2025-10-30#t17546w0,2025-10-30,Alexander Burnett,120,,,Human,,4.0-web,
uscprev108,expansion_web,SCO,prev,chamber,SCO2026-01-21#t1607w1,2026-01-21,Stephen Kerr,310,,,AI,,4.0-web,
uscprev109,expansion_web,SCO,prev,chamber,SCO2025-05-15#t9464w0,2025-05-15,Angus Robertson,195,,,Human,,4.0-web,
uscprev110,expansion_web,SCO,prev,chamber,SCO2026-01-28#t2027w0,2026-01-28,Douglas Ross,194,,,Human,,4.0-web,
uscprev111,expansion_web,SCO,prev,chamber,SCO2026-03-12#t7161w0,2026-03-12,Jeremy Balfour,280,,,Human,,4.0-web,
uscprev112,expansion_web,SCO,prev,chamber,SCO2025-09-02#t13398w0,2025-09-02,Rachael Hamilton,279,,,Human,,4.0-web,
uscprev113,expansion_web,SCO,prev,chamber,SCO2026-02-24#t4833w0,2026-02-24,Alex Cole-Hamilton,309,,,Human,,4.0-web,
uscprev114,expansion_web,SCO,prev,chamber,SCO2025-09-04#t13795w1,2025-09-04,Maree Todd,261,,,Human,,4.0-web,
uscprev115,expansion_web,SCO,prev,chamber,SCO2025-06-26#t13245w2,2025-06-26,Patrick Harvie,345,,,Human,,4.0-web,
uscprev116,expansion_web,SCO,prev,chamber,SCO2026-01-14#t874w1,2026-01-14,Roz McCall,190,,,Human,,4.0-web,
uscprev117,expansion_web,SCO,prev,chamber,SCO2025-11-05#t18097w1,2025-11-05,Sandesh Gulhane,226,,,Mixed,,4.0-web,
uscprev118,expansion_web,SCO,prev,chamber,SCO2025-05-06#t8478w1,2025-05-06,Gillian Mackay,313,,,Human,,4.0-web,
uscprev119,expansion_web,SCO,prev,chamber,SCO2025-09-17#t14782w0,2025-09-17,Maggie Chapman,126,,,Human,,4.0-web,
ushctl000,expansion_web,US-HOUSE,ctl,chamber,US2012-12-13-H6799#t0w2,2012-12-13,Mr. WOODALL,335,,,Human,,4.0-web,
ushctl001,expansion_web,US-HOUSE,ctl,chamber,US2009-03-11-H3297#t17w0,2009-03-11,Ms. JACKSON-LEE of Texas,357,,,Human,,4.0-web,
ushctl002,expansion_web,US-HOUSE,ctl,chamber,US2020-11-19-H5950-3#t49w0,2020-11-19,Ms. JACKSON-LEE,356,,,Human,,4.0-web,
ushctl003,expansion_web,US-HOUSE,ctl,chamber,US2006-09-29-H7959-4#t50w0,2006-09-29,Mr. SHUSTER,333,,,Human,,4.0-web,
ushctl004,expansion_web,US-HOUSE,ctl,chamber,US2020-06-30-H2694-3#t136w1,2020-06-30,Mr. DeFAZIO,312,,,Human,,4.0-web,
ushctl005,expansion_web,US-HOUSE,ctl,chamber,US2018-07-11-H6052-6#t0w0,2018-07-11,Mr. LaMALFA,274,,,Human,,4.0-web,
ushctl006,expansion_web,US-HOUSE,ctl,chamber,US2015-06-17-H4435-4#t0w2,2015-06-17,Mr. GUTIERREZ,245,,,Human,,4.0-web,
ushctl007,expansion_web,US-HOUSE,ctl,chamber,US2018-05-18-H4236-2#t0w14,2018-05-18,Mr. KING of Iowa,315,,,Human,,4.0-web,
ushctl008,expansion_web,US-HOUSE,ctl,chamber,US2013-07-24-H5002#t20w1,2013-07-24,Mr. NADLER,147,,,Human,,4.0-web,
ushctl009,expansion_web,US-HOUSE,ctl,chamber,US2021-05-13-H2276-4#t3w2,2021-05-13,Mr. McHENRY,330,,,Human,,4.0-web,
ushctl010,expansion_web,US-HOUSE,ctl,chamber,US2009-01-14-H317#t0w8,2009-01-14,Mr. KING of Iowa,350,,,Human,,4.0-web,
ushctl011,expansion_web,US-HOUSE,ctl,chamber,US2007-05-22-H5612#t0w6,2007-05-22,Mr. ROHRABACHER,356,,,Human,,4.0-web,
ushctl012,expansion_web,US-HOUSE,ctl,chamber,US2009-03-23-H3739#t8w0,2009-03-23,Mr. GINGREY of Georgia,273,,,Human,,4.0-web,
ushctl013,expansion_web,US-HOUSE,ctl,chamber,US2012-07-25-H5225-2#t58w1,2012-07-25,Mr. ISSA,301,,,Human,,4.0-web,
ushctl014,expansion_web,US-HOUSE,ctl,chamber,US2012-07-24-H5188#t4w0,2012-07-24,Mr. GARAMENDI,349,,,Human,,4.0-web,
ushctl015,expansion_web,US-HOUSE,ctl,chamber,US2006-05-10-H2466#t26w2,2006-05-10,Mr. KLINE,335,,,Human,,4.0-web,
ushctl016,expansion_web,US-HOUSE,ctl,chamber,US2007-05-22-H5612#t0w26,2007-05-22,Mr. ROHRABACHER,344,,,Human,,4.0-web,
ushctl017,expansion_web,US-HOUSE,ctl,chamber,US2015-01-09-H184-5#t1w2,2015-01-09,Mr. REICHERT,216,,,Human,,4.0-web,
ushctl018,expansion_web,US-HOUSE,ctl,chamber,US2017-07-26-H6335#t66w59,2017-07-26,Mr. YOUNG of Iowa,299,,,Human,,4.0-web,
ushctl019,expansion_web,US-HOUSE,ctl,chamber,US2015-11-04-H7686#t33w0,2015-11-04,Mr. LUCAS,281,,,Human,,4.0-web,
ushctl020,expansion_web,US-HOUSE,ctl,chamber,US2019-04-09-H3179-2#t39w0,2019-04-09,Mr. LATTA,254,,,Human,,4.0-web,
ushctl021,expansion_web,US-HOUSE,ctl,chamber,US2020-07-22-H3671#t8w0,2020-07-22,Mr. SCOTT of Virginia,158,,,Human,,4.0-web,
ushctl022,expansion_web,US-HOUSE,ctl,chamber,US2021-11-18-H6375-4#t117w0,2021-11-18,Mr. BEYER,206,,,Human,,4.0-web,
ushctl023,expansion_web,US-HOUSE,ctl,chamber,US2021-10-22-H5798-2#t18w2,2021-10-22,Ms. UNDERWOOD,335,,,Human,,4.0-web,
ushctl024,expansion_web,US-HOUSE,ctl,chamber,US2014-06-19-H5514#t2w0,2014-06-19,Mr. COTTON,317,,,Human,,4.0-web,
ushctl025,expansion_web,US-HOUSE,ctl,chamber,US2009-07-16-H8191-3#t2w0,2009-07-16,Mr. FLAKE,338,,,Human,,4.0-web,
ushctl026,expansion_web,US-HOUSE,ctl,chamber,US2008-04-24-H2663-6#t0w2,2008-04-24,Mr. OBERSTAR,339,,,Human,,4.0-web,
ushctl027,expansion_web,US-HOUSE,ctl,chamber,US2010-04-29-H3029-3#t0w0,2010-04-29,Mr. RAHALL,304,,,Human,,4.0-web,
ushctl028,expansion_web,US-HOUSE,ctl,chamber,US2010-07-29-H6446#t5w1,2010-07-29,Ms. JACKSON LEE of Texas,316,,,Human,,4.0-web,
ushctl029,expansion_web,US-HOUSE,ctl,chamber,US2019-10-17-H8209#t28w0,2019-10-17,Ms. WATERS,327,,,Human,,4.0-web,
ushctl030,expansion_web,US-HOUSE,ctl,chamber,US2019-06-24-H5047-2#t25w0,2019-06-24,Ms. JACKSON LEE,326,,,Human,,4.0-web,
ushctl031,expansion_web,US-HOUSE,ctl,chamber,US2017-06-12-H4845#t6w1,2017-06-12,Mr. SOTO,204,,,Human,,4.0-web,
ushctl032,expansion_web,US-HOUSE,ctl,chamber,US2008-05-06-H3056-8#t0w0,2008-05-06,Mr. MORAN of Virginia,174,,,Human,,4.0-web,
ushctl033,expansion_web,US-HOUSE,ctl,chamber,US2020-07-23-H3715-4#t133w0,2020-07-23,Ms. TLAIB,129,,,Human,,4.0-web,
ushctl034,expansion_web,US-HOUSE,ctl,chamber,US2019-04-02-H2956-2#t4w0,2019-04-02,Mr. WALDEN,359,,,Human,,4.0-web,
ushctl035,expansion_web,US-HOUSE,ctl,chamber,US2020-11-17-H5827#t8w0,2020-11-17,Ms. SCHAKOWSKY,262,,,Human,,4.0-web,
ushctl036,expansion_web,US-HOUSE,ctl,chamber,US2020-12-04-H6819-2#t1w14,2020-12-04,Ms. JACKSON LEE,174,,,Human,,4.0-web,
ushctl037,expansion_web,US-HOUSE,ctl,chamber,US2021-04-20-H1961-2#t1w0,2021-04-20,Mr. CARTER of Georgia,167,,,Human,,4.0-web,
ushctl038,expansion_web,US-HOUSE,ctl,chamber,US2018-11-29-H9714#t3w0,2018-11-29,Mrs. CAROLYN B. MALONEY of New York,256,,,Human,,4.0-web,
ushctl039,expansion_web,US-HOUSE,ctl,chamber,US2019-03-08-H2609-4#t5w1,2019-03-08,Mr. FLORES,140,,,Human,,4.0-web,
ushctl040,expansion_web,US-HOUSE,ctl,chamber,US2010-03-09-H1195#t5w0,2010-03-09,Mr. SARBANES,302,,,Human,,4.0-web,
ushctl041,expansion_web,US-HOUSE,ctl,chamber,US2012-06-21-H3918-5#t21w0,2012-06-21,Mr. MARKEY,346,,,Human,,4.0-web,
ushctl042,expansion_web,US-HOUSE,ctl,chamber,US2015-07-22-H5386#t11w0,2015-07-22,Mr. HENSARLING,234,,,Human,,4.0-web,
ushctl043,expansion_web,US-HOUSE,ctl,chamber,US2012-01-18-H54-3#t3w1,2012-01-18,Mr. LEVIN,337,,,Human,,4.0-web,
ushctl044,expansion_web,US-HOUSE,ctl,chamber,US2019-09-20-H7840-5#t53w0,2019-09-20,Mr. NADLER,339,,,Human,,4.0-web,
ushctl045,expansion_web,US-HOUSE,ctl,chamber,US2007-05-02-H4315#t13w1,2007-05-02,Mr. DREIER,349,,,Human,,4.0-web,
ushctl046,expansion_web,US-HOUSE,ctl,chamber,US2015-03-18-H1731-4#t0w0,2015-03-18,Mr. GUINTA,196,,,Human,,4.0-web,
ushctl047,expansion_web,US-HOUSE,ctl,chamber,US2014-05-29-H4968-2#t5w0,2014-05-29,Mr. MORAN,307,,,Human,,4.0-web,
ushctl048,expansion_web,US-HOUSE,ctl,chamber,US2018-03-07-H1458#t32w1,2018-03-07,Ms. CASTOR of Florida,331,,,Human,,4.0-web,
ushctl049,expansion_web,US-HOUSE,ctl,chamber,US2008-04-23-H2599-3#t45w1,2008-04-23,Mr. MANZULLO,185,,,Human,,4.0-web,
ushctl050,expansion_web,US-HOUSE,ctl,chamber,US2018-01-19-H574-6#t0w17,2018-01-19,Mr. KING of Iowa,339,,,Human,,4.0-web,
ushctl051,expansion_web,US-HOUSE,ctl,chamber,US2018-11-29-H9697-2#t0w0,2018-11-29,Mr. FITZPATRICK,235,,,Human,,4.0-web,
ushctl052,expansion_web,US-HOUSE,ctl,chamber,US2015-07-29-H5604#t0w0,2015-07-29,Mr. CURBELO of Florida,302,,,Human,,4.0-web,
ushctl053,expansion_web,US-HOUSE,ctl,chamber,US2016-12-06-H7264#t9w1,2016-12-06,Mr. SMITH of Texas,357,,,Human,,4.0-web,
ushctl054,expansion_web,US-HOUSE,ctl,chamber,US2019-05-09-H3510#t4w1,2019-05-09,Mr. BURGESS,338,,,Human,,4.0-web,
ushctl055,expansion_web,US-HOUSE,ctl,chamber,US2018-04-10-H3085-2#t0w0,2018-04-10,Mr. WILLIAMS,154,,,Human,,4.0-web,
ushctl056,expansion_web,US-HOUSE,ctl,chamber,US2008-05-15-H3905-3#t157w53,2008-05-15,Mr. OBEY,317,,,Human,,4.0-web,
ushctl057,expansion_web,US-HOUSE,ctl,chamber,US2022-02-28-H1166#t7w0,2022-02-28,Mr. BIGGS,325,,,Human,,4.0-web,
ushctl058,expansion_web,US-HOUSE,ctl,chamber,US2012-06-27-H4135-4#t84w0,2012-06-27,Mr. GARRETT,316,,,Human,,4.0-web,
ushctl059,expansion_web,US-HOUSE,ctl,chamber,US2006-12-05-H8706-2#t0w0,2006-12-05,Mr. UDALL of New Mexico,342,,,Human,,4.0-web,
ushprev000,expansion_web,US-HOUSE,prev,chamber,US2025-01-15-H157#t0w0,2025-01-15,Mr. LARSON of Connecticut,318,,,Human,,4.0-web,
ushprev001,expansion_web,US-HOUSE,prev,chamber,US2026-01-20-H942-7#t4w0,2026-01-20,Mr. HORSFORD,355,,,Mixed,,4.0-web,
ushprev002,expansion_web,US-HOUSE,prev,chamber,US2025-03-24-H1202#t3w0,2025-03-24,Ms. STEVENS,308,,,Human,,4.0-web,
ushprev003,expansion_web,US-HOUSE,prev,chamber,US2026-04-21-H3023#t2w0,2026-04-21,Mrs. HARSHBARGER,230,,,Human,,4.0-web,
ushprev004,expansion_web,US-HOUSE,prev,chamber,US2025-02-06-H520-3#t52w0,2025-02-06,Mr. MURPHY,319,,,Human,,4.0-web,
ushprev005,expansion_web,US-HOUSE,prev,chamber,US2025-06-25-H2937#t2w1,2025-06-25,Ms. WASSERMAN SCHULTZ,330,,,Human,,4.0-web,
ushprev006,expansion_web,US-HOUSE,prev,chamber,US2026-02-09-H2090#t8w1,2026-02-09,Mr. DOWNING,145,,,Human,,4.0-web,
ushprev007,expansion_web,US-HOUSE,prev,chamber,US2025-09-10-H4176-6#t194w18,2025-09-10,Mr. ROGERS of Alabama,358,,,AI,,4.0-web,
ushprev008,expansion_web,US-HOUSE,prev,chamber,US2025-02-10-H603#t9w0,2025-02-10,Mr. HILL of Arkansas,198,,,Human,,4.0-web,
ushprev009,expansion_web,US-HOUSE,prev,chamber,US2026-07-21-H4707#t33w2,2026-07-21,Mr. HILL of Arkansas,175,,,Human,,4.0-web,
ushprev010,expansion_web,US-HOUSE,prev,chamber,US2025-09-09-H3915#t45w148,2025-09-09,Mr. ROGERS of Alabama,308,,,AI,,4.0-web,
ushprev011,expansion_web,US-HOUSE,prev,chamber,US2025-09-19-H4482-2#t1w2,2025-09-19,Mr. KILEY of California,293,,,Human,,4.0-web,
ushprev012,expansion_web,US-HOUSE,prev,chamber,US2026-07-22-H5127-2#t25w0,2026-07-22,Mr. CARTER of Georgia,199,,,AI,,4.0-web,
ushprev013,expansion_web,US-HOUSE,prev,chamber,US2025-04-01-H1389-6#t53w1,2025-04-01,Mr. GRIFFITH,327,,,AI,,4.0-web,
ushprev014,expansion_web,US-HOUSE,prev,chamber,US2025-01-16-H206-2#t3w0,2025-01-16,Mr. LaMALFA,348,,,Human,,4.0-web,
ushprev015,expansion_web,US-HOUSE,prev,chamber,US2025-02-25-H773#t2w0,2025-02-25,Mr. CARTER of Georgia,197,,,Human,,4.0-web,
ushprev016,expansion_web,US-HOUSE,prev,chamber,US2025-05-19-H2115#t3w0,2025-05-19,Mr. SUBRAMANYAM,220,,,Human,,4.0-web,
ushprev017,expansion_web,US-HOUSE,prev,chamber,US2026-03-27-H2793-6#t27w0,2026-03-27,Mr. MEUSER,308,,,Human,,4.0-web,
ushprev018,expansion_web,US-HOUSE,prev,chamber,US2026-01-22-H1297#t14w0,2026-01-22,Ms. GILLEN,200,,,Human,,4.0-web,
ushprev019,expansion_web,US-HOUSE,prev,chamber,US2025-09-03-H3767-2#t0w0,2025-09-03,Mr. BAUMGARTNER,202,,,Human,,4.0-web,
ushprev020,expansion_web,US-HOUSE,prev,chamber,US2025-03-11-H1129-4#t0w0,2025-03-11,Ms. OMAR,138,,,Human,,4.0-web,
ushprev021,expansion_web,US-HOUSE,prev,chamber,US2025-12-17-H5956-3#t90w0,2025-12-17,Mr. TAKANO,178,,,Human,,4.0-web,
ushprev022,expansion_web,US-HOUSE,prev,chamber,US2026-02-04-H2016-6#t8w0,2026-02-04,Mr. TONKO,285,,,Human,,4.0-web,
ushprev023,expansion_web,US-HOUSE,prev,chamber,US2025-09-10-H4231-4#t4w0,2025-09-10,Mr. TORRES of New York,182,,,AI,,4.0-web,
ushprev024,expansion_web,US-HOUSE,prev,chamber,US2026-04-29-H3169#t41w2,2026-04-29,Ms. CRAIG,265,,,Human,,4.0-web,
ushprev025,expansion_web,US-HOUSE,prev,chamber,US2026-06-11-H4102-2#t0w0,2026-06-11,Ms. MEJIA,162,,,Human,,4.0-web,
ushprev026,expansion_web,US-HOUSE,prev,chamber,US2025-07-22-H3546-5#t0w0,2025-07-22,Mr. WIED,296,,,AI,,4.0-web,
ushprev027,expansion_web,US-HOUSE,prev,chamber,US2026-07-15-H4480#t87w0,2026-07-15,Ms. LOIS FRANKEL of Florida,132,,,Human,,4.0-web,
ushprev028,expansion_web,US-HOUSE,prev,chamber,US2025-07-23-H3628#t7w0,2025-07-23,Ms. TLAIB,354,,,Human,,4.0-web,
ushprev029,expansion_web,US-HOUSE,prev,chamber,US2025-12-15-H5893#t10w0,2025-12-15,Ms. BONAMICI,129,,,Human,,4.0-web,
ushprev030,expansion_web,US-HOUSE,prev,chamber,US2026-01-08-H142-3#t0w0,2026-01-08,Mr. ESPAILLAT,342,,,Human,,4.0-web,
ushprev031,expansion_web,US-HOUSE,prev,chamber,US2025-12-16-H5903-2#t0w0,2025-12-16,Mr. HOYER,322,,,Human,,4.0-web,
ushprev032,expansion_web,US-HOUSE,prev,chamber,US2025-09-09-H3915#t45w484,2025-09-09,Mr. ROGERS of Alabama,283,,,Human,,4.0-web,
ushprev033,expansion_web,US-HOUSE,prev,chamber,US2026-01-22-H1185-2#t49w16,2026-01-22,Ms. LOFGREN,310,,,Human,,4.0-web,
ushprev034,expansion_web,US-HOUSE,prev,chamber,US2026-05-13-H3439-2#t3w3,2026-05-13,Mr. MEEKS,359,,,Human,,4.0-web,
ushprev035,expansion_web,US-HOUSE,prev,chamber,US2025-06-24-H2915-3#t14w0,2025-06-24,Mr. McGUIRE,206,,,Human,,4.0-web,
ushprev036,expansion_web,US-HOUSE,prev,chamber,US2026-04-29-H3169#t43w187,2026-04-29,Mr. THOMPSON of Pennsylvania,352,,,Human,,4.0-web,
ushprev037,expansion_web,US-HOUSE,prev,chamber,US2025-12-16-H5936-6#t0w0,2025-12-16,Mrs. FEDORCHAK,180,,,Human,,4.0-web,
ushprev038,expansion_web,US-HOUSE,prev,chamber,US2025-07-02-H3059#t92w0,2025-07-02,Ms. SALINAS,163,,,Human,,4.0-web,
ushprev039,expansion_web,US-HOUSE,prev,chamber,US2026-07-14-H4438#t5w1,2026-07-14,Mr. HILL of Arkansas,151,,,Human,,4.0-web,
ushprev040,expansion_web,US-HOUSE,prev,chamber,US2026-07-14-H4422-2#t0w0,2026-07-14,Mr. VINDMAN,152,,,Human,,4.0-web,
ushprev041,expansion_web,US-HOUSE,prev,chamber,US2026-04-29-H3147-3#t51w0,2026-04-29,Mr. BOYLE of Pennsylvania,346,,,Human,,4.0-web,
ushprev042,expansion_web,US-HOUSE,prev,chamber,US2025-09-03-H3791#t13w0,2025-09-03,Mr. WESTERMAN,269,,,Human,,4.0-web,
ushprev043,expansion_web,US-HOUSE,prev,chamber,US2025-01-23-H307#t0w0,2025-01-23,Mr. THOMPSON of Pennsylvania,280,,,Human,,4.0-web,
ushprev044,expansion_web,US-HOUSE,prev,chamber,US2025-07-15-H3306#t18w6,2025-07-15,Mr. ROY,313,,,Human,,4.0-web,
ushprev045,expansion_web,US-HOUSE,prev,chamber,US2025-11-12-H4595-3#t29w0,2025-11-12,Mr. ROY,348,,,Human,,4.0-web,
ushprev046,expansion_web,US-HOUSE,prev,chamber,US2025-07-17-H3434#t110w0,2025-07-17,Mr. TIFFANY,218,,,Human,,4.0-web,
ushprev047,expansion_web,US-HOUSE,prev,chamber,US2025-09-03-H3787#t3w1,2025-09-03,Mr. NEGUSE,213,,,Human,,4.0-web,
ushprev048,expansion_web,US-HOUSE,prev,chamber,US2025-03-26-H1284-7#t5w0,2025-03-26,Mr. GOLDMAN of Texas,241,,,Mixed,,4.0-web,
ushprev049,expansion_web,US-HOUSE,prev,chamber,US2025-06-03-H2404-3#t0w0,2025-06-03,Mr. THOMPSON of Pennsylvania,184,,,Human,,4.0-web,
ushprev050,expansion_web,US-HOUSE,prev,chamber,US2026-04-29-H3147-3#t19w0,2026-04-29,Mr. McDOWELL,346,,,Human,,4.0-web,
ushprev051,expansion_web,US-HOUSE,prev,chamber,US2025-01-15-H160-6#t33w0,2025-01-15,Mr. SMITH of Nebraska,322,,,Human,,4.0-web,
ushprev052,expansion_web,US-HOUSE,prev,chamber,US2026-01-22-H1299#t38w1,2026-01-22,Ms. DeLAURO,296,,,Human,,4.0-web,
ushprev053,expansion_web,US-HOUSE,prev,chamber,US2025-04-01-H1384-3#t0w1,2025-04-01,Mr. NORMAN,213,,,Mixed,,4.0-web,
ushprev054,expansion_web,US-HOUSE,prev,chamber,US2026-01-22-H1185-2#t49w344,2026-01-22,Ms. LOFGREN,345,,,Human,,4.0-web,
ushprev055,expansion_web,US-HOUSE,prev,chamber,US2026-06-04-H3879#t4w1,2026-06-04,Mr. HILL of Arkansas,294,,,Human,,4.0-web,
ushprev056,expansion_web,US-HOUSE,prev,chamber,US2026-06-03-H3823-2#t9w1,2026-06-03,Mr. SELF,193,,,Human,,4.0-web,
ushprev057,expansion_web,US-HOUSE,prev,chamber,US2025-09-16-H4332#t0w2,2025-09-16,Mr. CASAR,346,,,Human,,4.0-web,
ushprev058,expansion_web,US-HOUSE,prev,chamber,US2026-04-23-H3071-7#t0w0,2026-04-23,Mr. BALDERSON,157,,,Human,,4.0-web,
ushprev059,expansion_web,US-HOUSE,prev,chamber,US2025-06-06-H2522#t1w2,2025-06-06,Mr. KILEY of California,351,,,Human,,4.0-web,
ushprev060,expansion_web,US-HOUSE,prev,chamber,US2025-09-04-H3847#t0w0,2025-09-04,Mr. KILEY of California,258,,,Human,,4.0-web,
ushprev061,expansion_web,US-HOUSE,prev,chamber,US2025-06-26-H2996-5#t0w0,2025-06-26,Ms. ROSS,155,,,Human,,4.0-web,
ushprev062,expansion_web,US-HOUSE,prev,chamber,US2026-01-07-H105-3#t1w0,2026-01-07,Mr. BAUMGARTNER,270,,,Human,,4.0-web,
ushprev063,expansion_web,US-HOUSE,prev,chamber,US2026-04-29-H3169#t43w216,2026-04-29,Mr. THOMPSON of Pennsylvania,302,,,Human,,4.0-web,
ushprev064,expansion_web,US-HOUSE,prev,chamber,US2026-02-23-H2248#t25w0,2026-02-23,Mr. CARSON,304,,,Human,,4.0-web,
ushprev065,expansion_web,US-HOUSE,prev,chamber,US2026-02-11-H2121-6#t37w0,2026-02-11,Mrs. BIGGS of South Carolina,193,,,AI,,4.0-web,
ushprev066,expansion_web,US-HOUSE,prev,chamber,US2025-03-27-H1307-2#t12w1,2025-03-27,Ms. CASTOR of Florida,355,,,Mixed,,4.0-web,
ushprev067,expansion_web,US-HOUSE,prev,chamber,US2025-06-05-H2474-2#t1w0,2025-06-05,Mr. KENNEDY of New York,357,,,Human,,4.0-web,
ushprev068,expansion_web,US-HOUSE,prev,chamber,US2025-02-25-H791-3#t112w0,2025-02-25,Ms. PRESSLEY,229,,,Human,,4.0-web,
ushprev069,expansion_web,US-HOUSE,prev,chamber,US2025-09-08-H3875#t7w0,2025-09-08,Mr. BARRETT,142,,,Human,,4.0-web,
ushprev070,expansion_web,US-HOUSE,prev,chamber,US2026-06-24-H4213#t0w1,2026-06-24,Mr. MILLER of Ohio,189,,,Human,,4.0-web,
ushprev071,expansion_web,US-HOUSE,prev,chamber,US2025-12-18-H6044#t5w1,2025-12-18,Mr. STAUBER,332,,,Human,,4.0-web,
ushprev072,expansion_web,US-HOUSE,prev,chamber,US2025-07-17-H3373-3#t0w0,2025-07-17,Mr. LATIMER,200,,,Human,,4.0-web,
ushprev073,expansion_web,US-HOUSE,prev,chamber,US2025-09-11-H4251-6#t0w0,2025-09-11,Ms. LEE of Nevada,150,,,Human,,4.0-web,
ushprev074,expansion_web,US-HOUSE,prev,chamber,US2025-12-10-H5555-3#t0w1,2025-12-10,Mr. GREEN of Texas,296,,,Human,,4.0-web,
ushprev075,expansion_web,US-HOUSE,prev,chamber,US2026-07-15-H4472-2#t4w0,2026-07-15,Mr. GOTTHEIMER,331,,,Mixed,,4.0-web,
ushprev076,expansion_web,US-HOUSE,prev,chamber,US2026-03-24-H2669-2#t5w11,2026-03-24,Ms. McCLELLAN,232,,,Human,,4.0-web,
ushprev077,expansion_web,US-HOUSE,prev,chamber,US2026-06-29-H4309-4#t8w0,2026-06-29,Mr. CARTER of Georgia,156,,,Human,,4.0-web,
ushprev078,expansion_web,US-HOUSE,prev,chamber,US2026-05-15-H3546-2#t0w0,2026-05-15,Mr. IVEY,192,,,Human,,4.0-web,
ushprev079,expansion_web,US-HOUSE,prev,chamber,US2026-01-12-H637#t14w0,2026-01-12,Mr. MEEKS,318,,,Human,,4.0-web,
ushprev080,expansion_web,US-HOUSE,prev,chamber,US2025-02-25-H781-3#t12w1,2025-02-25,Ms. FOXX,132,,,Human,,4.0-web,
ushprev081,expansion_web,US-HOUSE,prev,chamber,US2026-07-22-H5029-6#t0w2,2026-07-22,Mr. SELF,344,,,Human,,4.0-web,
ushprev082,expansion_web,US-HOUSE,prev,chamber,US2026-04-15-H2902#t5w1,2026-04-15,Mr. PFLUGER,304,,,Mixed,,4.0-web,
ushprev083,expansion_web,US-HOUSE,prev,chamber,US2026-02-04-H1989#t0w0,2026-02-04,Ms. JOHNSON of Texas,342,,,Mixed,,4.0-web,
ushprev084,expansion_web,US-HOUSE,prev,chamber,US2025-01-16-H206-2#t3w18,2025-01-16,Mr. LaMALFA,360,,,Human,,4.0-web,
ushprev085,expansion_web,US-HOUSE,prev,chamber,US2026-05-14-H3480#t19w0,2026-05-14,Mr. RASKIN,349,,,Human,,4.0-web,
ushprev086,expansion_web,US-HOUSE,prev,chamber,US2025-05-08-H1914-3#t15w0,2025-05-08,Mr. WESTERMAN,217,,,Human,,4.0-web,
ushprev087,expansion_web,US-HOUSE,prev,chamber,US2025-04-08-H1470-2#t0w0,2025-04-08,Mr. CISCOMANI,185,,,Human,,4.0-web,
ushprev088,expansion_web,US-HOUSE,prev,chamber,US2025-01-22-H268#t30w1,2025-01-22,Mr. McGOVERN,333,,,Human,,4.0-web,
ushprev089,expansion_web,US-HOUSE,prev,chamber,US2025-09-09-H3915#t45w205,2025-09-09,Mr. ROGERS of Alabama,335,,,Human,,4.0-web,
ushprev090,expansion_web,US-HOUSE,prev,chamber,US2026-03-18-H2589#t8w0,2026-03-18,Mr. HERNANDEZ,335,,,AI,,4.0-web,
ushprev091,expansion_web,US-HOUSE,prev,chamber,US2025-01-23-H312-6#t57w0,2025-01-23,Mr. HUFFMAN,243,,,Human,,4.0-web,
ushprev092,expansion_web,US-HOUSE,prev,chamber,US2025-07-21-H3517#t4w0,2025-07-21,Mr. HILL of Arkansas,283,,,Human,,4.0-web,
ushprev093,expansion_web,US-HOUSE,prev,chamber,US2026-04-21-H3029-5#t6w0,2026-04-21,Mr. TAKANO,350,,,Human,,4.0-web,
ushprev094,expansion_web,US-HOUSE,prev,chamber,US2025-12-10-H5522#t13w0,2025-12-10,Mr. NEGUSE,169,,,Human,,4.0-web,
ushprev095,expansion_web,US-HOUSE,prev,chamber,US2025-02-05-H468-4#t0w0,2025-02-05,Ms. PLASKETT,148,,,Human,,4.0-web,
ushprev096,expansion_web,US-HOUSE,prev,chamber,US2026-03-03-H2366#t9w0,2026-03-03,Ms. PLASKETT,317,,,Human,,4.0-web,
ushprev097,expansion_web,US-HOUSE,prev,chamber,US2025-09-09-H4158#t6w2,2025-09-09,Mr. ROY,257,,,Human,,4.0-web,
ushprev098,expansion_web,US-HOUSE,prev,chamber,US2026-03-25-H2705-2#t0w0,2026-03-25,Mr. LATIMER,196,,,Human,,4.0-web,
ushprev099,expansion_web,US-HOUSE,prev,chamber,US2025-01-14-H121-3#t1w0,2025-01-14,Mr. GARCIA of Illinois,143,,,Human,,4.0-web,
ushprev100,expansion_web,US-HOUSE,prev,chamber,US2026-06-24-H4234#t1w1,2026-06-24,Mrs. RAMIREZ,287,,,Human,,4.0-web,
ushprev101,expansion_web,US-HOUSE,prev,chamber,US2026-02-11-H2121-6#t54w1,2026-02-11,Mr. McGOVERN,220,,,Mixed,,4.0-web,
ushprev102,expansion_web,US-HOUSE,prev,chamber,US2026-01-13-H705#t43w1,2026-01-13,Mr. ROY,340,,,Human,,4.0-web,
ushprev103,expansion_web,US-HOUSE,prev,chamber,US2026-06-29-H4273#t11w3,2026-06-29,Mr. ROSE,350,,,AI,,4.0-web,
ushprev104,expansion_web,US-HOUSE,prev,chamber,US2025-02-25-H781-3#t59w0,2025-02-25,Mrs. HOUCHIN,348,,,Human,,4.0-web,
ushprev105,expansion_web,US-HOUSE,prev,chamber,US2025-03-31-H1359-4#t8w0,2025-03-31,Mrs. CAMMACK,353,,,AI,,4.0-web,
ushprev106,expansion_web,US-HOUSE,prev,chamber,US2026-03-27-H2793-6#t12w3,2026-03-27,Mr. JEFFRIES,341,,,Human,,4.0-web,
ushprev107,expansion_web,US-HOUSE,prev,chamber,US2026-01-22-H1325#t14w0,2026-01-22,Mr. WALBERG,160,,,Human,,4.0-web,
ushprev108,expansion_web,US-HOUSE,prev,chamber,US2025-06-23-H2860#t7w0,2025-06-23,Mrs. DINGELL,338,,,Human,,4.0-web,
ushprev109,expansion_web,US-HOUSE,prev,chamber,US2025-12-15-H5891-4#t3w2,2025-12-15,Ms. McCLELLAN,339,,,Human,,4.0-web,
ushprev110,expansion_web,US-HOUSE,prev,chamber,US2025-07-17-H3434#t57w0,2025-07-17,Mr. FINE,148,,,Human,,4.0-web,
ushprev111,expansion_web,US-HOUSE,prev,chamber,US2025-05-05-H1828#t3w0,2025-05-05,Mr. OLSZEWSKI,344,,,Human,,4.0-web,
ushprev112,expansion_web,US-HOUSE,prev,chamber,US2026-07-23-H5182-6#t3w2,2026-07-23,Ms. CHU,355,,,Human,,4.0-web,
ushprev113,expansion_web,US-HOUSE,prev,chamber,US2025-09-04-H3852#t2w3,2025-09-04,Mr. GREEN of Texas,321,,,Human,,4.0-web,
ushprev114,expansion_web,US-HOUSE,prev,chamber,US2026-01-09-H604-5#t0w0,2026-01-09,Mr. LATIMER,250,,,Human,,4.0-web,
ushprev115,expansion_web,US-HOUSE,prev,chamber,US2026-07-21-H4736#t47w347,2026-07-21,Mr. ROGERS of Alabama,332,,,Human,,4.0-web,
ushprev116,expansion_web,US-HOUSE,prev,chamber,US2025-09-10-H4176-6#t130w0,2025-09-10,Mr. McCORMICK,189,,,Human,,4.0-web,
ushprev117,expansion_web,US-HOUSE,prev,chamber,US2026-07-15-H4534#t3w3,2026-07-15,Mr. MOORE of Utah,357,,,Human,,4.0-web,
ushprev118,expansion_web,US-HOUSE,prev,chamber,US2026-02-25-H2309-4#t6w1,2026-02-25,Mr. CLINE,293,,,Human,,4.0-web,
ushprev119,expansion_web,US-HOUSE,prev,chamber,US2025-03-05-H986#t4w2,2025-03-05,Mr. PALLONE,159,,,Human,,4.0-web,
ussctl000,expansion_web,US-SENATE,ctl,chamber,US2013-03-14-S1855#t6w2,2013-03-14,Mr. GRASSLEY,351,,,Human,,4.0-web,
ussctl001,expansion_web,US-SENATE,ctl,chamber,US2022-03-23-S1732-3#t8w1,2022-03-23,Ms. STABENOW,200,,,Human,,4.0-web,
ussctl002,expansion_web,US-SENATE,ctl,chamber,US2009-12-09-S12745-2#t70w0,2009-12-09,Mr. BAUCUS,270,,,Human,,4.0-web,
ussctl003,expansion_web,US-SENATE,ctl,chamber,US2010-12-17-S10452#t37w0,2010-12-17,Mr. GRAHAM,326,,,Human,,4.0-web,
ussctl004,expansion_web,US-SENATE,ctl,chamber,US2009-07-14-S7449-2#t5w1,2009-07-14,Mr. BENNET,246,,,Human,,4.0-web,
ussctl005,expansion_web,US-SENATE,ctl,chamber,US2019-05-22-S3062#t2w1,2019-05-22,Ms. COLLINS,335,,,Human,,4.0-web,
ussctl006,expansion_web,US-SENATE,ctl,chamber,US2007-06-07-S7335#t9w1,2007-06-07,Mr. OBAMA,327,,,Human,,4.0-web,
ussctl007,expansion_web,US-SENATE,ctl,chamber,US2007-11-13-S14275#t0w0,2007-11-13,Mrs. FEINSTEIN,343,,,Human,,4.0-web,
ussctl008,expansion_web,US-SENATE,ctl,chamber,US2013-05-23-S3797-2#t17w2,2013-05-23,Mr. LEE,312,,,Human,,4.0-web,
ussctl009,expansion_web,US-SENATE,ctl,chamber,US2015-04-28-S2443-3#t20w1,2015-04-28,Mrs. SHAHEEN,317,,,Human,,4.0-web,
ussctl010,expansion_web,US-SENATE,ctl,chamber,US2022-03-28-S1806-2#t0w4,2022-03-28,Mr. PORTMAN,346,,,Human,,4.0-web,
ussctl011,expansion_web,US-SENATE,ctl,chamber,US2009-03-26-S3822-2#t0w2,2009-03-26,Mr. ENZI,352,,,Human,,4.0-web,
ussctl012,expansion_web,US-SENATE,ctl,chamber,US2010-12-17-S10452#t20w1,2010-12-17,Mr. McCAIN,324,,,Human,,4.0-web,
ussctl013,expansion_web,US-SENATE,ctl,chamber,US2020-09-17-S5689-3#t0w0,2020-09-17,Ms. CORTEZ MASTO,286,,,Human,,4.0-web,
ussctl014,expansion_web,US-SENATE,ctl,chamber,US2009-04-23-S4604-4#t128w0,2009-04-23,Mr. CONRAD,327,,,Human,,4.0-web,
ussctl015,expansion_web,US-SENATE,ctl,chamber,US2008-07-17-S6920#t0w3,2008-07-17,Mr. THUNE,311,,,Human,,4.0-web,
ussctl016,expansion_web,US-SENATE,ctl,chamber,US2015-05-21-S3216#t0w4,2015-05-21,Ms. AYOTTE,317,,,Human,,4.0-web,
ussctl017,expansion_web,US-SENATE,ctl,chamber,US2018-05-09-S2557-5#t0w1,2018-05-09,Mr. McCONNELL,316,,,Human,,4.0-web,
ussctl018,expansion_web,US-SENATE,ctl,chamber,US2011-11-02-S7070#t0w22,2011-11-02,Mr. LIEBERMAN,337,,,Human,,4.0-web,
ussctl019,expansion_web,US-SENATE,ctl,chamber,US2018-09-18-S6259-5#t1w3,2018-09-18,Mr. ALEXANDER,303,,,Human,,4.0-web,
ussctl020,expansion_web,US-SENATE,ctl,chamber,US2008-10-01-S10208-2#t5w0,2008-10-01,Mr. DOMENICI,309,,,Human,,4.0-web,
ussctl021,expansion_web,US-SENATE,ctl,chamber,US2021-03-18-S1632#t0w0,2021-03-18,Mrs. MURRAY,342,,,Human,,4.0-web,
ussctl022,expansion_web,US-SENATE,ctl,chamber,US2007-06-22-S8280#t0w6,2007-06-22,Mr. SESSIONS,145,,,Human,,4.0-web,
ussctl023,expansion_web,US-SENATE,ctl,chamber,US2018-10-05-S6679#t14w0,2018-10-05,Mr. GRASSLEY,331,,,Human,,4.0-web,
ussctl024,expansion_web,US-SENATE,ctl,chamber,US2019-10-15-S5788-2#t0w0,2019-10-15,Ms. ROSEN,300,,,Human,,4.0-web,
ussctl025,expansion_web,US-SENATE,ctl,chamber,US2008-06-24-S5983-2#t7w3,2008-06-24,Mrs. BOXER,299,,,Human,,4.0-web,
ussctl026,expansion_web,US-SENATE,ctl,chamber,US2009-01-06-S44#t22w0,2009-01-06,Mr. INOUYE,357,,,Human,,4.0-web,
ussctl027,expansion_web,US-SENATE,ctl,chamber,US2019-12-04-S6845#t1w1,2019-12-04,Ms. STABENOW,275,,,Human,,4.0-web,
ussctl028,expansion_web,US-SENATE,ctl,chamber,US2019-06-26-S4562#t0w2,2019-06-26,Mr. CARDIN,292,,,Human,,4.0-web,
ussctl029,expansion_web,US-SENATE,ctl,chamber,US2019-02-13-S1323-2#t0w0,2019-02-13,Mr. INHOFE,354,,,Human,,4.0-web,
ussctl030,expansion_web,US-SENATE,ctl,chamber,US2022-02-16-S738#t0w2,2022-02-16,Mr. BARRASSO,359,,,Human,,4.0-web,
ussctl031,expansion_web,US-SENATE,ctl,chamber,US2010-12-17-S10514-4#t2w0,2010-12-17,Mr. DODD,295,,,Human,,4.0-web,
ussctl032,expansion_web,US-SENATE,ctl,chamber,US2006-01-25-S117-4#t0w1,2006-01-25,Mr. INOUYE,312,,,Human,,4.0-web,
ussctl033,expansion_web,US-SENATE,ctl,chamber,US2006-07-20-S7949-6#t20w3,2006-07-20,Mr. McCONNELL,344,,,Human,,4.0-web,
ussctl034,expansion_web,US-SENATE,ctl,chamber,US2018-01-10-S116#t0w5,2018-01-10,Mr. CORNYN,199,,,Human,,4.0-web,
ussctl035,expansion_web,US-SENATE,ctl,chamber,US2012-07-24-S5305#t1w3,2012-07-24,Mr. CARDIN,360,,,Human,,4.0-web,
ussctl036,expansion_web,US-SENATE,ctl,chamber,US2014-01-16-S441-2#t0w3,2014-01-16,Mr. McCAIN,359,,,Human,,4.0-web,
ussctl037,expansion_web,US-SENATE,ctl,chamber,US2018-08-23-S5876#t47w3,2018-08-23,Mr. MERKLEY,172,,,Human,,4.0-web,
ussctl038,expansion_web,US-SENATE,ctl,chamber,US2022-04-26-S2145-2#t0w2,2022-04-26,Mr. MERKLEY,308,,,Human,,4.0-web,
ussctl039,expansion_web,US-SENATE,ctl,chamber,US2007-10-17-S12990#t5w2,2007-10-17,Ms. COLLINS,340,,,Human,,4.0-web,
ussctl040,expansion_web,US-SENATE,ctl,chamber,US2008-07-17-S6939#t1w3,2008-07-17,Mr. INHOFE,356,,,Human,,4.0-web,
ussctl041,expansion_web,US-SENATE,ctl,chamber,US2017-11-06-S7030-4#t0w2,2017-11-06,Mr. DURBIN,165,,,Human,,4.0-web,
ussctl042,expansion_web,US-SENATE,ctl,chamber,US2018-05-16-S2687-7#t0w1,2018-05-16,Mr. TILLIS,287,,,Human,,4.0-web,
ussctl043,expansion_web,US-SENATE,ctl,chamber,US2011-03-17-S1814#t0w0,2011-03-17,Mr. BROWN of Ohio,340,,,Human,,4.0-web,
ussctl044,expansion_web,US-SENATE,ctl,chamber,US2019-01-24-S549-2#t14w2,2019-01-24,Mr. CRUZ,129,,,Human,,4.0-web,
ussctl045,expansion_web,US-SENATE,ctl,chamber,US2008-09-11-S8361#t29w0,2008-09-11,Mr. COBURN,247,,,Human,,4.0-web,
ussctl046,expansion_web,US-SENATE,ctl,chamber,US2018-03-19-S1780-3#t0w4,2018-03-19,Mr. PORTMAN,310,,,Human,,4.0-web,
ussctl047,expansion_web,US-SENATE,ctl,chamber,US2010-12-16-S10315#t48w6,2010-12-16,Mr. LUGAR,296,,,Human,,4.0-web,
ussctl048,expansion_web,US-SENATE,ctl,chamber,US2006-02-17-S1459-2#t0w0,2006-02-17,Mr. REID,236,,,Human,,4.0-web,
ussctl049,expansion_web,US-SENATE,ctl,chamber,US2011-05-03-S2601-2#t0w1,2011-05-03,Mr. CARPER,179,,,Human,,4.0-web,
ussctl050,expansion_web,US-SENATE,ctl,chamber,US2021-04-14-S1912-3#t0w3,2021-04-14,Mr. CARPER,350,,,Human,,4.0-web,
ussctl051,expansion_web,US-SENATE,ctl,chamber,US2010-08-05-S6886#t12w0,2010-08-05,Mrs. GILLIBRAND,332,,,Human,,4.0-web,
ussctl052,expansion_web,US-SENATE,ctl,chamber,US2022-04-06-S2021#t0w4,2022-04-06,Mr. LEE,280,,,Human,,4.0-web,
ussctl053,expansion_web,US-SENATE,ctl,chamber,US2022-02-07-S542#t0w0,2022-02-07,Mr. MENENDEZ,316,,,Human,,4.0-web,
ussctl054,expansion_web,US-SENATE,ctl,chamber,US2009-01-26-S805-2#t0w0,2009-01-26,Mr. HATCH,322,,,Human,,4.0-web,
ussctl055,expansion_web,US-SENATE,ctl,chamber,US2021-08-03-S5701#t6w4,2021-08-03,Mr. GRASSLEY,348,,,Human,,4.0-web,
ussctl056,expansion_web,US-SENATE,ctl,chamber,US2018-06-19-S4012-5#t2w3,2018-06-19,Mr. SCHUMER,335,,,Human,,4.0-web,
ussctl057,expansion_web,US-SENATE,ctl,chamber,US2009-01-26-S801#t0w5,2009-01-26,Mr. KYL,358,,,Human,,4.0-web,
ussctl058,expansion_web,US-SENATE,ctl,chamber,US2006-08-03-S8674-2#t136w5,2006-08-03,Mr. KERRY,317,,,Human,,4.0-web,
ussctl059,expansion_web,US-SENATE,ctl,chamber,US2016-04-25-S2415-3#t0w0,2016-04-25,Mr. BARRASSO,156,,,Human,,4.0-web,
ussprev000,expansion_web,US-SENATE,prev,chamber,US2025-01-14-S128-2#t0w2,2025-01-14,Mr. SCHUMER,354,,,Human,,4.0-web,
ussprev001,expansion_web,US-SENATE,prev,chamber,US2025-04-28-S2590-2#t0w0,2025-04-28,Mr. SCHUMER,161,,,Human,,4.0-web,
ussprev002,expansion_web,US-SENATE,prev,chamber,US2025-01-23-S313#t1w1,2025-01-23,Mr. REED,307,,,Human,,4.0-web,
ussprev003,expansion_web,US-SENATE,prev,chamber,US2026-05-19-S2355-2#t7w5,2026-05-19,Mr. DURBIN,357,,,Human,,4.0-web,
ussprev004,expansion_web,US-SENATE,prev,chamber,US2026-01-15-S227-7#t17w4,2026-01-15,Mr. BENNET,312,,,Human,,4.0-web,
ussprev005,expansion_web,US-SENATE,prev,chamber,US2026-03-10-S953-2#t1w5,2026-03-10,Mr. KENNEDY,342,,,Human,,4.0-web,
ussprev006,expansion_web,US-SENATE,prev,chamber,US2026-07-28-S4289-2#t0w0,2026-07-28,Mr. WICKER,299,,,Human,,4.0-web,
ussprev007,expansion_web,US-SENATE,prev,chamber,US2025-03-26-S1848-4#t3w4,2025-03-26,Mr. BOOKER,337,,,Human,,4.0-web,
ussprev008,expansion_web,US-SENATE,prev,chamber,US2025-01-17-S237-5#t12w0,2025-01-17,Mr. DURBIN,354,,,Human,,4.0-web,
ussprev009,expansion_web,US-SENATE,prev,chamber,US2025-12-09-S8569#t0w10,2025-12-09,Mr. SULLIVAN,267,,,Mixed,,4.0-web,
ussprev010,expansion_web,US-SENATE,prev,chamber,US2025-01-08-S46-3#t11w4,2025-01-08,Ms. ERNST,356,,,Human,,4.0-web,
ussprev011,expansion_web,US-SENATE,prev,chamber,US2025-12-03-S8455-7#t0w0,2025-12-03,Mr. GRASSLEY,360,,,Human,,4.0-web,
ussprev012,expansion_web,US-SENATE,prev,chamber,US2026-01-26-S279-11#t0w1,2026-01-26,Ms. COLLINS,262,,,Human,,4.0-web,
ussprev013,expansion_web,US-SENATE,prev,chamber,US2025-03-25-S1826#t1w2,2025-03-25,Mr. VAN HOLLEN,340,,,Human,,4.0-web,
ussprev014,expansion_web,US-SENATE,prev,chamber,US2025-07-15-S4351-2#t1w0,2025-07-15,Mr. BARRASSO,135,,,Human,,4.0-web,
ussprev015,expansion_web,US-SENATE,prev,chamber,US2025-12-03-S8468#t0w10,2025-12-03,Mr. SULLIVAN,217,,,Human,,4.0-web,
ussprev016,expansion_web,US-SENATE,prev,chamber,US2025-04-04-S2275-7#t6w6,2025-04-04,Mr. PADILLA,308,,,Human,,4.0-web,
ussprev017,expansion_web,US-SENATE,prev,chamber,US2025-04-02-S2121-3#t19w0,2025-04-02,Mr. BLUMENTHAL,322,,,Human,,4.0-web,
ussprev018,expansion_web,US-SENATE,prev,chamber,US2025-01-23-S330#t0w4,2025-01-23,Mr. SCOTT of South Carolina,307,,,Human,,4.0-web,
ussprev019,expansion_web,US-SENATE,prev,chamber,US2025-06-05-S3243-4#t1w0,2025-06-05,Mr. DURBIN,152,,,Human,,4.0-web,
ussprev020,expansion_web,US-SENATE,prev,chamber,US2025-10-23-S7705-6#t7w3,2025-10-23,Mr. LANKFORD,343,,,Human,,4.0-web,
ussprev021,expansion_web,US-SENATE,prev,chamber,US2026-03-18-S1162#t27w3,2026-03-18,Mrs. SHAHEEN,352,,,Human,,4.0-web,
ussprev022,expansion_web,US-SENATE,prev,chamber,US2025-10-23-S7705-6#t12w3,2025-10-23,Mr. VAN HOLLEN,336,,,Human,,4.0-web,
ussprev023,expansion_web,US-SENATE,prev,chamber,US2025-04-03-S2262-9#t5w1,2025-04-03,Ms. CORTEZ MASTO,122,,,Human,,4.0-web,
ussprev024,expansion_web,US-SENATE,prev,chamber,US2025-12-10-S8633#t0w9,2025-12-10,Mr. MARKEY,319,,,Human,,4.0-web,
ussprev025,expansion_web,US-SENATE,prev,chamber,US2025-03-27-S1879-6#t8w2,2025-03-27,Mr. DURBIN,308,,,Human,,4.0-web,
ussprev026,expansion_web,US-SENATE,prev,chamber,US2025-12-04-S8494-2#t0w0,2025-12-04,Mr. SCHUMER,325,,,Human,,4.0-web,
ussprev027,expansion_web,US-SENATE,prev,chamber,US2025-07-16-S4381-6#t3w2,2025-07-16,Mr. SCHUMER,359,,,Human,,4.0-web,
ussprev028,expansion_web,US-SENATE,prev,chamber,US2025-11-06-S7967#t0w0,2025-11-06,Mr. BARRASSO,208,,,Human,,4.0-web,
ussprev029,expansion_web,US-SENATE,prev,chamber,US2025-07-08-S4250#t2w0,2025-07-08,Mr. CRUZ,334,,,Human,,4.0-web,
ussprev030,expansion_web,US-SENATE,prev,chamber,US2026-07-14-S3932-4#t0w0,2026-07-14,Ms. ERNST,246,,,Human,,4.0-web,
ussprev031,expansion_web,US-SENATE,prev,chamber,US2025-01-29-S489#t0w2,2025-01-29,Mr. BLUMENTHAL,331,,,Human,,4.0-web,
ussprev032,expansion_web,US-SENATE,prev,chamber,US2026-03-17-S1149-2#t0w0,2026-03-17,Mr. LEE,323,,,Human,,4.0-web,
ussprev033,expansion_web,US-SENATE,prev,chamber,US2025-09-04-S6316#t0w0,2025-09-04,Ms. ROSEN,255,,,Mixed,,4.0-web,
ussprev034,expansion_web,US-SENATE,prev,chamber,US2025-05-05-S2747-2#t0w2,2025-05-05,Mr. WHITEHOUSE,162,,,Human,,4.0-web,
ussprev035,expansion_web,US-SENATE,prev,chamber,US2025-07-09-S4273-2#t5w0,2025-07-09,Ms. KLOBUCHAR,344,,,Human,,4.0-web,
ussprev036,expansion_web,US-SENATE,prev,chamber,US2026-07-30-S4368-4#t0w0,2026-07-30,Mr. HUSTED,142,,,Human,,4.0-web,
ussprev037,expansion_web,US-SENATE,prev,chamber,US2026-07-30-S4359#t0w1,2026-07-30,Mr. HICKENLOOPER,345,,,Human,,4.0-web,
ussprev038,expansion_web,US-SENATE,prev,chamber,US2025-06-04-S3211-7#t0w0,2025-06-04,Mr. GRASSLEY,210,,,Human,,4.0-web,
ussprev039,expansion_web,US-SENATE,prev,chamber,US2025-05-21-S3086-3#t4w9,2025-05-21,Mr. SCHIFF,297,,,Human,,4.0-web,
ussprev040,expansion_web,US-SENATE,prev,chamber,US2025-12-16-S8768-4#t3w1,2025-12-16,Mr. SULLIVAN,359,,,Human,,4.0-web,
ussprev041,expansion_web,US-SENATE,prev,chamber,US2025-04-29-S2644-2#t8w10,2025-04-29,Ms. KLOBUCHAR,335,,,Human,,4.0-web,
ussprev042,expansion_web,US-SENATE,prev,chamber,US2025-07-30-S4869-3#t8w2,2025-07-30,Ms. CORTEZ MASTO,228,,,Human,,4.0-web,
ussprev043,expansion_web,US-SENATE,prev,chamber,US2026-04-15-S1790-3#t5w2,2026-04-15,Mr. HEINRICH,302,,,Human,,4.0-web,
ussprev044,expansion_web,US-SENATE,prev,chamber,US2025-05-01-S2730#t0w2,2025-05-01,Mr. WYDEN,337,,,Human,,4.0-web,
ussprev045,expansion_web,US-SENATE,prev,chamber,US2026-03-19-S1314#t38w4,2026-03-19,Mrs. BLACKBURN,214,,,Human,,4.0-web,
ussprev046,expansion_web,US-SENATE,prev,chamber,US2026-05-20-S2398#t12w2,2026-05-20,Mr. JOHNSON,122,,,Human,,4.0-web,
ussprev047,expansion_web,US-SENATE,prev,chamber,US2025-09-17-S6701#t0w2,2025-09-17,Ms. CANTWELL,242,,,Human,,4.0-web,
ussprev048,expansion_web,US-SENATE,prev,chamber,US2026-04-15-S1790-3#t6w41,2026-04-15,Ms. SMITH,354,,,AI,,4.0-web,
ussprev049,expansion_web,US-SENATE,prev,chamber,US2025-03-31-S2034-2#t165w1,2025-03-31,Ms. ROSEN,326,,,Human,,4.0-web,
ussprev050,expansion_web,US-SENATE,prev,chamber,US2026-02-26-S691-9#t0w0,2026-02-26,Mr. THUNE,304,,,Human,,4.0-web,
ussprev051,expansion_web,US-SENATE,prev,chamber,US2025-04-29-S2624#t0w2,2025-04-29,Mr. KING,348,,,Human,,4.0-web,
ussprev052,expansion_web,US-SENATE,prev,chamber,US2025-11-07-S7977#t19w0,2025-11-07,Ms. BLUNT ROCHESTER,318,,,Human,,4.0-web,
ussprev053,expansion_web,US-SENATE,prev,chamber,US2025-10-14-S7107-7#t6w2,2025-10-14,Mr. SCHUMER,318,,,Human,,4.0-web,
ussprev054,expansion_web,US-SENATE,prev,chamber,US2025-01-29-S490#t0w1,2025-01-29,Mr. HEINRICH,314,,,Human,,4.0-web,
ussprev055,expansion_web,US-SENATE,prev,chamber,US2025-05-08-S2827#t0w0,2025-05-08,Ms. HIRONO,346,,,Human,,4.0-web,
ussprev056,expansion_web,US-SENATE,prev,chamber,US2025-09-02-S5556-2#t0w2,2025-09-02,Mr. RISCH,227,,,Human,,4.0-web,
ussprev057,expansion_web,US-SENATE,prev,chamber,US2025-03-10-S1622#t0w1,2025-03-10,Ms. HIRONO,161,,,Human,,4.0-web,
ussprev058,expansion_web,US-SENATE,prev,chamber,US2025-01-23-S313#t1w4,2025-01-23,Mr. REED,323,,,Human,,4.0-web,
ussprev059,expansion_web,US-SENATE,prev,chamber,US2026-02-04-S478#t0w4,2026-02-04,Mr. BLUMENTHAL,285,,,Human,,4.0-web,
ussprev060,expansion_web,US-SENATE,prev,chamber,US2025-09-17-S6685#t0w0,2025-09-17,Mr. SCHMITT,157,,,Human,,4.0-web,
ussprev061,expansion_web,US-SENATE,prev,chamber,US2025-06-17-S3417#t2w0,2025-06-17,Mr. HAGERTY,314,,,Human,,4.0-web,
ussprev062,expansion_web,US-SENATE,prev,chamber,US2026-01-13-S141-6#t1w2,2026-01-13,Mr. THUNE,268,,,Human,,4.0-web,
ussprev063,expansion_web,US-SENATE,prev,chamber,US2026-05-19-S2353#t0w1,2026-05-19,Mr. MURPHY,269,,,Human,,4.0-web,
ussprev064,expansion_web,US-SENATE,prev,chamber,US2025-12-18-S8918#t0w0,2025-12-18,Ms. ERNST,329,,,Mixed,,4.0-web,
ussprev065,expansion_web,US-SENATE,prev,chamber,US2025-03-14-S1759#t2w3,2025-03-14,Mrs. MURRAY,296,,,Human,,4.0-web,
ussprev066,expansion_web,US-SENATE,prev,chamber,US2025-05-14-S2913#t4w0,2025-05-14,Mr. RICKETTS,353,,,Human,,4.0-web,
ussprev067,expansion_web,US-SENATE,prev,chamber,US2026-07-21-S4180-3#t0w0,2026-07-21,Mr. CASSIDY,126,,,Human,,4.0-web,
ussprev068,expansion_web,US-SENATE,prev,chamber,US2025-02-04-S583-2#t4w1,2025-02-04,Mr. PADILLA,322,,,Human,,4.0-web,
ussprev069,expansion_web,US-SENATE,prev,chamber,US2025-12-15-S8707#t0w1,2025-12-15,Mr. PETERS,153,,,Human,,4.0-web,
ussprev070,expansion_web,US-SENATE,prev,chamber,US2026-03-24-S1584-6#t0w9,2026-03-24,Mr. SANDERS,360,,,Human,,4.0-web,
ussprev071,expansion_web,US-SENATE,prev,chamber,US2026-03-17-S1066-5#t27w0,2026-03-17,Mr. HUSTED,339,,,Human,,4.0-web,
ussprev072,expansion_web,US-SENATE,prev,chamber,US2025-07-10-S4304-3#t1w0,2025-07-10,Mr. DURBIN,146,,,Human,,4.0-web,
ussprev073,expansion_web,US-SENATE,prev,chamber,US2025-11-20-S8249-6#t1w5,2025-11-20,Mr. DURBIN,325,,,Human,,4.0-web,
ussprev074,expansion_web,US-SENATE,prev,chamber,US2025-11-05-S7916-2#t6w0,2025-11-05,Mr. DURBIN,356,,,Human,,4.0-web,
ussprev075,expansion_web,US-SENATE,prev,chamber,US2025-11-19-S8241-2#t0w3,2025-11-19,Mr. BARRASSO,321,,,Human,,4.0-web,
ussprev076,expansion_web,US-SENATE,prev,chamber,US2025-01-14-S130-5#t6w0,2025-01-14,Mr. DURBIN,307,,,Human,,4.0-web,
ussprev077,expansion_web,US-SENATE,prev,chamber,US2025-01-24-S356#t0w1,2025-01-24,Mr. MERKLEY,347,,,Human,,4.0-web,
ussprev078,expansion_web,US-SENATE,prev,chamber,US2025-09-11-S6577#t1w0,2025-09-11,Mr. BARRASSO,221,,,Human,,4.0-web,
ussprev079,expansion_web,US-SENATE,prev,chamber,US2025-04-02-S2107-2#t0w1,2025-04-02,Mr. BARRASSO,322,,,Human,,4.0-web,
ussprev080,expansion_web,US-SENATE,prev,chamber,US2026-06-17-S2889-2#t0w2,2026-06-17,Mr. RISCH,273,,,Human,,4.0-web,
ussprev081,expansion_web,US-SENATE,prev,chamber,US2025-10-09-S7052-2#t10w0,2025-10-09,Mr. SCHIFF,339,,,Human,,4.0-web,
ussprev082,expansion_web,US-SENATE,prev,chamber,US2025-01-14-S140-3#t0w0,2025-01-14,Mr. BARRASSO,189,,,Human,,4.0-web,
ussprev083,expansion_web,US-SENATE,prev,chamber,US2026-04-29-S2096-5#t4w2,2026-04-29,Mr. PAUL,166,,,Human,,4.0-web,
ussprev084,expansion_web,US-SENATE,prev,chamber,US2025-04-03-S2262-9#t12w5,2025-04-03,Mr. BENNET,297,,,Human,,4.0-web,
ussprev085,expansion_web,US-SENATE,prev,chamber,US2025-10-27-S7744-2#t6w1,2025-10-27,Mr. DURBIN,351,,,Human,,4.0-web,
ussprev086,expansion_web,US-SENATE,prev,chamber,US2025-10-29-S7805#t9w2,2025-10-29,Mr. THUNE,331,,,Human,,4.0-web,
ussprev087,expansion_web,US-SENATE,prev,chamber,US2025-02-26-S1364-2#t3w1,2025-02-26,Mr. CRAPO,176,,,Human,,4.0-web,
ussprev088,expansion_web,US-SENATE,prev,chamber,US2026-03-19-S1314#t58w5,2026-03-19,Ms. HIRONO,286,,,Human,,4.0-web,
ussprev089,expansion_web,US-SENATE,prev,chamber,US2026-06-17-S2896-2#t0w0,2026-06-17,Mrs. MOODY,330,,,Human,,4.0-web,
ussprev090,expansion_web,US-SENATE,prev,chamber,US2026-04-21-S1847#t0w1,2026-04-21,Mr. BARRASSO,350,,,Human,,4.0-web,
ussprev091,expansion_web,US-SENATE,prev,chamber,US2025-01-24-S356#t4w0,2025-01-24,Mr. KELLY,344,,,Human,,4.0-web,
ussprev092,expansion_web,US-SENATE,prev,chamber,US2025-10-15-S7119-7#t12w3,2025-10-15,Mrs. MURRAY,301,,,Human,,4.0-web,
ussprev093,expansion_web,US-SENATE,prev,chamber,US2026-05-13-S2250-3#t0w0,2026-05-13,Mr. MERKLEY,335,,,Human,,4.0-web,
ussprev094,expansion_web,US-SENATE,prev,chamber,US2025-05-21-S3025-3#t62w0,2025-05-21,Mr. DURBIN,143,,,Human,,4.0-web,
ussprev095,expansion_web,US-SENATE,prev,chamber,US2025-03-31-S2034-2#t235w0,2025-03-31,Mr. BOOKER,344,,,Human,,4.0-web,
ussprev096,expansion_web,US-SENATE,prev,chamber,US2025-03-31-S2034-2#t275w9,2025-03-31,Mr. BOOKER,350,,,Human,,4.0-web,
ussprev097,expansion_web,US-SENATE,prev,chamber,US2026-07-22-S4213-3#t6w1,2026-07-22,Mr. VAN HOLLEN,346,,,Human,,4.0-web,
ussprev098,expansion_web,US-SENATE,prev,chamber,US2026-03-11-S969-8#t18w0,2026-03-11,Mrs. MURRAY,324,,,Human,,4.0-web,
ussprev099,expansion_web,US-SENATE,prev,chamber,US2025-12-10-S8599#t0w0,2025-12-10,Mr. WYDEN,357,,,Human,,4.0-web,
ussprev100,expansion_web,US-SENATE,prev,chamber,US2025-05-21-S3025-3#t11w2,2025-05-21,Mr. SCHATZ,360,,,Human,,4.0-web,
ussprev101,expansion_web,US-SENATE,prev,chamber,US2026-04-29-S2096-5#t2w1,2026-04-29,Mr. PAUL,341,,,Human,,4.0-web,
ussprev102,expansion_web,US-SENATE,prev,chamber,US2025-03-13-S1735-4#t0w3,2025-03-13,Mr. SCHUMER,309,,,Human,,4.0-web,
ussprev103,expansion_web,US-SENATE,prev,chamber,US2025-11-06-S7932#t16w0,2025-11-06,Mr. GALLEGO,340,,,Human,,4.0-web,
ussprev104,expansion_web,US-SENATE,prev,chamber,US2025-10-09-S7041-6#t2w2,2025-10-09,Mr. SCHUMER,296,,,Human,,4.0-web,
ussprev105,expansion_web,US-SENATE,prev,chamber,US2025-09-29-S6825-2#t0w2,2025-09-29,Mr. BARRASSO,131,,,Human,,4.0-web,
ussprev106,expansion_web,US-SENATE,prev,chamber,US2025-02-12-S947#t0w3,2025-02-12,Mr. VAN HOLLEN,344,,,Human,,4.0-web,
ussprev107,expansion_web,US-SENATE,prev,chamber,US2025-03-31-S1961#t54w16,2025-03-31,Mr. BOOKER,306,,,Human,,4.0-web,
ussprev108,expansion_web,US-SENATE,prev,chamber,US2026-03-18-S1162#t32w2,2026-03-18,Mr. KAINE,217,,,Human,,4.0-web,
ussprev109,expansion_web,US-SENATE,prev,chamber,US2025-02-18-S1011-5#t0w4,2025-02-18,Mr. MERKLEY,359,,,Human,,4.0-web,
ussprev110,expansion_web,US-SENATE,prev,chamber,US2025-02-05-S602-2#t0w0,2025-02-05,Mr. THUNE,355,,,Human,,4.0-web,
ussprev111,expansion_web,US-SENATE,prev,chamber,US2025-04-10-S2533-6#t6w1,2025-04-10,Mr. SCHUMER,278,,,Human,,4.0-web,
ussprev112,expansion_web,US-SENATE,prev,chamber,US2025-10-28-S7780-6#t0w0,2025-10-28,Mr. RISCH,300,,,Human,,4.0-web,
ussprev113,expansion_web,US-SENATE,prev,chamber,US2025-03-31-S1961#t57w1,2025-03-31,Mr. MURPHY,337,,,Human,,4.0-web,
ussprev114,expansion_web,US-SENATE,prev,chamber,US2025-06-30-S4079#t0w0,2025-06-30,Mr. KING,166,,,Human,,4.0-web,
ussprev115,expansion_web,US-SENATE,prev,chamber,US2026-03-23-S1531#t0w1,2026-03-23,Mr. PETERS,234,,,Human,,4.0-web,
ussprev116,expansion_web,US-SENATE,prev,chamber,US2025-09-16-S6639#t0w0,2025-09-16,Mr. RISCH,243,,,Human,,4.0-web,
ussprev117,expansion_web,US-SENATE,prev,chamber,US2025-04-29-S2644-2#t8w2,2025-04-29,Ms. KLOBUCHAR,306,,,Human,,4.0-web,
ussprev118,expansion_web,US-SENATE,prev,chamber,US2025-01-16-S198#t14w0,2025-01-16,Mr. TILLIS,346,,,Human,,4.0-web,
ussprev119,expansion_web,US-SENATE,prev,chamber,US2025-03-25-S1810#t0w0,2025-03-25,Mr. THUNE,331,,,Human,,4.0-web,
uwactl000,expansion_web,WAL,ctl,chamber,WAL2018-10-24#t144w0,2018-10-24,John Griffiths,263,,,Human,,4.0-web,
uwactl001,expansion_web,WAL,ctl,chamber,WAL2016-11-23#t196w4,2016-11-23,Nick Ramsay,289,,,Human,,4.0-web,
uwactl002,expansion_web,WAL,ctl,chamber,WAL2017-02-15#t132w1,2017-02-15,Carl Sargeant,120,,,Human,,4.0-web,
uwactl003,expansion_web,WAL,ctl,chamber,WAL2019-06-18#t84w0,2019-06-18,Rebecca Evans,285,,,Human,,4.0-web,
uwactl004,expansion_web,WAL,ctl,chamber,WAL2019-05-01#t115w3,2019-05-01,David Rees,338,,,Human,,4.0-web,
uwactl005,expansion_web,WAL,ctl,chamber,WAL2018-04-24#t37w0,2018-04-24,Carwyn Jones,139,,,Human,,4.0-web,
uwactl006,expansion_web,WAL,ctl,chamber,WAL2015-06-17#t186w1,2015-06-17,Leighton Andrews,207,,,Human,,4.0-web,
uwactl007,expansion_web,WAL,ctl,chamber,WAL2016-11-22#t157w0,2016-11-22,Jeremy Miles,128,,,Human,,4.0-web,
uwactl008,expansion_web,WAL,ctl,chamber,WAL2018-05-15#t16w0,2018-05-15,Carwyn Jones,165,,,Human,,4.0-web,
uwactl009,expansion_web,WAL,ctl,chamber,WAL2017-09-27#t113w2,2017-09-27,Mark Drakeford,354,,,Human,,4.0-web,
uwactl010,expansion_web,WAL,ctl,chamber,WAL2018-06-19#t71w2,2018-06-19,Julie James,142,,,Human,,4.0-web,
uwactl011,expansion_web,WAL,ctl,chamber,WAL2015-03-03#t174w0,2015-03-03,Jocelyn Davies,126,,,Human,,4.0-web,
uwactl012,expansion_web,WAL,ctl,chamber,WAL2017-01-31#t132w1,2017-01-31,Kirsty Williams,126,,,Human,,4.0-web,
uwactl013,expansion_web,WAL,ctl,chamber,WAL2018-01-30#t135w3,2018-01-30,Julie James,234,,,Human,,4.0-web,
uwactl014,expansion_web,WAL,ctl,chamber,WAL2018-02-07#t127w0,2018-02-07,David J. Rowlands,355,,,Human,,4.0-web,
uwactl015,expansion_web,WAL,ctl,chamber,WAL2018-01-16#t113w0,2018-01-16,Vaughan Gething,283,,,Human,,4.0-web,
uwactl016,expansion_web,WAL,ctl,chamber,WAL2016-11-22#t192w1,2016-11-22,Vaughan Gething,295,,,Human,,4.0-web,
uwactl017,expansion_web,WAL,ctl,chamber,WAL2015-03-04#t173w0,2015-03-04,Mark Drakeford,152,,,Human,,4.0-web,
uwactl018,expansion_web,WAL,ctl,chamber,WAL2017-01-25#t127w0,2017-01-25,Vikki Howells,252,,,Human,,4.0-web,
uwactl019,expansion_web,WAL,ctl,chamber,WAL2017-12-06#t234w3,2017-12-06,Vaughan Gething,178,,,Human,,4.0-web,
uwactl020,expansion_web,WAL,ctl,chamber,WAL2019-05-22#t139w0,2019-05-22,Janet Finch-Saunders,176,,,Human,,4.0-web,
uwactl021,expansion_web,WAL,ctl,chamber,WAL2016-12-14#t102w0,2016-12-14,Mark Isherwood,182,,,Human,,4.0-web,
uwactl022,expansion_web,WAL,ctl,chamber,WAL2015-06-23#t99w0,2015-06-23,Jane Hutt,205,,,Human,,4.0-web,
uwactl023,expansion_web,WAL,ctl,chamber,WAL2018-02-14#t140w0,2018-02-14,Neil Hamilton,259,,,Human,,4.0-web,
uwactl024,expansion_web,WAL,ctl,chamber,WAL2015-11-04#t197w1,2015-11-04,Jenny Rathbone,221,,,Human,,4.0-web,
uwactl025,expansion_web,WAL,ctl,chamber,WAL2019-04-30#t93w3,2019-04-30,Vaughan Gething,268,,,Human,,4.0-web,
uwactl026,expansion_web,WAL,ctl,chamber,WAL2018-04-17#t130w0,2018-04-17,Julie Morgan,209,,,Human,,4.0-web,
uwactl027,expansion_web,WAL,ctl,chamber,WAL2019-03-19#t114w0,2019-03-19,Joyce Watson,360,,,Human,,4.0-web,
uwactl028,expansion_web,WAL,ctl,chamber,WAL2015-10-07#t227w4,2015-10-07,Eluned Parrott,328,,,Human,,4.0-web,
uwactl029,expansion_web,WAL,ctl,chamber,WAL2016-01-20#t130w2,2016-01-20,Paul Davies,269,,,Human,,4.0-web,
uwactl030,expansion_web,WAL,ctl,chamber,WAL2017-12-12#t96w0,2017-12-12,Ken Skates,325,,,Human,,4.0-web,
uwactl031,expansion_web,WAL,ctl,chamber,WAL2017-05-09#t173w2,2017-05-09,David Melding,288,,,Human,,4.0-web,
uwactl032,expansion_web,WAL,ctl,chamber,WAL2018-04-17#t124w0,2018-04-17,Huw Irranca-Davies,218,,,Human,,4.0-web,
uwactl033,expansion_web,WAL,ctl,chamber,WAL2017-06-21#t23w0,2017-06-21,Adam Price,188,,,Human,,4.0-web,
uwactl034,expansion_web,WAL,ctl,chamber,WAL2018-04-25#t48w0,2018-04-25,Kirsty Williams,178,,,Human,,4.0-web,
uwactl035,expansion_web,WAL,ctl,chamber,WAL2018-09-19#t3w0,2018-09-19,Angela Burns,242,,,Human,,4.0-web,
uwactl036,expansion_web,WAL,ctl,chamber,WAL2018-01-30#t159w1,2018-01-30,Darren Millar,178,,,Human,,4.0-web,
uwactl037,expansion_web,WAL,ctl,chamber,WAL2016-02-03#t202w1,2016-02-03,Darren Millar,275,,,Human,,4.0-web,
uwactl038,expansion_web,WAL,ctl,chamber,WAL2018-02-27#t136w0,2018-02-27,Caroline Jones,258,,,Human,,4.0-web,
uwactl039,expansion_web,WAL,ctl,chamber,WAL2019-04-02#t99w1,2019-04-02,Julie James,269,,,Human,,4.0-web,
uwactl040,expansion_web,WAL,ctl,chamber,WAL2018-10-09#t89w0,2018-10-09,Vaughan Gething,252,,,Human,,4.0-web,
uwactl041,expansion_web,WAL,ctl,chamber,WAL2019-12-11#t145w1,2019-12-11,David J. Rowlands,323,,,Human,,4.0-web,
uwactl042,expansion_web,WAL,ctl,chamber,WAL2015-09-23#t136w1,2015-09-23,John Griffiths,219,,,Human,,4.0-web,
uwactl043,expansion_web,WAL,ctl,chamber,WAL2018-06-12#t23w0,2018-06-12,Carwyn Jones,295,,,Human,,4.0-web,
uwactl044,expansion_web,WAL,ctl,chamber,WAL2017-09-19#t32w0,2017-09-19,Carwyn Jones,152,,,Human,,4.0-web,
uwactl045,expansion_web,WAL,ctl,chamber,WAL2015-02-11#t242w1,2015-02-11,Darren Millar,241,,,Human,,4.0-web,
uwactl046,expansion_web,WAL,ctl,chamber,WAL2016-02-03#t27w0,2016-02-03,Carl Sargeant,140,,,Human,,4.0-web,
uwactl047,expansion_web,WAL,ctl,chamber,WAL2018-06-05#t146w2,2018-06-05,Julie James,332,,,Human,,4.0-web,
uwactl048,expansion_web,WAL,ctl,chamber,WAL2016-07-13#t160w0,2016-07-13,Julie Morgan,247,,,Human,,4.0-web,
uwactl049,expansion_web,WAL,ctl,chamber,WAL2018-01-30#t174w1,2018-01-30,Neil Hamilton,219,,,Human,,4.0-web,
uwactl050,expansion_web,WAL,ctl,chamber,WAL2015-01-28#t128w1,2015-01-28,Suzy Davies,352,,,Human,,4.0-web,
uwactl051,expansion_web,WAL,ctl,chamber,WAL2017-12-06#t150w2,2017-12-06,David Rees,360,,,Human,,4.0-web,
uwactl052,expansion_web,WAL,ctl,chamber,WAL2016-06-15#t185w2,2016-06-15,Carwyn Jones,305,,,Human,,4.0-web,
uwactl053,expansion_web,WAL,ctl,chamber,WAL2019-06-19#t147w0,2019-06-19,Mark Isherwood,295,,,Human,,4.0-web,
uwactl054,expansion_web,WAL,ctl,chamber,WAL2015-05-06#t243w0,2015-05-06,Mohammad Asghar,345,,,Human,,4.0-web,
uwactl055,expansion_web,WAL,ctl,chamber,WAL2016-02-02#t138w2,2016-02-02,Suzy Davies,314,,,Human,,4.0-web,
uwactl056,expansion_web,WAL,ctl,chamber,WAL2016-06-08#t86w0,2016-06-08,Jane Hutt,124,,,Human,,4.0-web,
uwactl057,expansion_web,WAL,ctl,chamber,WAL2017-03-08#t162w1,2017-03-08,Lee Waters,220,,,Human,,4.0-web,
uwactl058,expansion_web,WAL,ctl,chamber,WAL2017-02-28#t64w0,2017-02-28,Joyce Watson,167,,,Human,,4.0-web,
uwactl059,expansion_web,WAL,ctl,chamber,WAL2016-09-21#t80w0,2016-09-21,Simon Thomas,224,,,Human,,4.0-web,
uwaprev000,expansion_web,WAL,prev,chamber,WAL2025-02-05#t220w2,2025-02-05,Hefin David,306,,,Human,,4.0-web,
uwaprev001,expansion_web,WAL,prev,chamber,WAL2026-03-25#t117w0,2026-03-25,Jane Dodds,171,,,Human,,4.0-web,
uwaprev002,expansion_web,WAL,prev,chamber,WAL2025-01-14#t70w0,2025-01-14,Jane Hutt,335,,,Human,,4.0-web,
uwaprev003,expansion_web,WAL,prev,chamber,WAL2026-06-10#t187w1,2026-06-10,Lynne Neagle,198,,,Human,,4.0-web,
uwaprev004,expansion_web,WAL,prev,chamber,WAL2025-07-15#t145w1,2025-07-15,Huw Irranca-Davies,250,,,Human,,4.0-web,
uwaprev005,expansion_web,WAL,prev,chamber,WAL2025-07-16#t30w0,2025-07-16,Darren Millar,223,,,Human,,4.0-web,
uwaprev006,expansion_web,WAL,prev,chamber,WAL2026-07-14#t26w0,2026-07-14,Dan Thomas,188,,,Human,,4.0-web,
uwaprev007,expansion_web,WAL,prev,chamber,WAL2025-11-19#t109w0,2025-11-19,Jane Hutt,154,,,Human,,4.0-web,
uwaprev008,expansion_web,WAL,prev,chamber,WAL2025-11-19#t218w0,2025-11-19,Laura Anne Jones,293,,,Human,,4.0-web,
uwaprev009,expansion_web,WAL,prev,chamber,WAL2026-07-14#t11w0,2026-07-14,Andrew R.T. Davies,129,,,Human,,4.0-web,
uwaprev010,expansion_web,WAL,prev,chamber,WAL2026-07-14#t44w0,2026-07-14,Rhun ap Iorwerth,149,,,Human,,4.0-web,
uwaprev011,expansion_web,WAL,prev,chamber,WAL2025-03-05#t53w0,2025-03-05,Huw Irranca-Davies,344,,,Human,,4.0-web,
uwaprev012,expansion_web,WAL,prev,chamber,WAL2025-10-15#t107w0,2025-10-15,Luke Fletcher,327,,,Human,,4.0-web,
uwaprev013,expansion_web,WAL,prev,chamber,WAL2025-07-16#t28w0,2025-07-16,Jayne Bryant,223,,,Human,,4.0-web,
uwaprev014,expansion_web,WAL,prev,chamber,WAL2025-07-15#t119w0,2025-07-15,Natasha Asghar,231,,,Human,,4.0-web,
uwaprev015,expansion_web,WAL,prev,chamber,WAL2025-07-01#t95w1,2025-07-01,Jeremy Miles,127,,,Human,,4.0-web,
uwaprev016,expansion_web,WAL,prev,chamber,WAL2026-01-14#t239w0,2026-01-14,Laura Anne Jones,195,,,Mixed,,4.0-web,
uwaprev017,expansion_web,WAL,prev,chamber,WAL2026-07-08#t166w2,2026-07-08,Cristiana Emsley,132,,,AI,,4.0-web,
uwaprev018,expansion_web,WAL,prev,chamber,WAL2026-01-28#t43w0,2026-01-28,Mark Isherwood,189,,,Human,,4.0-web,
uwaprev019,expansion_web,WAL,prev,chamber,WAL2025-10-15#t132w1,2025-10-15,Sam Rowlands,242,,,AI,,4.0-web,
uwaprev020,expansion_web,WAL,prev,chamber,WAL2025-06-11#t36w0,2025-06-11,Janet Finch-Saunders,215,,,Human,,4.0-web,
uwaprev021,expansion_web,WAL,prev,chamber,WAL2026-01-14#t281w3,2026-01-14,Adam Price,180,,,AI,,4.0-web,
uwaprev022,expansion_web,WAL,prev,chamber,WAL2025-05-20#t94w1,2025-05-20,Lynne Neagle,338,,,Human,,4.0-web,
uwaprev023,expansion_web,WAL,prev,chamber,WAL2025-04-30#t55w0,2025-04-30,Jane Hutt,145,,,Human,,4.0-web,
uwaprev024,expansion_web,WAL,prev,chamber,WAL2025-03-11#t39w0,2025-03-11,Jane Dodds,183,,,Human,,4.0-web,
uwaprev025,expansion_web,WAL,prev,chamber,WAL2026-06-17#t185w0,2026-06-17,Peter Fox,174,,,Human,,4.0-web,
uwaprev026,expansion_web,WAL,prev,chamber,WAL2025-05-20#t150w0,2025-05-20,Julie James,246,,,Human,,4.0-web,
uwaprev027,expansion_web,WAL,prev,chamber,WAL2025-01-22#t65w0,2025-01-22,Lynne Neagle,229,,,Human,,4.0-web,
uwaprev028,expansion_web,WAL,prev,chamber,WAL2025-11-12#t88w0,2025-11-12,Vaughan Gething,161,,,Human,,4.0-web,
uwaprev029,expansion_web,WAL,prev,chamber,WAL2025-09-16#t64w0,2025-09-16,Jane Dodds,230,,,Human,,4.0-web,
uwaprev030,expansion_web,WAL,prev,chamber,WAL2026-01-14#t8w0,2026-01-14,Julie James,273,,,Human,,4.0-web,
uwaprev031,expansion_web,WAL,prev,chamber,WAL2025-05-07#t36w0,2025-05-07,Jack Sargeant,340,,,Human,,4.0-web,
uwaprev032,expansion_web,WAL,prev,chamber,WAL2025-05-13#t190w0,2025-05-13,Julie James,281,,,Human,,4.0-web,
uwaprev033,expansion_web,WAL,prev,chamber,WAL2025-02-04#t77w0,2025-02-04,Jane Hutt,147,,,Human,,4.0-web,
uwaprev034,expansion_web,WAL,prev,chamber,WAL2025-01-08#t59w0,2025-01-08,John Griffiths,167,,,Human,,4.0-web,
uwaprev035,expansion_web,WAL,prev,chamber,WAL2025-06-10#t55w0,2025-06-10,Heledd Fychan,139,,,Human,,4.0-web,
uwaprev036,expansion_web,WAL,prev,chamber,WAL2026-03-24#t159w0,2026-03-24,Eluned Morgan,166,,,Human,,4.0-web,
uwaprev037,expansion_web,WAL,prev,chamber,WAL2026-06-16#t125w0,2026-06-16,Dafydd Trystan Davies,155,,,Human,,4.0-web,
uwaprev038,expansion_web,WAL,prev,chamber,WAL2025-09-17#t39w0,2025-09-17,Mark Drakeford,303,,,Human,,4.0-web,
uwaprev039,expansion_web,WAL,prev,chamber,WAL2025-06-04#t11w0,2025-06-04,Peter Fox,248,,,Human,,4.0-web,
uwaprev040,expansion_web,WAL,prev,chamber,WAL2025-09-30#t74w0,2025-09-30,Alun Davies,249,,,Human,,4.0-web,
uwaprev041,expansion_web,WAL,prev,chamber,WAL2025-01-21#t165w1,2025-01-21,Jane Hutt,302,,,Human,,4.0-web,
uwaprev042,expansion_web,WAL,prev,chamber,WAL2026-01-13#t134w0,2026-01-13,Sam Rowlands,180,,,Human,,4.0-web,
uwaprev043,expansion_web,WAL,prev,chamber,WAL2025-11-04#t47w0,2025-11-04,Huw Irranca-Davies,240,,,Human,,4.0-web,
uwaprev044,expansion_web,WAL,prev,chamber,WAL2026-02-24#t154w0,2026-02-24,Vikki Howells,240,,,Human,,4.0-web,
uwaprev045,expansion_web,WAL,prev,chamber,WAL2026-07-14#t46w0,2026-07-14,Joe Martin,121,,,Human,,4.0-web,
uwaprev046,expansion_web,WAL,prev,chamber,WAL2025-02-19#t1w0,2025-02-19,Andrew R.T. Davies,128,,,Human,,4.0-web,
uwaprev047,expansion_web,WAL,prev,chamber,WAL2025-10-22#t108w1,2025-10-22,Joyce Watson,256,,,Human,,4.0-web,
uwaprev048,expansion_web,WAL,prev,chamber,WAL2025-03-18#t121w0,2025-03-18,Dawn Bowden,343,,,Human,,4.0-web,
uwaprev049,expansion_web,WAL,prev,chamber,WAL2026-02-11#t18w0,2026-02-11,Ken Skates,195,,,Human,,4.0-web,
uwaprev050,expansion_web,WAL,prev,chamber,WAL2026-03-11#t44w0,2026-03-11,Mark Drakeford,163,,,Human,,4.0-web,
uwaprev051,expansion_web,WAL,prev,chamber,WAL2026-06-16#t92w0,2026-06-16,Dafydd Trystan Davies,166,,,Mixed,,4.0-web,
uwaprev052,expansion_web,WAL,prev,chamber,WAL2026-01-27#t34w0,2026-01-27,Peter Fox,140,,,Human,,4.0-web,
uwaprev053,expansion_web,WAL,prev,chamber,WAL2026-03-18#t194w0,2026-03-18,Huw Irranca-Davies,296,,,Human,,4.0-web,
uwaprev054,expansion_web,WAL,prev,chamber,WAL2026-02-10#t118w1,2026-02-10,Huw Irranca-Davies,242,,,Human,,4.0-web,
uwaprev055,expansion_web,WAL,prev,chamber,WAL2026-01-21#t7w0,2026-01-21,Janet Finch-Saunders,174,,,Human,,4.0-web,
uwaprev056,expansion_web,WAL,prev,chamber,WAL2025-11-26#t43w0,2025-11-26,Llyr Gruffydd,171,,,Human,,4.0-web,
uwaprev057,expansion_web,WAL,prev,chamber,WAL2026-03-11#t169w0,2026-03-11,Julie Morgan,286,,,Human,,4.0-web,
uwaprev058,expansion_web,WAL,prev,chamber,WAL2025-01-08#t100w0,2025-01-08,Adam Price,160,,,Human,,4.0-web,
uwaprev059,expansion_web,WAL,prev,chamber,WAL2025-02-18#t140w0,2025-02-18,Jane Dodds,284,,,Human,,4.0-web,
uwaprev060,expansion_web,WAL,prev,chamber,WAL2026-02-11#t4w0,2026-02-11,Joel James,129,,,Human,,4.0-web,
uwaprev061,expansion_web,WAL,prev,chamber,WAL2025-10-21#t99w2,2025-10-21,Huw Irranca-Davies,360,,,Human,,4.0-web,
uwaprev062,expansion_web,WAL,prev,chamber,WAL2025-05-20#t97w0,2025-05-20,Jenny Rathbone,196,,,Human,,4.0-web,
uwaprev063,expansion_web,WAL,prev,chamber,WAL2025-05-07#t110w1,2025-05-07,Joyce Watson,353,,,Human,,4.0-web,
uwaprev064,expansion_web,WAL,prev,chamber,WAL2025-11-19#t121w0,2025-11-19,Rebecca Evans,243,,,Human,,4.0-web,
uwaprev065,expansion_web,WAL,prev,chamber,WAL2025-07-09#t98w0,2025-07-09,Hannah Blythyn,268,,,Human,,4.0-web,
uwaprev066,expansion_web,WAL,prev,chamber,WAL2025-01-21#t152w0,2025-01-21,Huw Irranca-Davies,328,,,Human,,4.0-web,
uwaprev067,expansion_web,WAL,prev,chamber,WAL2025-07-16#t27w0,2025-07-16,Joel James,238,,,Human,,4.0-web,
uwaprev068,expansion_web,WAL,prev,chamber,WAL2025-09-16#t153w0,2025-09-16,Ken Skates,335,,,Human,,4.0-web,
uwaprev069,expansion_web,WAL,prev,chamber,WAL2025-02-12#t115w2,2025-02-12,Alun Davies,266,,,Human,,4.0-web,
uwaprev070,expansion_web,WAL,prev,chamber,WAL2026-01-21#t150w0,2026-01-21,Jeremy Miles,278,,,Human,,4.0-web,
uwaprev071,expansion_web,WAL,prev,chamber,WAL2025-01-29#t72w0,2025-01-29,Huw Irranca-Davies,270,,,Human,,4.0-web,
uwaprev072,expansion_web,WAL,prev,chamber,WAL2025-04-29#t48w0,2025-04-29,Hannah Blythyn,129,,,Human,,4.0-web,
uwaprev073,expansion_web,WAL,prev,chamber,WAL2026-01-28#t146w1,2026-01-28,Ken Skates,303,,,AI,,4.0-web,
uwaprev074,expansion_web,WAL,prev,chamber,WAL2025-09-16#t116w1,2025-09-16,Mike Hedges,247,,,Human,,4.0-web,
uwaprev075,expansion_web,WAL,prev,chamber,WAL2025-01-07#t38w0,2025-01-07,Gareth Davies,141,,,Human,,4.0-web,
uwaprev076,expansion_web,WAL,prev,chamber,WAL2025-11-19#t178w0,2025-11-19,John Griffiths,346,,,Human,,4.0-web,
uwaprev077,expansion_web,WAL,prev,chamber,WAL2025-11-18#t2w0,2025-11-18,Eluned Morgan,134,,,Human,,4.0-web,
uwaprev078,expansion_web,WAL,prev,chamber,WAL2025-01-22#t2w0,2025-01-22,Jayne Bryant,328,,,Human,,4.0-web,
uwaprev079,expansion_web,WAL,prev,chamber,WAL2026-06-24#t162w2,2026-06-24,James Evans,311,,,Human,,4.0-web,
uwaprev080,expansion_web,WAL,prev,chamber,WAL2026-03-11#t202w1,2026-03-11,Mark Drakeford,353,,,Human,,4.0-web,
uwaprev081,expansion_web,WAL,prev,chamber,WAL2025-07-08#t224w0,2025-07-08,Janet Finch-Saunders,125,,,Human,,4.0-web,
uwaprev082,expansion_web,WAL,prev,chamber,WAL2026-01-20#t69w0,2026-01-20,Jane Hutt,189,,,Human,,4.0-web,
uwaprev083,expansion_web,WAL,prev,chamber,WAL2025-11-18#t59w0,2025-11-18,Jane Hutt,205,,,Human,,4.0-web,
uwaprev084,expansion_web,WAL,prev,chamber,WAL2025-12-09#t1w0,2025-12-09,Mark Isherwood,192,,,Human,,4.0-web,
uwaprev085,expansion_web,WAL,prev,chamber,WAL2026-01-13#t88w0,2026-01-13,Julie James,337,,,Human,,4.0-web,
uwaprev086,expansion_web,WAL,prev,chamber,WAL2025-03-19#t57w0,2025-03-19,Altaf Hussain,149,,,Human,,4.0-web,
uwaprev087,expansion_web,WAL,prev,chamber,WAL2025-01-28#t80w0,2025-01-28,Laura Anne Jones,176,,,Human,,4.0-web,
uwaprev088,expansion_web,WAL,prev,chamber,WAL2026-07-15#t226w0,2026-07-15,Janet Finch-Saunders,188,,,Mixed,,4.0-web,
uwaprev089,expansion_web,WAL,prev,chamber,WAL2026-06-17#t262w0,2026-06-17,Darren Millar,131,,,Human,,4.0-web,
uwaprev090,expansion_web,WAL,prev,chamber,WAL2026-03-10#t144w0,2026-03-10,James Evans,270,,,Human,,4.0-web,
uwaprev091,expansion_web,WAL,prev,chamber,WAL2025-02-05#t224w0,2025-02-05,Rebecca Evans,277,,,Human,,4.0-web,
uwaprev092,expansion_web,WAL,prev,chamber,WAL2025-10-01#t188w0,2025-10-01,Altaf Hussain,161,,,Human,,4.0-web,
uwaprev093,expansion_web,WAL,prev,chamber,WAL2026-02-24#t71w0,2026-02-24,Jane Dodds,202,,,Mixed,,4.0-web,
uwaprev094,expansion_web,WAL,prev,chamber,WAL2025-11-04#t11w0,2025-11-04,Peter Fox,150,,,Human,,4.0-web,
uwaprev095,expansion_web,WAL,prev,chamber,WAL2025-03-26#t55w0,2025-03-26,Jayne Bryant,269,,,Human,,4.0-web,
uwaprev096,expansion_web,WAL,prev,chamber,WAL2025-03-12#t60w0,2025-03-12,Jane Hutt,316,,,Human,,4.0-web,
uwaprev097,expansion_web,WAL,prev,chamber,WAL2025-07-15#t219w1,2025-07-15,Jane Dodds,187,,,Human,,4.0-web,
uwaprev098,expansion_web,WAL,prev,chamber,WAL2025-01-21#t190w0,2025-01-21,Llyr Gruffydd,285,,,Human,,4.0-web,
uwaprev099,expansion_web,WAL,prev,chamber,WAL2026-03-17#t163w0,2026-03-17,Samuel Kurtz,350,,,Human,,4.0-web,
uwaprev100,expansion_web,WAL,prev,chamber,WAL2025-06-03#t157w0,2025-06-03,Vikki Howells,329,,,Human,,4.0-web,
uwaprev101,expansion_web,WAL,prev,chamber,WAL2025-06-18#t177w0,2025-06-18,Heledd Fychan,304,,,Human,,4.0-web,
uwaprev102,expansion_web,WAL,prev,chamber,WAL2025-07-15#t148w0,2025-07-15,Laura Anne Jones,275,,,Human,,4.0-web,
uwaprev103,expansion_web,WAL,prev,chamber,WAL2026-01-28#t157w1,2026-01-28,Joel James,326,,,Human,,4.0-web,
uwaprev104,expansion_web,WAL,prev,chamber,WAL2025-06-04#t105w1,2025-06-04,Joel James,147,,,Human,,4.0-web,
uwaprev105,expansion_web,WAL,prev,chamber,WAL2025-12-03#t54w0,2025-12-03,Hannah Blythyn,125,,,Human,,4.0-web,
uwaprev106,expansion_web,WAL,prev,chamber,WAL2026-06-10#t51w0,2026-06-10,Sioned Williams,234,,,Human,,4.0-web,
uwaprev107,expansion_web,WAL,prev,chamber,WAL2026-07-14#t153w0,2026-07-14,Jayne Bryant,148,,,Human,,4.0-web,
uwaprev108,expansion_web,WAL,prev,chamber,WAL2025-09-30#t143w0,2025-09-30,Sarah Murphy,321,,,Human,,4.0-web,
uwaprev109,expansion_web,WAL,prev,chamber,WAL2025-01-08#t95w0,2025-01-08,Sam Rowlands,174,,,Human,,4.0-web,
uwaprev110,expansion_web,WAL,prev,chamber,WAL2025-01-21#t172w0,2025-01-21,Darren Millar,214,,,Human,,4.0-web,
uwaprev111,expansion_web,WAL,prev,chamber,WAL2025-05-20#t116w0,2025-05-20,Jack Sargeant,324,,,Human,,4.0-web,
uwaprev112,expansion_web,WAL,prev,chamber,WAL2026-07-01#t37w0,2026-07-01,Adam Price,200,,,Human,,4.0-web,
uwaprev113,expansion_web,WAL,prev,chamber,WAL2025-11-18#t86w0,2025-11-18,Huw Irranca-Davies,320,,,Human,,4.0-web,
uwaprev114,expansion_web,WAL,prev,chamber,WAL2025-11-04#t156w2,2025-11-04,Mike Hedges,178,,,Human,,4.0-web,
uwaprev115,expansion_web,WAL,prev,chamber,WAL2025-03-04#t127w1,2025-03-04,Jane Dodds,282,,,Human,,4.0-web,
uwaprev116,expansion_web,WAL,prev,chamber,WAL2026-01-13#t62w0,2026-01-13,Jane Hutt,219,,,Human,,4.0-web,
uwaprev117,expansion_web,WAL,prev,chamber,WAL2025-11-12#t12w0,2025-11-12,Joel James,152,,,Human,,4.0-web,
uwaprev118,expansion_web,WAL,prev,chamber,WAL2026-01-27#t226w1,2026-01-27,Joel James,338,,,AI,,4.0-web,
uwaprev119,expansion_web,WAL,prev,chamber,WAL2025-12-10#t8w0,2025-12-10,Carolyn Thomas,149,,,Human,,4.0-web,
nb_2019-03-29#t9w3,nb_rescore,NB,C-control-2019,tier4,2019-03-29#t9w3,2019-03-29,,292,,,Human,0.0,4.0,Human
nb_2019-03-29#t9w8,nb_rescore,NB,C-control-2019,tier4,2019-03-29#t9w8,2019-03-29,,328,,,Human,0.0,4.0,Human
nb_2019-05-10#t108w0,nb_rescore,NB,C-control-2019,tier4,2019-05-10#t108w0,2019-05-10,,359,,,Human,0.0,4.0,Human
nb_2019-05-10#t25w0,nb_rescore,NB,C-control-2019,tier4,2019-05-10#t25w0,2019-05-10,Hon. Mr. Gauvin,141,,,Human,0.0,4.0,Human
nb_2019-05-10#t30w0,nb_rescore,NB,A-consensus-ctl,tier4,2019-05-10#t30w0,2019-05-10,Hon. S. Wilson,224,,,Human,0.0,4.0,Human
nb_2019-05-10#t64w0,nb_rescore,NB,A-consensus-ctl,tier4,2019-05-10#t64w0,2019-05-10,Hon. S. Wilson,63,,,Human,0.0,4.0,Human
nb_2019-05-10#t81w0,nb_rescore,NB,C-control-2019,tier4,2019-05-10#t81w0,2019-05-10,Mr. Horsman,178,,,Human,0.0,4.0,Human
nb_2019-05-10#t82w0,nb_rescore,NB,C-control-2019,tier4,2019-05-10#t82w0,2019-05-10,Hon. Mr. Higgs,170,,,Human,0.0,4.0,Human
nb_2019-11-19#t116w0,nb_rescore,NB,C-control-2019,tier4,2019-11-19#t116w0,2019-11-19,,331,,,Human,0.0,4.0,Human
nb_2019-11-19#t116w13,nb_rescore,NB,C-control-2019,tier4,2019-11-19#t116w13,2019-11-19,,281,,,Human,0.0,4.0,Human
nb_2019-11-19#t116w4,nb_rescore,NB,C-control-2019,tier4,2019-11-19#t116w4,2019-11-19,,354,,,Human,0.0,4.0,Human
nb_2019-11-27#t132w0,nb_rescore,NB,A-consensus-ctl,tier4,2019-11-27#t132w0,2019-11-27,Ms. Thériault,140,,,Human,0.0,4.0,Human
nb_2019-11-27#t137w0,nb_rescore,NB,C-control-2019,tier4,2019-11-27#t137w0,2019-11-27,Mr. Coon,147,,,Human,0.0,4.0,Human
nb_2019-11-27#t138w0,nb_rescore,NB,C-control-2019,tier4,2019-11-27#t138w0,2019-11-27,Mr. Austin,172,,,Human,0.0,4.0,Human
nb_2019-11-27#t140w0,nb_rescore,NB,C-control-2019,tier4,2019-11-27#t140w0,2019-11-27,Mr. Harvey,159,,,Human,0.0,4.0,Human
nb_2019-11-27#t145w0,nb_rescore,NB,C-control-2019,tier4,2019-11-27#t145w0,2019-11-27,Mr. Savoie,137,,,Human,0.0,4.0,Human
nb_2019-11-27#t155w0,nb_rescore,NB,C-control-2019,tier4,2019-11-27#t155w0,2019-11-27,Hon. Mr. Holder,208,,,Human,0.0,4.0,Human
nb_2019-11-27#t160w0,nb_rescore,NB,C-control-2019,tier4,2019-11-27#t160w0,2019-11-27,Mr. LePage,132,,,Human,0.0,4.0,Human
nb_2019-11-27#t161w0,nb_rescore,NB,C-control-2019,tier4,2019-11-27#t161w0,2019-11-27,Hon. Mr. Higgs,249,,,Human,0.0,4.0,Human
nb_2019-11-27#t165w0,nb_rescore,NB,C-control-2019,tier4,2019-11-27#t165w0,2019-11-27,Hon. Mr. Holland,182,,,Human,0.0,4.0,Human
nb_2019-11-27#t185w0,nb_rescore,NB,A-consensus-ctl,tier4,2019-11-27#t185w0,2019-11-27,Mr. Austin,108,,,Human,0.0,4.0,Human
nb_2019-11-27#t187w0,nb_rescore,NB,C-control-2019,tier4,2019-11-27#t187w0,2019-11-27,Mr. Crossman,107,,,Human,0.0,4.0,Human
nb_2019-11-27#t198w0,nb_rescore,NB,A-consensus-ctl,tier4,2019-11-27#t198w0,2019-11-27,Mrs. Conroy,124,,,Human,0.0,4.0,Human
nb_2019-11-27#t203w0,nb_rescore,NB,C-control-2019,tier4,2019-11-27#t203w0,2019-11-27,,352,,,Human,0.0,4.0,Human
nb_2019-11-27#t216w1,nb_rescore,NB,A-consensus-ctl,tier4,2019-11-27#t216w1,2019-11-27,,132,,,Human,0.0,4.0,Human
nb_2019-11-27#t217w0,nb_rescore,NB,C-control-2019,tier4,2019-11-27#t217w0,2019-11-27,Mr. McKee,133,,,Human,0.0,4.0,Human
nb_2019-11-27#t221w0,nb_rescore,NB,C-control-2019,tier4,2019-11-27#t221w0,2019-11-27,Mr. Coon,92,,,Human,0.0,4.0,Human
nb_2019-11-27#t222w0,nb_rescore,NB,C-control-2019,tier4,2019-11-27#t222w0,2019-11-27,,304,,,Human,0.0,4.0,Human
nb_2019-11-27#t223w1,nb_rescore,NB,C-control-2019,tier4,2019-11-27#t223w1,2019-11-27,M. D’Amours,189,,,Human,0.0,4.0,Human
nb_2019-11-27#t224w0,nb_rescore,NB,A-consensus-ctl,tier4,2019-11-27#t224w0,2019-11-27,Mr. Speaker,64,,,Human,0.0,4.0,Human
nb_2019-11-27#t230w13,nb_rescore,NB,A-consensus-ctl,tier4,2019-11-27#t230w13,2019-11-27,Mr. Austin,113,,,Human,0.0,4.0,Human
nb_2019-11-27#t230w2,nb_rescore,NB,C-control-2019,tier4,2019-11-27#t230w2,2019-11-27,Mr. Austin,241,,,Human,0.0,4.0,Human
nb_2019-11-27#t230w9,nb_rescore,NB,C-control-2019,tier4,2019-11-27#t230w9,2019-11-27,Mr. Austin,349,,,Human,0.0,4.0,Human
nb_2019-11-27#t232w4,nb_rescore,NB,C-control-2019,tier4,2019-11-27#t232w4,2019-11-27,Mr. C. Chiasson,347,,,Human,0.0,4.0,Human
nb_2019-11-27#t238w11,nb_rescore,NB,C-control-2019,tier4,2019-11-27#t238w11,2019-11-27,Ms. Mitton,359,,,Human,0.0,4.0,Human
nb_2019-11-27#t238w4,nb_rescore,NB,C-control-2019,tier4,2019-11-27#t238w4,2019-11-27,Ms. Mitton,263,,,Human,0.0,4.0,Human
nb_2019-11-27#t240w0,nb_rescore,NB,C-control-2019,tier4,2019-11-27#t240w0,2019-11-27,Mr. G. Arseneault,77,,,Human,0.0,4.0,Human
nb_2019-11-27#t252w0,nb_rescore,NB,C-control-2019,tier4,2019-11-27#t252w0,2019-11-27,Mr. K. Chiasson,344,,,Human,0.0,4.0,Human
nb_2019-11-27#t252w3,nb_rescore,NB,C-control-2019,tier4,2019-11-27#t252w3,2019-11-27,Mr. K. Chiasson,51,,,Human,0.0,4.0,Human
nb_2019-11-27#t253w3,nb_rescore,NB,C-control-2019,tier4,2019-11-27#t253w3,2019-11-27,Mr. K. Chiasson,309,,,Human,0.0,4.0,Human
nb_2019-11-27#t256w0,nb_rescore,NB,A-consensus-ctl,tier4,2019-11-27#t256w0,2019-11-27,Mr. K. Chiasson,178,,,Human,0.0,4.0,Human
nb_2019-11-27#t257w0,nb_rescore,NB,C-control-2019,tier4,2019-11-27#t257w0,2019-11-27,Mr. K. Chiasson,76,,,Human,0.0,4.0,Human
nb_2019-11-27#t261w4,nb_rescore,NB,C-control-2019,tier4,2019-11-27#t261w4,2019-11-27,Hon. Mr. Cardy,350,,,Human,0.0,4.0,Human
nb_2019-11-27#t261w5,nb_rescore,NB,C-control-2019,tier4,2019-11-27#t261w5,2019-11-27,Hon. Mr. Cardy,324,,,Human,0.0,4.0,Human
nb_2019-11-27#t261w8,nb_rescore,NB,C-control-2019,tier4,2019-11-27#t261w8,2019-11-27,Hon. Mr. Cardy,266,,,Human,0.0,4.0,Human
nb_2019-11-27#t267w8,nb_rescore,NB,C-control-2019,tier4,2019-11-27#t267w8,2019-11-27,Mr. Horsman,349,,,Human,0.0,4.0,Human
nb_2019-12-12#t291w0,nb_rescore,NB,C-control-2019,tier4,2019-12-12#t291w0,2019-12-12,Mr. D. Landry,135,,,Human,0.0,4.0,Human
nb_2019-12-12#t294w0,nb_rescore,NB,C-control-2019,tier4,2019-12-12#t294w0,2019-12-12,Hon. Mrs. Shephard,159,,,Human,0.0,4.0,Human
nb_2019-12-12#t300w0,nb_rescore,NB,C-control-2019,tier4,2019-12-12#t300w0,2019-12-12,Hon. Mrs. Shephard,171,,,Human,0.0,4.0,Human
nb_2019-12-12#t302w0,nb_rescore,NB,C-control-2019,tier4,2019-12-12#t302w0,2019-12-12,Hon. Mrs. Shephard,103,,,Human,0.0,4.0,Human
nb_2019-12-12#t305w0,nb_rescore,NB,C-control-2019,tier4,2019-12-12#t305w0,2019-12-12,Mr. LePage,132,,,Human,0.0,4.0,Human
nb_2019-12-12#t314w0,nb_rescore,NB,C-control-2019,tier4,2019-12-12#t314w0,2019-12-12,Mr. Austin,58,,,Human,0.0,4.0,Human
nb_2019-12-12#t318w0,nb_rescore,NB,C-control-2019,tier4,2019-12-12#t318w0,2019-12-12,Mrs. F. Landry,123,,,Human,0.0,4.0,Human
nb_2019-12-12#t327w0,nb_rescore,NB,C-control-2019,tier4,2019-12-12#t327w0,2019-12-12,Mr. Savoie,168,,,Human,0.0,4.0,Human
nb_2019-12-12#t330w0,nb_rescore,NB,C-control-2019,tier4,2019-12-12#t330w0,2019-12-12,Mr. K. Arseneau,165,,,Human,0.0,4.0,Human
nb_2019-12-12#t348w0,nb_rescore,NB,C-control-2019,tier4,2019-12-12#t348w0,2019-12-12,,299,,,Human,0.0,4.0,Human
nb_2019-12-12#t349w0,nb_rescore,NB,C-control-2019,tier4,2019-12-12#t349w0,2019-12-12,Mr. K. Chiasson,352,,,Human,0.0,4.0,Human
nb_2019-12-12#t354w0,nb_rescore,NB,C-control-2019,tier4,2019-12-12#t354w0,2019-12-12,,305,,,Human,0.0,4.0,Human
nb_2019-12-12#t361w1,nb_rescore,NB,C-control-2019,tier4,2019-12-12#t361w1,2019-12-12,Ms. Mitton,352,,,Human,0.0,4.0,Human
nb_2019-12-12#t362w3,nb_rescore,NB,C-control-2019,tier4,2019-12-12#t362w3,2019-12-12,,358,,,Human,0.0,4.0,Human
nb_2019-12-12#t368w0,nb_rescore,NB,C-control-2019,tier4,2019-12-12#t368w0,2019-12-12,Mr. LePage,107,,,Human,0.0,4.0,Human
nb_2019-12-12#t371w0,nb_rescore,NB,C-control-2019,tier4,2019-12-12#t371w0,2019-12-12,Mr. McKee,239,,,Human,0.0,4.0,Human
nb_2019-12-12#t382w0,nb_rescore,NB,C-control-2019,tier4,2019-12-12#t382w0,2019-12-12,Mr. Austin,135,,,Human,0.0,4.0,Human
nb_2019-12-12#t385w3,nb_rescore,NB,C-control-2019,tier4,2019-12-12#t385w3,2019-12-12,Hon. Mr. Holland,343,,,Human,0.0,4.0,Human
nb_2019-12-12#t385w7,nb_rescore,NB,C-control-2019,tier4,2019-12-12#t385w7,2019-12-12,Hon. Mr. Holland,303,,,Human,0.0,4.0,Human
nb_2019-12-12#t398w0,nb_rescore,NB,C-control-2019,tier4,2019-12-12#t398w0,2019-12-12,Hon. Mr. Carr,235,,,Human,0.0,4.0,Human
nb_2019-12-12#t398w4,nb_rescore,NB,C-control-2019,tier4,2019-12-12#t398w4,2019-12-12,Hon. Mr. Carr,234,,,Human,0.0,4.0,Human
nb_2019-12-12#t400w0,nb_rescore,NB,C-control-2019,tier4,2019-12-12#t400w0,2019-12-12,Hon. Mr. Carr,321,,,Human,0.0,4.0,Human
nb_2019-12-12#t406w1,nb_rescore,NB,C-control-2019,tier4,2019-12-12#t406w1,2019-12-12,Ms. Rogers,328,,,Human,0.0,4.0,Human
nb_2020-03-11#t3747w0,nb_rescore,NB,Y-2020,tier4,2020-03-11#t3747w0,2020-03-11,Mr. Melanson,173,,,Human,0.0,4.0,Human
nb_2020-03-11#t3831w0,nb_rescore,NB,Y-2020,tier4,2020-03-11#t3831w0,2020-03-11,Mr. Coon,355,,,Human,0.0,4.0,Human
nb_2020-03-13#t3906w0,nb_rescore,NB,Y-2020,tier4,2020-03-13#t3906w0,2020-03-13,Mr. Coon,172,,,Human,0.0,4.0,Human
nb_2020-05-27#t4140w0,nb_rescore,NB,Y-2020,tier4,2020-05-27#t4140w0,2020-05-27,Mrs. Conroy,206,,,Human,0.0,4.0,Human
nb_2020-05-27#t4163w0,nb_rescore,NB,Y-2020,tier4,2020-05-27#t4163w0,2020-05-27,Hon. Mr. Higgs,220,,,Human,0.0,4.0,Human
nb_2020-05-27#t4182w0,nb_rescore,NB,Y-2020,tier4,2020-05-27#t4182w0,2020-05-27,Mr. J. LeBlanc,100,,,Human,0.0,4.0,Human
nb_2020-06-09#t4265w0,nb_rescore,NB,Y-2020,tier4,2020-06-09#t4265w0,2020-06-09,Hon. Mrs. Shephard,167,,,Human,0.0,4.0,Human
nb_2020-06-09#t4280w0,nb_rescore,NB,Y-2020,tier4,2020-06-09#t4280w0,2020-06-09,Mr. Bourque,137,,,Human,0.0,4.0,Human
nb_2020-06-10#t4321w0,nb_rescore,NB,Y-2020,tier4,2020-06-10#t4321w0,2020-06-10,Mr. J. LeBlanc,300,,,Human,0.0,4.0,Human
nb_2020-06-10#t4368w0,nb_rescore,NB,Y-2020,tier4,2020-06-10#t4368w0,2020-06-10,Hon. M. Wilson,161,,,Human,0.0,4.0,Human
nb_2020-06-10#t4399w0,nb_rescore,NB,Y-2020,tier4,2020-06-10#t4399w0,2020-06-10,Mr. LePage,118,,,Human,0.0,4.0,Human
nb_2020-06-16#t4540w0,nb_rescore,NB,Y-2020,tier4,2020-06-16#t4540w0,2020-06-16,Mrs. Conroy,167,,,Human,0.0,4.0,Human
nb_2020-06-16#t4575w0,nb_rescore,NB,Y-2020,tier4,2020-06-16#t4575w0,2020-06-16,Mr. Harvey,159,,,Human,0.0,4.0,Human
nb_2020-06-16#t4595w0,nb_rescore,NB,Y-2020,tier4,2020-06-16#t4595w0,2020-06-16,Mr. Austin,344,,,Human,0.0,4.0,Human
nb_2020-06-17#t4655w0,nb_rescore,NB,Y-2020,tier4,2020-06-17#t4655w0,2020-06-17,Hon. Mr. Wetmore,114,,,Human,0.0,4.0,Human
nb_2020-06-17#t4667w0,nb_rescore,NB,Y-2020,tier4,2020-06-17#t4667w0,2020-06-17,Mr. Austin,351,,,Human,0.0,4.0,Human
nb_2020-06-18#t4730w0,nb_rescore,NB,Y-2020,tier4,2020-06-18#t4730w0,2020-06-18,Mr. DeSaulniers,167,,,Human,0.0,4.0,Human
nb_2020-11-18#t108w0,nb_rescore,NB,Y-2020,tier4,2020-11-18#t108w0,2020-11-18,Hon. Mr. Higgs,190,,,Human,0.0,4.0,Human
nb_2020-11-18#t110w0,nb_rescore,NB,Y-2020,tier4,2020-11-18#t110w0,2020-11-18,Hon. Mrs. Shephard,195,,,Human,0.0,4.0,Human
nb_2020-11-18#t83w0,nb_rescore,NB,Y-2020,tier4,2020-11-18#t83w0,2020-11-18,Mr. Melanson,133,,,Human,0.0,4.0,Human
nb_2020-11-20#t243w0,nb_rescore,NB,Y-2020,tier4,2020-11-20#t243w0,2020-11-20,Mr. Melanson,134,,,Human,0.0,4.0,Human
nb_2020-12-08#t354w0,nb_rescore,NB,Y-2020,tier4,2020-12-08#t354w0,2020-12-08,Mr. McKee,125,,,Human,0.0,4.0,Human
nb_2020-12-08#t422w0,nb_rescore,NB,Y-2020,tier4,2020-12-08#t422w0,2020-12-08,Mr. McKee,249,,,Human,0.0,4.0,Human
nb_2020-12-08#t426w5,nb_rescore,NB,Y-2020,tier4,2020-12-08#t426w5,2020-12-08,Mr. Austin,291,,,Human,0.0,4.0,Human
nb_2020-12-09#t453w0,nb_rescore,NB,Y-2020,tier4,2020-12-09#t453w0,2020-12-09,Mr. McKee,208,,,Human,0.0,4.0,Human
nb_2020-12-09#t526w0,nb_rescore,NB,Y-2020,tier4,2020-12-09#t526w0,2020-12-09,Mr. Coon,139,,,Human,0.0,4.0,Human
nb_2020-12-09#t570w8,nb_rescore,NB,Y-2020,tier4,2020-12-09#t570w8,2020-12-09,Mr. Legacy,346,,,Human,0.0,4.0,Human
nb_2020-12-09#t573w2,nb_rescore,NB,Y-2020,tier4,2020-12-09#t573w2,2020-12-09,Mrs. Conroy,331,,,Human,0.0,4.0,Human
nb_2020-12-10#t682w5,nb_rescore,NB,Y-2020,tier4,2020-12-10#t682w5,2020-12-10,Hon. Mr. Cardy,337,,,Human,0.0,4.0,Human
nb_2020-12-11#t713w0,nb_rescore,NB,Y-2020,tier4,2020-12-11#t713w0,2020-12-11,Mr. Melanson,134,,,Human,0.0,4.0,Human
nb_2020-12-11#t726w0,nb_rescore,NB,Y-2020,tier4,2020-12-11#t726w0,2020-12-11,Hon. Mr. Higgs,188,,,Human,0.0,4.0,Human
nb_2020-12-11#t736w0,nb_rescore,NB,Y-2020,tier4,2020-12-11#t736w0,2020-12-11,Mr. Coon,140,,,Human,0.0,4.0,Human
nb_2020-12-11#t754w4,nb_rescore,NB,Y-2020,tier4,2020-12-11#t754w4,2020-12-11,Hon. Mr. Savoie,359,,,Human,0.0,4.0,Human
nb_2020-12-11#t755w13,nb_rescore,NB,Y-2020,tier4,2020-12-11#t755w13,2020-12-11,Hon. Mrs. Shephard,330,,,Human,0.0,4.0,Human
nb_2020-12-15#t779w0,nb_rescore,NB,Y-2020,tier4,2020-12-15#t779w0,2020-12-15,Mrs. Bockus,127,,,Human,0.0,4.0,Human
nb_2020-12-15#t781w0,nb_rescore,NB,Y-2020,tier4,2020-12-15#t781w0,2020-12-15,Mr. K. Arseneau,171,,,Human,0.0,4.0,Human
nb_2020-12-15#t816w0,nb_rescore,NB,Y-2020,tier4,2020-12-15#t816w0,2020-12-15,Hon. Mr. Fitch,157,,,Human,0.0,4.0,Human
nb_2020-12-16#t942w0,nb_rescore,NB,Y-2020,tier4,2020-12-16#t942w0,2020-12-16,Hon. Mr. Steeves,105,,,Human,0.0,4.0,Human
nb_2020-12-17#t1164w3,nb_rescore,NB,Y-2020,tier4,2020-12-17#t1164w3,2020-12-17,Hon. Ms. Green,346,,,Human,0.0,4.0,Human
nb_2020-12-18#t1233w0,nb_rescore,NB,Y-2020,tier4,2020-12-18#t1233w0,2020-12-18,Mr. Melanson,158,,,Human,0.0,4.0,Human
nb_2021-03-17#t1485w0,nb_rescore,NB,Y-2021,tier4,2021-03-17#t1485w0,2021-03-17,Hon. Mr. Higgs,194,,,Human,0.0,4.0,Human
nb_2021-03-19#t1542w0,nb_rescore,NB,Y-2021,tier4,2021-03-19#t1542w0,2021-03-19,Mr. Coon,172,,,Human,0.0,4.0,Human
nb_2021-03-19#t1603w1,nb_rescore,NB,Y-2021,tier4,2021-03-19#t1603w1,2021-03-19,Mr. Coon,247,,,Human,0.0,4.0,Human
nb_2021-03-19#t1613w8,nb_rescore,NB,Y-2021,tier4,2021-03-19#t1613w8,2021-03-19,Hon. Mrs. Shephard,314,,,Human,0.0,4.0,Human
nb_2021-03-24#t1730w0,nb_rescore,NB,Y-2021,tier4,2021-03-24#t1730w0,2021-03-24,Mrs. Harris,207,,,Human,0.0,4.0,Human
nb_2021-03-24#t1811w1,nb_rescore,NB,Y-2021,tier4,2021-03-24#t1811w1,2021-03-24,Mr. McKee,249,,,Human,0.0,4.0,Human
nb_2021-03-25#t1936w0,nb_rescore,NB,Y-2021,tier4,2021-03-25#t1936w0,2021-03-25,Mr. Melanson,161,,,Human,0.0,4.0,Human
nb_2021-05-11#t2031w0,nb_rescore,NB,Y-2021,tier4,2021-05-11#t2031w0,2021-05-11,Hon. Mrs. Shephard,161,,,Human,0.0,4.0,Human
nb_2021-05-11#t2036w0,nb_rescore,NB,Y-2021,tier4,2021-05-11#t2036w0,2021-05-11,Mr. Bourque,114,,,Human,0.0,4.0,Human
nb_2021-05-12#t2226w1,nb_rescore,NB,Y-2021,tier4,2021-05-12#t2226w1,2021-05-12,Mr. McKee,353,,,Human,0.0,4.0,Human
nb_2021-05-14#t2411w0,nb_rescore,NB,Y-2021,tier4,2021-05-14#t2411w0,2021-05-14,Mr. Melanson,127,,,Human,0.0,4.0,Human
nb_2021-05-19#t2618w0,nb_rescore,NB,Y-2021,tier4,2021-05-19#t2618w0,2021-05-19,Mrs. Bockus,117,,,Human,0.0,4.0,Human
nb_2021-05-19#t2675w0,nb_rescore,NB,Y-2021,tier4,2021-05-19#t2675w0,2021-05-19,Mr. G. Arseneault,130,,,Human,0.0,4.0,Human
nb_2021-05-19#t2716w1,nb_rescore,NB,Y-2021,tier4,2021-05-19#t2716w1,2021-05-19,Mr. McKee,311,,,Human,0.0,4.0,Human
nb_2021-05-20#t2768w0,nb_rescore,NB,Y-2021,tier4,2021-05-20#t2768w0,2021-05-20,Mr. Melanson,153,,,Human,0.0,4.0,Human
nb_2021-05-20#t2804w2,nb_rescore,NB,Y-2021,tier4,2021-05-20#t2804w2,2021-05-20,Mr. Bourque,322,,,Human,0.0,4.0,Human
nb_2021-05-21#t2914w0,nb_rescore,NB,Y-2021,tier4,2021-05-21#t2914w0,2021-05-21,Ms. Mitton,154,,,Human,0.0,4.0,Human
nb_2021-06-01#t3017w0,nb_rescore,NB,Y-2021,tier4,2021-06-01#t3017w0,2021-06-01,Hon. Mr. Flemming,166,,,Human,0.0,4.0,Human
nb_2021-06-02#t3064w0,nb_rescore,NB,Y-2021,tier4,2021-06-02#t3064w0,2021-06-02,Mr. Coon,185,,,Human,0.0,4.0,Human
nb_2021-06-02#t3092w0,nb_rescore,NB,Y-2021,tier4,2021-06-02#t3092w0,2021-06-02,Hon. Mr. Flemming,147,,,Human,0.0,4.0,Human
nb_2021-06-03#t3291w0,nb_rescore,NB,Y-2021,tier4,2021-06-03#t3291w0,2021-06-03,Mr. K. Chiasson,354,,,Human,0.0,4.0,Human
nb_2021-06-09#t3467w0,nb_rescore,NB,Y-2021,tier4,2021-06-09#t3467w0,2021-06-09,Mrs. Harris,101,,,Human,0.0,4.0,Human
nb_2021-11-02#t3831w0,nb_rescore,NB,Y-2021,tier4,2021-11-02#t3831w0,2021-11-02,Hon. Mr. Cardy,207,,,Human,0.0,4.0,Human
nb_2021-11-02#t3846w0,nb_rescore,NB,Y-2021,tier4,2021-11-02#t3846w0,2021-11-02,Mrs. Conroy,166,,,Human,0.0,4.0,Human
nb_2021-11-03#t3975w3,nb_rescore,NB,Y-2021,tier4,2021-11-03#t3975w3,2021-11-03,Mr. Austin,335,,,Human,0.0,4.0,Human
nb_2021-11-03#t3988w0,nb_rescore,NB,Y-2021,tier4,2021-11-03#t3988w0,2021-11-03,Mr. McKee,256,,,Human,0.0,4.0,Human
nb_2021-11-04#t4018w0,nb_rescore,NB,Y-2021,tier4,2021-11-04#t4018w0,2021-11-04,Mr. Melanson,160,,,Human,0.0,4.0,Human
nb_2021-11-04#t4031w0,nb_rescore,NB,Y-2021,tier4,2021-11-04#t4031w0,2021-11-04,Hon. Mr. Holland,206,,,Human,0.0,4.0,Human
nb_2021-11-10#t4316w0,nb_rescore,NB,Y-2021,tier4,2021-11-10#t4316w0,2021-11-10,Mr. Coon,129,,,Human,0.0,4.0,Human
nb_2021-11-25#t4708w2,nb_rescore,NB,Y-2021,tier4,2021-11-25#t4708w2,2021-11-25,Mr. Coon,341,,,Human,0.0,4.0,Human
nb_2021-11-30#t4824w0,nb_rescore,NB,Y-2021,tier4,2021-11-30#t4824w0,2021-11-30,Ms. Mitton,165,,,Human,0.0,4.0,Human
nb_2021-12-02#t4983w0,nb_rescore,NB,Y-2021,tier4,2021-12-02#t4983w0,2021-12-02,Mr. K. Arseneau,156,,,Human,0.0,4.0,Human
nb_2021-12-07#t5225w0,nb_rescore,NB,Y-2021,tier4,2021-12-07#t5225w0,2021-12-07,Ms. Mitton,163,,,Human,0.0,4.0,Human
nb_2021-12-07#t5256w1,nb_rescore,NB,Y-2021,tier4,2021-12-07#t5256w1,2021-12-07,Mr. G. Arseneault,273,,,Human,0.0,4.0,Human
nb_2021-12-07#t5279w0,nb_rescore,NB,Y-2021,tier4,2021-12-07#t5279w0,2021-12-07,Mr. C. Chiasson,125,,,Human,0.0,4.0,Human
nb_2021-12-07#t5300w1,nb_rescore,NB,Y-2021,tier4,2021-12-07#t5300w1,2021-12-07,Mr. McKee,305,,,Human,0.0,4.0,Human
nb_2021-12-08#t5392w1,nb_rescore,NB,Y-2021,tier4,2021-12-08#t5392w1,2021-12-08,Mr. G. Arseneault,301,,,Human,0.0,4.0,Human
nb_2021-12-09#t5553w4,nb_rescore,NB,Y-2021,tier4,2021-12-09#t5553w4,2021-12-09,Hon. Mary Wilson,353,,,Human,0.0,4.0,Human
nb_2021-12-10#t5579w0,nb_rescore,NB,Y-2021,tier4,2021-12-10#t5579w0,2021-12-10,Mr. Melanson,149,,,Human,0.0,4.0,Human
nb_2021-12-16#t5851w0,nb_rescore,NB,Y-2021,tier4,2021-12-16#t5851w0,2021-12-16,Hon. Ms. Dunn,349,,,Human,0.0,4.0,Human
nb_2022-03-24#t6068w1,nb_rescore,NB,Y-2022,tier4,2022-03-24#t6068w1,2022-03-24,Mr. McKee,330,,,Human,0.0,4.0,Human
nb_2022-03-25#t6076w0,nb_rescore,NB,Y-2022,tier4,2022-03-25#t6076w0,2022-03-25,Hon. Mrs. Johnson,200,,,Human,0.0,4.0,Human
nb_2022-03-25#t6104w0,nb_rescore,NB,Y-2022,tier4,2022-03-25#t6104w0,2022-03-25,Mr. Melanson,102,,,Human,0.0,4.0,Human
nb_2022-03-25#t6139w1,nb_rescore,NB,Y-2022,tier4,2022-03-25#t6139w1,2022-03-25,Hon. Mrs. Shephard,336,,,Human,0.0,4.0,Human
nb_2022-03-25#t6141w2,nb_rescore,NB,Y-2022,tier4,2022-03-25#t6141w2,2022-03-25,Mr. C. Chiasson,306,,,Human,0.0,4.0,Human
nb_2022-03-30#t6300w0,nb_rescore,NB,Y-2022,tier4,2022-03-30#t6300w0,2022-03-30,Hon. Mr. Higgs,203,,,Human,0.0,4.0,Human
nb_2022-03-30#t6340w1,nb_rescore,NB,Y-2022,tier4,2022-03-30#t6340w1,2022-03-30,Hon. Mr. Flemming,311,,,Human,0.0,4.0,Human
nb_2022-03-30#t6354w0,nb_rescore,NB,Y-2022,tier4,2022-03-30#t6354w0,2022-03-30,Mr. G. Arseneault,353,,,Human,0.0,4.0,Human
nb_2022-03-31#t6409w0,nb_rescore,NB,Y-2022,tier4,2022-03-31#t6409w0,2022-03-31,Mr. Melanson,118,,,Human,0.0,4.0,Human
nb_2022-03-31#t6474w0,nb_rescore,NB,Y-2022,tier4,2022-03-31#t6474w0,2022-03-31,Mr. Coon,235,,,Human,0.0,4.0,Human
nb_2022-05-11#t6640w0,nb_rescore,NB,Y-2022,tier4,2022-05-11#t6640w0,2022-05-11,Hon. Mr. Fitch,193,,,Human,0.0,4.0,Human
nb_2022-05-11#t6662w1,nb_rescore,NB,Y-2022,tier4,2022-05-11#t6662w1,2022-05-11,Ms. Mitton,332,,,Human,0.0,4.0,Human
nb_2022-05-12#t6834w1,nb_rescore,NB,Y-2022,tier4,2022-05-12#t6834w1,2022-05-12,Ms. Mitton,319,,,Human,0.0,4.0,Human
nb_2022-05-12#t6836w0,nb_rescore,NB,Y-2022,tier4,2022-05-12#t6836w0,2022-05-12,Mr. C. Chiasson,354,,,Human,0.0,4.0,Human
nb_2022-05-31#t7297w0,nb_rescore,NB,Y-2022,tier4,2022-05-31#t7297w0,2022-05-31,Mr. G. Arseneault,161,,,Human,0.0,4.0,Human
nb_2022-06-08#t7775w0,nb_rescore,NB,Y-2022,tier4,2022-06-08#t7775w0,2022-06-08,Mr. Melanson,162,,,Human,0.0,4.0,Human
nb_2022-06-08#t7806w0,nb_rescore,NB,Y-2022,tier4,2022-06-08#t7806w0,2022-06-08,Hon. Mr. Cardy,171,,,Human,0.0,4.0,Human
nb_2022-06-08#t7832w0,nb_rescore,NB,Y-2022,tier4,2022-06-08#t7832w0,2022-06-08,Mr. Legacy,318,,,Human,0.0,4.0,Human
nb_2022-06-09#t7899w0,nb_rescore,NB,Y-2022,tier4,2022-06-09#t7899w0,2022-06-09,Hon. Mr. Holland,245,,,Human,0.0,4.0,Human
nb_2022-10-06#t8323w0,nb_rescore,NB,Y-2022,tier4,2022-10-06#t8323w0,2022-10-06,Mr. McKee,286,,,Human,0.0,4.0,Human
nb_2022-10-11#t8433w0,nb_rescore,NB,Y-2022,tier4,2022-10-11#t8433w0,2022-10-11,Mr. Austin,226,,,Human,0.0,4.0,Human
nb_2022-10-26#t8662w0,nb_rescore,NB,Y-2022,tier4,2022-10-26#t8662w0,2022-10-26,Mr. Coon,132,,,Human,0.0,4.0,Human
nb_2022-10-28#t8743w0,nb_rescore,NB,Y-2022,tier4,2022-10-28#t8743w0,2022-10-28,Mr. McKee,317,,,Human,0.0,4.0,Human
nb_2022-11-03#t9118w0,nb_rescore,NB,Y-2022,tier4,2022-11-03#t9118w0,2022-11-03,Hon. Mrs. Johnson,349,,,Human,0.0,4.0,Human
nb_2022-11-15#t9230w5,nb_rescore,NB,Y-2022,tier4,2022-11-15#t9230w5,2022-11-15,Mr. C. Chiasson,284,,,Human,0.0,4.0,Human
nb_2022-11-17#t9413w0,nb_rescore,NB,Y-2022,tier4,2022-11-17#t9413w0,2022-11-17,Ms. Mitton,177,,,Human,0.0,4.0,Human
nb_2022-11-18#t9496w0,nb_rescore,NB,Y-2022,tier4,2022-11-18#t9496w0,2022-11-18,Mr. Coon,143,,,Human,0.0,4.0,Human
nb_2022-11-18#t9576w0,nb_rescore,NB,Y-2022,tier4,2022-11-18#t9576w0,2022-11-18,Mr. McKee,205,,,Human,0.0,4.0,Human
nb_2022-11-24#t9804w3,nb_rescore,NB,Y-2022,tier4,2022-11-24#t9804w3,2022-11-24,Mr. McKee,359,,,Human,0.0,4.0,Human
nb_2022-12-08#t10355w2,nb_rescore,NB,Y-2022,tier4,2022-12-08#t10355w2,2022-12-08,Hon. G. Savoie,322,,,Human,0.0,4.0,Human
nb_2022-12-09#t10406w0,nb_rescore,NB,Y-2022,tier4,2022-12-09#t10406w0,2022-12-09,Hon. Mr. Steeves,189,,,Human,0.0,4.0,Human
nb_2022-12-13#t10523w2,nb_rescore,NB,Y-2022,tier4,2022-12-13#t10523w2,2022-12-13,Mr. Coon,288,,,Human,0.0,4.0,Human
nb_2022-12-14#t10548w0,nb_rescore,NB,Y-2022,tier4,2022-12-14#t10548w0,2022-12-14,Hon. Mr. Fitch,213,,,Human,0.0,4.0,Human
nb_2022-12-14#t10596w0,nb_rescore,NB,Y-2022,tier4,2022-12-14#t10596w0,2022-12-14,Mr. C. Chiasson,332,,,Human,0.0,4.0,Human
nb_2022-12-14#t10601w0,nb_rescore,NB,Y-2022,tier4,2022-12-14#t10601w0,2022-12-14,Ms. Mitton,347,,,Human,0.0,4.0,Human
nb_2022-12-15#t10660w0,nb_rescore,NB,Y-2022,tier4,2022-12-15#t10660w0,2022-12-15,Hon. Mr. Holder,187,,,Human,0.0,4.0,Human
nb_2022-12-15#t10711w2,nb_rescore,NB,Y-2022,tier4,2022-12-15#t10711w2,2022-12-15,Mr. G. Arseneault,340,,,Human,0.0,4.0,Human
nb_2022-12-15#t10711w3,nb_rescore,NB,Y-2022,tier4,2022-12-15#t10711w3,2022-12-15,Mr. G. Arseneault,311,,,Human,0.0,4.0,Human
nb_2022-12-15#t10729w2,nb_rescore,NB,Y-2022,tier4,2022-12-15#t10729w2,2022-12-15,Hon. Mrs. Shephard,261,,,Human,0.0,4.0,Human
nb_2022-12-15#t10729w5,nb_rescore,NB,Y-2022,tier4,2022-12-15#t10729w5,2022-12-15,Hon. Mrs. Shephard,171,,,Human,0.0,4.0,Human
nb_2023-03-22#t10858w0,nb_rescore,NB,Y-2023,tier4,2023-03-22#t10858w0,2023-03-22,Ms. Mitton,180,,,Human,0.0,4.0,Human
nb_2023-03-22#t10904w0,nb_rescore,NB,Y-2023,tier4,2023-03-22#t10904w0,2023-03-22,Hon. Mr. Fitch,160,,,Human,0.0,4.0,Human
nb_2023-03-24#t10987w0,nb_rescore,NB,Y-2023,tier4,2023-03-24#t10987w0,2023-03-24,Hon. Mr. Crossman,178,,,Human,0.0,4.0,Human
nb_2023-03-28#t11074w0,nb_rescore,NB,Y-2023,tier4,2023-03-28#t11074w0,2023-03-28,Ms. Mitton,195,,,Human,0.0,4.0,Human
nb_2023-03-28#t11095w0,nb_rescore,NB,Y-2023,tier4,2023-03-28#t11095w0,2023-03-28,Hon. Ms. Scott-Wallace,120,,,Human,0.0,4.0,Human
nb_2023-03-28#t11139w0,nb_rescore,NB,Y-2023,tier4,2023-03-28#t11139w0,2023-03-28,Mr. Coon,246,,,Human,0.0,4.0,Human
nb_2023-03-29#t11245w9,nb_rescore,NB,Y-2023,tier4,2023-03-29#t11245w9,2023-03-29,Mr. C. Chiasson,321,,,Human,0.0,4.0,Human
nb_2023-03-29#t11251w7,nb_rescore,NB,Y-2023,tier4,2023-03-29#t11251w7,2023-03-29,Ms. Mitton,332,,,Human,0.0,4.0,Human
nb_2023-03-29#t11261w7,nb_rescore,NB,A8-transition-fd,tier4,2023-03-29#t11261w7,2023-03-29,Hon. Mr. Allain,359,,,Human,0.0,4.0,Human
nb_2023-03-29#t11269w0,nb_rescore,NB,A8-transition-fd,tier4,2023-03-29#t11269w0,2023-03-29,Ms. Mary Wilson,298,,,Human,0.0,4.0,Human
nb_2023-03-30#t11319w0,nb_rescore,NB,Y-2023,tier4,2023-03-30#t11319w0,2023-03-30,Hon. Mr. Higgs,218,,,Human,0.0,4.0,Human
nb_2023-03-30#t11384w1,nb_rescore,NB,A8-transition-fd,tier4,2023-03-30#t11384w1,2023-03-30,Mr. K. Chiasson,328,,,Human,0.0,4.0,Human
nb_2023-03-30#t11389w2,nb_rescore,NB,Y-2023,tier4,2023-03-30#t11389w2,2023-03-30,Hon. Mr. Steeves,357,,,Human,0.0,4.0,Human
nb_2023-05-10#t11631w2,nb_rescore,NB,A8-transition-fd,tier4,2023-05-10#t11631w2,2023-05-10,Mr. McKee,326,,,AI,1.0,4.0,AI
nb_2023-05-10#t11631w3,nb_rescore,NB,A8-transition-fd,tier4,2023-05-10#t11631w3,2023-05-10,Mr. McKee,326,,,AI,1.0,4.0,Mixed
nb_2023-05-10#t11631w4,nb_rescore,NB,A8-transition-fd,tier4,2023-05-10#t11631w4,2023-05-10,Mr. McKee,322,,,Human,0.0,4.0,AI
nb_2023-05-10#t11631w5,nb_rescore,NB,A8-transition-fd,tier4,2023-05-10#t11631w5,2023-05-10,Mr. McKee,322,,,Mixed,0.3121878206729889,4.0,AI
nb_2023-05-10#t11631w6,nb_rescore,NB,A8-transition-fd,tier4,2023-05-10#t11631w6,2023-05-10,Mr. McKee,325,,,Human,0.0,4.0,Human
nb_2023-05-10#t11631w7,nb_rescore,NB,A8-transition-fd,tier4,2023-05-10#t11631w7,2023-05-10,Mr. McKee,331,,,Human,0.0,4.0,Human
nb_2023-05-11#t11695w0,nb_rescore,NB,Y-2023,tier4,2023-05-11#t11695w0,2023-05-11,Ms. Mitton,150,,,Human,0.0,4.0,Human
nb_2023-05-11#t11745w0,nb_rescore,NB,A8-transition-fd,tier4,2023-05-11#t11745w0,2023-05-11,Mr. McKee,282,,,AI,1.0,4.0,AI
nb_2023-05-11#t11774w0,nb_rescore,NB,A8-transition-fd,tier4,2023-05-11#t11774w0,2023-05-11,Mr. McKee,358,,,AI,1.0,4.0,AI
nb_2023-05-11#t11774w2,nb_rescore,NB,Y-2023,tier4,2023-05-11#t11774w2,2023-05-11,Mr. McKee,296,,,Human,0.0,4.0,Human
nb_2023-05-18#t12153w10,nb_rescore,NB,Y-2023,tier4,2023-05-18#t12153w10,2023-05-18,Mr. Bourque,273,,,Human,0.0,4.0,Human
nb_2023-05-18#t12159w5,nb_rescore,NB,Y-2023,tier4,2023-05-18#t12159w5,2023-05-18,Hon. Ms. Green,294,,,Human,0.0,4.0,Human
nb_2023-05-18#t12172w1,nb_rescore,NB,Y-2023,tier4,2023-05-18#t12172w1,2023-05-18,Mr. Bourque,257,,,Human,0.0,4.0,Human
nb_2023-05-19#t12248w0,nb_rescore,NB,Y-2023,tier4,2023-05-19#t12248w0,2023-05-19,Ms. Holt,186,,,Human,0.0,4.0,Human
nb_2023-06-06#t12314w0,nb_rescore,NB,Y-2023,tier4,2023-06-06#t12314w0,2023-06-06,Ms. Mitton,171,,,Human,0.0,4.0,Human
nb_2023-06-06#t12356w0,nb_rescore,NB,Y-2023,tier4,2023-06-06#t12356w0,2023-06-06,Mr. Legacy,215,,,Human,0.0,4.0,Human
nb_2023-06-07#t12381w0,nb_rescore,NB,Y-2023,tier4,2023-06-07#t12381w0,2023-06-07,Mr. McKee,169,,,Human,0.0,4.0,Human
nb_2023-06-08#t12483w0,nb_rescore,NB,Y-2023,tier4,2023-06-08#t12483w0,2023-06-08,Mr. McKee,182,,,AI,1.0,4.0,AI
nb_2023-06-08#t12536w5,nb_rescore,NB,Y-2023,tier4,2023-06-08#t12536w5,2023-06-08,Mr. Coon,306,,,Human,0.0,4.0,Human
nb_2023-06-09#t12568w0,nb_rescore,NB,Y-2023,tier4,2023-06-09#t12568w0,2023-06-09,Hon. Mr. Hogan,133,,,Human,0.0,4.0,Human
nb_2023-06-09#t12644w0,nb_rescore,NB,Y-2023,tier4,2023-06-09#t12644w0,2023-06-09,Mrs. Anderson-Mason,263,,,Human,0.0,4.0,Human
nb_2023-06-09#t12644w5,nb_rescore,NB,A8-transition-fd,tier4,2023-06-09#t12644w5,2023-06-09,Mrs. Anderson-Mason,308,,,Human,0.0,4.0,Human
nb_2023-06-13#t12656w0,nb_rescore,NB,A7-speech-llr,tier4,2023-06-13#t12656w0,2023-06-13,Mr. Bourque,150,,,Human,0.0,4.0,Human
nb_2023-06-13#t12670w0,nb_rescore,NB,Y-2023,tier4,2023-06-13#t12670w0,2023-06-13,Mr. Ames,132,,,Human,0.0,4.0,Human
nb_2023-10-20#t13251w9,nb_rescore,NB,Y-2023,tier4,2023-10-20#t13251w9,2023-10-20,Hon. Mr. Austin,234,,,Human,0.0,4.0,Human
nb_2023-10-24#t13285w0,nb_rescore,NB,Y-2023,tier4,2023-10-24#t13285w0,2023-10-24,Hon. Mr. Steeves,114,,,Human,0.0,4.0,Human
nb_2023-10-24#t13296w0,nb_rescore,NB,Y-2023,tier4,2023-10-24#t13296w0,2023-10-24,Hon. Mr. Fitch,147,,,Human,0.0,4.0,Human
nb_2023-10-25#t13366w0,nb_rescore,NB,Y-2023,tier4,2023-10-25#t13366w0,2023-10-25,Hon. Mr. Higgs,210,,,Human,0.0,4.0,Human
nb_2023-10-25#t13426w0,nb_rescore,NB,Y-2023,tier4,2023-10-25#t13426w0,2023-10-25,Ms. Mitton,329,,,Human,0.0,4.0,Human
nb_2023-10-25#t13459w0,nb_rescore,NB,Y-2023,tier4,2023-10-25#t13459w0,2023-10-25,Hon. Mr. Turner,323,,,Human,0.0,4.0,Human
nb_2023-10-26#t13553w4,nb_rescore,NB,Y-2023,tier4,2023-10-26#t13553w4,2023-10-26,Hon. Mr. Hogan,356,,,Human,0.0,4.0,Human
nb_2023-10-26#t13579w0,nb_rescore,NB,A6-lexicon,tier4,2023-10-26#t13579w0,2023-10-26,Mr. McKee,345,,,Mixed,0.18331053853034973,4.0,Human
nb_2023-10-26#t13583w2,nb_rescore,NB,Y-2023,tier4,2023-10-26#t13583w2,2023-10-26,Mr. Losier,339,,,Human,0.0,4.0,Human
nb_2023-10-31#t13656w0,nb_rescore,NB,Y-2023,tier4,2023-10-31#t13656w0,2023-10-31,Mr. K. Chiasson,215,,,Human,0.0,4.0,Human
nb_2023-11-01#t13765w1,nb_rescore,NB,Y-2023,tier4,2023-11-01#t13765w1,2023-11-01,Mr. G. Arseneault,238,,,Human,0.0,4.0,Human
nb_2023-11-02#t13802w0,nb_rescore,NB,Y-2023,tier4,2023-11-02#t13802w0,2023-11-02,Ms. Holt,126,,,Human,0.0,4.0,Human
nb_2023-11-02#t13829w0,nb_rescore,NB,Y-2023,tier4,2023-11-02#t13829w0,2023-11-02,Ms. Holt,159,,,Human,0.0,4.0,Human
nb_2023-11-02#t13834w0,nb_rescore,NB,Y-2023,tier4,2023-11-02#t13834w0,2023-11-02,Ms. Holt,115,,,Human,0.0,4.0,Human
nb_2023-11-02#t13868w3,nb_rescore,NB,Y-2023,tier4,2023-11-02#t13868w3,2023-11-02,Mr. McKee,327,,,Human,0.0,4.0,Mixed
nb_2023-11-03#t13954w0,nb_rescore,NB,A6-lexicon,tier4,2023-11-03#t13954w0,2023-11-03,Hon. Mr. Turner,184,,,Human,0.0,4.0,Human
nb_2023-11-21#t14102w0,nb_rescore,NB,Y-2023,tier4,2023-11-21#t14102w0,2023-11-21,Mr. Bourque,340,,,Human,0.0,4.0,Human
nb_2023-11-22#t14123w0,nb_rescore,NB,Y-2023,tier4,2023-11-22#t14123w0,2023-11-22,Hon. M. Wilson,229,,,Human,0.0,4.0,Human
nb_2023-11-23#t14308w0,nb_rescore,NB,A6-lexicon,tier4,2023-11-23#t14308w0,2023-11-23,Mr. McKee,265,,,Mixed,0.6001188158988953,4.0,Human
nb_2023-11-23#t14342w6,nb_rescore,NB,A6-lexicon,tier4,2023-11-23#t14342w6,2023-11-23,Mr. McKee,339,,,Human,0.0,4.0,AI
nb_2023-11-30#t14720w2,nb_rescore,NB,A8-transition-fd,tier4,2023-11-30#t14720w2,2023-11-30,Ms. Holt,352,,,Human,0.0,4.0,AI
nb_2023-11-30#t14730w1,nb_rescore,NB,Y-2023,tier4,2023-11-30#t14730w1,2023-11-30,Hon. Ms. Bockus,316,,,Human,0.0,4.0,Human
nb_2023-11-30#t14741w0,nb_rescore,NB,Y-2023,tier4,2023-11-30#t14741w0,2023-11-30,Ms. Mitton,288,,,Human,0.0,4.0,Human
nb_2023-11-30#t14748w5,nb_rescore,NB,Y-2023,tier4,2023-11-30#t14748w5,2023-11-30,Mr. McKee,280,,,Human,0.0,4.0,Human
nb_2023-12-01#t14834w1,nb_rescore,NB,A6-lexicon,tier4,2023-12-01#t14834w1,2023-12-01,Mr. Bourque,312,,,Human,0.0,4.0,Human
nb_2023-12-05#t14907w0,nb_rescore,NB,Y-2023,tier4,2023-12-05#t14907w0,2023-12-05,Hon. Mr. Flemming,182,,,Human,0.0,4.0,Human
nb_2023-12-05#t14931w1,nb_rescore,NB,A8-transition-fd,tier4,2023-12-05#t14931w1,2023-12-05,Mr. McKee,301,,,Human,0.0,4.0,AI
nb_2023-12-05#t14931w2,nb_rescore,NB,A8-transition-fd,tier4,2023-12-05#t14931w2,2023-12-05,Mr. McKee,320,,,AI,1.0,4.0,Mixed
nb_2023-12-05#t14931w4,nb_rescore,NB,A8-transition-fd,tier4,2023-12-05#t14931w4,2023-12-05,Mr. McKee,332,,,AI,1.0,4.0,AI
nb_2023-12-06#t14995w0,nb_rescore,NB,Y-2023,tier4,2023-12-06#t14995w0,2023-12-06,Hon. Ms. Johnson,197,,,Human,0.0,4.0,Human
nb_2023-12-06#t15084w2,nb_rescore,NB,A6-lexicon,tier4,2023-12-06#t15084w2,2023-12-06,Mr. Coon,322,,,Human,0.0,4.0,AI
nb_2023-12-07#t15162w0,nb_rescore,NB,Y-2023,tier4,2023-12-07#t15162w0,2023-12-07,Mr. Coon,149,,,Human,0.0,4.0,Human
nb_2023-12-08#t15223w0,nb_rescore,NB,Y-2023,tier4,2023-12-08#t15223w0,2023-12-08,Mr. C. Chiasson,154,,,Human,0.0,4.0,Human
nb_2023-12-12#t15362w0,nb_rescore,NB,Y-2023,tier4,2023-12-12#t15362w0,2023-12-12,Hon. Ms. Green,163,,,Human,0.0,4.0,Human
nb_2023-12-13#t15449w0,nb_rescore,NB,Y-2023,tier4,2023-12-13#t15449w0,2023-12-13,Hon. Mr. Fitch,154,,,Human,0.0,4.0,Human
nb_2023-12-13#t15455w0,nb_rescore,NB,Y-2023,tier4,2023-12-13#t15455w0,2023-12-13,Ms. Holt,123,,,Human,0.0,4.0,Human
nb_2024-03-22#t15644w0,nb_rescore,NB,Y-2024,tier4,2024-03-22#t15644w0,2024-03-22,Hon. Ms. Green,180,,,Human,0.0,4.0,Human
nb_2024-03-22#t15720w11,nb_rescore,NB,A8-transition-fd,tier4,2024-03-22#t15720w11,2024-03-22,Mr. M. LeBlanc,358,,,AI,1.0,4.0,AI
nb_2024-03-27#t15913w1,nb_rescore,NB,A6-lexicon,tier4,2024-03-27#t15913w1,2024-03-27,,357,,,Human,0.0,4.0,Human
nb_2024-03-27#t15944w3,nb_rescore,NB,Y-2024,tier4,2024-03-27#t15944w3,2024-03-27,Mr. G. Arseneault,245,,,Human,0.0,4.0,Human
nb_2024-03-27#t15954w0,nb_rescore,NB,Y-2024,tier4,2024-03-27#t15954w0,2024-03-27,Hon. Mr. Holland,322,,,Human,0.0,4.0,Human
nb_2024-03-27#t15954w1,nb_rescore,NB,Y-2024,tier4,2024-03-27#t15954w1,2024-03-27,Hon. Mr. Holland,352,,,Human,0.0,4.0,Human
nb_2024-03-27#t15979w10,nb_rescore,NB,Y-2024,tier4,2024-03-27#t15979w10,2024-03-27,Ms. Holt,187,,,Human,0.0,4.0,Human
nb_2024-03-27#t15979w2,nb_rescore,NB,Y-2024,tier4,2024-03-27#t15979w2,2024-03-27,Ms. Holt,317,,,Human,0.0,4.0,Human
nb_2024-03-27#t15979w5,nb_rescore,NB,Y-2024,tier4,2024-03-27#t15979w5,2024-03-27,Ms. Holt,339,,,Human,0.0,4.0,Human
nb_2024-03-28#t15987w0,nb_rescore,NB,Y-2024,tier4,2024-03-28#t15987w0,2024-03-28,Hon. M. Wilson,285,,,Human,0.0,4.0,Human
nb_2024-03-28#t15996w0,nb_rescore,NB,Y-2024,tier4,2024-03-28#t15996w0,2024-03-28,Hon. R. Savoie,189,,,Human,0.0,4.0,Human
nb_2024-03-28#t16099w2,nb_rescore,NB,Y-2024,tier4,2024-03-28#t16099w2,2024-03-28,Mr. Coon,356,,,Human,0.0,4.0,Human
nb_2024-05-07#t16123w0,nb_rescore,NB,A6-lexicon,tier4,2024-05-07#t16123w0,2024-05-07,Mr. K. Arseneau,129,,,AI,1.0,4.0,AI
nb_2024-05-07#t16143w0,nb_rescore,NB,Y-2024,tier4,2024-05-07#t16143w0,2024-05-07,Hon. Mr. Higgs,166,,,Human,0.0,4.0,Human
nb_2024-05-07#t16172w0,nb_rescore,NB,Y-2024,tier4,2024-05-07#t16172w0,2024-05-07,Hon. Mr. Higgs,185,,,Human,0.0,4.0,Human
nb_2024-05-07#t16227w1,nb_rescore,NB,Y-2024,tier4,2024-05-07#t16227w1,2024-05-07,Ms. Mitton,189,,,Human,0.0,4.0,Human
nb_2024-05-09#t16460w0,nb_rescore,NB,A8-transition-fd,tier4,2024-05-09#t16460w0,2024-05-09,Mr. M. LeBlanc,360,,,AI,1.0,4.0,AI
nb_2024-05-09#t16460w2,nb_rescore,NB,A8-transition-fd,tier4,2024-05-09#t16460w2,2024-05-09,Mr. M. LeBlanc,331,,,Mixed,0.5877110958099365,4.0,AI
nb_2024-05-10#t16525w0,nb_rescore,NB,Y-2024,tier4,2024-05-10#t16525w0,2024-05-10,Hon. G. Savoie,197,,,Human,0.0,4.0,Human
nb_2024-05-14#t16587w0,nb_rescore,NB,Y-2024,tier4,2024-05-14#t16587w0,2024-05-14,Hon. G. Savoie,160,,,Human,0.0,4.0,Human
nb_2024-05-15#t16632w0,nb_rescore,NB,Y-2024,tier4,2024-05-15#t16632w0,2024-05-15,Hon. G. Savoie,229,,,Human,0.0,4.0,Human
nb_2024-05-15#t16701w0,nb_rescore,NB,Y-2024,tier4,2024-05-15#t16701w0,2024-05-15,Hon. G. Savoie,181,,,Human,0.0,4.0,Human
nb_2024-05-16#t16823w2,nb_rescore,NB,Y-2024,tier4,2024-05-16#t16823w2,2024-05-16,Mr. C. Chiasson,342,,,Human,0.0,4.0,Human
nb_2024-05-16#t16835w0,nb_rescore,NB,A7-speech-llr,tier4,2024-05-16#t16835w0,2024-05-16,Mr. M. LeBlanc,306,,,AI,1.0,4.0,AI
nb_2024-05-16#t16835w1,nb_rescore,NB,A7-speech-llr,tier4,2024-05-16#t16835w1,2024-05-16,Mr. M. LeBlanc,357,,,AI,1.0,4.0,AI
nb_2024-05-16#t16835w2,nb_rescore,NB,A7-speech-llr,tier4,2024-05-16#t16835w2,2024-05-16,Mr. M. LeBlanc,303,,,Human,0.0,4.0,Human
nb_2024-05-16#t16835w3,nb_rescore,NB,A7-speech-llr,tier4,2024-05-16#t16835w3,2024-05-16,Mr. M. LeBlanc,277,,,Human,0.0,4.0,AI
nb_2024-05-16#t16835w4,nb_rescore,NB,A7-speech-llr,tier4,2024-05-16#t16835w4,2024-05-16,Mr. M. LeBlanc,349,,,Mixed,0.42296651005744934,4.0,Human
nb_2024-05-16#t16835w5,nb_rescore,NB,A6-lexicon,tier4,2024-05-16#t16835w5,2024-05-16,Mr. M. LeBlanc,359,,,Mixed,0.23764802515506744,4.0,Human
nb_2024-05-16#t16835w6,nb_rescore,NB,A7-speech-llr,tier4,2024-05-16#t16835w6,2024-05-16,Mr. M. LeBlanc,250,,,Human,0.0,4.0,Human
nb_2024-05-17#t16872w0,nb_rescore,NB,Y-2024,tier4,2024-05-17#t16872w0,2024-05-17,Ms. Conroy,149,,,Human,0.0,4.0,Human
nb_2024-05-17#t16876w0,nb_rescore,NB,Y-2024,tier4,2024-05-17#t16876w0,2024-05-17,Mr. Cardy,236,,,Human,0.0,4.0,Human
nb_2024-05-17#t16937w0,nb_rescore,NB,Y-2024,tier4,2024-05-17#t16937w0,2024-05-17,Ms. Holt,286,,,Human,0.0,4.0,Human
nb_2024-05-29#t17100w0,nb_rescore,NB,Y-2024,tier4,2024-05-29#t17100w0,2024-05-29,Ms. Holt,181,,,Human,0.0,4.0,Human
nb_2024-05-30#t17205w0,nb_rescore,NB,Y-2024,tier4,2024-05-30#t17205w0,2024-05-30,Hon. Mr. Austin,183,,,Human,0.0,4.0,Human
nb_2024-05-31#t17263w0,nb_rescore,NB,Y-2024,tier4,2024-05-31#t17263w0,2024-05-31,Hon. Mr. Turner,162,,,Human,0.0,4.0,Human
nb_2024-05-31#t17316w0,nb_rescore,NB,Y-2024,tier4,2024-05-31#t17316w0,2024-05-31,Ms. Mitton,171,,,Human,0.0,4.0,Human
nb_2024-06-04#t17361w0,nb_rescore,NB,A6-lexicon,tier4,2024-06-04#t17361w0,2024-06-04,Mr. McKee,185,,,AI,1.0,4.0,AI
nb_2024-06-04#t17435w0,nb_rescore,NB,Y-2024,tier4,2024-06-04#t17435w0,2024-06-04,Hon. G. Savoie,207,,,Human,0.0,4.0,Human
nb_2024-06-06#t17615w0,nb_rescore,NB,A6-lexicon,tier4,2024-06-06#t17615w0,2024-06-06,Hon. G. Savoie,352,,,Human,0.0,4.0,Human
nb_2024-06-06#t17636w0,nb_rescore,NB,A6-lexicon,tier4,2024-06-06#t17636w0,2024-06-06,,169,,,Human,0.0,4.0,Human
nb_2024-06-06#t17660w1,nb_rescore,NB,A8-transition-fd,tier4,2024-06-06#t17660w1,2024-06-06,Mr. M. LeBlanc,329,,,Human,0.0,4.0,AI
nb_2024-06-06#t17660w2,nb_rescore,NB,Y-2024,tier4,2024-06-06#t17660w2,2024-06-06,Mr. M. LeBlanc,341,,,Human,0.0,4.0,Human
nb_2024-06-07#t17680w0,nb_rescore,NB,Y-2024,tier4,2024-06-07#t17680w0,2024-06-07,Hon. M. Wilson,152,,,Human,0.0,4.0,Human
nb_2024-06-07#t17720w0,nb_rescore,NB,Y-2024,tier4,2024-06-07#t17720w0,2024-06-07,Ms. Holt,185,,,Human,0.0,4.0,Human
nb_2024-06-07#t17772w2,nb_rescore,NB,Y-2024,tier4,2024-06-07#t17772w2,2024-06-07,Hon. Mr. Holland,185,,,Human,0.0,4.0,Human
nb_2024-11-20#t113w0,nb_rescore,NB,Y-2024,tier4,2024-11-20#t113w0,2024-11-20,Hon. Mr. Hickey,308,,,Human,0.0,4.0,Human
nb_2024-11-20#t59w0,nb_rescore,NB,Y-2024,tier4,2024-11-20#t59w0,2024-11-20,Hon. Ms. Holt,218,,,Human,0.0,4.0,Human
nb_2024-11-22#t158w0,nb_rescore,NB,Y-2024,tier4,2024-11-22#t158w0,2024-11-22,Hon. Ms. Holt,171,,,Human,0.0,4.0,Human
nb_2024-11-22#t169w0,nb_rescore,NB,Y-2024,tier4,2024-11-22#t169w0,2024-11-22,Mr. Monahan,126,,,Human,0.0,4.0,Human
nb_2024-11-22#t206w0,nb_rescore,NB,Y-2024,tier4,2024-11-22#t206w0,2024-11-22,Mr. Ames,253,,,Human,0.0,4.0,AI
nb_2024-11-22#t207w0,nb_rescore,NB,Y-2024,tier4,2024-11-22#t207w0,2024-11-22,Mr. Hogan,176,,,Human,0.0,4.0,Human
nb_2024-11-22#t227w9,nb_rescore,NB,Y-2024,tier4,2024-11-22#t227w9,2024-11-22,Hon. Mr. Dornan,310,,,Human,0.0,4.0,Human
nb_2024-11-26#t246w0,nb_rescore,NB,Y-2024,tier4,2024-11-26#t246w0,2024-11-26,Mr. Coon,163,,,Human,0.0,4.0,Human
nb_2024-11-26#t277w0,nb_rescore,NB,Y-2024,tier4,2024-11-26#t277w0,2024-11-26,Hon. Mr. McKee,172,,,Human,0.0,4.0,Human
nb_2024-11-26#t295w0,nb_rescore,NB,Y-2024,tier4,2024-11-26#t295w0,2024-11-26,Mr. Savoie,250,,,Human,0.0,4.0,Human
nb_2024-11-27#t387w0,nb_rescore,NB,Y-2024,tier4,2024-11-27#t387w0,2024-11-27,Mr. Lee,137,,,Human,0.0,4.0,Human
nb_2024-11-27#t430w2,nb_rescore,NB,Y-2024,tier4,2024-11-27#t430w2,2024-11-27,Mr. Weir,345,,,Human,0.0,4.0,Human
nb_2024-11-28#t541w1,nb_rescore,NB,Y-2024,tier4,2024-11-28#t541w1,2024-11-28,Mr. Hogan,355,,,Human,0.0,4.0,Human
nb_2024-12-10#t567w0,nb_rescore,NB,Y-2024,tier4,2024-12-10#t567w0,2024-12-10,Ms. Mitton,139,,,Human,0.0,4.0,Human
nb_2024-12-10#t627w0,nb_rescore,NB,Y-2024,tier4,2024-12-10#t627w0,2024-12-10,Mr. M. LeBlanc,313,,,Human,0.0,4.0,Human
nb_2024-12-11#t719w2,nb_rescore,NB,Y-2024,tier4,2024-12-11#t719w2,2024-12-11,Hon. Mr. Dornan,322,,,Human,0.0,4.0,Human
nb_2024-12-11#t728w2,nb_rescore,NB,Y-2024,tier4,2024-12-11#t728w2,2024-12-11,Hon. Mr. C. Chiasson,323,,,Human,0.0,4.0,Human
nb_2024-12-12#t831w5,nb_rescore,NB,Y-2024,tier4,2024-12-12#t831w5,2024-12-12,Ms. Scott-Wallace,348,,,Mixed,0.46396633982658386,4.0,Human
nb_2024-12-12#t842w5,nb_rescore,NB,Y-2024,tier4,2024-12-12#t842w5,2024-12-12,Ms. M. Johnson,355,,,Human,0.0,4.0,Human
nb_2024-12-13#t847w0,nb_rescore,NB,Y-2024,tier4,2024-12-13#t847w0,2024-12-13,Mr. Coon,158,,,Human,0.0,4.0,Mixed
nb_2025-10-21#t2w6,nb_rescore,NB,B-decile-6,tier4,2025-10-21#t2w6,2025-10-21,Her Honour,358,,,Human,0.0,4.0,Human
nb_2025-10-21#t4w1,nb_rescore,NB,B-decile-3,tier4,2025-10-21#t4w1,2025-10-21,,300,,,Human,0.0,4.0,Human
nb_2025-10-22#t100w0,nb_rescore,NB,B-decile-4,tier4,2025-10-22#t100w0,2025-10-22,Madam Speaker,186,,,Human,0.0,4.0,Human
nb_2025-10-22#t102w1,nb_rescore,NB,A-consensus-2025,tier4,2025-10-22#t102w1,2025-10-22,Mr. M. LeBlanc,343,,,Human,0.0,4.0,Human
nb_2025-10-22#t102w16,nb_rescore,NB,B-decile-1,tier4,2025-10-22#t102w16,2025-10-22,Mr. M. LeBlanc,311,,,Human,0.0,4.0,Human
nb_2025-10-22#t18w0,nb_rescore,NB,A-consensus-2025,tier4,2025-10-22#t18w0,2025-10-22,Mr. Russell,144,,,Human,0.0,4.0,Human
nb_2025-10-22#t22w0,nb_rescore,NB,A5-tail-union,tier4,2025-10-22#t22w0,2025-10-22,Mr. Arseneault,146,,,Human,0.0,4.0,Human
nb_2025-10-22#t32w0,nb_rescore,NB,B-decile-1,tier4,2025-10-22#t32w0,2025-10-22,Mr. Savoie,162,,,Human,0.0,4.0,Human
nb_2025-10-22#t48w0,nb_rescore,NB,B-decile-1,tier4,2025-10-22#t48w0,2025-10-22,Mr. Savoie,169,,,Human,0.0,4.0,Human
nb_2025-10-22#t51w0,nb_rescore,NB,A5-tail-union,tier4,2025-10-22#t51w0,2025-10-22,L’hon. C. Johnson,135,,,Human,0.0,4.0,Human
nb_2025-10-22#t81w0,nb_rescore,NB,B-decile-0,tier4,2025-10-22#t81w0,2025-10-22,Mr. Savoie,291,,,Human,0.0,4.0,Human
nb_2025-10-22#t93w0,nb_rescore,NB,A-consensus-2025,tier4,2025-10-22#t93w0,2025-10-22,Ms. Mitton,250,,,Human,0.0,4.0,Human
nb_2025-10-23#t104w0,nb_rescore,NB,A-consensus-2025,tier4,2025-10-23#t104w0,2025-10-23,Madam Speaker,100,,,Human,0.0,4.0,Human
nb_2025-10-24#t107w0,nb_rescore,NB,A4-speaker,tier4,2025-10-24#t107w0,2025-10-24,Mr. Robichaud,167,,,Mixed,0.7258567214012146,4.0,Human
nb_2025-10-24#t112w0,nb_rescore,NB,A7-speech-llr,tier4,2025-10-24#t112w0,2025-10-24,Ms. S. Wilson,156,,,AI,1.0,4.0,AI
nb_2025-10-24#t119w0,nb_rescore,NB,A3-fused,tier4,2025-10-24#t119w0,2025-10-24,Mr. Johnston,160,,,AI,1.0,4.0,AI
nb_2025-10-24#t139w0,nb_rescore,NB,B-decile-9,tier4,2025-10-24#t139w0,2025-10-24,Mr. Austin,132,,,Human,0.0,4.0,Human
nb_2025-10-24#t150w0,nb_rescore,NB,B-decile-5,tier4,2025-10-24#t150w0,2025-10-24,Hon. C. Johnson,108,,,Human,0.0,4.0,Human
nb_2025-10-24#t159w0,nb_rescore,NB,A5-tail-union,tier4,2025-10-24#t159w0,2025-10-24,Mr. Ames,55,,,Human,0.0,4.0,Human
nb_2025-10-24#t162w0,nb_rescore,NB,A-consensus-2025,tier4,2025-10-24#t162w0,2025-10-24,Hon. Mr. Legacy,206,,,AI,1.0,4.0,Mixed
nb_2025-10-24#t175w2,nb_rescore,NB,B-decile-5,tier4,2025-10-24#t175w2,2025-10-24,Mr. Coon,335,,,Human,0.0,4.0,Human
nb_2025-10-24#t175w3,nb_rescore,NB,A2-fastdetect-tail,tier4,2025-10-24#t175w3,2025-10-24,Mr. Coon,251,,,Human,0.0,4.0,Human
nb_2025-10-24#t178w1,nb_rescore,NB,A2-fastdetect-tail,tier4,2025-10-24#t178w1,2025-10-24,Ms. Mitton,329,,,AI,1.0,4.0,AI
nb_2025-10-24#t189w4,nb_rescore,NB,B-decile-2,tier4,2025-10-24#t189w4,2025-10-24,Hon. Mr. Hickey,236,,,Human,0.0,4.0,Human
nb_2025-10-28#t197w0,nb_rescore,NB,B-decile-0,tier4,2025-10-28#t197w0,2025-10-28,Hon. Mr. Finnigan,142,,,Human,0.0,4.0,Human
nb_2025-10-28#t213w0,nb_rescore,NB,A5-tail-union,tier4,2025-10-28#t213w0,2025-10-28,Ms. Wilcott,172,,,Mixed,0.24227799475193024,4.0,Human
nb_2025-10-28#t231w0,nb_rescore,NB,A3-fused,tier4,2025-10-28#t231w0,2025-10-28,Hon. C. Johnson,114,,,Human,0.0,4.0,Human
nb_2025-10-28#t254w0,nb_rescore,NB,A-consensus-2025,tier4,2025-10-28#t254w0,2025-10-28,Mr. Savoie,56,,,Human,0.0,4.0,Human
nb_2025-10-28#t256w0,nb_rescore,NB,A5-tail-union,tier4,2025-10-28#t256w0,2025-10-28,Madam Speaker,52,,,Human,0.0,4.0,Human
nb_2025-10-28#t262w0,nb_rescore,NB,A5-tail-union,tier4,2025-10-28#t262w0,2025-10-28,Hon. Mr. McKee,185,,,Human,0.0,4.0,Human
nb_2025-10-28#t280w1,nb_rescore,NB,B-decile-4,tier4,2025-10-28#t280w1,2025-10-28,Mr. Lee,160,,,Human,0.0,4.0,Human
nb_2025-10-28#t288w5,nb_rescore,NB,B-decile-0,tier4,2025-10-28#t288w5,2025-10-28,Ms. Conroy,124,,,Human,0.0,4.0,Human
nb_2025-10-29#t305w0,nb_rescore,NB,A2-fastdetect-tail,tier4,2025-10-29#t305w0,2025-10-29,Ms. M. Johnson,222,,,AI,1.0,4.0,AI
nb_2025-10-29#t313w0,nb_rescore,NB,A4-speaker,tier4,2025-10-29#t313w0,2025-10-29,Mr. Robichaud,146,,,Human,0.0,4.0,Human
nb_2025-10-29#t325w0,nb_rescore,NB,B-decile-2,tier4,2025-10-29#t325w0,2025-10-29,Mr. Cullins,156,,,Human,0.0,4.0,Human
nb_2025-10-29#t326w0,nb_rescore,NB,A4-speaker,tier4,2025-10-29#t326w0,2025-10-29,Mr. Robichaud,176,,,Human,0.0,4.0,Human
nb_2025-10-29#t327w0,nb_rescore,NB,B-decile-2,tier4,2025-10-29#t327w0,2025-10-29,Ms. S. Wilson,142,,,Human,0.0,4.0,Human
nb_2025-10-29#t337w0,nb_rescore,NB,A-consensus-2025,tier4,2025-10-29#t337w0,2025-10-29,Mr. Savoie,206,,,Human,0.0,4.0,Human
nb_2025-10-29#t349w0,nb_rescore,NB,A5-tail-union,tier4,2025-10-29#t349w0,2025-10-29,Mr. Ames,63,,,Human,0.0,4.0,Human
nb_2025-10-29#t352w0,nb_rescore,NB,B-decile-8,tier4,2025-10-29#t352w0,2025-10-29,Mr. Ames,61,,,Human,0.0,4.0,Human
nb_2025-10-29#t359w0,nb_rescore,NB,B-decile-6,tier4,2025-10-29#t359w0,2025-10-29,Hon. Mr. LePage,132,,,Human,0.0,4.0,Human
nb_2025-10-29#t361w0,nb_rescore,NB,A3-fused,tier4,2025-10-29#t361w0,2025-10-29,Hon. C. Johnson,108,,,Human,0.0,4.0,Human
nb_2025-10-29#t371w0,nb_rescore,NB,B-decile-1,tier4,2025-10-29#t371w0,2025-10-29,Hon. Mr. D’Amours,199,,,Human,0.0,4.0,Human
nb_2025-10-29#t377w1,nb_rescore,NB,B-decile-6,tier4,2025-10-29#t377w1,2025-10-29,Madam Speaker,343,,,Human,0.0,4.0,Human
nb_2025-10-29#t397w2,nb_rescore,NB,B-decile-2,tier4,2025-10-29#t397w2,2025-10-29,Mr. J. LeBlanc,305,,,Human,0.0,4.0,Human
nb_2025-10-29#t400w7,nb_rescore,NB,A5-tail-union,tier4,2025-10-29#t400w7,2025-10-29,Mr. Cullins,54,,,Human,0.0,4.0,Human
nb_2025-10-30#t427w0,nb_rescore,NB,A2-fastdetect-tail,tier4,2025-10-30#t427w0,2025-10-30,Ms. M. Johnson,230,,,AI,1.0,4.0,Mixed
nb_2025-10-30#t430w0,nb_rescore,NB,A-consensus-2025,tier4,2025-10-30#t430w0,2025-10-30,Ms. Sodhi,176,,,AI,1.0,4.0,AI
nb_2025-10-30#t482w0,nb_rescore,NB,A5-tail-union,tier4,2025-10-30#t482w0,2025-10-30,Mr. Coon,153,,,Human,0.0,4.0,Human
nb_2025-10-30#t491w0,nb_rescore,NB,A3-fused,tier4,2025-10-30#t491w0,2025-10-30,Ms. M. Johnson,102,,,Human,0.0,4.0,Human
nb_2025-10-30#t495w1,nb_rescore,NB,B-decile-2,tier4,2025-10-30#t495w1,2025-10-30,Mr. Weir,339,,,Human,0.0,4.0,Human
nb_2025-10-30#t509w4,nb_rescore,NB,A5-tail-union,tier4,2025-10-30#t509w4,2025-10-30,Mr. Russell,169,,,Mixed,0.7032192945480347,4.0,AI
nb_2025-10-30#t511w0,nb_rescore,NB,A5-tail-union,tier4,2025-10-30#t511w0,2025-10-30,Ms. Wilcott,268,,,Human,0.0,4.0,Human
nb_2025-10-30#t515w1,nb_rescore,NB,B-decile-3,tier4,2025-10-30#t515w1,2025-10-30,Ms. Wilcott,333,,,Human,0.0,4.0,Human
nb_2025-10-30#t531w0,nb_rescore,NB,A2-fastdetect-tail,tier4,2025-10-30#t531w0,2025-10-30,Mr. Weir,294,,,Human,0.0,4.0,Human
nb_2025-10-30#t534w3,nb_rescore,NB,B-decile-4,tier4,2025-10-30#t534w3,2025-10-30,Ms. S. Wilson,338,,,Mixed,0.4134981036186218,4.0,AI
nb_2025-11-04#t543w0,nb_rescore,NB,A5-tail-union,tier4,2025-11-04#t543w0,2025-11-04,Mr. Savoie,89,,,Human,0.0,4.0,Human
nb_2025-11-04#t546w0,nb_rescore,NB,A2-fastdetect-tail,tier4,2025-11-04#t546w0,2025-11-04,Ms. Wilcott,351,,,Human,0.0,4.0,Human
nb_2025-11-04#t551w0,nb_rescore,NB,A3-fused,tier4,2025-11-04#t551w0,2025-11-04,Mr. Coon,144,,,Human,0.0,4.0,Human
nb_2025-11-04#t559w0,nb_rescore,NB,A4-speaker,tier4,2025-11-04#t559w0,2025-11-04,Mr. Robichaud,150,,,AI,1.0,4.0,AI
nb_2025-11-04#t565w0,nb_rescore,NB,B-decile-2,tier4,2025-11-04#t565w0,2025-11-04,Mr. Savoie,56,,,Human,0.0,4.0,Human
nb_2025-11-04#t575w0,nb_rescore,NB,A5-tail-union,tier4,2025-11-04#t575w0,2025-11-04,Hon. Ms. Holt,150,,,Human,0.0,4.0,Human
nb_2025-11-05#t615w0,nb_rescore,NB,B-decile-6,tier4,2025-11-05#t615w0,2025-11-05,Hon. Mr. Gauvin,281,,,Human,0.0,4.0,Human
nb_2025-11-05#t632w0,nb_rescore,NB,A5-tail-union,tier4,2025-11-05#t632w0,2025-11-05,Mr. Arseneault,137,,,AI,1.0,4.0,AI
nb_2025-11-05#t646w0,nb_rescore,NB,B-decile-1,tier4,2025-11-05#t646w0,2025-11-05,Mr. Savoie,180,,,Human,0.0,4.0,Human
nb_2025-11-05#t660w0,nb_rescore,NB,B-decile-7,tier4,2025-11-05#t660w0,2025-11-05,Ms. Mitton,167,,,Human,0.0,4.0,Human
nb_2025-11-05#t663w0,nb_rescore,NB,A5-tail-union,tier4,2025-11-05#t663w0,2025-11-05,Hon. Ms. Boudreau,171,,,Human,0.0,4.0,Human
nb_2025-11-05#t680w2,nb_rescore,NB,A5-tail-union,tier4,2025-11-05#t680w2,2025-11-05,Ms. Mitton,59,,,Human,0.0,4.0,Human
nb_2025-11-05#t686w0,nb_rescore,NB,A-consensus-2025,tier4,2025-11-05#t686w0,2025-11-05,Madam Speaker,69,,,Human,0.0,4.0,Human
nb_2025-11-05#t687w2,nb_rescore,NB,A-consensus-2025,tier4,2025-11-05#t687w2,2025-11-05,Mr. Monahan,64,,,Human,0.0,4.0,AI
nb_2025-11-05#t690w1,nb_rescore,NB,B-decile-9,tier4,2025-11-05#t690w1,2025-11-05,Ms. Bockus,302,,,AI,1.0,4.0,AI
nb_2025-11-05#t696w0,nb_rescore,NB,A3-fused,tier4,2025-11-05#t696w0,2025-11-05,Mr. M. LeBlanc,84,,,Human,0.0,4.0,Human
nb_2025-11-05#t701w0,nb_rescore,NB,A-consensus-2025,tier4,2025-11-05#t701w0,2025-11-05,Mr. M. LeBlanc,69,,,Human,0.0,4.0,Human
nb_2025-11-05#t710w0,nb_rescore,NB,A5-tail-union,tier4,2025-11-05#t710w0,2025-11-05,Madam Speaker,63,,,Human,0.0,4.0,Human
nb_2025-11-05#t715w2,nb_rescore,NB,A5-tail-union,tier4,2025-11-05#t715w2,2025-11-05,Hon. Mr. Legacy,71,,,Human,0.0,4.0,Human
nb_2025-11-06#t747w0,nb_rescore,NB,A4-speaker,tier4,2025-11-06#t747w0,2025-11-06,Mr. Robichaud,164,,,Human,0.0,4.0,Human
nb_2025-11-06#t753w0,nb_rescore,NB,A5-tail-union,tier4,2025-11-06#t753w0,2025-11-06,Hon. Mr. Hickey,52,,,Human,0.0,4.0,Human
nb_2025-11-06#t756w0,nb_rescore,NB,B-decile-0,tier4,2025-11-06#t756w0,2025-11-06,Hon. Mr. Hickey,92,,,Human,0.0,4.0,Human
nb_2025-11-06#t766w0,nb_rescore,NB,B-decile-5,tier4,2025-11-06#t766w0,2025-11-06,Hon. C. Johnson,136,,,Human,0.0,4.0,Human
nb_2025-11-06#t783w0,nb_rescore,NB,A5-tail-union,tier4,2025-11-06#t783w0,2025-11-06,Madam Speaker,104,,,Human,0.0,4.0,Human
nb_2025-11-06#t785w0,nb_rescore,NB,A-consensus-2025,tier4,2025-11-06#t785w0,2025-11-06,Madam Speaker,103,,,Human,0.0,4.0,Human
nb_2025-11-06#t790w0,nb_rescore,NB,B-decile-5,tier4,2025-11-06#t790w0,2025-11-06,Mr. Coon,179,,,Human,0.0,4.0,Human
nb_2025-11-06#t792w0,nb_rescore,NB,A5-tail-union,tier4,2025-11-06#t792w0,2025-11-06,Ms. Mitton,133,,,Human,0.0,4.0,Human
nb_2025-11-06#t803w1,nb_rescore,NB,A2-fastdetect-tail,tier4,2025-11-06#t803w1,2025-11-06,Mr. Oliver,332,,,AI,1.0,4.0,AI
nb_2025-11-06#t805w4,nb_rescore,NB,A-consensus-2025,tier4,2025-11-06#t805w4,2025-11-06,Ms. S. Wilson,53,,,Human,0.0,4.0,Human
nb_2025-11-06#t835w0,nb_rescore,NB,A2-fastdetect-tail,tier4,2025-11-06#t835w0,2025-11-06,Mr. Robichaud,358,,,Human,0.0,4.0,Human
nb_2025-11-06#t835w1,nb_rescore,NB,A4-speaker,tier4,2025-11-06#t835w1,2025-11-06,Mr. Robichaud,317,,,Human,0.0,4.0,Human
nb_2025-11-06#t835w4,nb_rescore,NB,A4-speaker,tier4,2025-11-06#t835w4,2025-11-06,Mr. Robichaud,89,,,Human,0.0,4.0,Human
nb_2025-11-06#t836w0,nb_rescore,NB,B-decile-2,tier4,2025-11-06#t836w0,2025-11-06,,355,,,Human,0.0,4.0,Human
nb_2025-11-07#t858w0,nb_rescore,NB,A3-fused,tier4,2025-11-07#t858w0,2025-11-07,Mr. Arseneault,154,,,Human,0.0,4.0,Human
nb_2025-11-07#t896w0,nb_rescore,NB,B-decile-0,tier4,2025-11-07#t896w0,2025-11-07,Mr. Savoie,206,,,Human,0.0,4.0,Human
nb_2025-11-07#t907w0,nb_rescore,NB,A5-tail-union,tier4,2025-11-07#t907w0,2025-11-07,Hon. Mr. D’Amours,250,,,Human,0.0,4.0,Human
nb_2025-11-07#t912w0,nb_rescore,NB,A3-fused,tier4,2025-11-07#t912w0,2025-11-07,Hon. Mr. Dornan,161,,,Human,0.0,4.0,Human
nb_2025-11-07#t914w0,nb_rescore,NB,B-decile-7,tier4,2025-11-07#t914w0,2025-11-07,Mr. Coon,355,,,Human,0.0,4.0,Human
nb_2025-11-07#t915w0,nb_rescore,NB,B-decile-0,tier4,2025-11-07#t915w0,2025-11-07,Hon. Ms. Holt,290,,,Human,0.0,4.0,Human
nb_2025-11-18#t1002w0,nb_rescore,NB,B-decile-8,tier4,2025-11-18#t1002w0,2025-11-18,Mr. Coon,353,,,Human,0.0,4.0,Human
nb_2025-11-18#t1014w2,nb_rescore,NB,B-decile-5,tier4,2025-11-18#t1014w2,2025-11-18,Mr. Austin,198,,,Human,0.0,4.0,Human
nb_2025-11-18#t1017w3,nb_rescore,NB,A2-fastdetect-tail,tier4,2025-11-18#t1017w3,2025-11-18,Mr. Ames,211,,,AI,1.0,4.0,AI
nb_2025-11-18#t1018w1,nb_rescore,NB,A5-tail-union,tier4,2025-11-18#t1018w1,2025-11-18,Mr. Ames,72,,,Human,0.0,4.0,Human
nb_2025-11-18#t922w0,nb_rescore,NB,A-consensus-2025,tier4,2025-11-18#t922w0,2025-11-18,Hon. Mr. McKee,91,,,AI,1.0,4.0,Human
nb_2025-11-18#t938w0,nb_rescore,NB,A5-tail-union,tier4,2025-11-18#t938w0,2025-11-18,Ms. Mitton,162,,,Human,0.0,4.0,Human
nb_2025-11-18#t951w0,nb_rescore,NB,A5-tail-union,tier4,2025-11-18#t951w0,2025-11-18,Hon. Ms. Holt,148,,,Human,0.0,4.0,Human
nb_2025-11-18#t954w0,nb_rescore,NB,A5-tail-union,tier4,2025-11-18#t954w0,2025-11-18,Mr. Savoie,50,,,Human,0.0,4.0,Human
nb_2025-11-20#t1098w0,nb_rescore,NB,A3-fused,tier4,2025-11-20#t1098w0,2025-11-20,Mr. Doucet,250,,,Mixed,0.2379286140203476,4.0,Human
nb_2025-11-20#t1101w0,nb_rescore,NB,A3-fused,tier4,2025-11-20#t1101w0,2025-11-20,Mr. J. LeBlanc,148,,,AI,1.0,4.0,AI
nb_2025-11-20#t1126w0,nb_rescore,NB,A5-tail-union,tier4,2025-11-20#t1126w0,2025-11-20,Mr. Savoie,55,,,Human,0.0,4.0,Human
nb_2025-11-20#t1192w1,nb_rescore,NB,A2-fastdetect-tail,tier4,2025-11-20#t1192w1,2025-11-20,Mr. Weir,355,,,Human,0.0,4.0,Human
nb_2025-11-20#t1208w2,nb_rescore,NB,A4-speaker,tier4,2025-11-20#t1208w2,2025-11-20,Mr. Robichaud,331,,,Human,0.0,4.0,Human
nb_2025-11-20#t1215w1,nb_rescore,NB,B-decile-7,tier4,2025-11-20#t1215w1,2025-11-20,Mr. Weir,130,,,Human,0.0,4.0,Human
nb_2025-11-21#t1245w0,nb_rescore,NB,A5-tail-union,tier4,2025-11-21#t1245w0,2025-11-21,Mr. Savoie,66,,,Human,0.0,4.0,Human
nb_2025-11-21#t1255w0,nb_rescore,NB,B-decile-9,tier4,2025-11-21#t1255w0,2025-11-21,Mr. Savoie,80,,,Human,0.0,4.0,Human
nb_2025-11-21#t1269w0,nb_rescore,NB,B-decile-6,tier4,2025-11-21#t1269w0,2025-11-21,Mr. Austin,142,,,Human,0.0,4.0,Human
nb_2025-11-21#t1271w0,nb_rescore,NB,B-decile-2,tier4,2025-11-21#t1271w0,2025-11-21,Mr. Austin,188,,,Human,0.0,4.0,Human
nb_2025-11-21#t1276w0,nb_rescore,NB,B-decile-7,tier4,2025-11-21#t1276w0,2025-11-21,Hon. Ms. Holt,164,,,Human,0.0,4.0,Human
nb_2025-11-21#t1281w1,nb_rescore,NB,A3-fused,tier4,2025-11-21#t1281w1,2025-11-21,Ms. Conroy,87,,,Human,0.0,4.0,Human
nb_2025-12-02#t1316w0,nb_rescore,NB,B-decile-4,tier4,2025-12-02#t1316w0,2025-12-02,Mr. Austin,327,,,Human,0.0,4.0,Human
nb_2025-12-02#t1317w0,nb_rescore,NB,B-decile-4,tier4,2025-12-02#t1317w0,2025-12-02,Hon. Ms. Holt,151,,,Human,0.0,4.0,Human
nb_2025-12-02#t1333w0,nb_rescore,NB,A-consensus-2025,tier4,2025-12-02#t1333w0,2025-12-02,Hon. C. Chiasson,161,,,Human,0.0,4.0,Human
nb_2025-12-02#t1342w0,nb_rescore,NB,B-decile-8,tier4,2025-12-02#t1342w0,2025-12-02,Mr. Coon,147,,,Human,0.0,4.0,Human
nb_2025-12-02#t1358w0,nb_rescore,NB,A5-tail-union,tier4,2025-12-02#t1358w0,2025-12-02,Hon. Mr. Dornan,179,,,Human,0.0,4.0,Human
nb_2025-12-02#t1365w0,nb_rescore,NB,A-consensus-2025,tier4,2025-12-02#t1365w0,2025-12-02,Hon. Ms. Thériault,143,,,AI,1.0,4.0,AI
nb_2025-12-02#t1369w3,nb_rescore,NB,B-decile-6,tier4,2025-12-02#t1369w3,2025-12-02,Hon. Mr. Legacy,355,,,Human,0.0,4.0,Human
nb_2025-12-02#t1374w0,nb_rescore,NB,A5-tail-union,tier4,2025-12-02#t1374w0,2025-12-02,Madam Speaker,59,,,Human,0.0,4.0,Human
nb_2025-12-03#t1386w0,nb_rescore,NB,A3-fused,tier4,2025-12-03#t1386w0,2025-12-03,Hon. Mr. Gauvin,98,,,Human,0.0,4.0,Human
nb_2025-12-03#t1388w0,nb_rescore,NB,A5-tail-union,tier4,2025-12-03#t1388w0,2025-12-03,Mr. Coon,156,,,Human,0.0,4.0,Human
nb_2025-12-03#t1390w0,nb_rescore,NB,A5-tail-union,tier4,2025-12-03#t1390w0,2025-12-03,Mr. Russell,97,,,Human,0.0,4.0,Human
nb_2025-12-03#t1396w0,nb_rescore,NB,A5-tail-union,tier4,2025-12-03#t1396w0,2025-12-03,Ms. Sodhi,130,,,AI,1.0,4.0,AI
nb_2025-12-03#t1430w0,nb_rescore,NB,B-decile-2,tier4,2025-12-03#t1430w0,2025-12-03,Ms. Mitton,147,,,Human,0.0,4.0,Human
nb_2025-12-03#t1439w0,nb_rescore,NB,A5-tail-union,tier4,2025-12-03#t1439w0,2025-12-03,Mr. Coon,238,,,Human,0.0,4.0,Human
nb_2025-12-03#t1441w0,nb_rescore,NB,A2-fastdetect-tail,tier4,2025-12-03#t1441w0,2025-12-03,Mr. Russell,215,,,AI,1.0,4.0,AI
nb_2025-12-03#t1447w0,nb_rescore,NB,A5-tail-union,tier4,2025-12-03#t1447w0,2025-12-03,Mr. Oliver,81,,,Human,0.0,4.0,Human
nb_2025-12-04#t1466w0,nb_rescore,NB,A7-speech-llr,tier4,2025-12-04#t1466w0,2025-12-04,Mr. Monahan,159,,,AI,1.0,4.0,AI
nb_2025-12-04#t1473w0,nb_rescore,NB,B-decile-9,tier4,2025-12-04#t1473w0,2025-12-04,Mr. Doucet,153,,,Human,0.0,4.0,Human
nb_2025-12-04#t1477w0,nb_rescore,NB,A3-fused,tier4,2025-12-04#t1477w0,2025-12-04,Mr. Robichaud,136,,,AI,1.0,4.0,AI
nb_2025-12-04#t1492w0,nb_rescore,NB,A5-tail-union,tier4,2025-12-04#t1492w0,2025-12-04,Mr. Savoie,83,,,Human,0.0,4.0,Human
nb_2025-12-04#t1509w0,nb_rescore,NB,B-decile-3,tier4,2025-12-04#t1509w0,2025-12-04,Hon. Mr. Gauvin,169,,,Human,0.0,4.0,Human
nb_2025-12-04#t1516w1,nb_rescore,NB,A-consensus-2025,tier4,2025-12-04#t1516w1,2025-12-04,Ms. M. Wilson,90,,,AI,1.0,4.0,AI
nb_2025-12-04#t1550w1,nb_rescore,NB,A5-tail-union,tier4,2025-12-04#t1550w1,2025-12-04,Hon. Mr. McKee,306,,,AI,1.0,4.0,AI
nb_2025-12-05#t1565w0,nb_rescore,NB,A7-speech-llr,tier4,2025-12-05#t1565w0,2025-12-05,Mr. Russell,146,,,Human,0.0,4.0,Human
nb_2025-12-05#t1574w0,nb_rescore,NB,A-consensus-2025,tier4,2025-12-05#t1574w0,2025-12-05,Ms. Conroy,165,,,AI,1.0,4.0,Human
nb_2025-12-05#t1595w0,nb_rescore,NB,A2-fastdetect-tail,tier4,2025-12-05#t1595w0,2025-12-05,Mr. Austin,189,,,Human,0.0,4.0,Human
nb_2025-12-05#t1622w0,nb_rescore,NB,B-decile-3,tier4,2025-12-05#t1622w0,2025-12-05,Mr. M. LeBlanc,337,,,Human,0.0,4.0,Human
nb_2025-12-05#t1622w1,nb_rescore,NB,A3-fused,tier4,2025-12-05#t1622w1,2025-12-05,Mr. M. LeBlanc,224,,,Human,0.0,4.0,Human
nb_2025-12-09#t1625w0,nb_rescore,NB,A5-tail-union,tier4,2025-12-09#t1625w0,2025-12-09,Mr. Russell,159,,,AI,1.0,4.0,AI
nb_2025-12-09#t1632w0,nb_rescore,NB,A4-speaker,tier4,2025-12-09#t1632w0,2025-12-09,Mr. Robichaud,132,,,AI,1.0,4.0,AI
nb_2025-12-09#t1639w0,nb_rescore,NB,B-decile-9,tier4,2025-12-09#t1639w0,2025-12-09,Mr. Robichaud,138,,,AI,1.0,4.0,AI
nb_2025-12-09#t1640w0,nb_rescore,NB,B-decile-7,tier4,2025-12-09#t1640w0,2025-12-09,Mr. Oliver,112,,,Human,0.0,4.0,Human
nb_2025-12-09#t1645w0,nb_rescore,NB,B-decile-5,tier4,2025-12-09#t1645w0,2025-12-09,Mr. Savoie,155,,,Human,0.0,4.0,Human
nb_2025-12-09#t1692w1,nb_rescore,NB,B-decile-2,tier4,2025-12-09#t1692w1,2025-12-09,Mr. M. LeBlanc,349,,,Mixed,0.1812414973974228,4.0,Human
nb_2025-12-09#t1701w0,nb_rescore,NB,B-decile-1,tier4,2025-12-09#t1701w0,2025-12-09,Hon. Mr. Legacy,79,,,Human,0.0,4.0,Human
nb_2025-12-09#t1702w0,nb_rescore,NB,B-decile-9,tier4,2025-12-09#t1702w0,2025-12-09,Mr. Monahan,96,,,Human,0.0,4.0,Human
nb_2025-12-09#t1719w0,nb_rescore,NB,A-consensus-2025,tier4,2025-12-09#t1719w0,2025-12-09,Mr. Chair,336,,,Human,0.0,4.0,Human
nb_2025-12-10#t1730w0,nb_rescore,NB,A6-lexicon,tier4,2025-12-10#t1730w0,2025-12-10,Mr. Weir,142,,,AI,1.0,4.0,AI
nb_2025-12-10#t1736w0,nb_rescore,NB,A5-tail-union,tier4,2025-12-10#t1736w0,2025-12-10,Mr. J. LeBlanc,143,,,Human,0.0,4.0,Human
nb_2025-12-10#t1743w0,nb_rescore,NB,A-consensus-2025,tier4,2025-12-10#t1743w0,2025-12-10,Mr. Monahan,160,,,AI,1.0,4.0,AI
nb_2025-12-10#t1744w0,nb_rescore,NB,A-consensus-2025,tier4,2025-12-10#t1744w0,2025-12-10,Mr. Savoie,72,,,Human,0.0,4.0,Human
nb_2025-12-10#t1759w0,nb_rescore,NB,A5-tail-union,tier4,2025-12-10#t1759w0,2025-12-10,Hon. Mr. Hickey,180,,,Human,0.0,4.0,Human
nb_2025-12-10#t1766w0,nb_rescore,NB,A3-fused,tier4,2025-12-10#t1766w0,2025-12-10,Hon. Ms. Boudreau,111,,,Human,0.0,4.0,Human
nb_2025-12-10#t1767w0,nb_rescore,NB,B-decile-7,tier4,2025-12-10#t1767w0,2025-12-10,Ms. Mitton,123,,,Human,0.0,4.0,Human
nb_2025-12-10#t1773w0,nb_rescore,NB,A5-tail-union,tier4,2025-12-10#t1773w0,2025-12-10,Mr. Monahan,145,,,AI,1.0,4.0,Human
nb_2025-12-10#t1783w0,nb_rescore,NB,A-consensus-2025,tier4,2025-12-10#t1783w0,2025-12-10,Mr. Russell,261,,,AI,1.0,4.0,AI
nb_2025-12-10#t1790w0,nb_rescore,NB,A5-tail-union,tier4,2025-12-10#t1790w0,2025-12-10,Ms. Mitton,69,,,Human,0.0,4.0,Human
nb_2025-12-11#t1802w0,nb_rescore,NB,B-decile-7,tier4,2025-12-11#t1802w0,2025-12-11,Ms. Wilcott,147,,,Mixed,0.5079908967018127,4.0,Human
nb_2025-12-11#t1803w0,nb_rescore,NB,A5-tail-union,tier4,2025-12-11#t1803w0,2025-12-11,Mr. Russell,168,,,Mixed,0.0,4.0,AI
nb_2025-12-11#t1804w0,nb_rescore,NB,B-decile-8,tier4,2025-12-11#t1804w0,2025-12-11,Mr. Mallet,114,,,Human,0.0,4.0,Human
nb_2025-12-11#t1806w0,nb_rescore,NB,B-decile-7,tier4,2025-12-11#t1806w0,2025-12-11,Ms. Mitton,163,,,Human,0.0,4.0,Human
nb_2025-12-11#t1813w0,nb_rescore,NB,A4-speaker,tier4,2025-12-11#t1813w0,2025-12-11,Mr. Robichaud,151,,,Human,0.0,4.0,Human
nb_2025-12-11#t1816w0,nb_rescore,NB,B-decile-1,tier4,2025-12-11#t1816w0,2025-12-11,Mr. Austin,217,,,Human,0.0,4.0,Human
nb_2025-12-11#t1817w0,nb_rescore,NB,B-decile-1,tier4,2025-12-11#t1817w0,2025-12-11,Mr. Savoie,205,,,Human,0.0,4.0,Human
nb_2025-12-11#t1822w0,nb_rescore,NB,B-decile-3,tier4,2025-12-11#t1822w0,2025-12-11,Hon. Mr. McKee,201,,,Human,0.0,4.0,Human
nb_2025-12-11#t1848w0,nb_rescore,NB,B-decile-9,tier4,2025-12-11#t1848w0,2025-12-11,Hon. Mr. Dornan,143,,,Human,0.0,4.0,Human
nb_2025-12-11#t1859w0,nb_rescore,NB,A6-lexicon,tier4,2025-12-11#t1859w0,2025-12-11,Hon. Mr. Randall,333,,,AI,1.0,4.0,AI
nb_2025-12-11#t1877w2,nb_rescore,NB,A-consensus-2025,tier4,2025-12-11#t1877w2,2025-12-11,Madam Speaker,119,,,AI,1.0,4.0,Human
nb_2025-12-11#t1904w0,nb_rescore,NB,B-decile-6,tier4,2025-12-11#t1904w0,2025-12-11,Mr. Savoie,92,,,Human,0.0,4.0,Human
nb_2025-12-11#t1916w8,nb_rescore,NB,A-consensus-2025,tier4,2025-12-11#t1916w8,2025-12-11,,92,,,Human,0.0,4.0,Human
nb_2025-12-12#t1971w0,nb_rescore,NB,A5-tail-union,tier4,2025-12-12#t1971w0,2025-12-12,Mr. Savoie,58,,,Human,0.0,4.0,Human
nb_2025-12-12#t2018w0,nb_rescore,NB,A5-tail-union,tier4,2025-12-12#t2018w0,2025-12-12,Her Honour,72,,,Human,0.0,4.0,Human
nb_2025-12-12#t2026w1,nb_rescore,NB,A-consensus-2025,tier4,2025-12-12#t2026w1,2025-12-12,Mr. Savoie,303,,,Human,0.0,4.0,Human
nb_2026-03-17#t2033w0,nb_rescore,NB,B-decile-5,tier4,2026-03-17#t2033w0,2026-03-17,,348,,,Human,0.0,4.0,Human
nb_2026-03-17#t2035w0,nb_rescore,NB,A7-speech-llr,tier4,2026-03-17#t2035w0,2026-03-17,,331,,,Human,0.0,4.0,Human
nb_2026-03-17#t2035w1,nb_rescore,NB,A7-speech-llr,tier4,2026-03-17#t2035w1,2026-03-17,,337,,,Human,0.0,4.0,Human
nb_2026-03-17#t2035w2,nb_rescore,NB,A6-lexicon,tier4,2026-03-17#t2035w2,2026-03-17,,323,,,Mixed,0.18352940678596497,4.0,Human
nb_2026-03-17#t2035w3,nb_rescore,NB,A7-speech-llr,tier4,2026-03-17#t2035w3,2026-03-17,,188,,,Human,0.0,4.0,Human
nb_2026-03-17#t2037w0,nb_rescore,NB,A5-tail-union,tier4,2026-03-17#t2037w0,2026-03-17,,61,,,Human,0.0,4.0,Human
nb_2026-03-18#t2043w0,nb_rescore,NB,A2-fastdetect-tail,tier4,2026-03-18#t2043w0,2026-03-18,Mr. J. LeBlanc,315,,,AI,1.0,4.0,AI
nb_2026-03-18#t2047w1,nb_rescore,NB,B-decile-8,tier4,2026-03-18#t2047w1,2026-03-18,Hon. Mr. Dornan,129,,,Human,0.0,4.0,Human
nb_2026-03-18#t2051w0,nb_rescore,NB,B-decile-1,tier4,2026-03-18#t2051w0,2026-03-18,Mr. Coon,160,,,Human,0.0,4.0,Human
nb_2026-03-18#t2064w0,nb_rescore,NB,B-decile-8,tier4,2026-03-18#t2064w0,2026-03-18,Mr. Cullins,131,,,Human,0.0,4.0,Human
nb_2026-03-18#t2097w0,nb_rescore,NB,A5-tail-union,tier4,2026-03-18#t2097w0,2026-03-18,Ms. M. Johnson,62,,,Human,0.0,4.0,Human
nb_2026-03-18#t2107w0,nb_rescore,NB,B-decile-9,tier4,2026-03-18#t2107w0,2026-03-18,Ms. Mitton,156,,,Human,0.0,4.0,Human
nb_2026-03-18#t2129w0,nb_rescore,NB,A-consensus-2025,tier4,2026-03-18#t2129w0,2026-03-18,Ms. Mitton,99,,,Human,0.0,4.0,Human
nb_2026-03-18#t2135w12,nb_rescore,NB,B-decile-1,tier4,2026-03-18#t2135w12,2026-03-18,Mr. M. LeBlanc,344,,,AI,0.8071766495704651,4.0,AI
nb_2026-03-19#t2136w0,nb_rescore,NB,A5-tail-union,tier4,2026-03-19#t2136w0,2026-03-19,Mr. M. LeBlanc,54,,,Human,0.0,4.0,Human
nb_2026-03-20#t2140w0,nb_rescore,NB,A3-fused,tier4,2026-03-20#t2140w0,2026-03-20,Ms. Mitton,65,,,Human,0.0,4.0,Human
nb_2026-03-20#t2144w0,nb_rescore,NB,A-consensus-2025,tier4,2026-03-20#t2144w0,2026-03-20,Mr. Savoie,120,,,AI,1.0,4.0,AI
nb_2026-03-20#t2159w0,nb_rescore,NB,A4-speaker,tier4,2026-03-20#t2159w0,2026-03-20,Mr. Robichaud,127,,,Human,0.0,4.0,Human
nb_2026-03-20#t2162w0,nb_rescore,NB,B-decile-8,tier4,2026-03-20#t2162w0,2026-03-20,Mr. Hogan,142,,,Human,0.0,4.0,Human
nb_2026-03-20#t2201w0,nb_rescore,NB,B-decile-2,tier4,2026-03-20#t2201w0,2026-03-20,Hon. Ms. Miles,170,,,AI,1.0,4.0,AI
nb_2026-03-20#t2229w0,nb_rescore,NB,A6-lexicon,tier4,2026-03-20#t2229w0,2026-03-20,Hon. Ms. Miles,286,,,AI,1.0,4.0,Human
nb_2026-03-20#t2229w1,nb_rescore,NB,B-decile-5,tier4,2026-03-20#t2229w1,2026-03-20,Hon. Ms. Miles,154,,,Mixed,0.413600891828537,4.0,Human
nb_2026-03-24#t2246w0,nb_rescore,NB,B-decile-0,tier4,2026-03-24#t2246w0,2026-03-24,Hon. Ms. Miles,241,,,Human,0.0,4.0,Human
nb_2026-03-24#t2305w3,nb_rescore,NB,A-consensus-2025,tier4,2026-03-24#t2305w3,2026-03-24,Mr. M. LeBlanc,208,,,AI,1.0,4.0,AI
nb_2026-03-24#t2307w2,nb_rescore,NB,A5-tail-union,tier4,2026-03-24#t2307w2,2026-03-24,Ms. Mitton,246,,,Human,0.0,4.0,Human
nb_2026-03-24#t2311w0,nb_rescore,NB,B-decile-6,tier4,2026-03-24#t2311w0,2026-03-24,Mr. Weir,321,,,Human,0.0,4.0,Human
nb_2026-03-24#t2318w10,nb_rescore,NB,B-decile-3,tier4,2026-03-24#t2318w10,2026-03-24,Mr. Austin,181,,,Human,0.0,4.0,Human
nb_2026-03-24#t2318w3,nb_rescore,NB,B-decile-3,tier4,2026-03-24#t2318w3,2026-03-24,Mr. Austin,291,,,Human,0.0,4.0,Human
nb_2026-03-24#t2320w1,nb_rescore,NB,B-decile-5,tier4,2026-03-24#t2320w1,2026-03-24,Mr. Austin,215,,,Human,0.0,4.0,Human
nb_2026-03-24#t2321w2,nb_rescore,NB,A5-tail-union,tier4,2026-03-24#t2321w2,2026-03-24,Mr. Austin,321,,,Human,0.0,4.0,Human
nb_2026-03-24#t2322w4,nb_rescore,NB,A2-fastdetect-tail,tier4,2026-03-24#t2322w4,2026-03-24,Ms. Mitton,247,,,Human,0.0,4.0,Human
nb_2026-03-24#t2322w8,nb_rescore,NB,B-decile-4,tier4,2026-03-24#t2322w8,2026-03-24,Ms. Mitton,317,,,Human,0.0,4.0,Human
nb_2026-03-24#t2322w9,nb_rescore,NB,B-decile-3,tier4,2026-03-24#t2322w9,2026-03-24,Ms. Mitton,338,,,Human,0.0,4.0,Human
nb_2026-03-24#t2323w3,nb_rescore,NB,B-decile-2,tier4,2026-03-24#t2323w3,2026-03-24,Ms. Wilcott,330,,,Mixed,0.1505376398563385,4.0,Human
nb_2026-03-24#t2327w3,nb_rescore,NB,A5-tail-union,tier4,2026-03-24#t2327w3,2026-03-24,,61,,,Human,0.0,4.0,Human
nb_2026-03-24#t2329w0,nb_rescore,NB,B-decile-7,tier4,2026-03-24#t2329w0,2026-03-24,Mr. M. LeBlanc,68,,,Human,0.0,4.0,Human
nb_2026-03-25#t2343w0,nb_rescore,NB,A6-lexicon,tier4,2026-03-25#t2343w0,2026-03-25,Ms. Mitton,132,,,Mixed,0.44290289282798767,4.0,Human
nb_2026-03-25#t2346w0,nb_rescore,NB,B-decile-3,tier4,2026-03-25#t2346w0,2026-03-25,Mr. Mallet,288,,,AI,1.0,4.0,AI
nb_2026-03-25#t2350w0,nb_rescore,NB,A5-tail-union,tier4,2026-03-25#t2350w0,2026-03-25,Ms. M. Wilson,150,,,AI,1.0,4.0,AI
nb_2026-03-25#t2355w0,nb_rescore,NB,A4-speaker,tier4,2026-03-25#t2355w0,2026-03-25,Mr. Robichaud,159,,,Human,0.0,4.0,Human
nb_2026-03-25#t2363w0,nb_rescore,NB,B-decile-6,tier4,2026-03-25#t2363w0,2026-03-25,Mr. Hogan,128,,,Human,0.0,4.0,Human
nb_2026-03-25#t2368w0,nb_rescore,NB,B-decile-0,tier4,2026-03-25#t2368w0,2026-03-25,Hon. Mr. Dornan,104,,,Human,0.0,4.0,Human
nb_2026-03-25#t2389w0,nb_rescore,NB,B-decile-8,tier4,2026-03-25#t2389w0,2026-03-25,Hon. Ms. Holt,193,,,Human,0.0,4.0,Human
nb_2026-03-25#t2403w0,nb_rescore,NB,B-decile-5,tier4,2026-03-25#t2403w0,2026-03-25,Hon. Mr. D’Amours,116,,,Human,0.0,4.0,Human
nb_2026-03-25#t2412w0,nb_rescore,NB,B-decile-7,tier4,2026-03-25#t2412w0,2026-03-25,Mr. Coon,359,,,Human,0.0,4.0,Human
nb_2026-03-25#t2418w7,nb_rescore,NB,A5-tail-union,tier4,2026-03-25#t2418w7,2026-03-25,Mr. M. LeBlanc,50,,,Human,0.0,4.0,Human
nb_2026-03-25#t2431w0,nb_rescore,NB,B-decile-4,tier4,2026-03-25#t2431w0,2026-03-25,Mr. Hogan,207,,,Human,0.0,4.0,Human
nb_2026-03-25#t2442w0,nb_rescore,NB,A5-tail-union,tier4,2026-03-25#t2442w0,2026-03-25,Mr. Hogan,60,,,Human,0.0,4.0,Human
nb_2026-03-25#t2449w0,nb_rescore,NB,B-decile-5,tier4,2026-03-25#t2449w0,2026-03-25,Ms. Conroy,307,,,Human,0.0,4.0,Human
nb_2026-03-25#t2453w3,nb_rescore,NB,B-decile-3,tier4,2026-03-25#t2453w3,2026-03-25,Ms. Conroy,246,,,Mixed,0.4791524410247803,4.0,Human
nb_2026-03-25#t2454w4,nb_rescore,NB,A4-speaker,tier4,2026-03-25#t2454w4,2026-03-25,Mr. Robichaud,344,,,Human,0.0,4.0,Human
nb_2026-03-26#t2462w0,nb_rescore,NB,A-consensus-2025,tier4,2026-03-26#t2462w0,2026-03-26,Mr. Arseneault,150,,,AI,1.0,4.0,AI
nb_2026-03-26#t2472w0,nb_rescore,NB,B-decile-3,tier4,2026-03-26#t2472w0,2026-03-26,Ms. Mitton,175,,,Human,0.0,4.0,Human
nb_2026-03-26#t2495w0,nb_rescore,NB,A5-tail-union,tier4,2026-03-26#t2495w0,2026-03-26,Hon. Ms. Holt,151,,,Human,0.0,4.0,Human
nb_2026-03-26#t2519w0,nb_rescore,NB,B-decile-0,tier4,2026-03-26#t2519w0,2026-03-26,Mr. M. LeBlanc,74,,,Human,0.0,4.0,Human
nb_2026-03-26#t2533w0,nb_rescore,NB,A7-speech-llr,tier4,2026-03-26#t2533w0,2026-03-26,Hon. Ms. Thériault,149,,,AI,1.0,4.0,Human
nb_2026-03-26#t2545w3,nb_rescore,NB,A-consensus-2025,tier4,2026-03-26#t2545w3,2026-03-26,Mr. Bourque,110,,,Human,0.0,4.0,Human
nb_2026-03-26#t2551w0,nb_rescore,NB,A-consensus-2025,tier4,2026-03-26#t2551w0,2026-03-26,Mr. M. LeBlanc,300,,,AI,1.0,4.0,AI
nb_2026-03-26#t2552w4,nb_rescore,NB,A2-fastdetect-tail,tier4,2026-03-26#t2552w4,2026-03-26,Mr. Savoie,254,,,Human,0.0,4.0,Human
nb_2026-03-26#t2554w4,nb_rescore,NB,B-decile-6,tier4,2026-03-26#t2554w4,2026-03-26,Mr. Coon,252,,,Human,0.0,4.0,Human
nb_2026-05-05#t2572w0,nb_rescore,NB,A6-lexicon,tier4,2026-05-05#t2572w0,2026-05-05,Mr. Ames,154,,,AI,1.0,4.0,Human
nb_2026-05-05#t2576w0,nb_rescore,NB,A4-speaker,tier4,2026-05-05#t2576w0,2026-05-05,Mr. Robichaud,154,,,AI,1.0,4.0,Human
nb_2026-05-05#t2580w0,nb_rescore,NB,A3-fused,tier4,2026-05-05#t2580w0,2026-05-05,Mr. Bourque,145,,,AI,1.0,4.0,Human
nb_2026-05-05#t2582w0,nb_rescore,NB,B-decile-0,tier4,2026-05-05#t2582w0,2026-05-05,Mr. Mallet,115,,,AI,1.0,4.0,Human
nb_2026-05-05#t2605w0,nb_rescore,NB,B-decile-8,tier4,2026-05-05#t2605w0,2026-05-05,Hon. Mr. Randall,155,,,Human,0.0,4.0,Human
nb_2026-05-05#t2615w0,nb_rescore,NB,B-decile-8,tier4,2026-05-05#t2615w0,2026-05-05,Hon. Mr. Dornan,183,,,Human,0.0,4.0,Human
nb_2026-05-05#t2616w0,nb_rescore,NB,B-decile-9,tier4,2026-05-05#t2616w0,2026-05-05,Mr. Hogan,113,,,Human,0.0,4.0,Human
nb_2026-05-06#t2644w0,nb_rescore,NB,A-consensus-2025,tier4,2026-05-06#t2644w0,2026-05-06,Ms. M. Wilson,161,,,AI,1.0,4.0,AI
nb_2026-05-06#t2648w0,nb_rescore,NB,A5-tail-union,tier4,2026-05-06#t2648w0,2026-05-06,Ms. S. Wilson,148,,,AI,1.0,4.0,Human
nb_2026-05-06#t2666w0,nb_rescore,NB,B-decile-9,tier4,2026-05-06#t2666w0,2026-05-06,Hon. Mr. Randall,121,,,Human,0.0,4.0,Human
nb_2026-05-06#t2693w0,nb_rescore,NB,B-decile-9,tier4,2026-05-06#t2693w0,2026-05-06,Ms. Mitton,164,,,Human,0.0,4.0,Human
nb_2026-05-06#t2695w0,nb_rescore,NB,A5-tail-union,tier4,2026-05-06#t2695w0,2026-05-06,Mr. Savoie,57,,,Human,0.0,4.0,Human
nb_2026-05-06#t2699w0,nb_rescore,NB,B-decile-0,tier4,2026-05-06#t2699w0,2026-05-06,Hon. Mr. D’Amours,130,,,AI,1.0,4.0,Mixed
nb_2026-05-06#t2700w0,nb_rescore,NB,B-decile-7,tier4,2026-05-06#t2700w0,2026-05-06,Ms. M. Wilson,174,,,AI,0.8390804529190063,4.0,Human
nb_2026-05-06#t2703w0,nb_rescore,NB,A5-tail-union,tier4,2026-05-06#t2703w0,2026-05-06,Mr. Weir,162,,,AI,1.0,4.0,AI
nb_2026-05-06#t2732w0,nb_rescore,NB,A5-tail-union,tier4,2026-05-06#t2732w0,2026-05-06,Mr. M. LeBlanc,66,,,Human,0.0,4.0,Human
nb_2026-05-06#t2742w1,nb_rescore,NB,B-decile-6,tier4,2026-05-06#t2742w1,2026-05-06,Mr. Monahan,318,,,AI,1.0,4.0,AI
nb_2026-05-07#t2771w0,nb_rescore,NB,B-decile-4,tier4,2026-05-07#t2771w0,2026-05-07,Ms. S. Wilson,154,,,Human,0.0,4.0,Human
nb_2026-05-07#t2790w0,nb_rescore,NB,B-decile-4,tier4,2026-05-07#t2790w0,2026-05-07,Mr. Savoie,182,,,Human,0.0,4.0,Human
nb_2026-05-07#t2830w5,nb_rescore,NB,A5-tail-union,tier4,2026-05-07#t2830w5,2026-05-07,Mr. Lee,288,,,AI,1.0,4.0,AI
nb_2026-05-07#t2832w1,nb_rescore,NB,B-decile-8,tier4,2026-05-07#t2832w1,2026-05-07,Hon. Mr. Dornan,304,,,Human,0.0,4.0,Human
nb_2026-05-07#t2847w1,nb_rescore,NB,B-decile-5,tier4,2026-05-07#t2847w1,2026-05-07,Mr. Coon,297,,,Human,0.0,4.0,Human
nb_2026-05-07#t2862w0,nb_rescore,NB,B-decile-0,tier4,2026-05-07#t2862w0,2026-05-07,Mr. M. LeBlanc,67,,,Human,0.0,4.0,Human
nb_2026-05-07#t2871w3,nb_rescore,NB,A-consensus-2025,tier4,2026-05-07#t2871w3,2026-05-07,Mr. Lee,337,,,AI,1.0,4.0,AI
nb_2026-05-07#t2871w4,nb_rescore,NB,A6-lexicon,tier4,2026-05-07#t2871w4,2026-05-07,Mr. Lee,351,,,AI,1.0,4.0,AI
nb_2026-05-07#t2871w5,nb_rescore,NB,A5-tail-union,tier4,2026-05-07#t2871w5,2026-05-07,Mr. Lee,274,,,Mixed,0.39267677068710327,4.0,Human
nb_2026-05-08#t2891w0,nb_rescore,NB,B-decile-1,tier4,2026-05-08#t2891w0,2026-05-08,Ms. M. Johnson,226,,,Mixed,0.5494339466094971,4.0,Human
nb_2026-05-08#t2909w0,nb_rescore,NB,A4-speaker,tier4,2026-05-08#t2909w0,2026-05-08,Mr. Robichaud,153,,,AI,1.0,4.0,Human
nb_2026-05-08#t2948w0,nb_rescore,NB,A5-tail-union,tier4,2026-05-08#t2948w0,2026-05-08,Hon. Mr. Randall,248,,,AI,1.0,4.0,AI
nb_2026-05-08#t2962w0,nb_rescore,NB,A5-tail-union,tier4,2026-05-08#t2962w0,2026-05-08,Mr. Hogan,76,,,Human,0.0,4.0,Human
nb_2026-05-08#t2968w0,nb_rescore,NB,A5-tail-union,tier4,2026-05-08#t2968w0,2026-05-08,Mr. Hogan,61,,,Human,0.0,4.0,Human
nb_2026-05-08#t2976w0,nb_rescore,NB,B-decile-1,tier4,2026-05-08#t2976w0,2026-05-08,Mr. Hogan,263,,,Human,0.0,4.0,Human
nb_2026-05-08#t2991w0,nb_rescore,NB,A2-fastdetect-tail,tier4,2026-05-08#t2991w0,2026-05-08,Mr. Hogan,205,,,Human,0.0,4.0,Human
nb_2026-05-08#t2992w0,nb_rescore,NB,A5-tail-union,tier4,2026-05-08#t2992w0,2026-05-08,Mr. M. LeBlanc,61,,,Human,0.0,4.0,Human
nb_2026-05-13#t2998w0,nb_rescore,NB,A-consensus-2025,tier4,2026-05-13#t2998w0,2026-05-13,Hon. Ms. Holt,269,,,Mixed,0.23961469531059265,4.0,AI
nb_2026-05-13#t3056w0,nb_rescore,NB,B-decile-6,tier4,2026-05-13#t3056w0,2026-05-13,Mr. Savoie,79,,,Human,0.0,4.0,Human
nb_2026-05-13#t3057w0,nb_rescore,NB,A5-tail-union,tier4,2026-05-13#t3057w0,2026-05-13,Hon. Mr. Gauvin,203,,,AI,1.0,4.0,AI
nb_2026-05-13#t3058w0,nb_rescore,NB,A-consensus-2025,tier4,2026-05-13#t3058w0,2026-05-13,Mr. Ames,126,,,AI,1.0,4.0,AI
nb_2026-05-13#t3063w0,nb_rescore,NB,A-consensus-2025,tier4,2026-05-13#t3063w0,2026-05-13,Hon. C. Chiasson,309,,,Mixed,0.5407202243804932,4.0,Mixed
nb_2026-05-13#t3072w1,nb_rescore,NB,B-decile-7,tier4,2026-05-13#t3072w1,2026-05-13,Mr. Ames,351,,,AI,1.0,4.0,AI
nb_2026-05-13#t3076w2,nb_rescore,NB,B-decile-8,tier4,2026-05-13#t3076w2,2026-05-13,Mr. Ames,352,,,AI,1.0,4.0,AI
nb_2026-05-13#t3081w0,nb_rescore,NB,A5-tail-union,tier4,2026-05-13#t3081w0,2026-05-13,Mr. Monahan,76,,,Human,0.0,4.0,Human
nb_2026-05-13#t3084w0,nb_rescore,NB,B-decile-4,tier4,2026-05-13#t3084w0,2026-05-13,Mr. Monahan,336,,,Human,0.0,4.0,Human
nb_2026-05-13#t3087w1,nb_rescore,NB,B-decile-9,tier4,2026-05-13#t3087w1,2026-05-13,Mr. Weir,92,,,Human,0.0,4.0,Human
nb_2026-05-13#t3095w5,nb_rescore,NB,A5-tail-union,tier4,2026-05-13#t3095w5,2026-05-13,,187,,,Human,0.0,4.0,Human
nb_2026-05-14#t3100w0,nb_rescore,NB,A7-speech-llr,tier4,2026-05-14#t3100w0,2026-05-14,Mr. Weir,148,,,Mixed,0.32083332538604736,4.0,Human
nb_2026-05-14#t3111w0,nb_rescore,NB,A5-tail-union,tier4,2026-05-14#t3111w0,2026-05-14,Ms. Vautour,155,,,AI,1.0,4.0,AI
nb_2026-05-14#t3160w0,nb_rescore,NB,A5-tail-union,tier4,2026-05-14#t3160w0,2026-05-14,Hon. Mr. Randall,185,,,AI,1.0,4.0,AI
nb_2026-05-14#t3166w1,nb_rescore,NB,B-decile-4,tier4,2026-05-14#t3166w1,2026-05-14,Mr. M. LeBlanc,360,,,AI,1.0,4.0,Human
nb_2026-05-14#t3170w0,nb_rescore,NB,B-decile-4,tier4,2026-05-14#t3170w0,2026-05-14,Mr. Bourque,156,,,Human,0.0,4.0,Human
nb_2026-05-14#t3171w0,nb_rescore,NB,B-decile-3,tier4,2026-05-14#t3171w0,2026-05-14,Ms. M. Wilson,233,,,Mixed,0.2578125,4.0,Human
nb_2026-05-14#t3199w2,nb_rescore,NB,A6-lexicon,tier4,2026-05-14#t3199w2,2026-05-14,Ms. Vautour,332,,,AI,1.0,4.0,AI
nb_SE#debate_response:Bill 23 and the integrity of:0,nb_rescore,NB,D-synthetic-se,tier4,SE#debate_response:Bill 23 and the integrity of:0,synthetic-2026,SYNTHETIC,182,,,AI,1.0,4.0,AI
nb_SE#debate_response:Diwali celebrations in New B:0,nb_rescore,NB,D-synthetic-se,tier4,SE#debate_response:Diwali celebrations in New B:0,synthetic-2026,SYNTHETIC,159,,,AI,1.0,4.0,AI
nb_SE#debate_response:National Police Week and com:0,nb_rescore,NB,D-synthetic-se,tier4,SE#debate_response:National Police Week and com:0,synthetic-2026,SYNTHETIC,212,,,AI,1.0,4.0,AI
nb_SE#debate_response:addiction treatment and ment:0,nb_rescore,NB,D-synthetic-se,tier4,SE#debate_response:addiction treatment and ment:0,synthetic-2026,SYNTHETIC,200,,,AI,1.0,4.0,AI
nb_SE#debate_response:school bus breakdowns and st:0,nb_rescore,NB,D-synthetic-se,tier4,SE#debate_response:school bus breakdowns and st:0,synthetic-2026,SYNTHETIC,173,,,AI,1.0,4.0,AI
nb_SE#debate_response:thanking firefighters after :0,nb_rescore,NB,D-synthetic-se,tier4,SE#debate_response:thanking firefighters after :0,synthetic-2026,SYNTHETIC,173,,,AI,1.0,4.0,AI
nb_SE#debate_response:the 2026-27 capital budget o:0,nb_rescore,NB,D-synthetic-se,tier4,SE#debate_response:the 2026-27 capital budget o:0,synthetic-2026,SYNTHETIC,165,,,AI,1.0,4.0,AI
nb_SE#debate_response:the Mactaquac dam refurbishm:0,nb_rescore,NB,D-synthetic-se,tier4,SE#debate_response:the Mactaquac dam refurbishm:0,synthetic-2026,SYNTHETIC,201,,,AI,1.0,4.0,AI
nb_SE#debate_response:the Nursing Home Without Wal:0,nb_rescore,NB,D-synthetic-se,tier4,SE#debate_response:the Nursing Home Without Wal:0,synthetic-2026,SYNTHETIC,155,,,AI,1.0,4.0,AI
nb_SE#debate_response:the property assessment free:0,nb_rescore,NB,D-synthetic-se,tier4,SE#debate_response:the property assessment free:0,synthetic-2026,SYNTHETIC,202,,,AI,1.0,4.0,AI
nb_SE#members_statement:Bill 23 and the integrity of:0,nb_rescore,NB,D-synthetic-se,tier4,SE#members_statement:Bill 23 and the integrity of:0,synthetic-2026,SYNTHETIC,175,,,AI,1.0,4.0,AI
nb_SE#members_statement:Diwali celebrations in New B:0,nb_rescore,NB,D-synthetic-se,tier4,SE#members_statement:Diwali celebrations in New B:0,synthetic-2026,SYNTHETIC,187,,,AI,1.0,4.0,AI
nb_SE#members_statement:National Police Week and com:0,nb_rescore,NB,D-synthetic-se,tier4,SE#members_statement:National Police Week and com:0,synthetic-2026,SYNTHETIC,169,,,AI,1.0,4.0,AI
nb_SE#members_statement:addiction treatment and ment:0,nb_rescore,NB,D-synthetic-se,tier4,SE#members_statement:addiction treatment and ment:0,synthetic-2026,SYNTHETIC,195,,,AI,1.0,4.0,AI
nb_SE#members_statement:school bus breakdowns and st:0,nb_rescore,NB,D-synthetic-se,tier4,SE#members_statement:school bus breakdowns and st:0,synthetic-2026,SYNTHETIC,148,,,AI,1.0,4.0,AI
nb_SE#members_statement:thanking firefighters after :0,nb_rescore,NB,D-synthetic-se,tier4,SE#members_statement:thanking firefighters after :0,synthetic-2026,SYNTHETIC,191,,,AI,1.0,4.0,AI
nb_SE#members_statement:the 2026-27 capital budget o:0,nb_rescore,NB,D-synthetic-se,tier4,SE#members_statement:the 2026-27 capital budget o:0,synthetic-2026,SYNTHETIC,193,,,AI,1.0,4.0,AI
nb_SE#members_statement:the Mactaquac dam refurbishm:0,nb_rescore,NB,D-synthetic-se,tier4,SE#members_statement:the Mactaquac dam refurbishm:0,synthetic-2026,SYNTHETIC,185,,,AI,1.0,4.0,AI
nb_SE#members_statement:the Nursing Home Without Wal:0,nb_rescore,NB,D-synthetic-se,tier4,SE#members_statement:the Nursing Home Without Wal:0,synthetic-2026,SYNTHETIC,181,,,AI,1.0,4.0,AI
nb_SE#members_statement:the property assessment free:0,nb_rescore,NB,D-synthetic-se,tier4,SE#members_statement:the property assessment free:0,synthetic-2026,SYNTHETIC,171,,,AI,1.0,4.0,AI
nb_SE#ministers_statement:Bill 23 and the integrity of:0,nb_rescore,NB,D-synthetic-se,tier4,SE#ministers_statement:Bill 23 and the integrity of:0,synthetic-2026,SYNTHETIC,229,,,AI,1.0,4.0,AI
nb_SE#ministers_statement:Diwali celebrations in New B:0,nb_rescore,NB,D-synthetic-se,tier4,SE#ministers_statement:Diwali celebrations in New B:0,synthetic-2026,SYNTHETIC,194,,,AI,1.0,4.0,AI
nb_SE#ministers_statement:National Police Week and com:0,nb_rescore,NB,D-synthetic-se,tier4,SE#ministers_statement:National Police Week and com:0,synthetic-2026,SYNTHETIC,213,,,AI,1.0,4.0,AI
nb_SE#ministers_statement:addiction treatment and ment:0,nb_rescore,NB,D-synthetic-se,tier4,SE#ministers_statement:addiction treatment and ment:0,synthetic-2026,SYNTHETIC,210,,,AI,1.0,4.0,AI
nb_SE#ministers_statement:school bus breakdowns and st:0,nb_rescore,NB,D-synthetic-se,tier4,SE#ministers_statement:school bus breakdowns and st:0,synthetic-2026,SYNTHETIC,239,,,AI,1.0,4.0,AI
nb_SE#ministers_statement:thanking firefighters after :0,nb_rescore,NB,D-synthetic-se,tier4,SE#ministers_statement:thanking firefighters after :0,synthetic-2026,SYNTHETIC,230,,,AI,1.0,4.0,AI
nb_SE#ministers_statement:the 2026-27 capital budget o:0,nb_rescore,NB,D-synthetic-se,tier4,SE#ministers_statement:the 2026-27 capital budget o:0,synthetic-2026,SYNTHETIC,236,,,AI,1.0,4.0,AI
nb_SE#ministers_statement:the Mactaquac dam refurbishm:0,nb_rescore,NB,D-synthetic-se,tier4,SE#ministers_statement:the Mactaquac dam refurbishm:0,synthetic-2026,SYNTHETIC,229,,,AI,1.0,4.0,AI
nb_SE#ministers_statement:the Nursing Home Without Wal:0,nb_rescore,NB,D-synthetic-se,tier4,SE#ministers_statement:the Nursing Home Without Wal:0,synthetic-2026,SYNTHETIC,228,,,AI,1.0,4.0,AI
nb_SE#ministers_statement:the property assessment free:0,nb_rescore,NB,D-synthetic-se,tier4,SE#ministers_statement:the property assessment free:0,synthetic-2026,SYNTHETIC,196,,,AI,1.0,4.0,AI
nb_SE#qp_question:Bill 23 and the integrity of:0,nb_rescore,NB,D-synthetic-se,tier4,SE#qp_question:Bill 23 and the integrity of:0,synthetic-2026,SYNTHETIC,138,,,AI,1.0,4.0,AI
nb_SE#qp_question:Diwali celebrations in New B:0,nb_rescore,NB,D-synthetic-se,tier4,SE#qp_question:Diwali celebrations in New B:0,synthetic-2026,SYNTHETIC,85,,,AI,1.0,4.0,AI
nb_SE#qp_question:National Police Week and com:0,nb_rescore,NB,D-synthetic-se,tier4,SE#qp_question:National Police Week and com:0,synthetic-2026,SYNTHETIC,77,,,AI,1.0,4.0,AI
nb_SE#qp_question:addiction treatment and ment:0,nb_rescore,NB,D-synthetic-se,tier4,SE#qp_question:addiction treatment and ment:0,synthetic-2026,SYNTHETIC,82,,,AI,1.0,4.0,AI
nb_SE#qp_question:school bus breakdowns and st:0,nb_rescore,NB,D-synthetic-se,tier4,SE#qp_question:school bus breakdowns and st:0,synthetic-2026,SYNTHETIC,111,,,AI,1.0,4.0,AI
nb_SE#qp_question:thanking firefighters after :0,nb_rescore,NB,D-synthetic-se,tier4,SE#qp_question:thanking firefighters after :0,synthetic-2026,SYNTHETIC,102,,,AI,1.0,4.0,AI
nb_SE#qp_question:the 2026-27 capital budget o:0,nb_rescore,NB,D-synthetic-se,tier4,SE#qp_question:the 2026-27 capital budget o:0,synthetic-2026,SYNTHETIC,118,,,AI,1.0,4.0,AI
nb_SE#qp_question:the Mactaquac dam refurbishm:0,nb_rescore,NB,D-synthetic-se,tier4,SE#qp_question:the Mactaquac dam refurbishm:0,synthetic-2026,SYNTHETIC,102,,,AI,1.0,4.0,AI
nb_SE#qp_question:the Nursing Home Without Wal:0,nb_rescore,NB,D-synthetic-se,tier4,SE#qp_question:the Nursing Home Without Wal:0,synthetic-2026,SYNTHETIC,96,,,AI,1.0,4.0,AI
nb_SE#qp_question:the property assessment free:0,nb_rescore,NB,D-synthetic-se,tier4,SE#qp_question:the property assessment free:0,synthetic-2026,SYNTHETIC,105,,,AI,1.0,4.0,AI
