id,text
v3_000,"Thank you, Madam Speaker. The holidays are nearly here and the main streets are lit up, so I rise to talk about our local businesses.

Small businesses are the heartbeat of New Brunswick's economy. I mean the cafe on the corner, the two restaurants where neighbours end up on a Friday, the boutiques and artisans who give our downtowns their character, the hardware store a family has run through three generations, and the producer out in the county who keeps proving world-class quality gets made right here at home. Those owners hire people. They sponsor teams, they buy the ad in the rink, and they build up the economy of this province as surely as any big employer does.

When we shop locally at Christmas, we do more than buy a gift. We put money back into our own communities. For every dollar spent locally, more of that dollar stays right here in New Brunswick. It pays wages. It goes to a supplier down the road. It keeps a regional economy standing. That is what lets a small shop grow and keep serving the people around it.

I was at the Premier's open house yesterday. Plenty of people came through, and the vendors ranged from a soap maker to a woodworker to somebody selling smoked salmon. I spoke to one vendor who started his business at nine years old.

Go to the markets this season. Walk into the neighbourhood shops. Find the artisans and buy the New Brunswick-made thing. Choices big and small make a real difference, and when we shop local we support the people who support us all year. A special thank-you to everyone who was out yesterday and spoke to those vendors."
v3_001,"Madam Speaker, we have launched a new provincial website so that more New Brunswickers know what the arts and culture sector is doing here, take part in it and value it. The address is artsculturenb.ca. It puts up painters, potters, fiddlers, furniture makers, and the woman who does the wreaths at the Saturday market, and it landed just in time for the holidays. A New Brunswicker can use it to find a gift, a concert, a play, a studio open house. That money goes to our creative sector and to the people who make our communities better places to live. Artists and artisans can post their own events and their own work on the site themselves. Go to artsculturenb.ca and see what people in this province are making. Shop local this month. Buy from someone who lives here. Thank you, Madam Speaker."
v3_002,"Madam Speaker, as New Brunswickers gather around their Christmas trees this year, they will be exchanging more than just presents. They will be swapping stories about how the Holt government has turned its promises into mere ornaments: sparkly, shiny and completely hollow. First there was the balanced budget promise, the one we were told would be delivered with fanfare and a drumroll. I am not an accountant, and I will not pretend I can follow every line of a fiscal update. But I can read the bottom of the page. Instead of a balanced budget, what do we have? A deficit under the tree. It is not even the gift that keeps on giving. It is the gift that keeps on taking. Then there is the carbon tax adjustor. I do not know what is holding it up. Nobody has told me. It is a promise so simple it could have been done with the stroke of a pen. Instead it is still there, adding to the prices of everything we buy every day, and I checked my own grocery bill on Saturday. That is not the Christmas cheer we were hoping for. New Brunswickers have been promised a lot of things. This government needs to realize that promises are not just for the Christmas season. They are for the whole year. It is time they delivered."
v3_003,"Madam Speaker, last September our government put a universal breakfast program into every school in New Brunswick. I have not been in all of them — I have been in maybe a dozen — but in the ones I have seen, it is working. Milk, eggs, bagels, apples, cheese. FeedNB gets it there, and a good deal of it comes off farms and out of businesses here at home. I don't have the uptake numbers in front of me today, and I should. What I do hear from parents is that it saves them money and saves them the argument at half past seven, and with grocery prices where they are, that is not nothing. A kid who has eaten can concentrate. That is the investment. Every child deserves to start the day on the right foot, Madam Speaker. Thank you."
v3_004,"Mr. Speaker, the minister said in this House on Tuesday that public transportation is ""already covered off"" between his department and the municipalities. I wrote the words down. It is not covered off. The From Surfaces to Services report was tabled in 2017, it said this province needed one coordinated approach to public transportation, and since then nothing meaningful has been done with it. The member opposite is welcome to stand up and name the department that wrote the strategy. No one did.

Give one minister the file and you have somebody who leads it, pays for it, and stands here to answer for how the pieces fit together across New Brunswick.

BE IT THEREFORE RESOLVED that the Legislative Assembly urge the Premier to give the Minister of Transportation and Infrastructure a mandate for public transportation;

BE IT FURTHER RESOLVED that the Legislative Assembly urge the government to allocate the necessary resources and funding to support the New Brunswick Transportation Authority to create and implement a public transportation strategy.

(Debate adjourned.)"
v3_005,"Mr. Speaker, I would like to congratulate two remarkable authors, Margaret Augustine and Lauren Beck of L'nui Menikuk, also known as Indian Island First Nation, on an exceptional cultural contribution. Their recent cookbook is Mitji— Let's Eat!: Mi'kmaq Recipes from Sikniktuk, and it stands as a testament to the rich heritage and the resilient spirit of the people of Mi'gma'gi. This is not just a cookbook. The recipes are enriched with the historical knowledge and the lived experience of a community that has thrived on these lands for generations. Through the work, the authors address the profound impacts of gastrocolonialism, that is, how colonial policies altered traditional Indigenous recipes. I invite all members to join me in congratulating them for their commitment to preserving Indigenous culinary traditions. Margaret Augustine. Lauren Beck. Wela'lin."
v3_006,"Madam Speaker, the eligibility line is 90 days of continuous employment, which is where the other provinces have put it as well. The member opposite said a few minutes ago that the documentation requirement is a hurdle for sick people. I would ask her to read the clause once more. It says ""reasonable medical documentation"" confirming that the employee is unable to work due to illness or injury. Reasonable. An employer may require it. An employer is not obliged to. The other phrase under dispute is ""as soon as possible"": the employee informs the employer of the need for leave as soon as possible, and not by some fixed date, because nobody schedules a diagnosis. Those elements are what support the integrity of the leave and what give an employer reasonable assurance and predictability. This amendment to the Employment Standards Act is an important step forward. It strengthens protections for workers at the point where they are most vulnerable, and it does that without pretending every workplace in this province is the same. No one should have to choose between their health and their job. There is a clear gap in the Act as it stands and this closes it. Thank you very much, Madam Speaker."
v3_007,"Madam Speaker, I want to talk about Charlie Burrell, who shows what one person can do in their community. In Little River, he has put his own time and energy into building a facility and small homes for people experiencing homelessness — people most of us walk past.

I'm not an expert in housing policy or in addiction, and I won't pretend to be. Charlie doesn't have the credentials either. What he has is that he saw his friends, and that is the word he always uses, sleeping on the streets of Moncton, and he did not turn away. He stepped up. He brings food and clothing, and beyond that he offers dignity and hope.

He reminds us that homelessness is not just an issue but a human experience, and that everybody deserves kindness and a chance. Other people see him at it and get involved themselves.

Thank you, Charlie. You care so much."
v3_008,"Thank you, Madam Speaker. Members of the New Brunswick Psychiatric Association are in the gallery today. Welcome. Among them are members of the association's Board of Directors, who have come here on a sitting day, in November, to sit through question period, which tells you something about how seriously they take the work. And the work is essential to supporting the mental health and well-being of New Brunswickers. Their continued collaboration with the Department of Health is strengthening our system of care. I'll say more later today. Thank you. Thank you, Madam Speaker."
v3_009,"Mr. Speaker, labour relations in this province are in bad shape, and that hurts everybody who is trying to build something here. This government's legislative approach has fallen short, and members ought to say so plainly. Going forward, ministers should sit down with workers and their representatives, tell them the truth and treat them decently. Nobody's interests get protected if the people on either side of that table do not trust each other.

Mr. Speaker, in December 2019 this Legislature fought over the essential service legislation, which was aimed squarely at the wages of nursing home workers. That was Bill 17. It imposed conditions on how labour arbitrators could rule on those wages, and it set off an intense reaction. Members of the New Brunswick Council of Nursing Home Unions came out against it. They said it would hurt their ability to strike and their ability to negotiate a fair wage. They were loud about it, and they were loud because they were angry.

The bill passed. Union leaders called it an attack on public-sector labour unions, and they did not soften it. Sharon Teare, President of the New Brunswick Council of Nursing Home Unions, avowed that their voice would not be silenced. She said they would keep fighting for better working conditions and for the rights of nursing home workers, the people who bathe your mother, feed her and sit with her when nobody else can.

Bill 17 showed how much tension there is between this government and the labour unions in New Brunswick, on labour rights and on collective bargaining in particular. It showed how hard it is for a government to hold the interests of workers, the interests of taxpayers and its own books in the same hand.

And when we look back at December 2019 and the passage of Bill 17, we cannot forget who was standing where. There are members of this government today who opposed that bill. They said so out loud. They said they would stand with the labour movement as long as they could. That has changed today."
v3_010,"Madam Speaker, I rise today to recognize the enduring significance of the Battle of Vimy Ridge, fought on April 9, 1917, one of the defining moments in Canada's history. I am not a historian, and I will not pretend to know the tactics of that morning the way some members here do. What I know is the date and what it cost. Since 2006, the Vimy Foundation has been dedicated to raising awareness and educating Canadians about the battle. This year's campaign marks the beginning of the lead up to the 110th anniversary of the Battle of Vimy Ridge in 2027, a milestone moment in Canada's history. As we approach Vimy Week, from April 2 to 9, I encourage all members of this House to wear the Vimy Pin. Composed of four distinct colours, this pin symbolizes the unity and sacrifice of the four Canadian divisions that fought together for the first time at Vimy Ridge. I had to be told that, the first year I wore one. By wearing it, we honour their courage, their sacrifice and the legacy they left behind, a legacy that helped define our nation. Thank you, Madam Speaker."
v3_011,"Thank you, Mr. Speaker. I rise to propose a resolution calling on the government to take action to protect the health of New Brunswickers after COVID-19.

Now, I am not a public health physician. I have never run an outbreak response, and there are members here who follow the epidemiology far better than I do. But I sat through the same briefings everyone else did, and over the break I finally read the Public Health Act, which I probably should have done years ago.

Here is what I take from it. The Act is the cornerstone of how this province answers a pandemic and it is out of date. RSV belongs in it. There should be a straightforward mechanism for Public Health to add an illness to the list it tracks, and as far as I can find, there isn't one. If I have that wrong, I would like the minister to tell me so.

Being prepared is not free. It is infrastructure and it is people. Well, mostly it is people. Two winters ago the clinic in my riding was running with staff pulled off other duties, and one of them told me she had not had a day off in five weeks.

So we need the public education piece too, running early, in plain language, before anybody is frightened.

And we know who gets hurt worst: seniors, people with underlying conditions, and people in communities that were already short of care. I don't know how you write that into a statute properly. I do know that a plan written for the average New Brunswicker will not find them, because it didn't last time.

I ask members to support the resolution calling on the government to amend the Public Health Act and to put real strategies behind it. We were not ready. I include myself in that."
v3_012,"Madam Speaker, each year, on November 11, we pause to remember the brave men and women who served and continue to serve our country in times of war, conflict, and peacekeeping. Their courage and their sacrifice, and their unwavering sense of duty, safeguarded the freedom and the values we cherish today. We also pay tribute to the families who have carried the burden of separation and grief, and to the veterans who have returned home changed by their service. They carry it still. Branch 4 will have the wreaths out by 10:30, the way they always do, and the pipes will be cold. As we gather at cenotaphs and memorials across New Brunswick, may we renew our commitment to peace, to gratitude, and to never forgetting those who gave everything for Canada. Lest we forget. Lest we forget."
v3_013,"Madam Speaker, I rise today with great satisfaction and deep gratitude. After years of waiting, the new, hoped-for bridge between Île Lamèque and Shippagan will be built. I will be honest with the House: there were days when I did not think I would get to stand here and say that. I am not an engineer, and I could not tell you the first thing about the design of it. I thank the Premier, Hon. Susan Holt, and the Minister of Transportation and Infrastructure, Hon. Chuck Chiasson, for coming to the region in February and making that announcement, which marks a turning point for our communities. The bridge will simplify travel, it will strengthen our connections with the rest of the province, and it will bring new economic opportunities to our people. So, on behalf of my constituents, I want to express our gratitude to everyone who played a role in making this important project for our community happen. Thank you, Madam Speaker."
v3_014,"Madam Speaker, I am not an assessor and I have never worked a day at Service New Brunswick, so if I get a term wrong here, correct me.

Property owners pay the cost of assessment fee on the property tax bill, which is through Finance and Treasury Board. But property owners pay charges through their local tax rates as well. So the same property owner is paying both directly and indirectly. First, the Finance and Treasury Board cost of assessment fee on the property tax bill. Second, the municipal taxes that are used to pay Service New Brunswick for assessment services.

I knock on doors and I can tell you that many New Brunswickers do not know this. They assume the visible charge on the bill is the entirety of the assessment cost. They do not realize that municipalities also pay Service New Brunswick. I did not know it either until a councillor in my riding walked me through her budget line by line at her kitchen table.

Now, I want to be clear about something. This motion does not criticize the work performed by Service New Brunswick. Assessment services are necessary, and municipalities require accurate assessments. The assessment system itself is important, and Service New Brunswick provides an actual service to municipalities and rural districts.

But Finance and Treasury Board is not providing assessment services. It is charging the cost of assessment fee directly through property tax bills. That is the charge this motion seeks to eliminate, and after years of rising assessments and rising costs, I would argue the time has come.

People increasingly feel that the government financially benefits from circumstances ordinary citizens cannot control. No homeowner asked for property values to surge. No senior on a fixed income requested that their modest home be reassessed at a dramatically higher value, and we all know — we all know — that assessments have gone up in recent years. As I mentioned previously, with COVID-19 and people moving to New Brunswick, home prices have gone up. Fair market value is a big factor in the assessment process, and that is why there was such an increase.

Every time those assessments rise, the government revenue from this fee rises as well. Is that deliberate? I don't know. But it creates the perception that government financially benefits from the same assessment increases that cause property owners stress and anxiety."
v3_015,"Madam Speaker, I learned with deep sadness of the passing of Roméo H. LeBlanc at the age of 102. He was an Acadian veteran of the Second World War. As Minister responsible for Military Affairs, I want to pay tribute to him for his exceptional service to our country. I never served myself. I don't know what he carried home from that war, and I am not going to stand here and pretend that I do. What I do know is what he did afterward. He spent his life supporting the veterans' community and preserving the memory of those who served. Courage, devotion, a deep sense of duty — that is the record, and it will be a source of inspiration for generations after ours. On behalf of the government of New Brunswick, I extend my sincerest condolences to his family, his loved ones and the entire veterans' community. We will remember him."
v3_016,"Mr. Speaker, Margaret Augustine and Lauren Beck of L'nui Menikuk have written a cookbook. It is called Mitji — Let's Eat!: Mi'kmaq Recipes from Sikniktuk. I have a copy on the counter at home. This is not just a cookbook, Mr. Speaker. The recipes come with the historical knowledge and the lived experience of a community that has thrived on these lands for generations, the people of Mi'gma'gi. The book also takes on gastrocolonialism — how colonial policies altered traditional Indigenous recipes — and it does that plainly, dish by dish. Mr. Speaker, I invite all members to join me in congratulating Margaret Augustine and Lauren Beck for their commitment to preserving Indigenous culinary traditions."
v3_017,"Madam Speaker, each year, on November 11, we pause to remember the brave men and women who served and continue to serve our country in times of war, conflict and peacekeeping. Their courage, their sacrifice and their unwavering sense of duty safeguarded the freedom and the values we cherish today. I have never served. I don't know what that is, and I am not going to stand here and pretend I do. So I will say the part I do understand. We pay tribute to the families who have carried the burden of separation and grief, and to the veterans who returned home changed by their service. My uncle came back and did not talk about it for forty years, and then one afternoon at the kitchen table he did, for about ten minutes. As we gather at cenotaphs and memorials across New Brunswick, may we renew our commitment to peace, to gratitude and to never forgetting those who gave everything for Canada. Lest we forget."
v3_018,"Mr. Speaker, our labour relations are in bad shape, and that hangs over every effort we make together to build prosperity in New Brunswick. This government's legislative approach has fallen short, and we should say so. Going forward, talk to workers and their representatives honestly, show them the books, treat them decently. Trust gets built that way or not at all.

In December 2019, this Legislature fought over the essential service legislation, which was specifically focused on the wages of nursing home workers. Bill 17 imposed conditions on how labour arbitrators could rule on those wages, and it set off an intense reaction. Members of the New Brunswick Council of Nursing Home Unions came out against it. They said it would hurt their ability to strike and to negotiate a fair wage. You could hear how deep the discontent ran. The law passed anyway, and union leaders called it what they thought it was: an attack on public-sector labour unions. Sharon Teare, President of the New Brunswick Council of Nursing Home Unions, avowed that their voice would not be silenced. She said they would keep fighting for better working conditions and for the rights of nursing home workers, who play a valuable role in our society.

Bill 17 showed how much tension sits between this government and the unions, particularly over labour rights and collective bargaining. It also showed how hard it is to balance what workers need against what taxpayers pay and what the government owes its own books.

When we look back at December 2019 and the passage of Bill 17, we can't forget that some of the people sitting on the government benches today were against that bill. They said so out loud. They said they would stand with labour movements as long as they could. That has changed today."
v3_019,"Thank you, Madam Speaker. I want to welcome members of the New Brunswick Psychiatric Association, who are with us in the gallery. Several of them sit on the association's board of directors. Some drove in this morning from as far as Bathurst. Their work matters to the mental health and well-being of New Brunswickers. The association keeps working with the Department of Health, and that work is strengthening our system of care. I will have more to say about it later today. Thank you, Madam Speaker."
v3_020,"The bill lets the minister order a health care organization to carry out an improvement plan. Somebody has to be answerable, and I accept that. I am less sure the centre should decide for everyone. The Moncton Hospital, a clinic that opens two days a week, and a nursing home in Perth-Andover do not run the same shop, and a plan written in Fredericton may fit none of them. The minister should back the judgment of the people doing the work rather than stand in for it.

Subsection 6.2 troubles me most. It says that where the Health Quality and Patient Safety Act conflicts with the Right to Information and Protection of Privacy Act, this Act wins. That is a big legal step. Government members are cutting a hole in the main privacy law that covers public bodies. The minister says people speak more freely in a review when they know it stays in the room, and that is fair — a nurse will not describe what went wrong at three in the morning if she thinks it ends up in a newspaper. Still, you do not override a privacy statute without showing your work. What could be withheld? From whom? Who hears the appeal? Keep too much secret and the public stops trusting the review. Keep too little and nobody reports honestly. The committee should go through this clause line by line.

The bill also widens who may see incident reports and improvement findings. Hospitals should learn from each other. Nobody should learn a patient's name. My worry is that the reports climb to a director's inbox and never come back down to the nurse, the ward clerk, and the porter who could stop the next fall.

Then there is the paperwork. New committees. New reports to file. New forms. Forms are not evil, but they have to buy something for the patient. Every hour a clinician spends at a keyboard is an hour off the floor. The minister has to show us what that hour bought."
v3_021,"Madam Speaker, I want to recognize the work of Nursing Home Without Walls. Today the program is partnering with Horizon Health Network so that seniors can get hands-on help setting up MyHealthNB. A senior who gets an account set up can then look at her own blood work and her own imaging results. Horizon staff will be at the Miramichi Regional Hospital, in the main lobby, from 7 a.m. until 2 p.m. today. What a person needs to bring is a Medicare card and an email address. Staff will check who you are and hand you the access code right there in the lobby. There is no appointment to book and nothing to register for. Nursing Home Without Walls is taking another barrier out of the way for seniors in our communities, and it makes a real difference in their lives. Seniors stay connected to their own health information, and they stay healthy and independent. Thank you, Madam Speaker."
v3_022,"I want to start by recognizing that this bill brings forward some long-overdue clarifications. It updates outdated language, replacing legal Latin with plain English. That might seem minor, but clarity matters. It also simplifies the processes for brewers and distillers to sell their products at approved farmers' markets, something small producers in New Brunswick have been asking for. A microbrewery or a craft distillery that can connect directly with customers at the Saint Andrews farmers' market, the St. George market, or the market in St. Stephen helps drive tourism, encourages entrepreneurship, and strengthens local economies. I applaud that part of the bill, Madam Speaker. It recognizes the growth of a sector that has truly taken off here in New Brunswick.

That said, modernization should never come without scrutiny. This bill sets production caps: 500 000 L for brewers, and 75 000 L for distillers. That's when they are operating as agents under the New Brunswick Liquor Corporation. Now, those sound like fair limits.

So I have some questions for the minister. Where did 500 000 come from? Who was in the room when it was set? Were our smaller producers consulted, or was it primarily the larger operators? What happens to a brewer at 490 000 L who has a good year? Does this inadvertently favour those already established, and make it harder for a start-up to grow into the next tier? I don't know. The bill doesn't tell me.

We've seen this before, where well-intentioned changes to regulation end up benefitting those with deeper pockets and more connections, while small business owners struggle with compliance costs and licencing delays. Craft producers in St. Croix and elsewhere in New Brunswick, people who pour their life savings into starting a brewery or a distillery, say: We don't mind rules, but we just want fair ones.

This is my question for the government: How will fairness between small and large producers be ensured under this new licencing model?"
v3_023,"Thank you, Madam Speaker. I am pleased to welcome members of the New Brunswick Psychiatric Association to the gallery today, including members of their Board of Directors. I am not a clinician, and I would not pretend to understand half of what they get through in a week. What I do know is that their work is essential to New Brunswickers' mental health and well-being. Well, that and this: the association keeps working with the Department of Health, and that collaboration is strengthening our system of care. I'll have more to say on it later today. Thank you. Thank you, Madam Speaker."
v3_024,"Madam Speaker, Roméo H. LeBlanc is gone, at the age of 102. He was an Acadian veteran of the Second World War. I am the Minister responsible for Military Affairs, and I want to pay tribute to him for his exceptional service to our country. The war was the short part of it, because for the rest of a very long life he showed up for the veterans' community and made sure that the people who served were remembered by somebody other than their own families. That is unglamorous work. He did it anyway. His life was marked by courage, devotion and a deep sense of duty, and it will be a source of inspiration for this generation and the ones that come after it. On behalf of the government of New Brunswick, I extend my sincerest condolences to his family, his loved ones and the entire veterans' community. We will remember him."
v3_025,"Mr. Speaker, the From Surfaces to Services report came out in 2017. It said this province needed one coordinated approach to public transportation, and eight years on, nothing meaningful has been done with it. Nobody in this building owns the file. A minister who owned it would set the direction, sign the cheques, and answer to us here when the buses don't run. What we have instead is a handful of municipal transit systems, two ferry runs, school buses parked in a lot from nine until two, the vans the nursing homes send out, and a woman in my riding who drives her neighbour to dialysis twice a week because there is nothing else.

BE IT THEREFORE RESOLVED that the Legislative Assembly urge the Premier to give the Minister of Transportation and Infrastructure a mandate for public transportation;

BE IT FURTHER RESOLVED that the Legislative Assembly urge the government to allocate the resources and the funding the New Brunswick Transportation Authority needs to write a public transportation strategy and then carry it out."
v3_026,"Madam Speaker, Roméo H. LeBlanc has died at the age of 102. He was an Acadian veteran of the Second World War, and as Minister responsible for Military Affairs I want to pay tribute to him. I should say that I met him once, and briefly, so most of what I know about him I know secondhand. I am not going to stand here and tell members I understand what he saw overseas. I don't. What I can speak to is the part after. He spent the rest of his life with the veterans' community, and he worked to keep the memory of those who served from slipping away. He was courageous and he was dutiful. Younger people will find something in that. On behalf of the government of New Brunswick, I extend my condolences to his family, to his loved ones, and to the veterans' community. We will remember him. Thank you, Madam Speaker."
v3_027,"Madam Speaker, on October 24 our community marked the 105th birthday of Ms. Laura Anderson of Newtown. Laura is strong, she is sharp, and she still lives on her own in her own house. Until just this past month she kept her driver's licence and took short drives out the rural roads she has driven for most of her life. She knows where every washout is on them. Laura and her late husband, Thomas, were pioneers in farming and in tourism in this province. The two of them helped found the Agricultural Museum of New Brunswick, and that museum still holds equipment they saved from the scrap pile. In 1967 they opened the first farm vacation in New Brunswick. Families came out from Saint John, from Quebec, from the United States, from England, and one summer from Australia. Laura still tells the stories, and she still gets the timing right. We congratulate her on 105 years and we thank her for what she and Thomas built."
v3_028,"Madam Speaker, I rise today with great satisfaction. After years of waiting, the new bridge between Île Lamèque and Shippagan will be built. Years. I thank the Premier, Hon. Susan Holt, and the Minister of Transportation and Infrastructure, Hon. Chuck Chiasson, who came to the region in February and stood there and made that announcement in front of people who had stopped expecting to hear it in their lifetime. That day was a turning point for our communities. The bridge will make the trip simpler. It will tie us to the rest of the province. It will bring work. On behalf of my constituents, I want to thank everyone who had a hand in it. Thank you, Madam Speaker."
v3_029,"Madam Speaker, we have launched a new provincial website for the arts in New Brunswick. It is called artsculturenb.ca, and it is up just in time for the holiday season. The site puts our artists and artisans in front of the people looking for them — potters, fiddlers, weavers, glassblowers, and whoever is running the craft table at a church basement sale in December. A New Brunswicker can use it to find a gift nobody else will be giving, or a concert, or a show. That money goes to our creative sector and to the people in it, who do a great deal for the communities they live in. Anyone working in arts and culture can put their own events and their own work up on the site themselves. Go and look at artsculturenb.ca. Shop local this holiday season, and buy from the person who made the thing. Thank you, Madam Speaker."
v3_030,"The bill lets the minister require a health care organization to put an improvement plan in place. Accountability matters. I don't quarrel with that. What worries me is the centre deciding for everybody. A hospital in Saint John, a clinic in Neguac, and a nursing home are not running the same problem, and a plan written downtown may not fit any of them. I want the minister's authority to back up professional judgment, not stand in for it.

The part that concerns me most is subsection 6.2. If the Health Quality and Patient Safety Act conflicts with the Right to Information and Protection of Privacy Act, this Act prevails. That is a serious legal step. We are carving an exception out of one of the core privacy protections that govern public institutions. The government says confidentiality gets people talking honestly in a safety review. I think that is true. A nurse who fears a transcript will not say what she saw at three in the morning.

But honestly, I am not a lawyer, and I have read subsection 6.2 four times and I still cannot tell you what it does in practice. What information could be withheld? From whom? What is the appeal? Nobody at the briefing could give me an example. That clause needs to be gone over line by line in committee.

The bill also widens disclosure of incident reports and improvement findings. Learning across the system is a good objective, so long as the patient's name never travels with it. My fear is that the reports go up and never come back down. The nurse who could prevent the next fall never reads them.

One word runs through this bill: administration. New committees. New reporting obligations. New procedure. Administration is not a bad thing in itself, but the growth in it has to be matched by clinical benefit. Every hour a clinician spends preparing a report is an hour not spent with a patient. The government has to show us that the paperwork buys better care. I have not seen that yet."
v3_031,"Mr. Speaker, two authors from L'nui Menikuk, also known as Indian Island First Nation, have done something remarkable. Margaret Augustine and Lauren Beck have published Mitji — Let's Eat!: Mi'kmaq Recipes from Sikniktuk. This is not just a cookbook. The recipes are enriched with the historical knowledge and the lived experience of a community that has thrived on these lands for generations, the people of Mi'gma'gi. Through their work, the authors have addressed gastrocolonialism — how colonial policies altered traditional Indigenous recipes. Mr. Speaker, I invite all members to join me in congratulating Margaret Augustine and Lauren Beck for their commitment to preserving Indigenous culinary traditions. And I would tell members to go and get the book. Mine already has two pages stuck together."
v3_032,"Mr. Speaker, today I would like to congratulate two remarkable authors, Margaret Augustine and Lauren Beck of L'nui Menikuk, also known as Indian Island First Nation, on their recent cookbook, Mitji— Let's Eat!: Mi'kmaq Recipes from Sikniktuk. It stands as a testament to the rich heritage and resilient spirit of the people of Mi'gma'gi. Mr. Speaker, this is not just a cookbook. The recipes are enriched with the historical knowledge and lived experience of a community that has thrived on these lands for generations. I will admit I had not come across the word gastrocolonialism before I picked this book up, and I will probably mispronounce more than one word on this page before I sit down. The authors address it head-on — how colonial policies altered traditional Indigenous recipes. Mr. Speaker, I invite all members to join me in congratulating Margaret Augustine and Lauren Beck for their commitment to preserving Indigenous culinary traditions."
v3_033,"Madam Speaker, the bill's aim is to make things easier, not to approve anything. It takes barriers out of the way, it spells out what is needed, and it puts New Brunswick in a position to move forward when the time comes. The proposal was drafted in consultation with several departments: the Office of the Attorney General, Service New Brunswick, the Department of Post-Secondary Education, Training and Labour, and the Department of Indigenous Affairs. The NB Power Board of Directors will continue to oversee all security measures, and that is where financial accountability and risk mitigation sit. The information will be used as the basis of the proposal submitted for government approval, and it will be reviewed before any authorization is given. Madam Speaker, the Mactaquac Life Achievement Project is a bold and necessary investment in our energy future. I am going to say that one more time: the Mactaquac Life Achievement Project is a bold and necessary investment in our energy future. The bill ensures that we are prepared to meet its challenges with the flexibility, clarity, and confidence required. I urge all members of the House to support the bill and help us take the next step toward securing clean energy for New Brunswickers, today and for decades to come. Thank you, Madam Speaker."
v3_034,"Madam Speaker, last September our government launched a universal breakfast program in every New Brunswick school. Close to a year later, the results are showing up. Every morning, right across the province, students are starting the day on milk, eggs, bagels, apples, and cheese. FeedNB gets it there. Much of it is grown or made here, on our own farms and in our own businesses; the yogurt in one of my schools comes out of Sussex. For a lot of families, with prices where they are, this program is making a real difference. It saves parents time and money, and it takes the fight out of the morning routine. Students get to class ready to learn, able to concentrate, and willing to take part. This is a concrete investment in the success of our young people. Every child deserves to start their day on the right foot. Thank you, Madam Speaker."
v3_035,"Thank you, Madam Speaker. I will say up front that I am not an employment lawyer, and I had to have the 27 weeks in this bill walked through for me more than once. Here is what it does. A worker with a long-term illness or injury gets up to 27 weeks of protected leave and a guarantee that the same position, or an equivalent one, is there when they come back. So nobody has to choose between their health and their financial security in the middle of a difficult time. I have had people in my office who did make that choice, and made the wrong one, and went back too early. This is not an ordinary bill. It is a concrete commitment to the dignity, security, and well-being of our people, and it reflects compassion, equity, and social justice. Madam Speaker, it updates our employment standards and it puts a better balance between what a life actually looks like and what a job asks. Our legislative initiatives are here to support people through vulnerability, suffering, and injustice. They are not housekeeping."
v3_036,"Madam Speaker, my colleague raised homelessness in Moncton in this House last week, and I want to put a name beside it. Charlie Burrell.

In Little River, Charlie has given his own time and energy to building a facility and small homes for people experiencing homelessness — people who get walked past. He saw his friends on the streets of Moncton. ""Friends"" is his word, not mine; he uses it every single time, and he does not let you get away with using another one. Instead of turning away, he stepped up. He brings food and clothing, and, more than that, he offers dignity and hope.

He reminds us that homelessness is not just an issue, but a human experience, and that everyone deserves kindness and opportunity. His efforts pull the community in behind him and get other people involved.

Thank you, Charlie. You care so much."
v3_037,"Thank you, Madam Speaker. I rise today in sadness on the passing of Robert Hosford — beloved husband, father, pop pop, uncle, great-uncle, and friend. Robert passed away on Wednesday, November 12. He left behind a legacy of love, laughter, and adventure. He was a devoted family man. He was the cornerstone of his family, and he put their needs before his own. His love and support knew no bounds. If you needed a hand, or you needed somebody to sit and listen, Robert was there. His warm smile and that infectious laugh could light up a room, and his sense of humour could turn even the toughest day into a memorable moment. He was his family's biggest cheerleader, proudly supporting whatever they took on and celebrating every success. Whether he was cheering on his favourite team or teaching a lesson, his passion for sports was only matched by his love for his family. Please join me in expressing condolences to Robert's family and friends. Pop pop. That is what the grandchildren called him."
v3_038,"Madam Speaker, our government has presented the 2026-27 capital budget. It is $1.47 billion, $200 million more than last year, and it is the largest capital budget this province has ever tabled. The Department of Transportation and Infrastructure takes most of it. That department will pave roads, replace bridges, keep the ferries running, and fix the wharf ramps nobody talks about until one of them fails. Our hospitals will see significant money as well, to replace medical equipment and to renovate the buildings themselves. We are building a new school in Shediac and a new school in Moncton, and we are upgrading institutions elsewhere in the province. Crews left much of this work sitting for years because previous budgets did not pay for it, and that backlog is what we are now paying down. Parents drive their children over these bridges every morning. Thank you, Madam Speaker."
v3_039,"Mr. Speaker, labour relations in this province are in bad shape, and that hurts everybody who is trying to build something here. This government's legislative approach has fallen short, and we should say so. Going forward, we should talk to workers honestly, we should show them what we are doing, and we should treat their representatives as people we are dealing with rather than problems we are managing. Trust gets built that way. Nothing else builds it.

In December 2019, this Legislature was embroiled in a contentious debate over essential service legislation, and it was specifically about the wages of nursing home workers. Bill 17 imposed conditions on how labour arbitrators could rule on those wages. Members of the New Brunswick Council of Nursing Home Unions opposed the bill. They worried about what it would do to their ability to strike and to negotiate a fair wage, and they said so loudly.

The bill passed. Union leaders called it an attack on public-sector labour unions. Sharon Teare, President of the New Brunswick Council of Nursing Home Unions, avowed that their voice would not be silenced, and she said they would keep fighting for better working conditions and for the rights of nursing home workers, who play a valuable role in our society.

Bill 17 showed how far apart this government and the unions had drifted on labour rights and on collective bargaining. It also showed how hard it is to weigh what a worker is owed against what a taxpayer pays and what the treasury can carry. Nobody in this Chamber has ever found that easy.

When we look back at December 2019, we cannot forget that there are members sitting on the government benches today who were opposed to that bill. They said it out loud. They said they would stand with labour movements as long as they could. That has changed today."
v3_040,"Madam Speaker, on October 24 our community celebrated the 105th birthday of Ms. Laura Anderson of Newtown. Laura is strong, she is vibrant, and she is still proudly living independently in her own home. Until just this past month she had kept her driver's licence and taken short drives through the rural roads she knows so well. Laura and her late husband, Thomas, were true pioneers in New Brunswick's agricultural and tourism sectors. They were founding members of the Agricultural Museum of New Brunswick, and they helped preserve our province's rich farming heritage. In 1967 they launched New Brunswick's very first farm vacation experience. Families came from Saint John, from Maine, from Ontario, from Germany, and one summer from New Zealand. Laura still tells the stories, still remembers the names, and still laughs at the parts you would think she would be tired of by now. We congratulate her on 105 remarkable years and thank her for her contributions to our province. Thomas would have been ninety-eight this year."
v3_041,"Madam Speaker, I want to recognize the work of Nursing Home Without Walls. Today it is at the Miramichi Regional Hospital with Horizon Health Network, in the main lobby by the information desk, from 7 a.m. to 2 p.m., helping seniors set up MyHealthNB. Bring a Medicare card and an email address. That is all. Horizon staff verify identity and hand over the access code on the spot, with no appointment and no registration needed. Once a senior is set up, she can look at her own blood work and her own imaging results, from her own kitchen table. That is another barrier down. Seniors stay connected to their own health information, and they stay healthy and independent. Nursing Home Without Walls has been making that kind of difference in the lives of seniors in our communities for a long time now. Thank you, Madam Speaker."
v3_042,"Thank you, Madam Speaker. I'm pleased to welcome members of the New Brunswick Psychiatric Association who are with us in the gallery, and among them members of the association's Board of Directors. I'm not a clinician and I won't pretend to understand the half of what they do in a day. I do know their work is essential to supporting New Brunswickers' mental health and well-being. Their continued collaboration with the Department of Health is helping to strengthen our system of care. I'll have more to say about that later today. Thank you. Thank you, Madam Speaker."
v3_043,"Madam Speaker, our government has presented the 2026-27 capital budget, a historic budget of $1.47 billion, $200 million more than last year. This is the largest capital budget ever tabled in our province. Most of the money goes to the Department of Transportation and Infrastructure: roads, bridges, ferries, wharves, culverts, and the salt sheds nobody thinks about until February. The health care sector will also see significant investments, to modernize our medical equipment and renovate our hospitals. In education, the capital budget builds new schools in Shediac and Moncton and upgrades several institutions elsewhere in the province. Crews cannot pave a road that was never budgeted for, and that is the backlog years of underinvestment left us. Children will be safer walking to those schools. Their parents will get to work without losing a rim on Route 11. Thank you, Madam Speaker."
v3_044,"Madam Speaker, this bill does not approve anything. It makes things easier. It takes barriers out of the way, it says plainly what the rules are, and it puts New Brunswick in a position to move when the time comes. We drafted the proposal with the Office of the Attorney General, Service New Brunswick, the Department of Post-Secondary Education, Training and Labour, the Department of Indigenous Affairs, and others. The NB Power Board of Directors keeps oversight of every security measure, exactly as it does today; the board answers for the money and the board answers for the risk. What we gather becomes the proposal that goes to government for approval, and someone reviews it before anybody authorizes anything. The Mactaquac Life Achievement Project is a bold and necessary investment in our energy future. This bill makes sure we can meet what that project throws at us, bend where we need to bend, and know where we stand while we do it. I am asking members to support it so we can take the next step toward clean energy for New Brunswickers, today and for decades to come. Thank you, Madam Speaker."
v3_045,"Thank you, Madam Speaker. I am pleased to welcome members of the New Brunswick Psychiatric Association, who are joining us in the gallery today. Among them are members of the association's board of directors. Their work supports the mental health and well-being of New Brunswickers, and the association's continued collaboration with the Department of Health is helping strengthen our system of care. I will share more on that later today. For now, I would ask the House to make them welcome. Those gallery seats are harder than they look. Thank you, Madam Speaker."
v3_046,"Mr. Speaker, the From Surfaces to Services report was tabled in 2017. It said the province needed one coordinated approach to public transportation. Nothing meaningful has been done with it since, and in the meantime the same people — students, seniors, the fellow working the back shift who lost his licence — are told to find their own way to wherever it is they have to be, in a province where the cost of keeping a car on the road has gotten out of hand. Eight years. Nothing.

Put a minister in charge of it and somebody has to lead it, fund it, and answer here when it fails. That's the whole idea.

BE IT THEREFORE RESOLVED that the Legislative Assembly urge the Premier to give the Minister of Transportation and Infrastructure a mandate for public transportation;

BE IT FURTHER RESOLVED that the Legislative Assembly urge the government to allocate the necessary resources and funding to support the New Brunswick Transportation Authority to create and implement a public transportation strategy."
v3_047,"Mr. Speaker, my colleague from the other side used the phrase ""a fair process"" a few minutes ago, and I would like to test it against the record.

This government took nursing home workers to court. The Premier proposed binding arbitration with conditions attached — his side calls that ""arbitration,"" and I say a conditional arbitration is not arbitration at all, because the conditions decide the outcome before anyone sits down. The insistence on it was a way around the legitimate concerns those workers brought forward.

He would not go above 10.5 cents an hour. Ten and a half cents, for the people who feed and bathe our parents.

And then, to protesters outside, the words were these: ""if you want that kind of wage, then Alberta's where to get it."" I have heard members opposite say that was taken out of context. Give me the context. He said it to their faces, and it showed exactly how much he understood about what those workers were carrying.

The Premier also asserted in this House that fair wages will not address the staffing shortage in New Brunswick nursing homes. A fair wage is justice for the worker. It is also the recruitment and retention measure this province has refused to use.

Instead of dialogue, we got confrontation and division. His responsibility is to the people of New Brunswick, and we will remind him of that over and over again."
v3_048,"Madam Speaker, I appreciate the minister's statement on the InnovateNB Awards and on the innovators it recognizes. The people who won this year pushed boundaries, and they deserve the congratulations of this House. I want to add something to it.

No innovator works in a vacuum. She needs a shop or a lab, a first customer, somebody who answers the phone at a funding agency, a lawyer who understands intellectual property, and, more often than anyone likes to admit, decent internet. Innovators in this province still hit walls on every one of those.

The minister told us that businesses feel more confident about New Brunswick's climate. Some do. A software firm in Fredericton feels it. A machine shop outside Plaster Rock, a fish plant on the Peninsula, a woman trying to commercialize something out of her garage in Sussex — those are not the people with established networks, and those are the people who tell me they cannot get in the door. Urban centres get the resources. Rural communities wait for them.

Who comes after this year's winners? Teachers, mentors, and the officials who administer our funds have to reach students before those students leave the province. The minister has to keep money moving into research and development, into clean technology and into sustainable practices, because those are the sectors this province says it is aiming at.

So let us work at it together — government, industry, and communities — so that innovation reaches every corner of the province and not just the corners that already know the way in. Our future depends on it. Thank you, Madam Speaker."
v3_049,"Thank you very much, Mr. Speaker. Labour relations in this province decide whether a worker can pay a mortgage and whether our economy grows. That is why I am on my feet.

The member opposite told this House that his government has ""consulted extensively"" with the bargaining agents. I would ask him which agents, and on which occasion. Because the pattern I see is the other one. Bill 23 in 2022. Bill 17 last fall. The essential service legislation this House debated in December 2019. On all three the government came to the Legislative Assembly rather than to the table with workers and their representatives.

An Act to Amend the Public Service Labour Relations Act was one of them. The change to the essential service legislation — the controversial one — was another. My colleague raised this in the House last week and the answer that came back was that the government ""had no choice."" It had a choice on three separate occasions. Three separate times it legislated instead of consulting or collaborating with the labour unions.

The result is what you would expect. The tension is worse, the divide is deeper, workers are disillusioned, morale in the workforce is down, and our industries produce less for it."
v3_050,"Madam Speaker, Nursing Home Without Walls is at it again. Today the program and Horizon Health Network are set up in the main lobby of the Miramichi Regional Hospital, from 7 a.m. to 2 p.m., getting seniors onto MyHealthNB, where you can view your own blood work and your own imaging results. Past the gift shop, first tables on the left. Bring a Medicare card and an email address, and that is all that is required to create an account. Horizon staff verify identity and give out the access code on the spot. No appointment. No registration. This is another barrier coming down, and it is the one that stops most people — not the technology, the sign-up. Seniors stay connected to their own health information, and they stay healthy and independent. Bring the card. Thank you, Madam Speaker."
v3_051,"Madam Speaker, on November 11 we pause to remember the brave men and women who served and continue to serve our country in times of war, conflict and peacekeeping. Their courage, their sacrifice and their unwavering sense of duty safeguarded the freedom and the values we cherish today. We also pay tribute to the families who have carried the burden of separation and grief, and to the veterans who returned home changed by their service. Next Tuesday I will be at the cenotaph in Oromocto. The parade forms up at the Legion, the way it has for as long as anyone there can tell me, and it will be cold. Poppies will be left on the stone afterward and somebody will collect them. As people gather at cenotaphs and memorials across New Brunswick, may we renew our commitment to peace, to gratitude and to never forgetting those who gave everything for Canada. Lest we forget."
v3_052,"Mr. Speaker, I'll be honest, I had not heard the word gastrocolonialism before I picked this book up, and I had to sit with it for a while. It means colonial policies altered traditional Indigenous recipes, with profound impacts. That is what Margaret Augustine and Lauren Beck take on in Mitji — Let's Eat!: Mi'kmaq Recipes from Sikniktuk. They are from L'nui Menikuk, also known as Indian Island First Nation, and what they have made is an exceptional cultural contribution. It stands as a testament to the rich heritage and resilient spirit of the people of Mi'gma'gi. This is not just a cookbook. The recipes come enriched with the historical knowledge and the lived experience of a community that has thrived on these lands for generations. I am not the person to judge the cooking. But I can read, and I know what I learned. Mr. Speaker, I invite all members to join me in congratulating Margaret Augustine and Lauren Beck for their commitment to preserving Indigenous culinary traditions."
v3_053,"An employee must have worked 90 days in a row to be eligible for this leave, and that matches what other provinces do. The employee tells the employer as soon as they can that they need the leave. The employer may ask for reasonable medical documentation confirming that the employee cannot work because of illness or injury. Those two requirements keep the leave doing what it is supposed to do, and they let an employer plan. Madam Speaker, this amendment is an important step forward. It protects workers when they are at their most vulnerable, and it does not ignore what employers are up against in shops, offices, plants, kitchens, and one-truck operations in rural New Brunswick. A person should be able to live here, work here, and keep their dignity while doing it. No one should have to choose between their health and their job. Our current legislation leaves a gap, and this amendment closes it. A worker who is sick keeps the job. An employer knows where things stand. Thank you very much, Madam Speaker."
v3_054,"Thank you, Madam Speaker. I rise in sadness today on the passing of Robert Hosford. He was a beloved husband, father, pop pop, uncle, great-uncle, and friend. He passed away on Wednesday, November 12. He left behind a legacy of love, laughter, and adventure. Robert was a devoted family man, and anybody who spent ten minutes in a room with him understood that he was the cornerstone of his family, the one who put everybody else's needs in front of his own long before anyone thought to ask him to. His love and support knew no bounds. He would lend a hand. He would listen. That was Robert. His warm smile and his infectious laugh could light up a room, and his sense of humour could turn the toughest day into a memorable one. He was his family's biggest cheerleader. He was proud of them. He celebrated their success. Whether he was cheering on his favourite team or teaching a lesson, his passion for sports was matched only by his love for his family. Please join me in expressing condolences to Robert's family and friends. Thank you."
v3_055,"Madam Speaker, I rise today to recognize the enduring significance of the Battle of Vimy Ridge, fought on April 9, 1917, one of the defining moments in Canada's history. Since 2006, the Vimy Foundation has been dedicated to raising awareness and educating Canadians about the battle. This year's campaign marks the beginning of the lead up to the 110th anniversary of the Battle of Vimy Ridge in 2027, a milestone moment in Canada's history. As we approach Vimy Week, from April 2 to 9, I encourage all members of this House to wear the Vimy Pin. Composed of four distinct colours, this pin symbolizes the unity and sacrifice of the four Canadian divisions that fought together for the first time at Vimy Ridge. By wearing it, we honour their courage, their sacrifice and the legacy they left behind. I have one here in my hand. It is smaller than a dime. Thank you, Madam Speaker."
v3_056,"Madam Speaker, as New Brunswickers gather around their Christmas trees this year, they will be exchanging more than just presents. They will be swapping stories about how the Holt government has turned its promises into mere ornaments: sparkly, shiny and completely hollow. First there was the balanced budget promise, the one we were told would be delivered with fanfare and a drumroll. Instead, what do we have? A deficit under the tree. I will say that again. A deficit under the tree. It is not even the gift that keeps on giving. It is the gift that keeps on taking, and I repeat, the gift that keeps on taking. Then there is the carbon tax adjustor, a promise so simple it could have been done with the stroke of a pen. The stroke of a pen. Instead it is still there, adding to the prices of everything we buy every day. That is not the Christmas cheer we were hoping for. New Brunswickers have been promised a lot of things. This government needs to realize that promises are not just for the Christmas season. They are for the whole year. It is time they delivered."
v3_057,"Madam Speaker, each year, on November 11, we pause to remember the brave men and women who served and continue to serve our country in times of war, conflict, and peacekeeping. Their courage, sacrifice, and unwavering sense of duty have safeguarded the freedom and values we cherish today. We also pay tribute to the families who have carried the burden of separation and grief, and to the veterans who have returned home changed by their service. As we gather at cenotaphs and memorials across New Brunswick — the big ones, and the small ones with no parking lot and no sound system, where somebody's brother reads the names off a card — may we renew our commitment to peace, to gratitude, and to never forgetting those who gave everything for Canada. Lest we forget. Lest we forget."
v3_058,"Thank you, Madam Speaker. I want to welcome the New Brunswick Psychiatric Association to the gallery today. Its Board of Directors is up there as well. Some of them came in from the north this morning, so they have had a longer day than the rest of us. Their work supporting the mental health and well-being of New Brunswickers is essential. The association keeps working with the Department of Health, and that work is strengthening our system of care. More on that later today. Thank you."
v3_059,"Madam Speaker, Charlie Burrell is a powerful example of how one person can make a real difference in their community. In Little River, he has dedicated his time and energy to building a facility and small homes for people experiencing homelessness — people who are often overlooked and forgotten. I have not been down to see it myself, and I should have been by now. When Charlie saw his friends, as he always calls them, homeless on the streets of Moncton, he stepped up instead of turning away. He provides necessities like food and clothing, but more importantly, he offers dignity and hope. I don't know how he pays for all of it. I have asked, and I still don't really know. What I do know is that he reminds us homelessness is not just an issue but a human experience, and that everyone deserves kindness and opportunity. His efforts bring the community together and get other people involved. Change starts with one person choosing to care. Thank you, Charlie. You care so much."
v3_060,"Thank you, Madam Speaker. I rise today in sadness on the passing of Robert Hosford — beloved husband, father, pop pop, uncle, great-uncle, and friend. Robert passed away on Wednesday, November 12. I did not know him as well as many people in his community did, and I am not going to pretend otherwise. But I know what they have told me since. He left behind a legacy of love, laughter, and adventure. So much of what I heard came back to the same thing: he was the cornerstone of his family, a devoted family man who put their needs before his own. His love and support knew no bounds. He was always there to lend a helping hand or offer a listening ear. I am told his warm smile and his infectious laugh could light up a room, and that his sense of humour could turn even the toughest day into a memorable moment. Well, he was his family's biggest cheerleader too, proudly supporting their endeavours and celebrating their successes. Cheering on his favourite team, or teaching a lesson — I don't know which one he loved more. His passion for sports was only matched by his love for his family. Please join me in expressing condolences to Robert's family and friends. Thank you."
v3_061,"Madam Speaker, I am not a veterinarian, and I did not grow up on a farm. I have had to learn this file from the people who live it. Here is what the change does: it refocuses public resources on their core mission and leaves the routine care to private veterinarians. We are not withdrawing. We are moving to a more modern and sustainable model, in line with Canadian best practices, so the service is there for farms now and in the future.

The government recognizes that the implementation is causing concerns. In the remote regions, producers are asking what the service will cost and whether the quality will hold, and in several of those regions access was already a considerable challenge. So a support program for private sector veterinarians is being developed to offset some of their costs, travel in particular. I don't have the final figure for that program and I am not going to invent one at this microphone.

Have our answers cleared up all the worries? No. I have sat in enough kitchens now to know they have not.

Laboratory services are a key part of the transition — early detection of emerging diseases, prevention of health crises, food safety. Through the transition the existing laboratories stay fully operational, so no farmer and no veterinarian loses working time to this.

I would rather build the consensus now than defend the thing later. We are still open to your opinions, your ideas, and your worries. It is a big transformation, and whether it works will depend on whether producers and veterinarians choose to come along."
v3_062,"Moreover, the treatment of nursing home workers under Premier Higgs' leadership was concerning. This government took them to court. Took them to court. Then it suggested they relocate to Alberta for better wages, and I will say that again, because members opposite sigh every time I do: relocate to Alberta for better wages. That was not only a failure in negotiation but also a betrayal of the individuals who provide essential care to our vulnerable populations. It reflected a lack of empathy and a failure to prioritize the well-being of those on the front lines. Then there was the 16-day school strike and the subsequent use of emergency orders to force workers back to work. Sixteen days. Those orders raised questions about the government's commitment to meaningful dialogue and about the right to strike, and the use of such measures undermined the very principles of a fair and balanced negotiation process. Watering down binding arbitration. Scab-friendly legislation. This pension bill. That is a pattern of behaviour that erodes the foundation of workers' rights, and these actions do not align with the principles of a just and equitable society that respects the contributions of its workforce. The decisions made by government impact the livelihoods of countless individuals and the overall health of our communities. It is our duty to scrutinize and question these policies that undermine the values we hold dear, values of fairness and respect and the right of workers to negotiate on an equal footing. Madam Deputy Speaker, you will recall the unions expressing their vehement disagreement with the wage-freeze restriction mandate proposed by the Higgs government, the 0% wage mandate in the early years of this government. Zero percent. In the face of a global pandemic, our frontline workers were nothing short of heroes, and their unwavering commitment and sacrifices demanded not only acknowledgement but also tangible support. The union leaders said it better than I can: these heroes deserved more than zeroes in their wage agreements."
v3_063,"Madam Speaker, on November 11 we stop and we remember the brave men and women who served this country and who serve it still — in war, in conflict, on peacekeeping duty. Their courage and their sacrifice, and a sense of duty they never once set down, safeguarded the freedom and the values we cherish today. Their families carried something too. They carried the separation and the grief. Veterans came home changed by their service, and some of them came home and did not say a word about it for forty years. We will gather at cenotaphs and memorials across New Brunswick — in Fredericton, in Bathurst, in Perth-Andover, at a stone in a field outside Doaktown — and there we renew our commitment to peace, to gratitude, and to never forgetting those who gave everything for Canada. Lest we forget. Lest we forget."
v3_064,"Madam Speaker, Charlie Burrell shows what one person can do in a community. In Little River, he has put his own time and his own energy into a facility and into small homes for people experiencing homelessness — people who get overlooked and forgotten. He saw his friends, as he always calls them, on the streets of Moncton. He did not turn away. He stepped up. He brings food and clothing out to them, and more than that, he brings dignity and he brings hope. Homelessness is not a file. It is happening to people, and everyone deserves kindness and an opportunity. Charlie has pulled others in with him, and the community shows up now because he does. Change starts with one person choosing to care. Thank you, Charlie. You care so much."
v3_065,"Madam Speaker, on October 24 our community marked the 105th birthday of Ms. Laura Anderson, of Newtown. Laura is still in her own home, still living independently, and she is strong and vibrant. Until this past month she kept her driver's licence and took short drives out on the rural roads she knows better than the maps do. Laura and her late husband, Thomas, were founding members of the Agricultural Museum of New Brunswick. They were pioneers in agriculture and in tourism in this province, and the farming heritage they helped preserve is still there to be seen. In 1967, they opened New Brunswick's very first farm vacation. Families and travellers came from across the province and from around the world. Laura still has her humour and her stories. She has the wisdom too, and she will give it to you whether or not you asked for it. One hundred and five years. We thank her for what she has given this province. Happy birthday, Laura."
v3_066,"Madam Speaker, last September our government launched a universal breakfast program in all New Brunswick schools. Close to a year later, we are already seeing concrete results. Every morning, throughout the province, students start their day with a nutritious meal: milk, eggs, bagels, apples and cheese. Through our partnership with FeedNB, schools are able to offer healthy food, often sourced from our local farms and businesses. Now, I am not a nutritionist and I am not going to pretend to be one here. What I do know is what I saw when I stopped into the school in my riding in February. The room was full at a quarter past eight and nobody was going without. For a lot of families, with the cost of living where it is, this program makes a real difference. It saves parents time. It saves them money. It takes the stress out of the morning. And the child comes into class prepared to learn and able to concentrate and take part. Every child deserves to start their day on the right foot, Madam Speaker. Thank you."
v3_067,"Madam Speaker, March is National Social Work Month. It is worth taking the time to say what social workers do in New Brunswickers' lives, because most people only find out when they need one.

Over 600 of them work inside the Department of Social Development. That is the department's own count, and it does not take in the ones working in our hospitals, our schools, or First Nations agencies. Those 600-odd help people get into long-term care and onto disability support, protect children and seniors from abuse, back up foster families, and push to get services to people who would otherwise go without.

You will also find social workers in addictions and mental health, with children and youth in care, with seniors, and in women and gender equity work. They offer care, advocacy and support, and they do it with empathy and respect.

Thank you to every one of them. Thank you, Madam Speaker."
v3_068,"Madam Speaker, the member opposite asked yesterday what exactly is ""historic"" about this capital budget. I will answer that. It is $1.47 billion, $200 million more than last year, and the largest capital budget ever tabled in this province. When we resolve into the Committee of Supply on the capital estimates, the member can go line by line with the Minister of Transportation and Infrastructure, because most of this money is his: roads, bridges, ferries, and the other essential infrastructure. Health care is next, for modernizing medical equipment and renovating hospitals. Education gets new schools in Shediac and in Moncton, and upgrades to several institutions elsewhere in the province. My colleague has been raising that Shediac school since before I got here. The word the member opposite should be quarrelling with is not ""historic."" It is ""backlog."" Years of underinvestment built it. Thank you, Madam Speaker."
v3_069,"Madam Speaker, the member opposite used the word ""withdrawal"" three times this morning. That is not the word. This approach refocuses public resources on their core mission and leaves the routine care to private veterinarians, who are already doing most of it. The goal is a more modern and sustainable model, in line with Canadian best practices, so that veterinary services in this province still work five and ten years from now.

The member also said, and I wrote it down, that a farm is a farm. It is not. The needs of an operation in Kings County and the needs of one up the Restigouche are different, and the model has to meet both.

I will grant my colleague this much: the implementation is causing concern, and the government recognizes it. In the remote regions the concerns are the cost of the service and the quality of it, and in several of those regions access was already a considerable challenge before any of this. That is why a support program for private sector veterinarians is being developed, to offset costs such as travel, so that producers in every region continue to get the services they need.

Those answers have not cleared up all the worries. I would not claim they have.

On laboratories: the member for Victoria-La Vallée asked last Thursday whether the labs close. They do not. The existing laboratories remain fully operational through the transition — early detection of emerging diseases, prevention of health crises, food safety — so that no farmer and no veterinarian is disrupted.

When this goes to the Standing Committee on Economic Policy, bring the objections. We are still open to hearing your opinions, your ideas, and your worries, and this only works if people participate."
v3_070,"Madam Speaker, artsculturenb.ca launched this week. It is a provincial site and it is live in time for the holiday season. It showcases artists, artisans, and cultural experiences here in New Brunswick, and it will help people find a local gift, an event, or a performance to get to over the next few weeks. Anyone working in arts and culture can upload their own events and their own creations to it. Frye Jam is on there. So is the Sussex quilt show, which I only know about because my sister-in-law entered. The point is awareness — people knowing what is being made around them, and thinking better of it. Visit artsculturenb.ca. Shop local this season, and support the artists who make this province extraordinary. Thank you, Madam Speaker."
v3_071,"Thank you, Madam Speaker. Our government's economic development strategy has one priority: build a stronger and more competitive New Brunswick that gives people here somewhere to go.

New Brunswick succeeds when our businesses succeed. A company that grows, finds a buyer in a new market, and puts money back into its own plant hires people, and those people hold up the schools, the clinics, the roads, the rinks, and the ferry my constituents phone me about. That is the chain. It is not complicated.

The strategy builds on what we already do well. We want our firms to get more out of an hour of work, we want them trying things they haven't tried, and we want them able to sell into a global economy that will not sit still and wait for them. We are going after investment. We are backing defence and mining. We want the growth to outlast the people in this room.

Departments will work off one list of priorities and be measured against it. Ministers answer for that list.

The government cannot do this alone. We need industry, we need the universities and the colleges, we need communities across the province, and we need every member sitting in this House. The people we have shown it to so far like that it is short, that it says who does what, and that it says by when.

New Brunswick has what the world wants. We are competing to win, and when the economy grows there is more to pay for the services families rely on every single day. Thank you, Madam Speaker."
v3_072,"Madam Speaker, March gives us a chance to thank social workers and to say plainly how much their work matters in the lives of New Brunswickers. Social workers sit with people on the worst day of those people's lives. They advocate, they arrange care, they treat the person in front of them with respect, and they get results that show up years later in somebody's kitchen. They work in addictions and mental health, with children and youth in care, with seniors, with women and gender equity files, and in a fair number of places nobody thinks to list. Inside the Department of Social Development, over 600 social workers help New Brunswickers get long-term care and disability support, and they protect children and seniors from abuse. They stand behind foster families. They speak up for people who cannot speak up for themselves, and they make sure services actually arrive at the door. This National Social Work Month, we thank them for their compassion and for sticking with it, and for the difference they make to lives and to communities across New Brunswick. Thank you, Madam Speaker."
v3_073,"I want to start by recognizing that this bill brings forward some long-overdue clarifications. It updates outdated language, replacing legal Latin with plain English. Honestly, I'm not a lawyer, and I had a good chunk of this bill explained to me twice. That might seem minor, but clarity matters — and if it takes me two readings, imagine what it takes somebody who is running a still and filing the paperwork at the same time. It also simplifies the processes for brewers and distillers to sell their products at approved farmers' markets, something that small producers in New Brunswick have been asking for. The ability of a microbrewery or craft distillery to connect directly with customers at a local market, whether it's the Saint Andrews farmers' market, the St. George market, or the market in St. Stephen, helps drive tourism, encourages entrepreneurship, and strengthens local economies. I applaud that part of the bill, Madam Speaker. It recognizes the growth of a sector that has truly taken off here in New Brunswick. That said, modernization should never come without scrutiny. This bill sets production caps for breweries and distilleries operating as agents under the New Brunswick Liquor Corporation: 500 000 L for brewers, and 75 000 L for distillers. Now, those sound like fair limits to me. I don't know the industry well enough to say whether they are. So we need to ask: Were these caps determined in consultation with our smaller producers or primarily with larger operators? Will this inadvertently favour those already established in the market, making it harder for start-ups to grow into the next tier? We've seen this before, where well-intentioned changes to regulation end up benefitting those with deeper pockets and more connections, while small business owners struggle with compliance costs and licencing delays. I sat in a garage in St. Croix in February with a couple who had put their savings into a distillery, and they told me: We don't mind rules, but we just want fair ones. Craft producers elsewhere in New Brunswick say the same thing. This is my question for the government: How will fairness between small and large producers be ensured under this new licencing model?"
v3_074,"Madam Speaker, last September our government launched a universal breakfast program in all New Brunswick schools. Close to a year later, we are already seeing concrete results. Every morning, throughout the province, students start their day with a nutritious meal: milk, eggs, bagels, apples, and cheese. I am not a nutritionist. I could not tell you the protein numbers if a member asked me for them. What I can tell you is what I saw at a school in my riding in February, when a Grade 3 boy took a second bagel and put it in his coat pocket for later. Through our partnership with FeedNB, schools are able to offer healthy foods, which are often sourced from our local farms and businesses. For many families, with the cost of living where it is, this program is making a real difference. It saves parents time and money and it reduces stress in the morning routine. And it means students come to class prepared to learn and able to concentrate. I do not know how you measure that last part. I know what the teachers tell me."
v3_075,"Madam Speaker, today is the International Day of Persons with Disabilities, and I want to recognize the strength, contributions and resilience of persons with disabilities across this province.

I will admit something. Until I took this file on, I did not know how many separate programs a person has to get through to be helped, and I still could not name them all for you. I am learning. What I do know is that we are committed to building a province in which every person has an equal opportunity to participate fully in our communities, schools, workplaces and public spaces.

This summer we made sure the federal Canada Disability Benefit would not detract from provincial disability programs. Federal programs are supposed to complement provincial support, not replace it, and we made that stick.

Accessibility and inclusion are not optional. They are essential to true equity. So let's keep taking the barriers down, one at a time. Thank you, Madam Speaker."
v3_076,"Madam Speaker, each year, on November 11, we pause to remember the brave men and women who served and continue to serve our country in war and in conflict, and on peacekeeping missions abroad. They were brave. They gave up years of their lives, and some of them gave up all of them, and what they safeguarded is the freedom and the values we still cherish today. We also pay tribute to the families who have carried the burden of separation and grief, and to the veterans who have returned home changed by their service. Those families carry that burden still — the separation, the loss — and those veterans came home forever changed. On November 11 we will stand at the cenotaphs and the memorials across New Brunswick, at the legion halls, at the schools, and at a few small markers along country roads that most people drive past all year without seeing. May we renew our commitment to peace, to gratitude, and to never forgetting those who gave everything for Canada. Lest we forget. Lest we forget."
v3_077,"Mr. Speaker, labour relations in this province are strained, and nobody in this Chamber can honestly say otherwise. It hangs over everything we are trying to do together to make New Brunswick prosperous. Before we get anywhere, this government has to admit that the legislative route it chose did not work. Talk to workers. Talk to the people they elect to represent them. Say plainly what you are doing and then do it. Nothing is built on trust that was never offered in the first place.

In December 2019, this Legislature spent days fighting over essential service legislation aimed at the wages of nursing home workers. That bill — Bill 17 — set conditions on how labour arbitrators could rule on those wages. Nursing home workers reacted hard. Members of the New Brunswick Council of Nursing Home Unions said the bill would damage their ability to strike and to negotiate a fair wage, and they said it loudly enough that nobody could miss how deep the discontent ran.

The bill passed. Union leaders called it an attack on public-sector labour unions. Sharon Teare, who presides over the New Brunswick Council of Nursing Home Unions, said their voice would not be silenced, and she went on fighting for better working conditions and for the rights of nursing home workers, who do work this province cannot manage without.

Bill 17 showed where this government stands with labour in New Brunswick — on labour rights, and on collective bargaining. It also showed how hard it is to weigh what a worker earns against what a taxpayer pays and what a finance minister will sign. And when we look back at December 2019, we cannot forget who stood where. There are members of this government now who opposed that bill then. They said so out loud. They said they would stand with labour movements as long as they could. That has changed today."
v3_078,"Mr. Speaker, two authors from L'nui Menikuk, also known as Indian Island First Nation, have brought out a cookbook. Margaret Augustine and Lauren Beck. It is called Mitji— Let's Eat!: Mi'kmaq Recipes from Sikniktuk. This is not just a cookbook. The recipes come enriched with the historical knowledge and the lived experience of a community that has thrived on these lands for generations, and the book takes on gastrocolonialism head-on, meaning the profound impacts of the way colonial policies altered traditional Indigenous recipes. That is a hard thing to carry in a recipe book. They carried it. The work stands as a testament to the rich heritage and the resilient spirit of the people of Mi'gma'gi. Mr. Speaker, I invite all members to join me in congratulating Margaret Augustine and Lauren Beck for their commitment to preserving Indigenous culinary traditions."
v3_079,"Madam Speaker, I rise today with great satisfaction and deep gratitude. After years of waiting, the new bridge between Île Lamèque and Shippagan will be built. I am going to say that one more time: the bridge between Île Lamèque and Shippagan will be built. I thank the Premier, Hon. Susan Holt, and the Minister of Transportation and Infrastructure, Hon. Chuck Chiasson, for coming to the region in February and making that announcement. They came to the region — they came to the region — and they said it in front of us. It marks a turning point for our communities. The bridge will simplify travel. It will strengthen our connections with the rest of the province. It will bring new economic opportunities to our people. On behalf of my constituents, I want to express our gratitude to everyone who played a role in making this important project for our community happen. Thank you, Madam Speaker."
v3_080,"Madam Speaker, October 24 was Laura Anderson's 105th birthday, and Newtown turned out for it. She is still in her own house and still independent. She had her driver's licence until this past month and used it, mostly for short runs along Route 890. Laura and Thomas were pioneers in agriculture and in tourism in this province. Founding members of the Agricultural Museum of New Brunswick. They kept the farming heritage from being thrown out with the machinery. In 1967 they opened New Brunswick's very first farm vacation experience, and people came from across the province and from around the world to sleep on a working farm. The humour is still there. So are the stories. I congratulate her on 105 years and I thank her for what she has given this province. She takes her tea black and her opinions plain."
v3_081,"As New Brunswickers gather around their Christmas trees this year, they'll be exchanging more than just presents. They'll be swapping stories about how the Holt government has turned its promises into mere ornaments — sparkly, shiny, and completely hollow. First, there was the balanced budget promise, the one we were told would be delivered with fanfare and a drumroll. Instead, what do we have? A deficit under the tree. Now, I'm no accountant, and I won't pretend I've read every line of that budget. I know what the bottom line said. It's not even the gift that keeps on giving. It's the gift that keeps on taking. Then there's the carbon tax adjustor, a promise so simple it could have been done with the stroke of a pen. Well, it's still there, adding to the prices of everything we buy every day. I filled up in Sussex on Saturday and paid it. That's not the Christmas cheer we were hoping for. New Brunswickers have been promised a lot of things. This government needs to realize that promises aren't just for the Christmas season. They're for the whole year. It's time they deliver."
v3_082,"Madam Speaker, today is the International Day of Persons with Disabilities. I will be honest, I did not know this day existed until somebody in my office put it in front of me a few years back, and I have thought about it every December since. I want to recognize the strength, the contributions, and the resilience of persons with disabilities across New Brunswick. We are committed to a province where every person has an equal opportunity to take part fully in our communities, our schools, our workplaces, and our public spaces. This summer we acted on that. We made sure the federal Canada Disability Benefit would not detract from provincial disability programs, so that federal programs complement provincial support rather than replace it. Is that enough on its own? No, and I would not stand here and say it is. Accessibility and inclusion are not optional. They are essential to true equity. Let us keep removing barriers so that every New Brunswicker can live, work, and thrive. Thank you, Madam Speaker."
v3_083,"Madam Speaker, it was with deep sadness that I learned of the passing of Roméo H. LeBlanc at the age of 102. He was an Acadian veteran of the Second World War. I won't stand here and claim I knew him well, because I didn't. As Minister responsible for Military Affairs, I want to pay tribute to him for his exceptional service to our country. Beyond his military commitment, Mr. LeBlanc gave his life to supporting the veterans' community and preserving the memory of those who had served. I have met a few people who do that work, and I still don't fully understand where they find the stamina for it. His remarkable journey, marked by courage, devotion, and a deep sense of duty, will be a source of inspiration for current and future generations. On behalf of the government of New Brunswick, I extend my sincerest condolences to his family, his loved ones, and the entire veterans' community. We will remember him. Thank you, Madam Speaker."
v3_084,"Madam Speaker, the current legislation says the executive committee has no quorum unless the deputy head whose mandate has a direct impact on the economy is in the room. That person, or their delegate, does not even vote. Whoever drafted it wanted economic alignment across government, and that is a fair thing to want. What it has produced instead is a committee that cannot meet when one deputy is at a funeral, on a plane, in Ottawa, at a hospital appointment, or simply double-booked. The amendment before the House today proposes a straightforward solution. A simple majority of voting members present would constitute a quorum for the executive committee. The board of directors already works that way; we amended the Act in 2021 to simplify the board's ""quorum"" definition, and this brings the executive committee into line with it. I want to be clear about what the amendment does not do. It does not change who sits on the executive committee, and it does not change how the deputy head whose mandate has a direct impact on the economy participates. That individual remains a valued contributor to the committee's work. What changes is that the other members can get on with the meeting when that individual cannot make it. Businesses move quickly, and a committee that cannot reach quorum cannot answer them. With this change, Opportunities New Brunswick can meet, decide, and keep its programs moving; it can answer an opportunity while the opportunity is still there; and it can keep backing the firms that employ New Brunswickers. This is an administrative amendment. It will not make headlines. But it keeps a working committee working, and I encourage all members of this House to support this amendment to the Opportunities New Brunswick Act. Thank you, Madam Speaker."
v3_085,"Thank you very much, Madam Speaker. Madam Speaker, I was deeply saddened to learn of the passing of Hon. Mark McLane, Prince Edward Island's Minister of Health and Wellness. I will be honest with the House — I did not know him well. I met him a handful of times and no more than that. But his dedication to public service and his commitment to improving the lives of Islanders will leave a lasting legacy, and you did not have to know him well to see it. Throughout his time in government, Mark served with integrity and compassion and with a genuine desire to strengthen the province's health system and support his community. His contributions in public office and beyond will be remembered and appreciated for years to come. My heartfelt condolences go out to Mark's family, friends, and colleagues, and to all Islanders who were touched by his work and his leadership. He will be greatly missed. Thank you, Madam Speaker."
v3_086,"Madam Speaker, our government has presented the 2026-27 capital budget. It is $1.47 billion, $200 million more than last year, and the largest capital budget that has ever been tabled in this province. Most of it goes to the Department of Transportation and Infrastructure, which will put it into roads, bridges, ferries and other essential infrastructure, and I do not think there is a member in this Chamber who has not had a call this year about a road, a bridge or a ferry. Health care gets a significant share too, to modernize our medical equipment and to renovate our hospitals. In education, we are building new schools in Shediac and Moncton and upgrading several institutions elsewhere in the province. There is a backlog. It came from years of underinvestment, and it does not clear itself. These investments are about safety, about quality of life and about the future of our communities. That is what a capital budget is for. Thank you, Madam Speaker."
v3_087,"Madam Speaker, March is National Social Work Month, and I want to use it to say something about the social workers in this province. They sit with a family on the day that family comes apart. They take the call nobody else wants to take. They do it with empathy and respect, and people come out the other side of it.

You will find them in addictions and mental health, with children and youth in care, with seniors, in women and gender equity work, and in a good many corners nobody thinks to look. In the Department of Social Development alone there are over 600 of them. They help New Brunswickers get into long-term care. They get people the disability support they qualify for. They protect children and seniors from abuse, they stand behind foster families, and they argue with the system on behalf of people who cannot argue with it themselves.

So: thank you. Thank you, Madam Speaker."
v3_088,"Mr. Speaker, I am not a cook, and I am not the member anyone should be asking about recipes. I can tell you about a book. Margaret Augustine and Lauren Beck, of L'nui Menikuk, also known as Indian Island First Nation, have published Mitji — Let's Eat!: Mi'kmaq Recipes from Sikniktuk. It is not just a cookbook. The recipes carry the historical knowledge and the lived experience of a community that has thrived on these lands for generations, the people of Mi'gma'gi. I had not heard the word gastrocolonialism before I read it. It is what colonial policies did to traditional Indigenous recipes, and these two authors take it on directly rather than around the edges. Mr. Speaker, I invite all members to join me in congratulating Margaret Augustine and Lauren Beck for their commitment to preserving Indigenous culinary traditions."
v3_089,"Moreover, the treatment of nursing home workers under Premier Higgs' leadership was concerning. I am not a labour lawyer, and I have not read every page of those court filings. I haven't. But I know this government took nursing home workers to court, and I know it suggested they relocate to Alberta for better wages. Well, that was a failure in negotiation, and it was a betrayal of the individuals who provide essential care to our vulnerable populations. I met one of them in October; she works two jobs and drives 40 minutes to each of them. There is an argument that a government has to hold a line on wages, and I understand it. But then came the 16-day school strike and the emergency orders used to force workers back to work, and I don't know how anyone squares an emergency order with a commitment to meaningful dialogue or with the right to strike. The use of such measures undermined the very principles of a fair and balanced negotiation process. So look at the sequence: binding arbitration watered down, scab-friendly legislation introduced, and this pension bill now in front of us. I think that is a pattern of behaviour, and it erodes the foundation of workers' rights. These actions do not align with the principles of a just and equitable society that respects the contributions of its workforce. The decisions we make in this building impact the livelihoods of countless individuals and the overall health of our communities, and it is our duty to scrutinize and question policies that undermine the values we hold dear, values of fairness and respect and the right of workers to negotiate on an equal footing. Madam Deputy Speaker, you will recall the unions expressing their vehement disagreement with the wage-freeze restriction mandate proposed by the Higgs government, the 0% wage mandate in the early years of this government. In the face of a global pandemic, our frontline workers were nothing short of heroes. Their commitment and their sacrifices demanded tangible support, not just acknowledgement. As the union leaders put it, these heroes deserved more than zeroes in their wage agreements."
v3_090,"Thank you very much, Mr. Speaker. The Minister of Post-Secondary Education, Training and Labour told this House a little while ago that his government has ""a good working relationship"" with organized labour. Those are the words I want to test, because labour relations decide whether workers in this province can make a living and whether our economy keeps growing. In recent years a troubling pattern has emerged between the Higgs government and the labour movement in New Brunswick. Instead of meeting workers and their representatives at the table, this government reaches for a bill. Bill 23, in 2022. Bill 17, last fall. The essential service legislation this House debated in December 2019. Three separate times, the matter was settled here, inside the Legislative Assembly, rather than through negotiation with New Brunswick workers. On none of those three were the unions adequately consulted. My colleague raised exactly that during second reading of Bill 17 and got no answer worth writing down. The amendments to the Public Service Labour Relations Act, and the change to the essential service legislation that the member opposite described at the time as tidying up, were opportunities to build trust with the labour movement, and this government let both of them go. Trust between employers and employees is what makes a workplace productive, and it has been eroded. Workers are disillusioned. Morale in the workforce has fallen, and our industries carry the cost of that."
v3_091,"Madam Speaker, on October 24, Newtown celebrated Laura Anderson's 105th birthday. Laura is remarkable — strong, vibrant, and still living independently in her own home. She kept her driver's licence until just this past month and took short drives on the rural roads she knows so well. Laura and her late husband, Thomas, were true pioneers in New Brunswick's agricultural and tourism sectors. They were founding members of the Agricultural Museum of New Brunswick. In 1967, they launched New Brunswick's very first farm vacation experience, and people came from across the province and from around the world to stay with them. There was a Jersey cow in that operation named Bessie, and I am told half the guests remember her better than they remember the farmhouse. Laura still tells the stories. She still has the humour, and she still has the wisdom, and she is happy to share both. We congratulate her on 105 remarkable years and thank her for what she has given this province."
v3_092,"Mr. Speaker, today I would like to congratulate Margaret Augustine and Lauren Beck of L'nui Menikuk on their recent cookbook, Mitji— Let's Eat!: Mi'kmaq Recipes from Sikniktuk. It stands as a testament to the rich heritage and resilient spirit of the people of Mi'gma'gi. Mr. Speaker, this is not just a cookbook. The recipes are enriched with the historical knowledge and the lived experience of a community that has thrived on these lands for generations. The authors take on gastrocolonialism directly — colonial policy changed what people could cook, and it altered traditional Indigenous recipes. My copy is in the kitchen at home, next to my mother's old Purity cookbook, which is where a cookbook belongs. Mr. Speaker, I invite all members to join me in congratulating Margaret Augustine and Lauren Beck for their commitment to preserving Indigenous culinary traditions. Wela'lin."
v3_093,"Employees must have at least 90 days of continuous employment to be eligible for the leave, which aligns with leave provisions in other provinces. The member opposite asked me during second reading what ""as soon as possible"" means in practice. It means what it says: the employee informs the employer as soon as possible of their need for leave. My colleague also pressed on the word ""reasonable."" Employers may require reasonable medical documentation confirming that the employee is unable to work due to illness or injury — reasonable, not a weekly note. These elements support the integrity of the leave while giving employers assurance and predictability, and members can test them clause by clause when this amendment to the Employment Standards Act goes to the Standing Committee on Economic Policy. Madam Speaker, this amendment strengthens protections for workers at a time when they are most vulnerable, while keeping a balanced approach that considers the realities of workplaces across the province. No one should have to choose between their health and their job. This amendment addresses a clear gap in our current legislation. It is a practical and necessary step. Thank you very much, Madam Speaker."
v3_094,"Madam Speaker, I rise to recognize the Battle of Vimy Ridge, fought on April 9, 1917, one of the defining moments in Canada's history. A member opposite said earlier this session that these commemorations amount to ""a pin and a paragraph."" I wrote it down at the time. I would ask that member to look at what the Vimy Foundation has done since 2006, which is to raise awareness and educate Canadians about that battle. This year's campaign marks the beginning of the lead-up to the 110th anniversary of the Battle of Vimy Ridge in 2027, a milestone moment in Canada's history. Vimy Week runs from April 2 to 9. I encourage all members of this House to wear the Vimy Pin. It is composed of four distinct colours, one for each of the four Canadian divisions that fought together for the first time at Vimy Ridge. That is what the colours are. It is not decoration. My colleague across the floor wore hers every sitting day last April, and I would ask the rest of us to do the same. Thank you, Madam Speaker."
v3_095,"Madam Speaker, as New Brunswickers gather around their Christmas trees this year, they will be exchanging more than just presents. They will be swapping stories about how the Holt government has turned its promises into mere ornaments: sparkly, shiny and completely hollow. First there was the balanced budget promise. ""Balanced."" That was the word used in this House, and we were told it would be delivered with fanfare and a drumroll. Instead, what do we have? A deficit under the tree. It is not even the gift that keeps on giving. It is the gift that keeps on taking. Then there is the carbon tax adjustor. The member opposite has told this House more than once that it is complicated. It is not complicated. It is a promise so simple it could have been done with the stroke of a pen. Instead it is still there, adding to the price of everything we buy, every day. That is not the Christmas cheer we were hoping for. New Brunswickers have been promised a lot of things. This government needs to realize that promises are not just for the Christmas season. They are for the whole year. It is time they delivered."
v3_096,"Madam Speaker, a new family health team was announced in Bathurst yesterday. Clinics like it keep opening around the province, and each one puts more primary care within reach of the people living around it.

For the Chaleur region it is a plain improvement. More professionals under one roof. Intake that bends a bit. Referrals that go where they are supposed to go instead of back to the family.

Nursing Home Without Walls was in the room. So was the mayor, and so was Sylvie, who has been running the Wednesday foot care clinic out of a church basement for eleven years and who told me she would take the parking lot over the ribbon.

The collaborative model is slowly changing how care gets delivered here. Promise made, promise kept, Madam Speaker."
v3_097,"Thank you, Madam Speaker. I am pleased to welcome members of the New Brunswick Psychiatric Association to the gallery today. Several of their Board of Directors are with them. A few drove in this morning — Saint John, Bathurst, one from farther than that, in the rain. Their work is essential to supporting New Brunswickers' mental health and well-being, and the association's continued collaboration with the Department of Health is helping to strengthen our system of care. I will have more to say on that a little later today. Thank you. Thank you, Madam Speaker."
v3_098,"Madam Speaker, it was with deep sadness that I learned of the passing, at the age of 102, of Roméo H. LeBlanc, an Acadian veteran of the Second World War. As Minister responsible for Military Affairs, I want to pay tribute to him for his service to this country. He did more than serve. For decades afterward he looked after other veterans, and he made sure the ones who did not come back were still spoken of by name. He was courageous and he was dutiful, and people who come across his story will take something from it. On behalf of the government of New Brunswick, I extend my condolences to his family, his loved ones, and the veterans' community. We will remember him. His family tells me he kept his medals in the top drawer of the dresser, in a cigar box. Not on a wall. In a drawer."
v3_099,"Madam Speaker, today, on the International Day of Persons with Disabilities, we recognize the strength, the contributions, and the resilience of persons with disabilities across New Brunswick. The member opposite asked during question period whether federal money was going to be, and I am using her words, ""quietly netted off"" provincial programs. It was not. This summer we made sure the federal Canada Disability Benefit would not detract from provincial disability programs, and federal programs will complement provincial support rather than replace it. That is the commitment, and members can hold me to it. We are building a province where every person has an equal opportunity to participate fully in our communities, our schools, our workplaces, and our public spaces. Accessibility and inclusion are not optional. They are essential to true equity. Let us keep working together to remove barriers and to make sure every New Brunswicker can live and work here without limits. Thank you, Madam Speaker."
