id,chamber,era,seg_id,date,n_words,band,pangram,version
sbukp000,UK,prev,UK2026-06-22#t317w0,2026-06-22,57,short,Human,4.0-web
sbukp001,UK,prev,UK2026-02-09#t100w0,2026-02-09,107,short,Human,4.0-web
sbukp002,UK,prev,UK2025-12-09#t272w0,2025-12-09,78,short,Human,4.0-web
sbukp003,UK,prev,UK2026-04-29#t53w0,2026-04-29,107,short,Human,4.0-web
sbukp004,UK,prev,UK2025-03-26#t163w0,2025-03-26,54,short,Human,4.0-web
sbukp005,UK,prev,UK2025-06-05#t173w0,2025-06-05,97,short,Human,4.0-web
sbukp006,UK,prev,UK2025-09-04#t442w0,2025-09-04,61,short,Human,4.0-web
sbukp007,UK,prev,UK2025-07-21#t562w0,2025-07-21,81,short,Human,4.0-web
sbukp008,UK,prev,UK2026-07-01#t183w0,2026-07-01,59,short,Human,4.0-web
sbukp009,UK,prev,UK2025-05-06#t248w0,2025-05-06,72,short,Human,4.0-web
sbukp010,UK,prev,UK2025-05-01#t117w0,2025-05-01,93,short,Human,4.0-web
sbukp011,UK,prev,UK2025-06-19#t398w0,2025-06-19,67,short,Human,4.0-web
sbukp012,UK,prev,UK2025-02-12#t222w1,2025-02-12,84,short,Human,4.0-web
sbukp013,UK,prev,UK2025-03-31#t126w0,2025-03-31,62,short,Human,4.0-web
sbukp014,UK,prev,UK2025-03-04#t110w0,2025-03-04,59,short,Human,4.0-web
sbukp015,UK,prev,UK2025-01-14#t32w0,2025-01-14,91,short,Human,4.0-web
sbukp016,UK,prev,UK2025-02-11#t140w0,2025-02-11,75,short,Human,4.0-web
sbukp017,UK,prev,UK2025-06-13#t67w0,2025-06-13,64,short,Human,4.0-web
sbukp018,UK,prev,UK2025-01-28#t468w0,2025-01-28,66,short,Human,4.0-web
sbukp019,UK,prev,UK2026-05-20#t384w0,2026-05-20,91,short,Human,4.0-web
sbukp020,UK,prev,UK2026-02-04#t593w1,2026-02-04,116,short,Human,4.0-web
sbukp021,UK,prev,UK2025-02-24#t298w1,2025-02-24,66,short,Human,4.0-web
sbukp022,UK,prev,UK2025-07-08#t385w0,2025-07-08,70,short,Human,4.0-web
sbukp023,UK,prev,UK2025-06-02#t469w0,2025-06-02,82,short,Human,4.0-web
sbukp024,UK,prev,UK2025-10-30#t282w0,2025-10-30,99,short,Human,4.0-web
sbukp025,UK,prev,UK2025-10-14#t372w0,2025-10-14,85,short,Human,4.0-web
sbukp026,UK,prev,UK2025-06-17#t270w0,2025-06-17,52,short,Human,4.0-web
sbukp027,UK,prev,UK2026-02-26#t11w0,2026-02-26,55,short,Human,4.0-web
sbukp028,UK,prev,UK2025-06-30#t5w0,2025-06-30,91,short,Human,4.0-web
sbukp029,UK,prev,UK2026-02-09#t83w0,2026-02-09,93,short,Human,4.0-web
sbukp030,UK,prev,UK2026-03-09#t424w0,2026-03-09,116,short,Human,4.0-web
sbukp031,UK,prev,UK2025-07-01#t285w0,2025-07-01,60,short,Human,4.0-web
sbukp032,UK,prev,UK2026-03-12#t193w0,2026-03-12,74,short,Human,4.0-web
sbukp033,UK,prev,UK2025-03-24#t22w0,2025-03-24,103,short,Human,4.0-web
sbukp034,UK,prev,UK2025-09-01#t380w0,2025-09-01,110,short,Human,4.0-web
sbukp035,UK,prev,UK2025-06-23#t271w0,2025-06-23,51,short,Human,4.0-web
sbukp036,UK,prev,UK2026-03-23#t53w0,2026-03-23,117,short,Human,4.0-web
sbukp037,UK,prev,UK2026-01-26#t372w0,2026-01-26,57,short,Human,4.0-web
sbukp038,UK,prev,UK2026-07-06#t62w0,2026-07-06,106,short,Human,4.0-web
sbukp039,UK,prev,UK2025-09-01#t306w0,2025-09-01,90,short,Human,4.0-web
sbukp040,UK,prev,UK2025-06-05#t471w2,2025-06-05,95,short,Human,4.0-web
sbukp041,UK,prev,UK2026-01-19#t250w0,2026-01-19,104,short,Human,4.0-web
sbukp042,UK,prev,UK2025-01-23#t159w0,2025-01-23,106,short,Human,4.0-web
sbukp043,UK,prev,UK2026-06-08#t77w0,2026-06-08,93,short,Human,4.0-web
sbukp044,UK,prev,UK2025-02-05#t626w0,2025-02-05,58,short,Human,4.0-web
sbukp045,UK,prev,UK2025-11-13#t360w0,2025-11-13,58,short,Mixed,4.0-web
sbukp046,UK,prev,UK2025-02-04#t160w0,2025-02-04,67,short,Human,4.0-web
sbukp047,UK,prev,UK2026-04-28#t308w0,2026-04-28,114,short,Human,4.0-web
sbukp048,UK,prev,UK2026-06-02#t290w0,2026-06-02,103,short,Human,4.0-web
sbukp049,UK,prev,UK2025-06-30#t139w0,2025-06-30,59,short,Human,4.0-web
sbukp050,UK,prev,UK2026-04-15#t309w0,2026-04-15,103,short,Human,4.0-web
sbukp051,UK,prev,UK2025-03-19#t155w0,2025-03-19,113,short,Human,4.0-web
sbukp052,UK,prev,UK2025-11-12#t116w0,2025-11-12,99,short,Human,4.0-web
sbukp053,UK,prev,UK2026-01-14#t50w0,2026-01-14,112,short,Human,4.0-web
sbukp054,UK,prev,UK2026-02-09#t420w0,2026-02-09,73,short,Human,4.0-web
sbukp055,UK,prev,UK2026-04-20#t114w0,2026-04-20,116,short,Human,4.0-web
sbukp056,UK,prev,UK2025-01-28#t294w0,2025-01-28,90,short,Human,4.0-web
sbukp057,UK,prev,UK2026-01-06#t50w0,2026-01-06,96,short,Human,4.0-web
sbukp058,UK,prev,UK2025-09-08#t26w0,2025-09-08,72,short,Human,4.0-web
sbukp059,UK,prev,UK2026-04-16#t72w0,2026-04-16,92,short,Human,4.0-web
sbukp060,UK,prev,UK2025-10-27#t100w0,2025-10-27,86,short,Human,4.0-web
sbukp061,UK,prev,UK2025-10-23#t370w0,2025-10-23,67,short,Human,4.0-web
sbukp062,UK,prev,UK2025-04-25#t146w0,2025-04-25,90,short,Human,4.0-web
sbukp063,UK,prev,UK2026-04-21#t102w0,2026-04-21,98,short,Human,4.0-web
sbukp064,UK,prev,UK2025-12-15#t56w0,2025-12-15,73,short,Human,4.0-web
sbukp065,UK,prev,UK2026-06-16#t129w0,2026-06-16,64,short,Human,4.0-web
sbukp066,UK,prev,UK2025-11-18#t152w0,2025-11-18,114,short,Human,4.0-web
sbukp067,UK,prev,UK2025-10-22#t245w0,2025-10-22,74,short,Human,4.0-web
sbukp068,UK,prev,UK2025-02-24#t175w0,2025-02-24,62,short,Human,4.0-web
sbukp069,UK,prev,UK2026-04-21#t422w1,2026-04-21,75,short,Human,4.0-web
sbukp070,UK,prev,UK2026-03-03#t246w0,2026-03-03,64,short,Human,4.0-web
sbukp071,UK,prev,UK2026-07-06#t461w0,2026-07-06,71,short,Human,4.0-web
sbukp072,UK,prev,UK2026-06-02#t159w0,2026-06-02,73,short,Human,4.0-web
sbukp073,UK,prev,UK2025-11-04#t309w0,2025-11-04,55,short,Human,4.0-web
sbukp074,UK,prev,UK2025-04-08#t90w0,2025-04-08,59,short,Human,4.0-web
sbukp075,UK,prev,UK2025-05-22#t419w0,2025-05-22,75,short,Human,4.0-web
sbukp076,UK,prev,UK2025-03-13#t415w0,2025-03-13,82,short,Human,4.0-web
sbukp077,UK,prev,UK2026-04-27#t117w0,2026-04-27,93,short,Human,4.0-web
sbukp078,UK,prev,UK2025-12-02#t122w0,2025-12-02,51,short,Human,4.0-web
sbukp079,UK,prev,UK2025-01-06#t485w0,2025-01-06,114,short,Human,4.0-web
sbukp080,UK,prev,UK2025-02-06#t311w0,2025-02-06,58,short,Human,4.0-web
sbukp081,UK,prev,UK2025-09-02#t76w0,2025-09-02,115,short,Human,4.0-web
sbukp082,UK,prev,UK2025-11-04#t168w0,2025-11-04,53,short,Human,4.0-web
sbukp083,UK,prev,UK2026-03-26#t317w0,2026-03-26,66,short,Human,4.0-web
sbukp084,UK,prev,UK2025-07-09#t249w0,2025-07-09,56,short,Human,4.0-web
sbukp085,UK,prev,UK2025-05-20#t296w0,2025-05-20,56,short,Human,4.0-web
sbukp086,UK,prev,UK2026-03-11#t33w0,2026-03-11,61,short,Human,4.0-web
sbukp087,UK,prev,UK2025-06-02#t72w0,2025-06-02,50,short,Human,4.0-web
sbukp088,UK,prev,UK2026-06-22#t280w0,2026-06-22,92,short,Human,4.0-web
sbukp089,UK,prev,UK2026-02-02#t21w0,2026-02-02,83,short,Human,4.0-web
sbukp090,UK,prev,UK2025-11-04#t419w0,2025-11-04,56,short,Human,4.0-web
sbukp091,UK,prev,UK2026-03-02#t349w0,2026-03-02,103,short,Human,4.0-web
sbukp092,UK,prev,UK2025-11-24#t4w0,2025-11-24,53,short,Human,4.0-web
sbukp093,UK,prev,UK2025-12-16#t441w0,2025-12-16,81,short,Human,4.0-web
sbukp094,UK,prev,UK2025-01-16#t537w0,2025-01-16,97,short,Human,4.0-web
sbukp095,UK,prev,UK2026-03-26#t308w0,2026-03-26,79,short,Human,4.0-web
sbukp096,UK,prev,UK2025-04-02#t115w0,2025-04-02,73,short,Human,4.0-web
sbukp097,UK,prev,UK2026-01-13#t313w0,2026-01-13,86,short,Human,4.0-web
sbukp098,UK,prev,UK2025-01-09#t260w0,2025-01-09,98,short,Human,4.0-web
sbukp099,UK,prev,UK2025-12-04#t76w0,2025-12-04,116,short,Human,4.0-web
sbukp100,UK,prev,UK2025-09-08#t306w0,2025-09-08,77,short,Human,4.0-web
sbukp101,UK,prev,UK2026-01-19#t520w0,2026-01-19,61,short,Human,4.0-web
sbukp102,UK,prev,UK2025-03-19#t349w0,2025-03-19,93,short,Human,4.0-web
sbukp103,UK,prev,UK2025-10-13#t464w0,2025-10-13,96,short,Human,4.0-web
sbukp104,UK,prev,UK2025-04-02#t149w0,2025-04-02,98,short,Human,4.0-web
sbukp105,UK,prev,UK2025-03-27#t445w0,2025-03-27,82,short,Human,4.0-web
sbukp106,UK,prev,UK2025-02-04#t24w0,2025-02-04,57,short,Human,4.0-web
sbukp107,UK,prev,UK2026-04-23#t263w0,2026-04-23,114,short,Human,4.0-web
sbukp108,UK,prev,UK2025-05-22#t103w0,2025-05-22,60,short,Human,4.0-web
sbukp109,UK,prev,UK2025-10-21#t184w0,2025-10-21,119,short,Human,4.0-web
sbukp110,UK,prev,UK2025-02-10#t430w0,2025-02-10,68,short,Human,4.0-web
sbukp111,UK,prev,UK2026-06-16#t258w1,2026-06-16,102,short,Human,4.0-web
sbukp112,UK,prev,UK2026-06-04#t178w0,2026-06-04,107,short,Human,4.0-web
sbukp113,UK,prev,UK2025-11-12#t599w0,2025-11-12,116,short,Human,4.0-web
sbukp114,UK,prev,UK2025-09-15#t158w0,2025-09-15,79,short,Human,4.0-web
sbukp115,UK,prev,UK2025-10-15#t69w0,2025-10-15,87,short,Human,4.0-web
sbukp116,UK,prev,UK2025-01-23#t238w0,2025-01-23,77,short,Human,4.0-web
sbukp117,UK,prev,UK2025-03-28#t61w0,2025-03-28,75,short,Human,4.0-web
sbukp118,UK,prev,UK2025-10-21#t180w0,2025-10-21,99,short,Human,4.0-web
sbukp119,UK,prev,UK2025-03-06#t320w0,2025-03-06,104,short,Human,4.0-web
sbukp120,UK,prev,UK2025-03-11#t234w0,2025-03-11,59,short,Human,4.0-web
sbukp121,UK,prev,UK2025-11-11#t117w0,2025-11-11,64,short,Human,4.0-web
sbukp122,UK,prev,UK2026-02-23#t281w0,2026-02-23,108,short,Human,4.0-web
sbukp123,UK,prev,UK2025-10-23#t262w0,2025-10-23,98,short,Human,4.0-web
sbukp124,UK,prev,UK2026-07-09#t35w0,2026-07-09,77,short,Human,4.0-web
sbukp125,UK,prev,UK2025-10-13#t159w0,2025-10-13,54,short,Human,4.0-web
sbukp126,UK,prev,UK2025-10-21#t2w0,2025-10-21,68,short,Human,4.0-web
sbukp127,UK,prev,UK2026-06-08#t397w0,2026-06-08,59,short,Human,4.0-web
sbukp128,UK,prev,UK2025-11-03#t72w0,2025-11-03,89,short,Human,4.0-web
sbukp129,UK,prev,UK2025-04-24#t260w0,2025-04-24,76,short,Human,4.0-web
sbukp130,UK,prev,UK2025-07-10#t277w0,2025-07-10,101,short,Human,4.0-web
sbukp131,UK,prev,UK2025-02-27#t98w0,2025-02-27,116,short,Human,4.0-web
sbukp132,UK,prev,UK2025-01-06#t248w0,2025-01-06,108,short,Human,4.0-web
sbukp133,UK,prev,UK2025-09-03#t161w0,2025-09-03,114,short,Human,4.0-web
sbukp134,UK,prev,UK2026-04-23#t152w0,2026-04-23,59,short,Human,4.0-web
sbukp135,UK,prev,UK2026-03-05#t344w0,2026-03-05,110,short,Human,4.0-web
sbukp136,UK,prev,UK2025-01-21#t94w0,2025-01-21,92,short,Human,4.0-web
sbukp137,UK,prev,UK2026-03-18#t341w0,2026-03-18,73,short,Human,4.0-web
sbukp138,UK,prev,UK2026-03-12#t196w0,2026-03-12,83,short,Human,4.0-web
sbukp139,UK,prev,UK2025-06-09#t3w0,2025-06-09,77,short,Human,4.0-web
sbukp140,UK,prev,UK2025-03-12#t71w0,2025-03-12,89,short,Human,4.0-web
sbukp141,UK,prev,UK2025-04-28#t90w0,2025-04-28,98,short,Human,4.0-web
sbukp142,UK,prev,UK2026-06-10#t314w0,2026-06-10,79,short,Human,4.0-web
sbukp143,UK,prev,UK2025-06-16#t11w0,2025-06-16,103,short,Human,4.0-web
sbukp144,UK,prev,UK2025-03-18#t147w0,2025-03-18,61,short,Human,4.0-web
sbukc000,UK,ctl,UK2022-01-20#t12w0,2022-01-20,56,short,Human,4.0-web
sbukc001,UK,ctl,UK2022-01-18#t143w1,2022-01-18,104,short,Human,4.0-web
sbukc002,UK,ctl,UK2020-06-15#t80w0,2020-06-15,64,short,Human,4.0-web
sbukc003,UK,ctl,UK2018-10-09#t415w0,2018-10-09,79,short,Human,4.0-web
sbukc004,UK,ctl,UK2019-10-19#t203w0,2019-10-19,69,short,Human,4.0-web
sbukc005,UK,ctl,UK2020-02-10#t331w0,2020-02-10,104,short,Human,4.0-web
sbukc006,UK,ctl,UK2018-05-01#t28w0,2018-05-01,73,short,Human,4.0-web
sbukc007,UK,ctl,UK2021-12-07#t264w0,2021-12-07,62,short,Human,4.0-web
sbukc008,UK,ctl,UK2018-01-22#t159w0,2018-01-22,90,short,Human,4.0-web
sbukc009,UK,ctl,UK2018-06-11#t110w0,2018-06-11,58,short,Human,4.0-web
sbukc010,UK,ctl,UK2018-04-16#t176w0,2018-04-16,89,short,Human,4.0-web
sbukc011,UK,ctl,UK2021-12-08#t402w0,2021-12-08,91,short,Human,4.0-web
sbukc012,UK,ctl,UK2018-06-19#t423w1,2018-06-19,107,short,Human,4.0-web
sbukc013,UK,ctl,UK2020-01-22#t87w0,2020-01-22,111,short,Human,4.0-web
sbukc014,UK,ctl,UK2019-07-11#t61w0,2019-07-11,79,short,Human,4.0-web
sbukc015,UK,ctl,UK2020-09-14#t173w0,2020-09-14,66,short,Human,4.0-web
sbukc016,UK,ctl,UK2022-05-12#t190w1,2022-05-12,71,short,Human,4.0-web
sbukc017,UK,ctl,UK2018-10-16#t6w0,2018-10-16,77,short,Human,4.0-web
sbukc018,UK,ctl,UK2021-07-19#t110w0,2021-07-19,87,short,Human,4.0-web
sbukc019,UK,ctl,UK2022-05-16#t138w0,2022-05-16,77,short,Human,4.0-web
sbukc020,UK,ctl,UK2021-11-25#t251w0,2021-11-25,99,short,Human,4.0-web
sbukc021,UK,ctl,UK2018-07-02#t436w1,2018-07-02,108,short,Human,4.0-web
sbukc022,UK,ctl,UK2020-07-13#t331w1,2020-07-13,73,short,Human,4.0-web
sbukc023,UK,ctl,UK2021-06-30#t73w0,2021-06-30,90,short,Human,4.0-web
sbukc024,UK,ctl,UK2022-04-19#t161w0,2022-04-19,92,short,Human,4.0-web
sbukc025,UK,ctl,UK2019-03-29#t5w0,2019-03-29,79,short,Human,4.0-web
sbukc026,UK,ctl,UK2022-03-10#t272w0,2022-03-10,106,short,Human,4.0-web
sbukc027,UK,ctl,UK2019-11-05#t99w0,2019-11-05,106,short,Human,4.0-web
sbukc028,UK,ctl,UK2018-12-06#t251w0,2018-12-06,110,short,Human,4.0-web
sbukc029,UK,ctl,UK2021-11-03#t422w0,2021-11-03,103,short,Human,4.0-web
sbukc030,UK,ctl,UK2018-02-01#t87w0,2018-02-01,103,short,Human,4.0-web
sbukc031,UK,ctl,UK2020-03-11#t343w0,2020-03-11,55,short,Human,4.0-web
sbukc032,UK,ctl,UK2019-10-01#t94w0,2019-10-01,82,short,Human,4.0-web
sbukc033,UK,ctl,UK2019-03-13#t461w0,2019-03-13,60,short,Human,4.0-web
sbukc034,UK,ctl,UK2019-06-06#t180w0,2019-06-06,66,short,Human,4.0-web
sbukc035,UK,ctl,UK2022-06-27#t350w0,2022-06-27,70,short,Human,4.0-web
sbukc036,UK,ctl,UK2022-01-17#t251w0,2022-01-17,83,short,Human,4.0-web
sbukc037,UK,ctl,UK2018-02-05#t450w0,2018-02-05,59,short,Human,4.0-web
sbukc038,UK,ctl,UK2022-06-23#t5w0,2022-06-23,53,short,Human,4.0-web
sbukc039,UK,ctl,UK2020-06-02#t1w3,2020-06-02,61,short,Human,4.0-web
sbukc040,UK,ctl,UK2018-12-11#t155w0,2018-12-11,81,short,Human,4.0-web
sbukc041,UK,ctl,UK2021-02-25#t7w0,2021-02-25,63,short,Human,4.0-web
sbukc042,UK,ctl,UK2021-05-27#t308w0,2021-05-27,75,short,Human,4.0-web
sbukc043,UK,ctl,UK2019-01-07#t578w2,2019-01-07,79,short,Human,4.0-web
sbukc044,UK,ctl,UK2022-06-08#t3w0,2022-06-08,73,short,Human,4.0-web
sbukc045,UK,ctl,UK2021-11-25#t363w1,2021-11-25,52,short,Human,4.0-web
sbukc046,UK,ctl,UK2018-02-07#t21w0,2018-02-07,86,short,Human,4.0-web
sbukc047,UK,ctl,UK2020-07-15#t115w0,2020-07-15,86,short,Human,4.0-web
sbukc048,UK,ctl,UK2018-04-30#t301w0,2018-04-30,90,short,Human,4.0-web
sbukc049,UK,ctl,UK2020-02-11#t142w0,2020-02-11,58,short,Human,4.0-web
sbukc050,UK,ctl,UK2018-03-21#t149w0,2018-03-21,84,short,Human,4.0-web
sbukc051,UK,ctl,UK2022-03-14#t363w0,2022-03-14,53,short,Human,4.0-web
sbukc052,UK,ctl,UK2021-11-03#t349w0,2021-11-03,72,short,Human,4.0-web
sbukc053,UK,ctl,UK2021-03-02#t66w0,2021-03-02,117,short,Human,4.0-web
sbukc054,UK,ctl,UK2019-02-11#t188w0,2019-02-11,76,short,Human,4.0-web
sbukc055,UK,ctl,UK2018-10-17#t202w0,2018-10-17,50,short,Human,4.0-web
sbukc056,UK,ctl,UK2022-06-15#t193w0,2022-06-15,60,short,Human,4.0-web
sbukc057,UK,ctl,UK2021-03-15#t414w4,2021-03-15,89,short,Human,4.0-web
sbukc058,UK,ctl,UK2020-10-15#t332w0,2020-10-15,62,short,Human,4.0-web
sbukc059,UK,ctl,UK2020-12-10#t22w0,2020-12-10,77,short,Human,4.0-web
sbukc060,UK,ctl,UK2018-11-15#t482w0,2018-11-15,53,short,Human,4.0-web
sbukc061,UK,ctl,UK2018-11-21#t15w0,2018-11-21,51,short,Human,4.0-web
sbukc062,UK,ctl,UK2019-07-18#t159w0,2019-07-18,67,short,Human,4.0-web
sbukc063,UK,ctl,UK2018-10-18#t341w0,2018-10-18,87,short,Human,4.0-web
sbcabp000,AB,prev,AB2025-04-29#t49w0,2025-04-29,105,short,Human,4.0-web
sbcabp001,AB,prev,AB2025-11-24#t106w0,2025-11-24,116,short,Human,4.0-web
sbcabp002,AB,prev,AB2026-04-02#t36w0,2026-04-02,92,short,Human,4.0-web
sbcabp003,AB,prev,AB2025-02-25#t53w0,2025-02-25,64,short,Human,4.0-web
sbcabp004,AB,prev,AB2025-05-07#t36w1,2025-05-07,77,short,Human,4.0-web
sbcabp005,AB,prev,AB2025-05-05#t2w0,2025-05-05,54,short,Human,4.0-web
sbcabp006,AB,prev,AB2026-05-12#t62w0,2026-05-12,88,short,Human,4.0-web
sbcabp007,AB,prev,AB2025-04-15#t10w1,2025-04-15,102,short,Mixed,4.0-web
sbcabp008,AB,prev,AB2025-03-24#t78w0,2025-03-24,103,short,Human,4.0-web
sbcabp009,AB,prev,AB2026-03-24#t66w0,2026-03-24,68,short,Human,4.0-web
sbcabp010,AB,prev,AB2025-04-09#t113w0,2025-04-09,95,short,Human,4.0-web
sbcabp011,AB,prev,AB2026-04-01#t36w0,2026-04-01,89,short,Human,4.0-web
sbcabp012,AB,prev,AB2025-11-24#t111w0,2025-11-24,110,short,Human,4.0-web
sbcabp013,AB,prev,AB2026-03-18#t101w0,2026-03-18,91,short,Human,4.0-web
sbcabp014,AB,prev,AB2026-05-04#t45w0,2026-05-04,78,short,Human,4.0-web
sbcabp015,AB,prev,AB2025-03-19#t130w0,2025-03-19,57,short,Human,4.0-web
sbcabp016,AB,prev,AB2025-12-02#t90w0,2025-12-02,92,short,Human,4.0-web
sbcabp017,AB,prev,AB2025-11-06#t79w0,2025-11-06,101,short,Human,4.0-web
sbcabp018,AB,prev,AB2025-05-14#t86w0,2025-05-14,99,short,Human,4.0-web
sbcabp019,AB,prev,AB2025-05-13#t50w0,2025-05-13,94,short,Human,4.0-web
sbcabp020,AB,prev,AB2025-10-28#t102w0,2025-10-28,99,short,Human,4.0-web
sbcabp021,AB,prev,AB2025-05-13#t24w0,2025-05-13,113,short,Human,4.0-web
sbcabp022,AB,prev,AB2025-10-29#t85w0,2025-10-29,76,short,Human,4.0-web
sbcabp023,AB,prev,AB2025-04-15#t21w0,2025-04-15,100,short,Human,4.0-web
sbcabp024,AB,prev,AB2025-12-09#t70w0,2025-12-09,91,short,Human,4.0-web
sbcabp025,AB,prev,AB2026-02-26#t96w0,2026-02-26,92,short,Human,4.0-web
sbcabp026,AB,prev,AB2025-05-13#t64w0,2025-05-13,96,short,Human,4.0-web
sbcabp027,AB,prev,AB2026-05-11#t23w0,2026-05-11,103,short,Human,4.0-web
sbcabp028,AB,prev,AB2025-10-27#t95w0,2025-10-27,111,short,Human,4.0-web
sbcabp029,AB,prev,AB2026-03-25#t123w4,2026-03-25,115,short,Human,4.0-web
sbcabp030,AB,prev,AB2025-11-18#t62w0,2025-11-18,92,short,Human,4.0-web
sbcabp031,AB,prev,AB2025-12-03#t42w0,2025-12-03,102,short,Human,4.0-web
sbcabp032,AB,prev,AB2025-11-27#t40w0,2025-11-27,93,short,Human,4.0-web
sbcabp033,AB,prev,AB2025-05-01#t67w0,2025-05-01,91,short,Human,4.0-web
sbcabp034,AB,prev,AB2025-04-28#t17w0,2025-04-28,100,short,Human,4.0-web
sbcabp035,AB,prev,AB2025-04-14#t4w0,2025-04-14,66,short,Human,4.0-web
sbcabp036,AB,prev,AB2026-03-19#t82w0,2026-03-19,97,short,Human,4.0-web
sbcabp037,AB,prev,AB2025-04-14#t89w0,2025-04-14,93,short,Human,4.0-web
sbcabp038,AB,prev,AB2026-03-18#t86w0,2026-03-18,100,short,Human,4.0-web
sbcabp039,AB,prev,AB2025-11-24#t119w0,2025-11-24,51,short,Human,4.0-web
sbcabp040,AB,prev,AB2026-03-19#t95w0,2026-03-19,108,short,Human,4.0-web
sbcabp041,AB,prev,AB2026-02-26#t76w0,2026-02-26,53,short,Human,4.0-web
sbcabp042,AB,prev,AB2025-12-02#t93w0,2025-12-02,77,short,Human,4.0-web
sbcabp043,AB,prev,AB2026-03-25#t92w0,2026-03-25,80,short,Human,4.0-web
sbcabp044,AB,prev,AB2025-11-26#t75w0,2025-11-26,79,short,Human,4.0-web
sbcabp045,AB,prev,AB2026-03-10#t100w0,2026-03-10,100,short,Human,4.0-web
sbcabp046,AB,prev,AB2025-05-08#t119w0,2025-05-08,53,short,Human,4.0-web
sbcabp047,AB,prev,AB2026-04-23#t29w0,2026-04-23,103,short,Human,4.0-web
sbcabp048,AB,prev,AB2025-05-13#t75w0,2025-05-13,90,short,Human,4.0-web
sbcabp049,AB,prev,AB2025-11-25#t73w0,2025-11-25,110,short,Human,4.0-web
sbcabp050,AB,prev,AB2026-03-18#t10w0,2026-03-18,76,short,Human,4.0-web
sbcabp051,AB,prev,AB2026-03-19#t111w0,2026-03-19,115,short,Human,4.0-web
sbcabp052,AB,prev,AB2025-05-13#t43w0,2025-05-13,91,short,Human,4.0-web
sbcabp053,AB,prev,AB2026-04-21#t78w0,2026-04-21,117,short,Human,4.0-web
sbcabp054,AB,prev,AB2026-03-09#t65w0,2026-03-09,115,short,Human,4.0-web
sbcabp055,AB,prev,AB2026-03-31#t40w0,2026-03-31,72,short,Human,4.0-web
sbcabp056,AB,prev,AB2026-05-06#t40w0,2026-05-06,106,short,Human,4.0-web
sbcabp057,AB,prev,AB2026-05-13#t7w0,2026-05-13,70,short,Human,4.0-web
sbcabp058,AB,prev,AB2026-03-19#t51w0,2026-03-19,85,short,Human,4.0-web
sbcabp059,AB,prev,AB2026-02-24#t111w0,2026-02-24,81,short,Human,4.0-web
sbcabp060,AB,prev,AB2025-11-18#t100w0,2025-11-18,83,short,Human,4.0-web
sbcabp061,AB,prev,AB2025-05-08#t2w0,2025-05-08,65,short,Human,4.0-web
sbcabp062,AB,prev,AB2026-05-06#t67w0,2026-05-06,96,short,Human,4.0-web
sbcabp063,AB,prev,AB2025-03-19#t57w0,2025-03-19,95,short,Human,4.0-web
sbcabp064,AB,prev,AB2025-05-05#t145w1,2025-05-05,118,short,Human,4.0-web
sbcabp065,AB,prev,AB2025-05-07#t19w0,2025-05-07,92,short,Human,4.0-web
sbcabp066,AB,prev,AB2025-11-26#t112w0,2025-11-26,74,short,Human,4.0-web
sbcabp067,AB,prev,AB2025-11-04#t39w0,2025-11-04,111,short,Human,4.0-web
sbcabp068,AB,prev,AB2026-05-06#t146w0,2026-05-06,52,short,Human,4.0-web
sbcabp069,AB,prev,AB2025-11-25#t20w0,2025-11-25,104,short,Human,4.0-web
sbcabp070,AB,prev,AB2026-04-13#t104w0,2026-04-13,76,short,Human,4.0-web
sbcabp071,AB,prev,AB2025-12-08#t81w0,2025-12-08,116,short,Human,4.0-web
sbcabp072,AB,prev,AB2026-04-21#t56w0,2026-04-21,102,short,Human,4.0-web
sbcabp073,AB,prev,AB2026-04-01#t96w0,2026-04-01,100,short,Human,4.0-web
sbcabp074,AB,prev,AB2026-04-01#t59w0,2026-04-01,84,short,Human,4.0-web
sbcabp075,AB,prev,AB2025-05-08#t29w0,2025-05-08,63,short,Human,4.0-web
sbcabp076,AB,prev,AB2025-11-17#t73w0,2025-11-17,79,short,Human,4.0-web
sbcabp077,AB,prev,AB2025-04-07#t93w0,2025-04-07,104,short,Human,4.0-web
sbcabp078,AB,prev,AB2025-04-16#t124w3,2025-04-16,62,short,Human,4.0-web
sbcabp079,AB,prev,AB2026-04-01#t99w0,2026-04-01,91,short,Human,4.0-web
sbcabp080,AB,prev,AB2025-05-12#t98w0,2025-05-12,95,short,Human,4.0-web
sbcabp081,AB,prev,AB2025-04-28#t46w0,2025-04-28,83,short,Human,4.0-web
sbcabp082,AB,prev,AB2025-11-03#t9w0,2025-11-03,58,short,Human,4.0-web
sbcabp083,AB,prev,AB2026-05-04#t28w0,2026-05-04,104,short,Human,4.0-web
sbcabp084,AB,prev,AB2026-05-11#t103w0,2026-05-11,68,short,Human,4.0-web
sbcabp085,AB,prev,AB2025-04-17#t56w0,2025-04-17,95,short,Human,4.0-web
sbcabp086,AB,prev,AB2025-12-09#t19w0,2025-12-09,81,short,Human,4.0-web
sbcabp087,AB,prev,AB2025-05-07#t120w4,2025-05-07,56,short,Human,4.0-web
sbcabp088,AB,prev,AB2026-04-15#t12w0,2026-04-15,71,short,Human,4.0-web
sbcabp089,AB,prev,AB2025-04-07#t12w0,2025-04-07,73,short,Human,4.0-web
sbcabp090,AB,prev,AB2026-02-26#t94w0,2026-02-26,88,short,Human,4.0-web
sbcabp091,AB,prev,AB2025-05-06#t69w0,2025-05-06,80,short,Human,4.0-web
sbcabp092,AB,prev,AB2026-04-02#t63w0,2026-04-02,116,short,Human,4.0-web
sbcabp093,AB,prev,AB2025-11-24#t100w0,2025-11-24,96,short,Human,4.0-web
sbcabp094,AB,prev,AB2026-04-02#t67w0,2026-04-02,91,short,Human,4.0-web
sbcabp095,AB,prev,AB2025-05-14#t6w0,2025-05-14,71,short,Human,4.0-web
sbcabp096,AB,prev,AB2025-04-17#t7w0,2025-04-17,51,short,Human,4.0-web
sbcabp097,AB,prev,AB2026-03-09#t52w0,2026-03-09,65,short,Human,4.0-web
sbcabp098,AB,prev,AB2025-11-05#t152w1,2025-11-05,95,short,Human,4.0-web
sbcabp099,AB,prev,AB2025-04-15#t112w0,2025-04-15,66,short,Human,4.0-web
sbcabp100,AB,prev,AB2026-04-22#t131w5,2026-04-22,101,short,Human,4.0-web
sbcabp101,AB,prev,AB2025-11-20#t72w0,2025-11-20,82,short,Human,4.0-web
sbcabp102,AB,prev,AB2025-04-09#t67w0,2025-04-09,100,short,Human,4.0-web
sbcabp103,AB,prev,AB2025-11-17#t88w0,2025-11-17,102,short,Human,4.0-web
sbcabp104,AB,prev,AB2025-05-12#t37w0,2025-05-12,78,short,Human,4.0-web
sbcabp105,AB,prev,AB2025-11-06#t106w0,2025-11-06,104,short,Human,4.0-web
sbcabp106,AB,prev,AB2026-02-25#t73w0,2026-02-25,81,short,Human,4.0-web
sbcabp107,AB,prev,AB2026-03-10#t64w0,2026-03-10,81,short,Human,4.0-web
sbcabp108,AB,prev,AB2026-05-12#t64w0,2026-05-12,100,short,Human,4.0-web
sbcabp109,AB,prev,AB2026-04-13#t69w0,2026-04-13,89,short,Human,4.0-web
sbcabp110,AB,prev,AB2025-11-26#t45w0,2025-11-26,106,short,Human,4.0-web
sbcabp111,AB,prev,AB2025-04-28#t23w0,2025-04-28,115,short,Human,4.0-web
sbcabp112,AB,prev,AB2025-12-04#t4w0,2025-12-04,63,short,Human,4.0-web
sbcabp113,AB,prev,AB2025-10-30#t116w0,2025-10-30,112,short,Human,4.0-web
sbcabp114,AB,prev,AB2026-03-25#t65w0,2026-03-25,99,short,Human,4.0-web
sbcabp115,AB,prev,AB2025-03-27#t40w0,2025-03-27,108,short,Human,4.0-web
sbcabp116,AB,prev,AB2025-12-02#t134w0,2025-12-02,54,short,Human,4.0-web
sbcabp117,AB,prev,AB2026-04-22#t112w0,2026-04-22,99,short,Human,4.0-web
sbcabp118,AB,prev,AB2025-03-24#t57w0,2025-03-24,102,short,Human,4.0-web
sbcabp119,AB,prev,AB2025-03-11#t27w0,2025-03-11,109,short,Human,4.0-web
sbcabp120,AB,prev,AB2025-11-26#t25w0,2025-11-26,54,short,Human,4.0-web
sbcabp121,AB,prev,AB2025-10-28#t79w0,2025-10-28,89,short,Human,4.0-web
sbcabp122,AB,prev,AB2025-11-20#t57w0,2025-11-20,68,short,Human,4.0-web
sbcabp123,AB,prev,AB2025-02-27#t84w0,2025-02-27,78,short,Human,4.0-web
sbcabp124,AB,prev,AB2025-11-19#t130w0,2025-11-19,111,short,Human,4.0-web
sbcabp125,AB,prev,AB2026-03-30#t14w0,2026-03-30,101,short,Human,4.0-web
sbcabp126,AB,prev,AB2025-11-17#t63w0,2025-11-17,105,short,Human,4.0-web
sbcabp127,AB,prev,AB2025-11-03#t34w0,2025-11-03,103,short,Human,4.0-web
sbcabp128,AB,prev,AB2025-05-01#t92w0,2025-05-01,81,short,Human,4.0-web
sbcabc000,AB,ctl,AB2019-12-04#t82w0,2019-12-04,95,short,Human,4.0-web
sbcabc001,AB,ctl,AB2008-10-28#t39w0,2008-10-28,52,short,Human,4.0-web
sbcabc002,AB,ctl,AB2008-05-06#t3w0,2008-05-06,56,short,Human,4.0-web
sbcabc003,AB,ctl,AB2008-05-26#t13w0,2008-05-26,78,short,Human,4.0-web
sbcabc004,AB,ctl,AB2016-12-06#t31w0,2016-12-06,63,short,Human,4.0-web
sbcabc005,AB,ctl,AB2019-10-17#t135w1,2019-10-17,68,short,Human,4.0-web
sbcabc006,AB,ctl,AB2007-05-14#t18w0,2007-05-14,88,short,Human,4.0-web
sbcabc007,AB,ctl,AB2008-04-28#t83w0,2008-04-28,75,short,Human,4.0-web
sbcabc008,AB,ctl,AB2019-11-05#t93w0,2019-11-05,106,short,Human,4.0-web
sbcabc009,AB,ctl,AB2018-05-07#t73w0,2018-05-07,117,short,Human,4.0-web
sbcabc010,AB,ctl,AB2018-05-16#t114w0,2018-05-16,98,short,Human,4.0-web
sbcabc011,AB,ctl,AB2009-04-27#t78w0,2009-04-27,51,short,Human,4.0-web
sbcabc012,AB,ctl,AB2007-11-29#t116w0,2007-11-29,63,short,Human,4.0-web
sbcabc013,AB,ctl,AB2008-10-28#t22w0,2008-10-28,52,short,Human,4.0-web
sbcabc014,AB,ctl,AB2017-11-29#t118w0,2017-11-29,58,short,Human,4.0-web
sbcabc015,AB,ctl,AB2006-05-02#t52w0,2006-05-02,75,short,Human,4.0-web
sbcabc016,AB,ctl,AB2009-02-19#t109w0,2009-02-19,53,short,Human,4.0-web
sbcabc017,AB,ctl,AB2015-03-12#t66w0,2015-03-12,97,short,Human,4.0-web
sbcabc018,AB,ctl,AB2009-03-02#t119w0,2009-03-02,112,short,Human,4.0-web
sbcabc019,AB,ctl,AB2006-05-15#t92w0,2006-05-15,87,short,Human,4.0-web
sbcabc020,AB,ctl,AB2019-10-17#t117w1,2019-10-17,69,short,Human,4.0-web
sbcabc021,AB,ctl,AB2010-02-24#t63w0,2010-02-24,53,short,Human,4.0-web
sbcabc022,AB,ctl,AB2007-06-14#t67w0,2007-06-14,82,short,Human,4.0-web
sbcabc023,AB,ctl,AB2008-05-13#t106w0,2008-05-13,76,short,Human,4.0-web
sbcabc024,AB,ctl,AB2016-04-19#t74w0,2016-04-19,115,short,Human,4.0-web
sbcabc025,AB,ctl,AB2006-03-14#t123w3,2006-03-14,77,short,Human,4.0-web
sbcabc026,AB,ctl,AB2019-12-03#t20w0,2019-12-03,107,short,Human,4.0-web
sbcabc027,AB,ctl,AB2019-06-27#t101w0,2019-06-27,88,short,Human,4.0-web
sbcabc028,AB,ctl,AB2017-03-13#t66w0,2017-03-13,102,short,Human,4.0-web
sbcabc029,AB,ctl,AB2008-04-30#t77w0,2008-04-30,92,short,Human,4.0-web
sbcabc030,AB,ctl,AB2006-08-29#t97w0,2006-08-29,88,short,Human,4.0-web
sbcabc031,AB,ctl,AB2017-06-01#t70w0,2017-06-01,97,short,Human,4.0-web
sbcabc032,AB,ctl,AB2006-03-15#t13w0,2006-03-15,109,short,Human,4.0-web
sbcabc033,AB,ctl,AB2007-04-18#t73w0,2007-04-18,71,short,Human,4.0-web
sbcabc034,AB,ctl,AB2010-04-14#t148w0,2010-04-14,94,short,Human,4.0-web
sbcabc035,AB,ctl,AB2017-05-31#t75w0,2017-05-31,80,short,Human,4.0-web
sbcabc036,AB,ctl,AB2009-02-12#t94w0,2009-02-12,100,short,Human,4.0-web
sbcabc037,AB,ctl,AB2007-11-19#t57w0,2007-11-19,64,short,Human,4.0-web
sbcabc038,AB,ctl,AB2009-03-10#t136w0,2009-03-10,105,short,Human,4.0-web
sbcabc039,AB,ctl,AB2015-10-28#t145w0,2015-10-28,111,short,Human,4.0-web
sbcabc040,AB,ctl,AB2019-10-10#t12w0,2019-10-10,103,short,Human,4.0-web
sbcabc041,AB,ctl,AB2019-07-02#t21w0,2019-07-02,105,short,Human,4.0-web
sbcabc042,AB,ctl,AB2010-04-19#t138w2,2010-04-19,81,short,Human,4.0-web
sbcabc043,AB,ctl,AB2008-05-26#t95w0,2008-05-26,101,short,Human,4.0-web
sbcabc044,AB,ctl,AB2019-06-25#t50w0,2019-06-25,76,short,Human,4.0-web
sbcabc045,AB,ctl,AB2009-04-22#t84w0,2009-04-22,51,short,Human,4.0-web
sbcabc046,AB,ctl,AB2017-05-25#t35w0,2017-05-25,60,short,Human,4.0-web
sbca-p000,CA-FED,prev,CA2026-04-29#t78w0,2026-04-29,78,short,Human,4.0-web
sbca-p001,CA-FED,prev,CA2025-06-06#t112w0,2025-06-06,96,short,Human,4.0-web
sbca-p002,CA-FED,prev,CA2026-04-13#t78w0,2026-04-13,101,short,Human,4.0-web
sbca-p003,CA-FED,prev,CA2026-04-22#t89w0,2026-04-22,97,short,Human,4.0-web
sbca-p004,CA-FED,prev,CA2026-06-04#t283w0,2026-06-04,101,short,Human,4.0-web
sbca-p005,CA-FED,prev,CA2025-12-04#t22w0,2025-12-04,81,short,Human,4.0-web
sbca-p006,CA-FED,prev,CA2025-12-04#t310w0,2025-12-04,119,short,Human,4.0-web
sbca-p007,CA-FED,prev,CA2026-04-20#t33w0,2026-04-20,63,short,Human,4.0-web
sbca-p008,CA-FED,prev,CA2026-02-09#t143w0,2026-02-09,108,short,Human,4.0-web
sbca-p009,CA-FED,prev,CA2025-11-04#t23w0,2025-11-04,97,short,Human,4.0-web
sbca-p010,CA-FED,prev,CA2026-05-25#t285w0,2026-05-25,66,short,Human,4.0-web
sbca-p011,CA-FED,prev,CA2025-10-02#t164w0,2025-10-02,106,short,Human,4.0-web
sbca-p012,CA-FED,prev,CA2026-01-28#t135w0,2026-01-28,57,short,Human,4.0-web
sbca-p013,CA-FED,prev,CA2026-06-02#t158w0,2026-06-02,106,short,Human,4.0-web
sbca-p014,CA-FED,prev,CA2025-06-09#t234w0,2025-06-09,63,short,Human,4.0-web
sbca-p015,CA-FED,prev,CA2025-11-27#t51w0,2025-11-27,59,short,Human,4.0-web
sbca-p016,CA-FED,prev,CA2026-04-29#t135w0,2026-04-29,118,short,Human,4.0-web
sbca-p017,CA-FED,prev,CA2025-10-07#t160w0,2025-10-07,114,short,Human,4.0-web
sbca-p018,CA-FED,prev,CA2026-06-09#t53w0,2026-06-09,64,short,Human,4.0-web
sbca-p019,CA-FED,prev,CA2026-02-25#t72w0,2026-02-25,67,short,Human,4.0-web
sbca-p020,CA-FED,prev,CA2026-02-26#t148w0,2026-02-26,98,short,Human,4.0-web
sbca-p021,CA-FED,prev,CA2026-02-06#t70w0,2026-02-06,71,short,Human,4.0-web
sbca-p022,CA-FED,prev,CA2025-06-19#t172w0,2025-06-19,99,short,Human,4.0-web
sbca-p023,CA-FED,prev,CA2025-12-02#t61w0,2025-12-02,102,short,Human,4.0-web
sbca-p024,CA-FED,prev,CA2025-06-02#t14w0,2025-06-02,84,short,Human,4.0-web
sbca-p025,CA-FED,prev,CA2025-06-03#t323w0,2025-06-03,107,short,Human,4.0-web
sbca-p026,CA-FED,prev,CA2026-06-03#t68w0,2026-06-03,86,short,Human,4.0-web
sbca-p027,CA-FED,prev,CA2026-05-26#t604w0,2026-05-26,58,short,Human,4.0-web
sbca-p028,CA-FED,prev,CA2025-11-21#t13w0,2025-11-21,102,short,Human,4.0-web
sbca-p029,CA-FED,prev,CA2026-01-26#t209w0,2026-01-26,65,short,Human,4.0-web
sbca-p030,CA-FED,prev,CA2025-12-09#t215w0,2025-12-09,101,short,Human,4.0-web
sbca-p031,CA-FED,prev,CA2026-06-01#t263w0,2026-06-01,84,short,Human,4.0-web
sbca-p032,CA-FED,prev,CA2026-03-24#t11w0,2026-03-24,96,short,Human,4.0-web
sbca-p033,CA-FED,prev,CA2025-12-01#t225w0,2025-12-01,90,short,Human,4.0-web
sbca-p034,CA-FED,prev,CA2025-10-08#t82w0,2025-10-08,108,short,Human,4.0-web
sbca-p035,CA-FED,prev,CA2025-09-22#t161w0,2025-09-22,110,short,Human,4.0-web
sbca-p036,CA-FED,prev,CA2026-04-20#t117w0,2026-04-20,94,short,Human,4.0-web
sbca-p037,CA-FED,prev,CA2025-06-06#t176w0,2025-06-06,94,short,Human,4.0-web
sbca-p038,CA-FED,prev,CA2026-06-08#t211w0,2026-06-08,81,short,Human,4.0-web
sbca-p039,CA-FED,prev,CA2025-09-15#t189w0,2025-09-15,117,short,Human,4.0-web
sbca-p040,CA-FED,prev,CA2025-10-30#t186w0,2025-10-30,99,short,Human,4.0-web
sbca-p041,CA-FED,prev,CA2025-06-19#t40w0,2025-06-19,84,short,Human,4.0-web
sbca-p042,CA-FED,prev,CA2026-01-29#t152w0,2026-01-29,72,short,Human,4.0-web
sbca-p043,CA-FED,prev,CA2026-06-02#t119w0,2026-06-02,104,short,Human,4.0-web
sbca-p044,CA-FED,prev,CA2026-02-06#t76w0,2026-02-06,73,short,Human,4.0-web
sbca-p045,CA-FED,prev,CA2025-10-02#t178w0,2025-10-02,93,short,Human,4.0-web
sbca-p046,CA-FED,prev,CA2025-09-22#t66w0,2025-09-22,105,short,Human,4.0-web
sbca-p047,CA-FED,prev,CA2026-04-14#t166w0,2026-04-14,100,short,Human,4.0-web
sbca-p048,CA-FED,prev,CA2025-11-28#t159w0,2025-11-28,68,short,Human,4.0-web
sbca-p049,CA-FED,prev,CA2025-10-08#t22w0,2025-10-08,109,short,Human,4.0-web
sbca-p050,CA-FED,prev,CA2026-04-28#t88w0,2026-04-28,90,short,Human,4.0-web
sbca-p051,CA-FED,prev,CA2026-03-10#t168w0,2026-03-10,105,short,Human,4.0-web
sbca-p052,CA-FED,prev,CA2026-06-02#t234w0,2026-06-02,66,short,Human,4.0-web
sbca-p053,CA-FED,prev,CA2026-04-27#t57w0,2026-04-27,93,short,Human,4.0-web
sbca-p054,CA-FED,prev,CA2026-03-09#t169w0,2026-03-09,74,short,Human,4.0-web
sbca-p055,CA-FED,prev,CA2026-03-23#t239w4,2026-03-23,83,short,Human,4.0-web
sbca-p056,CA-FED,prev,CA2026-06-18#t167w0,2026-06-18,106,short,Human,4.0-web
sbca-p057,CA-FED,prev,CA2026-02-24#t178w0,2026-02-24,81,short,Human,4.0-web
sbca-p058,CA-FED,prev,CA2026-05-07#t20w0,2026-05-07,96,short,Human,4.0-web
sbca-p059,CA-FED,prev,CA2026-02-12#t0w0,2026-02-12,110,short,Human,4.0-web
sbca-p060,CA-FED,prev,CA2025-11-07#t112w0,2025-11-07,70,short,Human,4.0-web
sbca-p061,CA-FED,prev,CA2026-02-13#t121w0,2026-02-13,99,short,Human,4.0-web
sbca-p062,CA-FED,prev,CA2025-11-19#t99w0,2025-11-19,56,short,Human,4.0-web
sbca-p063,CA-FED,prev,CA2025-06-10#t653w0,2025-06-10,67,short,Human,4.0-web
sbca-p064,CA-FED,prev,CA2025-12-09#t51w0,2025-12-09,50,short,Human,4.0-web
sbca-p065,CA-FED,prev,CA2025-06-05#t241w0,2025-06-05,100,short,Human,4.0-web
sbca-p066,CA-FED,prev,CA2026-06-11#t69w0,2026-06-11,51,short,Human,4.0-web
sbca-p067,CA-FED,prev,CA2025-06-03#t346w0,2025-06-03,94,short,Human,4.0-web
sbca-p068,CA-FED,prev,CA2026-05-06#t72w0,2026-05-06,111,short,Human,4.0-web
sbca-p069,CA-FED,prev,CA2026-02-09#t192w0,2026-02-09,74,short,Human,4.0-web
sbca-p070,CA-FED,prev,CA2026-02-10#t37w0,2026-02-10,74,short,Human,4.0-web
sbca-p071,CA-FED,prev,CA2026-02-24#t240w0,2026-02-24,69,short,Human,4.0-web
sbca-p072,CA-FED,prev,CA2025-06-18#t70w0,2025-06-18,107,short,Human,4.0-web
sbca-p073,CA-FED,prev,CA2026-05-26#t472w0,2026-05-26,79,short,Human,4.0-web
sbca-p074,CA-FED,prev,CA2025-06-18#t121w0,2025-06-18,100,short,Human,4.0-web
sbca-p075,CA-FED,prev,CA2025-11-18#t222w0,2025-11-18,68,short,Human,4.0-web
sbca-p076,CA-FED,prev,CA2026-02-12#t266w0,2026-02-12,78,short,Human,4.0-web
sbca-p077,CA-FED,prev,CA2026-03-09#t188w0,2026-03-09,115,short,Human,4.0-web
sbca-p078,CA-FED,prev,CA2025-11-20#t180w0,2025-11-20,110,short,Human,4.0-web
sbca-p079,CA-FED,prev,CA2026-01-27#t7w0,2026-01-27,70,short,Human,4.0-web
sbca-p080,CA-FED,prev,CA2026-02-10#t121w4,2026-02-10,62,short,Human,4.0-web
sbca-p081,CA-FED,prev,CA2026-06-08#t270w0,2026-06-08,85,short,Human,4.0-web
sbca-p082,CA-FED,prev,CA2026-05-04#t221w0,2026-05-04,106,short,Human,4.0-web
sbca-p083,CA-FED,prev,CA2026-04-14#t164w0,2026-04-14,117,short,Human,4.0-web
sbca-p084,CA-FED,prev,CA2025-10-23#t258w0,2025-10-23,106,short,Human,4.0-web
sbca-p085,CA-FED,prev,CA2026-01-26#t43w0,2026-01-26,84,short,Human,4.0-web
sbca-p086,CA-FED,prev,CA2025-09-15#t107w0,2025-09-15,62,short,Human,4.0-web
sbca-p087,CA-FED,prev,CA2025-10-06#t149w0,2025-10-06,90,short,Human,4.0-web
sbca-p088,CA-FED,prev,CA2026-06-01#t106w0,2026-06-01,101,short,Human,4.0-web
sbca-p089,CA-FED,prev,CA2026-04-30#t237w0,2026-04-30,118,short,Human,4.0-web
sbca-p090,CA-FED,prev,CA2025-10-03#t103w0,2025-10-03,87,short,Human,4.0-web
sbca-p091,CA-FED,prev,CA2025-06-18#t53w0,2025-06-18,70,short,Human,4.0-web
sbca-p092,CA-FED,prev,CA2025-09-16#t321w0,2025-09-16,82,short,Human,4.0-web
sbca-p093,CA-FED,prev,CA2025-11-25#t79w0,2025-11-25,92,short,Human,4.0-web
sbca-p094,CA-FED,prev,CA2026-01-27#t189w0,2026-01-27,88,short,Human,4.0-web
sbca-p095,CA-FED,prev,CA2025-06-17#t313w0,2025-06-17,61,short,Human,4.0-web
sbca-p096,CA-FED,prev,CA2025-06-10#t148w0,2025-06-10,67,short,Human,4.0-web
sbca-p097,CA-FED,prev,CA2026-01-26#t182w0,2026-01-26,101,short,Human,4.0-web
sbca-p098,CA-FED,prev,CA2025-11-25#t489w0,2025-11-25,80,short,Human,4.0-web
sbca-p099,CA-FED,prev,CA2026-05-04#t141w0,2026-05-04,87,short,Human,4.0-web
sbca-p100,CA-FED,prev,CA2026-04-14#t215w0,2026-04-14,95,short,Human,4.0-web
sbca-c000,CA-FED,ctl,CA2016-02-23#t174w0,2016-02-23,56,short,Human,4.0-web
sbca-c001,CA-FED,ctl,CA2020-10-30#t146w0,2020-10-30,89,short,Human,4.0-web
sbca-c002,CA-FED,ctl,CA2018-03-28#t80w0,2018-03-28,94,short,Human,4.0-web
sbca-c003,CA-FED,ctl,CA2017-09-25#t142w0,2017-09-25,73,short,Human,4.0-web
sbca-c004,CA-FED,ctl,CA2016-01-27#t81w0,2016-01-27,68,short,Human,4.0-web
sbca-c005,CA-FED,ctl,CA2018-09-19#t82w0,2018-09-19,73,short,Human,4.0-web
sbca-c006,CA-FED,ctl,CA2017-03-09#t179w0,2017-03-09,73,short,Human,4.0-web
sbca-c007,CA-FED,ctl,CA2020-11-27#t180w0,2020-11-27,94,short,Human,4.0-web
sbca-c008,CA-FED,ctl,CA2022-03-23#t69w0,2022-03-23,69,short,Human,4.0-web
sbca-c009,CA-FED,ctl,CA2016-11-28#t30w0,2016-11-28,98,short,Human,4.0-web
sbca-c010,CA-FED,ctl,CA2017-06-14#t55w0,2017-06-14,85,short,Human,4.0-web
sbca-c011,CA-FED,ctl,CA2017-06-12#t57w0,2017-06-12,82,short,Human,4.0-web
sbca-c012,CA-FED,ctl,CA2016-09-27#t155w0,2016-09-27,110,short,Human,4.0-web
sbca-c013,CA-FED,ctl,CA2021-03-24#t41w0,2021-03-24,90,short,Human,4.0-web
sbca-c014,CA-FED,ctl,CA2016-11-30#t87w0,2016-11-30,90,short,Human,4.0-web
sbca-c015,CA-FED,ctl,CA2021-06-21#t270w0,2021-06-21,105,short,Human,4.0-web
sbca-c016,CA-FED,ctl,CA2020-10-27#t13w0,2020-10-27,69,short,Human,4.0-web
sbca-c017,CA-FED,ctl,CA2018-03-22#t345w0,2018-03-22,57,short,Human,4.0-web
sbca-c018,CA-FED,ctl,CA2018-03-01#t36w0,2018-03-01,51,short,Human,4.0-web
sbca-c019,CA-FED,ctl,CA2021-02-18#t218w0,2021-02-18,76,short,Human,4.0-web
sbca-c020,CA-FED,ctl,CA2018-03-22#t127w0,2018-03-22,92,short,Human,4.0-web
sbca-c021,CA-FED,ctl,CA2017-10-25#t116w4,2017-10-25,119,short,Human,4.0-web
sbca-c022,CA-FED,ctl,CA2015-12-10#t195w0,2015-12-10,65,short,Human,4.0-web
sbca-c023,CA-FED,ctl,CA2018-09-26#t31w0,2018-09-26,114,short,Human,4.0-web
sbca-c024,CA-FED,ctl,CA2021-11-30#t242w0,2021-11-30,83,short,Human,4.0-web
sbca-c025,CA-FED,ctl,CA2018-03-01#t75w5,2018-03-01,92,short,Human,4.0-web
sbca-c026,CA-FED,ctl,CA2022-02-21#t391w0,2022-02-21,86,short,Human,4.0-web
sbca-c027,CA-FED,ctl,CA2016-02-24#t134w0,2016-02-24,99,short,Human,4.0-web
sbca-c028,CA-FED,ctl,CA2018-04-16#t81w0,2018-04-16,82,short,Human,4.0-web
sbca-c029,CA-FED,ctl,CA2017-02-14#t149w0,2017-02-14,75,short,Human,4.0-web
sbca-c030,CA-FED,ctl,CA2020-01-30#t114w0,2020-01-30,89,short,Human,4.0-web
sbca-c031,CA-FED,ctl,CA2021-06-10#t75w0,2021-06-10,76,short,Human,4.0-web
sbca-c032,CA-FED,ctl,CA2022-03-01#t190w0,2022-03-01,61,short,Human,4.0-web
sbca-c033,CA-FED,ctl,CA2022-06-16#t411w0,2022-06-16,93,short,Human,4.0-web
sbca-c034,CA-FED,ctl,CA2021-01-25#t150w0,2021-01-25,66,short,Human,4.0-web
sbca-c035,CA-FED,ctl,CA2020-09-30#t40w0,2020-09-30,104,short,Human,4.0-web
sbca-c036,CA-FED,ctl,CA2016-09-22#t171w0,2016-09-22,103,short,Human,4.0-web
sbca-c037,CA-FED,ctl,CA2022-06-06#t185w0,2022-06-06,106,short,Human,4.0-web
sbcbcp000,BC,prev,BC2025-03-10#t0w0,2025-03-10,66,short,Human,4.0-web
sbcbcp001,BC,prev,BC2025-05-01#t260w1,2025-05-01,57,short,Human,4.0-web
sbcbcp002,BC,prev,BC2025-11-20#t12w0,2025-11-20,85,short,Human,4.0-web
sbcbcp003,BC,prev,BC2025-05-26#t505w0,2025-05-26,51,short,Human,4.0-web
sbcbcp004,BC,prev,BC2025-12-03#t109w0,2025-12-03,84,short,Human,4.0-web
sbcbcp005,BC,prev,BC2025-04-03#t37w0,2025-04-03,106,short,Human,4.0-web
sbcbcp006,BC,prev,BC2026-04-30#t26w0,2026-04-30,82,short,Human,4.0-web
sbcbcp007,BC,prev,BC2025-05-06#t68w0,2025-05-06,99,short,Human,4.0-web
sbcbcp008,BC,prev,BC2026-04-30#t52w0,2026-04-30,62,short,Human,4.0-web
sbcbcp009,BC,prev,BC2025-05-06#t659w0,2025-05-06,104,short,Human,4.0-web
sbcbcp010,BC,prev,BC2025-05-01#t2w0,2025-05-01,71,short,Human,4.0-web
sbcbcp011,BC,prev,BC2025-04-10#t48w0,2025-04-10,68,short,Human,4.0-web
sbcbcp012,BC,prev,BC2025-11-20#t348w0,2025-11-20,92,short,Human,4.0-web
sbcbcp013,BC,prev,BC2026-05-07#t334w0,2026-05-07,55,short,Human,4.0-web
sbcbcp014,BC,prev,BC2025-04-08#t117w0,2025-04-08,90,short,Human,4.0-web
sbcbcp015,BC,prev,BC2026-04-28#t224w0,2026-04-28,119,short,Human,4.0-web
sbcbcp016,BC,prev,BC2025-10-08#t21w0,2025-10-08,65,short,Human,4.0-web
sbcbcp017,BC,prev,BC2026-04-02#t13w10,2026-04-02,107,short,Human,4.0-web
sbcbcp018,BC,prev,BC2026-04-13#t134w0,2026-04-13,72,short,Human,4.0-web
sbcbcp019,BC,prev,BC2025-05-26#t521w0,2025-05-26,56,short,Human,4.0-web
sbcbcp020,BC,prev,BC2025-11-18#t216w0,2025-11-18,69,short,Human,4.0-web
sbcbcp021,BC,prev,BC2025-05-06#t138w0,2025-05-06,60,short,Human,4.0-web
sbcbcp022,BC,prev,BC2026-05-05#t119w0,2026-05-05,73,short,Human,4.0-web
sbcbcp023,BC,prev,BC2025-05-12#t201w0,2025-05-12,61,short,Human,4.0-web
sbcbcp024,BC,prev,BC2025-11-17#t4w2,2025-11-17,65,short,Human,4.0-web
sbcbcp025,BC,prev,BC2025-05-05#t241w0,2025-05-05,58,short,Human,4.0-web
sbcbcp026,BC,prev,BC2026-05-26#t266w0,2026-05-26,92,short,Human,4.0-web
sbcbcp027,BC,prev,BC2025-11-20#t29w0,2025-11-20,118,short,Human,4.0-web
sbcbcp028,BC,prev,BC2025-05-27#t22w0,2025-05-27,75,short,Human,4.0-web
sbcbcp029,BC,prev,BC2026-04-30#t38w0,2026-04-30,108,short,Human,4.0-web
sbcbcp030,BC,prev,BC2025-11-20#t330w0,2025-11-20,73,short,Human,4.0-web
sbcbcp031,BC,prev,BC2026-04-01#t62w0,2026-04-01,67,short,Human,4.0-web
sbcbcp032,BC,prev,BC2025-10-30#t111w0,2025-10-30,86,short,Human,4.0-web
sbcbcp033,BC,prev,BC2025-05-07#t119w5,2025-05-07,103,short,Human,4.0-web
sbcbcp034,BC,prev,BC2025-05-26#t182w0,2025-05-26,57,short,Human,4.0-web
sbcbcp035,BC,prev,BC2025-10-07#t178w0,2025-10-07,72,short,Human,4.0-web
sbcbcp036,BC,prev,BC2026-03-03#t10w0,2026-03-03,74,short,Human,4.0-web
sbcbcp037,BC,prev,BC2025-10-06#t53w0,2025-10-06,57,short,Human,4.0-web
sbcbcp038,BC,prev,BC2025-04-02#t114w0,2025-04-02,116,short,Human,4.0-web
sbcbcp039,BC,prev,BC2025-05-26#t11w0,2025-05-26,91,short,Human,4.0-web
sbcbcp040,BC,prev,BC2026-03-31#t115w0,2026-03-31,93,short,Human,4.0-web
sbcbcp041,BC,prev,BC2026-05-06#t420w0,2026-05-06,52,short,Human,4.0-web
sbcbcp042,BC,prev,BC2025-03-11#t47w0,2025-03-11,116,short,Human,4.0-web
sbcbcp043,BC,prev,BC2026-03-12#t208w0,2026-03-12,69,short,Human,4.0-web
sbcbcp044,BC,prev,BC2026-05-27#t319w0,2026-05-27,106,short,Human,4.0-web
sbcbcp045,BC,prev,BC2025-04-03#t91w0,2025-04-03,59,short,Human,4.0-web
sbcbcp046,BC,prev,BC2026-03-03#t152w0,2026-03-03,51,short,Human,4.0-web
sbcbcp047,BC,prev,BC2025-05-28#t17w0,2025-05-28,116,short,Human,4.0-web
sbcbcp048,BC,prev,BC2026-04-14#t37w0,2026-04-14,106,short,Human,4.0-web
sbcbcp049,BC,prev,BC2025-12-02#t108w0,2025-12-02,119,short,Human,4.0-web
sbcbcp050,BC,prev,BC2025-04-02#t104w0,2025-04-02,52,short,Human,4.0-web
sbcbcp051,BC,prev,BC2026-03-31#t331w0,2026-03-31,118,short,Human,4.0-web
sbcbcp052,BC,prev,BC2025-04-02#t98w0,2025-04-02,51,short,Human,4.0-web
sbcbcp053,BC,prev,BC2025-10-21#t151w0,2025-10-21,112,short,Human,4.0-web
sbcbcp054,BC,prev,BC2026-03-12#t37w0,2026-03-12,97,short,Human,4.0-web
sbcbcp055,BC,prev,BC2026-03-04#t9w0,2026-03-04,94,short,Human,4.0-web
sbcbcp056,BC,prev,BC2025-05-13#t621w0,2025-05-13,102,short,Human,4.0-web
sbcbcp057,BC,prev,BC2025-11-18#t194w1,2025-11-18,51,short,Human,4.0-web
sbcbcp058,BC,prev,BC2025-12-02#t109w0,2025-12-02,50,short,Human,4.0-web
sbcbcp059,BC,prev,BC2025-05-28#t285w0,2025-05-28,61,short,Human,4.0-web
sbcbcp060,BC,prev,BC2026-03-11#t253w0,2026-03-11,57,short,Human,4.0-web
sbcbcp061,BC,prev,BC2025-10-27#t5w0,2025-10-27,100,short,Human,4.0-web
sbcbcp062,BC,prev,BC2025-05-27#t7w1,2025-05-27,57,short,Human,4.0-web
sbcbcp063,BC,prev,BC2025-03-11#t50w0,2025-03-11,83,short,Human,4.0-web
sbcbcp064,BC,prev,BC2026-04-01#t229w0,2026-04-01,117,short,Human,4.0-web
sbcbcp065,BC,prev,BC2025-05-07#t484w0,2025-05-07,103,short,Human,4.0-web
sbcbcp066,BC,prev,BC2026-03-12#t31w0,2026-03-12,72,short,Human,4.0-web
sbcbcp067,BC,prev,BC2025-03-06#t36w0,2025-03-06,57,short,Human,4.0-web
sbcbcp068,BC,prev,BC2025-04-30#t569w1,2025-04-30,68,short,Human,4.0-web
sbcbcp069,BC,prev,BC2025-10-23#t39w0,2025-10-23,55,short,Human,4.0-web
sbcbcp070,BC,prev,BC2025-10-22#t240w0,2025-10-22,102,short,Human,4.0-web
sbcbcp071,BC,prev,BC2026-04-27#t1w0,2026-04-27,79,short,Human,4.0-web
sbcbcp072,BC,prev,BC2025-04-14#t142w0,2025-04-14,57,short,Human,4.0-web
sbcbcc000,BC,ctl,BC2015-04-30#t30w0,2015-04-30,55,short,Human,4.0-web
sbcbcc001,BC,ctl,BC2007-11-26#t20w0,2007-11-26,76,short,Human,4.0-web
sbcbcc002,BC,ctl,BC2007-10-23#t38w0,2007-10-23,57,short,Human,4.0-web
sbcbcc003,BC,ctl,BC2015-05-14#t352w0,2015-05-14,87,short,Human,4.0-web
sbcbcc004,BC,ctl,BC2009-10-08#t29w0,2009-10-08,114,short,Human,4.0-web
sbcbcc005,BC,ctl,BC2015-03-24#t136w0,2015-03-24,71,short,Human,4.0-web
sbcbcc006,BC,ctl,BC2017-02-20#t57w0,2017-02-20,93,short,Human,4.0-web
sbcbcc007,BC,ctl,BC2017-11-02#t1w0,2017-11-02,50,short,Human,4.0-web
sbcbcc008,BC,ctl,BC2015-07-20#t32w0,2015-07-20,86,short,Human,4.0-web
sbcbcc009,BC,ctl,BC2008-02-19#t32w0,2008-02-19,113,short,Human,4.0-web
sbcbcc010,BC,ctl,BC2010-04-27#t56w0,2010-04-27,58,short,Human,4.0-web
sbcbcc011,BC,ctl,BC2007-03-28#t106w0,2007-03-28,108,short,Human,4.0-web
sbcbcc012,BC,ctl,BC2017-11-02#t86w0,2017-11-02,85,short,Human,4.0-web
sbcbcc013,BC,ctl,BC2010-05-04#t151w0,2010-05-04,102,short,Human,4.0-web
sbcbcc014,BC,ctl,BC2019-04-11#t0w0,2019-04-11,77,short,Human,4.0-web
sbcbcc015,BC,ctl,BC2010-03-29#t231w0,2010-03-29,66,short,Human,4.0-web
sbcbcc016,BC,ctl,BC2018-05-14#t271w0,2018-05-14,116,short,Human,4.0-web
sbcbcc017,BC,ctl,BC2007-03-29#t380w0,2007-03-29,101,short,Human,4.0-web
sbcbcc018,BC,ctl,BC2010-04-29#t48w0,2010-04-29,65,short,Human,4.0-web
sbcbcc019,BC,ctl,BC2018-04-12#t49w0,2018-04-12,113,short,Human,4.0-web
sbcbcc020,BC,ctl,BC2019-11-26#t17w2,2019-11-26,61,short,Human,4.0-web
sbcbcc021,BC,ctl,BC2018-11-19#t161w0,2018-11-19,114,short,Human,4.0-web
sbcbcc022,BC,ctl,BC2008-05-22#t124w0,2008-05-22,53,short,Human,4.0-web
sbcbcc023,BC,ctl,BC2009-02-12#t146w0,2009-02-12,66,short,Human,4.0-web
sbcbcc024,BC,ctl,BC2016-02-25#t74w0,2016-02-25,88,short,Human,4.0-web
sbcbcc025,BC,ctl,BC2017-11-06#t9w0,2017-11-06,59,short,Human,4.0-web
sbcbcc026,BC,ctl,BC2008-05-27#t177w0,2008-05-27,112,short,Human,4.0-web
sbcbcc027,BC,ctl,BC2006-03-28#t78w0,2006-03-28,108,short,Human,4.0-web
sbcbcc028,BC,ctl,BC2008-04-03#t337w0,2008-04-03,101,short,Human,4.0-web
sbcbcc029,BC,ctl,BC2007-03-07#t430w0,2007-03-07,92,short,Human,4.0-web
sbcbcc030,BC,ctl,BC2008-05-29#t81w0,2008-05-29,85,short,Human,4.0-web
sbcbcc031,BC,ctl,BC2009-02-24#t87w0,2009-02-24,90,short,Human,4.0-web
sbuscp000,SCO,prev,SCO2025-06-18#t12133w0,2025-06-18,72,short,Human,4.0-web
sbuscp001,SCO,prev,SCO2025-06-25#t12880w0,2025-06-25,97,short,Human,4.0-web
sbuscp002,SCO,prev,SCO2026-06-09#t9619w0,2026-06-09,118,short,Human,4.0-web
sbuscp003,SCO,prev,SCO2025-04-24#t7509w0,2025-04-24,106,short,Human,4.0-web
sbuscp004,SCO,prev,SCO2025-10-01#t16173w0,2025-10-01,94,short,Human,4.0-web
sbuscp005,SCO,prev,SCO2026-01-15#t952w0,2026-01-15,71,short,Human,4.0-web
sbuscp006,SCO,prev,SCO2025-09-03#t13514w0,2025-09-03,98,short,Human,4.0-web
sbuscp007,SCO,prev,SCO2025-12-18#t22291w0,2025-12-18,76,short,Human,4.0-web
sbuscp008,SCO,prev,SCO2025-12-16#t21824w0,2025-12-16,108,short,Human,4.0-web
sbuscp009,SCO,prev,SCO2025-02-26#t3848w1,2025-02-26,108,short,Human,4.0-web
sbuscp010,SCO,prev,SCO2025-03-04#t4345w0,2025-03-04,117,short,Human,4.0-web
sbuscp011,SCO,prev,SCO2026-01-28#t1850w0,2026-01-28,53,short,Human,4.0-web
sbuscp012,SCO,prev,SCO2026-03-12#t6750w0,2026-03-12,103,short,Human,4.0-web
sbuscp013,SCO,prev,SCO2025-11-11#t18547w0,2025-11-11,91,short,Human,4.0-web
sbuscp014,SCO,prev,SCO2026-01-21#t1544w0,2026-01-21,55,short,Human,4.0-web
sbuscp015,SCO,prev,SCO2026-02-25#t4936w0,2026-02-25,58,short,Human,4.0-web
sbuscp016,SCO,prev,SCO2026-02-24#t4735w0,2026-02-24,104,short,Human,4.0-web
sbuscp017,SCO,prev,SCO2026-03-12#t6976w0,2026-03-12,66,short,Human,4.0-web
sbuscp018,SCO,prev,SCO2025-06-12#t11654w0,2025-06-12,91,short,Human,4.0-web
sbuscp019,SCO,prev,SCO2025-02-06#t2640w0,2025-02-06,109,short,Human,4.0-web
sbuscp020,SCO,prev,SCO2026-06-23#t11099w0,2026-06-23,109,short,Human,4.0-web
sbuscp021,SCO,prev,SCO2026-03-25#t8331w0,2026-03-25,87,short,Human,4.0-web
sbuscp022,SCO,prev,SCO2025-06-10#t11295w0,2025-06-10,80,short,Human,4.0-web
sbuscp023,SCO,prev,SCO2025-03-20#t5834w0,2025-03-20,59,short,Human,4.0-web
sbuscp024,SCO,prev,SCO2025-04-22#t7219w0,2025-04-22,89,short,Human,4.0-web
sbuscp025,SCO,prev,SCO2026-01-28#t1944w0,2026-01-28,50,short,Human,4.0-web
sbuscp026,SCO,prev,SCO2026-03-25#t8336w0,2026-03-25,106,short,Human,4.0-web
sbuscp027,SCO,prev,SCO2025-06-25#t12958w1,2025-06-25,95,short,Human,4.0-web
sbuscp028,SCO,prev,SCO2025-06-12#t11742w2,2025-06-12,107,short,Human,4.0-web
sbuscp029,SCO,prev,SCO2025-01-07#t106w0,2025-01-07,63,short,Human,4.0-web
sbuscp030,SCO,prev,SCO2025-03-27#t6437w0,2025-03-27,74,short,Human,4.0-web
sbuscp031,SCO,prev,SCO2025-05-20#t9693w0,2025-05-20,76,short,Human,4.0-web
sbuscp032,SCO,prev,SCO2025-05-28#t10315w0,2025-05-28,52,short,Human,4.0-web
sbuscp033,SCO,prev,SCO2025-12-10#t21333w0,2025-12-10,113,short,Human,4.0-web
sbuscp034,SCO,prev,SCO2025-02-04#t2287w0,2025-02-04,80,short,Human,4.0-web
sbuscp035,SCO,prev,SCO2025-03-04#t4183w0,2025-03-04,72,short,Human,4.0-web
sbuscp036,SCO,prev,SCO2025-06-18#t11975w0,2025-06-18,89,short,Human,4.0-web
sbuscp037,SCO,prev,SCO2025-03-20#t6006w0,2025-03-20,67,short,Human,4.0-web
sbuscp038,SCO,prev,SCO2025-05-15#t9313w0,2025-05-15,101,short,Human,4.0-web
sbuscp039,SCO,prev,SCO2025-09-23#t15171w0,2025-09-23,56,short,Mixed,4.0-web
sbuscp040,SCO,prev,SCO2025-09-11#t14394w0,2025-09-11,71,short,Human,4.0-web
sbuscp041,SCO,prev,SCO2025-09-11#t14317w0,2025-09-11,63,short,Human,4.0-web
sbuscp042,SCO,prev,SCO2026-06-09#t9537w0,2026-06-09,114,short,Human,4.0-web
sbuscp043,SCO,prev,SCO2026-01-22#t2155w0,2026-01-22,108,short,Human,4.0-web
sbuscp044,SCO,prev,SCO2025-01-21#t1089w0,2025-01-21,89,short,Human,4.0-web
sbuscp045,SCO,prev,SCO2026-02-03#t2631w0,2026-02-03,103,short,Human,4.0-web
sbuscp046,SCO,prev,SCO2025-12-11#t21700w0,2025-12-11,119,short,Human,4.0-web
sbuscp047,SCO,prev,SCO2026-03-12#t7158w0,2026-03-12,54,short,Human,4.0-web
sbuscp048,SCO,prev,SCO2025-02-20#t3310w0,2025-02-20,119,short,Human,4.0-web
sbuscp049,SCO,prev,SCO2025-01-28#t1877w2,2025-01-28,70,short,Human,4.0-web
sbuscp050,SCO,prev,SCO2025-02-25#t3651w0,2025-02-25,101,short,Human,4.0-web
sbuscp051,SCO,prev,SCO2025-11-19#t19512w0,2025-11-19,73,short,Human,4.0-web
sbuscp052,SCO,prev,SCO2026-02-12#t3922w0,2026-02-12,105,short,Human,4.0-web
sbuscp053,SCO,prev,SCO2026-01-21#t1495w0,2026-01-21,98,short,Human,4.0-web
sbuscp054,SCO,prev,SCO2025-01-23#t1489w0,2025-01-23,77,short,Human,4.0-web
sbuscp055,SCO,prev,SCO2025-06-12#t11561w0,2025-06-12,84,short,Human,4.0-web
sbuscp056,SCO,prev,SCO2025-06-24#t12557w0,2025-06-24,88,short,Human,4.0-web
sbuscp057,SCO,prev,SCO2025-12-04#t21000w0,2025-12-04,109,short,Human,4.0-web
sbuscp058,SCO,prev,SCO2026-03-18#t7690w0,2026-03-18,79,short,Human,4.0-web
sbuscp059,SCO,prev,SCO2025-09-09#t13891w0,2025-09-09,114,short,Human,4.0-web
sbuscp060,SCO,prev,SCO2025-02-26#t3722w0,2025-02-26,74,short,Human,4.0-web
sbuscp061,SCO,prev,SCO2026-01-08#t391w0,2026-01-08,111,short,Human,4.0-web
sbuscp062,SCO,prev,SCO2026-03-04#t5565w0,2026-03-04,52,short,Human,4.0-web
sbuscp063,SCO,prev,SCO2025-05-08#t8775w0,2025-05-08,101,short,Human,4.0-web
sbuscp064,SCO,prev,SCO2025-03-06#t4633w0,2025-03-06,108,short,Human,4.0-web
sbuscp065,SCO,prev,SCO2025-06-10#t11322w0,2025-06-10,66,short,Human,4.0-web
sbuscp066,SCO,prev,SCO2025-05-08#t8808w1,2025-05-08,70,short,Human,4.0-web
sbuscp067,SCO,prev,SCO2025-03-13#t5236w0,2025-03-13,75,short,Human,4.0-web
sbuscp068,SCO,prev,SCO2025-10-09#t17005w0,2025-10-09,71,short,Human,4.0-web
sbuscp069,SCO,prev,SCO2025-03-20#t5805w0,2025-03-20,90,short,Human,4.0-web
sbuscc000,SCO,ctl,SCO2018-05-24#t7740w0,2018-05-24,82,short,Human,4.0-web
sbuscc001,SCO,ctl,SCO2015-03-03#t3331w0,2015-03-03,67,short,Human,4.0-web
sbuscc002,SCO,ctl,SCO2008-09-25#t10750w0,2008-09-25,68,short,Human,4.0-web
sbuscc003,SCO,ctl,SCO2006-11-22#t12785w0,2006-11-22,50,short,Human,4.0-web
sbuscc004,SCO,ctl,SCO2016-02-09#t2341w0,2016-02-09,73,short,Human,4.0-web
sbuscc005,SCO,ctl,SCO2006-05-11#t5828w0,2006-05-11,68,short,Human,4.0-web
sbuscc006,SCO,ctl,SCO2008-06-05#t7928w0,2008-06-05,57,short,Human,4.0-web
sbuscc007,SCO,ctl,SCO2007-12-13#t13289w0,2007-12-13,100,short,Human,4.0-web
sbuscc008,SCO,ctl,SCO2017-12-14#t15812w2,2017-12-14,69,short,Human,4.0-web
sbuscc009,SCO,ctl,SCO2010-09-30#t8031w0,2010-09-30,90,short,Human,4.0-web
sbuscc010,SCO,ctl,SCO2010-04-29#t2940w0,2010-04-29,67,short,Human,4.0-web
sbuscc011,SCO,ctl,SCO2006-09-07#t9078w0,2006-09-07,67,short,Human,4.0-web
sbuscc012,SCO,ctl,SCO2018-02-28#t2920w0,2018-02-28,65,short,Human,4.0-web
sbuscc013,SCO,ctl,SCO2018-12-11#t15394w5,2018-12-11,84,short,Human,4.0-web
sbuscc014,SCO,ctl,SCO2006-04-20#t4467w0,2006-04-20,99,short,Human,4.0-web
sbuscc015,SCO,ctl,SCO2008-09-11#t10076w0,2008-09-11,94,short,Human,4.0-web
sbuscc016,SCO,ctl,SCO2007-03-29#t5119w0,2007-03-29,86,short,Human,4.0-web
sbuscc017,SCO,ctl,SCO2009-09-10#t9526w0,2009-09-10,90,short,Human,4.0-web
sbuscc018,SCO,ctl,SCO2007-06-07#t6104w0,2007-06-07,118,short,Human,4.0-web
sbuscc019,SCO,ctl,SCO2007-12-19#t13440w0,2007-12-19,82,short,Human,4.0-web
sbuscc020,SCO,ctl,SCO2015-05-26#t7359w0,2015-05-26,77,short,Human,4.0-web
sbuscc021,SCO,ctl,SCO2010-11-25#t11208w0,2010-11-25,50,short,Human,4.0-web
sbuscc022,SCO,ctl,SCO2019-11-21#t15846w0,2019-11-21,90,short,Human,4.0-web
sbuscc023,SCO,ctl,SCO2007-03-01#t3411w0,2007-03-01,62,short,Human,4.0-web
sbuscc024,SCO,ctl,SCO2019-05-09#t7136w0,2019-05-09,119,short,Human,4.0-web
sbcnlp000,NL,prev,NL2025-04-09#t24w1,2025-04-09,70,short,Human,4.0-web
sbcnlp001,NL,prev,NL2026-03-09#t67w0,2026-03-09,59,short,Human,4.0-web
sbcnlp002,NL,prev,NL2025-03-03#t216w0,2025-03-03,119,short,Human,4.0-web
sbcnlp003,NL,prev,NL2026-04-21#t8w0,2026-04-21,75,short,Human,4.0-web
sbcnlp004,NL,prev,NL2025-03-11#t302w0,2025-03-11,53,short,Human,4.0-web
sbcnlp005,NL,prev,NL2025-05-13#t190w1,2025-05-13,117,short,Human,4.0-web
sbcnlp006,NL,prev,NL2026-03-17#t166w0,2026-03-17,83,short,Human,4.0-web
sbcnlp007,NL,prev,NL2025-03-04#t36w0,2025-03-04,113,short,Human,4.0-web
sbcnlp008,NL,prev,NL2026-05-19#t124w0,2026-05-19,58,short,Human,4.0-web
sbcnlp009,NL,prev,NL2026-05-07#t134w0,2026-05-07,51,short,Human,4.0-web
sbcnlp010,NL,prev,NL2025-05-21#t37w0,2025-05-21,117,short,Human,4.0-web
sbcnlp011,NL,prev,NL2025-01-08#t288w0,2025-01-08,109,short,Human,4.0-web
sbcnlp012,NL,prev,NL2026-06-02#t28w0,2026-06-02,73,short,Human,4.0-web
sbcnlp013,NL,prev,NL2026-04-23#t50w0,2026-04-23,73,short,Human,4.0-web
sbcnlp014,NL,prev,NL2026-03-04#t67w0,2026-03-04,76,short,Human,4.0-web
sbcnlp015,NL,prev,NL2026-04-01#t212w0,2026-04-01,66,short,Human,4.0-web
sbcnlp016,NL,prev,NL2026-03-03#t160w0,2026-03-03,105,short,Human,4.0-web
sbcnlp017,NL,prev,NL2025-01-06#t57w0,2025-01-06,82,short,Human,4.0-web
sbcnlp018,NL,prev,NL2026-05-05#t65w0,2026-05-05,103,short,Human,4.0-web
sbcnlp019,NL,prev,NL2026-05-04#t154w0,2026-05-04,102,short,Human,4.0-web
sbcnlp020,NL,prev,NL2026-04-30#t173w1,2026-04-30,88,short,Human,4.0-web
sbcnlp021,NL,prev,NL2026-05-27#t185w0,2026-05-27,98,short,Human,4.0-web
sbcnlp022,NL,prev,NL2025-05-20#t15w0,2025-05-20,110,short,Human,4.0-web
sbcnlp023,NL,prev,NL2025-05-13#t256w0,2025-05-13,81,short,Human,4.0-web
sbcnlp024,NL,prev,NL2025-05-21#t89w0,2025-05-21,99,short,Human,4.0-web
sbcnlp025,NL,prev,NL2026-04-27#t119w0,2026-04-27,93,short,Human,4.0-web
sbcnlp026,NL,prev,NL2026-05-26#t184w2,2026-05-26,97,short,Human,4.0-web
sbcnlp027,NL,prev,NL2025-03-12#t48w0,2025-03-12,51,short,Human,4.0-web
sbcnlp028,NL,prev,NL2025-03-03#t159w0,2025-03-03,53,short,Human,4.0-web
sbcnlp029,NL,prev,NL2025-01-08#t283w0,2025-01-08,114,short,Human,4.0-web
sbcnlp030,NL,prev,NL2026-03-17#t186w0,2026-03-17,107,short,Human,4.0-web
sbcnlp031,NL,prev,NL2026-04-02#t78w0,2026-04-02,83,short,Human,4.0-web
sbcnlp032,NL,prev,NL2025-01-09#t40w3,2025-01-09,51,short,Human,4.0-web
sbcnlp033,NL,prev,NL2025-03-10#t151w0,2025-03-10,116,short,Human,4.0-web
sbcnlp034,NL,prev,NL2026-03-31#t53w0,2026-03-31,72,short,Human,4.0-web
sbcnlp035,NL,prev,NL2025-05-12#t128w8,2025-05-12,59,short,Human,4.0-web
sbcnlp036,NL,prev,NL2025-01-07#t327w0,2025-01-07,53,short,Human,4.0-web
sbcnlp037,NL,prev,NL2025-03-05#t95w0,2025-03-05,111,short,Human,4.0-web
sbcnlp038,NL,prev,NL2025-05-13#t358w1,2025-05-13,65,short,Human,4.0-web
sbcnlp039,NL,prev,NL2025-03-12#t104w0,2025-03-12,97,short,Human,4.0-web
sbcnlp040,NL,prev,NL2026-06-01#t9w0,2026-06-01,95,short,Human,4.0-web
sbcnlp041,NL,prev,NL2025-05-13#t296w0,2025-05-13,69,short,Human,4.0-web
sbcnlp042,NL,prev,NL2026-03-18#t191w0,2026-03-18,100,short,Human,4.0-web
sbcnlp043,NL,prev,NL2026-04-27#t59w0,2026-04-27,86,short,Human,4.0-web
sbcnlp044,NL,prev,NL2026-03-30#t66w0,2026-03-30,97,short,Human,4.0-web
sbcnlp045,NL,prev,NL2025-04-16#t95w0,2025-04-16,114,short,Human,4.0-web
sbcnlp046,NL,prev,NL2026-03-17#t170w0,2026-03-17,52,short,Human,4.0-web
sbcnlp047,NL,prev,NL2026-04-27#t19w0,2026-04-27,86,short,Human,4.0-web
sbcnlp048,NL,prev,NL2026-03-18#t113w0,2026-03-18,61,short,Human,4.0-web
sbcnlp049,NL,prev,NL2025-03-05#t34w0,2025-03-05,99,short,Human,4.0-web
sbcnlp050,NL,prev,NL2026-03-31#t151w1,2026-03-31,66,short,Human,4.0-web
sbcnlp051,NL,prev,NL2025-01-06#t346w0,2025-01-06,74,short,Human,4.0-web
sbcnlp052,NL,prev,NL2026-04-27#t55w0,2026-04-27,107,short,Human,4.0-web
sbcnlp053,NL,prev,NL2025-01-06#t333w0,2025-01-06,110,short,Human,4.0-web
sbcnlp054,NL,prev,NL2026-03-10#t110w0,2026-03-10,111,short,Human,4.0-web
sbcnlp055,NL,prev,NL2026-04-28#t46w0,2026-04-28,108,short,Human,4.0-web
sbcnlp056,NL,prev,NL2026-04-28#t110w1,2026-04-28,105,short,Human,4.0-web
sbcnlp057,NL,prev,NL2026-05-06#t206w0,2026-05-06,85,short,Human,4.0-web
sbcnlp058,NL,prev,NL2025-05-21#t151w0,2025-05-21,108,short,Human,4.0-web
sbcnlp059,NL,prev,NL2025-05-13#t319w0,2025-05-13,92,short,Human,4.0-web
sbcnlp060,NL,prev,NL2026-05-07#t85w0,2026-05-07,67,short,Human,4.0-web
sbcnlp061,NL,prev,NL2025-01-09#t78w0,2025-01-09,89,short,Human,4.0-web
sbcnlp062,NL,prev,NL2026-04-01#t100w0,2026-04-01,79,short,Human,4.0-web
sbcnlp063,NL,prev,NL2025-05-14#t250w0,2025-05-14,103,short,Human,4.0-web
sbcnlp064,NL,prev,NL2026-05-28#t145w0,2026-05-28,52,short,Human,4.0-web
sbcnlp065,NL,prev,NL2026-05-25#t102w1,2026-05-25,60,short,Human,4.0-web
sbcnlp066,NL,prev,NL2026-05-26#t13w0,2026-05-26,64,short,Human,4.0-web
sbcnlp067,NL,prev,NL2025-04-09#t31w0,2025-04-09,61,short,Human,4.0-web
sbcnlc000,NL,ctl,NL2016-05-19#t29w0,2016-05-19,99,short,Human,4.0-web
sbcnlc001,NL,ctl,NL2018-05-29#t67w0,2018-05-29,68,short,Human,4.0-web
sbcnlc002,NL,ctl,NL2016-11-17#t58w0,2016-11-17,76,short,Human,4.0-web
sbcnlc003,NL,ctl,NL2019-03-19#t32w0,2019-03-19,55,short,Human,4.0-web
sbcnlc004,NL,ctl,NL2019-03-13#t95w0,2019-03-13,83,short,Human,4.0-web
sbcnlc005,NL,ctl,NL2019-03-07#t105w1,2019-03-07,84,short,Human,4.0-web
sbcnlc006,NL,ctl,NL2017-04-11#t70w0,2017-04-11,78,short,Human,4.0-web
sbcnlc007,NL,ctl,NL2019-03-05#t130w1,2019-03-05,113,short,Human,4.0-web
sbcnlc008,NL,ctl,NL2018-03-26#t58w0,2018-03-26,65,short,Human,4.0-web
sbcnlc009,NL,ctl,NL2019-03-07#t79w0,2019-03-07,89,short,Human,4.0-web
sbcnlc010,NL,ctl,NL2019-12-03#t50w0,2019-12-03,75,short,Human,4.0-web
sbcnlc011,NL,ctl,NL2016-11-30#t54w0,2016-11-30,58,short,Human,4.0-web
sbcnlc012,NL,ctl,NL2016-11-17#t41w0,2016-11-17,64,short,Human,4.0-web
sbcnlc013,NL,ctl,NL2018-11-21#t183w0,2018-11-21,81,short,Human,4.0-web
sbcnlc014,NL,ctl,NL2019-11-14#t141w0,2019-11-14,82,short,Human,4.0-web
sbcnlc015,NL,ctl,NL2017-05-16#t139w0,2017-05-16,78,short,Human,4.0-web
sbcnlc016,NL,ctl,NL2019-04-09#t153w0,2019-04-09,72,short,Human,4.0-web
sbcnlc017,NL,ctl,NL2019-11-06#t81w0,2019-11-06,111,short,Human,4.0-web
sbcnlc018,NL,ctl,NL2016-06-07#t31w0,2016-06-07,55,short,Human,4.0-web
sbcnlc019,NL,ctl,NL2017-12-04#t21w0,2017-12-04,88,short,Human,4.0-web
sbcnlc020,NL,ctl,NL2018-03-14#t140w0,2018-03-14,110,short,Human,4.0-web
sbcnlc021,NL,ctl,NL2018-03-14#t102w0,2018-03-14,61,short,Human,4.0-web
sbcmbp000,MB,prev,MB2025-04-15#t158w0,2025-04-15,77,short,Human,4.0-web
sbcmbp001,MB,prev,MB2026-04-22#t26w0,2026-04-22,83,short,Human,4.0-web
sbcmbp002,MB,prev,MB2025-10-28#t40w0,2025-10-28,57,short,Human,4.0-web
sbcmbp003,MB,prev,MB2026-03-17#t8w0,2026-03-17,83,short,Human,4.0-web
sbcmbp004,MB,prev,MB2025-05-22#t93w0,2025-05-22,75,short,Human,4.0-web
sbcmbp005,MB,prev,MB2025-10-30#t16w0,2025-10-30,61,short,Human,4.0-web
sbcmbp006,MB,prev,MB2025-04-10#t11w0,2025-04-10,116,short,Human,4.0-web
sbcmbp007,MB,prev,MB2026-04-13#t74w0,2026-04-13,87,short,Human,4.0-web
sbcmbp008,MB,prev,MB2025-05-26#t29w0,2025-05-26,61,short,Human,4.0-web
sbcmbp009,MB,prev,MB2026-04-13#t53w0,2026-04-13,86,short,Human,4.0-web
sbcmbp010,MB,prev,MB2026-05-21#t27w0,2026-05-21,62,short,Human,4.0-web
sbcmbp011,MB,prev,MB2026-04-13#t21w0,2026-04-13,98,short,Human,4.0-web
sbcmbp012,MB,prev,MB2025-05-13#t20w0,2025-05-13,98,short,Human,4.0-web
sbcmbp013,MB,prev,MB2025-04-22#t10w0,2025-04-22,70,short,Human,4.0-web
sbcmbp014,MB,prev,MB2025-04-14#t145w0,2025-04-14,61,short,Human,4.0-web
sbcmbp015,MB,prev,MB2025-04-14#t85w0,2025-04-14,68,short,Human,4.0-web
sbcmbp016,MB,prev,MB2026-03-16#t74w0,2026-03-16,51,short,Human,4.0-web
sbcmbp017,MB,prev,MB2026-04-13#t11w0,2026-04-13,68,short,Human,4.0-web
sbcmbp018,MB,prev,MB2025-04-17#t48w0,2025-04-17,61,short,Human,4.0-web
sbcmbp019,MB,prev,MB2025-10-15#t29w0,2025-10-15,106,short,Human,4.0-web
sbcmbp020,MB,prev,MB2025-10-02#t0w0,2025-10-02,109,short,Human,4.0-web
sbcmbp021,MB,prev,MB2025-04-08#t80w0,2025-04-08,97,short,Human,4.0-web
sbcmbp022,MB,prev,MB2025-05-22#t25w0,2025-05-22,60,short,Human,4.0-web
sbcmbp023,MB,prev,MB2025-03-19#t24w0,2025-03-19,58,short,Human,4.0-web
sbcmbp024,MB,prev,MB2026-03-11#t61w0,2026-03-11,88,short,Human,4.0-web
sbcmbp025,MB,prev,MB2026-05-14#t13w0,2026-05-14,96,short,Human,4.0-web
sbcmbp026,MB,prev,MB2026-04-16#t56w2,2026-04-16,70,short,Human,4.0-web
sbcmbp027,MB,prev,MB2025-05-22#t75w0,2025-05-22,86,short,Human,4.0-web
sbcmbp028,MB,prev,MB2025-10-02#t27w0,2025-10-02,94,short,Human,4.0-web
sbcmbp029,MB,prev,MB2026-04-14#t68w0,2026-04-14,114,short,Human,4.0-web
sbcmbp030,MB,prev,MB2025-03-27#t22w0,2025-03-27,92,short,Mixed,4.0-web
sbcmbp031,MB,prev,MB2025-04-17#t14w0,2025-04-17,115,short,Human,4.0-web
sbcmbp032,MB,prev,MB2026-04-15#t144w0,2026-04-15,85,short,Human,4.0-web
sbcmbp033,MB,prev,MB2026-03-25#t19w0,2026-03-25,78,short,Human,4.0-web
sbcmbp034,MB,prev,MB2025-11-26#t8w0,2025-11-26,70,short,Human,4.0-web
sbcmbp035,MB,prev,MB2025-12-01#t4w0,2025-12-01,105,short,Human,4.0-web
sbcmbp036,MB,prev,MB2026-05-07#t62w2,2026-05-07,116,short,Human,4.0-web
sbcmbp037,MB,prev,MB2025-05-21#t63w0,2025-05-21,85,short,Human,4.0-web
sbcmbp038,MB,prev,MB2025-05-22#t35w0,2025-05-22,93,short,Human,4.0-web
sbcmbp039,MB,prev,MB2026-03-11#t31w0,2026-03-11,110,short,Human,4.0-web
sbcmbp040,MB,prev,MB2026-05-14#t29w0,2026-05-14,107,short,Human,4.0-web
sbcmbp041,MB,prev,MB2026-05-14#t21w0,2026-05-14,82,short,Human,4.0-web
sbcmbp042,MB,prev,MB2025-05-13#t38w0,2025-05-13,79,short,Human,4.0-web
sbcmbp043,MB,prev,MB2026-03-09#t62w0,2026-03-09,109,short,Human,4.0-web
sbcmbp044,MB,prev,MB2025-05-29#t0w0,2025-05-29,84,short,Human,4.0-web
sbcmbp045,MB,prev,MB2026-04-20#t55w2,2026-04-20,103,short,Human,4.0-web
sbcmbp046,MB,prev,MB2026-05-07#t24w0,2026-05-07,106,short,Human,4.0-web
sbcmbp047,MB,prev,MB2026-04-21#t3w0,2026-04-21,107,short,Human,4.0-web
sbcmbp048,MB,prev,MB2025-03-20#t0w0,2025-03-20,61,short,Human,4.0-web
sbcmbp049,MB,prev,MB2025-10-14#t5w0,2025-10-14,84,short,Human,4.0-web
sbcmbp050,MB,prev,MB2025-03-19#t48w0,2025-03-19,71,short,Human,4.0-web
sbcmbp051,MB,prev,MB2025-10-30#t6w4,2025-10-30,77,short,Human,4.0-web
sbcmbp052,MB,prev,MB2026-05-14#t37w0,2026-05-14,72,short,Human,4.0-web
sbcmbp053,MB,prev,MB2025-05-20#t35w0,2025-05-20,69,short,Human,4.0-web
sbcmbp054,MB,prev,MB2026-04-14#t41w0,2026-04-14,74,short,Human,4.0-web
sbcmbp055,MB,prev,MB2026-03-12#t70w0,2026-03-12,58,short,Human,4.0-web
sbcmbp056,MB,prev,MB2025-03-20#t23w0,2025-03-20,77,short,Human,4.0-web
sbcmbp057,MB,prev,MB2025-10-08#t46w0,2025-10-08,113,short,Human,4.0-web
sbcmbp058,MB,prev,MB2025-10-01#t21w0,2025-10-01,105,short,Human,4.0-web
sbcmbp059,MB,prev,MB2025-12-04#t11w0,2025-12-04,82,short,Human,4.0-web
sbcmbp060,MB,prev,MB2026-04-14#t69w0,2026-04-14,94,short,Human,4.0-web
sbcmbp061,MB,prev,MB2026-05-21#t35w0,2026-05-21,61,short,Human,4.0-web
sbcmbp062,MB,prev,MB2026-05-11#t32w0,2026-05-11,95,short,Human,4.0-web
sbcmbp063,MB,prev,MB2026-03-17#t19w0,2026-03-17,103,short,Human,4.0-web
sbcmbp064,MB,prev,MB2025-04-14#t75w0,2025-04-14,69,short,Human,4.0-web
sbcmbp065,MB,prev,MB2025-10-06#t12w0,2025-10-06,91,short,Human,4.0-web
sbcmbp066,MB,prev,MB2025-05-15#t82w2,2025-05-15,101,short,Human,4.0-web
sbcmbp067,MB,prev,MB2026-04-20#t179w0,2026-04-20,75,short,Human,4.0-web
sbcmbc000,MB,ctl,MB2009-04-08#t58w0,2009-04-08,109,short,Human,4.0-web
sbcmbc001,MB,ctl,MB2008-04-30#t136w0,2008-04-30,118,short,Human,4.0-web
sbcmbc002,MB,ctl,MB2018-03-07#t20w0,2018-03-07,50,short,Human,4.0-web
sbcmbc003,MB,ctl,MB2016-05-17#t24w0,2016-05-17,119,short,Human,4.0-web
sbcmbc004,MB,ctl,MB2017-10-31#t37w0,2017-10-31,93,short,Human,4.0-web
sbcmbc005,MB,ctl,MB2008-05-08#t142w0,2008-05-08,52,short,Human,4.0-web
sbcmbc006,MB,ctl,MB2019-10-02#t358w0,2019-10-02,96,short,Human,4.0-web
sbcmbc007,MB,ctl,MB2007-10-02#t330w0,2007-10-02,109,short,Human,4.0-web
sbcmbc008,MB,ctl,MB2008-09-16#t52w1,2008-09-16,86,short,Human,4.0-web
sbcmbc009,MB,ctl,MB2016-06-21#t114w0,2016-06-21,114,short,Human,4.0-web
sbcmbc010,MB,ctl,MB2018-11-22#t23w0,2018-11-22,74,short,Human,4.0-web
sbcmbc011,MB,ctl,MB2008-04-17#t46w0,2008-04-17,119,short,Human,4.0-web
sbcmbc012,MB,ctl,MB2007-10-11#t117w1,2007-10-11,76,short,Human,4.0-web
sbcmbc013,MB,ctl,MB2015-05-25#t238w0,2015-05-25,82,short,Human,4.0-web
sbcmbc014,MB,ctl,MB2016-06-13#t278w0,2016-06-13,51,short,Human,4.0-web
sbcmbc015,MB,ctl,MB2016-06-16#t259w0,2016-06-16,111,short,Human,4.0-web
sbcmbc016,MB,ctl,MB2019-05-06#t51w0,2019-05-06,91,short,Human,4.0-web
sbcmbc017,MB,ctl,MB2016-10-03#t40w0,2016-10-03,96,short,Human,4.0-web
sbcmbc018,MB,ctl,MB2017-05-16#t41w0,2017-05-16,89,short,Human,4.0-web
sbcmbc019,MB,ctl,MB2010-05-05#t492w0,2010-05-05,68,short,Human,4.0-web
sbcmbc020,MB,ctl,MB2018-06-18#t53w0,2018-06-18,76,short,Human,4.0-web
sbcmbc021,MB,ctl,MB2016-10-04#t37w0,2016-10-04,65,short,Human,4.0-web
sbcmbc022,MB,ctl,MB2018-04-09#t192w0,2018-04-09,106,short,Human,4.0-web
sbcmbc023,MB,ctl,MB2017-05-08#t50w0,2017-05-08,61,short,Human,4.0-web
sbcmbc024,MB,ctl,MB2007-11-01#t75w0,2007-11-01,64,short,Human,4.0-web
sbcmbc025,MB,ctl,MB2016-10-13#t47w0,2016-10-13,77,short,Human,4.0-web
sbcmbc026,MB,ctl,MB2016-06-09#t78w0,2016-06-09,112,short,Human,4.0-web
sbcmbc027,MB,ctl,MB2009-05-11#t33w0,2009-05-11,107,short,Human,4.0-web
sbcmbc028,MB,ctl,MB2009-03-25#t14w0,2009-03-25,115,short,Human,4.0-web
sbcmbc029,MB,ctl,MB2008-06-05#t48w0,2008-06-05,119,short,Human,4.0-web
sbunip000,NI,prev,NI2026-06-29#t65w0,2026-06-29,80,short,Human,4.0-web
sbunip001,NI,prev,NI2025-03-03#t211w0,2025-03-03,67,short,Human,4.0-web
sbunip002,NI,prev,NI2026-02-10#t48w0,2026-02-10,72,short,Human,4.0-web
sbunip003,NI,prev,NI2025-03-10#t29w0,2025-03-10,70,short,Human,4.0-web
sbunip004,NI,prev,NI2025-10-20#t114w0,2025-10-20,73,short,Human,4.0-web
sbunip005,NI,prev,NI2026-02-23#t52w0,2026-02-23,80,short,Human,4.0-web
sbunip006,NI,prev,NI2026-01-19#t56w0,2026-01-19,54,short,Human,4.0-web
sbunip007,NI,prev,NI2026-02-09#t314w0,2026-02-09,89,short,Human,4.0-web
sbunip008,NI,prev,NI2025-09-16#t225w0,2025-09-16,84,short,Human,4.0-web
sbunip009,NI,prev,NI2026-06-15#t411w0,2026-06-15,94,short,Human,4.0-web
sbunip010,NI,prev,NI2026-06-02#t92w0,2026-06-02,116,short,Human,4.0-web
sbunip011,NI,prev,NI2026-05-26#t341w0,2026-05-26,68,short,Human,4.0-web
sbunip012,NI,prev,NI2025-01-27#t146w0,2025-01-27,73,short,Human,4.0-web
sbunip013,NI,prev,NI2025-10-06#t405w0,2025-10-06,50,short,Human,4.0-web
sbunip014,NI,prev,NI2025-03-10#t65w0,2025-03-10,118,short,Human,4.0-web
sbunip015,NI,prev,NI2026-06-22#t210w0,2026-06-22,90,short,Human,4.0-web
sbunip016,NI,prev,NI2025-09-22#t145w0,2025-09-22,69,short,Human,4.0-web
sbunip017,NI,prev,NI2025-09-23#t158w0,2025-09-23,95,short,Human,4.0-web
sbunip018,NI,prev,NI2025-06-03#t100w0,2025-06-03,119,short,Human,4.0-web
sbunip019,NI,prev,NI2026-06-29#t43w0,2026-06-29,81,short,Human,4.0-web
sbunip020,NI,prev,NI2025-11-04#t27w0,2025-11-04,84,short,Human,4.0-web
sbunip021,NI,prev,NI2026-06-15#t365w0,2026-06-15,114,short,Human,4.0-web
sbunip022,NI,prev,NI2026-01-12#t269w0,2026-01-12,112,short,Human,4.0-web
sbunip023,NI,prev,NI2026-04-28#t21w0,2026-04-28,118,short,Human,4.0-web
sbunip024,NI,prev,NI2025-01-28#t113w0,2025-01-28,68,short,Human,4.0-web
sbunip025,NI,prev,NI2025-10-20#t85w0,2025-10-20,58,short,Human,4.0-web
sbunip026,NI,prev,NI2026-06-15#t143w0,2026-06-15,106,short,Human,4.0-web
sbunip027,NI,prev,NI2025-12-08#t144w0,2025-12-08,106,short,Human,4.0-web
sbunip028,NI,prev,NI2025-09-09#t82w0,2025-09-09,61,short,Human,4.0-web
sbunip029,NI,prev,NI2025-01-27#t155w0,2025-01-27,69,short,Human,4.0-web
sbunip030,NI,prev,NI2025-10-20#t58w0,2025-10-20,109,short,Human,4.0-web
sbunip031,NI,prev,NI2025-12-01#t327w0,2025-12-01,94,short,Human,4.0-web
sbunip032,NI,prev,NI2025-02-04#t26w0,2025-02-04,65,short,Human,4.0-web
sbunip033,NI,prev,NI2026-06-09#t221w0,2026-06-09,63,short,Human,4.0-web
sbunip034,NI,prev,NI2026-06-23#t21w5,2026-06-23,89,short,Human,4.0-web
sbunip035,NI,prev,NI2025-11-18#t144w1,2025-11-18,57,short,Human,4.0-web
sbunip036,NI,prev,NI2025-10-07#t171w0,2025-10-07,64,short,Human,4.0-web
sbunip037,NI,prev,NI2025-03-25#t257w0,2025-03-25,92,short,Human,4.0-web
sbunip038,NI,prev,NI2026-01-20#t174w0,2026-01-20,90,short,Human,4.0-web
sbunip039,NI,prev,NI2025-03-25#t177w0,2025-03-25,86,short,Human,4.0-web
sbunip040,NI,prev,NI2026-03-16#t158w0,2026-03-16,64,short,Human,4.0-web
sbunip041,NI,prev,NI2025-11-04#t305w0,2025-11-04,71,short,Human,4.0-web
sbunip042,NI,prev,NI2026-06-01#t268w0,2026-06-01,96,short,Human,4.0-web
sbunip043,NI,prev,NI2026-01-26#t101w0,2026-01-26,94,short,Human,4.0-web
sbunip044,NI,prev,NI2026-06-01#t199w0,2026-06-01,66,short,Human,4.0-web
sbunip045,NI,prev,NI2025-05-27#t109w0,2025-05-27,65,short,Human,4.0-web
sbunip046,NI,prev,NI2025-04-08#t241w1,2025-04-08,119,short,Human,4.0-web
sbunip047,NI,prev,NI2026-06-01#t72w0,2026-06-01,103,short,Human,4.0-web
sbunip048,NI,prev,NI2026-05-19#t214w0,2026-05-19,94,short,Human,4.0-web
sbunip049,NI,prev,NI2025-02-17#t99w0,2025-02-17,97,short,Human,4.0-web
sbunip050,NI,prev,NI2025-06-10#t31w0,2025-06-10,55,short,Human,4.0-web
sbunip051,NI,prev,NI2025-10-06#t198w0,2025-10-06,84,short,Human,4.0-web
sbunip052,NI,prev,NI2025-03-24#t189w0,2025-03-24,53,short,Human,4.0-web
sbunip054,NI,prev,NI2025-03-11#t223w0,2025-03-11,89,short,Human,4.0-web
sbunip055,NI,prev,NI2025-09-08#t283w1,2025-09-08,86,short,Human,4.0-web
sbunip056,NI,prev,NI2025-01-27#t160w0,2025-01-27,88,short,Human,4.0-web
sbunip057,NI,prev,NI2026-06-29#t236w3,2026-06-29,89,short,Human,4.0-web
sbunip058,NI,prev,NI2025-10-06#t369w0,2025-10-06,95,short,Human,4.0-web
sbunip059,NI,prev,NI2025-11-10#t273w0,2025-11-10,93,short,Human,4.0-web
sbunic000,NI,ctl,NI2007-12-04#t31w0,2007-12-04,96,short,Human,4.0-web
sbunic001,NI,ctl,NI2016-02-16#t63w0,2016-02-16,63,short,Human,4.0-web
sbunic002,NI,ctl,NI2009-06-01#t51w0,2009-06-01,95,short,Human,4.0-web
sbunic003,NI,ctl,NI2008-12-08#t212w0,2008-12-08,58,short,Human,4.0-web
sbunic004,NI,ctl,NI2015-06-02#t414w0,2015-06-02,110,short,Human,4.0-web
sbunic005,NI,ctl,NI2015-11-17#t174w5,2015-11-17,108,short,Human,4.0-web
sbunic006,NI,ctl,NI2007-12-04#t4w0,2007-12-04,87,short,Human,4.0-web
sbunic007,NI,ctl,NI2010-03-08#t112w0,2010-03-08,70,short,Human,4.0-web
sbunic008,NI,ctl,NI2009-04-21#t107w0,2009-04-21,116,short,Human,4.0-web
sbunic009,NI,ctl,NI2006-10-03#t29w2,2006-10-03,53,short,Human,4.0-web
sbunic010,NI,ctl,NI2009-09-22#t309w0,2009-09-22,66,short,Human,4.0-web
sbunic011,NI,ctl,NI2015-06-16#t75w0,2015-06-16,50,short,Human,4.0-web
sbunic012,NI,ctl,NI2016-11-28#t220w0,2016-11-28,62,short,Human,4.0-web
sbunic013,NI,ctl,NI2010-11-15#t15w0,2010-11-15,81,short,Human,4.0-web
sbunic014,NI,ctl,NI2016-10-10#t49w0,2016-10-10,64,short,Human,4.0-web
sbunic015,NI,ctl,NI2016-06-14#t303w0,2016-06-14,84,short,Human,4.0-web
sbunic016,NI,ctl,NI2008-05-19#t137w0,2008-05-19,110,short,Human,4.0-web
sbunic017,NI,ctl,NI2015-06-08#t204w0,2015-06-08,68,short,Human,4.0-web
sbunic018,NI,ctl,NI2016-06-14#t114w0,2016-06-14,54,short,Human,4.0-web
sbunic019,NI,ctl,NI2015-01-13#t143w0,2015-01-13,84,short,Human,4.0-web
sbunic020,NI,ctl,NI2015-11-16#t13w0,2015-11-16,119,short,Human,4.0-web
sbunic021,NI,ctl,NI2016-10-25#t25w0,2016-10-25,97,short,Human,4.0-web
sbunic022,NI,ctl,NI2009-10-19#t121w0,2009-10-19,91,short,Human,4.0-web
sbunic023,NI,ctl,NI2016-02-10#t78w0,2016-02-10,85,short,Human,4.0-web
sbunic024,NI,ctl,NI2007-09-18#t83w0,2007-09-18,50,short,Human,4.0-web
sbunic025,NI,ctl,NI2010-03-01#t207w0,2010-03-01,90,short,Human,4.0-web
sbunic026,NI,ctl,NI2007-11-27#t87w0,2007-11-27,95,short,Human,4.0-web
sbcnsp000,NS,prev,NS2026-03-03#t97w0,2026-03-03,111,short,Human,4.0-web
sbcnsp001,NS,prev,NS2026-03-24#t72w0,2026-03-24,75,short,Human,4.0-web
sbcnsp002,NS,prev,NS2026-03-27#t80w0,2026-03-27,118,short,Human,4.0-web
sbcnsp003,NS,prev,NS2025-02-20#t109w0,2025-02-20,87,short,Human,4.0-web
sbcnsp004,NS,prev,NS2026-02-25#t136w0,2026-02-25,70,short,Human,4.0-web
sbcnsp005,NS,prev,NS2025-02-18#t85w0,2025-02-18,91,short,Human,4.0-web
sbcnsp006,NS,prev,NS2026-04-07#t82w0,2026-04-07,102,short,Human,4.0-web
sbcnsp007,NS,prev,NS2026-03-13#t151w0,2026-03-13,91,short,Human,4.0-web
sbcnsp008,NS,prev,NS2026-04-01#t85w0,2026-04-01,104,short,Human,4.0-web
sbcnsp009,NS,prev,NS2026-02-24#t72w0,2026-02-24,87,short,Human,4.0-web
sbcnsp010,NS,prev,NS2026-03-13#t84w0,2026-03-13,85,short,Human,4.0-web
sbcnsp011,NS,prev,NS2026-03-30#t10w0,2026-03-30,51,short,Human,4.0-web
sbcnsp012,NS,prev,NS2026-04-08#t69w0,2026-04-08,70,short,Human,4.0-web
sbcnsp013,NS,prev,NS2026-04-07#t42w0,2026-04-07,115,short,Human,4.0-web
sbcnsp014,NS,prev,NS2026-03-10#t83w0,2026-03-10,114,short,Human,4.0-web
sbcnsp015,NS,prev,NS2026-03-06#t110w0,2026-03-06,75,short,Human,4.0-web
sbcnsp016,NS,prev,NS2026-04-08#t176w4,2026-04-08,82,short,Human,4.0-web
sbcnsp017,NS,prev,NS2025-03-21#t30w0,2025-03-21,73,short,Human,4.0-web
sbcnsp018,NS,prev,NS2025-02-26#t73w0,2025-02-26,70,short,Human,4.0-web
sbcnsp019,NS,prev,NS2026-03-25#t62w0,2026-03-25,101,short,Human,4.0-web
sbcnsp020,NS,prev,NS2026-03-11#t154w0,2026-03-11,56,short,Human,4.0-web
sbcnsp021,NS,prev,NS2025-02-18#t92w0,2025-02-18,110,short,Human,4.0-web
sbcnsp022,NS,prev,NS2025-03-19#t108w0,2025-03-19,118,short,Human,4.0-web
sbcnsp023,NS,prev,NS2025-09-24#t112w0,2025-09-24,97,short,Human,4.0-web
sbcnsp024,NS,prev,NS2026-03-03#t62w0,2026-03-03,116,short,Human,4.0-web
sbcnsp025,NS,prev,NS2026-03-05#t74w0,2026-03-05,114,short,Human,4.0-web
sbcnsp026,NS,prev,NS2025-02-18#t15w0,2025-02-18,77,short,Human,4.0-web
sbcnsp027,NS,prev,NS2026-02-26#t106w0,2026-02-26,71,short,Human,4.0-web
sbcnsp028,NS,prev,NS2026-02-26#t52w0,2026-02-26,82,short,Human,4.0-web
sbcnsp029,NS,prev,NS2025-03-07#t74w0,2025-03-07,96,short,Human,4.0-web
sbcnsp030,NS,prev,NS2025-02-19#t65w0,2025-02-19,101,short,Human,4.0-web
sbcnsp031,NS,prev,NS2025-09-24#t92w0,2025-09-24,100,short,Human,4.0-web
sbcnsp032,NS,prev,NS2026-03-31#t68w0,2026-03-31,95,short,Human,4.0-web
sbcnsp033,NS,prev,NS2026-03-11#t88w0,2026-03-11,113,short,Human,4.0-web
sbcnsp034,NS,prev,NS2025-09-23#t80w0,2025-09-23,63,short,Human,4.0-web
sbcnsp035,NS,prev,NS2025-03-19#t19w0,2025-03-19,54,short,Human,4.0-web
sbcnsp036,NS,prev,NS2026-03-05#t60w0,2026-03-05,86,short,Human,4.0-web
sbcnsp037,NS,prev,NS2026-03-03#t58w0,2026-03-03,110,short,Human,4.0-web
sbcnsp038,NS,prev,NS2026-03-25#t88w0,2026-03-25,94,short,Human,4.0-web
sbcnsp039,NS,prev,NS2025-02-24#t51w0,2025-02-24,112,short,Mixed,4.0-web
sbcnsp040,NS,prev,NS2026-03-24#t75w0,2026-03-24,54,short,Human,4.0-web
sbcnsp041,NS,prev,NS2026-04-02#t110w0,2026-04-02,81,short,Human,4.0-web
sbcnsp042,NS,prev,NS2026-03-25#t34w0,2026-03-25,99,short,Human,4.0-web
sbcnsp043,NS,prev,NS2025-02-20#t117w0,2025-02-20,101,short,Human,4.0-web
sbcnsp044,NS,prev,NS2026-03-06#t89w0,2026-03-06,105,short,Human,4.0-web
sbcnsp045,NS,prev,NS2025-03-07#t110w0,2025-03-07,98,short,Human,4.0-web
sbcnsp046,NS,prev,NS2026-03-25#t64w0,2026-03-25,93,short,Human,4.0-web
sbcnsp047,NS,prev,NS2025-02-26#t81w0,2025-02-26,113,short,Human,4.0-web
sbcnsp048,NS,prev,NS2026-02-27#t77w0,2026-02-27,116,short,Human,4.0-web
sbcnsp049,NS,prev,NS2026-02-24#t62w0,2026-02-24,119,short,Human,4.0-web
sbcnsp050,NS,prev,NS2026-04-07#t166w0,2026-04-07,79,short,Human,4.0-web
sbcnsp051,NS,prev,NS2025-02-18#t58w0,2025-02-18,78,short,Human,4.0-web
sbcnsc000,NS,ctl,NS2010-05-11#t83w0,2010-05-11,50,short,Human,4.0-web
sbcnsc001,NS,ctl,NS2017-02-14#t55w0,2017-02-14,77,short,Human,4.0-web
sbcnsc002,NS,ctl,NS2018-09-11#t109w0,2018-09-11,101,short,Human,4.0-web
sbcnsc003,NS,ctl,NS2018-10-04#t79w0,2018-10-04,104,short,Human,4.0-web
sbcnsc004,NS,ctl,NS2017-02-16#t77w0,2017-02-16,112,short,Human,4.0-web
sbcnsc005,NS,ctl,NS2018-03-22#t57w0,2018-03-22,108,short,Human,4.0-web
sbcnsc006,NS,ctl,NS2009-09-23#t163w0,2009-09-23,58,short,Human,4.0-web
sbcnsc007,NS,ctl,NS2017-04-25#t116w0,2017-04-25,76,short,Human,4.0-web
sbcnsc008,NS,ctl,NS2010-11-08#t74w0,2010-11-08,119,short,Human,4.0-web
sbcnsc009,NS,ctl,NS2006-11-06#t38w0,2006-11-06,112,short,Human,4.0-web
sbcnsc010,NS,ctl,NS2015-12-16#t55w0,2015-12-16,74,short,Human,4.0-web
sbcnsc011,NS,ctl,NS2018-03-20#t60w0,2018-03-20,109,short,Human,4.0-web
sbcnsc012,NS,ctl,NS2008-05-14#t93w0,2008-05-14,70,short,Human,4.0-web
sbcnsc013,NS,ctl,NS2010-04-20#t89w0,2010-04-20,78,short,Human,4.0-web
sbcnsc014,NS,ctl,NS2018-09-25#t60w0,2018-09-25,71,short,Human,4.0-web
sbcnsc015,NS,ctl,NS2016-11-03#t42w0,2016-11-03,110,short,Human,4.0-web
sbcnsc016,NS,ctl,NS2018-03-02#t70w0,2018-03-02,113,short,Human,4.0-web
sbcnsc017,NS,ctl,NS2016-11-03#t40w0,2016-11-03,113,short,Human,4.0-web
sbcnsc018,NS,ctl,NS2007-04-04#t116w0,2007-04-04,111,short,Human,4.0-web
sbcnsc019,NS,ctl,NS2008-11-25#t54w0,2008-11-25,94,short,Human,4.0-web
sbcnsc020,NS,ctl,NS2017-10-05#t115w0,2017-10-05,88,short,Human,4.0-web
sbcnsc021,NS,ctl,NS2007-04-12#t132w1,2007-04-12,69,short,Human,4.0-web
sbcnsc022,NS,ctl,NS2018-10-02#t123w1,2018-10-02,92,short,Human,4.0-web
sbcnsc023,NS,ctl,NS2019-10-30#t59w0,2019-10-30,106,short,Human,4.0-web
sbcnsc024,NS,ctl,NS2009-11-04#t124w0,2009-11-04,54,short,Human,4.0-web
sbcnsc025,NS,ctl,NS2008-05-13#t162w1,2008-05-13,90,short,Human,4.0-web
sbcnsc026,NS,ctl,NS2010-04-01#t86w0,2010-04-01,77,short,Human,4.0-web
sbcnsc027,NS,ctl,NS2009-09-23#t90w0,2009-09-23,119,short,Human,4.0-web
sbcnsc028,NS,ctl,NS2006-07-11#t99w0,2006-07-11,82,short,Human,4.0-web
sbawap000,WA,prev,WALA2025-08-12#t39w0,2025-08-12,64,short,Human,4.0-web
sbawap001,WA,prev,WALA2026-03-12#t438w0,2026-03-12,62,short,Human,4.0-web
sbawap002,WA,prev,WALA2026-06-11#t166w0,2026-06-11,74,short,Human,4.0-web
sbawap003,WA,prev,WALA2026-03-12#t22w0,2026-03-12,66,short,Human,4.0-web
sbawap004,WA,prev,WALA2025-12-03#t41w0,2025-12-03,69,short,Human,4.0-web
sbawap005,WA,prev,WALA2026-05-12#t185w0,2026-05-12,93,short,Human,4.0-web
sbawap006,WA,prev,WALA2025-10-23#t56w0,2025-10-23,55,short,Human,4.0-web
sbawap007,WA,prev,WALA2025-06-26#t141w0,2025-06-26,79,short,Human,4.0-web
sbawap008,WA,prev,WALA2025-10-16#t191w0,2025-10-16,72,short,Human,4.0-web
sbawap009,WA,prev,WALA2026-02-24#t215w0,2026-02-24,76,short,Human,4.0-web
sbawap010,WA,prev,WALC2026-06-11#t240w0,2026-06-11,94,short,Human,4.0-web
sbawap011,WA,prev,WALA2026-03-17#t123w0,2026-03-17,78,short,Human,4.0-web
sbawap012,WA,prev,WALA2026-03-12#t454w0,2026-03-12,91,short,Human,4.0-web
sbawap013,WA,prev,WALA2026-03-10#t183w0,2026-03-10,86,short,Human,4.0-web
sbawap014,WA,prev,WALA2025-09-17#t449w0,2025-09-17,53,short,Human,4.0-web
sbawap015,WA,prev,WALA2026-02-24#t251w0,2026-02-24,92,short,Human,4.0-web
sbawap016,WA,prev,WALC2025-09-10#t85w0,2025-09-10,106,short,Human,4.0-web
sbawap017,WA,prev,WALC2025-10-21#t64w0,2025-10-21,58,short,Human,4.0-web
sbawap018,WA,prev,WALC2025-05-22#t20w0,2025-05-22,86,short,Human,4.0-web
sbawap019,WA,prev,WALA2025-09-18#t70w0,2025-09-18,60,short,Human,4.0-web
sbawap020,WA,prev,WALC2026-06-17#t72w0,2026-06-17,67,short,Human,4.0-web
sbawap021,WA,prev,WALC2025-09-11#t55w0,2025-09-11,112,short,Human,4.0-web
sbawap022,WA,prev,WALC2025-11-12#t135w0,2025-11-12,81,short,Human,4.0-web
sbawap023,WA,prev,WALC2025-12-09#t271w0,2025-12-09,50,short,Human,4.0-web
sbawap024,WA,prev,WALC2025-10-22#t40w1,2025-10-22,62,short,Human,4.0-web
sbawap025,WA,prev,WALC2025-12-09#t393w0,2025-12-09,97,short,Human,4.0-web
sbawap026,WA,prev,WALC2025-11-13#t146w0,2025-11-13,117,short,Human,4.0-web
sbawap027,WA,prev,WALA2026-05-12#t151w0,2026-05-12,119,short,Human,4.0-web
sbawap028,WA,prev,WALC2025-09-10#t107w0,2025-09-10,116,short,Human,4.0-web
sbawap029,WA,prev,WALC2025-11-11#t20w0,2025-11-11,100,short,Human,4.0-web
sbawap030,WA,prev,WALC2026-05-14#t128w0,2026-05-14,60,short,Human,4.0-web
sbawap031,WA,prev,WALC2025-06-17#t102w0,2025-06-17,102,short,Human,4.0-web
sbawap032,WA,prev,WALA2026-06-16#t185w0,2026-06-16,71,short,Human,4.0-web
sbawap033,WA,prev,WALC2025-08-14#t86w0,2025-08-14,82,short,Human,4.0-web
sbawap034,WA,prev,WALA2026-02-17#t90w2,2026-02-17,107,short,Human,4.0-web
sbawap035,WA,prev,WALC2025-11-13#t125w0,2025-11-13,85,short,Human,4.0-web
sbawap036,WA,prev,WALC2026-06-16#t137w1,2026-06-16,86,short,Human,4.0-web
sbawap037,WA,prev,WALC2025-11-20#t88w0,2025-11-20,85,short,Human,4.0-web
sbawap038,WA,prev,WALC2025-09-11#t186w2,2025-09-11,65,short,Human,4.0-web
sbawap039,WA,prev,WALA2025-11-19#t109w0,2025-11-19,93,short,Human,4.0-web
sbawap040,WA,prev,WALA2025-08-20#t107w0,2025-08-20,105,short,Human,4.0-web
sbawap041,WA,prev,WALA2025-09-17#t248w0,2025-09-17,53,short,Human,4.0-web
sbawap042,WA,prev,WALA2025-06-26#t9w2,2025-06-26,88,short,Human,4.0-web
sbawap043,WA,prev,WALC2025-06-24#t4w2,2025-06-24,106,short,Human,4.0-web
sbawap044,WA,prev,WALA2025-12-16#t177w0,2025-12-16,71,short,Human,4.0-web
sbawap045,WA,prev,WALA2025-06-24#t48w0,2025-06-24,57,short,Human,4.0-web
sbawac000,WA,ctl,WALC2010-06-24#t149w0,2010-06-24,75,short,Human,4.0-web
sbawac001,WA,ctl,WALC2008-03-18#t46w0,2008-03-18,69,short,Human,4.0-web
sbawac002,WA,ctl,WALA2009-04-01#t108w3,2009-04-01,60,short,Human,4.0-web
sbawac003,WA,ctl,WALA2007-02-28#t37w0,2007-02-28,71,short,Human,4.0-web
sbawac004,WA,ctl,WALC2018-08-29#t62w0,2018-08-29,107,short,Human,4.0-web
sbawac005,WA,ctl,WALC2009-04-02#t143w0,2009-04-02,117,short,Human,4.0-web
sbawac006,WA,ctl,WALA2007-06-13#t64w0,2007-06-13,71,short,Human,4.0-web
sbawac007,WA,ctl,WALC2009-04-07#t80w0,2009-04-07,78,short,Human,4.0-web
sbawac008,WA,ctl,WALC2007-11-22#t24w1,2007-11-22,62,short,Human,4.0-web
sbawac009,WA,ctl,WALC2016-05-12#t40w0,2016-05-12,115,short,Human,4.0-web
sbawac010,WA,ctl,WALC2018-08-23#t31w1,2018-08-23,58,short,Human,4.0-web
sbawac011,WA,ctl,WALC2006-11-02#t87w0,2006-11-02,111,short,Human,4.0-web
sbawac012,WA,ctl,WALA2006-05-04#t37w0,2006-05-04,85,short,Human,4.0-web
sbawac013,WA,ctl,WALA2010-06-02#t1885w0,2010-06-02,57,short,Human,4.0-web
sbawac014,WA,ctl,WALA2018-06-13#t30w2,2018-06-13,64,short,Human,4.0-web
sbawac015,WA,ctl,WALC2017-05-23#t30w0,2017-05-23,89,short,Human,4.0-web
sbawac016,WA,ctl,WALC2010-11-25#t105w0,2010-11-25,61,short,Human,4.0-web
sbawac017,WA,ctl,WALA2010-05-19#t82w0,2010-05-19,115,short,Human,4.0-web
sbawac018,WA,ctl,WALA2019-04-04#t24w0,2019-04-04,99,short,Human,4.0-web
sbawac019,WA,ctl,WALC2008-04-02#t37w0,2008-04-02,111,short,Human,4.0-web
sbawac020,WA,ctl,WALC2008-04-03#t120w0,2008-04-03,104,short,Human,4.0-web
sbawac021,WA,ctl,WALC2006-04-06#t96w0,2006-04-06,118,short,Human,4.0-web
sbawac022,WA,ctl,WALC2019-08-20#t77w0,2019-08-20,111,short,Human,4.0-web
sbawac023,WA,ctl,WALA2007-06-14#t160w0,2007-06-14,69,short,Human,4.0-web
sbawac024,WA,ctl,WALA2008-12-04#t193w0,2008-12-04,76,short,Human,4.0-web
sbawac025,WA,ctl,WALC2015-05-06#t23w1,2015-05-06,90,short,Human,4.0-web
sbcskp000,SK,prev,SK2026-05-11#t77w0,2026-05-11,92,short,Human,4.0-web
sbcskp001,SK,prev,SK2025-03-24#t43w0,2025-03-24,98,short,Human,4.0-web
sbcskp002,SK,prev,SK2025-04-28#t58w0,2025-04-28,84,short,Human,4.0-web
sbcskp003,SK,prev,SK2025-04-10#t29w0,2025-04-10,105,short,Human,4.0-web
sbcskp004,SK,prev,SK2026-04-14#t13w0,2026-04-14,66,short,Human,4.0-web
sbcskp005,SK,prev,SK2026-04-01#t38w0,2026-04-01,66,short,Human,4.0-web
sbcskp006,SK,prev,SK2026-03-05#t22w0,2026-03-05,94,short,Human,4.0-web
sbcskp007,SK,prev,SK2025-04-08#t49w0,2025-04-08,105,short,Human,4.0-web
sbcskp008,SK,prev,SK2025-04-30#t99w6,2025-04-30,78,short,Human,4.0-web
sbcskp009,SK,prev,SK2026-03-19#t44w0,2026-03-19,93,short,Human,4.0-web
sbcskp010,SK,prev,SK2025-04-15#t28w0,2025-04-15,80,short,Human,4.0-web
sbcskp011,SK,prev,SK2026-03-24#t32w0,2026-03-24,79,short,Human,4.0-web
sbcskp012,SK,prev,SK2026-04-20#t54w0,2026-04-20,83,short,Human,4.0-web
sbcskp013,SK,prev,SK2025-05-14#t8w0,2025-05-14,89,short,Human,4.0-web
sbcskp014,SK,prev,SK2025-11-13#t31w0,2025-11-13,57,short,Human,4.0-web
sbcskp015,SK,prev,SK2026-04-16#t22w0,2026-04-16,89,short,Human,4.0-web
sbcskp016,SK,prev,SK2025-04-07#t34w0,2025-04-07,91,short,Human,4.0-web
sbcskp017,SK,prev,SK2026-03-03#t54w0,2026-03-03,74,short,Human,4.0-web
sbcskp018,SK,prev,SK2025-11-04#t2w1,2025-11-04,79,short,Human,4.0-web
sbcskp019,SK,prev,SK2026-03-30#t64w0,2026-03-30,65,short,Human,4.0-web
sbcskp020,SK,prev,SK2025-05-14#t20w0,2025-05-14,68,short,Human,4.0-web
sbcskp021,SK,prev,SK2025-04-30#t10w0,2025-04-30,76,short,Human,4.0-web
sbcskp022,SK,prev,SK2025-03-24#t37w0,2025-03-24,72,short,Human,4.0-web
sbcskp023,SK,prev,SK2026-04-30#t28w0,2026-04-30,108,short,Human,4.0-web
sbcskp024,SK,prev,SK2026-03-24#t45w0,2026-03-24,102,short,Human,4.0-web
sbcskp025,SK,prev,SK2025-11-03#t51w0,2025-11-03,64,short,Human,4.0-web
sbcskp026,SK,prev,SK2025-11-13#t33w0,2025-11-13,111,short,Human,4.0-web
sbcskp027,SK,prev,SK2025-04-03#t62w0,2025-04-03,64,short,Human,4.0-web
sbcskp028,SK,prev,SK2025-11-27#t87w0,2025-11-27,85,short,Human,4.0-web
sbcskp029,SK,prev,SK2025-10-28#t41w0,2025-10-28,119,short,Human,4.0-web
sbcskp030,SK,prev,SK2026-05-13#t27w0,2026-05-13,64,short,Human,4.0-web
sbcskp031,SK,prev,SK2025-11-05#t67w2,2025-11-05,101,short,Human,4.0-web
sbcskp032,SK,prev,SK2026-03-19#t46w0,2026-03-19,83,short,Human,4.0-web
sbcskp033,SK,prev,SK2026-04-20#t49w0,2026-04-20,76,short,Human,4.0-web
sbcskp034,SK,prev,SK2025-12-03#t102w0,2025-12-03,75,short,Human,4.0-web
sbcskp035,SK,prev,SK2026-03-05#t20w0,2026-03-05,99,short,Human,4.0-web
sbcskp036,SK,prev,SK2026-05-11#t29w0,2026-05-11,101,short,Human,4.0-web
sbcskp037,SK,prev,SK2025-04-30#t4w1,2025-04-30,81,short,Human,4.0-web
sbcskp038,SK,prev,SK2026-03-12#t44w0,2026-03-12,83,short,Human,4.0-web
sbcskp039,SK,prev,SK2025-03-31#t40w0,2025-03-31,96,short,Human,4.0-web
sbcskp040,SK,prev,SK2025-12-01#t55w1,2025-12-01,62,short,Human,4.0-web
sbcskp041,SK,prev,SK2025-04-08#t37w0,2025-04-08,105,short,Human,4.0-web
sbcskc000,SK,ctl,SK2007-05-15#t73w0,2007-05-15,53,short,Human,4.0-web
sbcskc001,SK,ctl,SK2009-03-05#t32w0,2009-03-05,110,short,Human,4.0-web
sbcskc002,SK,ctl,SK2018-05-29#t98w0,2018-05-29,109,short,Human,4.0-web
sbcskc003,SK,ctl,SK2010-03-09#t44w0,2010-03-09,109,short,Human,4.0-web
sbcskc004,SK,ctl,SK2015-11-17#t51w0,2015-11-17,91,short,Human,4.0-web
sbcskc005,SK,ctl,SK2008-11-03#t27w1,2008-11-03,88,short,Human,4.0-web
sbcskc006,SK,ctl,SK2006-12-04#t9w0,2006-12-04,118,short,Human,4.0-web
sbcskc007,SK,ctl,SK2006-12-06#t12w0,2006-12-06,99,short,Human,4.0-web
sbcskc008,SK,ctl,SK2009-03-11#t23w0,2009-03-11,97,short,Human,4.0-web
sbcskc009,SK,ctl,SK2009-11-04#t27w0,2009-11-04,53,short,Human,4.0-web
sbcskc010,SK,ctl,SK2006-05-03#t19w0,2006-05-03,105,short,Human,4.0-web
sbcskc011,SK,ctl,SK2010-03-29#t36w0,2010-03-29,108,short,Human,4.0-web
sbcskc012,SK,ctl,SK2006-03-23#t45w0,2006-03-23,89,short,Human,4.0-web
sbcskc013,SK,ctl,SK2007-05-10#t1w0,2007-05-10,96,short,Human,4.0-web
sbcskc014,SK,ctl,SK2019-03-06#t20w0,2019-03-06,79,short,Human,4.0-web
sbcskc015,SK,ctl,SK2018-03-15#t66w0,2018-03-15,69,short,Human,4.0-web
sbcskc016,SK,ctl,SK2018-11-14#t14w0,2018-11-14,112,short,Human,4.0-web
sbcskc017,SK,ctl,SK2018-03-27#t5w0,2018-03-27,109,short,Human,4.0-web
sbasap000,SA,prev,SALC2025-06-17#t285w0,2025-06-17,74,short,Human,4.0-web
sbasap001,SA,prev,SAHA2025-06-18#t119w6,2025-06-18,68,short,Human,4.0-web
sbasap002,SA,prev,SAHA2025-02-20#t152w0,2025-02-20,109,short,Human,4.0-web
sbasap003,SA,prev,SAHA2025-09-02#t172w0,2025-09-02,79,short,Human,4.0-web
sbasap004,SA,prev,SALC2025-10-16#t101w0,2025-10-16,110,short,Human,4.0-web
sbasap005,SA,prev,SALC2025-02-04#t52w0,2025-02-04,95,short,Human,4.0-web
sbasap006,SA,prev,SALC2025-02-20#t18w0,2025-02-20,105,short,Human,4.0-web
sbasap007,SA,prev,SALC2025-10-15#t69w2,2025-10-15,73,short,Human,4.0-web
sbasap008,SA,prev,SAHA2025-06-17#t340w0,2025-06-17,74,short,Human,4.0-web
sbasap009,SA,prev,SALC2025-02-19#t200w2,2025-02-19,51,short,Human,4.0-web
sbasap010,SA,prev,SAHA2025-09-18#t23w0,2025-09-18,56,short,Human,4.0-web
sbasap011,SA,prev,SAHA2025-02-19#t47w2,2025-02-19,73,short,Human,4.0-web
sbasap012,SA,prev,SAHA2025-06-04#t309w0,2025-06-04,90,short,Human,4.0-web
sbasap013,SA,prev,SAHA2025-06-04#t223w0,2025-06-04,62,short,Human,4.0-web
sbasap014,SA,prev,SAHA2025-06-17#t107w0,2025-06-17,74,short,Human,4.0-web
sbasap015,SA,prev,SAHA2025-06-03#t102w0,2025-06-03,94,short,Human,4.0-web
sbasap016,SA,prev,SALC2025-10-14#t156w0,2025-10-14,54,short,Human,4.0-web
sbasap017,SA,prev,SAHA2025-08-20#t138w0,2025-08-20,57,short,Human,4.0-web
sbasap018,SA,prev,SAHA2025-03-06#t98w3,2025-03-06,80,short,Human,4.0-web
sbasap019,SA,prev,SALC2025-06-03#t131w0,2025-06-03,58,short,Human,4.0-web
sbasap020,SA,prev,SALC2025-05-15#t44w1,2025-05-15,72,short,Human,4.0-web
sbasap021,SA,prev,SAHA2025-10-14#t25w0,2025-10-14,67,short,Human,4.0-web
sbasap022,SA,prev,SAHA2025-03-19#t74w2,2025-03-19,100,short,Human,4.0-web
sbasap023,SA,prev,SAHA2025-04-30#t15w6,2025-04-30,117,short,Human,4.0-web
sbasap024,SA,prev,SALC2025-05-01#t74w0,2025-05-01,94,short,Human,4.0-web
sbasap025,SA,prev,SALC2025-06-26#t242w0,2025-06-26,83,short,Human,4.0-web
sbasap026,SA,prev,SALC2025-02-18#t105w0,2025-02-18,88,short,Human,4.0-web
sbasap027,SA,prev,SAHA2025-10-29#t200w0,2025-10-29,77,short,Human,4.0-web
sbasap028,SA,prev,SAHA2025-09-18#t191w0,2025-09-18,112,short,Human,4.0-web
sbasap029,SA,prev,SALC2025-03-18#t206w0,2025-03-18,113,short,Human,4.0-web
sbasap030,SA,prev,SAHA2025-09-18#t13w0,2025-09-18,95,short,Human,4.0-web
sbasap031,SA,prev,SAHA2025-03-04#t213w0,2025-03-04,88,short,Human,4.0-web
sbasap032,SA,prev,SAHA2025-10-28#t100w0,2025-10-28,77,short,Human,4.0-web
sbasap033,SA,prev,SALC2025-09-16#t55w0,2025-09-16,107,short,Human,4.0-web
sbasap034,SA,prev,SALC2025-09-16#t101w0,2025-09-16,52,short,Human,4.0-web
sbasap035,SA,prev,SAHA2025-06-04#t333w0,2025-06-04,61,short,Human,4.0-web
sbasap036,SA,prev,SAHA2025-08-20#t6w3,2025-08-20,62,short,Human,4.0-web
sbasap037,SA,prev,SAHA2025-05-15#t149w0,2025-05-15,82,short,Human,4.0-web
sbasap038,SA,prev,SAHA2025-03-18#t21w0,2025-03-18,57,short,Human,4.0-web
sbasap039,SA,prev,SAHA2025-06-04#t244w0,2025-06-04,70,short,Human,4.0-web
sbasap040,SA,prev,SALC2025-05-15#t138w0,2025-05-15,72,short,Human,4.0-web
sbasap041,SA,prev,SAHA2025-03-05#t210w2,2025-03-05,52,short,Human,4.0-web
sbasac000,SA,ctl,SAHA2008-04-30#t134w0,2008-04-30,105,short,Human,4.0-web
sbasac001,SA,ctl,SALC2019-11-28#t50w0,2019-11-28,54,short,Human,4.0-web
sbasac002,SA,ctl,SALC2007-08-01#t109w0,2007-08-01,65,short,Human,4.0-web
sbasac003,SA,ctl,SALC2019-07-23#t12w0,2019-07-23,55,short,Human,4.0-web
sbasac004,SA,ctl,SAHA2007-10-17#t97w1,2007-10-17,85,short,Human,4.0-web
sbasac005,SA,ctl,SAHA2018-11-14#t107w0,2018-11-14,96,short,Human,4.0-web
sbasac006,SA,ctl,SAHA2019-03-20#t53w0,2019-03-20,91,short,Human,4.0-web
sbasac007,SA,ctl,SAHA2007-10-24#t89w0,2007-10-24,94,short,Human,4.0-web
sbasac008,SA,ctl,SAHA2019-10-15#t253w0,2019-10-15,99,short,Human,4.0-web
sbasac009,SA,ctl,SALC2018-11-13#t99w0,2018-11-13,112,short,Human,4.0-web
sbasac010,SA,ctl,SALC2019-11-28#t147w0,2019-11-28,52,short,Human,4.0-web
sbasac011,SA,ctl,SAHA2018-11-14#t206w0,2018-11-14,106,short,Human,4.0-web
sbasac012,SA,ctl,SAHA2010-05-26#tx034t0w3,2010-05-26,114,short,Human,4.0-web
sbasac013,SA,ctl,SALC2015-12-02#tx025t0w0,2015-12-02,55,short,Human,4.0-web
sbasac014,SA,ctl,SALC2015-12-02#tx025t1w0,2015-12-02,106,short,Human,4.0-web
sbasac015,SA,ctl,SAHA2007-11-15#t5w0,2007-11-15,88,short,Human,4.0-web
sbasac016,SA,ctl,SAHA2019-07-02#t193w0,2019-07-02,65,short,Human,4.0-web
sbasac017,SA,ctl,SALC2018-11-13#t323w0,2018-11-13,77,short,Human,4.0-web
sbasac018,SA,ctl,SAHA2018-05-15#t175w0,2018-05-15,103,short,Human,4.0-web
sbasac019,SA,ctl,SAHA2018-09-05#t20w0,2018-09-05,97,short,Human,4.0-web
sbasac020,SA,ctl,SALC2009-11-18#t104w0,2009-11-18,52,short,Human,4.0-web
sbconp000,ON,prev,ON2025-05-27#t69w0,2025-05-27,114,short,Human,4.0-web
sbconp001,ON,prev,ON2026-04-02#t177w0,2026-04-02,74,short,Human,4.0-web
sbconp002,ON,prev,ON2026-03-23#t50w0,2026-03-23,97,short,Human,4.0-web
sbconp003,ON,prev,ON2025-05-08#t150w0,2025-05-08,93,short,Human,4.0-web
sbconp004,ON,prev,ON2025-11-03#t132w0,2025-11-03,104,short,Human,4.0-web
sbconp005,ON,prev,ON2025-05-13#t120w0,2025-05-13,62,short,Human,4.0-web
sbconp006,ON,prev,ON2026-05-26#t91w0,2026-05-26,61,short,Human,4.0-web
sbconp007,ON,prev,ON2025-11-25#t103w0,2025-11-25,74,short,Human,4.0-web
sbconp008,ON,prev,ON2025-10-22#t153w0,2025-10-22,59,short,Human,4.0-web
sbconp009,ON,prev,ON2025-05-05#t241w0,2025-05-05,80,short,Human,4.0-web
sbconp010,ON,prev,ON2026-04-01#t90w0,2026-04-01,101,short,Human,4.0-web
sbconp011,ON,prev,ON2025-11-04#t91w0,2025-11-04,116,short,Human,4.0-web
sbconp012,ON,prev,ON2025-05-13#t90w0,2025-05-13,102,short,Human,4.0-web
sbconp013,ON,prev,ON2026-04-01#t214w0,2026-04-01,98,short,Human,4.0-web
sbconp014,ON,prev,ON2025-04-30#t110w0,2025-04-30,73,short,Human,4.0-web
sbconp015,ON,prev,ON2025-11-19#t5w0,2025-11-19,74,short,Human,4.0-web
sbconp016,ON,prev,ON2025-10-20#t205w0,2025-10-20,65,short,Human,4.0-web
sbconp017,ON,prev,ON2026-04-16#t224w0,2026-04-16,51,short,Human,4.0-web
sbconp018,ON,prev,ON2026-05-14#t246w0,2026-05-14,100,short,Human,4.0-web
sbconp019,ON,prev,ON2026-04-22#t259w0,2026-04-22,59,short,Human,4.0-web
sbconp020,ON,prev,ON2025-05-15#t35w0,2025-05-15,100,short,Human,4.0-web
sbconp021,ON,prev,ON2025-12-01#t85w0,2025-12-01,107,short,Human,4.0-web
sbconp022,ON,prev,ON2026-04-23#t193w0,2026-04-23,112,short,Human,4.0-web
sbconp023,ON,prev,ON2025-12-02#t23w0,2025-12-02,70,short,Human,4.0-web
sbconp024,ON,prev,ON2025-04-30#t134w0,2025-04-30,93,short,Human,4.0-web
sbconp025,ON,prev,ON2025-12-04#t72w0,2025-12-04,110,short,Human,4.0-web
sbconp026,ON,prev,ON2026-05-06#t121w0,2026-05-06,101,short,Human,4.0-web
sbconp027,ON,prev,ON2026-05-14#t79w0,2026-05-14,90,short,Human,4.0-web
sbconp028,ON,prev,ON2025-10-20#t150w0,2025-10-20,117,short,Human,4.0-web
sbconp029,ON,prev,ON2025-10-21#t157w0,2025-10-21,92,short,Human,4.0-web
sbconp030,ON,prev,ON2025-10-27#t137w0,2025-10-27,73,short,Human,4.0-web
sbconp031,ON,prev,ON2026-03-24#t85w0,2026-03-24,110,short,Human,4.0-web
sbconp032,ON,prev,ON2025-04-29#t71w0,2025-04-29,114,short,Human,4.0-web
sbconp033,ON,prev,ON2025-12-04#t139w3,2025-12-04,92,short,Human,4.0-web
sbconp034,ON,prev,ON2025-04-29#t65w0,2025-04-29,100,short,Human,4.0-web
sbconp035,ON,prev,ON2026-04-13#t204w0,2026-04-13,78,short,Human,4.0-web
sbconp036,ON,prev,ON2026-04-15#t179w0,2026-04-15,75,short,Human,4.0-web
sbconp037,ON,prev,ON2026-05-07#t221w0,2026-05-07,94,short,Human,4.0-web
sbconp038,ON,prev,ON2025-11-20#t36w0,2025-11-20,65,short,Human,4.0-web
sbconp039,ON,prev,ON2025-11-18#t32w0,2025-11-18,101,short,Human,4.0-web
sbconc000,ON,ctl,ON2009-05-06#t17w0,2009-05-06,73,short,Human,4.0-web
sbconc001,ON,ctl,ON2017-03-23#t126w0,2017-03-23,81,short,Human,4.0-web
sbconc002,ON,ctl,ON2006-05-30#t66w0,2006-05-30,62,short,Human,4.0-web
sbconc003,ON,ctl,ON2018-09-27#t221w0,2018-09-27,102,short,Human,4.0-web
sbconc004,ON,ctl,ON2015-09-28#t124w1,2015-09-28,60,short,Human,4.0-web
sbconc005,ON,ctl,ON2019-06-03#t161w2,2019-06-03,118,short,Human,4.0-web
sbconc006,ON,ctl,ON2008-03-17#t28w0,2008-03-17,90,short,Human,4.0-web
sbconc007,ON,ctl,ON2008-03-17#t23w0,2008-03-17,63,short,Human,4.0-web
sbconc008,ON,ctl,ON2010-05-03#t14w0,2010-05-03,118,short,Human,4.0-web
sbconc009,ON,ctl,ON2006-09-28#t63w0,2006-09-28,119,short,Human,4.0-web
sbconc010,ON,ctl,ON2015-09-24#t198w2,2015-09-24,67,short,Human,4.0-web
sbconc011,ON,ctl,ON2019-12-11#t110w0,2019-12-11,69,short,Human,4.0-web
sbconc012,ON,ctl,ON2016-05-12#t153w0,2016-05-12,75,short,Human,4.0-web
sbconc013,ON,ctl,ON2006-03-23#t82w0,2006-03-23,89,short,Human,4.0-web
sbconc014,ON,ctl,ON2010-03-09#t61w0,2010-03-09,84,short,Human,4.0-web
sbconc015,ON,ctl,ON2009-10-27#t77w0,2009-10-27,113,short,Human,4.0-web
sbaqlp000,QLD,prev,QLD2025-09-16#t13w1,2025-09-16,110,short,Human,4.0-web
sbaqlp001,QLD,prev,QLD2025-06-24#t108w0,2025-06-24,114,short,Human,4.0-web
sbaqlp002,QLD,prev,QLD2025-09-16#t156w8,2025-09-16,57,short,Human,4.0-web
sbaqlp003,QLD,prev,QLD2025-06-25#t201w2,2025-06-25,100,short,Human,4.0-web
sbaqlp004,QLD,prev,QLD2025-02-20#t230w0,2025-02-20,117,short,Human,4.0-web
sbaqlp005,QLD,prev,QLD2026-05-14#t72w0,2026-05-14,65,short,Human,4.0-web
sbaqlp006,QLD,prev,QLD2025-02-19#t1w0,2025-02-19,97,short,Human,4.0-web
sbaqlp007,QLD,prev,QLD2026-03-26#t90w0,2026-03-26,62,short,Human,4.0-web
sbaqlp008,QLD,prev,QLD2025-04-29#t209w3,2025-04-29,78,short,Human,4.0-web
sbaqlp009,QLD,prev,QLD2025-10-29#t36w0,2025-10-29,59,short,Human,4.0-web
sbaqlp010,QLD,prev,QLD2026-06-25#t79w0,2026-06-25,83,short,Human,4.0-web
sbaqlp011,QLD,prev,QLD2025-06-10#t185w1,2025-06-10,67,short,Human,4.0-web
sbaqlp012,QLD,prev,QLD2026-03-24#t63w1,2026-03-24,69,short,Human,4.0-web
sbaqlp013,QLD,prev,QLD2025-06-12#t259w1,2025-06-12,76,short,Human,4.0-web
sbaqlp014,QLD,prev,QLD2025-06-11#t55w0,2025-06-11,52,short,Human,4.0-web
sbaqlp015,QLD,prev,QLD2026-02-11#t126w1,2026-02-11,69,short,Human,4.0-web
sbaqlp016,QLD,prev,QLD2026-06-04#t255w0,2026-06-04,97,short,Human,4.0-web
sbaqlp017,QLD,prev,QLD2025-09-18#t298w0,2025-09-18,87,short,Human,4.0-web
sbaqlp018,QLD,prev,QLD2026-03-26#t44w0,2026-03-26,51,short,Human,4.0-web
sbaqlp019,QLD,prev,QLD2025-02-19#t34w0,2025-02-19,53,short,Human,4.0-web
sbaqlp020,QLD,prev,QLD2025-04-01#t104w0,2025-04-01,84,short,Human,4.0-web
sbaqlp021,QLD,prev,QLD2025-05-22#t171w0,2025-05-22,83,short,Human,4.0-web
sbaqlp022,QLD,prev,QLD2025-12-10#t75w1,2025-12-10,110,short,Human,4.0-web
sbaqlp023,QLD,prev,QLD2026-04-21#t73w1,2026-04-21,112,short,Human,4.0-web
sbaqlp024,QLD,prev,QLD2026-06-04#t288w0,2026-06-04,66,short,Human,4.0-web
sbaqlp025,QLD,prev,QLD2025-06-12#t234w0,2025-06-12,50,short,Human,4.0-web
sbaqlp026,QLD,prev,QLD2025-06-27#t14w0,2025-06-27,56,short,Human,4.0-web
sbaqlp027,QLD,prev,QLD2026-02-10#t111w0,2026-02-10,74,short,Human,4.0-web
sbaqlp028,QLD,prev,QLD2025-04-03#t79w0,2025-04-03,75,short,Human,4.0-web
sbaqlp029,QLD,prev,QLD2025-12-11#t20w1,2025-12-11,103,short,Human,4.0-web
sbaqlp030,QLD,prev,QLD2026-03-04#t31w0,2026-03-04,105,short,Human,4.0-web
sbaqlp031,QLD,prev,QLD2026-06-03#t95w0,2026-06-03,90,short,Human,4.0-web
sbaqlp032,QLD,prev,QLD2026-04-21#t100w0,2026-04-21,74,short,Human,4.0-web
sbaqlp033,QLD,prev,QLD2025-10-16#t180w0,2025-10-16,53,short,Human,4.0-web
sbaqlp034,QLD,prev,QLD2025-11-20#t76w0,2025-11-20,72,short,Human,4.0-web
sbaqlp035,QLD,prev,QLD2025-11-18#t186w0,2025-11-18,54,short,Human,4.0-web
sbaqlp036,QLD,prev,QLD2025-06-26#t175w1,2025-06-26,89,short,Human,4.0-web
sbaqlp037,QLD,prev,QLD2025-02-18#t117w1,2025-02-18,57,short,Human,4.0-web
sbaqlc000,QLD,ctl,QLD2009-06-03#t114w4,2009-06-03,112,short,Human,4.0-web
sbaqlc001,QLD,ctl,QLD2008-02-14#t32w0,2008-02-14,109,short,Human,4.0-web
sbaqlc002,QLD,ctl,QLD2007-03-15#t81w0,2007-03-15,78,short,Human,4.0-web
sbaqlc003,QLD,ctl,QLD2017-06-14#t44w0,2017-06-14,98,short,Human,4.0-web
sbaqlc004,QLD,ctl,QLD2019-06-11#t13w1,2019-06-11,117,short,Human,4.0-web
sbaqlc005,QLD,ctl,QLD2018-09-18#t70w0,2018-09-18,75,short,Human,4.0-web
sbaqlc006,QLD,ctl,QLD2009-05-20#t83w1,2009-05-20,59,short,Human,4.0-web
sbaqlc007,QLD,ctl,QLD2017-03-22#t69w0,2017-03-22,113,short,Human,4.0-web
sbaqlc008,QLD,ctl,QLD2007-11-14#t61w0,2007-11-14,108,short,Human,4.0-web
sbaqlc009,QLD,ctl,QLD2008-11-27#t64w0,2008-11-27,71,short,Human,4.0-web
sbaqlc010,QLD,ctl,QLD2009-11-11#t27w0,2009-11-11,63,short,Human,4.0-web
sbaqlc011,QLD,ctl,QLD2016-02-23#t71w0,2016-02-23,56,short,Human,4.0-web
sbaqlc012,QLD,ctl,QLD2018-05-02#t79w0,2018-05-02,58,short,Human,4.0-web
sbaqlc013,QLD,ctl,QLD2007-05-24#t41w0,2007-05-24,108,short,Human,4.0-web
sbaqlc014,QLD,ctl,QLD2009-09-03#t12w1,2009-09-03,118,short,Human,4.0-web
sbaqlc015,QLD,ctl,QLD2009-10-29#t16w1,2009-10-29,53,short,Human,4.0-web
sbavip000,VIC,prev,VICLA:Questions-without-notice-and-ministers-statements:2026-05-12#t39w0,2026-05-12,106,short,Human,4.0-web
sbavip001,VIC,prev,VICLA:Constituency-questions:2026-03-03#t6w0,2026-03-03,100,short,Human,4.0-web
sbavip002,VIC,prev,VICLC:Members-statements:2026-06-16#t15w0,2026-06-16,61,short,Human,4.0-web
sbavip003,VIC,prev,VICLA:Motions:2025-09-09#t12w0,2025-09-09,55,short,Human,4.0-web
sbavip004,VIC,prev,VICLA:Second-reading:2026-05-12#t7w3,2026-05-12,97,short,Human,4.0-web
sbavip005,VIC,prev,VICLC:Committee_b2:2026-06-18#t24w0,2026-06-18,84,short,Human,4.0-web
sbavip006,VIC,prev,VICLA:Questions-without-notice-and-ministers-statements:2026-02-05#t32w0,2026-02-05,57,short,Human,4.0-web
sbavip007,VIC,prev,VICLA:Members-statements:2026-03-04#t25w0,2026-03-04,80,short,Human,4.0-web
sbavip008,VIC,prev,VICLA:Motions:2025-12-09#t2w3,2025-12-09,115,short,Human,4.0-web
sbavip009,VIC,prev,VICLA:Matters-of-public-importance:2025-04-02#t14w0,2025-04-02,62,short,Human,4.0-web
sbavip010,VIC,prev,VICLA:Questions-without-notice-and-ministers-statements:2025-03-20#t60w0,2025-03-20,98,short,Human,4.0-web
sbavip011,VIC,prev,VICLA:Questions-without-notice-and-ministers-statements:2025-03-18#t34w0,2025-03-18,69,short,Human,4.0-web
sbavip012,VIC,prev,VICLA:Questions-without-notice-and-ministers-statements:2025-02-20#t40w0,2025-02-20,61,short,Human,4.0-web
sbavip013,VIC,prev,VICLA:Motions_b1:2026-06-04#t32w1,2026-06-04,93,short,Human,4.0-web
sbavip014,VIC,prev,VICLA:Matters-of-public-importance:2025-12-03#t13w2,2025-12-03,59,short,Human,4.0-web
sbavip015,VIC,prev,VICLA:Motions_b1:2026-06-04#t17w0,2026-06-04,79,short,Mixed,4.0-web
sbavip016,VIC,prev,VICLC:Questions-without-notice-and-ministers-statements:2025-09-11#t28w0,2025-09-11,118,short,Human,4.0-web
sbavip017,VIC,prev,VICLC:Committee_b0:2025-12-03#t37w0,2025-12-03,56,short,Human,4.0-web
sbavip018,VIC,prev,VICLA:Members-statements:2025-04-01#t33w0,2025-04-01,56,short,Human,4.0-web
sbavip019,VIC,prev,VICLC:Members-statements:2025-12-09#t6w0,2025-12-09,98,short,Human,4.0-web
sbavip020,VIC,prev,VICLA:Grievance-debate:2026-06-03#t24w0,2026-06-03,51,short,Human,4.0-web
sbavip021,VIC,prev,VICLA:Second-reading:2025-07-30#t33w3,2025-07-30,82,short,Human,4.0-web
sbavip022,VIC,prev,VICLA:Questions-without-notice-and-ministers-statements:2025-11-14#t48w0,2025-11-14,55,short,Human,4.0-web
sbavip023,VIC,prev,VICLC:Constituency-questions:2025-11-12#t9w0,2025-11-12,112,short,Human,4.0-web
sbavip024,VIC,prev,VICLA:Questions-without-notice-and-ministers-statements:2025-10-28#t55w0,2025-10-28,65,short,Human,4.0-web
sbavip025,VIC,prev,VICLC:Motions:2025-06-18#t44w3,2025-06-18,116,short,Human,4.0-web
sbavip026,VIC,prev,VICLC:Motions:2025-02-05#t5w0,2025-02-05,106,short,Human,4.0-web
sbavip027,VIC,prev,VICLA:Second-reading:2026-06-02#t10w3,2026-06-02,66,short,Human,4.0-web
sbavip028,VIC,prev,VICLA:Motions:2026-04-01#t22w0,2026-04-01,50,short,Human,4.0-web
sbavip029,VIC,prev,VICLA:Second-reading:2026-03-03#t7w2,2026-03-03,94,short,Human,4.0-web
sbavip030,VIC,prev,VICLA:Members-statements:2026-04-02#t30w0,2026-04-02,62,short,Human,4.0-web
sbavip031,VIC,prev,VICLA:Members-statements:2025-06-18#t6w0,2025-06-18,88,short,Human,4.0-web
sbavip032,VIC,prev,VICLC:Questions-without-notice-and-ministers-statements:2025-06-19#t43w0,2025-06-19,74,short,Human,4.0-web
sbavip033,VIC,prev,VICLC:Committee_b1:2026-06-18#t18w0,2026-06-18,55,short,Human,4.0-web
sbavic000,VIC,ctl,VICLC:Committee_b2:2017-08-10#t13w0,2017-08-10,85,short,Human,4.0-web
sbavic001,VIC,ctl,VICLC:Questions-without-Notice:2008-09-12#t7w0,2008-09-12,72,short,Human,4.0-web
sbavic002,VIC,ctl,VICLC:Questions-without-Notice:2007-11-20#t0w0,2007-11-20,107,short,Human,4.0-web
sbavic003,VIC,ctl,VICLC:Statements-on-Reports:2010-03-25#t5w2,2010-03-25,119,short,Human,4.0-web
sbavic004,VIC,ctl,VICLA:Second-reading:2017-09-21#t22w2,2017-09-21,80,short,Human,4.0-web
sbavic005,VIC,ctl,VICLC:Questions-without-Notice:2008-05-27#t27w0,2008-05-27,53,short,Human,4.0-web
sbavic006,VIC,ctl,VICLC:Second-Reading_b0:2008-10-28#t7w0,2008-10-28,69,short,Human,4.0-web
sbavic007,VIC,ctl,VICLA:Members-statements:2017-12-13#t22w0,2017-12-13,81,short,Human,4.0-web
sbavic008,VIC,ctl,VICLC:Committee_b3:2016-06-21#t3w0,2016-06-21,71,short,Human,4.0-web
sbavic009,VIC,ctl,VICLC:Second-reading:2016-11-24#t112w0,2016-11-24,92,short,Human,4.0-web
sbavic010,VIC,ctl,VICLA:Questions-without-Notice:2008-07-31#t10w0,2008-07-31,86,short,Human,4.0-web
sbavic011,VIC,ctl,VICLC:Committee_b0:2018-02-08#t14w0,2018-02-08,56,short,Human,4.0-web
sbavic012,VIC,ctl,VICLA:Questions-without-Notice:2006-06-13#t19w0,2006-06-13,58,short,Human,4.0-web
sbavic013,VIC,ctl,VICLC:Second-reading:2018-06-05#t49w1,2018-06-05,89,short,Human,4.0-web
sbavic014,VIC,ctl,VICLC:QUESTIONS-WITHOUT-NOTICE:2018-02-07#t34w0,2018-02-07,85,short,Human,4.0-web
sbavic015,VIC,ctl,VICLC:Committee_b1:2015-08-20#t2w0,2015-08-20,84,short,Human,4.0-web
sbavic016,VIC,ctl,VICLA:Members-statements:2016-02-25#t31w0,2016-02-25,68,short,Human,4.0-web
sbavic017,VIC,ctl,VICLA:Second-reading:2016-03-24#t81w0,2016-03-24,51,short,Human,4.0-web
sbatap000,TAS,prev,TASHA2025-09-25#p1t116w1,2025-09-25,91,short,Human,4.0-web
sbatap001,TAS,prev,TASHA2026-05-07#p1t83w0,2026-05-07,114,short,Human,4.0-web
sbatap003,TAS,prev,TASHA2025-06-04#p1t44w0,2025-06-04,118,short,Human,4.0-web
sbatap004,TAS,prev,TASHA2025-09-09#p1t132w2,2025-09-09,117,short,Human,4.0-web
sbatap005,TAS,prev,TASHA2026-04-14#p1t42w0,2026-04-14,65,short,Human,4.0-web
sbatap006,TAS,prev,TASHA2025-06-04#p1t130w0,2025-06-04,60,short,Human,4.0-web
sbatap007,TAS,prev,TASHA2025-05-28#p1t41w0,2025-05-28,65,short,Human,4.0-web
sbatap008,TAS,prev,TASHA2026-04-15#p1t60w0,2026-04-15,94,short,Human,4.0-web
sbatap009,TAS,prev,TASHA2026-05-06#p1t247w0,2026-05-06,90,short,Human,4.0-web
sbatap010,TAS,prev,TASHA2025-12-03#p1t22w0,2025-12-03,92,short,Human,4.0-web
sbatap011,TAS,prev,TASHA2026-05-27#p1t55w0,2026-05-27,54,short,Human,4.0-web
sbatap012,TAS,prev,TASHA2025-05-28#p1t75w0,2025-05-28,57,short,Human,4.0-web
sbatap013,TAS,prev,TASHA2026-04-15#p1t84w0,2026-04-15,67,short,Human,4.0-web
sbatap014,TAS,prev,TASHA2026-03-04#p1t93w3,2026-03-04,90,short,Human,4.0-web
sbatap015,TAS,prev,TASHA2025-03-11#p1t139w6,2025-03-11,68,short,Human,4.0-web
sbatap016,TAS,prev,TASHA2025-05-06#p1t118w0,2025-05-06,55,short,Human,4.0-web
sbatap017,TAS,prev,TASHA2026-03-26#p1t135w0,2026-03-26,68,short,Human,4.0-web
sbatap018,TAS,prev,TASHA2026-03-25#p1t23w0,2026-03-25,61,short,Human,4.0-web
sbatap019,TAS,prev,TASHA2026-05-20#p1t90w4,2026-05-20,111,short,Human,4.0-web
sbatap020,TAS,prev,TASHA2025-09-23#p1t11w0,2025-09-23,52,short,Human,4.0-web
sbatap021,TAS,prev,TASHA2025-06-04#p1t72w0,2025-06-04,70,short,Human,4.0-web
sbatap022,TAS,prev,TASHA2025-11-04#p1t112w2,2025-11-04,100,short,Human,4.0-web
sbatap023,TAS,prev,TASHA2025-05-07#p1t14w0,2025-05-07,83,short,Human,4.0-web
sbatap024,TAS,prev,TASHA2025-11-12#p1t8w0,2025-11-12,69,short,Human,4.0-web
sbatap025,TAS,prev,TASHA2025-04-03#p1t23w0,2025-04-03,114,short,Human,4.0-web
sbatap026,TAS,prev,TASHA2026-03-18#p1t39w0,2026-03-18,100,short,Human,4.0-web
sbatap027,TAS,prev,TASHA2026-03-17#p1t103w1,2026-03-17,95,short,Human,4.0-web
sbatac000,TAS,ctl,TASHA2019-04-11#p1t15w0,2019-04-11,115,short,Human,4.0-web
sbatac001,TAS,ctl,TASHA2010-09-22#p2t22w0,2010-09-22,86,short,Human,4.0-web
sbatac002,TAS,ctl,TASHA2007-11-21#p2t105w0,2007-11-21,69,short,Human,4.0-web
sbatac003,TAS,ctl,TASHA2010-11-16#p2t125w0,2010-11-16,96,short,Human,4.0-web
sbatac004,TAS,ctl,TASHA2008-08-27#p2t33w0,2008-08-27,82,short,Human,4.0-web
sbatac005,TAS,ctl,TASHA2009-07-02#p2t206w0,2009-07-02,109,short,Human,4.0-web
sbatac006,TAS,ctl,TASHA2015-03-17#p1t105w2,2015-03-17,117,short,Human,4.0-web
sbatac007,TAS,ctl,TASHA2009-05-27#p2t160w0,2009-05-27,76,short,Human,4.0-web
sbatac008,TAS,ctl,TASHA2009-05-28#p2t172w0,2009-05-28,81,short,Human,4.0-web
sbatac009,TAS,ctl,TASHA2009-11-03#p1t33w0,2009-11-03,51,short,Human,4.0-web
sbatac010,TAS,ctl,TASHA2010-09-30#p1t49w0,2010-09-30,65,short,Human,4.0-web
sbatac011,TAS,ctl,TASHA2009-03-24#p2t48w0,2009-03-24,109,short,Human,4.0-web
sbatac012,TAS,ctl,TASHA2008-11-19#p1t82w1,2008-11-19,98,short,Human,4.0-web
sbatac013,TAS,ctl,TASHA2017-06-15#p1t79w0,2017-06-15,70,short,Human,4.0-web
sbatac014,TAS,ctl,TASHA2019-09-24#p1t22w0,2019-09-24,111,short,Human,4.0-web
sbatac015,TAS,ctl,TASHA2019-08-07#p1t101w0,2019-08-07,68,short,Human,4.0-web
sbatac016,TAS,ctl,TASHA2006-06-20#p2t30w0,2006-06-20,102,short,Human,4.0-web
sbatac017,TAS,ctl,TASHA2016-06-14#p1t6w0,2016-06-14,97,short,Human,4.0-web
sbatac019,TAS,ctl,TASHA2016-06-16#p1t34w0,2016-06-16,51,short,Human,4.0-web
sbuwap000,WAL,prev,WAL2026-02-04#t33w0,2026-02-04,83,short,Human,4.0-web
sbuwap001,WAL,prev,WAL2025-03-19#t171w0,2025-03-19,81,short,Human,4.0-web
sbuwap002,WAL,prev,WAL2025-10-15#t27w0,2025-10-15,99,short,Human,4.0-web
sbuwap003,WAL,prev,WAL2025-02-04#t201w0,2025-02-04,113,short,Human,4.0-web
sbuwap004,WAL,prev,WAL2025-12-10#t63w0,2025-12-10,54,short,Human,4.0-web
sbuwap005,WAL,prev,WAL2025-12-02#t111w1,2025-12-02,101,short,Human,4.0-web
sbuwap006,WAL,prev,WAL2026-06-24#t71w0,2026-06-24,90,short,Human,4.0-web
sbuwap007,WAL,prev,WAL2026-01-27#t35w0,2026-01-27,68,short,Human,4.0-web
sbuwap008,WAL,prev,WAL2025-10-21#t138w0,2025-10-21,72,short,Human,4.0-web
sbuwap009,WAL,prev,WAL2025-10-21#t0w0,2025-10-21,101,short,Human,4.0-web
sbuwap010,WAL,prev,WAL2026-02-04#t152w0,2026-02-04,74,short,Human,4.0-web
sbuwap011,WAL,prev,WAL2026-03-24#t7w0,2026-03-24,102,short,Human,4.0-web
sbuwap012,WAL,prev,WAL2026-02-11#t123w1,2026-02-11,114,short,Human,4.0-web
sbuwap013,WAL,prev,WAL2026-06-23#t79w0,2026-06-23,65,short,Human,4.0-web
sbuwap014,WAL,prev,WAL2025-02-11#t72w0,2025-02-11,76,short,Human,4.0-web
sbuwap015,WAL,prev,WAL2026-03-18#t88w0,2026-03-18,57,short,Human,4.0-web
sbuwap016,WAL,prev,WAL2025-03-26#t96w0,2025-03-26,54,short,Human,4.0-web
sbuwap017,WAL,prev,WAL2025-04-30#t83w0,2025-04-30,53,short,Human,4.0-web
sbuwap018,WAL,prev,WAL2026-01-14#t16w0,2026-01-14,66,short,Human,4.0-web
sbuwap019,WAL,prev,WAL2026-01-27#t5w0,2026-01-27,78,short,Human,4.0-web
sbuwap020,WAL,prev,WAL2025-04-01#t70w0,2025-04-01,107,short,Human,4.0-web
sbuwap021,WAL,prev,WAL2026-02-24#t80w0,2026-02-24,101,short,Human,4.0-web
sbuwap022,WAL,prev,WAL2025-06-10#t113w0,2025-06-10,106,short,Human,4.0-web
sbuwap023,WAL,prev,WAL2026-02-25#t12w0,2026-02-25,119,short,Human,4.0-web
sbuwap024,WAL,prev,WAL2025-03-26#t103w0,2025-03-26,51,short,Human,4.0-web
sbuwap025,WAL,prev,WAL2025-02-19#t127w2,2025-02-19,72,short,Human,4.0-web
sbuwap026,WAL,prev,WAL2026-02-10#t6w0,2026-02-10,98,short,Human,4.0-web
sbuwac000,WAL,ctl,WAL2015-01-14#t39w0,2015-01-14,55,short,Human,4.0-web
sbuwac001,WAL,ctl,WAL2017-10-03#t53w0,2017-10-03,86,short,Human,4.0-web
sbuwac002,WAL,ctl,WAL2018-10-03#t131w4,2018-10-03,92,short,Human,4.0-web
sbuwac003,WAL,ctl,WAL2015-03-10#t24w0,2015-03-10,62,short,Human,4.0-web
sbuwac004,WAL,ctl,WAL2015-06-10#t84w0,2015-06-10,105,short,Human,4.0-web
sbuwac005,WAL,ctl,WAL2015-06-10#t222w0,2015-06-10,107,short,Human,4.0-web
sbuwac006,WAL,ctl,WAL2015-05-05#t118w1,2015-05-05,66,short,Human,4.0-web
sbuwac007,WAL,ctl,WAL2015-10-20#t65w0,2015-10-20,114,short,Human,4.0-web
sbuwac008,WAL,ctl,WAL2019-11-26#t45w0,2019-11-26,58,short,Human,4.0-web
sbuwac009,WAL,ctl,WAL2016-02-02#t92w0,2016-02-02,64,short,Human,4.0-web
sbuwac010,WAL,ctl,WAL2016-03-08#t97w0,2016-03-08,107,short,Human,4.0-web
sbuwac011,WAL,ctl,WAL2017-07-18#t100w0,2017-07-18,104,short,Human,4.0-web
sbuwac012,WAL,ctl,WAL2016-09-28#t27w0,2016-09-28,98,short,Human,4.0-web
sbuwac013,WAL,ctl,WAL2016-01-27#t130w0,2016-01-27,99,short,Human,4.0-web
sbuwac014,WAL,ctl,WAL2017-05-09#t101w0,2017-05-09,58,short,Human,4.0-web
sbuwac015,WAL,ctl,WAL2016-01-19#t61w0,2016-01-19,96,short,Human,4.0-web
sbuwac016,WAL,ctl,WAL2016-07-05#t45w0,2016-07-05,78,short,Human,4.0-web
sbuwac017,WAL,ctl,WAL2019-10-02#t52w0,2019-10-02,113,short,Human,4.0-web
sbuwac018,WAL,ctl,WAL2015-10-21#t190w0,2015-10-21,117,short,Human,4.0-web
sbuwac019,WAL,ctl,WAL2017-11-21#t23w0,2017-11-21,91,short,Human,4.0-web
sbuwac020,WAL,ctl,WAL2017-11-22#t28w0,2017-11-22,92,short,Human,4.0-web
sbansp000,NSW,prev,NSWLA2025-09-11#t101w0,2025-09-11,63,short,Human,4.0-web
sbansp001,NSW,prev,NSWLA2026-05-26#t206w1,2026-05-26,106,short,Human,4.0-web
sbansp002,NSW,prev,NSWLC2025-11-19#t123w3,2025-11-19,90,short,Human,4.0-web
sbansp003,NSW,prev,NSWLC2026-08-04#t65w1,2026-08-04,87,short,Human,4.0-web
sbansp004,NSW,prev,NSWLC2025-03-20#t196w2,2025-03-20,108,short,Human,4.0-web
sbansp005,NSW,prev,NSWLC2025-08-05#t56w0,2025-08-05,72,short,Human,4.0-web
sbansp006,NSW,prev,NSWLC2025-02-18#t90w0,2025-02-18,68,short,Human,4.0-web
sbansp007,NSW,prev,NSWLC2026-03-25#t29w0,2026-03-25,69,short,Human,4.0-web
sbansp008,NSW,prev,NSWLA2025-11-18#t64w0,2025-11-18,71,short,Human,4.0-web
sbansp009,NSW,prev,NSWLC2025-10-21#t112w0,2025-10-21,111,short,Mixed,4.0-web
sbansp010,NSW,prev,NSWLA2025-05-28#t124w3,2025-05-28,90,short,Human,4.0-web
sbansp011,NSW,prev,NSWLC2025-11-12#t57w0,2025-11-12,117,short,Human,4.0-web
sbansp012,NSW,prev,NSWLA2026-03-24#t0w0,2026-03-24,52,short,Human,4.0-web
sbansp013,NSW,prev,NSWLC2025-11-12#t48w0,2025-11-12,74,short,Human,4.0-web
sbansp014,NSW,prev,NSWLC2025-12-23#t178w0,2025-12-23,58,short,Human,4.0-web
sbansp015,NSW,prev,NSWLC2025-06-05#t66w0,2025-06-05,112,short,Human,4.0-web
sbansp016,NSW,prev,NSWLC2025-05-29#t174w1,2025-05-29,101,short,Human,4.0-web
sbansp017,NSW,prev,NSWLA2025-02-13#t189w0,2025-02-13,116,short,Human,4.0-web
sbansp018,NSW,prev,NSWLA2026-06-03#t127w0,2026-06-03,88,short,Human,4.0-web
sbansp019,NSW,prev,NSWLC2025-08-07#t5w0,2025-08-07,89,short,Human,4.0-web
sbansp020,NSW,prev,NSWLA2026-08-05#t70w0,2026-08-05,86,short,Human,4.0-web
sbansp021,NSW,prev,NSWLA2025-09-17#t86w2,2025-09-17,101,short,Human,4.0-web
sbansc000,NSW,ctl,NSWLC2015-06-04#t185w0,2015-06-04,56,short,Human,4.0-web
sbansc001,NSW,ctl,NSWLA2007-05-30#t24w0,2007-05-30,80,short,Human,4.0-web
sbansc002,NSW,ctl,NSWLC2009-03-05#t72w0,2009-03-05,66,short,Human,4.0-web
sbansc003,NSW,ctl,NSWLA2017-02-14#t64w0,2017-02-14,84,short,Human,4.0-web
sbansc004,NSW,ctl,NSWLC2006-09-06#t60w0,2006-09-06,99,short,Human,4.0-web
sbansc005,NSW,ctl,NSWLC2016-10-19#t77w0,2016-10-19,95,short,Human,4.0-web
sbansc006,NSW,ctl,NSWLC2007-12-04#t59w0,2007-12-04,51,short,Human,4.0-web
sbansc007,NSW,ctl,NSWLA2016-11-10#t53w2,2016-11-10,90,short,Human,4.0-web
sbansc008,NSW,ctl,NSWLC2019-06-04#t80w0,2019-06-04,59,short,Human,4.0-web
sbansc009,NSW,ctl,NSWLC2006-05-24#t49w1,2006-05-24,107,short,Human,4.0-web
sbansc010,NSW,ctl,NSWLC2008-04-09#t80w0,2008-04-09,76,short,Human,4.0-web
sbansc011,NSW,ctl,NSWLC2019-09-17#t250w0,2019-09-17,82,short,Human,4.0-web
sbansc012,NSW,ctl,NSWLC2018-05-23#t342w0,2018-05-23,65,short,Human,4.0-web
sbiep000,IE,prev,IE2025-05-13#t345w0,2025-05-13,111,short,Human,4.0-web
sbiep001,IE,prev,IE2026-02-26#t333w1,2026-02-26,118,short,Human,4.0-web
sbiep002,IE,prev,IE2025-03-20#t147w0,2025-03-20,105,short,Human,4.0-web
sbiep003,IE,prev,IE2025-10-08#t462w2,2025-10-08,92,short,Human,4.0-web
sbiep004,IE,prev,IE2026-03-04#t58w2,2026-03-04,87,short,Human,4.0-web
sbiep005,IE,prev,IE2025-09-17#t119w0,2025-09-17,110,short,Human,4.0-web
sbiep006,IE,prev,IE2026-04-16#t248w0,2026-04-16,97,short,Human,4.0-web
sbiep007,IE,prev,IE2025-07-08#t56w1,2025-07-08,109,short,Human,4.0-web
sbiep008,IE,prev,IE2026-01-29#t79w0,2026-01-29,108,short,Human,4.0-web
sbiep009,IE,prev,IE2025-11-06#t269w0,2025-11-06,106,short,Mixed,4.0-web
sbiep010,IE,prev,IE2025-11-04#t162w1,2025-11-04,104,short,Human,4.0-web
sbiep011,IE,prev,IE2025-03-05#t334w0,2025-03-05,94,short,Human,4.0-web
sbiep012,IE,prev,IE2025-11-12#t288w4,2025-11-12,86,short,Human,4.0-web
sbiep013,IE,prev,IE2025-03-06#t153w0,2025-03-06,89,short,Human,4.0-web
sbiep014,IE,prev,IE2025-09-25#t69w0,2025-09-25,116,short,Human,4.0-web
sbiep015,IE,prev,IE2026-05-26#t87w0,2026-05-26,51,short,Human,4.0-web
sbiep016,IE,prev,IE2025-05-14#t152w0,2025-05-14,89,short,Human,4.0-web
sbiep017,IE,prev,IE2025-06-11#t403w0,2025-06-11,76,short,Human,4.0-web
sbiep018,IE,prev,IE2025-11-20#t302w0,2025-11-20,83,short,Human,4.0-web
sbiep019,IE,prev,IE2025-02-26#t96w0,2025-02-26,87,short,Human,4.0-web
sbiep020,IE,prev,IE2025-09-24#t294w1,2025-09-24,118,short,Human,4.0-web
sbiec000,IE,ctl,IE2020-10-15#t23w0,2020-10-15,52,short,Human,4.0-web
sbiec001,IE,ctl,IE2022-02-15#t94w0,2022-02-15,78,short,Human,4.0-web
sbiec002,IE,ctl,IE2018-10-10#t243w5,2018-10-10,102,short,Human,4.0-web
sbiec003,IE,ctl,IE2022-03-23#t56w0,2022-03-23,71,short,Human,4.0-web
sbiec004,IE,ctl,IE2019-12-03#t394w0,2019-12-03,58,short,Human,4.0-web
sbiec005,IE,ctl,IE2019-06-20#t109w0,2019-06-20,116,short,Human,4.0-web
sbiec006,IE,ctl,IE2022-06-30#t52w1,2022-06-30,105,short,Human,4.0-web
sbiec007,IE,ctl,IE2020-07-15#t141w0,2020-07-15,61,short,Human,4.0-web
sbiec008,IE,ctl,IE2018-10-04#t196w0,2018-10-04,55,short,Human,4.0-web
sbiec009,IE,ctl,IE2018-06-27#t186w0,2018-06-27,83,short,Human,4.0-web
sbiec010,IE,ctl,IE2019-12-18#t311w1,2019-12-18,112,short,Human,4.0-web
sbushop000,US-House,prev,US2026-03-04-H2395#t40w0,2026-03-04,67,short,Human,4.0-web
sbushop001,US-House,prev,US2025-12-15-H5857#t11w1,2025-12-15,82,short,Human,4.0-web
sbushop002,US-House,prev,US2026-07-22-H5029-6#t52w128,2026-07-22,60,short,Mixed,4.0-web
sbushop003,US-House,prev,US2025-05-21-H2235-2#t81w0,2025-05-21,50,short,Human,4.0-web
sbushop004,US-House,prev,US2026-04-29-H3169#t43w236,2026-04-29,94,short,Human,4.0-web
sbushop005,US-House,prev,US2025-12-11-H5768-3#t49w1,2025-12-11,55,short,Human,4.0-web
sbushop006,US-House,prev,US2025-06-10-H2581-4#t10w0,2025-06-10,76,short,Human,4.0-web
sbushop007,US-House,prev,US2026-06-29-H4280-2#t11w1,2026-06-29,87,short,Human,4.0-web
sbushop008,US-House,prev,US2025-09-16-H4321#t18w1,2025-09-16,51,short,Human,4.0-web
sbushop009,US-House,prev,US2026-07-20-H4654#t5w1,2026-07-20,90,short,Human,4.0-web
sbushop010,US-House,prev,US2025-07-14-H3220#t0w0,2025-07-14,52,short,Human,4.0-web
sbushop011,US-House,prev,US2026-01-21-H1131-5#t24w0,2026-01-21,115,short,Human,4.0-web
sbushop012,US-House,prev,US2026-06-23-H4151-3#t25w0,2026-06-23,84,short,Human,4.0-web
sbushop013,US-House,prev,US2026-04-30-H3299-3#t37w0,2026-04-30,72,short,Human,4.0-web
sbushop014,US-House,prev,US2026-07-14-H4441-2#t0w0,2026-07-14,57,short,Human,4.0-web
sbushop015,US-House,prev,US2025-03-25-H1232-3#t25w0,2025-03-25,110,short,Human,4.0-web
sbushop016,US-House,prev,US2026-06-03-H3805#t18w1,2026-06-03,100,short,Human,4.0-web
sbushop017,US-House,prev,US2026-01-07-H112-7#t15w1,2026-01-07,58,short,Human,4.0-web
sbushop018,US-House,prev,US2025-09-11-H4242-4#t0w0,2025-09-11,50,short,Human,4.0-web
sbushop019,US-House,prev,US2026-04-29-H3137#t20w1,2026-04-29,59,short,Human,4.0-web
sbushoc000,US-House,ctl,US2006-07-26-H5883#t19w0,2006-07-26,92,short,Human,4.0-web
sbushoc001,US-House,ctl,US2009-07-14-H8057#t1w0,2009-07-14,65,short,Human,4.0-web
sbushoc002,US-House,ctl,US2019-02-26-H2112-3#t3w2,2019-02-26,55,short,Human,4.0-web
sbushoc003,US-House,ctl,US2016-05-25-H3208#t24w0,2016-05-25,114,short,Human,4.0-web
sbushoc004,US-House,ctl,US2019-10-30-H8645-3#t18w0,2019-10-30,88,short,Human,4.0-web
sbushoc005,US-House,ctl,US2013-12-12-H8088-2#t0w0,2013-12-12,106,short,Human,4.0-web
sbushoc006,US-House,ctl,US2010-02-03-H546#t53w0,2010-02-03,59,short,Human,4.0-web
sbushoc007,US-House,ctl,US2009-11-04-H12302-2#t74w0,2009-11-04,86,short,Human,4.0-web
sbushoc008,US-House,ctl,US2015-07-14-H5137#t9w0,2015-07-14,54,short,Human,4.0-web
sbushoc009,US-House,ctl,US2008-03-06-H1349-2#t112w0,2008-03-06,89,short,Human,4.0-web
sbushoc010,US-House,ctl,US2018-09-12-H8120#t0w0,2018-09-12,57,short,Human,4.0-web
sbussep000,US-Senate,prev,US2025-09-29-S6814-2#t2w2,2025-09-29,84,short,Human,4.0-web
sbussep001,US-Senate,prev,US2025-01-16-S198#t37w2,2025-01-16,60,short,Human,4.0-web
sbussep002,US-Senate,prev,US2026-04-13-S1711#t0w2,2026-04-13,67,short,Human,4.0-web
sbussep003,US-Senate,prev,US2025-04-28-S2593-2#t0w4,2025-04-28,70,short,Human,4.0-web
sbussep004,US-Senate,prev,US2026-02-11-S574-5#t0w1,2026-02-11,77,short,Human,4.0-web
sbussep005,US-Senate,prev,US2025-11-03-S7870#t0w0,2025-11-03,84,short,Human,4.0-web
sbussep006,US-Senate,prev,US2025-02-12-S932-4#t0w0,2025-02-12,112,short,Human,4.0-web
sbussep007,US-Senate,prev,US2026-07-30-S4385#t0w8,2026-07-30,111,short,Human,4.0-web
sbussep008,US-Senate,prev,US2025-01-24-S374-5#t0w0,2025-01-24,80,short,Human,4.0-web
sbussep009,US-Senate,prev,US2025-02-13-S964#t1w2,2025-02-13,106,short,Human,4.0-web
sbussep010,US-Senate,prev,US2026-02-02-S431-6#t0w2,2026-02-02,102,short,Human,4.0-web
sbussep011,US-Senate,prev,US2025-01-29-S451#t0w3,2025-01-29,101,short,Human,4.0-web
sbussep012,US-Senate,prev,US2025-06-30-S4037-6#t70w0,2025-06-30,55,short,Human,4.0-web
sbussec000,US-Senate,ctl,US2013-03-07-S1259#t2w2,2013-03-07,70,short,Human,4.0-web
sbussec001,US-Senate,ctl,US2021-04-21-S2102#t0w2,2021-04-21,76,short,Human,4.0-web
sbussec002,US-Senate,ctl,US2011-11-30-S8054-2#t22w0,2011-11-30,65,short,Human,4.0-web
sbussec003,US-Senate,ctl,US2018-04-18-S2227-6#t13w0,2018-04-18,85,short,Human,4.0-web
sbussec004,US-Senate,ctl,US2010-04-12-S2188#t0w5,2010-04-12,82,short,Human,4.0-web
sbussec005,US-Senate,ctl,US2010-07-29-S6539-4#t0w0,2010-07-29,85,short,Human,4.0-web
sbussec006,US-Senate,ctl,US2011-05-12-S2905#t0w1,2011-05-12,57,short,Human,4.0-web
ovussec003,US-Senate,ctl,US2009-01-15-S419-2#t29w383,2009-01-15,584,over,Human,4.0-web
ovussec002,US-Senate,ctl,US2020-10-19-S6075#t0w576,2020-10-19,474,over,Human,4.0-web
ovussec001,US-Senate,ctl,US2008-02-25-S1127#t0w10,2008-02-25,365,over,Human,4.0-web
ovussec000,US-Senate,ctl,US2017-07-26-S4302#t0w7,2017-07-26,690,over,Human,4.0-web
ovussep005,US-Senate,prev,US2026-06-24-S3205#t1w12,2026-06-24,399,over,Human,4.0-web
ovussep004,US-Senate,prev,US2026-06-10-S2731#t0w4,2026-06-10,995,over,Human,4.0-web
ovussep003,US-Senate,prev,US2026-05-14-S2307#t0w1,2026-05-14,425,over,Human,4.0-web
ovussep002,US-Senate,prev,US2025-05-07-S2796-2#t0w2,2025-05-07,1068,over,Human,4.0-web
ovussep001,US-Senate,prev,US2026-07-20-S4151#t2w8,2026-07-20,420,over,Human,4.0-web
ovussep000,US-Senate,prev,US2026-05-19-S2362-3#t0w5,2026-05-19,1265,over,Human,4.0-web
ovushoc001,US-House,ctl,US2008-07-16-H6599-3#t47w39,2008-07-16,501,over,Human,4.0-web
ovushoc000,US-House,ctl,US2019-12-18-H12115#t63w2,2019-12-18,424,over,Human,4.0-web
ovushop005,US-House,prev,US2026-07-22-H5029-6#t52w154,2026-07-22,385,over,AI,4.0-web
ovushop004,US-House,prev,US2026-07-21-H4736#t47w400,2026-07-21,944,over,Mixed,4.0-web
ovushop003,US-House,prev,US2025-01-14-H126#t91w1,2025-01-14,697,over,Human,4.0-web
ovushop002,US-House,prev,US2026-06-04-H3840-4#t20w54,2026-06-04,645,over,Human,4.0-web
ovushop001,US-House,prev,US2026-04-29-H3169#t43w280,2026-04-29,1153,over,Human,4.0-web
ovushop000,US-House,prev,US2026-07-21-H4736#t47w122,2026-07-21,429,over,Human,4.0-web
oviep000,IE,prev,IE2025-06-10#t358w0,2025-06-10,415,over,Human,4.0-web
