id,text
ga000,"Mr. Speaker, let me say off the top that I will be splitting my time with a great new member, the hon. member for Terra Nova—The Peninsulas. Since this is my first time speaking for a substantive length of time since the election, please allow me to thank the hard-working, industrious people of Flamborough—Glanbrook—Brant North for the honour of being their voice and their servant and for carrying their hopes and dreams to this place. While I have lived and worked in other places in North America in my career, I have always felt and known that the communities of Flamborough—Glanbrook—Brant North are my true home, and home is where the heart is. It is the honour of my lifetime to serve these great communities. I want to thank my campaign team, including Simon, Mona, Jordan, Wendy, Jim and hundreds of volunteers. Above all, I thank my wife, Tracy, without whose love and support I certainly would not be here today. I will now go to the matter at hand. Canadians are struggling, not because we lack talent and not because we lack resources, but because we are too often being held back by red tape, gatekeeping and a government that over-promises and under-delivers. Nowhere is that clearer than when it comes to getting big projects built or trying to move goods and services and workers across provincial lines in our own country. These barriers do not cost us only time and money. They cost us opportunities, they cost us investments and they cost us jobs. That is why Bill C-5, an act to enact the free trade and labour mobility in Canada act and the building Canada act, is such a missed opportunity. It claims to deliver free trade and fast-tracked projects. What it would actually deliver is bureaucratic theatre, and a showpiece of announcements without the substance to back them up."
ga001,"This arose from a court ruling, a ruling of the Ontario Superior Court of Justice. People do not really know this, but the Ontario Superior Court of Justice is a lower court. It is not the Supreme Court of Canada, as one of my colleagues on the other side said this morning. It was appealable. It was not a great decision, because this is already dealt with. Although it is not a law, the Minister of Citizenship and Immigration, and one of my colleagues on this side said that this is how it is dealt with currently, can actually deal with these lost Canadians very easily with her current power. She knows that. Immigration, Refugees and Citizenship Canada, or IRCC, knows that, but the department will not admit it. That is the problem here. The government is doing something here, but it already has tools to address it, and it is widening the whole approach to this to make sure we are doing something. Most Canadians would say, “What are you doing, and why are you doing it?” Bill C-3, an act to amend the Citizenship Act, effectively says that we are opening the door here, for all intents and purposes, for the foreseeable future and confusing everybody, causing some problems that we are going to have to address one way or another. Canadian citizenship is not just a passport. It is a privilege, a responsibility and a bond to this country. Bill C-3 would weaken that bond. It would allow people with minimal ties to Canada to claim the same rights and benefits as those who have lived, worked and contributed here."
ga002,"Madam Speaker, I rise at second reading of the budget implementation bill on behalf of the people of Brandon—Souris. While the Liberal government continues to rack up debt and deficits, cost of living pressures mount. There are higher taxes, higher inflation and a rising burden on ordinary Canadians. At the same time, we see record food bank growth, including in my constituency at the Samaritan House Ministries food bank in downtown Brandon. This is a rising burden on ordinary Canadians that is resulting in families skipping meals and seniors being forced to choose between heating their homes or putting fuel in their cars. That is not governmental success. It is a systemic failure on a grand scale that is forcing more and more Canadians to be reliant on government handouts just to get by. The Liberal answer is more government programs, more spending and more planning, increasing the money supply, raising debt and calling it investment. This does not change the reality that every dollar collected from Canadians is being poured into interest payments and debt service rather than helping Canadian families make ends meet. When officials appeared at the finance committee last week, not one of them could tell us what the debt service line will be in three years. I find it ironic that after a decade of lecturing Canadians, the Liberals have finally admitted what Conservatives have said from the very beginning. The carbon tax was a costly, punishing failure, and the mental gymnastics that these Liberals now go through, after 10 years of flogging how the carbon tax was going to save the planet and then proudly putting forward a bill that cancelled it, are nothing short of hypocritical. For years they mocked and demonized anyone who questioned their tax-and-spend climate scheme, and they told families in southwestern Manitoba that paying more to heat their homes, drive their trucks and buy their groceries was somehow good for them in the long run. Now 10 years later, in the middle of an affordability crisis that they helped create, the Liberals are desperately trying to walk back the very policy that they flogged and pushed for countless years."
ga003,"While the Liberal government continues to rack up debt and deficits, cost of living pressures mount. There are higher taxes, higher inflation and a rising burden on ordinary Canadians. At the same time, we see record food bank growth, including in my constituency at the Samaritan House Ministries food bank in downtown Brandon. This is a rising burden on ordinary Canadians that is resulting in families skipping meals and seniors being forced to choose between heating their homes or putting fuel in their cars. That is not governmental success. It is a systemic failure on a grand scale that is forcing more and more Canadians to be reliant on government handouts just to get by. The Liberal answer is more government programs, more spending and more planning, increasing the money supply, raising debt and calling it investment. That does not change the reality that every dollar collected from Canadians is being poured into interest payments and debt service rather than helping Canadian families make ends meet. I find it ironic that after a decade of lecturing Canadians, the Liberals have finally admitted what Conservatives have said from the very beginning. The carbon tax was a costly, punishing failure, and the mental gymnastics that these Liberals now go through, after 10 years of flogging how the carbon tax was going to save the planet and then proudly putting forward a bill that cancelled it, are nothing short of hypocritical. For years they mocked and demonized anyone who questioned their tax-and-spend climate scheme, and they told families in southwestern Manitoba that paying more to heat their homes, drive their trucks and buy their groceries was somehow good for them in the long run. Now 10 years later, in the middle of an affordability crisis that they helped create, the Liberals are desperately trying to walk back the very policy that they flogged and pushed for countless years."
ga004,"Mr. Speaker, while the Liberal government continues to rack up debt and deficits, cost of living pressures mount. There are higher taxes, higher inflation and a rising burden on ordinary Canadians. At the same time, we see record food bank growth, including in my constituency at the Samaritan House Ministries food bank in downtown Brandon. This is a rising burden on ordinary Canadians that is resulting in families skipping meals and seniors being forced to choose between heating their homes or putting fuel in their cars. That is not governmental success. It is a systemic failure on a grand scale that is forcing more and more Canadians to be reliant on government handouts just to get by. The Liberal answer is more government programs, more spending and more planning, increasing the money supply, raising debt and calling it investment. That does not change the reality that every dollar collected from Canadians is being poured into interest payments and debt service rather than helping Canadian families make ends meet. I find it ironic that after a decade of lecturing Canadians, the Liberals have finally admitted what Conservatives have said from the very beginning. The carbon tax was a costly, punishing failure, and the mental gymnastics that these Liberals now go through, after 10 years of flogging how the carbon tax was going to save the planet and then proudly putting forward a bill that cancelled it, are nothing short of hypocritical. For years they mocked and demonized anyone who questioned their tax-and-spend climate scheme, and they told families in southwestern Manitoba that paying more to heat their homes, drive their trucks and buy their groceries was somehow good for them in the long run. Now 10 years later, in the middle of an affordability crisis that they helped create, the Liberals are desperately trying to walk back the very policy that they flogged and pushed for countless years."
ga005,"Madam Speaker, I rise on the motion before the House today, and I will be splitting my time. If we are talking about common sense, one of the things the Liberal government has forgotten is the Canadian winter. I am from the Prairies, and I can assure the House that winter is not just a season. It is a test of endurance. We might get March break, but it is a long season. It is endurance when we have -20°C days on a regular basis, -30°C for weeks at a time, and wind chills that blow snow across every single street and road. In these conditions, electric vehicles do not perform the way that they were advertised to, that they were supposed to. The battery range plummets, charging takes longer, running the heater or the defroster drains the power, and suddenly the EV becomes a liability when someone gets stuck in the middle of a gravel road on a dark, windy, storm-filled night.

Forgive me if I am a little skeptical when the government that is unable to introduce a budget tells me it has figured out this whole plan, this infrastructure plan and this EV mandate plan. It cannot even plant trees right. Do members remember the two billion trees the government was supposed to plant? It cannot even do that right, never mind get a network of EV chargers across this country. I asked the parliamentary secretary about the charging network when this was last before us, and I did not get an answer then either.

I believe in innovation. I believe in technology. I believe in smart environmental policy. However, I also believe in freedom, something the Liberal government seems to have forgotten. I also believe in common sense, something the Liberal government has yet to come close to mastering. If EVs are the future, which they may be, they should not need government mandates to succeed. They should win on the open market by competing on cost and competing on performance and reliability. I would ask that the mandate be studied properly at committee before another deadline is set."
ga006,"Madam Speaker, I rise at second reading of Bill C-19, and I will say at the outset that Conservatives will support it, because families need help right now. We will let the bill before us pass, because every dollar matters when families are choosing between groceries and other essentials. Before this goes to the Standing Committee on Finance, though, let us be honest about what it is. It is a band-aid solution that barely covers a few trips to the grocery store. This is a recycled Trudeau-era policy that would provide temporary relief without addressing the fundamental problem of driving grocery costs through the roof.

I have heard my colleague from Winnipeg North from across the way say that the Prime Minister is focused. He will keep saying that, and he will repeat it, but the Prime Minister is looking at life through a straw. He needs to take the straw away, open up his eyes and see the problems. The Liberals need to take the focus off trying to make themselves look good and focus on the root issues, the root problems that we are facing and that every household in Canada is facing.

We are supporting families in this crisis, but we refuse to pretend that the bill would fix anything. While the government offers handouts with one hand, its policies continue to drive up costs with the other. If it wants to be transparent, then disclose all the taxes that go into something. I remember doing that as the mayor of my city of Moose Jaw. In their tax roll, we showed everyone where their taxes were going. I raised that when the estimates were before committee in the fall, and I intend to raise it again at clause-by-clause on this bill. Our constituents should understand where their taxes go when they are going to the grocery store, and they should understand the costs that are being driven up by the Liberal government."
ga007,"Mr. Speaker, according to the government's own announcements, something in the order of $220 million in federal funding went to Stellantis before it announced it was shifting production to the United States. At Algoma Steel, the Liberals approved, I believe, about $400 million in loans, even though they knew the company's business plan included major layoffs. They are literally subsidizing the loss of Canadian jobs. Folks who work in the auto industry, including those at Honda in my community of Alliston, know their livelihoods could be next, because if the government will not fight for workers in Brampton, Windsor, Oshawa or the Soo, it will not fight for them either. If the Liberals' failure to stand up to the United States was not bad enough, an equally serious and entirely self-inflicted threat to the Canadian auto industry comes from their own policies. Their obsessive push for an EV mandate has created uncertainty across the sector. For years, they have warned manufacturers and consumers that gas-powered vehicles would be banned, only to delay its implementation and repeatedly review and assess it. It has been delayed again, and there is still no clarity on what comes next. How can an industry that plans years in advance function when the Liberal government cannot provide even the most basic certainty? Automakers are finalizing their 2028 models today, and they are still guessing at what they will be able to manufacture under this shifting mandate. This has nothing to do with Donald Trump or the United States. The uncertainty choking the Canadian auto industry is made in Ottawa by the Liberals. They boast about supporting pipelines while key ministers work behind the scenes to stop them from ever being built. They scrapped the consumer carbon tax only to impose a harsher industrial version that lands squarely on manufacturers. With the shifting EV mandate, the same pattern repeats. There is big rhetoric about confronting Trump and strengthening the auto sector, even as they cripple the industry with policies that undermine its ability to survive. Auto workers deserve good, stable, paying jobs in a competitive climate that attracts investment."
ga008,"While the Liberal government continues to rack up debt and deficits, cost of living pressures mount. There are higher taxes, higher inflation and a rising burden on ordinary Canadians. At the same time, we see record food bank growth, including in my constituency at the Samaritan House Ministries food bank in downtown Brandon. This is a rising burden on ordinary Canadians that is resulting in families skipping meals and seniors being forced to choose between heating their homes or putting fuel in their cars. That is not governmental success. It is a systemic failure on a grand scale, and it is forcing more and more Canadians to be reliant on government handouts just to get by. The Liberal answer is more government programs, more spending and more planning, increasing the money supply, raising debt and calling it investment. This does not change the reality that every dollar collected from Canadians is being poured into interest payments and debt service rather than helping Canadian families make ends meet. I find it ironic that after a decade of lecturing Canadians, the Liberals have finally admitted what Conservatives have said from the very beginning. The carbon tax was a costly, punishing failure, and the mental gymnastics that these Liberals now go through, after 10 years of flogging how the carbon tax was going to save the planet and then proudly putting forward a bill that cancelled it, are nothing short of hypocritical. For years they mocked and demonized anyone who questioned their tax-and-spend climate scheme, and they told families in southwestern Manitoba that paying more to heat their homes, drive their trucks and buy their groceries was somehow good for them in the long run. Now 10 years later, in the middle of an affordability crisis that they helped create, the Liberals are desperately trying to walk back the very policy that they flogged and pushed for countless years."
ga009,"Mr. Speaker, under the Liberal government, there is a two-tier tax code for Canadians. There is one for the rich Liberal friends of the Prime Minister and another for everyone else. Worse yet, in this costly Liberal budget, the Liberal Prime Minister gave himself and his buddies a tax break on the purchase of luxury yachts and private jets, while voting against scrapping taxes on food and groceries. The Liberal Prime Minister helped design a tax system he did not have to live under, because he was living outside of it. While Brookfield was safely storing profits in Bermuda, small charities and family businesses faced the full force of the Liberal tax-collecting agency. On top of egregious tax avoidance, the Liberal Prime Minister's conflict of interest cover-up is even worse. Brookfield's chief operating officer confirmed this month that 95% of its companies are not covered by the so-called ethics screen. That means 1,900 companies stand to benefit from government decisions that will enrich the Prime Minister personally at the expense of taxpayers, and Canadians will be kept in the dark about how those companies are involved. The Liberal Prime Minister is even taking private meetings with Brookfield executives at the Prime Minister's Office and while he travels overseas. With ethics like this, how can Canadians trust him? He is starting to look a lot like the last Liberal prime minister, just more costly. Canadians deserve a prime minister whose loyalty is to the public, not to his private portfolio or the shareholders of Brookfield. Canadians feel betrayed, and they are asking whether we continue down the path of manipulated budgets, rising debt, shrinking paycheques and declining prosperity, or whether we rebuild a country where the numbers are honest, the budgets are responsible, and hard work leads to an affordable home, opportunity and security. The screen the Prime Minister points to covers 5% of those companies. The other 1,900 are not listed anywhere a Canadian can go and look, and nobody on that side has offered to list them."
ga010,"Mr. Speaker, I rise at the second reading stage of Bill C-19, and let me say at the outset that Conservatives will support it, because families need help right now. We will let the bill before us pass, because every dollar matters when families are choosing between groceries and other essentials. However, let us be honest about what this is. It is a band-aid solution that barely covers a few trips to the grocery store. This is a recycled Trudeau-era policy that would provide temporary relief without addressing the fundamental problem of driving grocery costs through the roof. I have heard my colleague from Winnipeg North from across the way say, in this debate and in the one before it, that the Prime Minister is focused. He will keep saying that, and he will repeat it, but the Prime Minister is looking at life through a straw. He needs to take the straw away, open up his eyes and see the problems. The Liberals need to take the focus off trying to make themselves look good and focus on the root issues, the root problems that we are facing and that every household in Canada is facing. We are supporting families in this crisis, but we refuse to pretend that the bill would fix anything. While the government offers handouts with one hand, its policies continue to drive up costs with the other. When this bill reaches the Standing Committee on Finance, I hope members will put the transparency question to the officials directly. If the government wants to be transparent, then disclose all the taxes that go into something. I remember doing that as the mayor of my city of Moose Jaw. In their tax roll, we showed everyone where their taxes were going, and we should be able to do that for the constituents of our ridings when they are going to the grocery store. They should understand where their taxes go so that they understand the costs that are being driven up by the Liberal government."
ga011,"Mr. Speaker, I rise to speak to the spring economic update 2026, and I will be splitting my time with my colleague. This is a recurring theme with the Liberal government's approach to the economy. It is always our people who have to suffer the consequences of this Prime Minister's economic and trade failures, and right now they are struggling in record numbers. New insolvency data shows that over 37,000 Canadians filed for insolvency in the first quarter of 2026, the highest level since the great recession. Our people are carrying $2.6 trillion in household debt, while mortgage delinquency has reached its highest level in five years. With this update, the Liberals are adding more debt, more costs and more taxes on the backs of Canadians, who are already at the breaking point. Even worse, all this is taking place while Canada is still without a trade agreement with the United States. The uncertainty, tariffs and job losses that flow from that into auto manufacturing, into agriculture and right across the economy have more of an impact than anything announced in this update. As I said when the Standing Committee on International Trade last heard from officials, the Liberals are failing on both fronts: They have not lowered the debt, increased investment or unleashed our economy, and they still have not gotten Canadians the trade deal they need. The Liberals would have us believe that if one does not support their spending, their failures and their misplaced priorities, they somehow do not support this country. It is crazy. Some members in this House may choose to set aside their principles to prop up this government. However, as a member of His Majesty's loyal opposition, my job is not to blindly support the government's agenda. It is to make Canada the best it can be by holding the government to account on behalf of Canadians."
ga012,"If we are talking about common sense, one of the things the Liberal government has forgotten is the Canadian winter. I am from the Prairies, and I can assure the House that winter is not just a season. It is a test of endurance. We might get March break, but it is a long season. It is endurance when we have -20°C days on a regular basis, -30°C for weeks at a time, and wind chills that blow snow across every single street and road. In these conditions, electric vehicles do not perform the way that they were advertised to, that they were supposed to. The battery range plummets, charging takes longer, running the heater or the defroster drains the power, and suddenly the EV becomes a liability when someone gets stuck in the middle of a gravel road on a dark, windy, storm-filled night.

Forgive me if I am a little skeptical when the government that is unable to introduce a budget tells me it has figured out this whole plan, this infrastructure plan and this EV mandate plan. It cannot even plant trees right. Do members remember the two billion trees the government was supposed to plant? It cannot even do that right, never mind get a network of EV chargers across this country.

I believe in innovation. I believe in technology. I believe in smart environmental policy. However, I also believe in freedom, something the Liberal government seems to have forgotten. I also believe in common sense, something the Liberal government has yet to come close to mastering. If EVs are the future, which they may be, they should not need government mandates to succeed. They should win on the open market by competing on cost and competing on performance and reliability. The mandate does none of that, and no one across the way has yet told me what happens to those advertised range figures on a -30°C morning in January."
ga013,"Mr. Speaker, let me say off the top that I will be splitting my time with a great new member, the hon. member for Terra Nova—The Peninsulas. Since this is my first time speaking for a substantive length of time since the election, please allow me to thank the hard-working, industrious people of Flamborough—Glanbrook—Brant North for the honour of being their voice and their servant and for carrying their hopes and dreams to this place. While I have lived and worked in other places in North America in my career, I have always felt and known that the communities of Flamborough—Glanbrook—Brant North are my true home, and home is where the heart is. It is the honour of my lifetime to serve these great communities. I want to thank my campaign team, including Simon, Mona, Jordan, Wendy, Jim and hundreds of volunteers. Above all, I thank my wife, Tracy, without whose love and support I certainly would not be here today. I will now go to the matter at hand. Canadians are struggling, not because we lack talent and not because we lack resources, but because we are too often being held back by red tape, gatekeeping and a government that over-promises and under-delivers. Nowhere is that clearer than when it comes to getting big projects built or trying to move goods and services and workers across provincial lines in our own country. These barriers do not cost us only time and money. They cost us opportunities, investments and jobs as well. That is why Bill C-5, an act to enact the free trade and labour mobility in Canada act and the building Canada act, is such a missed opportunity. It claims to deliver free trade and fast-tracked projects, but what it would actually deliver is bureaucratic theatre, a showpiece of announcements without the substance to back them up."
ga014,"Mr. Speaker, a father in Deer Lake who fills up his truck to go to work pays a premium for the Liberal government's ideology. A senior in Burgeo who looks at the cost of home heating fuel is being squeezed by a Liberal plan that makes her life harder every single day. In that context, one would expect the legislation to show restraint and focus on affordability, but instead the government introduces $37 billion in new Liberal spending, on top of tens of billions already committed. The bill proposes the creation of a sovereign wealth fund that has no wealth behind it and relies instead on borrowed money. The bill would allocate billions more to international climate finance, millions for conferences and billions in subsidies that would do little to address the immediate pressures facing hard-working Canadians. The government has not put forward a targeted plan to help families. The government has expanded itself at a time when Canadians need the exact opposite. Liberals brag about $37 billion in spending, yet if we talk to any small business owner or walk into any grocery store and ask how they are managing to navigate in this environment, they do not want to hear about billions of dollars for international climate conferences. They want to know when prices are going to start to go down so they can manage to drive their kids to the activities they love and, at the same time, keep food on their tables. Seniors still living in their homes on a fixed income want to know when their money will once again be enough to live off. Entrepreneurs want to have confidence that they can grow their business and hire more staff instead of constantly facing more costs that create uncertainty and stress. They want to innovate and work on their business instead of constantly wondering how they are going to make payroll. They want to continue to contribute to their communities instead of having to cut back because of constantly higher costs."
ga015,"Mr. Speaker, I rise at report stage of the bill before the House on behalf of the constituents of Brandon—Souris, and I want to come back to something I raised when I spoke at second reading. While the Liberal government continues to rack up debt and deficits, cost of living pressures mount. There are higher taxes, higher inflation and a rising burden on ordinary Canadians. At the same time, we see record food bank growth, including in my constituency at the Samaritan House Ministries food bank in downtown Brandon. This is a rising burden on ordinary Canadians that is resulting in families skipping meals and seniors being forced to choose between heating their homes or putting fuel in their cars. That is not governmental success. It is a systemic failure on a grand scale that is forcing more and more Canadians to be reliant on government handouts just to get by. The Liberal answer is more government programs, more spending and more planning, increasing the money supply, raising debt and calling it investment. That does not change the reality that every dollar collected from Canadians is being poured into interest payments and debt service rather than helping Canadian families make ends meet, and I hope the finance committee presses the officials on exactly that line when the estimates come back to it. I find it ironic that after a decade of lecturing Canadians, the Liberals have finally admitted what Conservatives have said from the very beginning. The carbon tax was a costly, punishing failure, and the mental gymnastics that these Liberals now go through, after 10 years of flogging how the carbon tax was going to save the planet and then proudly putting forward a bill that cancelled it, are nothing short of hypocritical. For years they mocked and demonized anyone who questioned their tax-and-spend climate scheme, and they told families in southwestern Manitoba that paying more to heat their homes, drive their trucks and buy their groceries was somehow good for them in the long run. Now 10 years later, in the middle of an affordability crisis that they helped create, the Liberals are desperately trying to walk back the very policy that they flogged and pushed for countless years."
ga016,"This is a recurring theme with the Liberal government's approach to the economy. It is always our people who have to suffer the consequences of this Prime Minister's economic and trade failures, and right now they are struggling in record numbers. New data from the Office of the Superintendent of Bankruptcy Canada, or OSB, shows that over 37,000 Canadians filed for insolvency in the first quarter of 2026, the highest level since the great recession. Our people are carrying $2.6 trillion in household debt, and as reported by the Canada Mortgage and Housing Corporation, mortgage delinquency has reached its highest level in five years. With this spring economic update, the Liberals are adding more debt, more costs and more taxes on the backs of Canadians, who are already at the breaking point.

Even worse, all this is taking place while Canada is still without a trade agreement with the United States. The uncertainty, tariffs and job losses that flow from that into auto manufacturing, into agriculture and right across the economy have more of an impact than anything announced in this update. The Liberals are failing on both fronts. They have not lowered the debt, increased investment or unleashed our economy, and they still have not gotten Canadians the trade deal they need. I raised both of those failures when the Deputy Prime Minister and Minister of Finance appeared before the Standing Committee on Finance, and I have had no answer on either.

The Liberals would have us believe that if one does not support their spending, their failures and their misplaced priorities, they somehow do not support this country. It is crazy. Some members in this House may choose to set aside their principles to prop up this government. However, as a member of His Majesty's loyal opposition, my job is not to blindly support the government's agenda. My job is to make Canada the best it can be by holding the government to account on behalf of Canadians."
ga017,"Mr. Speaker, let me say off the top that I will be splitting my time with a great new member, the hon. member for Terra Nova—The Peninsulas. Since this is my first time speaking for a substantive length of time since the election, please allow me to thank the hard-working, industrious people of Flamborough—Glanbrook—Brant North for the honour of being their voice and their servant and for carrying their hopes and dreams to this place. While I have lived and worked in other places in North America in my career, I have always felt and known that the communities of Flamborough—Glanbrook—Brant North are my true home, and home is where the heart is. It is the honour of my lifetime to serve these great communities. I want to thank my campaign team, including Simon, Mona, Jordan, Wendy, Jim and hundreds of volunteers. Above all, I thank my wife, Tracy, without whose love and support I certainly would not be here today. I will now go to the matter at hand. Canadians are struggling, not because we lack talent and not because we lack resources, but because we are too often being held back by red tape, gatekeeping and a government that over-promises and under-delivers. Nowhere is that clearer than when it comes to getting big projects built or trying to move goods and services and workers across provincial lines in our own country. These barriers do not cost us only time and money. They also cost us opportunities, investments and jobs. That is why Bill C-5, an act to enact the free trade and labour mobility in Canada act and the building Canada act, is such a missed opportunity. It claims to deliver free trade and fast-tracked projects, but the reality is that it would deliver bureaucratic theatre, a showpiece of announcements without the substance to back them up."
ga018,"Mr. Speaker, as always, it is a privilege to rise in the House on behalf of my wonderful neighbours in Oshawa. My neighbours are struggling today after 1,200 folks worked their last shift, the auto workers in Oshawa, but today I am here to speak to other measures of affordability that should help those folks and to our Conservative motion, which is a solution-oriented proposal. It would provide relief at the grocery store for all Canadians. Over the course of the last campaign and in every week since, I have had numerous conversations with Oshawa residents that have stayed with me. They begin with concerns about grocery prices, and they often end with something deeper. One of them, Diane Wilson, who has lived on the same street in south Oshawa for thirty-one years, wrote to my constituency office in November, and I will read what she wrote. She said: ""I worked 34 years and I paid into everything and i never once asked this country for a thing. Now I go into the store with a calculator in my hand, and when I get to the meat counter I do the math and I put it back on the shelf. Thats the part I cant get used to. Putting it back."" Those are her words, not mine. Canadians are tired. They are anxious. They are worried. My neighbours in Oshawa whom I speak with are not asking for luxuries or handouts. They are asking this simple, honest question: how are they supposed to keep feeding their families when prices rise month after month and their paycheques do not? In Oshawa, this pressure is visible everywhere. Families who once felt stable are now stretched to their limits. Seniors who planned carefully for retirement are making painful choices between groceries and other essentials. Workers who do everything right are discovering that hard work alone is no longer enough to keep up."
ga019,"Madam Speaker, I rise to continue the debate on the government's electric vehicle mandate where I left off before question period. If we are talking about common sense, one of the things the Liberal government has forgotten is the Canadian winter. I am from the Prairies, and I can assure the House that winter is not just a season. It is a test of endurance. We might get March break, but it is a long season. It is endurance when we have -20°C days on a regular basis, -30°C for weeks at a time, and wind chills that blow snow across every single street and road. In these conditions, electric vehicles do not perform the way that they were advertised to, that they were supposed to. The battery range plummets, charging takes longer, running the heater or the defroster drains the power, and suddenly the EV becomes a liability when someone gets stuck in the middle of a gravel road on a dark, windy, storm-filled night. None of that came up when officials appeared before the environment committee, and it should have. Forgive me if I am a little skeptical when the government that is unable to introduce a budget tells me it has figured out this whole plan, this infrastructure plan and this EV mandate plan. It cannot even plant trees right. Do members remember the two billion trees the government was supposed to plant? It cannot even do that right, never mind get a network of EV chargers across this country. I believe in innovation. I believe in technology. I believe in smart environmental policy. However, I also believe in freedom, something the Liberal government seems to have forgotten. I also believe in common sense, something the Liberal government has yet to come close to mastering. If EVs are the future, which they may be, they should not need government mandates to succeed. They should win on the open market by competing on cost and competing on performance and reliability."
ga020,"Mr. Speaker, let me say off the top that I will be splitting my time with a great new member, the hon. member for Terra Nova—The Peninsulas. Since this is my first time speaking for a substantive length of time since the election, please allow me to thank the hard-working, industrious people of Flamborough—Glanbrook—Brant North for the honour of being their voice and their servant and for carrying their hopes and dreams to this place. While I have lived and worked in other places in North America in my career, I have always felt and known that the communities of Flamborough—Glanbrook—Brant North are my true home, and home is where the heart is. It is the honour of my lifetime to serve these great communities. I want to thank my campaign team, including Simon, Mona, Jordan, Wendy, Jim and hundreds of volunteers. Above all, I thank my wife, Tracy, without whose love and support I certainly would not be here today. I will now go to the matter at hand. Canadians are struggling, not because we lack talent and not because we lack resources, but because we are too often being held back by red tape, gatekeeping and a government that over-promises and under-delivers. Nowhere is that clearer than when it comes to getting big projects built or trying to move goods and services and workers across provincial lines in our own country. These barriers do not cost us only time and money. They also cost us opportunities, investments and jobs. That is why Bill C-5, an act to enact the free trade and labour mobility in Canada act and the building Canada act, is such a missed opportunity. It claims to deliver free trade and fast-tracked projects, but what it would actually deliver is bureaucratic theatre, a showpiece of announcements without the substance to back them up."
ga021,"Mr. Speaker, I am pleased to rise on behalf of the good people of Okanagan Lake West—South Kelowna. I would like to inform you that I will be sharing my time with the hon. member for Lethbridge. Today's debate is an important one because it goes directly to the affordability crisis Canadians are living through. Often in this place, along with much of the media, we tend to focus on things we most disagree on. Today I will start with what I hope we can agree on: Canadians are struggling with the rising cost of living. They want practical solutions that lower costs now. That brings me to fuel prices. In recent weeks, Canadians have seen sharp increases in the price of gasoline and diesel. Families felt it immediately, and so did farmers, truckers, tradespeople, small businesses and anyone who depends on transportation. An orchardist in West Kelowna wrote to my office last week, and I will read what he sent, because he puts it better than I can: “I run three trucks and two tractors and I fill all of them out of the same tank. Every time diesel jumps, I am paying that before I have sold a single box of apples, and I cannot pass it on, because the packing house sets my price, not me. We are not asking for a handout, we are asking you people to stop adding to the pump.” That is one grower in one riding. Some will say that global events are to blame, and that may be true, but Canadians do not elect us to describe the problem and then do nothing. They elect us to find solutions. This is why the Conservative official opposition has led the debate on gas prices and affordability. We are not shrugging our shoulders while Canadians struggle, nor have we simply named the problem, but we have proposed solutions."
ga022,"According to an article, an economic policy professor from the University of Toronto said that we are “teetering on the edge of a recession”, which will “have a disproportionate impact on young people.” The youth are usually the first and hardest hit when economic conditions are weak. Beyond the job market, young Canadians are trying to enter a housing market that is completely out of reach. Youth are watching their friends move back home, delaying starting families or leaving the country altogether to search for opportunity. They are not choosing these things. They are being pushed into them by government policies that have made life unaffordable. Today's youth are already facing a housing crisis, an impossible-to-enter job market and high living costs. Now the Liberals are saying not to worry, because on top of all that, they get to pay for the Liberals' overspending for decades to come. Conservatives refuse to accept that. We believe the government should leave the next generation stronger, not burdened under a weight they did not choose. Third, the budget explodes bureaucracy instead of producing results. The cost of the federal bureaucracy has increased by 80% since 2015, growing by $6 billion just last year. Canadians are not asking for more agencies or more layers of red tape. They are asking for results that actually make their lives better. What does budget 2025 deliver to solve the issues concerning Canadians? It doubles bureaucracies to do the jobs of already existing agencies. We can take Build Canada Homes as an example. It was created to work with other sectors and departments to make housing more available and affordable. There is one problem, which is that this already exists. We already have the Canada Mortgage and Housing Corporation, which has programs to finance affordable housing and was already tasked with overseeing the national housing strategy. Instead of fixing its failures, the government simply creates new agencies to hide old problems. It is duplication dressed up as innovation."
ga023,"This arose from a court ruling, a superior court ruling in Ontario. People do not really know this, but a superior court is a lower court. It is not the Supreme Court, as one of my colleagues on the other side said this morning. It was appealable. It was not a great decision, because this is already dealt with. Although it is not a law, there is a process by which the Minister of Immigration, and one of my colleagues on this side said that this is how it is dealt with currently, can deal with these lost Canadians very easily with her current power. She knows that. The government knows that, but it will not admit it. That is the problem here. The government is doing something here when it already has the tools to address it, and it is widening the whole approach to make sure we are seen to be doing something. Most Canadians would say, “What are you doing, and why are you doing it?” We are opening the door here, for all intents and purposes, for the foreseeable future, confusing everybody and causing problems we are going to have to address one way or another. Canadian citizenship is not just a passport. It is a privilege, a responsibility and a bond to this country. Bill C-3 would weaken that bond by allowing people with minimal ties to Canada to claim the same rights and benefits as those who have lived, worked and contributed here. The minister already has the discretion to grant citizenship in these special cases without any of that, and when her officials appear at the citizenship and immigration committee, I intend to ask them how many such grants have been made since the Ontario decision came down."
ga024,"When a father in Deer Lake fills up his truck to go to work, he is paying a premium for the Liberal government's ideology. When a senior in Burgeo looks at the cost of home heating fuel, she is being squeezed by a Liberal plan that makes her life harder every single day. In that context, one would expect the legislation to show restraint and focus on affordability, but instead, the finance minister has put $37 billion in new Liberal spending into it, on top of tens of billions already committed. The bill would create a sovereign wealth fund that has no wealth behind it, relying instead on borrowed money. The same bill would allocate billions more to international climate finance, millions for conferences and billions in subsidies that would do little to address the immediate pressures facing hard-working Canadians. A targeted plan to help families would not look like this. The government has written itself an expansion at a time when Canadians need the exact opposite. Liberals brag about $37 billion in spending, yet if we talk to any small business owner or walk into any grocery store and ask how they are managing to navigate in this environment, they do not want to hear about billions of dollars for international climate conferences. They want to know when prices are going to start to go down so they can manage to drive their kids to the activities they love and, at the same time, keep food on their tables. Seniors still living in their homes on a fixed income want to know when their money will once again be enough to live off. Entrepreneurs want to have confidence that they can grow their business and hire more staff instead of constantly facing more costs that create uncertainty and stress. They want to innovate and work on their business instead of constantly wondering how they are going to make payroll. They want to continue to contribute to their communities instead of having to cut back because of constantly higher costs."
ga025,"The failures do not end there. The Liberals also refuse to acknowledge their abject failure on border security, another critical element that Bill C-12 purportedly aims to address. Earlier this year, the Canada Border Services Agency revealed that 600 foreign criminals were scheduled for deportation, but now they have gone missing in custody. This is completely unacceptable and represents a grave threat to public safety. Canada's border must be secure to protect Canadians from criminals and illegal activities, including fentanyl trafficking and gun smuggling. Canadians deserve a government that respects their privacy. Canadians deserve a government that does not overreach with warrantless surveillance powers. Canadians deserve a government that is serious about fighting fentanyl by imposing real consequences on traffickers. Canadians deserve a government that protects our borders. Canadians deserve a government that enforces immigration laws fairly and firmly. Canadians deserve a government that supports law enforcement in combatting organized crime and does not leave foreign criminals at large in our communities. Canadians are looking to this House for leadership, not partisanship, on critical issues like public safety and immigration. While we have serious concerns about how the government first approached matters in Bill C-2, we also acknowledge that Bill C-12 represents a step in the right direction. This very step came because Canadians raised their voices and the Conservatives did our job. We were listening, we pushed back and we demanded better on behalf of the citizens of this country. Our work here is not done. We will support moving Bill C-12 to committee, where it will be scrutinized carefully, and we will work to improve it even further."
ga026,"Madam Speaker, I rise at the second reading stage of Bill C-19, and I will say at the outset that Conservatives will support the bill, because families need help right now. We will let the bill before us pass, because every dollar matters when families are choosing between groceries and other essentials. However, let us be honest about what this is. It is a band-aid solution that barely covers a few trips to the grocery store. This is a recycled Trudeau-era policy that would provide temporary relief without addressing the fundamental problem of driving grocery costs through the roof. During questions and comments earlier in this debate, I heard my colleague from Winnipeg North, across the way, say that the Prime Minister is focused. He will keep saying that, and he will repeat it again when this bill comes back from the Standing Committee on Finance, but the Prime Minister is looking at life through a straw. He needs to take the straw away, open up his eyes and see the problems. The Liberals need to take the focus off trying to make themselves look good and focus on the root issues, the root problems that we are facing and that every household in Canada is facing. We are supporting families in this crisis, but we refuse to pretend that the bill would fix anything. While the government offers handouts with one hand, its policies continue to drive up costs with the other. If it wants to be transparent, then disclose all the taxes that go into something. I remember doing that as the mayor of my city of Moose Jaw. In their tax roll, we showed everyone where their taxes were going, and we should be able to do that for the constituents of our ridings when they are going to the grocery store. When the bill reaches clause-by-clause consideration, I would ask members on the other side to accept an amendment requiring exactly that disclosure."
ga027,"Madam Speaker, I rise at second reading of Bill C-12, and I want to deal with the part of the bill that goes to border security, because the failures do not end with what I have already described. The Liberals also refuse to acknowledge their abject failure on border security, another critical element that Bill C-12 purportedly aims to address. Earlier this year, the Canada Border Services Agency revealed that 600 foreign criminals were scheduled for deportation but have now gone missing in custody. That is completely unacceptable and represents a grave threat to public safety. Canada's border must be secure to protect Canadians from criminals and illegal activities, including fentanyl trafficking and gun smuggling. Canadians deserve better from their government, one that respects their privacy, does not overreach with warrantless surveillance powers and is serious about fighting fentanyl by imposing real consequences on traffickers. Canadians deserve a government that protects our borders, enforces immigration laws fairly and firmly, supports law enforcement in combatting organized crime and does not leave foreign criminals at large in our communities. Canadians are looking to this House for leadership, not partisanship, on critical issues like public safety and immigration. We had serious concerns about how the government first approached these matters in Bill C-2, and I set those concerns out in this place at the time. We also acknowledge that Bill C-12 represents a step in the right direction. That step came because Canadians raised their voices and the Conservatives did our job: We were listening, we pushed back and we demanded better on behalf of the citizens of this country. Our work here is not done. We will vote to send Bill C-12 to the public safety committee, where it will be scrutinized carefully clause by clause, and where I expect officials from the agency to be asked to account for those 600 files."
ga028,"She also noted that those who receive custodial sentences tend to be removed, because they are in custody. Also, CBSA has historically prioritized people serving criminal sentences because they are, frankly, easy to find. We further heard from representatives of the Refugee Centre, and I will read what they told the committee rather than summarize it: “In the first nine months of 2025, the acceptance rate for refugee claims reached 78 per cent, and of those claims less than 1 per cent were fraudulent. What that tells you is that the initial decision-making is generally sound and that the system is working. Yes, it is overloaded. It is still working.” Those were their words. Everyone deserves to be and feel safe in their communities, and that is why Canada's government is taking real action to keep Canadians safe, not through slogans and divisive rhetoric but through comprehensive, evidence-based reforms. We have introduced several major bills: Bill C-2, the strong borders act; Bill C-12, the immigration system and borders act; and Bill C-14, the bail and sentencing reform act, which has introduced over 80 targeted criminal code reforms, many directly addressing extortion. Bill C-14 would create a new reverse onus for individuals charged with violent extortion, making bail significantly harder to obtain. It would require sentences for extortion to be served consecutively to sentences for related offences like arson. It would prohibit weapons at bail for those accused of extortion and organized crime offences. It would strengthen bail conditions for organized crime-related extortion, including geographic restrictions. The Canadian Association of Chiefs of Police has endorsed Bill C-14, stating that it reflects their own recommendations. Police leaders called for broader reverse onus provisions and tougher penalties for organized crime, and Bill C-14 answers all of those calls. We have also made the largest single investment in Canadian border security, $1.3 billion. We are hiring 1,000 new CBSA officers and 1,000 new RCMP personnel. On top of all that, we have created a financial crimes agency to combat money laundering and organized crime."
ga029,"When a father in Deer Lake fills up his truck to go to work, he is paying a premium for the Liberal government's ideology. When a senior in Burgeo looks at the cost of home heating fuel, she is being squeezed by a Liberal plan that makes her life harder every single day. In that context, one would expect legislation from the Department of Finance to show restraint and focus on affordability. Instead, it introduces $37 billion in new Liberal spending, on top of tens of billions already committed. It proposes the creation of a sovereign wealth fund that has no wealth behind it, relying instead on borrowed money. It would allocate billions more to international climate finance, millions for conferences and billions in subsidies that would do little to address the immediate pressures facing hard-working Canadians. This is not a targeted plan to help families. It is an expansion of government at a time when Canadians need the exact opposite.

Liberals brag about $37 billion in spending. If we talk to the sort of small business owner the Canadian Federation of Independent Business, or CFIB, speaks for, or walk into any grocery store between Deer Lake and Burgeo and ask how they are managing to navigate in this environment, they do not want to hear about billions of dollars for international climate conferences. They want to know when prices are going to start to go down so they can manage to drive their kids to the activities they love and, at the same time, keep food on their tables. Seniors still living in their homes on a fixed income want to know when their money will once again be enough to live off. Entrepreneurs want to have confidence that they can grow their business and hire more staff instead of constantly facing more costs that create uncertainty and stress. They want to innovate and work on their business instead of constantly wondering how they are going to make payroll. When the estimates come before the Standing Committee on Finance, those are the questions I intend to put."
ga030,"Mr. Speaker, I rise to speak to Bill C-5, an act to enact the free trade and labour mobility in Canada act and the building Canada act, at second reading, and let me say off the top that I will be splitting my time with a great new member, the hon. member for Terra Nova—The Peninsulas. Since this is my first time speaking for a substantive length of time since the election, please allow me to thank the hard-working, industrious people of Flamborough—Glanbrook—Brant North for the honour of being their voice and their servant and for carrying their hopes and dreams to this place. While I have lived and worked in other places in North America in my career, I have always felt and known that the communities of Flamborough—Glanbrook—Brant North are my true home, and home is where the heart is. It is the honour of my lifetime to serve these great communities. I want to thank my campaign team, including Simon, Mona, Jordan, Wendy, Jim and hundreds of volunteers. Above all, I thank my wife, Tracy, without whose love and support I certainly would not be here today. I will now go to the matter at hand. Canadians are struggling, not because we lack talent and not because we lack resources, but because we are too often being held back by red tape, gatekeeping and a government that over-promises and under-delivers. Nowhere is that clearer than when it comes to getting big projects built or trying to move goods and services and workers across provincial lines in our own country. These barriers do not cost us only time and money. They also cost us opportunities, investments and jobs. That is why this bill is such a missed opportunity. It claims to deliver free trade and fast-tracked projects, but the reality is it would deliver bureaucratic theatre, a showpiece of announcements without the substance to back them up. If the government insists on moving it at this pace, I hope the transport and industry committees will at least be given the time to hear from the premiers before clause-by-clause."
ga031,"Mr. Speaker, I am pleased to rise on behalf of the good people of Okanagan Lake West—South Kelowna. I would like to inform you that I will be sharing my time with the hon. member for Lethbridge. Today's debate is an important one because it goes directly to the affordability crisis Canadians are living through. Often in this place, along with much of the media, we tend to focus on things we most disagree on. Today I will start with what I hope we can agree on: Canadians are struggling with the rising cost of living. They want practical solutions that lower costs now. Allow me to turn from there to fuel prices, which is where most of my constituents start the conversation when I am home. In recent weeks, Canadians have seen sharp increases in the price of gasoline and diesel. Families felt it immediately, and so did farmers, truckers, tradespeople, small businesses and anyone who depends on transportation. I would observe, however, that the answer we get in this place, whenever any of us raise the matter, whether at question period or in the debates we have had on this subject since the House came back, is that global events are to blame, which may well be true, insofar as any of us can judge these things from here, but Canadians do not elect us to describe the problem and then do nothing. They elect us to find solutions. This is why the Conservative official opposition has led the debate on gas prices and affordability. We are not shrugging our shoulders while Canadians struggle, nor have we simply named the problem, but we have proposed solutions."
ga032,"More than $220 million in federal funding went to Stellantis before it announced it was shifting production to the United States, and at Algoma Steel, the Liberals approved $400 million in loans, even though they knew the company's business plan included major layoffs. They are literally subsidizing the loss of Canadian jobs. Workers in Brampton have heard the promise that this government would fight for them. Workers in Windsor have heard the promise that this government would fight for them. Workers in Oshawa have heard the promise that this government would fight for them. Workers in the Soo have heard the promise that this government would fight for them. Folks who work at Honda in my community of Alliston know their livelihoods could be next. If the Liberals' failure to stand up to the United States was not bad enough, an equally serious and entirely self-inflicted threat to the Canadian auto industry comes from their own policies. Their obsessive push for an EV mandate has created uncertainty across the sector. For years, they have warned manufacturers and consumers that gas-powered vehicles would be banned, only to delay its implementation and repeatedly review and assess it. It has been delayed again, and there is still no clarity on what comes next. How can an industry that plans years in advance function when the Liberal government cannot provide even the most basic certainty? Automakers are finalizing their 2028 models today, but they are still guessing at what they will be able to manufacture under this shifting mandate. This has nothing to do with Donald Trump or the United States. The uncertainty choking the Canadian auto industry is made in Ottawa by the Liberals. They boast about supporting pipelines while key ministers work behind the scenes to stop them from ever being built. They scrapped the consumer carbon tax only to impose a harsher industrial version that lands squarely on manufacturers. With the EV mandate, they do the same thing again: big rhetoric about confronting Trump and strengthening the auto sector, even as they cripple the industry with policies that undermine its ability to survive. Auto workers deserve good, stable, paying jobs in a competitive climate that attracts investment."
ga033,"Mr. Speaker, I rise at second reading of Bill C-12, the immigration system and borders act, and I want to pick up where I left off when Bill C-2 was before the House.

The failures do not end there. The Liberals also refuse to acknowledge their abject failure on border security, another critical element that Bill C-12 purportedly aims to address. Earlier this year, the Canada Border Services Agency revealed that 600 foreign criminals were scheduled for deportation, but now they have gone missing in custody. This is completely unacceptable and represents a grave threat to public safety. Canada's border must be secure to protect Canadians from criminals and illegal activities, including fentanyl trafficking and gun smuggling.

Canadians deserve better from their government, one that respects their privacy, does not overreach with warrantless surveillance powers and is serious about fighting fentanyl by imposing real consequences on traffickers. Canadians deserve a government that protects our borders, enforces immigration laws fairly and firmly and supports law enforcement in combatting organized crime, and a government that does not leave foreign criminals at large in our communities. Canadians are looking to this House for leadership, not partisanship, on critical issues like public safety and immigration.

While we have serious concerns about how the government first approached matters in Bill C-2, we also acknowledge that Bill C-12 represents a step in the right direction. This very step came because Canadians raised their voices and the Conservatives did our job: We were listening, we pushed back and we demanded better on behalf of the citizens of this country.

Our work here is not done. We will support moving Bill C-12 to committee, where it will be scrutinized carefully at clause-by-clause, and we will be seeking witnesses from the CBSA on those 600 files. We will work to improve the bill even further before it comes back to this place at report stage."
ga034,"However, there is an even more troubling pattern here. Under the Canada–United Kingdom Trade Continuity Agreement, the U.K. has not been acting fairly toward our pork and cattle producers. The U.K. objects to carcass washes applied at Canadian slaughter plants and opposes the use of growth promotants in beef and pork production. The trade statistics tell the real story of the Liberal government's failure to stand up for our producers. Britain exported over 40 million dollars' worth of beef into Canada in 2024 and nearly 30 million dollars' worth in the first half of 2025. In comparison, Canada exported to Britain just 25,000 dollars' worth in 2024 and, to date, has no beef exports in 2025. For those who are watching, that is 25,000 dollars' worth in 2024, which is unbelievable. This is not fair trade. This is a one-way street that favours British producers, while our farmers and ranchers face non-tariff barriers designed to shut them down. The Canadian Cattle Association and the Canadian Pork Council have both put that on the record at the Standing Committee on International Trade.

As a mayor, I learned that economic development happens through work, not announcements. We attracted major investment to Moose Jaw by rolling up our sleeves and delivering results, $1.3 billion of results in six years, not by staging photo ops but by standing up for our community and for our businesses. The government has forgotten that lesson.

The U.K. and Canada share more than just a monarch. We share values, institutions and centuries of partnership. From Vimy Ridge to Afghanistan, we have stood together. Now, when it comes to trade, we are making them wait while we sort out our bureaucratic mess. During my time at King's College London, I witnessed Britain's commitment to innovation, enterprise and global engagement. The U.K.'s decision to join the Comprehensive and Progressive Agreement for Trans-Pacific Partnership, or CPTPP, represents exactly that forward-thinking approach. Meanwhile, Canada is dragging its feet like we are still debating whether trade is good for the economy."
ga035,"If we are talking about common sense, one of the things the Liberal government has forgotten is the Canadian winter. I am from the Prairies, and I can assure the House that winter is not just a season. It is a test of endurance. We might get March break, but it is a long season. It is endurance when we have -20°C days on a regular basis, -30°C for weeks at a time, and wind chills that blow snow across every single street and road. In these conditions, electric vehicles do not perform the way that they were advertised to, that they were supposed to. The battery range plummets, charging takes longer, running the heater or the defroster drains the power, and suddenly the EV becomes a liability when someone gets stuck in the middle of a gravel road on a dark, windy, storm-filled night. Forgive me if I am a little skeptical when the government that is unable to introduce a budget tells me it has figured out this whole plan, this infrastructure plan and this EV mandate plan. It cannot even plant trees right. Do members remember the two billion trees the government was supposed to plant? It cannot even do that right, never mind get a network of EV chargers across this country. I believe in innovation. I believe in technology. I believe in smart environmental policy. However, I also believe in freedom, something the Liberal government seems to have forgotten. I also believe in common sense, something the Liberal government has yet to come close to mastering. If EVs are the future, which they may be, they should not need government mandates to succeed. They should win on the open market by competing on cost and competing on performance and reliability. When officials come before committee on this mandate, I intend to ask them what a driver stranded at -30°C on a grid road outside Kindersley is supposed to do, and I have not yet had an answer to that question."
ga036,"Mr. Speaker, while the Liberal government continues to rack up debt and deficits, cost of living pressures mount. There are higher taxes, higher inflation and a rising burden on ordinary Canadians. At the same time, we see record food bank growth, including in my constituency at the Samaritan House Ministries food bank in downtown Brandon. That rising burden is resulting in families skipping meals and seniors being forced to choose between heating their homes or putting fuel in their cars. That is not governmental success. That is a systemic failure on a grand scale that is forcing more and more Canadians to be reliant on government handouts just to get by. The Liberal answer is more government programs, more spending and more planning, increasing the money supply, raising debt and calling it investment. That does not change the reality that every dollar collected from Canadians is being poured into interest payments and debt service rather than helping Canadian families make ends meet. I find it ironic that after a decade of lecturing Canadians, the Liberals have finally admitted what Conservatives have said from the very beginning. The carbon tax was a costly, punishing failure, and the mental gymnastics that these Liberals now go through, after 10 years of flogging how the carbon tax was going to save the planet and then proudly putting forward a bill that cancelled it, are nothing short of hypocritical. For years they mocked and demonized anyone who questioned their tax-and-spend climate scheme, and they told families in southwestern Manitoba that paying more to heat their homes, drive their trucks and buy their groceries was somehow good for them in the long run. Now 10 years later, in the middle of an affordability crisis that they helped create, the Liberals are desperately trying to walk back the very policy that they flogged and pushed for countless years."
ga037,"The only thing more dangerous than a government that refuses to defend its borders is a government that no longer believes Canada is worth defending. However, there is hope. There is another path, one led by a man who understands that freedom and order are not opposites but partners. This man is the Leader of the Opposition, and under his leadership, Canada will again have borders that are strong, streets that are safe and a government that minds its own business instead of that of others. The people I represent are ready for that Canada, a Canada in which government protects what matters and leaves the rest to the good sense of the people. They are ready to trade slogans for strength, control for courage and Liberal wokeism for Conservative common sense, because they know the Liberal government has forgotten that freedom is not granted by politicians but is inherited by patriots. Bill C-12 does not solve the problem. The bill is the problem, and it is another example of a government that has lost its way. Conservatives would restore a Canada that is once again strong, sovereign and free. On behalf of the people of Miramichi—Grand Lake, and on behalf of every Canadian who believes in borders, law and liberty, I will vote against the bill, and I would ask the minister to tell the House, before that vote is held, how many of the officers promised in the last two border announcements are actually posted in Atlantic Canada today."
ga038,"Building a stronger Canada takes government, industry and world-class polytechnic institutions. In Burnaby Central, we are proud to be home to the British Columbia Institute of Technology, a national leader defining what polytechnic education means in Canada. BCIT is not just a school. It is where Canada's welders, electricians, engineers, technicians, nurses and innovators get the hands-on training that builds our country and our infrastructure, powers our industries and strengthens our economy. As our government advances $115.2 billion in infrastructure investment, we will rely on BCIT more than ever, because without skilled apprentices, trained tradespeople and innovators ready to lead, no major project gets built, not on time and not on budget. BCIT is building the workforce of tomorrow. Our job is to ensure institutions like BCIT have the tools to keep doing that. Allow me to provide a few examples of this from the innovation side, because innovation is happening in Burnaby as well. I recently toured three remarkable companies. Novarc Technologies is a global leader in welding automation, using AI robotics to tackle complex industrial applications, which is critical as Canada ramps up infrastructure and clean technology projects. Svante Technologies is a world leader in carbon capture, turning climate ambition into action and helping Canada lead in clean technology. BlueForce Energy advances the low-carbon transition through electric fleet conversions, battery storage and renewable energy solutions. I would observe, however, that none of the work I saw on those three shop floors, including, among other things, the welding cells, the capture units and the fleet conversions, gets us anywhere at the scale we need, insofar as we are serious about reducing our carbon intensity and competing globally, unless the apprentices coming out of BCIT and institutions like it are there in the numbers those companies are already telling us they cannot find. Emma reminded me that young Canadians already understand one important truth: we cannot rely on one trading partner. With 70% of our exports going to the United States, trade diversification is essential."
ga039,"According to an article, an economic policy professor from the University of Toronto said that we are “teetering on the edge of a recession”, which will “have a disproportionate impact on young people.” The youth are usually the first and hardest hit when economic conditions are weak. Beyond the job market, young Canadians are trying to enter a housing market that is completely out of reach. Youth are watching their friends move back home, delaying starting families or leaving the country altogether to search for opportunity. They are not choosing these things. They are being pushed into them by government policies that have made life unaffordable. Today's youth are already facing a housing crisis, an impossible-to-enter job market and high living costs. Now the Liberals are saying not to worry. On top of all that, they get to pay for the Liberals' overspending for decades to come. Conservatives refuse to accept that. We believe the government should leave the next generation stronger, not burdened under a weight they did not choose. Third, the budget explodes bureaucracy instead of producing results. The cost of the federal bureaucracy has increased by 80% since 2015, and it grew by $6 billion just last year. Canadians are not asking for more agencies or more layers of red tape. They are asking for results that actually make their lives better. What does budget 2025 deliver to solve the issues concerning Canadians? It doubles bureaucracies to do the jobs of already existing agencies. We can take Build Canada Homes as an example. It was created to work with other sectors and departments to make housing more available and affordable. There is one problem, which is that this already exists. We already have the Canada Mortgage and Housing Corporation, which has programs to finance affordable housing and was already tasked with overseeing the national housing strategy. Instead of fixing its failures, the government simply creates new agencies to hide old problems. That is duplication dressed up as innovation."
ga040,"After a decade of Liberal catch-and-release bail policies, the repeal of mandatory minimum sentences and a series of laws that consistently place the interests of offenders ahead of those of victims, Canadians are understandably concerned and afraid. Allow me to put a few figures on the record. Since 2015, under the Liberal government, human trafficking has increased by 84%, sexual assaults are up nearly 76% and violent crime overall has increased by almost 55%. Those numbers are staggering. They are not abstract statistics pulled from thin air but represent real people in our communities. They represent victims whose lives have been changed forever, families whose sense of safety has been shattered, and communities that no longer feel protected by the justice system that is supposed to serve them. When violent crime rises by more than half in less than a decade, that is not bad luck. That is policy failure. I must say I cannot fathom how a government could weaken bail, repeal mandatory minimum sentences and then repeatedly signal, in its legislation and in its instructions to prosecutors, that incarceration ought to be the last resort even for serious and violent offenders, including, among other things, offences committed while an accused was already on release, and expect the numbers I have just read to move in any direction but upward. Crime did not rise by accident. When a government lowers consequences, crime rises and Canadians are forced to live with the results of that approach every day. This is the backdrop against which Bill C-16 must be assessed. I will now turn to what rising crime looks like in Oshawa, because national statistics tell only part of the story. Oshawa is my home, where I was born and raised and where I have raised my children. Our neighbours still believe in looking out for one another. Oshawa is a community built on hard work, responsibility and fairness, and it is a community that deserves to feel safe."
ga041,"Mr. Speaker, more than $220 million in federal funding went to Stellantis before it announced it was shifting production to the United States, and at Algoma Steel, the Liberals approved $400 million in loans, even though they knew the company's business plan included major layoffs. They are literally subsidizing the loss of Canadian jobs. Lana Payne, the national president of Unifor, put it this way after the Brampton announcement: “We have said from the beginning that public money must come with real, enforceable commitments to keep the work here. Our members did everything that was asked of them, and they are the ones paying the price for a government that handed over the cheque and then walked away from the table.” Those are not partisan words. Folks who work in the auto industry, including those at Honda in my community of Alliston, know their livelihoods could be next, because if the government will not fight for workers in Brampton, Windsor, Oshawa or the Soo, it will not fight for them either. An equally serious and entirely self-inflicted threat comes from the Liberals' own policies. Their obsessive push for an EV mandate has created uncertainty across the sector. For years, they have warned manufacturers and consumers that gas-powered vehicles would be banned, only to delay its implementation and repeatedly review and assess it. It has been delayed again, and there is still no clarity on what comes next. Automakers are finalizing their 2028 models today, and they are still guessing at what they will be able to manufacture. This has nothing to do with Donald Trump. The uncertainty is made in Ottawa. They boast about supporting pipelines while key ministers work behind the scenes to stop them. They scrapped the consumer carbon tax only to impose a harsher industrial version that lands squarely on manufacturers."
ga042,"Mr. Speaker, this is a recurring theme with the Liberal government's approach to the economy. It is always our people who have to suffer the consequences of this Prime Minister's economic and trade failures, and right now they are struggling in record numbers. New insolvency data shows that over 37,000 Canadians filed for insolvency in the first quarter of 2026, the highest level since the great recession. Our people are carrying $2.6 trillion in household debt, while mortgage delinquency has reached its highest level in five years. With this spring economic update, the Liberals are adding more debt, more costs and more taxes on the backs of Canadians, who are already at the breaking point. Even worse, all this is taking place while Canada is still without a trade agreement with the United States. The uncertainty, tariffs and job losses that flow from that into auto manufacturing, into agriculture and right across the economy have more of an impact than anything announced in this update. The Liberals are failing on both fronts. They have not lowered the debt, increased investment or unleashed our economy, and they still have not gotten Canadians the trade deal they need. The Liberals would have us believe that if one does not support their spending, their failures and their misplaced priorities, they somehow do not support this country. It is crazy. Some members in this House may choose to set aside their principles to prop up this government. As a member of His Majesty's loyal opposition, my job is to hold the government to account on behalf of Canadians, and that includes asking the finance minister, when he next appears before the Standing Committee on Finance, on what date he expects a trade agreement with the United States, and what the update assumes about tariffs in the meantime, because I have read the annexes and the assumption is not stated anywhere in them."
ga043,"Madam Speaker, I rise on Bill C-19 at second reading, and I will say at the outset that Conservatives will support it, because families need help right now. We will let the bill before us pass and go on to the finance committee, because every dollar matters when families are choosing between groceries and other essentials. However, let us be honest about what we are being asked to vote on. A band-aid solution that barely covers a few trips to the grocery store. This is a recycled Trudeau-era policy. It would provide temporary relief without addressing the fundamental problem of driving grocery costs through the roof.

I have heard my colleague from Winnipeg North, from across the way, say that the Prime Minister is focused. He will keep saying that, and he will repeat it, but the Prime Minister is looking at life through a straw. He needs to take the straw away, open up his eyes and see the problems. The Liberals need to take the focus off trying to make themselves look good and put it on the root issues, the root problems that we are facing and that every household in Canada is facing.

We are supporting families in this crisis, but we refuse to pretend that the bill would fix anything. While the government offers handouts with one hand, its policies continue to drive up costs with the other. If the government wants to be transparent, then let it disclose, in this bill or in the regulations that follow it, all the taxes that go into something. I remember doing that as the mayor of my city of Moose Jaw. In their tax roll, we showed everyone where their taxes were going. When this bill reaches clause-by-clause consideration, I would ask members on that committee to look at whether we can do the same for the constituents of our ridings when they are going to the grocery store, so that they understand where their taxes go and understand the costs that are being driven up by the Liberal government."
ga044,"Mr. Speaker, I rise to speak against Bill C-12, an act respecting the immigration system and the borders, at the second reading stage, and I do so on behalf of the constituents of Miramichi—Grand Lake. The only thing more dangerous than a government that refuses to defend its borders is a government that no longer believes Canada is worth defending. However, there is hope. There is another path, one led by a man who understands that freedom and order are not opposites but partners. This man is the Leader of the Opposition, and under his leadership, Canada will again have borders that are strong, streets that are safe and a government that minds its own business instead of that of others. The people I represent are ready for that Canada, a Canada in which government protects what matters and leaves the rest to the good sense of the people. They are ready to trade slogans for strength, control for courage and Liberal wokeism for Conservative common sense, because they know the Liberal government has forgotten that freedom is not granted by politicians but is inherited by patriots. Bill C-12 is not a solution. It is exactly the problem, and it is just another example of a government that has lost its way. When this bill goes to the public safety committee, members on this side will be moving amendments to that effect, and I said as much when the minister first tabled it. On behalf of the people of Miramichi—Grand Lake, on behalf of every Canadian who believes in borders, law and liberty, I will vote against the bill at second reading. Only Conservatives will restore a Canada that is once again strong, sovereign and free, but not free for the taking."
ga045,"This arose from a court ruling, a superior court ruling in Ontario. People do not really know this, but a superior court is a lower court. It is not the Supreme Court, as one of my colleagues on the other side said this morning. It was appealable. It was not a great decision, because this is already dealt with. Although it is not a law, there is a process by which the Minister of Immigration, and one of my colleagues on this side said that this is how it is dealt with currently, can actually deal with these lost Canadians very easily with her current power. She knows that. The government knows that, but it will not admit it. Canadian citizenship is not just a passport. It is a privilege, a responsibility and a bond to this country. Bill C-3 would weaken that bond, because it would allow people with minimal ties to Canada to claim the same rights and benefits as those who have lived, worked and contributed here. That is the problem here. The government is doing something when it already has tools to address it, and it is widening the whole approach to this to make sure we are doing something. Most Canadians would say, “What are you doing, and why are you doing it?” It effectively says that we are opening the door here, for all intents and purposes, for the foreseeable future and confusing everybody, causing problems we are going to have to address one way or another. When the bill reaches committee, I want the department to tell us, case by case, how many grants the minister has already made under the authority she has now and how many files are still sitting in the queue. I asked for that figure before the election and I have not been given it yet, so I am not willing to take on faith the claim that the existing authority cannot do the job."
ga046,"If we are talking about common sense, one of the things the Liberal government has forgotten is the Canadian winter. I am from the Prairies, and I can assure the House that winter is not just a season. It is a test of endurance. We might get March break, but it is a long season. It is endurance when we have -20°C days on a regular basis, -30°C for weeks at a time, and wind chills that blow snow across every single street and road. In these conditions, electric vehicles do not perform the way that they were advertised to, that they were supposed to. The battery range plummets. Charging takes longer. Running the heater or the defroster drains the power, and suddenly the EV becomes a liability when someone gets stuck in the middle of a gravel road on a dark, windy, storm-filled night. Forgive me if I am a little skeptical when the government that is unable to introduce a budget tells me it has figured out this whole plan, this infrastructure plan and this EV mandate plan. It cannot even plant trees right. Do members remember the two billion trees the government was supposed to plant? It cannot even do that right, never mind get a network of EV chargers across this country. I believe in innovation. I believe in technology. I believe in smart environmental policy. However, I also believe in freedom, something the Liberal government seems to have forgotten. I also believe in common sense, something the Liberal government has yet to come close to mastering. If EVs are the future, which they may be, they should not need government mandates to succeed. They should win on the open market by competing on cost and competing on performance and reliability. That is how innovation works, and it does not work by force."
ga047,"However, there is an even more troubling pattern here. Under the trade continuity agreement, the U.K. has not been acting fairly toward our pork and cattle producers. The U.K. objects to carcass washes applied at Canadian slaughter plants and opposes the use of growth promotants in beef and pork production. The trade statistics tell the real story of the Liberal government's failure to stand up for our producers. Britain exported over 40 million dollars' worth of beef into Canada in 2024 and nearly 30 million dollars' worth in the first half of 2025. In comparison, Canada exported to Britain just 25,000 dollars' worth in 2024 and, to date, has no beef exports in 2025. For those who are watching, that is 25,000 dollars' worth in 2024, which is unbelievable. That is not fair trade. It is a one-way street that favours British producers, and our farmers and ranchers face non-tariff barriers designed to shut them down. As a mayor, I learned that economic development happens through work, not announcements. We attracted major investment to Moose Jaw by rolling up our sleeves and delivering results, $1.3 billion of results in six years, and we did it by standing up for our community and for our businesses rather than by staging photo ops. The government has forgotten that lesson. The U.K. and Canada share more than just a monarch. We share values, institutions and centuries of partnership. From Vimy Ridge to Afghanistan, we have stood together. Now, when it comes to trade, we are making them wait while we sort out our bureaucratic mess. During my time at King's College London, I witnessed Britain's commitment to innovation, enterprise and global engagement. The U.K.'s decision to join CPTPP represents exactly that forward-thinking approach. Meanwhile, Canada is dragging its feet like we are still debating whether trade is good for the economy."
ga048,"Under the Liberal government, there is a two-tier tax code for Canadians. There is one for the rich Liberal friends of the Prime Minister and another for everyone else. Worse yet, in this costly Liberal budget, the Liberal Prime Minister gave himself and his buddies a tax break on the purchase of luxury yachts and private jets, while voting against scrapping taxes on food and groceries. The Liberal Prime Minister helped design a tax system he did not have to live under, because he was living outside of it. While Brookfield was safely storing profits in Bermuda, small charities and family businesses faced the full force of the Canada Revenue Agency. On top of egregious tax avoidance, the Liberal Prime Minister's conflict of interest cover-up is even worse. Brookfield's own chief operating officer confirmed this month that 95% of the firm's companies are not covered by the so-called ethics screen. On the company's own count, and I believe this is right, that is somewhere around 1,900 companies left outside it. Those companies stand to benefit from government decisions that will enrich the Prime Minister personally at the expense of taxpayers, and Canadians will be kept in the dark about how those companies are involved. The Liberal Prime Minister is even taking private meetings with Brookfield executives at the Prime Minister's Office and while he travels overseas. With ethics like this, how can Canadians trust him? He is starting to look a lot like the last Liberal prime minister, just more costly. Canadians deserve a prime minister whose loyalty is to the public, not to his private portfolio or the shareholders of Brookfield. Canadians feel betrayed, and they are entitled to know, before this budget passes, which side of that tax code they are on."
ga049,"Canada has the expertise. We have the workers, we have the minerals, we have the manufacturing capacity and now we have the vision to be an energy superpower for the 21st century. Since 2020, over $34 billion has flowed to Canada through major investments in the batteries and automotive supply chain, and that is just the beginning. These investments are not distant promises. Factories are going up, equipment is coming in, and on top of that, developing new mines and new processing plants for a national electric vehicle supply chain will contribute upward of $16 billion to our annual GDP and create up to 40,000 well-paying jobs over the next decade for our children and our grandchildren. That is real economic growth with a real impact on real people's lives. To realize these benefits, Canada has been building. We know that making the decision to switch to electric vehicles is a big step for most families, and that is why we have invested in practical support. Canadians will benefit from a network of tens of thousands of chargers funded through the zero emission vehicle infrastructure program, or ZEVIP, which Natural Resources Canada administers, and with the Canada Infrastructure Bank deploying another 5,000 chargers, we are making sure charging is available for rural, remote and urban communities, and range anxiety soon becomes a thing of the past. Over the past weekend, I was at a local shopping mall. There were half a dozen chargers there, and every one of them was filled with someone filling up their car, which happens very quickly. They would move out and someone else would move in. The Electric Vehicle Availability Standard, which the Conservatives are opposing, will actually incentivize the construction of thousands of new charging stations. On this side of the House, we believe Canadians deserve real, reliable information about their options, and with every new charging station and every new awareness program, more of them get it."
ga050,"She also noted that those who receive custodial sentences tend to be removed, because they are in custody. Also, the Canada Border Services Agency, or CBSA, has historically prioritized people serving criminal sentences because they are, frankly, easy to find. We further heard from representatives of the Refugee Centre, who told us that, in the first nine months of 2025, the acceptance rates for refugee claims before the Immigration and Refugee Board of Canada reached 78%, of which less than 1% were fraudulent claims. This tells us that the initial decision-making is generally sound and that our system is working. Yes, it is overloaded, but it is working. Everyone deserves to be and feel safe in their communities, and that is why the Government of Canada is taking real action to keep Canadians safe, not through slogans and divisive rhetoric but through comprehensive, evidence-based reforms. We have introduced several major bills: Bill C-2, an act respecting certain measures relating to the security of the border between Canada and the United States, or the strong borders act; Bill C-12, the immigration system and borders act; and Bill C-14, the bail and sentencing reform act, which has introduced over 80 targeted Criminal Code reforms, many directly addressing extortion. Bill C-14 would create a new reverse onus for individuals charged with violent extortion, making bail significantly harder to obtain. It would require sentences for extortion to be served consecutively to sentences for related offences like arson. It would prohibit weapons at bail for those accused of extortion and organized crime offences. It would strengthen bail conditions for organized crime-related extortion, including geographic restrictions. The Canadian Association of Chiefs of Police, or CACP, has endorsed Bill C-14, stating that it reflects their own recommendations. The CACP called for broader reverse onus provisions and tougher penalties for organized crime, and Bill C-14 answers all of those calls. We have also made the largest single investment in Canadian border security, $1.3 billion. We are hiring 1,000 new CBSA officers and 1,000 new Royal Canadian Mounted Police personnel. On top of all that, we have created the Canada Financial Crimes Agency to combat money laundering and organized crime."
ga051,"Despite these six entities, no modern treaties have been finalized. The six entities are specifically designed to monitor, support and ensure the implementation of treaties. Are we to believe that a seventh entity, the commissioner for modern treaty implementation, would be the solution? Perhaps the answer lies not in creating more agencies but in holding accountable those who failed to fulfill their existing duties. It is time to start firing those who fall short. What we need are ministers and officials who take on the responsibilities and obligations they already have, whether with respect to modern treaties, self-government provisions or historical agreements. Since the 1970s, Canada has pursued modern treaties to move beyond the numbered treaties of the past. These comprehensive agreements establish self-government, define resource rights and confirm judicial authority. Today, over two dozen modern treaties are in force across Canada, from Yukon to Nunavut, British Columbia, Quebec and Labrador. These agreements represent some of the most advanced models of indigenous government in the world, yet the reality is uneven. Others remain mired in administrative barriers, forced to renegotiate and litigate rights they believed were secure. A treaty government leader put the point to members of the Land Claims Agreements Coalition this way: ""we did not sign an agreement with a department, we signed it with the Crown, and yet every year we are back at a table explaining our own treaty to a new director general who has read the summary and not the text, and we are told the fiscal envelope is closed for the year. That is not implementation. That is us paying lawyers to be reminded of what we already own."" Those are not partisan words. For many indigenous governments, treaty implementation has meant delays. Departments apply treaty commitments inconsistently, and fiscal transfers are often structured to preserve federal control rather than empower indigenous economy. Last, what Canadians and first nations communities, Métis and Inuit have seen for far too long is that the government is great at building bureaucracy but is not really great at getting things done."
ga052,"Mr. Speaker, I rise on this opposition day to speak to the motion now before the House, and I will be splitting my time with my colleague. I would ask members to keep the text of the motion in front of them as I go, because the vote at the end of this debate is on a specific plan, not on a sentiment. A parent in my riding got up this morning, strapped their kids in their car and drove them to school. They then went to work. Before they did any of that, they stopped at the pump. One year ago, that fill-up cost them roughly $92 for a minivan. Last week, it cost them more than $127. Next week, it might be more. Over the years, deliberate policy choices the Liberal government has made built a tax structure on fuel that now squeezes Canadians every time they grip the nozzle. The Prime Minister says he wants to govern in a collaborative way, but the results are nonexistent, and his rhetoric has not matched reality. He is out to remove only one tax, the fuel excise tax, and only from April 20 until Labour Day. The CAA's own price tracker tells the story plainly. Gas across Canada now averages more than $1.82 a litre, up from $1.32 a year ago and just $1.52 six short weeks ago, a 38% spike in the cost of getting to work, getting kids to school and getting food to market. For millions of Canadians who are already living paycheque to paycheque, this compounding crisis, layered on top of crises the government has created, is too much to bear. Conservatives have brought a specific plan to deliver immediate relief at the pump, and we are calling on the government to adopt it when the question is put. Government members are going to rise today, in the time allotted to them, and tell us that this is about global oil markets. They will reference the Middle East. They will explain the Strait of Hormuz. We have heard the Prime Minister use at a press conference the exact same description I just referenced, saying it is beyond Canada's control and asking what we could possibly do."
ga053,"She also noted that those who receive custodial sentences tend to be removed, because they are in custody. The Canada Border Services Agency, or CBSA, has historically prioritized people serving criminal sentences because they are, frankly, easy to find. We further heard from representatives of the Refugee Centre, who told us that, in the first nine months of 2025, the acceptance rates for refugee claims reached 78%, of which less than 1% were fraudulent claims. That tells us that the initial decision-making at the Immigration and Refugee Board of Canada is generally sound and that our system is working. Yes, it is overloaded, but it is working. Everyone deserves to be and to feel safe in their communities, and that is why the Government of Canada is taking real action to keep Canadians safe, not through slogans and divisive rhetoric but through comprehensive, evidence-based reforms. We have introduced several major bills. There is Bill C-2, the strong borders act. There is Bill C-12, the immigration system and borders act. And there is Bill C-14, the bail and sentencing reform act, which has introduced over 80 targeted Criminal Code reforms, many of them directly addressing extortion. Bill C-14 would create a new reverse onus for individuals charged with violent extortion, making bail significantly harder to obtain. It would require sentences for extortion to be served consecutively to sentences for related offences like arson. It would prohibit weapons at bail for those accused of extortion and organized crime offences, and it would strengthen bail conditions for organized crime-related extortion, including geographic restrictions. The Canadian Association of Chiefs of Police, or CACP, has endorsed Bill C-14, stating that it reflects their own recommendations. The CACP called for broader reverse onus provisions and tougher penalties for organized crime, and Bill C-14 answers all of those calls. We have also made the largest single investment in Canadian border security, $1.3 billion. We are hiring 1,000 new CBSA officers and 1,000 new members of the Royal Canadian Mounted Police, or RCMP. On top of all that, we have created the Canada Financial Crimes Agency to combat money laundering and organized crime."
ga054,"Mr. Speaker, I rise to speak to today's opposition motion on the cost of living, on behalf of the good people of Okanagan Lake West—South Kelowna. I would like to inform you that I will be sharing my time with the hon. member for Lethbridge. Today's debate is an important one because it goes directly to the affordability crisis Canadians are living through. Often in this place, along with much of the media, we tend to focus on things we most disagree on. Today I will start with what I hope we can agree on: Canadians are struggling with the rising cost of living. They want practical solutions that lower costs now. That brings me to fuel prices. In recent weeks, Canadians have seen sharp increases in the price of gasoline and diesel. Families felt it immediately, and so did farmers, truckers, tradespeople, small businesses and anyone who depends on transportation. Some will say that global events are to blame, and that may be true, but Canadians do not elect us to describe the problem and then do nothing. They elect us to find solutions. This is why the Conservative official opposition has led the debate on gas prices and affordability, in this chamber and at committee, where we raised the same question before the House rose in December. We are not shrugging our shoulders while Canadians struggle, nor have we simply named the problem, but we have proposed solutions."
ga055,"Mr. Speaker, under the Liberal government, there is a two-tier tax code for Canadians. There is one for the rich Liberal friends of the Prime Minister and another for everyone else. Worse yet, in this costly Liberal budget, the Liberal Prime Minister gave himself and his buddies a tax break on the purchase of luxury yachts and private jets, while voting against scrapping taxes on food and groceries. The Liberal Prime Minister helped design a tax system he did not have to live under because he was living outside of it. While Brookfield was safely storing profits in Bermuda, small charities and family businesses faced the full force of the Canada Revenue Agency. On top of egregious tax avoidance, the Liberal Prime Minister's conflict of interest cover-up is even worse. Brookfield's own chief operating officer confirmed this month that about 95% of its companies are not covered by the so-called ethics screen. On the company's own count, that leaves, I believe, some 1,900 companies that stand to benefit from government decisions that will enrich the Prime Minister personally at the expense of taxpayers, and Canadians will be kept in the dark about how those companies are involved. The Liberal Prime Minister is even taking private meetings with Brookfield executives at the Prime Minister's Office and while he travels overseas. With ethics like this, how can Canadians trust him? He is starting to look a lot like the last Liberal prime minister, just more costly. At the end of the day, Canadians deserve a prime minister whose loyalty is to the public, not to his private portfolio or the shareholders of Brookfield. Canadians feel betrayed. They are watching manipulated budgets, rising debt, shrinking paycheques and declining prosperity, and they are waiting for a government that will make the numbers honest again."
ga056,"Mr. Speaker, if we are talking about common sense, one of the things the Liberal government has forgotten is the Canadian winter. I am from the Prairies, and I can assure the House that winter is not just a season. It is a test of endurance, and it is a long one, whatever we might get for March break. It is endurance when we have -20°C days on a regular basis, and -30°C for weeks at a time, and wind chills that blow snow across every single street and road. In these conditions, electric vehicles do not perform the way that they were advertised to, that they were supposed to. The battery range plummets, charging takes longer, and running the heater or the defroster drains the power, so the EV becomes a liability when someone gets stuck in the middle of a gravel road on a dark, windy, storm-filled night.

Forgive me if I am a little skeptical when the government that is unable to introduce a budget tells me it has figured out this whole plan, this infrastructure plan and this EV mandate plan. It cannot even plant trees right. Do members remember the two billion trees the government was supposed to plant? It cannot even do that right, never mind get a network of EV chargers across this country.

I believe in innovation. I believe in technology. I believe in smart environmental policy. However, I also believe in freedom, something the Liberal government seems to have forgotten. I also believe in common sense, something the Liberal government has yet to come close to mastering. If EVs are the future, which they may be, they should not need government mandates to succeed. They should win on the open market by competing on cost and competing on performance and reliability. That is how innovation works, not through force but through freedom."
ga057,"Mr. Speaker, let me say off the top that I will be splitting my time with a great new member, the hon. member for Terra Nova—The Peninsulas. Since this is my first time speaking for a substantive length of time since the election, please allow me to thank the hard-working, industrious people of Flamborough—Glanbrook—Brant North for the honour of being their voice and their servant and for carrying their hopes and dreams to this place. While I have lived and worked in other places in North America in my career, I have always felt and known that the communities of Flamborough—Glanbrook—Brant North are my true home, and home is where the heart is. It is the honour of my lifetime to serve these great communities. I want to thank my campaign team, including Simon, Mona, Jordan, Wendy, Jim and hundreds of volunteers. Above all, I thank my wife, Tracy, without whose love and support I certainly would not be here today. I will now go to the matter at hand. Canadians are struggling, not because we lack talent and not because we lack resources, but because we are too often being held back by red tape, gatekeeping and a government that over-promises and under-delivers. Nowhere is that clearer than when it comes to getting big projects built or trying to move goods and services and workers across provincial lines in our own country. These barriers do not cost us only time and money. They also cost us opportunities, investments and jobs. That is why Bill C-5, an act to enact the free trade and labour mobility in Canada act and the building Canada act, is such a missed opportunity. It claims to deliver free trade and fast-tracked projects, but what it would deliver is bureaucratic theatre, a showpiece of announcements without the substance to back them up. I hope the committee will take the time to hear from the premiers and from the building trades before it gets to clause-by-clause, because the labour mobility side of this bill, which is the half that actually touches workers crossing provincial lines, has had almost no examination so far."
ga058,"More than $220 million in federal funding, on the department's own announcements, went to Stellantis before it announced it was shifting production to the United States. At Algoma Steel, the Liberals approved loans of, I believe, about $400 million, even though they knew the company's business plan included major layoffs. They are literally subsidizing the loss of Canadian jobs. Folks who work in the auto industry, including those at Honda in my community of Alliston, know their livelihoods could be next, because if the government will not fight for workers in Brampton, Windsor, Oshawa or the Soo, it will not fight for them either. If the Liberals' failure to stand up to the United States was not bad enough, an equally serious and entirely self-inflicted threat to the Canadian auto industry comes from their own policies. Their obsessive push for an EV mandate has created uncertainty across the sector. For years, they have warned manufacturers and consumers that gas-powered vehicles would be banned, only to delay its implementation and repeatedly review and assess it. It has been delayed again, and there is still no clarity on what comes next. How can an industry that plans years in advance function when the Liberal government cannot provide even the most basic certainty? Automakers are finalizing their 2028 models today, and they are still guessing at what they will be able to manufacture under this shifting mandate. This has nothing to do with Donald Trump or the United States. The uncertainty choking the Canadian auto industry is made in Ottawa by the Liberals. They boast about supporting pipelines while key ministers work behind the scenes to stop them from ever being built. They scrapped the consumer carbon tax only to impose a harsher industrial version that lands squarely on manufacturers. With their shifting EV mandate, the same pattern repeats: big rhetoric about confronting Trump and strengthening the auto sector, even as they cripple the industry with policies that undermine its ability to survive. Auto workers deserve good, stable, paying jobs in a competitive climate that attracts investment."
ga059,"Madam Speaker, I rise on this opposition day to speak to the motion now before the House, which calls on the government to adopt a specific Conservative plan to deliver immediate relief at the pump. I will be splitting my time.

A parent in my riding got up this morning, strapped their kids in their car and drove them to school. They then went to work. Before they did any of that, they stopped at the pump. One year ago, that fill-up cost them roughly $92 for a minivan. Last week, it cost them more than $127. Next week, it might be more.

Over the years, deliberate policy choices the Liberal government has made built a tax structure on fuel that now squeezes Canadians every time they grip the nozzle. The Prime Minister says he wants to govern in a collaborative way, but the results are nonexistent. His rhetoric needs to match reality. The relief he has announced removes only one tax, the fuel excise tax, and only from April 20 until Labour Day, which is to say the measure lapses before this House returns in the fall, and so the promise that he will deliver on affordability is an illusion.

The CAA's own price tracker tells the story plainly. Gas across Canada now averages more than $1.82 a litre, up from $1.32 a year ago and just $1.52 six short weeks ago. That is a 38% spike in the cost of getting to work, getting kids to school and getting food to market. For millions of Canadians who are already living paycheque to paycheque, this compounding crisis, layered on top of crises the government has created, is too much to bear. That is why we are here today to debate the motion, and why we are calling on the government to adopt our plan and provide immediate relief for families.

When the parliamentary secretary rises after me, government members are going to tell us that this is about global oil markets. They will reference the Middle East. They will explain the Strait of Hormuz. We have heard the Prime Minister use at a press conference the exact same description I just referenced, saying it is beyond Canada's control and asking what we could possibly do."
ga060,"When a father in Deer Lake fills up his truck to go to work, he is paying a premium for the Liberal government's ideology. When a senior in Burgeo looks at the cost of home heating fuel, she is being squeezed by a Liberal plan that makes her life harder every single day. In that context, one would expect the legislation to show restraint and focus on affordability, but instead, it introduces $37 billion in new Liberal spending, on top of tens of billions already committed. It proposes the creation of a sovereign wealth fund that has no wealth behind it, relying instead on borrowed money. It would allocate billions more to international climate finance, millions for conferences and billions in subsidies that would do little to address the immediate pressures facing hard-working Canadians. This is not a targeted plan to help families. It is an expansion of government at a time when Canadians need the exact opposite.

Liberals brag about $37 billion in spending, yet if we talk to any small business owner or walk into any grocery store and ask how they are managing to navigate in this environment, they do not want to hear about billions of dollars for international climate conferences. They want to know when prices are going to start to go down so they can manage to drive their kids to the activities they love and, at the same time, keep food on their tables. Seniors still living in their homes on a fixed income want to know when their money will once again be enough to live off. Entrepreneurs want to have confidence that they can grow their business and hire more staff instead of constantly facing more costs that create uncertainty and stress. They want to innovate and work on their business instead of constantly wondering how they are going to make payroll, and they want to keep contributing to their communities instead of cutting back because of constantly higher costs. The $37 billion is written into this bill. The date on which any of those prices comes down is not written into it anywhere, and the minister has not yet given me one."
ga061,"This is a recurring theme with the Liberal government's approach to the economy. It is always our people who have to suffer the consequences of this Prime Minister's economic and trade failures, and right now they are struggling in record numbers. New insolvency data from the Office of the Superintendent of Bankruptcy shows that over 37,000 Canadians filed for insolvency in the first quarter of 2026, which is, I believe, the highest level since the great recession. Our people are carrying about $2.6 trillion in household debt on the Statistics Canada figures, while mortgage delinquency has reached its highest level in five years. With this spring economic update, the Liberals are adding more debt, more costs and more taxes on the backs of Canadians, who are already at the breaking point. Even worse, all this is taking place while Canada is still without a trade agreement with the United States. The uncertainty, tariffs and job losses that flow from that into auto manufacturing, into agriculture and right across the economy have more of an impact than anything announced in this update. The Liberals are failing on both fronts: They have not lowered the debt, increased investment or unleashed our economy, and they still have not gotten Canadians the trade deal they need. The Liberals would have us believe that if one does not support their spending, their failures and their misplaced priorities, they somehow do not support this country. It is crazy. Some members in this House may choose to set aside their principles to prop up this government. However, as a member of His Majesty's loyal opposition, my job is not to blindly support the government's agenda. It is to make Canada the best it can be by holding the government to account on behalf of Canadians."
ga062,"While the Liberal government continues to rack up debt and deficits, cost of living pressures mount. There are higher taxes, higher inflation and a rising burden on ordinary Canadians. At the same time, we see record food bank growth, including in my constituency at the Samaritan House Ministries food bank in downtown Brandon. This is a rising burden on ordinary Canadians that is resulting in families skipping meals and seniors being forced to choose between heating their homes or putting fuel in their cars. That is not governmental success. It is a systemic failure on a grand scale that is forcing more and more Canadians to be reliant on government handouts just to get by. The Liberal answer is more government programs, more spending and more planning, increasing the money supply, raising debt and calling it investment. This does not change the reality that every dollar collected from Canadians is being poured into interest payments and debt service rather than helping Canadian families make ends meet. I find it ironic that after a decade of lecturing Canadians, the Liberals have finally admitted what Conservatives have said from the very beginning. The carbon tax was a costly, punishing failure, and the mental gymnastics that these Liberals now go through, after 10 years of flogging how the carbon tax was going to save the planet and then proudly putting forward a bill that cancelled it, are nothing short of hypocritical. For years they mocked and demonized anyone who questioned their tax-and-spend climate scheme, and they told families in southwestern Manitoba that paying more to heat their homes, drive their trucks and buy their groceries was somehow good for them in the long run. Now 10 years later, in the middle of an affordability crisis that they helped create, they are walking back the very policy that they flogged and pushed for countless years. The industrial carbon price, I would note, is still in place, and nobody on that side has yet told the farmers and processors in Brandon—Souris what it will cost them next year."
ga063,"Mr. Speaker, this is a recurring theme with the Liberal government's approach to the economy. It is always our people who have to suffer the consequences of this Prime Minister's economic and trade failures, and right now they are struggling in record numbers. New insolvency data from the Office of the Superintendent of Bankruptcy shows that over 37,000 Canadians filed for insolvency in the first quarter of 2026, which is, I believe, the highest level since the great recession. Statistics Canada puts household debt in this country at roughly $2.6 trillion, and mortgage delinquency has reached its highest level in five years. With this spring economic update, the Liberals are adding more debt, more costs and more taxes on the backs of Canadians, who are already at the breaking point. Even worse, all this is taking place while Canada is still without a trade agreement with the United States. The uncertainty, tariffs and job losses that flow from that into auto manufacturing, into agriculture and right across the economy have more of an impact than anything announced in this update. The Liberals are failing on both fronts. They have not lowered the debt, increased investment or unleashed our economy, and they still have not gotten Canadians the trade deal they need. The Liberals would have us believe that if one does not support their spending, their failures and their misplaced priorities, they somehow do not support this country. It is crazy. Some members in this House may choose to set aside their principles to prop up this government. However, as a member of His Majesty's loyal opposition, my job is not to blindly support the government's agenda. My job is to hold the government to account on behalf of Canadians and to make this country the best it can be."
ga064,"After a decade of Liberal catch-and-release bail policies, the repeal of mandatory minimum sentences and a series of laws that consistently place the interests of offenders ahead of those of victims, Canadians are understandably concerned and afraid. Since 2015, under the Liberal government, human trafficking has increased by 84%, sexual assaults are up nearly 76% and violent crime overall has increased by almost 55%. Those numbers are staggering. They are not abstract statistics pulled from thin air but represent real people in our communities. When violent crime rises by more than half in less than a decade, that is not bad luck. That is policy failure. Crime did not rise by accident. It rose after the Liberals introduced bail reform, their version of it, which actually weakened bail, repealed mandatory minimum sentences and repeatedly signalled that incarceration should be the last resort, even for serious and violent offenders. When a government lowers consequences, crime rises. This is the backdrop against which Bill C-16 must be assessed. I want to pause here to speak directly about what rising crime looks like in Oshawa, because national statistics tell only part of the story. One of my constituents, Karen Pilkey, who has run a variety store on Simcoe Street for 22 years, wrote to me in December. She said, and I am reading her words as she sent them to me: ""I have been broke into four times in two years and the same fella did two of them. He was out again before my window was even fixed, and the officer who came told me not to expect anything different. I am 61 years old and I am now closing at 6 because I do not feel safe standing behind my own counter after dark."" Those are not partisan words. Oshawa is my home, where I was born and raised and where I have raised my children. Our neighbours still believe in looking out for one another. Oshawa is a community built on hard work, responsibility and fairness, and it deserves to feel safe."
ga065,"Mr. Speaker, as always, it is a privilege to rise in the House on behalf of my wonderful neighbours in Oshawa. My neighbours are struggling today after 1,200 folks worked their last shift, the auto workers in Oshawa, but today I am here to speak to other measures of affordability that should help those folks and to our Conservative motion, which is a solution-oriented proposal. It would provide relief at the grocery store for all Canadians.

Over the course of the last campaign and in every week since, I have had numerous conversations with Oshawa residents that have stayed with me. Julie Kavanagh, who has volunteered at the Feed the Need in Durham warehouse in Oshawa for nine years, put it to me this way in January, and I wrote it down: ""We used to see a family once, in a bad month, and then they'd get back on their feet and we wouldn't see them again. Now they're back the next month, and the month after that, and they apologize every single time, which breaks my heart, and half of them are working, some of them at two jobs, and the grocery bill still doesn't work."" Those are not partisan words.

Canadians are tired. They are anxious. They are worried. They are wondering how a basic necessity such as food has become the heavy burden. My neighbours in Oshawa whom I speak with are not asking for luxuries or handouts. They are asking this simple, honest question: how are they supposed to keep feeding their families when prices rise month after month and their paycheques do not? In Oshawa, this pressure is visible everywhere. Families who once felt stable are now stretched to their limits. Seniors who planned carefully for retirement are making painful choices between groceries and other essentials. Workers who do everything right are discovering that hard work alone is no longer enough to keep up."
ga066,"Madam Speaker, a parent in my riding got up this morning, strapped their kids in their car and drove them to school. They then went to work. Before they did any of that, they stopped at the pump. One year ago, that fill-up cost them roughly $92 for a minivan. Last week, I am told, it cost them more than $127, and next week it might be more.

Over the years, deliberate policy choices the Liberal government has made built a tax structure on fuel that now squeezes Canadians every time they grip the nozzle. The Prime Minister says he wants to govern in a collaborative way, but the results are nonexistent. His rhetoric needs to match reality. The promise that he will deliver on affordability is an illusion, when he is out to remove only one tax, the fuel excise tax, and only from April 20 until Labour Day.

The Canadian Automobile Association's own price tracker tells the story plainly. Gas across Canada now averages, I believe, about $1.82 a litre. The same tracker had it at $1.32 a year ago and at just $1.52 six short weeks ago. On the association's own numbers that is a 38% spike in the cost of getting to work, getting kids to school and getting food to market, and Statistics Canada measures the same pressure every month in the gasoline component of the consumer price index. For millions of Canadians who are already living paycheque to paycheque, this compounding crisis, layered on top of crises the government has created, is too much to bear.

That is why we are here today to debate the motion. Conservatives have brought a specific plan to deliver immediate relief at the pump. We are calling on the government to adopt it. Families need immediate relief.

Government members are going to rise today and tell us that this is about global oil markets. They will reference the Middle East. They will explain the Strait of Hormuz. We have heard the Prime Minister use at a press conference the exact same description I just referenced, saying it is beyond Canada's control and asking what we could possibly do."
ga067,"Mr. Speaker, I rise to speak to Bill C-16, an act to amend the Criminal Code with respect to bail and sentencing, at the second reading stage. After a decade of Liberal catch-and-release bail policies, the repeal of mandatory minimum sentences and a series of laws that consistently place the interests of offenders ahead of those of victims, Canadians are understandably concerned and afraid. Since 2015, under the Liberal government, human trafficking has increased by 84%, sexual assaults are up nearly 76% and violent crime overall has increased by almost 55%. Those numbers are staggering. They are not abstract statistics pulled from thin air but represent real people in our communities. They represent victims whose lives have been changed forever, families whose sense of safety has been shattered, and communities that no longer feel protected by the justice system that is supposed to serve them. When violent crime rises by more than half in less than a decade, that is not bad luck. It is policy failure. Crime did not rise by accident. It rose after the Liberals introduced bail reform, their version of it, which actually weakened bail, repealed mandatory minimum sentences and repeatedly signalled that incarceration should be the last resort, even for serious and violent offenders. When a government lowers consequences, crime rises and Canadians are forced to live with the results of that approach every day. This is the backdrop against which Bill C-16 must be assessed, and I hope it is the backdrop the justice committee keeps in front of it when the bill goes there for clause-by-clause. I want to pause here to speak directly about what rising crime looks like in Oshawa, because national statistics tell only part of the story. Oshawa is my home, where I was born and raised and where I have raised my children. Our neighbours still believe in looking out for one another. Oshawa is a community built on hard work, responsibility and fairness, and it is a community that deserves to feel safe."
ga068,"Bill C-10 is a priority for modern treaty nations across Canada. At present there are 27 self-governing nations operating under modern treaties. In the Yukon today, 11 out of 14 first nations are governed by such agreements. Taken together, these agreements cover a significant portion of Canada's land and sea mass, particularly in the north. They involve thousands of specific obligations and engage more than 30 federal departments and agencies. This scale and this complexity make effective implementation essential. They also make coordination challenging. The Yukon stands as a strong example of what modern treaties can achieve. Yukon first nations exercise law-making authority, manage lands and resources and deliver programs and services in accordance with their agreements. At the same time, the Yukon's experience demonstrates a clear lesson. Even well-designed treaties require consistent and coordinated federal follow-through if they are able to fully achieve their intent. Implementation is not automatic. It requires sustained attention, institutional knowledge and accountability over time. Bill C-10 was thoroughly studied by the Standing Committee on Indigenous and Northern Affairs, of which I am a member. The committee heard testimony from 27 witnesses representing self-governing first nations from across Canada. One of them, Sharon Nadli, who appeared on behalf of a self-governing nation in the north, put it to us this way: ""We have been implementing our agreement for over twenty years now. Every time there is a change of deputy minister, or a reorganization in a department, we start over. We explain the treaty again. We explain our own agreement to the officials who are supposed to be carrying it out, and we do that at our own cost, out of our own program dollars, year after year."" That was the evidence. After clause-by-clause consideration of the bill, the committee reported the bill back to the House without amendment so far. That report was unanimous. Witnesses from across the country spoke clearly about the need for an independent body dedicated to modern treaty implementation. They emphasized that existing mechanisms have not been sufficient to address systemic and recurring challenges."
ga069,"Mr. Speaker, I rise to speak to Bill C-12, and I want to say at the outset that I will be voting against it when the question is put. My colleagues on this side have raised the same objections at every stage, and we have yet to hear an answer from the minister. The only thing more dangerous than a government that refuses to defend its borders is a government that no longer believes Canada is worth defending. However, there is hope. There is another path, one led by a man who understands that freedom and order are not opposites but partners. This man is the Leader of the Opposition, and under his leadership, Canada will again have borders that are strong, streets that are safe and a government that minds its own business instead of that of others. The people I represent are ready for that Canada, a Canada in which government protects what matters and leaves the rest to the good sense of the people. They are ready to trade slogans for strength, control for courage and Liberal wokeism for Conservative common sense, because they know the Liberal government has forgotten that freedom is not granted by politicians but is inherited by patriots. Bill C-12 is not a solution. The bill is exactly the problem, and it is just another example of a government that has lost its way. When this goes to committee, I expect the witnesses will say the same thing, and I expect the amendments will be voted down the same way they were the last time. On behalf of the people of Miramichi—Grand Lake, on behalf of every Canadian who believes in borders, law and liberty, I will vote against the bill. Only Conservatives will restore a Canada that is once again strong, sovereign and free."
ga070,"The only thing more dangerous than a government that refuses to defend its borders is a government that no longer believes Canada is worth defending. However, there is hope. There is another path, one led by a man who understands that freedom and order are not opposites but partners. This man is the Leader of the Opposition, and under his leadership, Canada will again have borders that are strong, streets that are safe and a government that minds its own business instead of that of others. The people I represent are ready for that Canada, a Canada in which government protects what matters and leaves the rest to the good sense of the people. They are ready to trade slogans for strength, control for courage and Liberal wokeism for Conservative common sense, because they know the Liberal government has forgotten that freedom is not granted by politicians but is inherited by patriots. Bill C-12 does not fix the problem it claims to fix. The bill is just another example of a government that has lost its way. On behalf of the people of Miramichi—Grand Lake, on behalf of every Canadian who believes in borders, law and liberty, I will vote against the bill, and if it survives this stage I will be asking that the committee hear from the front-line officers who will have to administer it before a single clause of it is passed."
ga071,"After a decade of Liberal catch-and-release bail policies, the repeal of mandatory minimum sentences and a series of laws that consistently place the interests of offenders ahead of those of victims, Canadians are understandably concerned and afraid. Since 2015, under the Liberal government, human trafficking has increased by 84%, sexual assaults are up nearly 76% and violent crime overall has increased by almost 55%. Those numbers are staggering. They are not abstract statistics pulled from thin air. They represent real people in our communities. They represent victims whose lives have been changed forever, families whose sense of safety has been shattered, and communities that no longer feel protected by the justice system that is supposed to serve them. When violent crime rises by more than half in less than a decade, that is not bad luck. That is policy failure. Crime did not rise by accident. It rose after the Liberals introduced bail reform, their version of it, which actually weakened bail, repealed mandatory minimum sentences and repeatedly signalled that incarceration should be the last resort, even for serious and violent offenders. When a government lowers consequences, crime rises, and Canadians are forced to live with the results of that approach every day. This is the backdrop against which Bill C-16 must be assessed. I want to pause here to speak directly about what rising crime looks like in Oshawa, because national statistics tell only part of the story. Oshawa is my home, where I was born and raised and where I have raised my children. Our neighbours still believe in looking out for one another. Oshawa is a community built on hard work, responsibility and fairness, and it is a community that deserves to feel safe."
ga072,"Mr. Speaker, I rise at second reading of the budget implementation bill to bring this debate back to what the numbers in it look like in Brandon—Souris. While the Liberal government continues to rack up debt and deficits, cost of living pressures mount. There are higher taxes, higher inflation and a rising burden on ordinary Canadians. At the same time, we see record food bank growth, including in my constituency at the Samaritan House Ministries food bank in downtown Brandon. This is a rising burden on ordinary Canadians that is resulting in families skipping meals and seniors being forced to choose between heating their homes or putting fuel in their cars. That is not governmental success. It is a systemic failure on a grand scale that is forcing more and more Canadians to be reliant on government handouts just to get by. The Liberal answer is more government programs, more spending and more planning, increasing the money supply, raising debt and calling it investment. This does not change the reality that every dollar collected from Canadians is being poured into interest payments and debt service rather than helping Canadian families make ends meet. I find it ironic that after a decade of lecturing Canadians, the Liberals have finally admitted what Conservatives have said from the very beginning. The carbon tax was a costly, punishing failure, and the mental gymnastics that these Liberals now go through, after 10 years of flogging how the carbon tax was going to save the planet and then proudly putting forward a bill that cancelled it, are nothing short of hypocritical. For years they mocked and demonized anyone who questioned their tax-and-spend climate scheme, and they told families in southwestern Manitoba that paying more to heat their homes, drive their trucks and buy their groceries was somehow good for them in the long run. Now 10 years later, in the middle of an affordability crisis that they helped create, the Liberals are desperately trying to walk back the very policy that they flogged and pushed for countless years. When this bill reaches the finance committee, we will be asking officials for the departmental estimate of what that walk-back actually saves a household in my riding."
ga073,"Mr. Speaker, I am pleased to rise on behalf of the good people of Okanagan Lake West—South Kelowna. I would like to inform you that I will be sharing my time with the hon. member for Lethbridge. Today's debate is an important one because it goes directly to the affordability crisis Canadians are living through. Often in this place, along with much of the media, we tend to focus on things we most disagree on. Today I will start with what I hope we can agree on: Canadians are struggling with the rising cost of living. They want practical solutions that lower costs now. That brings me to fuel prices, and I would observe, before I get to them, that this is one of the few files on which my constituents write to me without being asked. In recent weeks, Canadians have seen sharp increases in the price of gasoline and diesel. Families felt it immediately, and so did farmers, truckers, tradespeople, small businesses and anyone who depends on transportation, including, in my own riding, the growers who move fruit out of the valley in the last weeks of the season and who told me, when I met with them, that a swing of a few cents a litre on diesel is the difference between a season that pays for itself and one that does not. Some will say that global events are to blame, and that may be true, but Canadians do not elect us to describe the problem and then do nothing. They elect us to find solutions. I will now come back to what we have actually proposed. This is why the Conservative official opposition has led the debate on gas prices and affordability. We are not shrugging our shoulders while Canadians struggle, nor have we simply named the problem, but we have proposed solutions."
ga074,"This is a recurring theme with the Liberal government's approach to the economy. It is always our people who have to suffer the consequences of this Prime Minister's economic and trade failures, and right now they are struggling in record numbers. New insolvency data from the Office of the Superintendent of Bankruptcy shows that over 37,000 Canadians filed for insolvency in the first quarter of 2026, which I believe is the highest level since the great recession. Statistics Canada has our people carrying about $2.6 trillion in household debt, and mortgage delinquency has reached its highest level in roughly five years. With this spring economic update, the Liberals are adding more debt, more costs and more taxes on the backs of Canadians, who are already at the breaking point.

Even worse, all this is taking place while Canada is still without a trade agreement with the United States. The uncertainty, tariffs and job losses that flow from that into auto manufacturing, into agriculture and right across the economy have more of an impact than anything announced in this update. The Liberals are failing on both fronts. They have not lowered the debt, increased investment or unleashed our economy, and they still have not gotten Canadians the trade deal they need.

The Liberals would have us believe that if one does not support their spending, their failures and their misplaced priorities, they somehow do not support this country. I find that argument crazy. Some members in this House may choose to set aside their principles to prop up this government. However, as a member of His Majesty's loyal opposition, my job is not to blindly support the government's agenda. My job is to make Canada the best it can be by holding the government to account on behalf of Canadians."
ga075,"However, there is an even more troubling pattern here. Under the trade continuity agreement, the U.K. has not been acting fairly toward our pork and cattle producers. The U.K. objects to carcass washes applied at Canadian slaughter plants and opposes the use of growth promotants in beef and pork production. The trade statistics tell the real story of the Liberal government's failure to stand up for our producers. On the Statistics Canada numbers, Britain exported over 40 million dollars' worth of beef into Canada in 2024 and, I believe, nearly 30 million dollars' worth in the first half of 2025. In comparison, Canada exported to Britain just 25,000 dollars' worth in 2024 and, to date, has no beef exports in 2025. For those who are watching, that is 25,000 dollars' worth in 2024, which is unbelievable. This is not fair trade. This is a one-way street that favours British producers, while our farmers and ranchers face non-tariff barriers designed to shut them down.

As a mayor, I learned that economic development happens through work, not announcements. We attracted major investment to Moose Jaw by rolling up our sleeves and delivering results, something in the order of $1.3 billion of results over six years, not by staging photo ops but by standing up for our community and for our businesses. The government has forgotten that lesson.

The U.K. and Canada share more than just a monarch. We share values, institutions and centuries of partnership. From Vimy Ridge to Afghanistan, we have stood together. Now, when it comes to trade, we are making them wait while we sort out our bureaucratic mess. During my time at King's College London, I witnessed Britain's commitment to innovation, enterprise and global engagement. The U.K.'s decision to join CPTPP represents exactly that forward-thinking approach. Meanwhile, Canada is dragging its feet like we are still debating whether trade is good for the economy."
ga076,"Madam Speaker, I rise on the opposition motion before the House today, the motion calling on the government to deliver immediate relief at the pump, and I will be splitting my time. A parent in my riding got up this morning, strapped their kids in the car and drove them to school. They then went to work. Before they did any of that, they stopped at the pump. One year ago, that fill-up cost them roughly $92 for a minivan. Last week, it cost them more than $127. Next week, it might be more. Over the years, deliberate policy choices the Liberal government has made built a tax structure on fuel that now squeezes Canadians every time they grip the nozzle. The Prime Minister says he wants to govern in a collaborative way, but the results are nonexistent, and it is time for his rhetoric to match reality. He is out to remove only one tax, the fuel excise tax, and only from April 20 until Labour Day, which is why the affordability promise is an illusion. The CAA's own price tracker tells the story plainly. Gas across Canada now averages more than $1.82 a litre, up from $1.32 a year ago and just $1.52 six weeks ago, a 38% spike in the cost of getting to work, getting kids to school and getting food to market. For millions of Canadians already living paycheque to paycheque, this compounding crisis, layered on top of crises the government has created, is too much to bear. Conservatives have brought a specific plan for relief at the pump, and we are calling on the government to adopt it. I raised the same numbers in question period three weeks ago and got no answer. Government members will rise today and tell us this is about global oil markets. They will reference the Middle East. They will explain the Strait of Hormuz. The Prime Minister used that exact description at a press conference, saying it is beyond Canada's control and asking what we could possibly do."
ga077,"When a father in Deer Lake fills up his truck to go to work, he is paying a premium for the Liberal government's ideology. When a senior in Burgeo looks at the cost of home heating fuel, she is being squeezed by a Liberal plan that makes her life harder every single day. In that context, one would expect the legislation to show restraint and focus on affordability, but instead, it introduces $37 billion in new Liberal spending, on top of tens of billions already committed. It proposes the creation of a sovereign wealth fund that has no wealth behind it, relying instead on borrowed money. It would allocate billions more to international climate finance, millions for conferences and billions in subsidies that would do little to address the immediate pressures facing hard-working Canadians. That is an expansion of government at a time when Canadians need the exact opposite, rather than a targeted plan to help families. Liberals brag about $37 billion in spending, yet if we talk to any small business owner or walk into any grocery store and ask how they are managing to navigate in this environment, they do not want to hear about billions of dollars for international climate conferences. They want to know when prices are going to start to go down so they can manage to drive their kids to the activities they love and, at the same time, keep food on their tables. Seniors still living in their homes on a fixed income want to know when their money will once again be enough to live off. Entrepreneurs want to have confidence that they can grow their business and hire more staff instead of constantly facing more costs that create uncertainty and stress. They want to innovate and work on their business instead of constantly wondering how they are going to make payroll. They want to continue to contribute to their communities instead of having to cut back because of constantly higher costs. I asked the minister about the heating fuel line in this bill during questions and comments last week, and I have not had an answer yet."
ga078,"According to an article, an economic policy professor from the University of Toronto said that we are “teetering on the edge of a recession”, which will “have a disproportionate impact on young people.” The youth are usually the first and hardest hit when economic conditions are weak. Beyond the job market, young Canadians are trying to enter a housing market that is completely out of reach. Youth are watching their friends move back home, delaying starting families or leaving the country altogether to search for opportunity. They are not choosing these things. They are being pushed into them by government policies that have made life unaffordable. Today's youth are already facing a housing crisis, an impossible-to-enter job market and high living costs. Now the Liberals are saying not to worry. On top of all that, they get to pay for the Liberals' overspending for decades to come. Conservatives refuse to accept that. We believe the government should leave the next generation stronger, not burdened under a weight they did not choose. Third, the budget explodes bureaucracy instead of producing results. The cost of the federal bureaucracy has increased by 80% since 2015, and it grew by $6 billion just last year. Canadians are not asking for more agencies or more layers of red tape. They are asking for results that actually make their lives better. What does budget 2025 deliver to solve the issues concerning Canadians? It doubles bureaucracies to do the jobs of already existing agencies. We can take Build Canada Homes as an example. It was created to work with other sectors and departments to make housing more available and affordable. There is one problem, which is that this already exists. We already have the Canada Mortgage and Housing Corporation, which has programs to finance affordable housing and was already tasked with overseeing the national housing strategy. Instead of fixing its failures, the government simply creates new agencies to hide old problems, and that is duplication dressed up as innovation."
ga079,"Mr. Speaker, I rise on the second day of debate on the spring economic update, and I will be splitting my time with my colleague who sits with me on the finance committee. This is a recurring theme with the Liberal government's approach to the economy. It is always our people who have to suffer the consequences of this Prime Minister's economic and trade failures, and right now they are struggling in record numbers.

New insolvency data shows that over 37,000 Canadians filed for insolvency in the first quarter of 2026, the highest level since the great recession. Our people are carrying $2.6 trillion in household debt, while mortgage delinquency has reached its highest level in five years. With this update, tabled in this place last week, the Liberals are adding more debt, more costs and more taxes on the backs of Canadians, who are already at the breaking point.

Even worse, all this is taking place while Canada is still without a trade agreement with the United States. When officials came before the Standing Committee on Finance, they could not tell us when one would arrive. The uncertainty, tariffs and job losses that flow from that into auto manufacturing, into agriculture and right across the economy have more of an impact than anything announced in this update. The Liberals are failing on both fronts. They have not lowered the debt, increased investment or unleashed our economy, and they still have not gotten Canadians the trade deal they need.

The Liberals would have us believe that if one does not support their spending, their failures and their misplaced priorities, they somehow do not support this country. It is crazy. Some members in this House may choose to set aside their principles to prop up this government. However, as a member of His Majesty's loyal opposition, my job is not to blindly support the government's agenda. It is to make Canada the best it can be by holding the government to account on behalf of Canadians, and that is how I will be voting when the motion is put on Thursday."
ga080,"She also noted that those who receive custodial sentences tend to be removed, because they are in custody. Also, CBSA has historically prioritized people serving criminal sentences because they are, frankly, easy to find. We further heard from representatives of the Refugee Centre, who told us that, in the first nine months of 2025, the acceptance rates for refugee claims reached 78%, of which less than 1% were fraudulent claims. This tells us that the initial decision-making is generally sound and that our system is working. Yes, it is overloaded, but it is working. Everyone deserves to be and feel safe in their communities, and that is why Canada's government is taking real action to keep Canadians safe, not through slogans and divisive rhetoric but through comprehensive, evidence-based reforms. We have introduced several major bills: Bill C-2, the strong borders act; Bill C-12, the immigration system and borders act; and Bill C-14, the bail and sentencing reform act, which has introduced over 80 targeted criminal code reforms, many directly addressing extortion. Bill C-14 would create a new reverse onus for individuals charged with violent extortion, making bail significantly harder to obtain. It would require sentences for extortion to be served consecutively to sentences for related offences like arson. It would prohibit weapons at bail for those accused of extortion and organized crime offences. It would strengthen bail conditions for organized crime-related extortion, including geographic restrictions. Here is what the Canadian Association of Chiefs of Police put on the record about that bill, and I quote: “The measures set out in Bill C-14, in particular the reverse onus provisions and the consecutive sentencing for extortion offences, reflect recommendations our members have advanced for several years, and we support their adoption. Chiefs across the country have asked for broader reverse onus provisions and tougher penalties for organized crime.” Those are the words of the association, not mine. We have also made the largest single investment in Canadian border security, $1.3 billion. We are hiring 1,000 new CBSA officers and 1,000 new RCMP personnel. On top of all that, we have created a financial crimes agency to combat money laundering and organized crime."
ga081,"After a decade of Liberal catch-and-release bail policies, the repeal of mandatory minimum sentences and a series of laws that consistently place the interests of offenders ahead of those of victims, Canadians are understandably concerned and afraid. Since 2015, under the Liberal government, police-reported human trafficking has increased by about 84% and sexual assaults are up, I believe, by nearly 76%, according to the figures Statistics Canada publishes each summer. Violent crime overall has increased by roughly 55% over the same period. Those numbers are staggering. They are not abstract statistics pulled from thin air but represent real people in our communities. They represent victims whose lives have been changed forever, families whose sense of safety has been shattered, and communities that no longer feel protected by the justice system that is supposed to serve them. That rise was not bad luck. That was policy failure. Crime did not rise by accident. It rose after the Liberals introduced bail reform, their version of it, which actually weakened bail, repealed mandatory minimum sentences and repeatedly signalled that incarceration should be the last resort, even for serious and violent offenders. When a government lowers consequences, crime rises and Canadians are forced to live with the results of that approach every day. This is the backdrop against which Bill C-16 must be assessed. I want to pause here to speak directly about what rising crime looks like in Oshawa, because national statistics tell only part of the story. Oshawa is my home, where I was born and raised and where I have raised my children. Our neighbours still believe in looking out for one another. Oshawa is a community built on hard work, responsibility and fairness, and it is a community that deserves to feel safe."
ga082,"Mr. Speaker, we have a whole lot of policies that we are going to be addressing or bringing up. First, we should stop adding costs to food at every step of the supply chain. Conservatives would review and roll back federal policies that directly increase the cost of producing, processing, packaging and transporting food. When government adds costs to fertilizer, energy and transportation, these costs do not disappear. They land on grocery bills. Statistics Canada's index for food purchased from stores was, I believe, still running above the headline rate the last time it was published, and members can check me on that. Food is a necessity, and policy must treat it that way. Second, we should target help to the people who actually need it and make it permanent. Conservatives support targeted, predictable relief indexed to food costs for seniors, people on disability and low-income Canadians, not temporary cheques that expire while prices stay high. Fixed incomes must keep pace with the real cost of living, especially groceries. Ultimately, with the cost of food—"
ga083,"Mr. Speaker, more than $220 million in federal funding went to Stellantis N.V. before it announced it was shifting production to the United States, and at Algoma Steel Group Inc. the Liberals approved $400 million in loans, even though they knew the company's business plan included major layoffs. They are literally subsidizing the loss of Canadian jobs. Folks who work in the auto industry, including those at Honda of Canada Manufacturing in my community of Alliston, know their livelihoods could be next, because if the government will not fight for workers in Brampton, Windsor, Oshawa or Sault Ste. Marie, it will not fight for them either. If the Liberals' failure to stand up to the United States was not bad enough, an equally serious and entirely self-inflicted threat comes from their own policies. Their obsessive push for the Electric Vehicle Availability Standard, the EV mandate, has created uncertainty across the sector. For years, they have warned manufacturers and consumers that gas-powered vehicles would be banned, only to delay its implementation and repeatedly review and assess it. It has been delayed again, and there is still no clarity on what comes next. How can an industry that plans years in advance function when the government cannot provide even the most basic certainty? Automakers are finalizing their 2028 models today, and they are still guessing at what they will be able to manufacture under this shifting mandate. This has nothing to do with Donald Trump or the United States. The uncertainty choking the industry is made in Ottawa. They boast about supporting pipelines while key ministers work behind the scenes to stop them from ever being built. They scrapped the consumer carbon tax only to impose a harsher industrial version that lands squarely on manufacturers. Auto workers deserve good, stable, paying jobs in a competitive climate that attracts investment."
ga084,"The only thing more dangerous than a government that refuses to defend its borders is a government that no longer believes Canada is worth defending. However, there is hope. There is another path, one led by a man who understands that freedom and order are not opposites but partners. This man is the Leader of the Opposition, and under his leadership, Canada will again have borders that are strong, streets that are safe and a government that minds its own business instead of that of others. The people I represent are ready for that Canada, a Canada in which government protects what matters and leaves the rest to the good sense of the people. They are ready to trade slogans for strength, control for courage and Liberal wokeism for Conservative common sense, because they know the Liberal government has forgotten that freedom is not granted by politicians but is inherited by patriots. Bill C-12 does not solve the problem. The bill is the problem, and it is just another example of a government that has lost its way. On behalf of the people of Miramichi—Grand Lake, on behalf of every Canadian who believes in borders, law and liberty, I will vote against the bill. Only Conservatives will restore a Canada that is once again strong, sovereign and free. I would add, before I sit down, that if the bill does get past this stage, I will be asking the minister at committee why the border provisions were not split out and sent to us on their own, and I hope somebody on the government benches has an answer ready, because we did not get one during the briefing."
ga085,"Madam Speaker, I rise at second reading of Bill C-12, and the failures do not end where I left off. The Liberals also refuse to acknowledge their abject failure on border security, another critical element that Bill C-12 purportedly aims to address. Earlier this year, the Canada Border Services Agency revealed that 600 foreign criminals were scheduled for deportation, but now they have gone missing in custody. This is completely unacceptable and represents a grave threat to public safety.

Canada's border must be secure to protect Canadians from criminals and illegal activities, including fentanyl trafficking and gun smuggling. Canadians deserve better from their government, one that respects their privacy, does not overreach with warrantless surveillance powers and is serious about fighting fentanyl by imposing real consequences on traffickers. Canadians deserve a government that protects our borders, enforces immigration laws fairly and firmly and supports law enforcement in combatting organized crime, and a government that does not leave foreign criminals at large in our communities.

Canadians are looking to this House for leadership, not partisanship, on critical issues like public safety and immigration. While we have serious concerns about how the government first approached matters in Bill C-2, the predecessor bill that died on the Order Paper, we also acknowledge that Bill C-12 represents a step in the right direction. This very step came because Canadians raised their voices and the Conservatives did our job: We were listening, we pushed back and we demanded better on behalf of the citizens of this country.

Our work here is not done. When the question is put on second reading, we will support moving Bill C-12 to the Standing Committee on Public Safety and National Security, where it will be scrutinized carefully clause by clause, where we will ask officials from the Canada Border Services Agency to account for those 600 files, and where we will bring amendments to improve it even further."
ga086,"Mr. Speaker, I rise to speak to Bill C-5, an act to enact the free trade and labour mobility in Canada act and the building Canada act, at the second reading stage, and I will be splitting my time with a great new member, the hon. member for Terra Nova—The Peninsulas. Since this is my first time speaking for a substantive length of time since the election, please allow me to thank the hard-working, industrious people of Flamborough—Glanbrook—Brant North for the honour of being their voice and their servant and for carrying their hopes and dreams to this place. While I have lived and worked in other places in North America in my career, I have always felt and known that the communities of Flamborough—Glanbrook—Brant North are my true home, and home is where the heart is. It is the honour of my lifetime to serve these great communities. I want to thank my campaign team, including Simon, Mona, Jordan, Wendy, Jim and hundreds of volunteers. Above all, I thank my wife, Tracy, without whose love and support I certainly would not be here today. I will now go to the matter at hand. Canadians are struggling, not because we lack talent and not because we lack resources, but because we are too often being held back by red tape, gatekeeping and a government that over-promises and under-delivers. Nowhere is that clearer than when it comes to getting big projects built or trying to move goods and services and workers across provincial lines in our own country. These barriers cost us time and money, and they cost us opportunities, investments and jobs. That is why this bill, which the government wants sent to committee before the House rises, is such a missed opportunity. It claims to deliver free trade and fast-tracked projects, but what it would deliver is bureaucratic theatre, a showpiece of announcements without the substance to back them up. Those are the questions I will be putting at committee."
ga087,"Despite these six entities, no modern treaties have been finalized. The six entities are specifically designed to monitor, support and ensure the implementation of treaties. Are we to believe that a seventh entity, the commissioner for modern treaty implementation, would be the solution? Perhaps the answer lies not in creating more agencies but in holding accountable those who failed to fulfill their existing duties. The Prime Minister should start dismissing the officials who fall short, and the minister should say today whether anyone has been. Ministers and officials must take on the responsibilities and obligations they already have, whether with respect to modern treaties, self-government provisions or historical agreements. Since the 1970s, Canada has pursued modern treaties to move beyond the numbered treaties of the past. These comprehensive agreements establish self-government, define resource rights and confirm judicial authority. Today, over two dozen modern treaties are in force across Canada, from Yukon to Nunavut, British Columbia, Quebec and Labrador. These agreements represent some of the most advanced models of indigenous government in the world, yet the reality is uneven. Others remain mired in administrative barriers, forced to renegotiate and litigate rights they believed were secure. Many indigenous governments have waited years for the federal side to move, and treaty implementation has meant delays. Departments apply treaty commitments inconsistently, and fiscal transfers are often structured to preserve federal control rather than empower indigenous economy. Last, what Canadians and first nations communities, Métis and Inuit have seen for far too long is that the government is great at building bureaucracy but is not really great at getting things done."
ga088,"Canada has the expertise. We have the workers, we have the minerals, we have the manufacturing capacity and now we have the vision to be an energy superpower for the 21st century. Since 2020, over $34 billion has flowed to Canada through major investments in the batteries and automotive supply chain, and that is just the beginning. These investments are not distant promises. Factories are going up, equipment is coming in, and on top of that, developing new mines and new processing plants for a national EV supply chain will contribute upward of $16 billion to our annual GDP and create up to 40,000 well-paying jobs over the next decade for our children and our grandchildren. That is real economic growth with a real impact on real people's lives. To realize these benefits, Canada has been building. We know that making the decision to switch to electric vehicles is a big step for most families. That is why we have invested in practical support. Canadians will benefit from a network of tens of thousands of electric vehicle chargers, funded by the zero-emission vehicle infrastructure program, and with the Canada Infrastructure Bank's deploying another 5,000 EV chargers, we are making sure charging is available for rural, remote and urban communities, ensuring range anxiety soon becomes a thing of the past. Over the past weekend, I was at a local shopping mall. There were half a dozen chargers there, and every one of them was filled with someone filling up their car, which happens very quickly. They would move out and someone else would move in. The electric vehicle availability standard that the Conservatives are opposing will actually incentivize the construction of thousands of new charging stations. We believe, on this side of the House, that Canadians deserve real, reliable information about their options. The first compliance year under the standard is not far off, and dealers in my riding have written to ask when the guidance they need for it will be published. I have raised that with the department twice and I do not yet have a date to give them."
ga089,"However, there is an even more troubling pattern here. Under the Canada-United Kingdom Trade Continuity Agreement, the U.K. has not been acting fairly toward our pork and cattle producers. The U.K. objects to carcass washes applied at Canadian slaughter plants under the oversight of the Canadian Food Inspection Agency, or CFIA, and opposes the use of growth promotants in beef and pork production. The trade statistics tell the real story of the Liberal government's failure to stand up for our producers. Britain exported over 40 million dollars' worth of beef into Canada in 2024 and nearly 30 million dollars' worth in the first half of 2025. In comparison, Canada exported to Britain just 25,000 dollars' worth in 2024 and, to date, has no beef exports in 2025. For those who are watching, that is 25,000 dollars' worth in 2024, which is unbelievable. This is not fair trade. This is a one-way street that favours British producers, while our farmers and ranchers face non-tariff barriers designed to shut them down. Neither the Minister of International Trade nor Agriculture and Agri-Food Canada has moved that number. As a mayor, I learned that economic development happens through work, not announcements. We attracted major investment to Moose Jaw by rolling up our sleeves and delivering results, $1.3 billion of results in six years, not by staging photo ops but by standing up for our community and for our businesses. The government has forgotten that lesson. The U.K. and Canada share more than just a monarch. We share values, institutions and centuries of partnership. From Vimy Ridge to Afghanistan, we have stood together. Now, when it comes to trade, we are making them wait while we sort out our bureaucratic mess. During my time at King's College London, I witnessed Britain's commitment to innovation, enterprise and global engagement. The U.K.'s decision to join the Comprehensive and Progressive Agreement for Trans-Pacific Partnership, or CPTPP, represents exactly that forward-thinking approach, and it should have been studied at the Standing Committee on International Trade months ago."
ga090,"The only thing more dangerous than a government that refuses to defend its borders is a government that no longer believes Canada is worth defending. However, there is hope. There is another path, one led by a man who understands that freedom and order are not opposites but partners. This man is the Leader of the Opposition, and under his leadership, Canada will again have borders that are strong, streets that are safe and a government that minds its own business instead of that of others. The people I represent are ready for that Canada, a Canada in which government protects what matters and leaves the rest to the good sense of the people. They are ready to trade slogans for strength, control for courage and Liberal wokeism for Conservative common sense, because they know the Liberal government has forgotten that freedom is not granted by politicians but is inherited by patriots. Bill C-12 is not a solution. It is exactly the problem, and it is one more example of a government that has lost its way. Only Conservatives will restore a Canada that is once again strong, sovereign and free. On behalf of the people of Miramichi—Grand Lake, on behalf of every Canadian who believes in borders, law and liberty, I will be voting against this bill when the question is put, and I will say the same thing to the minister at the public safety committee if the bill ever gets that far."
ga091,"Despite these six entities, no modern treaties have been finalized. The six entities are specifically designed to monitor, support and ensure the implementation of treaties. Are we to believe that a seventh entity, the commissioner for modern treaty implementation, would be the solution? Perhaps the answer lies not in creating more agencies but in holding accountable those who failed to fulfill their existing duties. It is time to start firing those who fall short. What we need are ministers and officials at Crown-Indigenous Relations and Northern Affairs Canada, or CIRNAC, and at every other department bound by these agreements, who take on the responsibilities and obligations they already have, whether with respect to modern treaties, self-government provisions or historical agreements. Since the 1970s, Canada has pursued modern treaties to move beyond the numbered treaties of the past. These comprehensive agreements establish self-government, define resource rights and confirm judicial authority. Today, over two dozen modern treaties are in force across Canada, from Yukon to Nunavut, British Columbia, Quebec and Labrador. These agreements represent some of the most advanced models of indigenous government in the world, yet the reality is uneven. Others remain mired in administrative barriers, forced to renegotiate and litigate rights they believed were secure. For many indigenous governments, treaty implementation has meant delays. Departments apply treaty commitments inconsistently, even under the Collaborative Modern Treaty Implementation Policy, and fiscal transfers are often structured to preserve federal control rather than empower indigenous economy. Last, what Canadians and first nations communities, Métis and Inuit have seen for far too long is that the government is great at building bureaucracy but is not really great at getting things done. That is a matter the Standing Committee on Indigenous and Northern Affairs ought to be putting to the deputy minister directly."
ga092,"Mr. Speaker, however, there is an even more troubling pattern here. Under the trade continuity agreement, the U.K. has not been acting fairly toward our pork and cattle producers. The U.K. objects to carcass washes applied at Canadian slaughter plants and opposes the use of growth promotants in beef and pork production. The trade statistics tell the real story of the Liberal government's failure to stand up for our producers. Britain exported over 40 million dollars' worth of beef into Canada in 2024 and nearly 30 million dollars' worth in the first half of 2025. In comparison, Canada exported to Britain just 25,000 dollars' worth in 2024 and, to date, has no beef exports in 2025. For those who are watching, that is 25,000 dollars' worth in 2024, which is unbelievable.

Wade, who runs a cow-calf operation north of Moose Jaw, wrote to my office last month, and I will read what he sent, as he wrote it: We were told for two years that this UK deal would open up a market for us and it has not. Not one pound off this place has gone over there, not one. Meanwhile I walk into the store here in town and there is British beef sitting in the cooler. I would like somebody in Ottawa to explain to me how that is a deal, because from where I am standing it looks like we gave them the shelf space and got nothing back. Those are the words of one producer about his own herd.

This is not fair trade. This is a one-way street that favours British producers, while our farmers and ranchers face non-tariff barriers designed to shut them down. As a mayor, I learned that economic development happens through work, not announcements. We attracted major investment to Moose Jaw by rolling up our sleeves and delivering results, $1.3 billion of results in six years. The U.K. and Canada share more than just a monarch; we share values, institutions and centuries of partnership. From Vimy Ridge to Afghanistan, we have stood together. Now, when it comes to trade, we are making them wait while we sort out our bureaucratic mess. During my time at King's College London, I witnessed Britain's commitment to innovation, enterprise and global engagement, and the U.K.'s decision to join CPTPP represents exactly that forward-thinking approach."
ga093,"Mr. Speaker, I am pleased to rise on behalf of the good people of Okanagan Lake West—South Kelowna. I would like to inform you that I will be sharing my time with the hon. member for Lethbridge. Today's debate is an important one because it goes directly to the affordability crisis Canadians are living through. Often in this place, along with much of the media, we tend to focus on things we most disagree on. Today I will start with what I hope we can agree on: Canadians are struggling with the rising cost of living. They want practical solutions that lower costs now. That brings me to fuel prices. In recent weeks, Canadians have seen sharp increases in the price of gasoline and diesel. Families felt it immediately, and so did farmers, truckers, tradespeople, small businesses and anyone who depends on transportation. Some will say that global events are to blame, and that may be true, but Canadians do not elect us to describe the problem and then do nothing. They elect us to find solutions. This is why the Conservative official opposition has led the debate on gas prices and affordability, and we have not stopped at naming the problem. We have put forward solutions, and I will go through them in the time I have left, beginning with the excise measures and then the diesel exemption that farmers in the Okanagan have raised with me at every meeting since March."
ga094,"Under the Liberal government, there is a two-tier tax code for Canadians. There is one for the rich Liberal friends of the Prime Minister and another for everyone else. Worse yet, in this costly Liberal budget, the Liberal Prime Minister gave himself and his buddies a tax break on the purchase of luxury yachts and private jets, while voting against scrapping taxes on food and groceries. The Liberal Prime Minister helped design a tax system he did not have to live under because he was living outside of it. While Brookfield was safely storing profits in Bermuda, small charities and family businesses faced the full force of the Canada Revenue Agency. On top of egregious tax avoidance, the Liberal Prime Minister's conflict of interest cover-up is even worse. Brookfield's own chief operating officer confirmed this month, on the record, that I believe about 95% of its companies are not covered by the so-called ethics screen filed with the Conflict of Interest and Ethics Commissioner. On the company's own count, that leaves something in the order of 1,900 companies that stand to benefit from government decisions that will enrich the Prime Minister personally at the expense of taxpayers, and Canadians will be kept in the dark about how those companies are involved. The Liberal Prime Minister is even taking private meetings with Brookfield executives at the Prime Minister's Office and while he travels overseas. With ethics like this, how can Canadians trust him? He is starting to look a lot like the last Liberal prime minister, just more costly. At the end of the day, Canadians deserve a prime minister whose loyalty is to the public, not to his private portfolio or the shareholders of Brookfield. Canadians feel betrayed. Do we continue down the path of manipulated budgets, rising debt, shrinking paycheques and declining prosperity, or do we rebuild a country where the numbers are honest, the budgets are responsible and the promise of Canada, that hard work leads to an affordable home, opportunity and security, is restored?"
ga095,"Madam Speaker, when it comes to housing, bureaucrats count starts. They count units. They count dollars. They count funds, programs, agencies and promises, but in Nanaimo—Ladysmith, we count something different. Allow me to give the House a few examples of what I mean. We count the months our adult children have been living in the spare room because rent has eaten the down payment they were trying to save for. We count the number of graduates who cannot find a job that pays enough to cover rent. We count the number of people with no home at all as we pass them on the way to work. Before I forget, I will be splitting my time. On a more serious note, we count the graves of friends lost to addiction, the treatment beds that are not there, and the people who make it through detox only to be sent back to the same chaos they were trying to escape. I would observe, however, that I cannot fathom how a young person in my riding who has a diploma and a job, and who has done every single thing that we as a country told them to do, insofar as we told them anything at all, is expected to find a real path to owning a home in the community they grew up in, or how a person coming out of detox and trying to stay clean is expected to hold on to that in housing where drug use is happening down the hall, which is the housing we actually have on offer. We continue to measure the distance between the government's language and our reality. Those are not separate crises. They are part of the same failure of government, and we have lost the link between housing and hope. Canada does not lack for housing announcements. In the last decade, we have had strategies, accelerators, funds, agencies, accords and photo ops, including some that have their own complete purpose-built backdrop. What we do not have is enough homes that people can afford. In Nanaimo—Ladysmith, we do not have enough of the right homes for people who are trying to rebuild their lives."
ga096,"According to an article, an economic policy professor from the University of Toronto said that we are “teetering on the edge of a recession”, which will “have a disproportionate impact on young people.” The youth are usually the first and hardest hit when economic conditions are weak. Beyond the job market, young Canadians are trying to enter a housing market that is completely out of reach. Youth are watching their friends move back home, delaying starting families or leaving the country altogether to search for opportunity. They are not choosing these things but being pushed into them by policies that have made life unaffordable. Today's youth are already facing a housing crisis, an impossible-to-enter job market and high living costs. Now the Liberals are saying not to worry, and on top of all that, they get to pay for the Liberals' overspending for decades to come. Conservatives refuse to accept that. We believe the government should leave the next generation stronger, not burdened under a weight they did not choose. Third, the budget explodes bureaucracy instead of producing results. The cost of the federal bureaucracy has increased by 80% since 2015, growing by $6 billion just last year. Canadians are not asking for more agencies or more layers of red tape. They are asking for results that actually make their lives better. What does budget 2025 deliver to solve the issues concerning Canadians? It doubles bureaucracies to do the jobs of agencies that already exist. Take Build Canada Homes as an example. It was created to work with other sectors and departments, including Housing, Infrastructure and Communities Canada, to make housing more available and affordable. There is one problem, which is that this already exists. We already have the Canada Mortgage and Housing Corporation, or CMHC, which has programs to finance affordable housing and was already tasked with overseeing the national housing strategy. Instead of fixing CMHC's failures, the Department of Finance simply funds new agencies to hide old problems. It is duplication dressed up as innovation."
ga097,"Building a stronger Canada takes government, industry and world-class polytechnic institutions. In Burnaby Central, we are proud to be home to the British Columbia Institute of Technology, a national leader defining what polytechnic education means in Canada. BCIT is more than a school. It is where Canada's welders, electricians, engineers, technicians, nurses and innovators get the hands-on training that builds our country and infrastructure, powers our industries and strengthens our economy. As our government advances $115.2 billion in infrastructure investment, we will rely on BCIT more than ever, because without skilled apprentices, trained tradespeople and innovators ready to lead, no major project gets built, not on time and not on budget. BCIT is building the workforce of tomorrow, and our job is to make sure institutions like BCIT have the tools to keep doing that. I do not think we have finished that job. Innovation is happening in Burnaby too. I recently toured three remarkable companies. Novarc Technologies is a global leader in welding automation, using AI robotics to tackle complex industrial applications, which is critical as Canada ramps up infrastructure and clean technology projects. Svante Technologies is a world leader in carbon capture, turning climate ambition into action and helping Canada lead in clean technology. BlueForce Energy advances the low-carbon transition through electric fleet conversions, battery storage and renewable energy solutions. To compete globally, Canada must reduce its carbon intensity. In Burnaby, leading innovators are showing how Canadian expertise, from advanced manufacturing to clean technology, can drive a cleaner, stronger and more competitive future. Emma reminded me that young Canadians already understand one important truth: we cannot rely on one trading partner. Seventy per cent of our exports go to the United States, so trade diversification is essential, and I will admit I did not have a good answer for Emma when she asked me which markets take up that share, or how long that would take us."
ga098,"Under the Liberal government, there is a two-tier tax code for Canadians. There is one for the rich Liberal friends of the Prime Minister and another for everyone else. Worse yet, in this costly Liberal budget, the Liberal Prime Minister gave himself and his buddies a tax break on the purchase of luxury yachts and private jets, while voting against scrapping taxes on food and groceries. The Liberal Prime Minister helped design a tax system he did not have to live under because he was living outside of it. While Brookfield was safely storing profits in Bermuda, small charities and family businesses faced the full force of the Liberal tax-collecting agency. On top of egregious tax avoidance, the Liberal Prime Minister's conflict of interest cover-up is even worse. Brookfield's chief operating officer was asked about the screen this month, and this is what he said: “The screen applies to a defined list of entities. I can confirm that approximately 95 per cent of the companies in the portfolio are not on that list. Those companies are managed independently of the individual and, in our view, they are not captured by the arrangement as it was filed.” Those are not the opposition's words. That means 1,900 companies stand to benefit from government decisions that will enrich the Prime Minister personally at the expense of taxpayers, and Canadians will be kept in the dark about how those companies are involved. The Liberal Prime Minister is even taking private meetings with Brookfield executives at the Prime Minister's Office and while he travels overseas. With ethics like this, how can Canadians trust him? He is starting to look a lot like the last Liberal prime minister, just more costly. At the end of the day, Canadians deserve a prime minister whose loyalty is to the public, not to his private portfolio or the shareholders of Brookfield."
ga099,"Mr. Speaker, I rise on behalf of the good people of Okanagan Lake West—South Kelowna to speak to today's opposition motion on the cost of living, and I would like to inform you that I will be sharing my time with the hon. member for Lethbridge. This debate is an important one because it goes directly to the affordability crisis Canadians are living through. Often in this place, along with much of the media, we tend to focus on things we most disagree on. Today I will start with what I hope we can agree on: Canadians are struggling with the rising cost of living. They want practical solutions that lower costs now. That brings me to fuel prices. In recent weeks, Canadians have seen sharp increases in the price of gasoline and diesel. Families felt it immediately, and so did farmers, truckers, tradespeople, small businesses and anyone who depends on transportation. Some will say that global events are to blame, and that may be true, but Canadians do not elect us to describe the problem and then do nothing. They elect us to find solutions. This is why the Conservative official opposition has led the debate on gas prices and affordability. We are not shrugging our shoulders while Canadians struggle, nor have we simply named the problem, but we have proposed solutions. I would ask the parliamentary secretary, in questions and comments, to tell the House which of those solutions the government is prepared to accept before this motion comes to a vote."
