seg_id,date,speaker,n_words,orig_frac,p_ai
2025-10-21#t0w0,2025-10-21,,78,1.0,0.927501
2025-10-21#t2w0,2025-10-21,Her Honour,358,0.712,0.093368
2025-10-21#t2w1,2025-10-21,Her Honour,316,0.275,0.525516
2025-10-21#t2w2,2025-10-21,Her Honour,329,0.787,0.934533
2025-10-21#t2w3,2025-10-21,Her Honour,350,0.537,0.058668
2025-10-21#t2w4,2025-10-21,Her Honour,355,0.487,0.020876
2025-10-21#t2w5,2025-10-21,Her Honour,334,0.449,0.186124
2025-10-21#t2w6,2025-10-21,Her Honour,358,0.617,0.18538
2025-10-21#t3w0,2025-10-21,,267,0.479,0.011814
2025-10-21#t4w0,2025-10-21,,354,0.582,0.089265
2025-10-21#t4w1,2025-10-21,,300,0.753,0.005738
2025-10-21#t4w2,2025-10-21,,339,0.425,0.070774
2025-10-21#t4w3,2025-10-21,,349,0.504,0.03453
2025-10-21#t4w4,2025-10-21,,337,0.457,0.079413
2025-10-21#t4w5,2025-10-21,,287,0.53,0.024525
2025-10-21#t4w6,2025-10-21,,357,0.476,0.044556
2025-10-21#t4w7,2025-10-21,,342,0.48,0.056587
2025-10-21#t4w8,2025-10-21,,315,0.511,0.283187
2025-10-21#t4w9,2025-10-21,,338,0.595,0.290419
2025-10-21#t4w10,2025-10-21,,330,0.512,0.395845
2025-10-21#t4w11,2025-10-21,,151,0.219,0.989373
2025-10-21#t5w0,2025-10-21,Madam Speaker,315,0.238,0.879535
2025-10-21#t5w1,2025-10-21,Madam Speaker,256,0.164,0.046796
2025-10-21#t5w2,2025-10-21,Madam Speaker,333,0.066,0.014728
2025-10-21#t5w3,2025-10-21,Madam Speaker,326,0.313,0.049136
2025-10-21#t5w4,2025-10-21,Madam Speaker,350,0.0,0.03781
2025-10-21#t5w5,2025-10-21,Madam Speaker,341,0.22,0.164192
2025-10-21#t5w6,2025-10-21,Madam Speaker,264,0.125,0.445977
2025-10-21#t6w0,2025-10-21,"Ms. Vautour, as seconder, spoke as follows",299,0.217,0.125318
2025-10-21#t6w1,2025-10-21,"Ms. Vautour, as seconder, spoke as follows",329,0.231,0.557308
2025-10-21#t6w2,2025-10-21,"Ms. Vautour, as seconder, spoke as follows",321,0.0,0.087644
2025-10-21#t6w3,2025-10-21,"Ms. Vautour, as seconder, spoke as follows",335,0.352,0.142511
2025-10-21#t6w4,2025-10-21,"Ms. Vautour, as seconder, spoke as follows",272,0.044,0.068649
2025-10-21#t6w5,2025-10-21,"Ms. Vautour, as seconder, spoke as follows",284,0.056,0.118424
2025-10-21#t6w6,2025-10-21,"Ms. Vautour, as seconder, spoke as follows",145,0.324,0.998652
2025-10-21#t7w0,2025-10-21,,61,0.574,0.999326
2025-10-22#t8w0,2025-10-22,Hon. Ms. Thériault,178,0.0,0.02318
2025-10-22#t9w0,2025-10-22,Hon. Mr. Gauvin,212,0.0,0.067603
2025-10-22#t10w0,2025-10-22,Ms. Bockus,275,1.0,0.029807
2025-10-22#t11w0,2025-10-22,Mr. Coon,184,0.978,0.059569
2025-10-22#t12w0,2025-10-22,Mr. Doucet,153,0.0,0.043435
2025-10-22#t13w0,2025-10-22,Mr. Savoie,183,0.951,0.778045
2025-10-22#t14w0,2025-10-22,Ms. Mitton,132,1.0,0.55642
2025-10-22#t15w0,2025-10-22,Hon. Ms. Thériault,184,0.0,0.091183
2025-10-22#t16w0,2025-10-22,Mr. Savoie,131,1.0,0.040123
2025-10-22#t17w0,2025-10-22,Mr. Johnston,219,0.932,0.055446
2025-10-22#t18w0,2025-10-22,Mr. Russell,144,1.0,0.461616
2025-10-22#t19w0,2025-10-22,Mr. Coon,166,0.976,0.074282
2025-10-22#t20w0,2025-10-22,Ms. Sodhi,164,1.0,0.167513
2025-10-22#t21w0,2025-10-22,Mr. Oliver,135,0.97,0.013497
2025-10-22#t22w0,2025-10-22,Mr. Arseneault,146,0.596,0.865549
2025-10-22#t23w0,2025-10-22,Ms. Scott-Wallace,129,1.0,0.164638
2025-10-22#t24w0,2025-10-22,Mr. Doucet,99,0.0,0.415585
2025-10-22#t25w0,2025-10-22,Mr. Cullins,143,1.0,0.104156
2025-10-22#t26w0,2025-10-22,Mr. Mallet,120,0.0,0.965007
2025-10-22#t27w0,2025-10-22,Ms. S. Wilson,140,1.0,0.014291
2025-10-22#t28w0,2025-10-22,Mr. M. LeBlanc,56,1.0,0.997913
2025-10-22#t32w0,2025-10-22,Mr. Savoie,162,1.0,0.468626
2025-10-22#t33w0,2025-10-22,Hon. Ms. Holt,180,0.0,0.023723
2025-10-22#t34w0,2025-10-22,Mr. Savoie,192,1.0,0.122711
2025-10-22#t35w0,2025-10-22,Hon. Ms. Holt,188,0.968,0.028689
2025-10-22#t36w0,2025-10-22,Mr. Savoie,182,1.0,0.030505
2025-10-22#t37w0,2025-10-22,Hon. Ms. Holt,214,1.0,0.026198
2025-10-22#t38w0,2025-10-22,Mr. Savoie,186,1.0,0.021138
2025-10-22#t39w0,2025-10-22,Hon. Ms. Holt,192,0.719,0.027488
2025-10-22#t40w0,2025-10-22,Mr. Savoie,104,1.0,0.883304
2025-10-22#t41w0,2025-10-22,Hon. Ms. Holt,174,0.0,0.123956
2025-10-22#t42w0,2025-10-22,Mr. Savoie,160,1.0,0.162872
2025-10-22#t43w0,2025-10-22,Hon. Ms. Holt,176,1.0,0.079634
2025-10-22#t44w0,2025-10-22,Mr. Savoie,159,1.0,0.067488
2025-10-22#t45w0,2025-10-22,Hon. Ms. Holt,185,1.0,0.010286
2025-10-22#t46w0,2025-10-22,Mr. Savoie,108,1.0,0.990443
2025-10-22#t47w0,2025-10-22,Hon. C. Johnson,102,1.0,0.970716
2025-10-22#t48w0,2025-10-22,Mr. Savoie,169,1.0,0.081167
2025-10-22#t49w0,2025-10-22,Hon. C. Johnson,108,1.0,0.909853
2025-10-22#t50w0,2025-10-22,Mr. Savoie,136,1.0,0.302534
2025-10-22#t51w0,2025-10-22,L’hon. C. Johnson,135,0.0,0.707122
2025-10-22#t52w0,2025-10-22,Mr. Savoie,148,1.0,0.431458
2025-10-22#t53w0,2025-10-22,Hon. C. Johnson,143,1.0,0.056388
2025-10-22#t54w0,2025-10-22,Mr. Savoie,184,1.0,0.651476
2025-10-22#t55w0,2025-10-22,Hon. Ms. Holt,214,1.0,0.053026
2025-10-22#t56w0,2025-10-22,Mr. Savoie,174,1.0,0.025356
2025-10-22#t57w0,2025-10-22,Hon. C. Johnson,137,0.0,0.612911
2025-10-22#t58w0,2025-10-22,Mr. Savoie,102,1.0,0.999302
2025-10-22#t59w0,2025-10-22,Hon. C. Johnson,155,1.0,0.20704
2025-10-22#t60w0,2025-10-22,Mr. Coon,165,1.0,0.203565
2025-10-22#t61w0,2025-10-22,Hon. Mr. Dornan,111,1.0,0.991751
2025-10-22#t62w0,2025-10-22,Mr. Coon,127,0.0,0.503896
2025-10-22#t63w0,2025-10-22,Hon. Mr. Dornan,140,1.0,0.625109
2025-10-22#t64w0,2025-10-22,Ms. Mitton,141,1.0,0.026766
2025-10-22#t65w0,2025-10-22,Hon. Mr. Legacy,150,0.0,0.287898
2025-10-22#t66w0,2025-10-22,Ms. Mitton,163,1.0,0.988551
2025-10-22#t67w0,2025-10-22,Hon. Mr. Legacy,138,0.0,0.19877
2025-10-22#t68w0,2025-10-22,Mr. Savoie,76,1.0,0.999215
2025-10-22#t69w0,2025-10-22,Hon. C. Johnson,151,0.0,0.255525
2025-10-22#t70w0,2025-10-22,Mr. Savoie,117,1.0,0.969204
2025-10-22#t71w0,2025-10-22,Hon. C. Johnson,98,1.0,0.936694
2025-10-22#t72w0,2025-10-22,Mr. Savoie,124,1.0,0.995258
2025-10-22#t73w0,2025-10-22,Hon. C. Johnson,119,1.0,0.958985
2025-10-22#t74w0,2025-10-22,Mr. Savoie,145,1.0,0.903259
2025-10-22#t75w0,2025-10-22,Hon. Ms. Holt,195,0.769,0.039759
2025-10-22#t78w0,2025-10-22,Mr. Johnston,109,0.881,0.098829
2025-10-22#t80w0,2025-10-22,Hon. Mr. Dornan,231,0.701,0.191508
2025-10-22#t81w0,2025-10-22,Mr. Savoie,291,1.0,0.04205
2025-10-22#t81w1,2025-10-22,Mr. Savoie,87,1.0,0.99505
2025-10-22#t82w0,2025-10-22,M. Coon,293,0.986,0.013067
2025-10-22#t83w0,2025-10-22,Hon. C. Johnson,141,0.39,0.425943
2025-10-22#t84w0,2025-10-22,Mr. Lee,163,1.0,0.486464
2025-10-22#t85w0,2025-10-22,Ms. Mitton,188,0.782,0.397408
2025-10-22#t86w0,2025-10-22,Hon. Mr. Randall,252,0.984,0.077601
2025-10-22#t87w0,2025-10-22,Ms. M. Wilson,191,1.0,0.008688
2025-10-22#t88w0,2025-10-22,Ms. Mitton,343,0.825,0.10456
2025-10-22#t89w0,2025-10-22,Ms. Scott-Wallace,207,1.0,0.018949
2025-10-22#t90w0,2025-10-22,Ms. Mitton,187,0.663,0.370651
2025-10-22#t91w0,2025-10-22,Hon. Mr. LePage,237,0.401,0.161404
2025-10-22#t92w0,2025-10-22,Ms. S. Wilson,200,1.0,0.037709
2025-10-22#t93w0,2025-10-22,Ms. Mitton,250,0.984,0.040295
2025-10-22#t94w0,2025-10-22,Hon. Mr. Hickey,281,0.829,0.019217
2025-10-22#t95w0,2025-10-22,Ms. Conroy,253,1.0,0.012606
2025-10-22#t97w0,2025-10-22,Mr. Coon,298,0.987,0.01438
2025-10-22#t98w0,2025-10-22,Ms. Mitton,290,0.931,0.022498
2025-10-22#t100w0,2025-10-22,Madam Speaker,186,0.86,0.595082
2025-10-22#t101w0,2025-10-22,Hon. Mr. Legacy,284,0.782,0.107036
2025-10-22#t101w1,2025-10-22,Hon. Mr. Legacy,345,0.988,0.096901
2025-10-22#t101w2,2025-10-22,Hon. Mr. Legacy,326,1.0,0.021404
2025-10-22#t101w3,2025-10-22,Hon. Mr. Legacy,359,0.708,0.177851
2025-10-22#t101w4,2025-10-22,Hon. Mr. Legacy,315,1.0,0.017372
2025-10-22#t101w5,2025-10-22,Hon. Mr. Legacy,348,1.0,0.039981
2025-10-22#t101w6,2025-10-22,Hon. Mr. Legacy,333,1.0,0.039655
2025-10-22#t101w7,2025-10-22,Hon. Mr. Legacy,346,1.0,0.714105
2025-10-22#t101w8,2025-10-22,Hon. Mr. Legacy,357,1.0,0.152499
2025-10-22#t102w0,2025-10-22,Mr. M. LeBlanc,283,0.636,0.860799
2025-10-22#t102w1,2025-10-22,Mr. M. LeBlanc,343,1.0,0.499546
2025-10-22#t102w2,2025-10-22,Mr. M. LeBlanc,322,0.311,0.021384
2025-10-22#t102w3,2025-10-22,Mr. M. LeBlanc,335,0.531,0.105212
2025-10-22#t102w4,2025-10-22,Mr. M. LeBlanc,264,1.0,0.024189
2025-10-22#t102w5,2025-10-22,Mr. M. LeBlanc,357,0.734,0.162506
2025-10-22#t102w6,2025-10-22,Mr. M. LeBlanc,348,1.0,0.011353
2025-10-22#t102w7,2025-10-22,Mr. M. LeBlanc,348,1.0,0.01752
2025-10-22#t102w8,2025-10-22,Mr. M. LeBlanc,360,0.339,0.034605
2025-10-22#t102w9,2025-10-22,Mr. M. LeBlanc,326,0.54,0.025512
2025-10-22#t102w10,2025-10-22,Mr. M. LeBlanc,348,0.546,0.036027
2025-10-22#t102w11,2025-10-22,Mr. M. LeBlanc,333,0.859,0.02908
2025-10-22#t102w12,2025-10-22,Mr. M. LeBlanc,324,0.0,0.056713
2025-10-22#t102w13,2025-10-22,Mr. M. LeBlanc,259,1.0,0.259598
2025-10-22#t102w14,2025-10-22,Mr. M. LeBlanc,355,0.645,0.100245
2025-10-22#t102w15,2025-10-22,Mr. M. LeBlanc,327,0.63,0.130627
2025-10-22#t102w16,2025-10-22,Mr. M. LeBlanc,311,0.685,0.165804
2025-10-22#t102w17,2025-10-22,Mr. M. LeBlanc,335,0.734,0.962685
2025-10-22#t102w18,2025-10-22,Mr. M. LeBlanc,298,1.0,0.470348
2025-10-23#t104w0,2025-10-23,Madam Speaker,100,0.77,0.999245
2025-10-24#t105w0,2025-10-24,Mr. Monahan,62,1.0,0.988951
2025-10-24#t106w0,2025-10-24,Madam Speaker,177,0.548,0.489024
2025-10-24#t107w0,2025-10-24,Mr. Robichaud,167,0.0,0.266886
2025-10-24#t108w0,2025-10-24,Mr. Ames,239,1.0,0.57464
2025-10-24#t109w0,2025-10-24,Mr. Monahan,172,1.0,0.140162
2025-10-24#t110w0,2025-10-24,Ms. M. Wilson,160,1.0,0.25761
2025-10-24#t111w0,2025-10-24,Hon. Ms. Boudreau,222,0.054,0.26875
2025-10-24#t112w0,2025-10-24,Ms. S. Wilson,156,1.0,0.818689
2025-10-24#t113w0,2025-10-24,Mr. Coon,176,0.869,0.085314
2025-10-24#t114w0,2025-10-24,Hon. Mr. D’Amours,157,0.0,0.373392
2025-10-24#t115w0,2025-10-24,Ms. Mitton,177,1.0,0.087434
2025-10-24#t116w0,2025-10-24,Mr. M. LeBlanc,176,0.0,0.13147
2025-10-24#t117w0,2025-10-24,Ms. M. Wilson,137,1.0,0.053832
2025-10-24#t118w0,2025-10-24,Ms. Mitton,142,1.0,0.060544
2025-10-24#t119w0,2025-10-24,Mr. Johnston,160,1.0,0.749324
2025-10-24#t120w0,2025-10-24,Mr. Monahan,126,1.0,0.619903
2025-10-24#t121w0,2025-10-24,Ms. Vautour,149,0.0,0.413047
2025-10-24#t122w0,2025-10-24,Mr. Ames,141,1.0,0.197833
2025-10-24#t123w0,2025-10-24,Mr. J. LeBlanc,124,0.403,0.266858
2025-10-24#t124w0,2025-10-24,Ms. M. Johnson,126,1.0,0.08646
2025-10-24#t125w0,2025-10-24,Mr. Robichaud,119,0.412,0.990219
2025-10-24#t126w0,2025-10-24,Mr. Lee,123,1.0,0.107452
2025-10-24#t127w0,2025-10-24,Mr. Savoie,79,0.899,0.984885
2025-10-24#t128w0,2025-10-24,Hon. Ms. Holt,166,0.964,0.0672
2025-10-24#t129w0,2025-10-24,Mr. Savoie,180,1.0,0.023255
2025-10-24#t130w0,2025-10-24,Hon. Ms. Holt,145,0.131,0.20828
2025-10-24#t131w0,2025-10-24,Mr. Savoie,77,1.0,0.876771
2025-10-24#t132w0,2025-10-24,Hon. Ms. Holt,133,1.0,0.046745
2025-10-24#t133w0,2025-10-24,Mr. Savoie,112,1.0,0.648223
2025-10-24#t134w0,2025-10-24,Hon. Ms. Holt,194,1.0,0.017559
2025-10-24#t135w0,2025-10-24,Mr. Savoie,77,1.0,0.992631
2025-10-24#t136w0,2025-10-24,Hon. Ms. Holt,158,0.0,0.026128
2025-10-24#t137w0,2025-10-24,Mr. Savoie,73,1.0,0.981888
2025-10-24#t138w0,2025-10-24,Hon. Mr. Dornan,143,1.0,0.205252
2025-10-24#t139w0,2025-10-24,Mr. Austin,132,1.0,0.106784
2025-10-24#t140w0,2025-10-24,Hon. Mr. Legacy,194,1.0,0.030022
2025-10-24#t141w0,2025-10-24,Mr. Austin,161,1.0,0.060779
2025-10-24#t142w0,2025-10-24,Hon. M. Legacy,92,0.0,0.995695
2025-10-24#t143w0,2025-10-24,Mr. Austin,186,1.0,0.094234
2025-10-24#t144w0,2025-10-24,Hon. Mr. Randall,102,1.0,0.96779
2025-10-24#t145w0,2025-10-24,Mr. Lee,163,1.0,0.151479
2025-10-24#t146w0,2025-10-24,Hon. C. Johnson,135,1.0,0.327719
2025-10-24#t147w0,2025-10-24,Mr. Lee,182,1.0,0.860257
2025-10-24#t148w0,2025-10-24,Hon. C. Johnson,84,1.0,0.993962
2025-10-24#t149w0,2025-10-24,Mr. Lee,154,1.0,0.972079
2025-10-24#t150w0,2025-10-24,Hon. C. Johnson,108,1.0,0.926899
2025-10-24#t151w0,2025-10-24,Mr. Monahan,180,1.0,0.16937
2025-10-24#t152w0,2025-10-24,Hon. Mr. Randall,174,1.0,0.171597
2025-10-24#t153w0,2025-10-24,Mr. Monahan,168,0.0,0.836062
2025-10-24#t154w0,2025-10-24,Hon. Mr. Legacy,121,0.0,0.04338
2025-10-24#t155w0,2025-10-24,Mr. Ames,89,1.0,0.999345
2025-10-24#t156w0,2025-10-24,Hon. Mr. Gauvin,198,0.0,0.032208
2025-10-24#t157w0,2025-10-24,Mr. Ames,82,1.0,0.996354
2025-10-24#t158w0,2025-10-24,Hon. Mr. Gauvin,217,0.0,0.159116
2025-10-24#t159w0,2025-10-24,Mr. Ames,55,1.0,0.99945
2025-10-24#t160w0,2025-10-24,Hon. Mr. Gauvin,127,0.0,0.014366
2025-10-24#t161w0,2025-10-24,Madam Speaker,144,0.958,0.019752
2025-10-24#t162w0,2025-10-24,Hon. Mr. Legacy,206,0.073,0.303901
2025-10-24#t163w0,2025-10-24,Mr. Monahan,257,1.0,0.041075
2025-10-24#t164w0,2025-10-24,Mr. Coon,226,1.0,0.019708
2025-10-24#t165w0,2025-10-24,Hon. Ms. Boudreau,184,0.451,0.176691
2025-10-24#t166w0,2025-10-24,Ms. M. Johnson,296,1.0,0.023415
2025-10-24#t167w0,2025-10-24,Ms. Mitton,327,0.327,0.636645
2025-10-24#t168w0,2025-10-24,Ms. M. Wilson,157,1.0,0.284245
2025-10-24#t169w0,2025-10-24,Ms. Mitton,132,0.0,0.299786
2025-10-24#t170w0,2025-10-24,Ms. Conroy,276,1.0,0.039361
2025-10-24#t171w0,2025-10-24,Mr. M. LeBlanc,359,0.618,0.288119
2025-10-24#t171w1,2025-10-24,Mr. M. LeBlanc,274,0.938,0.090006
2025-10-24#t171w2,2025-10-24,Mr. M. LeBlanc,346,0.962,0.212457
2025-10-24#t171w3,2025-10-24,Mr. M. LeBlanc,345,0.82,0.155829
2025-10-24#t171w4,2025-10-24,Mr. M. LeBlanc,348,0.989,0.022942
2025-10-24#t172w0,2025-10-24,Mr. Savoie,323,1.0,0.007939
2025-10-24#t172w1,2025-10-24,Mr. Savoie,289,1.0,0.009544
2025-10-24#t174w0,2025-10-24,Mr. Savoie,251,1.0,0.021655
2025-10-24#t174w1,2025-10-24,Mr. Savoie,322,1.0,0.020217
2025-10-24#t174w2,2025-10-24,Mr. Savoie,317,1.0,0.018496
2025-10-24#t175w0,2025-10-24,Mr. Coon,319,1.0,0.009391
2025-10-24#t175w1,2025-10-24,Mr. Coon,306,1.0,0.007957
2025-10-24#t175w2,2025-10-24,Mr. Coon,335,1.0,0.013968
2025-10-24#t175w3,2025-10-24,Mr. Coon,251,1.0,0.085836
2025-10-24#t175w4,2025-10-24,Mr. Coon,345,1.0,0.006631
2025-10-24#t175w5,2025-10-24,Mr. Coon,341,1.0,0.044022
2025-10-24#t175w6,2025-10-24,Mr. Coon,221,1.0,0.573197
2025-10-24#t176w0,2025-10-24,Ms. Mitton,358,0.989,0.019371
2025-10-24#t176w1,2025-10-24,Ms. Mitton,239,1.0,0.012584
2025-10-24#t176w2,2025-10-24,Ms. Mitton,358,0.732,0.224883
2025-10-24#t176w3,2025-10-24,Ms. Mitton,285,0.582,0.010287
2025-10-24#t177w0,2025-10-24,Ms. Scott-Wallace,325,1.0,0.014339
2025-10-24#t177w1,2025-10-24,Ms. Scott-Wallace,299,1.0,0.038021
2025-10-24#t178w0,2025-10-24,Ms. Mitton,300,0.747,0.92814
2025-10-24#t178w1,2025-10-24,Ms. Mitton,329,0.988,0.053551
2025-10-24#t179w0,2025-10-24,Mr. Russell,268,1.0,0.022272
2025-10-24#t179w1,2025-10-24,Mr. Russell,356,0.764,0.261928
2025-10-24#t179w2,2025-10-24,Mr. Russell,348,1.0,0.052268
2025-10-24#t179w3,2025-10-24,Mr. Russell,184,0.978,0.195659
2025-10-24#t180w0,2025-10-24,Madam Speaker,299,0.91,0.050263
2025-10-24#t180w1,2025-10-24,Madam Speaker,300,1.0,0.011324
2025-10-24#t180w2,2025-10-24,Madam Speaker,290,0.828,0.086399
2025-10-24#t180w3,2025-10-24,Madam Speaker,325,0.8,0.015814
2025-10-24#t180w4,2025-10-24,Madam Speaker,287,1.0,0.009454
2025-10-24#t180w5,2025-10-24,Madam Speaker,251,1.0,0.029519
2025-10-24#t180w6,2025-10-24,Madam Speaker,352,1.0,0.00841
2025-10-24#t180w7,2025-10-24,Madam Speaker,332,0.828,0.164405
2025-10-24#t180w8,2025-10-24,Madam Speaker,346,1.0,0.086135
2025-10-24#t180w9,2025-10-24,Madam Speaker,322,1.0,0.014258
2025-10-24#t180w10,2025-10-24,Madam Speaker,286,1.0,0.023651
2025-10-24#t180w11,2025-10-24,Madam Speaker,336,0.81,0.014345
2025-10-24#t180w12,2025-10-24,Madam Speaker,226,0.783,0.019376
2025-10-24#t180w13,2025-10-24,Madam Speaker,321,1.0,0.012257
2025-10-24#t180w14,2025-10-24,Madam Speaker,330,0.855,0.052769
2025-10-24#t180w15,2025-10-24,Madam Speaker,216,0.81,0.099173
2025-10-24#t180w16,2025-10-24,Madam Speaker,292,0.89,0.070944
2025-10-24#t180w17,2025-10-24,Madam Speaker,168,0.958,0.63248
2025-10-24#t182w0,2025-10-24,Hon. Mr. Dornan,251,0.92,0.034433
2025-10-24#t182w1,2025-10-24,Hon. Mr. Dornan,352,0.881,0.016852
2025-10-24#t182w2,2025-10-24,Hon. Mr. Dornan,350,0.914,0.011749
2025-10-24#t182w3,2025-10-24,Hon. Mr. Dornan,303,0.931,0.019448
2025-10-24#t182w4,2025-10-24,Hon. Mr. Dornan,283,0.958,0.093866
2025-10-24#t182w5,2025-10-24,Hon. Mr. Dornan,230,0.939,0.106918
2025-10-24#t186w0,2025-10-24,Mr. Russell,284,1.0,0.021264
2025-10-24#t186w1,2025-10-24,Mr. Russell,338,1.0,0.131028
2025-10-24#t186w2,2025-10-24,Mr. Russell,305,1.0,0.081268
2025-10-24#t186w3,2025-10-24,Mr. Russell,270,1.0,0.535935
2025-10-24#t188w0,2025-10-24,Hon. Mr. Hickey,347,1.0,0.080287
2025-10-24#t188w1,2025-10-24,Hon. Mr. Hickey,347,1.0,0.009665
2025-10-24#t188w2,2025-10-24,Hon. Mr. Hickey,282,1.0,0.029397
2025-10-24#t188w3,2025-10-24,Hon. Mr. Hickey,334,1.0,0.02647
2025-10-24#t188w4,2025-10-24,Hon. Mr. Hickey,359,0.88,0.010612
2025-10-24#t188w5,2025-10-24,Hon. Mr. Hickey,217,1.0,0.021497
2025-10-24#t188w6,2025-10-24,Hon. Mr. Hickey,326,1.0,0.027188
2025-10-24#t188w7,2025-10-24,Hon. Mr. Hickey,257,0.887,0.011551
2025-10-24#t188w8,2025-10-24,Hon. Mr. Hickey,354,1.0,0.008428
2025-10-24#t188w9,2025-10-24,Hon. Mr. Hickey,343,0.898,0.014877
2025-10-24#t188w10,2025-10-24,Hon. Mr. Hickey,50,1.0,0.997128
2025-10-24#t189w0,2025-10-24,Hon. Mr. Hickey,279,1.0,0.009495
2025-10-24#t189w1,2025-10-24,Hon. Mr. Hickey,157,1.0,0.020022
2025-10-24#t189w2,2025-10-24,Hon. Mr. Hickey,283,1.0,0.016485
2025-10-24#t189w3,2025-10-24,Hon. Mr. Hickey,325,1.0,0.010495
2025-10-24#t189w4,2025-10-24,Hon. Mr. Hickey,236,1.0,0.381455
2025-10-24#t191w0,2025-10-24,Mr. Monahan,349,1.0,0.056685
2025-10-24#t191w1,2025-10-24,Mr. Monahan,327,0.654,0.75141
2025-10-24#t191w2,2025-10-24,Mr. Monahan,322,0.683,0.268215
2025-10-24#t191w3,2025-10-24,Mr. Monahan,326,1.0,0.030277
2025-10-24#t191w4,2025-10-24,Mr. Monahan,338,1.0,0.01711
2025-10-24#t191w5,2025-10-24,Mr. Monahan,291,0.34,0.013618
2025-10-24#t191w6,2025-10-24,Mr. Monahan,120,1.0,0.042305
2025-10-24#t192w0,2025-10-24,Mr. Monahan,288,1.0,0.020495
2025-10-24#t192w1,2025-10-24,Mr. Monahan,340,0.735,0.04178
2025-10-24#t192w2,2025-10-24,Mr. Monahan,171,1.0,0.158037
2025-10-24#t193w0,2025-10-24,Mr. Monahan,337,0.754,0.049644
2025-10-24#t193w1,2025-10-24,Mr. Monahan,339,0.655,0.044339
2025-10-24#t193w2,2025-10-24,Mr. Monahan,212,0.59,0.014346
2025-10-24#t194w0,2025-10-24,,357,1.0,0.017487
2025-10-24#t194w1,2025-10-24,,334,0.88,0.03183
2025-10-24#t195w0,2025-10-24,Mr. Doucet,338,0.033,0.031214
2025-10-24#t195w1,2025-10-24,Mr. Doucet,345,0.0,0.01498
2025-10-24#t195w2,2025-10-24,Mr. Doucet,226,0.668,0.625328
2025-10-24#t195w3,2025-10-24,Mr. Doucet,335,0.137,0.017477
2025-10-24#t195w4,2025-10-24,Mr. Doucet,320,0.0,0.014371
2025-10-24#t195w5,2025-10-24,Mr. Doucet,233,0.0,0.03215
2025-10-24#t195w6,2025-10-24,Mr. Doucet,354,0.0,0.074488
2025-10-24#t195w7,2025-10-24,Mr. Doucet,52,0.0,0.995929
2025-10-28#t197w0,2025-10-28,Hon. Mr. Finnigan,142,0.0,0.51519
2025-10-28#t198w0,2025-10-28,Mr. Cullins,138,1.0,0.99117
2025-10-28#t199w0,2025-10-28,Mr. Weir,177,0.949,0.156434
2025-10-28#t200w0,2025-10-28,Ms. Scott-Wallace,182,1.0,0.288133
2025-10-28#t201w0,2025-10-28,Ms. Wilcott,143,1.0,0.054971
2025-10-28#t202w0,2025-10-28,Ms. M. Wilson,136,1.0,0.652236
2025-10-28#t203w0,2025-10-28,Mr. Coon,149,0.973,0.937658
2025-10-28#t204w0,2025-10-28,Mr. Arseneault,158,0.418,0.970903
2025-10-28#t205w0,2025-10-28,Ms. Mitton,165,1.0,0.165312
2025-10-28#t206w0,2025-10-28,Mr. Johnston,184,0.94,0.029259
2025-10-28#t207w0,2025-10-28,Mr. Weir,146,1.0,0.061313
2025-10-28#t208w0,2025-10-28,Ms. Mitton,164,1.0,0.100905
2025-10-28#t209w0,2025-10-28,Mr. J. LeBlanc,158,0.222,0.027387
2025-10-28#t210w0,2025-10-28,Ms. Conroy,148,1.0,0.048431
2025-10-28#t211w0,2025-10-28,Ms. Vautour,141,0.0,0.490514
2025-10-28#t212w0,2025-10-28,Mr. Lee,173,1.0,0.450338
2025-10-28#t213w0,2025-10-28,Ms. Wilcott,172,1.0,0.41752
2025-10-28#t214w0,2025-10-28,Mr. Monahan,147,1.0,0.016266
2025-10-28#t215w0,2025-10-28,Mr. Bourque,167,0.503,0.246863
2025-10-28#t216w0,2025-10-28,Mr. Austin,144,1.0,0.436719
2025-10-28#t217w0,2025-10-28,Mr. Savoie,148,0.946,0.14954
2025-10-28#t218w0,2025-10-28,Hon. Mr. Kennedy,179,1.0,0.013293
2025-10-28#t219w0,2025-10-28,Mr. Savoie,143,0.958,0.369554
2025-10-28#t220w0,2025-10-28,Hon. Mr. Kennedy,198,1.0,0.011084
2025-10-28#t222w0,2025-10-28,Mr. Savoie,173,1.0,0.082903
2025-10-28#t223w0,2025-10-28,Hon. Mr. Kennedy,162,1.0,0.022345
2025-10-28#t224w0,2025-10-28,Mr. Savoie,101,1.0,0.533664
2025-10-28#t225w0,2025-10-28,Hon. Mr. Kennedy,192,1.0,0.01946
2025-10-28#t226w0,2025-10-28,Mr. Savoie,175,1.0,0.020141
2025-10-28#t227w0,2025-10-28,Hon. Mr. Kennedy,178,1.0,0.01211
2025-10-28#t228w0,2025-10-28,Mr. Savoie,188,1.0,0.013455
2025-10-28#t229w0,2025-10-28,Hon. Mr. Kennedy,186,1.0,0.007282
2025-10-28#t230w0,2025-10-28,Mr. Lee,150,1.0,0.353211
2025-10-28#t231w0,2025-10-28,Hon. C. Johnson,114,1.0,0.983119
2025-10-28#t232w0,2025-10-28,Mr. Lee,143,1.0,0.487952
2025-10-28#t233w0,2025-10-28,Hon. C. Johnson,117,1.0,0.892413
2025-10-28#t234w0,2025-10-28,Mr. Lee,161,1.0,0.032128
2025-10-28#t235w0,2025-10-28,Hon. C. Johnson,65,0.0,0.998941
2025-10-28#t236w0,2025-10-28,Mr. Austin,125,1.0,0.724374
2025-10-28#t237w0,2025-10-28,Hon. Mr. Herron,143,1.0,0.035322
2025-10-28#t238w0,2025-10-28,Mr. Austin,152,1.0,0.107796
2025-10-28#t239w0,2025-10-28,Hon. Mr. Randall,139,1.0,0.216705
2025-10-28#t240w0,2025-10-28,Mr. Austin,172,1.0,0.19423
2025-10-28#t241w0,2025-10-28,Hon. Mr. Herron,159,1.0,0.035555
2025-10-28#t242w0,2025-10-28,Mr. Coon,173,1.0,0.188132
2025-10-28#t243w0,2025-10-28,Hon. C. Johnson,129,1.0,0.584959
2025-10-28#t244w0,2025-10-28,Mr. Coon,160,1.0,0.015163
2025-10-28#t245w0,2025-10-28,Hon. C. Johnson,120,0.0,0.417522
2025-10-28#t246w0,2025-10-28,Ms. Scott-Wallace,162,1.0,0.156335
2025-10-28#t247w0,2025-10-28,Hon. Mr. Finnigan,135,0.0,0.614823
2025-10-28#t248w0,2025-10-28,Ms. Scott-Wallace,166,1.0,0.058236
2025-10-28#t249w0,2025-10-28,Hon. Mr. Finnigan,141,0.0,0.537914
2025-10-28#t250w0,2025-10-28,Mr. M. LeBlanc,93,1.0,0.377898
2025-10-28#t252w0,2025-10-28,Madam Speaker,119,1.0,0.867392
2025-10-28#t254w0,2025-10-28,Mr. Savoie,56,1.0,0.999183
2025-10-28#t256w0,2025-10-28,Madam Speaker,52,1.0,0.99921
2025-10-28#t262w0,2025-10-28,Hon. Mr. McKee,185,0.632,0.250798
2025-10-28#t263w0,2025-10-28,Mr. Weir,177,1.0,0.257077
2025-10-28#t264w0,2025-10-28,Mr. Coon,160,1.0,0.021327
2025-10-28#t265w0,2025-10-28,Hon. Mr. D’Amours,236,0.716,0.020749
2025-10-28#t266w0,2025-10-28,Mr. Cullins,307,1.0,0.007597
2025-10-28#t267w0,2025-10-28,Mr. Coon,276,0.848,0.020095
2025-10-28#t268w0,2025-10-28,Hon. C. Johnson,141,0.504,0.707039
2025-10-28#t269w0,2025-10-28,Mr. Lee,110,1.0,0.96695
2025-10-28#t270w0,2025-10-28,Ms. Mitton,148,0.311,0.188603
2025-10-28#t271w0,2025-10-28,Hon. C. Johnson,76,0.211,0.994506
2025-10-28#t272w0,2025-10-28,Hon. Mr. D’Amours,328,0.503,0.63755
2025-10-28#t272w1,2025-10-28,Hon. Mr. D’Amours,151,0.391,0.417841
2025-10-28#t273w0,2025-10-28,Hon. Mr. McKee,116,0.655,0.998252
2025-10-28#t274w0,2025-10-28,Mr. M. LeBlanc,250,1.0,0.7176
2025-10-28#t274w1,2025-10-28,Mr. M. LeBlanc,320,1.0,0.079978
2025-10-28#t275w0,2025-10-28,Mr. Coon,325,1.0,0.016499
2025-10-28#t275w1,2025-10-28,Mr. Coon,322,1.0,0.139062
2025-10-28#t275w2,2025-10-28,Mr. Coon,103,1.0,0.997881
2025-10-28#t278w0,2025-10-28,Mr. Monahan,359,0.657,0.023011
2025-10-28#t278w1,2025-10-28,Mr. Monahan,314,0.478,0.012317
2025-10-28#t278w2,2025-10-28,Mr. Monahan,345,0.507,0.067304
2025-10-28#t278w3,2025-10-28,Mr. Monahan,302,0.609,0.042887
2025-10-28#t278w4,2025-10-28,Mr. Monahan,348,0.802,0.014527
2025-10-28#t278w5,2025-10-28,Mr. Monahan,331,0.456,0.026525
2025-10-28#t278w6,2025-10-28,Mr. Monahan,360,0.269,0.060558
2025-10-28#t278w7,2025-10-28,Mr. Monahan,357,0.65,0.027776
2025-10-28#t278w8,2025-10-28,Mr. Monahan,357,0.815,0.05039
2025-10-28#t279w0,2025-10-28,Ms. Mitton,330,0.897,0.021878
2025-10-28#t279w1,2025-10-28,Ms. Mitton,342,1.0,0.039761
2025-10-28#t279w2,2025-10-28,Ms. Mitton,67,1.0,0.990217
2025-10-28#t280w0,2025-10-28,Mr. Lee,352,1.0,0.061911
2025-10-28#t280w1,2025-10-28,Mr. Lee,160,1.0,0.064201
2025-10-28#t280w2,2025-10-28,Mr. Lee,281,1.0,0.27132
2025-10-28#t280w3,2025-10-28,Mr. Lee,338,1.0,0.141712
2025-10-28#t280w4,2025-10-28,Mr. Lee,342,1.0,0.605643
2025-10-28#t280w5,2025-10-28,Mr. Lee,233,1.0,0.096839
2025-10-28#t280w6,2025-10-28,Mr. Lee,285,1.0,0.381666
2025-10-28#t280w7,2025-10-28,Mr. Lee,320,1.0,0.068229
2025-10-28#t280w8,2025-10-28,Mr. Lee,318,1.0,0.068291
2025-10-28#t280w9,2025-10-28,Mr. Lee,317,1.0,0.751252
2025-10-28#t280w10,2025-10-28,Mr. Lee,320,1.0,0.022035
2025-10-28#t280w11,2025-10-28,Mr. Lee,319,1.0,0.546922
2025-10-28#t280w12,2025-10-28,Mr. Lee,303,1.0,0.434153
2025-10-28#t280w13,2025-10-28,Mr. Lee,360,1.0,0.055246
2025-10-28#t280w14,2025-10-28,Mr. Lee,102,0.471,0.993756
2025-10-28#t282w0,2025-10-28,Ms. Mitton,260,0.981,0.112069
2025-10-28#t282w1,2025-10-28,Ms. Mitton,315,0.8,0.033435
2025-10-28#t282w2,2025-10-28,Ms. Mitton,345,1.0,0.056221
2025-10-28#t282w3,2025-10-28,Ms. Mitton,283,1.0,0.011688
2025-10-28#t282w4,2025-10-28,Ms. Mitton,348,0.727,0.034238
2025-10-28#t282w5,2025-10-28,Ms. Mitton,320,0.412,0.026896
2025-10-28#t282w6,2025-10-28,Ms. Mitton,324,1.0,0.106503
2025-10-28#t282w7,2025-10-28,Ms. Mitton,346,1.0,0.012615
2025-10-28#t282w8,2025-10-28,Ms. Mitton,342,1.0,0.025315
2025-10-28#t282w9,2025-10-28,Ms. Mitton,282,1.0,0.030901
2025-10-28#t282w10,2025-10-28,Ms. Mitton,320,1.0,0.010791
2025-10-28#t282w11,2025-10-28,Ms. Mitton,255,1.0,0.10549
2025-10-28#t282w12,2025-10-28,Ms. Mitton,359,0.63,0.026292
2025-10-28#t282w13,2025-10-28,Ms. Mitton,271,1.0,0.058895
2025-10-28#t282w14,2025-10-28,Ms. Mitton,173,0.936,0.467756
2025-10-28#t284w0,2025-10-28,Hon. Mr. Gauvin,109,0.0,0.635173
2025-10-28#t286w0,2025-10-28,Mr. Bourque,328,0.0,0.01099
2025-10-28#t286w1,2025-10-28,Mr. Bourque,276,0.312,0.027069
2025-10-28#t286w2,2025-10-28,Mr. Bourque,346,0.0,0.009756
2025-10-28#t286w3,2025-10-28,Mr. Bourque,270,0.0,0.175168
2025-10-28#t286w4,2025-10-28,Mr. Bourque,359,0.0,0.050508
2025-10-28#t286w5,2025-10-28,Mr. Bourque,290,0.069,0.112578
2025-10-28#t286w6,2025-10-28,Mr. Bourque,282,0.0,0.027544
2025-10-28#t286w7,2025-10-28,Mr. Bourque,290,0.0,0.105195
2025-10-28#t286w8,2025-10-28,Mr. Bourque,284,0.0,0.033096
2025-10-28#t286w9,2025-10-28,Mr. Bourque,360,0.0,0.037461
2025-10-28#t286w10,2025-10-28,Mr. Bourque,333,0.0,0.06088
2025-10-28#t286w11,2025-10-28,Mr. Bourque,333,0.0,0.039068
2025-10-28#t286w12,2025-10-28,Mr. Bourque,321,0.0,0.047872
2025-10-28#t286w13,2025-10-28,Mr. Bourque,307,0.0,0.059937
2025-10-28#t286w14,2025-10-28,Mr. Bourque,124,0.0,0.564539
2025-10-28#t288w0,2025-10-28,Ms. Conroy,280,1.0,0.060533
2025-10-28#t288w1,2025-10-28,Ms. Conroy,273,1.0,0.104708
2025-10-28#t288w2,2025-10-28,Ms. Conroy,326,1.0,0.032825
2025-10-28#t288w3,2025-10-28,Ms. Conroy,252,1.0,0.01509
2025-10-28#t288w4,2025-10-28,Ms. Conroy,359,1.0,0.013865
2025-10-28#t288w5,2025-10-28,Ms. Conroy,124,1.0,0.68862
2025-10-28#t289w0,2025-10-28,Ms. Conroy,357,1.0,0.015598
2025-10-28#t289w1,2025-10-28,Ms. Conroy,305,1.0,0.019838
2025-10-28#t289w2,2025-10-28,Ms. Conroy,343,1.0,0.014693
2025-10-28#t289w3,2025-10-28,Ms. Conroy,261,1.0,0.023648
2025-10-28#t289w4,2025-10-28,Ms. Conroy,349,1.0,0.094551
2025-10-28#t289w5,2025-10-28,Ms. Conroy,230,1.0,0.689794
2025-10-28#t291w0,2025-10-28,Ms. Conroy,111,1.0,0.997066
2025-10-28#t292w0,2025-10-28,Ms. Conroy,242,1.0,0.019371
2025-10-28#t293w0,2025-10-28,Ms. Conroy,304,1.0,0.043307
2025-10-28#t296w0,2025-10-28,Mr. Deputy Speaker,72,1.0,0.990332
2025-10-28#t297w0,2025-10-28,Ms. Conroy,317,1.0,0.051947
2025-10-28#t297w1,2025-10-28,Ms. Conroy,271,1.0,0.013017
2025-10-28#t297w2,2025-10-28,Ms. Conroy,297,1.0,0.03823
2025-10-28#t297w3,2025-10-28,Ms. Conroy,342,1.0,0.028869
2025-10-28#t298w0,2025-10-28,,348,1.0,0.161815
2025-10-28#t298w1,2025-10-28,,294,1.0,0.030383
2025-10-28#t298w2,2025-10-28,,187,1.0,0.110453
2025-10-28#t299w0,2025-10-28,Ms. Wilcott,284,1.0,0.008151
2025-10-28#t299w1,2025-10-28,Ms. Wilcott,300,1.0,0.042072
2025-10-28#t299w2,2025-10-28,Ms. Wilcott,345,1.0,0.029471
2025-10-28#t299w3,2025-10-28,Ms. Wilcott,351,1.0,0.034393
2025-10-28#t299w4,2025-10-28,Ms. Wilcott,304,1.0,0.099685
2025-10-28#t299w5,2025-10-28,Ms. Wilcott,315,1.0,0.132105
2025-10-28#t299w6,2025-10-28,Ms. Wilcott,215,1.0,0.059998
2025-10-28#t300w0,2025-10-28,Ms. Bockus,336,1.0,0.040263
2025-10-28#t300w1,2025-10-28,Ms. Bockus,89,1.0,0.998519
2025-10-28#t301w0,2025-10-28,Ms. Bockus,341,1.0,0.991049
2025-10-28#t301w1,2025-10-28,Ms. Bockus,146,1.0,0.997561
2025-10-29#t304w0,2025-10-29,Mr. Weir,173,1.0,0.016966
2025-10-29#t305w0,2025-10-29,Ms. M. Johnson,222,1.0,0.108229
2025-10-29#t306w0,2025-10-29,Mr. Johnston,100,0.0,0.987039
2025-10-29#t307w0,2025-10-29,Ms. Conroy,161,1.0,0.161991
2025-10-29#t308w0,2025-10-29,Mr. Coon,147,0.973,0.761404
2025-10-29#t309w0,2025-10-29,Ms. Vautour,148,0.0,0.185054
2025-10-29#t310w0,2025-10-29,Mr. Russell,132,1.0,0.144875
2025-10-29#t311w0,2025-10-29,Ms. Mitton,116,0.0,0.981364
2025-10-29#t312w0,2025-10-29,Hon. Mr. Herron,166,1.0,0.04599
2025-10-29#t313w0,2025-10-29,Mr. Robichaud,146,0.349,0.823223
2025-10-29#t315w0,2025-10-29,Mr. Savoie,89,0.775,0.872982
2025-10-29#t316w0,2025-10-29,Hon. Mr. Gauvin,90,0.0,0.976968
2025-10-29#t318w0,2025-10-29,Mr. Russell,117,1.0,0.168497
2025-10-29#t319w0,2025-10-29,Mr. Coon,187,1.0,0.017691
2025-10-29#t320w0,2025-10-29,Ms. Wilcott,163,1.0,0.817153
2025-10-29#t321w0,2025-10-29,Mr. Oliver,120,1.0,0.144876
2025-10-29#t322w0,2025-10-29,Mr. Mallet,166,0.0,0.124155
2025-10-29#t323w0,2025-10-29,Ms. Scott-Wallace,151,1.0,0.834452
2025-10-29#t324w0,2025-10-29,Mr. M. LeBlanc,166,1.0,0.715335
2025-10-29#t325w0,2025-10-29,Mr. Cullins,156,1.0,0.737546
2025-10-29#t326w0,2025-10-29,Mr. Robichaud,176,0.239,0.114508
2025-10-29#t327w0,2025-10-29,Ms. S. Wilson,142,1.0,0.090154
2025-10-29#t329w0,2025-10-29,Mr. Austin,197,1.0,0.065333
2025-10-29#t330w0,2025-10-29,Hon. Mr. McKee,110,1.0,0.439918
2025-10-29#t331w0,2025-10-29,Mr. Savoie,114,1.0,0.660283
2025-10-29#t332w0,2025-10-29,Hon. Mr. McKee,145,1.0,0.032556
2025-10-29#t333w0,2025-10-29,Mr. Savoie,88,1.0,0.991306
2025-10-29#t334w0,2025-10-29,Hon. Mr. McKee,175,1.0,0.134967
2025-10-29#t335w0,2025-10-29,Mr. Savoie,172,1.0,0.116243
2025-10-29#t336w0,2025-10-29,Hon. C. Johnson,112,1.0,0.269346
2025-10-29#t337w0,2025-10-29,Mr. Savoie,206,1.0,0.212799
2025-10-29#t338w0,2025-10-29,Hon. C. Johnson,80,1.0,0.617456
2025-10-29#t339w0,2025-10-29,Mr. Savoie,153,1.0,0.423032
2025-10-29#t340w0,2025-10-29,Hon. C. Johnson,105,0.0,0.992724
2025-10-29#t341w0,2025-10-29,Mr. Weir,117,1.0,0.919316
2025-10-29#t342w0,2025-10-29,Hon. M. McKee,173,0.965,0.069666
2025-10-29#t343w0,2025-10-29,Mr. Weir,156,1.0,0.050039
2025-10-29#t344w0,2025-10-29,Hon. Mr. McKee,153,1.0,0.018136
2025-10-29#t345w0,2025-10-29,Mr. Weir,183,1.0,0.019817
2025-10-29#t346w0,2025-10-29,Hon. Mr. McKee,174,1.0,0.03508
2025-10-29#t347w0,2025-10-29,Mr. Ames,126,1.0,0.984293
2025-10-29#t348w0,2025-10-29,Hon. Mr. Gauvin,176,0.0,0.058228
2025-10-29#t349w0,2025-10-29,Mr. Ames,63,1.0,0.999556
2025-10-29#t350w0,2025-10-29,Hon. Mr. Gauvin,106,0.0,0.455054
2025-10-29#t351w0,2025-10-29,Hon. Mr. Gauvin,75,0.0,0.999196
2025-10-29#t352w0,2025-10-29,Mr. Ames,61,1.0,0.999474
2025-10-29#t353w0,2025-10-29,Hon. Mr. Gauvin,231,0.0,0.024078
2025-10-29#t354w0,2025-10-29,Ms. Mitton,141,1.0,0.034733
2025-10-29#t355w0,2025-10-29,Hon. Mr. LePage,129,0.0,0.182573
2025-10-29#t356w0,2025-10-29,Ms. Mitton,144,1.0,0.084363
2025-10-29#t357w0,2025-10-29,Hon. Mr. LePage,138,0.0,0.121262
2025-10-29#t358w0,2025-10-29,Ms. Mitton,168,1.0,0.066735
2025-10-29#t359w0,2025-10-29,Hon. Mr. LePage,132,0.0,0.714235
2025-10-29#t360w0,2025-10-29,Mr. Monahan,154,1.0,0.157459
2025-10-29#t361w0,2025-10-29,Hon. C. Johnson,108,0.0,0.992589
2025-10-29#t363w0,2025-10-29,Ms. M. Johnson,66,1.0,0.997775
2025-10-29#t365w0,2025-10-29,Hon. K. Chiasson,154,0.0,0.29348
2025-10-29#t366w0,2025-10-29,Ms. Conroy,100,1.0,0.908242
2025-10-29#t367w0,2025-10-29,Mr. Coon,139,0.971,0.37209
2025-10-29#t368w0,2025-10-29,Hon. Mr. Herron,192,1.0,0.821008
2025-10-29#t369w0,2025-10-29,Mr. Austin,243,1.0,0.03447
2025-10-29#t370w0,2025-10-29,Mr. Coon,225,1.0,0.02366
2025-10-29#t371w0,2025-10-29,Hon. Mr. D’Amours,199,0.709,0.16437
2025-10-29#t372w0,2025-10-29,Mr. Cullins,191,1.0,0.037132
2025-10-29#t373w0,2025-10-29,Ms. Mitton,148,0.953,0.958093
2025-10-29#t374w0,2025-10-29,Madam Speaker,68,0.0,0.995383
2025-10-29#t375w0,2025-10-29,Ms. M. Johnson,89,1.0,0.999076
2025-10-29#t376w0,2025-10-29,Mr. M. LeBlanc,87,1.0,0.755052
2025-10-29#t377w0,2025-10-29,Madam Speaker,290,1.0,0.990669
2025-10-29#t377w1,2025-10-29,Madam Speaker,343,1.0,0.940858
2025-10-29#t377w2,2025-10-29,Madam Speaker,353,1.0,0.122573
2025-10-29#t377w3,2025-10-29,Madam Speaker,331,1.0,0.230705
2025-10-29#t377w4,2025-10-29,Madam Speaker,76,1.0,0.997002
2025-10-29#t378w0,2025-10-29,Mr. M. LeBlanc,307,0.0,0.067014
2025-10-29#t378w1,2025-10-29,Mr. M. LeBlanc,283,0.0,0.036234
2025-10-29#t378w2,2025-10-29,Mr. M. LeBlanc,311,0.322,0.068645
2025-10-29#t378w3,2025-10-29,Mr. M. LeBlanc,309,0.537,0.032454
2025-10-29#t378w4,2025-10-29,Mr. M. LeBlanc,334,0.659,0.005947
2025-10-29#t378w5,2025-10-29,Mr. M. LeBlanc,351,0.202,0.626192
2025-10-29#t378w6,2025-10-29,Mr. M. LeBlanc,299,0.753,0.23198
2025-10-29#t378w7,2025-10-29,Mr. M. LeBlanc,351,0.712,0.193419
2025-10-29#t378w8,2025-10-29,Mr. M. LeBlanc,340,0.706,0.224861
2025-10-29#t378w9,2025-10-29,Mr. M. LeBlanc,316,1.0,0.084014
2025-10-29#t378w10,2025-10-29,Mr. M. LeBlanc,293,0.778,0.128721
2025-10-29#t379w0,2025-10-29,Mr. M. LeBlanc,326,1.0,0.03738
2025-10-29#t379w1,2025-10-29,Mr. M. LeBlanc,350,0.874,0.065513
2025-10-29#t379w2,2025-10-29,Mr. M. LeBlanc,90,1.0,0.775875
2025-10-29#t382w0,2025-10-29,Mr. M. LeBlanc,157,1.0,0.073448
2025-10-29#t383w0,2025-10-29,Mr. M. LeBlanc,71,1.0,0.997783
2025-10-29#t385w0,2025-10-29,Mr. M. LeBlanc,247,0.551,0.445301
2025-10-29#t387w0,2025-10-29,Mr. M. LeBlanc,324,1.0,0.014925
2025-10-29#t387w1,2025-10-29,Mr. M. LeBlanc,112,1.0,0.764685
2025-10-29#t394w0,2025-10-29,Mr. Johnston,189,1.0,0.018573
2025-10-29#t396w0,2025-10-29,Ms. M. Johnson,330,1.0,0.017264
2025-10-29#t396w1,2025-10-29,Ms. M. Johnson,322,1.0,0.008055
2025-10-29#t396w2,2025-10-29,Ms. M. Johnson,306,1.0,0.015193
2025-10-29#t396w3,2025-10-29,Ms. M. Johnson,351,1.0,0.034453
2025-10-29#t396w4,2025-10-29,Ms. M. Johnson,290,1.0,0.078585
2025-10-29#t396w5,2025-10-29,Ms. M. Johnson,354,1.0,0.030468
2025-10-29#t396w6,2025-10-29,Ms. M. Johnson,297,1.0,0.732225
2025-10-29#t396w7,2025-10-29,Ms. M. Johnson,252,1.0,0.868271
2025-10-29#t396w8,2025-10-29,Ms. M. Johnson,346,1.0,0.081201
2025-10-29#t396w9,2025-10-29,Ms. M. Johnson,254,1.0,0.011969
2025-10-29#t396w10,2025-10-29,Ms. M. Johnson,337,1.0,0.057098
2025-10-29#t397w0,2025-10-29,Mr. J. LeBlanc,338,0.0,0.024201
2025-10-29#t397w1,2025-10-29,Mr. J. LeBlanc,294,0.163,0.043085
2025-10-29#t397w2,2025-10-29,Mr. J. LeBlanc,305,0.311,0.085831
2025-10-29#t397w3,2025-10-29,Mr. J. LeBlanc,349,0.504,0.029905
2025-10-29#t397w4,2025-10-29,Mr. J. LeBlanc,244,0.0,0.098469
2025-10-29#t397w5,2025-10-29,Mr. J. LeBlanc,348,0.471,0.031785
2025-10-29#t397w6,2025-10-29,Mr. J. LeBlanc,306,0.435,0.140571
2025-10-29#t397w7,2025-10-29,Mr. J. LeBlanc,313,0.776,0.185896
2025-10-29#t397w8,2025-10-29,Mr. J. LeBlanc,318,0.56,0.027169
2025-10-29#t397w9,2025-10-29,Mr. J. LeBlanc,352,0.111,0.086709
2025-10-29#t397w10,2025-10-29,Mr. J. LeBlanc,303,0.0,0.079478
2025-10-29#t397w11,2025-10-29,Mr. J. LeBlanc,282,0.0,0.030506
2025-10-29#t397w12,2025-10-29,Mr. J. LeBlanc,257,0.311,0.013729
2025-10-29#t397w13,2025-10-29,Mr. J. LeBlanc,299,0.421,0.053171
2025-10-29#t397w14,2025-10-29,Mr. J. LeBlanc,330,0.0,0.039959
2025-10-29#t397w15,2025-10-29,Mr. J. LeBlanc,346,0.373,0.310228
2025-10-29#t399w0,2025-10-29,Mr. Cullins,56,1.0,0.999057
2025-10-29#t400w0,2025-10-29,Mr. Cullins,334,1.0,0.035546
2025-10-29#t400w1,2025-10-29,Mr. Cullins,318,1.0,0.068126
2025-10-29#t400w2,2025-10-29,Mr. Cullins,250,1.0,0.156389
2025-10-29#t400w3,2025-10-29,Mr. Cullins,264,1.0,0.031702
2025-10-29#t400w4,2025-10-29,Mr. Cullins,281,1.0,0.136
2025-10-29#t400w5,2025-10-29,Mr. Cullins,350,1.0,0.748093
2025-10-29#t400w6,2025-10-29,Mr. Cullins,357,1.0,0.044371
2025-10-29#t400w7,2025-10-29,Mr. Cullins,54,1.0,0.999416
2025-10-29#t401w0,2025-10-29,,325,1.0,0.037692
2025-10-29#t401w1,2025-10-29,,349,1.0,0.042502
2025-10-29#t401w2,2025-10-29,,131,1.0,0.033382
2025-10-29#t403w0,2025-10-29,Madam Speaker,344,0.547,0.984975
2025-10-29#t403w1,2025-10-29,Madam Speaker,344,0.558,0.062106
2025-10-29#t403w2,2025-10-29,Madam Speaker,201,0.726,0.115803
2025-10-29#t404w0,2025-10-29,Mr. Lee,195,1.0,0.264991
2025-10-29#t404w1,2025-10-29,Mr. Lee,187,1.0,0.029604
2025-10-29#t404w2,2025-10-29,Mr. Lee,247,1.0,0.817324
2025-10-29#t404w3,2025-10-29,Mr. Lee,315,1.0,0.101758
2025-10-29#t404w4,2025-10-29,Mr. Lee,355,1.0,0.084811
2025-10-29#t404w5,2025-10-29,Mr. Lee,350,1.0,0.057805
2025-10-29#t404w6,2025-10-29,Mr. Lee,101,1.0,0.777602
2025-10-29#t405w0,2025-10-29,Ms. Mitton,335,0.866,0.030464
2025-10-29#t405w1,2025-10-29,Ms. Mitton,313,0.495,0.068483
2025-10-29#t405w2,2025-10-29,Ms. Mitton,359,0.437,0.007575
2025-10-29#t406w0,2025-10-29,Ms. M. Wilson,332,1.0,0.014062
2025-10-29#t406w1,2025-10-29,Ms. M. Wilson,289,1.0,0.051015
2025-10-29#t406w2,2025-10-29,Ms. M. Wilson,305,1.0,0.152887
2025-10-29#t406w3,2025-10-29,Ms. M. Wilson,334,1.0,0.01126
2025-10-29#t406w4,2025-10-29,Ms. M. Wilson,356,1.0,0.041338
2025-10-29#t407w0,2025-10-29,Mr. Coon,346,0.887,0.006479
2025-10-29#t407w1,2025-10-29,Mr. Coon,328,1.0,0.004523
2025-10-29#t407w2,2025-10-29,Mr. Coon,359,0.518,0.341669
2025-10-29#t407w3,2025-10-29,Mr. Coon,194,0.345,0.268748
2025-10-29#t408w0,2025-10-29,Mr. Ames,350,1.0,0.431881
2025-10-29#t408w1,2025-10-29,Mr. Ames,281,1.0,0.905822
2025-10-29#t409w0,2025-10-29,Mr. Coon,319,0.987,0.010918
2025-10-29#t409w1,2025-10-29,Mr. Coon,315,1.0,0.012935
2025-10-29#t411w0,2025-10-29,Mr. Austin,328,1.0,0.0423
2025-10-29#t411w1,2025-10-29,Mr. Austin,246,1.0,0.211258
2025-10-29#t411w2,2025-10-29,Mr. Austin,318,1.0,0.017227
2025-10-29#t411w3,2025-10-29,Mr. Austin,311,0.415,0.996935
2025-10-29#t411w4,2025-10-29,Mr. Austin,351,0.519,0.021704
2025-10-29#t411w5,2025-10-29,Mr. Austin,267,0.581,0.033064
2025-10-29#t412w0,2025-10-29,Mr. Oliver,328,1.0,0.01118
2025-10-29#t412w1,2025-10-29,Mr. Oliver,322,1.0,0.049694
2025-10-29#t412w2,2025-10-29,Mr. Oliver,270,1.0,0.086313
2025-10-29#t413w0,2025-10-29,Mr. Coon,359,1.0,0.148566
2025-10-30#t415w0,2025-10-30,Hon. Mr. Herron,77,1.0,0.993105
2025-10-30#t416w0,2025-10-30,Hon. Mr. Herron,336,1.0,0.034183
2025-10-30#t416w1,2025-10-30,Hon. Mr. Herron,122,1.0,0.987924
2025-10-30#t417w0,2025-10-30,Mr. Savoie,225,0.973,0.065735
2025-10-30#t418w0,2025-10-30,Mr. Coon,91,0.956,0.997835
2025-10-30#t419w0,2025-10-30,Mr. Coon,93,1.0,0.942812
2025-10-30#t420w0,2025-10-30,Ms. Conroy,287,1.0,0.035965
2025-10-30#t420w1,2025-10-30,Ms. Conroy,82,1.0,0.74226
2025-10-30#t421w0,2025-10-30,Mr. Johnston,184,0.663,0.079497
2025-10-30#t423w0,2025-10-30,Hon. Ms. Holt,336,1.0,0.015379
2025-10-30#t423w1,2025-10-30,Hon. Ms. Holt,260,1.0,0.016949
2025-10-30#t425w0,2025-10-30,Mr. Lee,330,1.0,0.015703
2025-10-30#t426w0,2025-10-30,Hon. Ms. Thériault,195,0.0,0.19946
2025-10-30#t427w0,2025-10-30,Ms. M. Johnson,230,1.0,0.214444
2025-10-30#t428w0,2025-10-30,Mr. Oliver,180,1.0,0.963056
2025-10-30#t430w0,2025-10-30,Ms. Sodhi,176,1.0,0.555304
2025-10-30#t431w0,2025-10-30,Ms. Scott-Wallace,158,1.0,0.125045
2025-10-30#t432w0,2025-10-30,Mr. Coon,141,1.0,0.608565
2025-10-30#t433w0,2025-10-30,Hon. C. Johnson,136,0.0,0.42228
2025-10-30#t434w0,2025-10-30,Ms. Mitton,126,0.976,0.935112
2025-10-30#t435w0,2025-10-30,Ms. M. Wilson,135,1.0,0.905809
2025-10-30#t436w0,2025-10-30,Ms. Mitton,154,1.0,0.287713
2025-10-30#t437w0,2025-10-30,Mr. Johnston,167,0.898,0.041093
2025-10-30#t438w0,2025-10-30,Mr. Hogan,146,1.0,0.18667
2025-10-30#t439w0,2025-10-30,Mr. Arseneault,146,0.637,0.764683
2025-10-30#t440w0,2025-10-30,Mr. Ames,117,1.0,0.838361
2025-10-30#t441w0,2025-10-30,Ms. Sodhi,148,1.0,0.885187
2025-10-30#t442w0,2025-10-30,Ms. M. Johnson,132,1.0,0.035439
2025-10-30#t443w0,2025-10-30,Mr. Doucet,122,1.0,0.478321
2025-10-30#t444w0,2025-10-30,Ms. Conroy,133,1.0,0.059301
2025-10-30#t445w0,2025-10-30,Mr. Savoie,180,0.956,0.037652
2025-10-30#t446w0,2025-10-30,Hon. Ms. Holt,122,1.0,0.047232
2025-10-30#t447w0,2025-10-30,Mr. Savoie,142,1.0,0.846497
2025-10-30#t448w0,2025-10-30,Hon. Mr. Legacy,164,1.0,0.023
2025-10-30#t449w0,2025-10-30,Mr. Savoie,137,1.0,0.797424
2025-10-30#t450w0,2025-10-30,Hon. Mr. Herron,160,1.0,0.02698
2025-10-30#t451w0,2025-10-30,Mr. Savoie,93,1.0,0.95908
2025-10-30#t452w0,2025-10-30,Hon. Mr. Herron,140,1.0,0.052839
2025-10-30#t453w0,2025-10-30,Mr. Savoie,171,1.0,0.029219
2025-10-30#t454w0,2025-10-30,Hon. Mr. Herron,118,1.0,0.908717
2025-10-30#t455w0,2025-10-30,Mr. Savoie,128,1.0,0.046008
2025-10-30#t457w0,2025-10-30,Mr. Lee,128,1.0,0.79296
2025-10-30#t458w0,2025-10-30,Hon. C. Johnson,63,1.0,0.998522
2025-10-30#t459w0,2025-10-30,Mr. Lee,129,1.0,0.982733
2025-10-30#t460w0,2025-10-30,Hon. C. Johnson,74,1.0,0.999043
2025-10-30#t461w0,2025-10-30,Hon. C. Johnson,52,1.0,0.999322
2025-10-30#t462w0,2025-10-30,Mr. Lee,156,1.0,0.880029
2025-10-30#t464w0,2025-10-30,Hon. C. Johnson,110,1.0,0.356012
2025-10-30#t465w0,2025-10-30,Mr. Hogan,106,1.0,0.861583
2025-10-30#t466w0,2025-10-30,Hon. Mr. Dornan,133,1.0,0.04193
2025-10-30#t467w0,2025-10-30,Mr. Hogan,135,1.0,0.172602
2025-10-30#t468w0,2025-10-30,Hon. Mr. Dornan,176,1.0,0.036545
2025-10-30#t469w0,2025-10-30,Mr. Hogan,139,1.0,0.083233
2025-10-30#t470w0,2025-10-30,Hon. Mr. Dornan,130,1.0,0.045818
2025-10-30#t471w0,2025-10-30,Mr. Coon,151,0.974,0.086789
2025-10-30#t472w0,2025-10-30,Hon. Mr. LePage,124,0.0,0.638666
2025-10-30#t473w0,2025-10-30,Mr. Coon,167,1.0,0.18688
2025-10-30#t474w0,2025-10-30,Hon. Mr. LePage,134,0.0,0.243462
2025-10-30#t475w0,2025-10-30,Mr. Monahan,137,0.0,0.109314
2025-10-30#t476w0,2025-10-30,Hon. Ms. Miles,179,1.0,0.049498
2025-10-30#t477w0,2025-10-30,Mr. Monahan,160,0.0,0.202716
2025-10-30#t478w0,2025-10-30,Hon. Ms. Holt,221,0.837,0.024524
2025-10-30#t480w0,2025-10-30,Hon. Mr. Gauvin,152,0.586,0.229372
2025-10-30#t481w0,2025-10-30,Mr. Ames,119,1.0,0.128982
2025-10-30#t482w0,2025-10-30,Mr. Coon,153,0.752,0.13979
2025-10-30#t483w0,2025-10-30,Hon. Ms. Thériault,204,0.441,0.18544
2025-10-30#t485w0,2025-10-30,Ms. M. Wilson,260,1.0,0.033735
2025-10-30#t486w0,2025-10-30,Ms. Mitton,161,0.975,0.069534
2025-10-30#t487w0,2025-10-30,Hon. C. Johnson,193,0.591,0.356942
2025-10-30#t488w0,2025-10-30,Mr. Lee,127,1.0,0.851657
2025-10-30#t489w0,2025-10-30,Ms. Mitton,256,0.984,0.036779
2025-10-30#t491w0,2025-10-30,Ms. M. Johnson,102,1.0,0.809888
2025-10-30#t492w0,2025-10-30,Madam Speaker,312,0.897,0.621824
2025-10-30#t493w0,2025-10-30,Ms. M. Johnson,94,1.0,0.824847
2025-10-30#t494w0,2025-10-30,Mr. M. LeBlanc,235,1.0,0.025794
2025-10-30#t495w0,2025-10-30,Mr. Weir,344,1.0,0.012905
2025-10-30#t495w1,2025-10-30,Mr. Weir,339,1.0,0.024376
2025-10-30#t495w2,2025-10-30,Mr. Weir,345,1.0,0.037008
2025-10-30#t495w3,2025-10-30,Mr. Weir,359,1.0,0.035808
2025-10-30#t495w4,2025-10-30,Mr. Weir,221,1.0,0.512971
2025-10-30#t495w5,2025-10-30,Mr. Weir,330,1.0,0.010247
2025-10-30#t495w6,2025-10-30,Mr. Weir,321,1.0,0.013089
2025-10-30#t495w7,2025-10-30,Mr. Weir,278,1.0,0.048172
2025-10-30#t495w8,2025-10-30,Mr. Weir,311,1.0,0.014604
2025-10-30#t495w9,2025-10-30,Mr. Weir,77,1.0,0.992685
2025-10-30#t496w0,2025-10-30,Hon. Mr. McKee,340,1.0,0.043438
2025-10-30#t496w1,2025-10-30,Hon. Mr. McKee,307,0.27,0.035499
2025-10-30#t496w2,2025-10-30,Hon. Mr. McKee,289,1.0,0.545628
2025-10-30#t496w3,2025-10-30,Hon. Mr. McKee,298,0.359,0.41806
2025-10-30#t496w4,2025-10-30,Hon. Mr. McKee,108,1.0,0.957431
2025-10-30#t499w0,2025-10-30,Hon. Mr. McKee,316,1.0,0.02182
2025-10-30#t499w1,2025-10-30,Hon. Mr. McKee,348,1.0,0.022553
2025-10-30#t499w2,2025-10-30,Hon. Mr. McKee,180,1.0,0.128297
2025-10-30#t503w0,2025-10-30,Mr. Hogan,329,1.0,0.012772
2025-10-30#t503w1,2025-10-30,Mr. Hogan,337,1.0,0.021687
2025-10-30#t503w2,2025-10-30,Mr. Hogan,354,1.0,0.049314
2025-10-30#t503w3,2025-10-30,Mr. Hogan,314,1.0,0.016177
2025-10-30#t503w4,2025-10-30,Mr. Hogan,313,1.0,0.020182
2025-10-30#t503w5,2025-10-30,Mr. Hogan,83,1.0,0.992707
2025-10-30#t505w0,2025-10-30,Ms. Vautour,349,0.0,0.037333
2025-10-30#t505w1,2025-10-30,Ms. Vautour,290,0.0,0.034951
2025-10-30#t505w2,2025-10-30,Ms. Vautour,261,0.0,0.072204
2025-10-30#t507w0,2025-10-30,Mr. Coon,229,1.0,0.022408
2025-10-30#t507w1,2025-10-30,Mr. Coon,320,1.0,0.020467
2025-10-30#t507w2,2025-10-30,Mr. Coon,244,1.0,0.163743
2025-10-30#t507w3,2025-10-30,Mr. Coon,272,1.0,0.024062
2025-10-30#t507w4,2025-10-30,Mr. Coon,343,1.0,0.036629
2025-10-30#t507w5,2025-10-30,Mr. Coon,142,1.0,0.105867
2025-10-30#t509w0,2025-10-30,Mr. Russell,341,1.0,0.012018
2025-10-30#t509w1,2025-10-30,Mr. Russell,332,1.0,0.073499
2025-10-30#t509w2,2025-10-30,Mr. Russell,345,1.0,0.054093
2025-10-30#t509w3,2025-10-30,Mr. Russell,318,1.0,0.042057
2025-10-30#t509w4,2025-10-30,Mr. Russell,169,1.0,0.029798
2025-10-30#t511w0,2025-10-30,Ms. Wilcott,268,1.0,0.048077
2025-10-30#t511w1,2025-10-30,Ms. Wilcott,349,1.0,0.016227
2025-10-30#t511w2,2025-10-30,Ms. Wilcott,329,1.0,0.033122
2025-10-30#t511w3,2025-10-30,Ms. Wilcott,271,1.0,0.030011
2025-10-30#t514w0,2025-10-30,Mr. Deputy Speaker,54,1.0,0.999131
2025-10-30#t515w0,2025-10-30,Ms. Wilcott,267,1.0,0.040459
2025-10-30#t515w1,2025-10-30,Ms. Wilcott,333,1.0,0.015374
2025-10-30#t515w2,2025-10-30,Ms. Wilcott,118,1.0,0.447009
2025-10-30#t516w0,2025-10-30,Ms. Wilcott,241,1.0,0.027785
2025-10-30#t517w0,2025-10-30,Mr. Deputy Speaker,51,1.0,0.998284
2025-10-30#t518w0,2025-10-30,Mr. Savoie,311,1.0,0.016823
2025-10-30#t518w1,2025-10-30,Mr. Savoie,302,1.0,0.036818
2025-10-30#t520w0,2025-10-30,Mr. M. LeBlanc,58,1.0,0.997324
2025-10-30#t523w0,2025-10-30,Mr. Deputy Speaker,86,1.0,0.995057
2025-10-30#t525w0,2025-10-30,Mr. Savoie,161,1.0,0.982053
2025-10-30#t529w0,2025-10-30,Mr. Weir,105,1.0,0.592704
2025-10-30#t530w0,2025-10-30,Mr. Weir,203,1.0,0.014047
2025-10-30#t531w0,2025-10-30,Mr. Weir,294,1.0,0.033271
2025-10-30#t531w1,2025-10-30,Mr. Weir,216,1.0,0.015905
2025-10-30#t531w2,2025-10-30,Mr. Weir,252,1.0,0.017858
2025-10-30#t531w3,2025-10-30,Mr. Weir,254,1.0,0.097689
2025-10-30#t531w4,2025-10-30,Mr. Weir,146,1.0,0.114727
2025-10-30#t532w0,2025-10-30,Mr. Deputy Speaker,353,1.0,0.429176
2025-10-30#t533w0,2025-10-30,,223,0.951,0.020445
2025-10-30#t534w0,2025-10-30,Ms. S. Wilson,360,1.0,0.090376
2025-10-30#t534w1,2025-10-30,Ms. S. Wilson,300,1.0,0.020325
2025-10-30#t534w2,2025-10-30,Ms. S. Wilson,305,1.0,0.123616
2025-10-30#t534w3,2025-10-30,Ms. S. Wilson,338,1.0,0.021564
2025-10-30#t534w4,2025-10-30,Ms. S. Wilson,309,1.0,0.083245
2025-10-30#t534w5,2025-10-30,Ms. S. Wilson,210,1.0,0.257193
2025-10-30#t535w0,2025-10-30,Hon. Mr. McKee,329,1.0,0.007864
2025-10-30#t535w1,2025-10-30,Hon. Mr. McKee,309,0.583,0.059457
2025-10-30#t535w2,2025-10-30,Hon. Mr. McKee,334,0.623,0.020966
2025-10-30#t535w3,2025-10-30,Hon. Mr. McKee,357,0.773,0.049114
2025-10-30#t535w4,2025-10-30,Hon. Mr. McKee,319,1.0,0.039024
2025-10-30#t535w5,2025-10-30,Hon. Mr. McKee,360,1.0,0.063149
2025-10-30#t535w6,2025-10-30,Hon. Mr. McKee,133,0.955,0.038622
2025-10-30#t536w0,2025-10-30,Ms. M. Johnson,352,1.0,0.753982
2025-10-30#t536w1,2025-10-30,Ms. M. Johnson,360,1.0,0.039018
2025-10-30#t536w2,2025-10-30,Ms. M. Johnson,333,1.0,0.102982
2025-10-30#t536w3,2025-10-30,Ms. M. Johnson,292,1.0,0.018297
2025-10-30#t537w0,2025-10-30,Mr. Bourque,329,0.0,0.025114
2025-10-30#t537w1,2025-10-30,Mr. Bourque,335,0.0,0.079926
2025-10-30#t537w2,2025-10-30,Mr. Bourque,349,0.043,0.028456
2025-10-30#t537w3,2025-10-30,Mr. Bourque,349,0.705,0.050901
2025-10-30#t537w4,2025-10-30,Mr. Bourque,247,0.571,0.021237
2025-10-30#t537w5,2025-10-30,Mr. Bourque,329,0.891,0.018945
2025-10-30#t537w6,2025-10-30,Mr. Bourque,254,0.819,0.013298
2025-10-31#t538w0,2025-10-31,Hon. Ms. Holt,192,0.958,0.024909
2025-10-31#t538w1,2025-10-31,Hon. Ms. Holt,348,0.647,0.010518
2025-10-31#t538w2,2025-10-31,Hon. Ms. Holt,250,0.84,0.009141
2025-10-31#t538w3,2025-10-31,Hon. Ms. Holt,357,0.672,0.014815
2025-10-31#t538w4,2025-10-31,Hon. Ms. Holt,319,0.687,0.022029
2025-10-31#t538w5,2025-10-31,Hon. Ms. Holt,212,0.892,0.012624
2025-10-31#t539w0,2025-10-31,Hon. Ms. Holt,309,0.583,0.046431
2025-10-31#t539w1,2025-10-31,Hon. Ms. Holt,296,1.0,0.012112
2025-10-31#t539w2,2025-10-31,Hon. Ms. Holt,312,1.0,0.026654
2025-10-31#t539w3,2025-10-31,Hon. Ms. Holt,356,0.461,0.014944
2025-10-31#t539w4,2025-10-31,Hon. Ms. Holt,325,1.0,0.020701
2025-10-31#t539w5,2025-10-31,Hon. Ms. Holt,330,0.57,0.015512
2025-10-31#t539w6,2025-10-31,Hon. Ms. Holt,332,0.717,0.022045
2025-10-31#t539w7,2025-10-31,Hon. Ms. Holt,350,0.726,0.011271
2025-10-31#t539w8,2025-10-31,Hon. Ms. Holt,196,1.0,0.034551
2025-10-31#t540w0,2025-10-31,Hon. Ms. Holt,314,0.764,0.053216
2025-10-31#t540w1,2025-10-31,Hon. Ms. Holt,329,0.669,0.027415
2025-10-31#t540w2,2025-10-31,Hon. Ms. Holt,219,1.0,0.075975
2025-10-31#t540w3,2025-10-31,Hon. Ms. Holt,334,0.734,0.023786
2025-10-31#t540w4,2025-10-31,Hon. Ms. Holt,274,0.679,0.951886
2025-11-04#t542w0,2025-11-04,Hon. Mr. Dornan,117,1.0,0.278671
2025-11-04#t543w0,2025-11-04,Mr. Savoie,89,1.0,0.988505
2025-11-04#t544w0,2025-11-04,Mr. Johnston,220,1.0,0.080044
2025-11-04#t545w0,2025-11-04,Mr. Russell,132,1.0,0.57873
2025-11-04#t546w0,2025-11-04,Ms. Wilcott,351,1.0,0.034405
2025-11-04#t546w1,2025-11-04,Ms. Wilcott,71,1.0,0.995884
2025-11-04#t547w0,2025-11-04,Mr. Bourque,174,0.54,0.25098
2025-11-04#t548w0,2025-11-04,Ms. Wilcott,154,0.857,0.081868
2025-11-04#t550w0,2025-11-04,Mr. Savoie,140,0.957,0.361529
2025-11-04#t551w0,2025-11-04,Mr. Coon,144,0.0,0.994646
2025-11-04#t552w0,2025-11-04,Ms. M. Johnson,186,0.978,0.640124
2025-11-04#t553w0,2025-11-04,Ms. Mitton,146,1.0,0.195911
2025-11-04#t554w0,2025-11-04,Ms. M. Wilson,128,1.0,0.090316
2025-11-04#t555w0,2025-11-04,Mr. Russell,138,1.0,0.635246
2025-11-04#t556w0,2025-11-04,Ms. Mitton,154,1.0,0.018616
2025-11-04#t557w0,2025-11-04,Mr. J. LeBlanc,155,0.774,0.168596
2025-11-04#t558w0,2025-11-04,Mr. Oliver,170,1.0,0.037101
2025-11-04#t559w0,2025-11-04,Mr. Robichaud,150,0.413,0.969171
2025-11-04#t560w0,2025-11-04,Ms. Scott-Wallace,160,1.0,0.065649
2025-11-04#t561w0,2025-11-04,Mr. Johnston,150,0.973,0.195616
2025-11-04#t562w0,2025-11-04,Mr. Cullins,155,1.0,0.063414
2025-11-04#t563w0,2025-11-04,Mr. Mallet,125,0.0,0.904038
2025-11-04#t564w0,2025-11-04,Ms. S. Wilson,145,1.0,0.268089
2025-11-04#t565w0,2025-11-04,Mr. Savoie,56,0.857,0.993786
2025-11-04#t566w0,2025-11-04,Mr. Savoie,80,1.0,0.994468
2025-11-04#t567w0,2025-11-04,Hon. Ms. Holt,183,1.0,0.087653
2025-11-04#t568w0,2025-11-04,Mr. Savoie,120,1.0,0.96016
2025-11-04#t569w0,2025-11-04,Hon. Mr. Herron,173,1.0,0.021713
2025-11-04#t570w0,2025-11-04,Mr. Savoie,138,1.0,0.212377
2025-11-04#t571w0,2025-11-04,Hon. Mr. Herron,85,1.0,0.693206
2025-11-04#t572w0,2025-11-04,Mr. Savoie,174,1.0,0.011362
2025-11-04#t573w0,2025-11-04,Hon. Mr. Legacy,143,1.0,0.020517
2025-11-04#t574w0,2025-11-04,Mr. Savoie,146,1.0,0.058595
2025-11-04#t575w0,2025-11-04,Hon. Ms. Holt,150,1.0,0.028163
2025-11-04#t576w0,2025-11-04,Mr. Savoie,155,1.0,0.140811
2025-11-04#t577w0,2025-11-04,Hon. Mr. Legacy,123,1.0,0.057311
2025-11-04#t578w0,2025-11-04,Mr. Lee,112,1.0,0.942241
2025-11-04#t579w0,2025-11-04,Hon. C. Johnson,82,1.0,0.994662
2025-11-04#t580w0,2025-11-04,Mr. Lee,109,1.0,0.984448
2025-11-04#t581w0,2025-11-04,Hon. C. Johnson,127,0.0,0.95529
2025-11-04#t582w0,2025-11-04,Mr. Lee,94,1.0,0.973463
2025-11-04#t583w0,2025-11-04,Hon. C. Johnson,117,1.0,0.170935
2025-11-04#t584w0,2025-11-04,Mr. Weir,143,1.0,0.066912
2025-11-04#t585w0,2025-11-04,Hon. Mr. McKee,180,1.0,0.022398
2025-11-04#t586w0,2025-11-04,Mr. Weir,178,1.0,0.044882
2025-11-04#t587w0,2025-11-04,Hon. Mr. McKee,175,1.0,0.02373
2025-11-04#t588w0,2025-11-04,Mr. Weir,202,1.0,0.021219
2025-11-04#t589w0,2025-11-04,Hon. Mr. McKee,191,1.0,0.075608
2025-11-04#t590w0,2025-11-04,Mr. Coon,145,1.0,0.009613
2025-11-04#t591w0,2025-11-04,Hon. Ms. Holt,172,0.547,0.040158
2025-11-04#t592w0,2025-11-04,Mr. Coon,153,1.0,0.012622
2025-11-04#t593w0,2025-11-04,Hon. Mr. D’Amours,159,0.0,0.29641
2025-11-04#t594w0,2025-11-04,Mr. Austin,159,1.0,0.287755
2025-11-04#t595w0,2025-11-04,Hon. Mr. Legacy,165,1.0,0.020351
2025-11-04#t596w0,2025-11-04,Mr. Austin,161,1.0,0.03025
2025-11-04#t597w0,2025-11-04,Hon. Mr. Legacy,194,1.0,0.023533
2025-11-04#t599w0,2025-11-04,Hon. Mr. Herron,253,0.866,0.207617
2025-11-04#t600w0,2025-11-04,Mr. Austin,299,1.0,0.040866
2025-11-04#t601w0,2025-11-04,Mr. Coon,312,1.0,0.024397
2025-11-04#t602w0,2025-11-04,Hon. Mr. Dornan,199,0.734,0.236556
2025-11-04#t603w0,2025-11-04,Mr. Hogan,288,1.0,0.011972
2025-11-04#t604w0,2025-11-04,Mr. Coon,235,0.983,0.040623
2025-11-04#t605w0,2025-11-04,Hon. Mr. Gauvin,178,0.489,0.090656
2025-11-04#t606w0,2025-11-04,Mr. Ames,121,1.0,0.632377
2025-11-04#t607w0,2025-11-04,Ms. Mitton,328,0.765,0.149857
2025-11-04#t607w1,2025-11-04,Ms. Mitton,250,0.724,0.964079
2025-11-04#t608w0,2025-11-04,Mr. M. LeBlanc,312,0.651,0.139006
2025-11-04#t608w1,2025-11-04,Mr. M. LeBlanc,58,0.069,0.997381
2025-11-04#t609w0,2025-11-04,Mr. Monahan,356,0.0,0.010872
2025-11-04#t609w1,2025-11-04,Mr. Monahan,322,0.0,0.011847
2025-11-04#t609w2,2025-11-04,Mr. Monahan,85,0.0,0.890796
2025-11-04#t610w0,2025-11-04,Ms. Mitton,359,0.393,0.440278
2025-11-04#t610w1,2025-11-04,Ms. Mitton,50,0.08,0.999027
2025-11-04#t611w0,2025-11-04,Mr. Monahan,346,0.627,0.013108
2025-11-04#t611w1,2025-11-04,Mr. Monahan,352,0.616,0.022725
2025-11-04#t611w2,2025-11-04,Mr. Monahan,354,0.616,0.015505
2025-11-04#t611w3,2025-11-04,Mr. Monahan,209,0.708,0.025756
2025-11-04#t612w0,2025-11-04,Mr. Coon,342,0.988,0.009028
2025-11-04#t612w1,2025-11-04,Mr. Coon,176,0.5,0.567871
2025-11-04#t613w0,2025-11-04,Mr. Monahan,278,0.568,0.121221
2025-11-04#t613w1,2025-11-04,Mr. Monahan,311,0.547,0.143487
2025-11-04#t613w2,2025-11-04,Mr. Monahan,318,0.0,0.033735
2025-11-04#t613w3,2025-11-04,Mr. Monahan,351,0.929,0.01389
2025-11-05#t615w0,2025-11-05,Hon. Mr. Gauvin,281,0.544,0.220691
2025-11-05#t616w0,2025-11-05,Mr. Austin,89,1.0,0.891859
2025-11-05#t617w0,2025-11-05,Mr. Hogan,213,1.0,0.012942
2025-11-05#t618w0,2025-11-05,Hon. Mr. Dornan,89,1.0,0.99428
2025-11-05#t620w0,2025-11-05,Ms. M. Johnson,210,1.0,0.164176
2025-11-05#t621w0,2025-11-05,Mr. Doucet,118,1.0,0.966661
2025-11-05#t622w0,2025-11-05,Mr. Ames,147,1.0,0.755218
2025-11-05#t623w0,2025-11-05,Mr. Coon,147,1.0,0.295282
2025-11-05#t624w0,2025-11-05,Mr. J. LeBlanc,172,0.174,0.456681
2025-11-05#t625w0,2025-11-05,Ms. Bockus,151,1.0,0.129471
2025-11-05#t626w0,2025-11-05,Ms. Mitton,167,0.964,0.384069
2025-11-05#t627w0,2025-11-05,Hon. Mr. D’Amours,160,0.0,0.961452
2025-11-05#t628w0,2025-11-05,Mr. Russell,123,1.0,0.927436
2025-11-05#t629w0,2025-11-05,Hon. Ms. Thériault,169,0.0,0.031043
2025-11-05#t630w0,2025-11-05,Mr. Austin,148,1.0,0.01302
2025-11-05#t631w0,2025-11-05,Mr. Coon,181,1.0,0.146794
2025-11-05#t632w0,2025-11-05,Mr. Arseneault,137,0.759,0.993846
2025-11-05#t633w0,2025-11-05,Ms. Bockus,129,1.0,0.714245
2025-11-05#t634w0,2025-11-05,Ms. Sodhi,161,1.0,0.117291
2025-11-05#t635w0,2025-11-05,Mr. Ames,141,1.0,0.346646
2025-11-05#t636w0,2025-11-05,Mr. M. LeBlanc,149,0.0,0.11065
2025-11-05#t637w0,2025-11-05,Ms. M. Johnson,142,1.0,0.754179
2025-11-05#t638w0,2025-11-05,Ms. Wilcott,113,1.0,0.968328
2025-11-05#t639w0,2025-11-05,Mr. Monahan,157,1.0,0.052252
2025-11-05#t640w0,2025-11-05,Mr. Savoie,138,0.942,0.087804
2025-11-05#t641w0,2025-11-05,Hon. Mr. Legacy,163,0.975,0.043729
2025-11-05#t642w0,2025-11-05,Mr. Savoie,176,1.0,0.008179
2025-11-05#t643w0,2025-11-05,Hon. Mr. Legacy,160,1.0,0.059426
2025-11-05#t644w0,2025-11-05,Mr. Savoie,182,1.0,0.753398
2025-11-05#t645w0,2025-11-05,Hon. Mr. Legacy,220,1.0,0.026164
2025-11-05#t646w0,2025-11-05,Mr. Savoie,180,1.0,0.417128
2025-11-05#t647w0,2025-11-05,Hon. Mr. Hickey,174,1.0,0.004942
2025-11-05#t648w0,2025-11-05,Mr. Savoie,149,1.0,0.078277
2025-11-05#t649w0,2025-11-05,Hon. Mr. Hickey,146,1.0,0.049471
2025-11-05#t650w0,2025-11-05,Mr. Savoie,197,1.0,0.088244
2025-11-05#t651w0,2025-11-05,Hon. Mr. Hickey,151,1.0,0.01048
2025-11-05#t652w0,2025-11-05,Ms. Conroy,141,1.0,0.974351
2025-11-05#t653w0,2025-11-05,Hon. Mr. Hickey,200,1.0,0.724887
2025-11-05#t654w0,2025-11-05,Ms. Conroy,168,1.0,0.756496
2025-11-05#t655w0,2025-11-05,Hon. Mr. Hickey,176,0.966,0.017293
2025-11-05#t656w0,2025-11-05,Ms. Conroy,116,1.0,0.478561
2025-11-05#t657w0,2025-11-05,Hon. Mr. Hickey,141,1.0,0.077897
2025-11-05#t658w0,2025-11-05,Ms. Mitton,148,1.0,0.100092
2025-11-05#t659w0,2025-11-05,Hon. Ms. Miles,197,1.0,0.139274
2025-11-05#t660w0,2025-11-05,Ms. Mitton,167,1.0,0.937289
2025-11-05#t661w0,2025-11-05,Hon. Ms. Boudreau,154,0.286,0.111884
2025-11-05#t662w0,2025-11-05,Ms. Mitton,121,0.157,0.991139
2025-11-05#t663w0,2025-11-05,Hon. Ms. Boudreau,171,0.082,0.107158
2025-11-05#t664w0,2025-11-05,Mr. Austin,172,1.0,0.018871
2025-11-05#t665w0,2025-11-05,Hon. Mr. Legacy,137,0.0,0.510005
2025-11-05#t666w0,2025-11-05,Mr. Austin,205,1.0,0.020979
2025-11-05#t667w0,2025-11-05,Hon. Mr. Herron,165,1.0,0.013592
2025-11-05#t668w0,2025-11-05,Mr. Monahan,140,0.0,0.852484
2025-11-05#t669w0,2025-11-05,Hon. Mr. Kennedy,181,1.0,0.023743
2025-11-05#t671w0,2025-11-05,Hon. Ms. Boudreau,134,0.388,0.76682
2025-11-05#t672w0,2025-11-05,Ms. Scott-Wallace,159,1.0,0.056798
2025-11-05#t673w0,2025-11-05,Ms. Mitton,103,0.728,0.217943
2025-11-05#t674w0,2025-11-05,Hon. Mr. LePage,201,0.398,0.914265
2025-11-05#t675w0,2025-11-05,Ms. S. Wilson,260,1.0,0.014868
2025-11-05#t676w0,2025-11-05,Ms. Mitton,246,1.0,0.082074
2025-11-05#t677w0,2025-11-05,Hon. Ms. Thériault,191,0.555,0.031576
2025-11-05#t678w0,2025-11-05,Ms. M. Wilson,263,1.0,0.080895
2025-11-05#t679w0,2025-11-05,Ms. Mitton,185,1.0,0.174286
2025-11-05#t680w0,2025-11-05,Ms. Mitton,306,1.0,0.009697
2025-11-05#t680w1,2025-11-05,Ms. Mitton,307,0.645,0.64451
2025-11-05#t680w2,2025-11-05,Ms. Mitton,59,1.0,0.999672
2025-11-05#t681w0,2025-11-05,Ms. M. Johnson,106,0.943,0.990561
2025-11-05#t682w0,2025-11-05,Mr. M. LeBlanc,93,1.0,0.963435
2025-11-05#t684w0,2025-11-05,Mr. M. LeBlanc,315,0.083,0.881976
2025-11-05#t684w1,2025-11-05,Mr. M. LeBlanc,297,0.0,0.282186
2025-11-05#t686w0,2025-11-05,Madam Speaker,69,0.725,0.999438
2025-11-05#t687w0,2025-11-05,Mr. Monahan,354,0.0,0.058404
2025-11-05#t687w1,2025-11-05,Mr. Monahan,342,0.535,0.967475
2025-11-05#t687w2,2025-11-05,Mr. Monahan,64,0.469,0.997955
2025-11-05#t689w0,2025-11-05,Mr. Coon,292,1.0,0.009457
2025-11-05#t689w1,2025-11-05,Mr. Coon,170,1.0,0.233332
2025-11-05#t690w0,2025-11-05,Ms. Bockus,257,1.0,0.029982
2025-11-05#t690w1,2025-11-05,Ms. Bockus,302,1.0,0.014305
2025-11-05#t690w2,2025-11-05,Ms. Bockus,355,1.0,0.026196
2025-11-05#t690w3,2025-11-05,Ms. Bockus,349,1.0,0.157195
2025-11-05#t690w4,2025-11-05,Ms. Bockus,353,0.765,0.624183
2025-11-05#t690w5,2025-11-05,Ms. Bockus,351,0.59,0.161671
2025-11-05#t690w6,2025-11-05,Ms. Bockus,297,0.542,0.080066
2025-11-05#t691w0,2025-11-05,Ms. M. Wilson,276,1.0,0.0155
2025-11-05#t691w1,2025-11-05,Ms. M. Wilson,261,1.0,0.03966
2025-11-05#t691w2,2025-11-05,Ms. M. Wilson,345,1.0,0.026429
2025-11-05#t691w3,2025-11-05,Ms. M. Wilson,317,1.0,0.005372
2025-11-05#t691w4,2025-11-05,Ms. M. Wilson,315,1.0,0.021278
2025-11-05#t692w0,2025-11-05,Mr. Coon,325,1.0,0.00738
2025-11-05#t692w1,2025-11-05,Mr. Coon,345,1.0,0.015311
2025-11-05#t692w2,2025-11-05,Mr. Coon,338,1.0,0.012101
2025-11-05#t693w0,2025-11-05,Ms. M. Johnson,309,1.0,0.013205
2025-11-05#t693w1,2025-11-05,Ms. M. Johnson,339,1.0,0.129579
2025-11-05#t693w2,2025-11-05,Ms. M. Johnson,279,0.401,0.066696
2025-11-05#t694w0,2025-11-05,Mr. Monahan,342,0.526,0.029255
2025-11-05#t694w1,2025-11-05,Mr. Monahan,241,0.519,0.032737
2025-11-05#t694w2,2025-11-05,Mr. Monahan,347,0.744,0.013255
2025-11-05#t694w3,2025-11-05,Mr. Monahan,332,0.398,0.025622
2025-11-05#t694w4,2025-11-05,Mr. Monahan,189,0.788,0.270398
2025-11-05#t695w0,2025-11-05,Mr. Hogan,72,1.0,0.999006
2025-11-05#t696w0,2025-11-05,Mr. M. LeBlanc,84,1.0,0.963265
2025-11-05#t698w0,2025-11-05,Mr. Hogan,68,1.0,0.997177
2025-11-05#t701w0,2025-11-05,Mr. M. LeBlanc,69,1.0,0.996768
2025-11-05#t703w0,2025-11-05,Mr. Hogan,343,1.0,0.010836
2025-11-05#t703w1,2025-11-05,Mr. Hogan,294,1.0,0.017138
2025-11-05#t703w2,2025-11-05,Mr. Hogan,311,1.0,0.017137
2025-11-05#t703w3,2025-11-05,Mr. Hogan,280,1.0,0.052207
2025-11-05#t703w4,2025-11-05,Mr. Hogan,354,1.0,0.01658
2025-11-05#t703w5,2025-11-05,Mr. Hogan,358,1.0,0.00911
2025-11-05#t703w6,2025-11-05,Mr. Hogan,59,1.0,0.993353
2025-11-05#t707w0,2025-11-05,Mr. Hogan,106,1.0,0.140078
2025-11-05#t708w0,2025-11-05,Mr. Hogan,285,1.0,0.012443
2025-11-05#t708w1,2025-11-05,Mr. Hogan,301,1.0,0.023897
2025-11-05#t708w2,2025-11-05,Mr. Hogan,109,1.0,0.154251
2025-11-05#t709w0,2025-11-05,Mr. M. LeBlanc,93,1.0,0.994481
2025-11-05#t710w0,2025-11-05,Madam Speaker,63,1.0,0.999236
2025-11-05#t711w0,2025-11-05,Mr. Hogan,129,1.0,0.449063
2025-11-05#t714w0,2025-11-05,Mr. Hogan,310,1.0,0.053775
2025-11-05#t714w1,2025-11-05,Mr. Hogan,285,1.0,0.045793
2025-11-05#t714w2,2025-11-05,Mr. Hogan,122,1.0,0.88664
2025-11-05#t715w0,2025-11-05,Hon. Mr. Legacy,345,1.0,0.009428
2025-11-05#t715w1,2025-11-05,Hon. Mr. Legacy,331,1.0,0.014509
2025-11-05#t715w2,2025-11-05,Hon. Mr. Legacy,71,1.0,0.999473
2025-11-05#t718w0,2025-11-05,Hon. Mr. Legacy,170,1.0,0.063144
2025-11-05#t719w0,2025-11-05,Mr. Savoie,267,1.0,0.013548
2025-11-05#t719w1,2025-11-05,Mr. Savoie,175,1.0,0.035859
2025-11-05#t721w0,2025-11-05,Mr. Savoie,135,1.0,0.040777
2025-11-05#t723w0,2025-11-05,Mr. Arseneault,90,1.0,0.988342
2025-11-06#t725w0,2025-11-06,Hon. Mr. D’Amours,155,0.606,0.081349
2025-11-06#t727w0,2025-11-06,Mr. Coon,111,0.964,0.821537
2025-11-06#t728w0,2025-11-06,Hon. Ms. Thériault,203,0.463,0.125739
2025-11-06#t729w0,2025-11-06,Ms. M. Johnson,294,1.0,0.02453
2025-11-06#t730w0,2025-11-06,Ms. Scott-Wallace,162,1.0,0.103747
2025-11-06#t731w0,2025-11-06,Mr. Mallet,162,0.0,0.204896
2025-11-06#t732w0,2025-11-06,Mr. Lee,153,1.0,0.673627
2025-11-06#t733w0,2025-11-06,Mr. Coon,151,1.0,0.172674
2025-11-06#t734w0,2025-11-06,Hon. Ms. Boudreau,151,0.232,0.103989
2025-11-06#t735w0,2025-11-06,Ms. Bockus,154,1.0,0.637106
2025-11-06#t736w0,2025-11-06,Ms. Mitton,160,1.0,0.765583
2025-11-06#t737w0,2025-11-06,Hon. Mr. Randall,106,0.943,0.996107
2025-11-06#t738w0,2025-11-06,Hon. Mr. LePage,170,0.0,0.666279
2025-11-06#t739w0,2025-11-06,Mr. Weir,144,1.0,0.021439
2025-11-06#t740w0,2025-11-06,Ms. Mitton,169,1.0,0.038681
2025-11-06#t741w0,2025-11-06,Mr. Bourque,131,0.26,0.832935
2025-11-06#t742w0,2025-11-06,Ms. Conroy,200,1.0,0.014717
2025-11-06#t743w0,2025-11-06,Mr. Doucet,107,0.0,0.592053
2025-11-06#t744w0,2025-11-06,Mr. Hogan,168,1.0,0.115749
2025-11-06#t745w0,2025-11-06,Mr. J. LeBlanc,133,1.0,0.10625
2025-11-06#t746w0,2025-11-06,Mr. Lee,139,1.0,0.149886
2025-11-06#t747w0,2025-11-06,Mr. Robichaud,164,0.299,0.118263
2025-11-06#t748w0,2025-11-06,Ms. M. Wilson,139,1.0,0.109698
2025-11-06#t749w0,2025-11-06,Mr. Savoie,121,0.934,0.290583
2025-11-06#t750w0,2025-11-06,Hon. Mr. Hickey,144,1.0,0.353367
2025-11-06#t751w0,2025-11-06,Mr. Savoie,136,1.0,0.31629
2025-11-06#t752w0,2025-11-06,Hon. Mr. Hickey,108,1.0,0.979299
2025-11-06#t753w0,2025-11-06,Hon. Mr. Hickey,52,1.0,0.999488
2025-11-06#t754w0,2025-11-06,Mr. Savoie,167,1.0,0.135112
2025-11-06#t755w0,2025-11-06,Hon. Mr. Hickey,83,1.0,0.931632
2025-11-06#t756w0,2025-11-06,Hon. Mr. Hickey,92,1.0,0.532807
2025-11-06#t757w0,2025-11-06,Mr. Savoie,125,1.0,0.566367
2025-11-06#t758w0,2025-11-06,Hon. Mr. Legacy,138,1.0,0.088361
2025-11-06#t759w0,2025-11-06,Mr. Savoie,134,1.0,0.690325
2025-11-06#t760w0,2025-11-06,Hon. Mr. LePage,154,0.0,0.226359
2025-11-06#t761w0,2025-11-06,Mr. Savoie,170,1.0,0.024443
2025-11-06#t762w0,2025-11-06,Hon. Mr. LePage,120,0.192,0.42594
2025-11-06#t763w0,2025-11-06,Mr. Savoie,174,0.914,0.03111
2025-11-06#t764w0,2025-11-06,Hon. Mr. LePage,133,0.0,0.242723
2025-11-06#t765w0,2025-11-06,Mr. Lee,110,1.0,0.988086
2025-11-06#t766w0,2025-11-06,Hon. C. Johnson,136,1.0,0.391676
2025-11-06#t767w0,2025-11-06,Mr. Lee,77,1.0,0.995553
2025-11-06#t768w0,2025-11-06,Hon. C. Johnson,96,0.0,0.993536
2025-11-06#t769w0,2025-11-06,Mr. Lee,150,1.0,0.997094
2025-11-06#t770w0,2025-11-06,Hon. C. Johnson,132,1.0,0.359768
2025-11-06#t771w0,2025-11-06,Mr. Coon,180,1.0,0.040907
2025-11-06#t772w0,2025-11-06,Hon. Mr. Legacy,149,0.0,0.017889
2025-11-06#t773w0,2025-11-06,Mr. Coon,102,0.0,0.9945
2025-11-06#t774w0,2025-11-06,Hon. Mr. Legacy,137,0.0,0.167531
2025-11-06#t775w0,2025-11-06,Mr. Monahan,150,1.0,0.507583
2025-11-06#t776w0,2025-11-06,Hon. Mr. Gauvin,163,0.0,0.317724
2025-11-06#t777w0,2025-11-06,Mr. Monahan,158,1.0,0.340424
2025-11-06#t778w0,2025-11-06,Hon. Mr. Gauvin,174,0.0,0.014352
2025-11-06#t779w0,2025-11-06,Mr. Savoie,173,1.0,0.069182
2025-11-06#t780w0,2025-11-06,Hon. Mr. Hickey,138,1.0,0.05315
2025-11-06#t782w0,2025-11-06,Ms. M. Johnson,102,1.0,0.2048
2025-11-06#t783w0,2025-11-06,Madam Speaker,104,1.0,0.406831
2025-11-06#t784w0,2025-11-06,Mr. M. LeBlanc,162,1.0,0.084482
2025-11-06#t785w0,2025-11-06,Madam Speaker,103,1.0,0.979574
2025-11-06#t787w0,2025-11-06,Hon. Mr. D’Amours,59,0.373,0.999378
2025-11-06#t788w0,2025-11-06,Hon. Mr. D’Amours,218,0.541,0.03508
2025-11-06#t789w0,2025-11-06,Mr. Cullins,125,1.0,0.815832
2025-11-06#t790w0,2025-11-06,Mr. Coon,179,0.899,0.053612
2025-11-06#t791w0,2025-11-06,Hon. Ms. Thériault,345,0.609,0.212424
2025-11-06#t791w1,2025-11-06,Hon. Ms. Thériault,112,1.0,0.998219
2025-11-06#t792w0,2025-11-06,Ms. Mitton,133,0.549,0.934703
2025-11-06#t793w0,2025-11-06,Hon. Mr. Randall,261,0.92,0.211151
2025-11-06#t794w0,2025-11-06,Ms. M. Johnson,214,1.0,0.07978
2025-11-06#t795w0,2025-11-06,Ms. Mitton,280,1.0,0.111292
2025-11-06#t795w1,2025-11-06,Ms. Mitton,142,0.782,0.155101
2025-11-06#t796w0,2025-11-06,Ms. M. Johnson,353,0.119,0.062845
2025-11-06#t796w1,2025-11-06,Ms. M. Johnson,273,0.0,0.108006
2025-11-06#t797w0,2025-11-06,Mr. Coon,304,1.0,0.016962
2025-11-06#t797w1,2025-11-06,Mr. Coon,335,1.0,0.080604
2025-11-06#t797w2,2025-11-06,Mr. Coon,270,1.0,0.032764
2025-11-06#t797w3,2025-11-06,Mr. Coon,310,1.0,0.013659
2025-11-06#t797w4,2025-11-06,Mr. Coon,150,1.0,0.717548
2025-11-06#t799w0,2025-11-06,Mr. Lee,355,1.0,0.018504
2025-11-06#t799w1,2025-11-06,Mr. Lee,349,1.0,0.110396
2025-11-06#t799w2,2025-11-06,Mr. Lee,331,1.0,0.101216
2025-11-06#t799w3,2025-11-06,Mr. Lee,289,1.0,0.028917
2025-11-06#t799w4,2025-11-06,Mr. Lee,233,1.0,0.008027
2025-11-06#t801w0,2025-11-06,Mr. M. LeBlanc,282,0.0,0.030117
2025-11-06#t801w1,2025-11-06,Mr. M. LeBlanc,304,0.0,0.100405
2025-11-06#t801w2,2025-11-06,Mr. M. LeBlanc,320,0.0,0.031473
2025-11-06#t801w3,2025-11-06,Mr. M. LeBlanc,349,0.0,0.082109
2025-11-06#t801w4,2025-11-06,Mr. M. LeBlanc,335,0.0,0.033683
2025-11-06#t803w0,2025-11-06,Mr. Oliver,270,1.0,0.055113
2025-11-06#t803w1,2025-11-06,Mr. Oliver,332,1.0,0.013724
2025-11-06#t803w2,2025-11-06,Mr. Oliver,233,1.0,0.275922
2025-11-06#t805w0,2025-11-06,Ms. S. Wilson,317,1.0,0.00872
2025-11-06#t805w1,2025-11-06,Ms. S. Wilson,329,1.0,0.060671
2025-11-06#t805w2,2025-11-06,Ms. S. Wilson,333,1.0,0.006147
2025-11-06#t805w3,2025-11-06,Ms. S. Wilson,348,1.0,0.038199
2025-11-06#t805w4,2025-11-06,Ms. S. Wilson,53,1.0,0.999363
2025-11-06#t808w0,2025-11-06,,228,0.952,0.07895
2025-11-06#t809w0,2025-11-06,Ms. M. Johnson,328,1.0,0.099853
2025-11-06#t809w1,2025-11-06,Ms. M. Johnson,331,1.0,0.013207
2025-11-06#t809w2,2025-11-06,Ms. M. Johnson,317,1.0,0.838452
2025-11-06#t809w3,2025-11-06,Ms. M. Johnson,353,1.0,0.059478
2025-11-06#t809w4,2025-11-06,Ms. M. Johnson,335,1.0,0.587655
2025-11-06#t809w5,2025-11-06,Ms. M. Johnson,117,1.0,0.844972
2025-11-06#t810w0,2025-11-06,Hon. Ms. Miles,354,1.0,0.028373
2025-11-06#t811w0,2025-11-06,Hon. Ms. Miles,350,1.0,0.275361
2025-11-06#t811w1,2025-11-06,Hon. Ms. Miles,353,1.0,0.095303
2025-11-06#t811w2,2025-11-06,Hon. Ms. Miles,306,1.0,0.054219
2025-11-06#t811w3,2025-11-06,Hon. Ms. Miles,349,1.0,0.298315
2025-11-06#t811w4,2025-11-06,Hon. Ms. Miles,289,1.0,0.082252
2025-11-06#t814w0,2025-11-06,Ms. Conroy,326,1.0,0.00908
2025-11-06#t814w1,2025-11-06,Ms. Conroy,323,1.0,0.018466
2025-11-06#t814w2,2025-11-06,Ms. Conroy,302,1.0,0.02466
2025-11-06#t814w3,2025-11-06,Ms. Conroy,303,1.0,0.039272
2025-11-06#t814w4,2025-11-06,Ms. Conroy,289,1.0,0.00854
2025-11-06#t814w5,2025-11-06,Ms. Conroy,285,1.0,0.032393
2025-11-06#t814w6,2025-11-06,Ms. Conroy,121,1.0,0.273371
2025-11-06#t818w0,2025-11-06,Mr. M. LeBlanc,96,1.0,0.93859
2025-11-06#t821w0,2025-11-06,Madam Speaker,61,0.705,0.999265
2025-11-06#t822w0,2025-11-06,Mr. Doucet,278,0.032,0.042946
2025-11-06#t822w1,2025-11-06,Mr. Doucet,303,0.0,0.016096
2025-11-06#t822w2,2025-11-06,Mr. Doucet,315,0.0,0.0257
2025-11-06#t822w3,2025-11-06,Mr. Doucet,156,0.0,0.385388
2025-11-06#t823w0,2025-11-06,Mr. Doucet,332,0.015,0.04235
2025-11-06#t823w1,2025-11-06,Mr. Doucet,337,0.0,0.228645
2025-11-06#t823w2,2025-11-06,Mr. Doucet,120,0.0,0.434789
2025-11-06#t825w0,2025-11-06,Mr. Coon,259,1.0,0.392208
2025-11-06#t825w1,2025-11-06,Mr. Coon,345,1.0,0.010556
2025-11-06#t825w2,2025-11-06,Mr. Coon,325,1.0,0.015177
2025-11-06#t825w3,2025-11-06,Mr. Coon,288,1.0,0.014161
2025-11-06#t828w0,2025-11-06,Ms. S. Wilson,272,1.0,0.043136
2025-11-06#t828w1,2025-11-06,Ms. S. Wilson,319,1.0,0.032242
2025-11-06#t828w2,2025-11-06,Ms. S. Wilson,360,1.0,0.06488
2025-11-06#t828w3,2025-11-06,Ms. S. Wilson,262,1.0,0.064504
2025-11-06#t831w0,2025-11-06,Mr. M. LeBlanc,65,1.0,0.999332
2025-11-06#t833w0,2025-11-06,Ms. S. Wilson,61,1.0,0.996296
2025-11-06#t835w0,2025-11-06,Mr. Robichaud,358,0.0,0.084333
2025-11-06#t835w1,2025-11-06,Mr. Robichaud,317,0.0,0.138274
2025-11-06#t835w2,2025-11-06,Mr. Robichaud,216,0.0,0.0663
2025-11-06#t835w3,2025-11-06,Mr. Robichaud,350,0.0,0.037166
2025-11-06#t835w4,2025-11-06,Mr. Robichaud,89,0.0,0.998404
2025-11-06#t836w0,2025-11-06,,355,0.0,0.395775
2025-11-06#t836w1,2025-11-06,,334,0.0,0.077128
2025-11-06#t836w2,2025-11-06,,255,0.0,0.068822
2025-11-06#t837w0,2025-11-06,Mr. Monahan,288,1.0,0.035965
2025-11-06#t837w1,2025-11-06,Mr. Monahan,123,1.0,0.057859
2025-11-07#t839w0,2025-11-07,Hon. C. Chiasson,195,1.0,0.122044
2025-11-07#t840w0,2025-11-07,Ms. M. Wilson,150,1.0,0.436971
2025-11-07#t842w0,2025-11-07,Hon. Mr. Gauvin,90,0.0,0.803287
2025-11-07#t843w0,2025-11-07,Mr. Savoie,66,0.0,0.993455
2025-11-07#t845w0,2025-11-07,Mr. J. LeBlanc,152,0.0,0.429626
2025-11-07#t846w0,2025-11-07,Ms. M. Wilson,129,1.0,0.3832
2025-11-07#t847w0,2025-11-07,Mr. Coon,166,1.0,0.246916
2025-11-07#t848w0,2025-11-07,Ms. Wilcott,132,1.0,0.524939
2025-11-07#t849w0,2025-11-07,Ms. Scott-Wallace,166,1.0,0.0246
2025-11-07#t850w0,2025-11-07,Ms. Mitton,156,0.987,0.969337
2025-11-07#t852w0,2025-11-07,Hon. Ms. Townsend,167,0.988,0.380441
2025-11-07#t853w0,2025-11-07,Mr. Hogan,142,1.0,0.027348
2025-11-07#t854w0,2025-11-07,Mr. Russell,137,1.0,0.192436
2025-11-07#t855w0,2025-11-07,Mr. Coon,160,0.975,0.044967
2025-11-07#t856w0,2025-11-07,Mr. Johnston,169,0.852,0.034365
2025-11-07#t857w0,2025-11-07,Mr. Oliver,134,1.0,0.055885
2025-11-07#t858w0,2025-11-07,Mr. Arseneault,154,0.545,0.996949
2025-11-07#t859w0,2025-11-07,Ms. Scott-Wallace,165,1.0,0.026551
2025-11-07#t860w0,2025-11-07,Mr. Mallet,136,0.0,0.100902
2025-11-07#t861w0,2025-11-07,Mr. Cullins,157,1.0,0.150416
2025-11-07#t862w0,2025-11-07,Ms. Sodhi,156,1.0,0.073297
2025-11-07#t863w0,2025-11-07,Ms. S. Wilson,142,1.0,0.074672
2025-11-07#t864w0,2025-11-07,Hon. Ms. Holt,190,0.568,0.010977
2025-11-07#t865w0,2025-11-07,Hon. Ms. Boudreau,260,0.015,0.175052
2025-11-07#t866w0,2025-11-07,Ms. Scott-Wallace,102,1.0,0.86994
2025-11-07#t867w0,2025-11-07,Ms. Mitton,72,0.458,0.998842
2025-11-07#t868w0,2025-11-07,Mr. Savoie,94,0.915,0.948754
2025-11-07#t869w0,2025-11-07,Hon. Ms. Holt,156,1.0,0.036469
2025-11-07#t870w0,2025-11-07,Mr. Savoie,191,1.0,0.017757
2025-11-07#t871w0,2025-11-07,Hon. Ms. Holt,169,0.728,0.033037
2025-11-07#t872w0,2025-11-07,Mr. Savoie,189,1.0,0.032821
2025-11-07#t873w0,2025-11-07,Hon. Ms. Holt,180,1.0,0.044317
2025-11-07#t874w0,2025-11-07,Mr. Savoie,189,1.0,0.976212
2025-11-07#t875w0,2025-11-07,Hon. Mr. Dornan,140,1.0,0.578479
2025-11-07#t876w0,2025-11-07,Mr. Savoie,191,1.0,0.054483
2025-11-07#t877w0,2025-11-07,Hon. Mr. Dornan,141,1.0,0.056908
2025-11-07#t878w0,2025-11-07,Mr. Hogan,125,0.952,0.647251
2025-11-07#t879w0,2025-11-07,Hon. Mr. Dornan,154,1.0,0.68196
2025-11-07#t880w0,2025-11-07,Mr. Hogan,92,1.0,0.913742
2025-11-07#t881w0,2025-11-07,Hon. Mr. Dornan,155,1.0,0.57992
2025-11-07#t882w0,2025-11-07,Mr. Hogan,167,1.0,0.063123
2025-11-07#t883w0,2025-11-07,Hon. Mr. Dornan,108,1.0,0.994729
2025-11-07#t884w0,2025-11-07,Ms. Scott-Wallace,185,1.0,0.028424
2025-11-07#t885w0,2025-11-07,Hon. Mr. Dornan,155,1.0,0.228582
2025-11-07#t886w0,2025-11-07,Ms. Scott-Wallace,204,1.0,0.085953
2025-11-07#t887w0,2025-11-07,Hon. Mr. Dornan,119,1.0,0.254886
2025-11-07#t888w0,2025-11-07,Ms. Scott-Wallace,194,1.0,0.016855
2025-11-07#t889w0,2025-11-07,Hon. Mr. Dornan,143,1.0,0.119925
2025-11-07#t890w0,2025-11-07,Ms. S. Wilson,130,1.0,0.632309
2025-11-07#t891w0,2025-11-07,Hon. Mr. Gauvin,117,0.0,0.983242
2025-11-07#t892w0,2025-11-07,Ms. S. Wilson,140,1.0,0.870545
2025-11-07#t893w0,2025-11-07,Hon. Ms. Holt,184,1.0,0.036037
2025-11-07#t894w0,2025-11-07,Ms. S. Wilson,127,1.0,0.686951
2025-11-07#t895w0,2025-11-07,Hon. Ms. Holt,149,0.0,0.464874
2025-11-07#t896w0,2025-11-07,Mr. Savoie,206,1.0,0.043521
2025-11-07#t897w0,2025-11-07,Hon. Mr. Dornan,110,1.0,0.091949
2025-11-07#t898w0,2025-11-07,Mr. Savoie,200,1.0,0.016269
2025-11-07#t899w0,2025-11-07,Hon. Ms. Holt,171,1.0,0.016448
2025-11-07#t901w0,2025-11-07,Hon. Ms. Holt,340,0.665,0.010839
2025-11-07#t901w1,2025-11-07,Hon. Ms. Holt,165,0.745,0.404821
2025-11-07#t902w0,2025-11-07,Mr. Savoie,330,0.912,0.025811
2025-11-07#t902w1,2025-11-07,Mr. Savoie,104,1.0,0.998269
2025-11-07#t903w0,2025-11-07,Mr. Coon,347,0.937,0.019366
2025-11-07#t903w1,2025-11-07,Mr. Coon,92,1.0,0.977686
2025-11-07#t904w0,2025-11-07,Hon. Ms. Holt,333,0.435,0.007415
2025-11-07#t905w0,2025-11-07,Mr. Savoie,269,0.639,0.037677
2025-11-07#t906w0,2025-11-07,Mr. Coon,226,0.518,0.106151
2025-11-07#t907w0,2025-11-07,Hon. Mr. D’Amours,250,0.396,0.262077
2025-11-07#t910w0,2025-11-07,Ms. M. Wilson,283,1.0,0.010502
2025-11-07#t911w0,2025-11-07,Mr. Coon,263,0.951,0.018838
2025-11-07#t912w0,2025-11-07,Hon. Mr. Dornan,161,0.714,0.859542
2025-11-07#t913w0,2025-11-07,Mr. Hogan,213,1.0,0.016007
2025-11-07#t914w0,2025-11-07,Mr. Coon,355,0.854,0.118792
2025-11-07#t914w1,2025-11-07,Mr. Coon,337,0.353,0.006933
2025-11-07#t915w0,2025-11-07,Hon. Ms. Holt,290,0.776,0.007893
2025-11-07#t915w1,2025-11-07,Hon. Ms. Holt,300,0.193,0.004813
2025-11-07#t915w2,2025-11-07,Hon. Ms. Holt,80,0.0,0.849253
2025-11-07#t916w0,2025-11-07,Mr. Savoie,299,0.137,0.103344
2025-11-07#t916w1,2025-11-07,Mr. Savoie,300,1.0,0.053976
2025-11-07#t916w2,2025-11-07,Mr. Savoie,224,0.741,0.078902
2025-11-07#t917w0,2025-11-07,Mr. Coon,313,0.61,0.007737
2025-11-07#t919w0,2025-11-07,Hon. Ms. Holt,158,0.253,0.976681
2025-11-18#t922w0,2025-11-18,Hon. Mr. McKee,91,0.615,0.972286
2025-11-18#t925w0,2025-11-18,Ms. M. Wilson,59,1.0,0.989854
2025-11-18#t930w0,2025-11-18,Hon. Mr. Finnigan,95,0.0,0.711722
2025-11-18#t931w0,2025-11-18,Hon. C. Chiasson,341,1.0,0.840347
2025-11-18#t932w0,2025-11-18,Mr. Hogan,137,1.0,0.155282
2025-11-18#t933w0,2025-11-18,Ms. Vautour,141,0.0,0.507194
2025-11-18#t934w0,2025-11-18,Mr. Savoie,152,0.961,0.803639
2025-11-18#t935w0,2025-11-18,Mr. Coon,161,1.0,0.203947
2025-11-18#t936w0,2025-11-18,Hon. Ms. Thériault,124,0.0,0.060851
2025-11-18#t937w0,2025-11-18,Ms. Conroy,179,1.0,0.177033
2025-11-18#t938w0,2025-11-18,Ms. Mitton,162,1.0,0.894883
2025-11-18#t939w0,2025-11-18,Hon. Mr. Finnigan,130,0.0,0.743358
2025-11-18#t940w0,2025-11-18,Mr. Weir,164,1.0,0.934585
2025-11-18#t941w0,2025-11-18,Ms. M. Wilson,146,1.0,0.1769
2025-11-18#t942w0,2025-11-18,Mr. Coon,165,1.0,0.011081
2025-11-18#t943w0,2025-11-18,Mr. M. LeBlanc,143,1.0,0.954962
2025-11-18#t944w0,2025-11-18,Ms. Bockus,142,1.0,0.907707
2025-11-18#t945w0,2025-11-18,Mr. Johnston,177,1.0,0.007437
2025-11-18#t946w0,2025-11-18,Mr. Ames,151,1.0,0.97196
2025-11-18#t947w0,2025-11-18,Mr. Bourque,181,0.0,0.044662
2025-11-18#t948w0,2025-11-18,Ms. M. Johnson,144,1.0,0.336825
2025-11-18#t949w0,2025-11-18,Mr. Doucet,125,0.0,0.440719
2025-11-18#t950w0,2025-11-18,Mr. Monahan,219,1.0,0.043551
2025-11-18#t951w0,2025-11-18,Hon. Ms. Holt,148,1.0,0.310051
2025-11-18#t953w0,2025-11-18,Hon. Ms. Holt,138,1.0,0.055137
2025-11-18#t954w0,2025-11-18,Mr. Savoie,50,1.0,0.999606
2025-11-18#t955w0,2025-11-18,Hon. Ms. Holt,118,1.0,0.808398
2025-11-18#t956w0,2025-11-18,Mr. Savoie,189,1.0,0.183204
2025-11-18#t957w0,2025-11-18,Hon. Ms. Holt,132,0.045,0.747607
2025-11-18#t958w0,2025-11-18,Mr. Savoie,135,1.0,0.493979
2025-11-18#t959w0,2025-11-18,Hon. Ms. Holt,189,1.0,0.031143
2025-11-18#t960w0,2025-11-18,Mr. Savoie,178,1.0,0.156356
2025-11-18#t961w0,2025-11-18,Hon. Ms. Holt,198,1.0,0.018381
2025-11-18#t962w0,2025-11-18,Mr. Savoie,159,1.0,0.067811
2025-11-18#t963w0,2025-11-18,Hon. Ms. Holt,203,1.0,0.017401
2025-11-18#t964w0,2025-11-18,Mr. Savoie,165,1.0,0.064176
2025-11-18#t965w0,2025-11-18,Hon. Ms. Holt,195,1.0,0.029134
2025-11-18#t966w0,2025-11-18,Mr. Savoie,188,1.0,0.360562
2025-11-18#t967w0,2025-11-18,Hon. Ms. Holt,159,0.0,0.180396
2025-11-18#t968w0,2025-11-18,Mr. Savoie,83,1.0,0.998728
2025-11-18#t969w0,2025-11-18,Hon. Ms. Holt,177,1.0,0.090631
2025-11-18#t970w0,2025-11-18,Mr. Savoie,121,1.0,0.956145
2025-11-18#t971w0,2025-11-18,Hon. Mr. Hickey,203,1.0,0.132741
2025-11-18#t972w0,2025-11-18,Mr. Savoie,102,1.0,0.998513
2025-11-18#t973w0,2025-11-18,Hon. Mr. Hickey,180,1.0,0.083769
2025-11-18#t974w0,2025-11-18,Mr. Savoie,153,1.0,0.660202
2025-11-18#t975w0,2025-11-18,Hon. Ms. Holt,193,1.0,0.017772
2025-11-18#t976w0,2025-11-18,Ms. Mitton,135,1.0,0.134571
2025-11-18#t977w0,2025-11-18,Hon. Mr. Dornan,146,1.0,0.131292
2025-11-18#t978w0,2025-11-18,Ms. Mitton,141,0.106,0.322112
2025-11-18#t979w0,2025-11-18,Hon. Ms. Boudreau,178,0.197,0.045995
2025-11-18#t980w0,2025-11-18,Mr. Savoie,194,1.0,0.019205
2025-11-18#t981w0,2025-11-18,Hon. Mr. Dornan,128,1.0,0.058019
2025-11-18#t982w0,2025-11-18,Mr. Savoie,192,1.0,0.02159
2025-11-18#t983w0,2025-11-18,Hon. Ms. Holt,192,1.0,0.070203
2025-11-18#t990w0,2025-11-18,Ms. M. Wilson,324,1.0,0.013637
2025-11-18#t990w1,2025-11-18,Ms. M. Wilson,135,1.0,0.065915
2025-11-18#t992w0,2025-11-18,Hon. Ms. Miles,166,0.729,0.288042
2025-11-18#t993w0,2025-11-18,Ms. M. Johnson,192,1.0,0.111447
2025-11-18#t994w0,2025-11-18,Mr. Coon,174,1.0,0.023573
2025-11-18#t995w0,2025-11-18,Hon. Mr. McKee,244,0.623,0.069427
2025-11-18#t996w0,2025-11-18,Mr. Weir,284,1.0,0.092767
2025-11-18#t997w0,2025-11-18,Mr. Coon,173,1.0,0.007231
2025-11-18#t998w0,2025-11-18,Hon. Mr. Dornan,239,0.849,0.270115
2025-11-18#t999w0,2025-11-18,Mr. Hogan,243,0.72,0.030104
2025-11-18#t1000w0,2025-11-18,Mr. Coon,359,0.858,0.028987
2025-11-18#t1001w0,2025-11-18,Mr. M. LeBlanc,62,1.0,0.963367
2025-11-18#t1002w0,2025-11-18,Mr. Coon,353,1.0,0.008588
2025-11-18#t1003w0,2025-11-18,Mr. Hogan,357,1.0,0.012173
2025-11-18#t1003w1,2025-11-18,Mr. Hogan,149,1.0,0.103525
2025-11-18#t1004w0,2025-11-18,,342,1.0,0.892848
2025-11-18#t1004w1,2025-11-18,,348,1.0,0.338828
2025-11-18#t1004w2,2025-11-18,,168,0.893,0.990667
2025-11-18#t1008w0,2025-11-18,Mr. Cullins,154,1.0,0.274739
2025-11-18#t1010w0,2025-11-18,Mr. M. LeBlanc,54,1.0,0.998955
2025-11-18#t1012w0,2025-11-18,Mr. Cullins,359,0.758,0.037168
2025-11-18#t1012w1,2025-11-18,Mr. Cullins,348,0.408,0.654876
2025-11-18#t1012w2,2025-11-18,Mr. Cullins,136,0.831,0.998269
2025-11-18#t1014w0,2025-11-18,Mr. Austin,326,1.0,0.008946
2025-11-18#t1014w1,2025-11-18,Mr. Austin,322,1.0,0.006785
2025-11-18#t1014w2,2025-11-18,Mr. Austin,198,1.0,0.020555
2025-11-18#t1015w0,2025-11-18,,356,0.593,0.964392
2025-11-18#t1015w1,2025-11-18,,213,0.793,0.235683
2025-11-18#t1016w0,2025-11-18,Madam Speaker,82,1.0,0.92817
2025-11-18#t1017w0,2025-11-18,Mr. Ames,345,1.0,0.008893
2025-11-18#t1017w1,2025-11-18,Mr. Ames,348,0.402,0.442719
2025-11-18#t1017w2,2025-11-18,Mr. Ames,344,0.224,0.188192
2025-11-18#t1017w3,2025-11-18,Mr. Ames,211,0.166,0.994035
2025-11-18#t1018w0,2025-11-18,Mr. Ames,339,1.0,0.130482
2025-11-18#t1018w1,2025-11-18,Mr. Ames,72,1.0,0.999485
2025-11-18#t1019w0,2025-11-18,Mr. Coon,348,1.0,0.014268
2025-11-18#t1019w1,2025-11-18,Mr. Coon,275,1.0,0.017379
2025-11-18#t1019w2,2025-11-18,Mr. Coon,328,1.0,0.030197
2025-11-18#t1019w3,2025-11-18,Mr. Coon,284,1.0,0.021033
2025-11-18#t1019w4,2025-11-18,Mr. Coon,167,1.0,0.521389
2025-11-18#t1020w0,2025-11-18,Mr. Austin,280,1.0,0.027307
2025-11-18#t1020w1,2025-11-18,Mr. Austin,319,1.0,0.041532
2025-11-18#t1020w2,2025-11-18,Mr. Austin,321,1.0,0.025092
2025-11-18#t1020w3,2025-11-18,Mr. Austin,295,1.0,0.098142
2025-11-18#t1020w4,2025-11-18,Mr. Austin,271,1.0,0.026265
2025-11-18#t1020w5,2025-11-18,Mr. Austin,324,0.914,0.055989
2025-11-19#t1023w0,2025-11-19,Hon. Ms. Boudreau,171,0.0,0.119223
2025-11-19#t1024w0,2025-11-19,Mr. Russell,140,1.0,0.099657
2025-11-19#t1025w0,2025-11-19,Mr. Bourque,130,0.0,0.420681
2025-11-19#t1026w0,2025-11-19,Ms. M. Johnson,327,1.0,0.125272
2025-11-19#t1027w0,2025-11-19,Hon. Ms. Holt,198,1.0,0.032345
2025-11-19#t1028w0,2025-11-19,Ms. Bockus,151,1.0,0.635062
2025-11-19#t1029w0,2025-11-19,Mr. Coon,144,1.0,0.612734
2025-11-19#t1030w0,2025-11-19,Mr. Johnston,136,0.971,0.829073
2025-11-19#t1031w0,2025-11-19,Mr. Oliver,146,1.0,0.855186
2025-11-19#t1032w0,2025-11-19,Ms. Mitton,162,1.0,0.470457
2025-11-19#t1033w0,2025-11-19,Mr. Weir,153,1.0,0.654935
2025-11-19#t1034w0,2025-11-19,Ms. Mitton,168,1.0,0.105546
2025-11-19#t1035w0,2025-11-19,Mr. J. LeBlanc,105,1.0,0.963509
2025-11-19#t1036w0,2025-11-19,Ms. Conroy,153,1.0,0.03378
2025-11-19#t1037w0,2025-11-19,Ms. Vautour,147,0.0,0.113485
2025-11-19#t1038w0,2025-11-19,Mr. Hogan,148,1.0,0.050659
2025-11-19#t1039w0,2025-11-19,Mr. Robichaud,168,0.202,0.080548
2025-11-19#t1040w0,2025-11-19,Mr. Lee,157,1.0,0.285756
2025-11-19#t1041w0,2025-11-19,Ms. Wilcott,83,0.602,0.982193
2025-11-19#t1042w0,2025-11-19,Mr. Austin,184,1.0,0.027091
2025-11-19#t1043w0,2025-11-19,Mr. Savoie,110,1.0,0.721393
2025-11-19#t1044w0,2025-11-19,Hon. Ms. Holt,154,0.0,0.009591
2025-11-19#t1046w0,2025-11-19,Hon. Mr. McKee,156,1.0,0.017616
2025-11-19#t1048w0,2025-11-19,Hon. Mr. McKee,67,1.0,0.993431
2025-11-19#t1049w0,2025-11-19,Hon. Mr. McKee,93,1.0,0.900649
2025-11-19#t1050w0,2025-11-19,Mr. Savoie,168,1.0,0.061753
2025-11-19#t1051w0,2025-11-19,Hon. Mr. Dornan,178,1.0,0.01657
2025-11-19#t1052w0,2025-11-19,Mr. Savoie,114,1.0,0.996366
2025-11-19#t1053w0,2025-11-19,Hon. Mr. Dornan,187,1.0,0.053468
2025-11-19#t1054w0,2025-11-19,Mr. Savoie,85,1.0,0.999317
2025-11-19#t1055w0,2025-11-19,Hon. Mr. Dornan,148,1.0,0.070678
2025-11-19#t1056w0,2025-11-19,Mr. Savoie,72,1.0,0.991976
2025-11-19#t1057w0,2025-11-19,Hon. Mr. Dornan,115,1.0,0.157372
2025-11-19#t1058w0,2025-11-19,Mr. Austin,185,1.0,0.009098
2025-11-19#t1059w0,2025-11-19,Hon. Mr. Herron,104,1.0,0.334713
2025-11-19#t1060w0,2025-11-19,Mr. Austin,183,1.0,0.01231
2025-11-19#t1061w0,2025-11-19,Hon. Mr. Herron,111,1.0,0.340433
2025-11-19#t1062w0,2025-11-19,Mr. Austin,183,1.0,0.015815
2025-11-19#t1063w0,2025-11-19,Hon. Mr. Herron,174,1.0,0.012545
2025-11-19#t1064w0,2025-11-19,Mr. Monahan,155,1.0,0.044844
2025-11-19#t1065w0,2025-11-19,Hon. Mr. McKee,151,1.0,0.064332
2025-11-19#t1066w0,2025-11-19,M. Monahan,149,0.0,0.401025
2025-11-19#t1067w0,2025-11-19,Hon. Mr. McKee,138,0.0,0.080413
2025-11-19#t1068w0,2025-11-19,Mr. Monahan,152,1.0,0.170524
2025-11-19#t1069w0,2025-11-19,Hon. Mr. McKee,151,1.0,0.060394
2025-11-19#t1070w0,2025-11-19,Mr. Coon,150,1.0,0.016408
2025-11-19#t1071w0,2025-11-19,Hon. K. Chiasson,107,1.0,0.743401
2025-11-19#t1072w0,2025-11-19,Mr. Coon,127,1.0,0.205972
2025-11-19#t1073w0,2025-11-19,Hon. K. Chiasson,101,1.0,0.335326
2025-11-19#t1074w0,2025-11-19,Mr. Coon,124,0.137,0.860937
2025-11-19#t1075w0,2025-11-19,Hon. K. Chiasson,141,0.972,0.113421
2025-11-19#t1076w0,2025-11-19,Mr. Savoie,153,1.0,0.053916
2025-11-19#t1077w0,2025-11-19,Hon. Ms. Holt,74,0.527,0.948069
2025-11-19#t1079w0,2025-11-19,Hon. Ms. Holt,94,1.0,0.980159
2025-11-19#t1081w0,2025-11-19,Mr. J. LeBlanc,104,0.0,0.37731
2025-11-19#t1082w0,2025-11-19,Hon. Mr. Herron,337,0.772,0.439538
2025-11-19#t1082w1,2025-11-19,Hon. Mr. Herron,139,1.0,0.439218
2025-11-19#t1083w0,2025-11-19,Mr. Austin,309,1.0,0.015696
2025-11-19#t1083w1,2025-11-19,Mr. Austin,280,1.0,0.020514
2025-11-19#t1084w0,2025-11-19,Mr. Coon,353,1.0,0.006285
2025-11-19#t1084w1,2025-11-19,Mr. Coon,192,1.0,0.008445
2025-11-19#t1085w0,2025-11-19,Hon. Mr. Hickey,285,0.775,0.0225
2025-11-19#t1086w0,2025-11-19,Ms. Conroy,259,1.0,0.041309
2025-11-19#t1087w0,2025-11-19,Ms. Mitton,287,0.829,0.016268
2025-11-19#t1088w0,2025-11-19,Hon. Mr. Dornan,163,0.798,0.560841
2025-11-19#t1089w0,2025-11-19,Mr. Hogan,207,1.0,0.050946
2025-11-19#t1090w0,2025-11-19,Mr. Coon,195,0.851,0.084218
2025-11-19#t1091w0,2025-11-19,Ms. Vautour,67,0.0,0.996362
2025-11-19#t1093w0,2025-11-19,Ms. Vautour,67,0.0,0.996362
2025-11-19#t1094w0,2025-11-19,Ms. M. Johnson,94,0.957,0.991806
2025-11-19#t1096w0,2025-11-19,Madam Speaker,286,0.528,0.736803
2025-11-19#t1096w1,2025-11-19,Madam Speaker,298,1.0,0.008187
2025-11-19#t1096w2,2025-11-19,Madam Speaker,93,1.0,0.994289
2025-11-20#t1098w0,2025-11-20,Mr. Doucet,250,1.0,0.528808
2025-11-20#t1099w0,2025-11-20,Ms. Scott-Wallace,303,1.0,0.035663
2025-11-20#t1100w0,2025-11-20,Mr. Monahan,176,1.0,0.56359
2025-11-20#t1101w0,2025-11-20,Mr. J. LeBlanc,148,0.372,0.951989
2025-11-20#t1102w0,2025-11-20,Mr. Hogan,142,1.0,0.035105
2025-11-20#t1103w0,2025-11-20,Mr. Coon,156,1.0,0.172368
2025-11-20#t1104w0,2025-11-20,Ms. Vautour,154,0.0,0.115635
2025-11-20#t1105w0,2025-11-20,Ms. S. Wilson,250,1.0,0.544013
2025-11-20#t1106w0,2025-11-20,Ms. Mitton,161,1.0,0.233065
2025-11-20#t1107w0,2025-11-20,Ms. Wilcott,133,1.0,0.06916
2025-11-20#t1108w0,2025-11-20,Mr. Russell,138,1.0,0.476942
2025-11-20#t1109w0,2025-11-20,Ms. Mitton,161,1.0,0.018122
2025-11-20#t1110w0,2025-11-20,Mr. Johnston,157,0.968,0.305588
2025-11-20#t1111w0,2025-11-20,Mr. Oliver,153,1.0,0.218956
2025-11-20#t1112w0,2025-11-20,Mr. Mallet,124,0.0,0.284443
2025-11-20#t1113w0,2025-11-20,Ms. Scott-Wallace,142,1.0,0.237912
2025-11-20#t1114w0,2025-11-20,Ms. Sodhi,138,1.0,0.149984
2025-11-20#t1115w0,2025-11-20,Mr. Cullins,144,1.0,0.333964
2025-11-20#t1116w0,2025-11-20,Mr. M. LeBlanc,184,1.0,0.016076
2025-11-20#t1117w0,2025-11-20,Ms. S. Wilson,150,1.0,0.104086
2025-11-20#t1118w0,2025-11-20,Mr. Savoie,145,0.89,0.068534
2025-11-20#t1119w0,2025-11-20,Hon. C. Johnson,106,1.0,0.849161
2025-11-20#t1120w0,2025-11-20,Mr. Savoie,158,1.0,0.265573
2025-11-20#t1121w0,2025-11-20,Hon. Ms. Holt,161,0.894,0.118782
2025-11-20#t1122w0,2025-11-20,Mr. Savoie,156,1.0,0.32908
2025-11-20#t1123w0,2025-11-20,Hon. C. Johnson,101,1.0,0.714331
2025-11-20#t1124w0,2025-11-20,Mr. Savoie,178,1.0,0.045366
2025-11-20#t1125w0,2025-11-20,Hon. C. Johnson,110,1.0,0.164901
2025-11-20#t1126w0,2025-11-20,Mr. Savoie,55,1.0,0.999585
2025-11-20#t1127w0,2025-11-20,Hon. C. Johnson,125,0.0,0.780723
2025-11-20#t1128w0,2025-11-20,Mr. Savoie,92,1.0,0.999364
2025-11-20#t1129w0,2025-11-20,Hon. C. Johnson,111,1.0,0.403331
2025-11-20#t1130w0,2025-11-20,Ms. M. Johnson,115,1.0,0.271947
2025-11-20#t1131w0,2025-11-20,Hon. Mr. Hickey,183,1.0,0.036189
2025-11-20#t1132w0,2025-11-20,Ms. M. Johnson,160,1.0,0.187456
2025-11-20#t1133w0,2025-11-20,Hon. Mr. Hickey,179,1.0,0.049552
2025-11-20#t1134w0,2025-11-20,Ms. M. Johnson,186,1.0,0.043346
2025-11-20#t1136w0,2025-11-20,Hon. Mr. Hickey,149,1.0,0.014884
2025-11-20#t1139w0,2025-11-20,Mr. Cullins,72,1.0,0.996692
2025-11-20#t1140w0,2025-11-20,Hon. Mr. Dornan,138,1.0,0.262215
2025-11-20#t1141w0,2025-11-20,Mr. Cullins,74,1.0,0.998169
2025-11-20#t1142w0,2025-11-20,Hon. Mr. Dornan,122,1.0,0.057003
2025-11-20#t1143w0,2025-11-20,Mr. Coon,160,1.0,0.008517
2025-11-20#t1144w0,2025-11-20,Hon. Mr. LePage,97,0.0,0.936377
2025-11-20#t1145w0,2025-11-20,Mr. Coon,161,1.0,0.047989
2025-11-20#t1146w0,2025-11-20,Hon. K. Chiasson,147,1.0,0.08377
2025-11-20#t1147w0,2025-11-20,Mr. Austin,144,1.0,0.182884
2025-11-20#t1148w0,2025-11-20,Hon. Mr. Herron,157,1.0,0.019879
2025-11-20#t1149w0,2025-11-20,Mr. Austin,175,1.0,0.014834
2025-11-20#t1150w0,2025-11-20,Hon. Mr. Herron,165,1.0,0.022268
2025-11-20#t1152w0,2025-11-20,Mr. Lee,134,1.0,0.715953
2025-11-20#t1153w0,2025-11-20,Hon. C. Johnson,120,1.0,0.681622
2025-11-20#t1154w0,2025-11-20,Mr. Lee,111,1.0,0.670367
2025-11-20#t1155w0,2025-11-20,Hon. C. Johnson,72,1.0,0.995919
2025-11-20#t1157w0,2025-11-20,Hon. Ms. Boudreau,167,0.251,0.069493
2025-11-20#t1158w0,2025-11-20,Ms. Scott-Wallace,208,1.0,0.163545
2025-11-20#t1159w0,2025-11-20,Ms. Mitton,164,0.884,0.085401
2025-11-20#t1161w0,2025-11-20,Hon. Mr. Randall,246,0.894,0.744808
2025-11-20#t1162w0,2025-11-20,Mr. Russell,129,1.0,0.755314
2025-11-20#t1163w0,2025-11-20,Mr. Coon,280,1.0,0.110677
2025-11-20#t1164w0,2025-11-20,Hon. Mr. Finnigan,242,0.645,0.378087
2025-11-20#t1165w0,2025-11-20,Ms. Scott-Wallace,242,1.0,0.016597
2025-11-20#t1166w0,2025-11-20,Ms. Mitton,242,0.938,0.014286
2025-11-20#t1168w0,2025-11-20,Hon. Mr. Dornan,294,0.874,0.011013
2025-11-20#t1170w0,2025-11-20,Mr. Hogan,299,1.0,0.010512
2025-11-20#t1170w1,2025-11-20,Mr. Hogan,85,1.0,0.963661
2025-11-20#t1171w0,2025-11-20,Mr. Coon,316,1.0,0.03345
2025-11-20#t1172w0,2025-11-20,Mr. Deputy Speaker,347,0.767,0.454958
2025-11-20#t1173w0,2025-11-20,Ms. M. Johnson,52,1.0,0.989113
2025-11-20#t1174w0,2025-11-20,Mr. Deputy Speaker,327,0.398,0.463086
2025-11-20#t1174w1,2025-11-20,Mr. Deputy Speaker,325,0.745,0.013411
2025-11-20#t1174w2,2025-11-20,Mr. Deputy Speaker,84,1.0,0.981425
2025-11-20#t1177w0,2025-11-20,Mr. M. LeBlanc,60,1.0,0.995351
2025-11-20#t1180w0,2025-11-20,Mr. Deputy Speaker,103,1.0,0.971534
2025-11-20#t1188w0,2025-11-20,Ms. M. Johnson,323,1.0,0.023062
2025-11-20#t1188w1,2025-11-20,Ms. M. Johnson,313,1.0,0.009497
2025-11-20#t1188w2,2025-11-20,Ms. M. Johnson,354,1.0,0.019867
2025-11-20#t1188w3,2025-11-20,Ms. M. Johnson,292,1.0,0.048815
2025-11-20#t1189w0,2025-11-20,Mr. M. LeBlanc,203,1.0,0.046591
2025-11-20#t1191w0,2025-11-20,Mr. Deputy Speaker,344,1.0,0.150168
2025-11-20#t1191w1,2025-11-20,Mr. Deputy Speaker,317,1.0,0.0531
2025-11-20#t1192w0,2025-11-20,Mr. Weir,331,1.0,0.01537
2025-11-20#t1192w1,2025-11-20,Mr. Weir,355,1.0,0.165985
2025-11-20#t1192w2,2025-11-20,Mr. Weir,334,1.0,0.012002
2025-11-20#t1192w3,2025-11-20,Mr. Weir,360,1.0,0.049819
2025-11-20#t1192w4,2025-11-20,Mr. Weir,261,1.0,0.032124
2025-11-20#t1192w5,2025-11-20,Mr. Weir,266,1.0,0.104827
2025-11-20#t1192w6,2025-11-20,Mr. Weir,253,1.0,0.052892
2025-11-20#t1192w7,2025-11-20,Mr. Weir,352,1.0,0.013988
2025-11-20#t1192w8,2025-11-20,Mr. Weir,355,1.0,0.040465
2025-11-20#t1194w0,2025-11-20,Hon. Mr. McKee,327,0.896,0.026839
2025-11-20#t1194w1,2025-11-20,Hon. Mr. McKee,318,1.0,0.049289
2025-11-20#t1194w2,2025-11-20,Hon. Mr. McKee,347,1.0,0.218954
2025-11-20#t1194w3,2025-11-20,Hon. Mr. McKee,319,0.834,0.032376
2025-11-20#t1194w4,2025-11-20,Hon. Mr. McKee,318,0.283,0.130898
2025-11-20#t1194w5,2025-11-20,Hon. Mr. McKee,298,1.0,0.261886
2025-11-20#t1198w0,2025-11-20,Mr. Hogan,346,1.0,0.370174
2025-11-20#t1198w1,2025-11-20,Mr. Hogan,287,1.0,0.299815
2025-11-20#t1199w0,2025-11-20,Mr. Hogan,336,1.0,0.015176
2025-11-20#t1199w1,2025-11-20,Mr. Hogan,337,1.0,0.012914
2025-11-20#t1199w2,2025-11-20,Mr. Hogan,231,1.0,0.029692
2025-11-20#t1202w0,2025-11-20,Mr. M. LeBlanc,73,1.0,0.928482
2025-11-20#t1203w0,2025-11-20,Mr. Deputy Speaker,77,1.0,0.992941
2025-11-20#t1204w0,2025-11-20,Ms. Sodhi,316,1.0,0.013086
2025-11-20#t1204w1,2025-11-20,Ms. Sodhi,252,1.0,0.008905
2025-11-20#t1204w2,2025-11-20,Ms. Sodhi,313,1.0,0.019367
2025-11-20#t1205w0,2025-11-20,Ms. M. Wilson,336,1.0,0.013186
2025-11-20#t1205w1,2025-11-20,Ms. M. Wilson,346,1.0,0.015316
2025-11-20#t1205w2,2025-11-20,Ms. M. Wilson,340,1.0,0.010127
2025-11-20#t1205w3,2025-11-20,Ms. M. Wilson,291,1.0,0.007553
2025-11-20#t1205w4,2025-11-20,Ms. M. Wilson,265,1.0,0.009734
2025-11-20#t1205w5,2025-11-20,Ms. M. Wilson,262,1.0,0.003847
2025-11-20#t1205w6,2025-11-20,Ms. M. Wilson,341,1.0,0.005554
2025-11-20#t1205w7,2025-11-20,Ms. M. Wilson,202,1.0,0.011268
2025-11-20#t1206w0,2025-11-20,Ms. Mitton,321,1.0,0.052037
2025-11-20#t1206w1,2025-11-20,Ms. Mitton,359,1.0,0.209002
2025-11-20#t1206w2,2025-11-20,Ms. Mitton,231,1.0,0.153914
2025-11-20#t1206w3,2025-11-20,Ms. Mitton,335,1.0,0.041474
2025-11-20#t1206w4,2025-11-20,Ms. Mitton,307,1.0,0.017588
2025-11-20#t1208w0,2025-11-20,Mr. Robichaud,339,0.0,0.065717
2025-11-20#t1208w1,2025-11-20,Mr. Robichaud,332,0.0,0.565488
2025-11-20#t1208w2,2025-11-20,Mr. Robichaud,331,0.0,0.220788
2025-11-20#t1208w3,2025-11-20,Mr. Robichaud,249,0.0,0.144291
2025-11-20#t1208w4,2025-11-20,Mr. Robichaud,329,0.0,0.056009
2025-11-20#t1208w5,2025-11-20,Mr. Robichaud,303,0.0,0.042703
2025-11-20#t1208w6,2025-11-20,Mr. Robichaud,147,0.0,0.62281
2025-11-20#t1209w0,2025-11-20,Mr. Oliver,214,1.0,0.079697
2025-11-20#t1210w0,2025-11-20,Mr. Weir,50,1.0,0.996718
2025-11-20#t1212w0,2025-11-20,Mr. M. LeBlanc,69,1.0,0.991823
2025-11-20#t1213w0,2025-11-20,Mr. Weir,359,1.0,0.020073
2025-11-20#t1213w1,2025-11-20,Mr. Weir,131,1.0,0.433446
2025-11-20#t1214w0,2025-11-20,Mr. Weir,333,1.0,0.033435
2025-11-20#t1214w1,2025-11-20,Mr. Weir,120,1.0,0.813004
2025-11-20#t1215w0,2025-11-20,Mr. Weir,272,1.0,0.069027
2025-11-20#t1215w1,2025-11-20,Mr. Weir,130,1.0,0.140159
2025-11-20#t1216w0,2025-11-20,Mr. Deputy Speaker,351,0.889,0.440857
2025-11-20#t1216w1,2025-11-20,Mr. Deputy Speaker,147,1.0,0.209622
2025-11-21#t1218w0,2025-11-21,Mr. Russell,152,1.0,0.32671
2025-11-21#t1219w0,2025-11-21,Hon. Mr. McKee,123,0.967,0.97395
2025-11-21#t1220w0,2025-11-21,Hon. Ms. Holt,239,1.0,0.043003
2025-11-21#t1221w0,2025-11-21,Mr. Russell,133,1.0,0.608081
2025-11-21#t1222w0,2025-11-21,Hon. C. Chiasson,174,0.0,0.747156
2025-11-21#t1223w0,2025-11-21,Mr. Oliver,183,1.0,0.014665
2025-11-21#t1225w0,2025-11-21,Hon. Mr. Finnigan,292,0.986,0.027083
2025-11-21#t1226w0,2025-11-21,Ms. Wilcott,132,1.0,0.396282
2025-11-21#t1227w0,2025-11-21,Ms. Bockus,170,1.0,0.321174
2025-11-21#t1228w0,2025-11-21,Ms. Mitton,151,1.0,0.606739
2025-11-21#t1229w0,2025-11-21,Mr. Lee,123,1.0,0.097843
2025-11-21#t1230w0,2025-11-21,Mr. Coon,172,1.0,0.075014
2025-11-21#t1231w0,2025-11-21,Ms. Bockus,157,1.0,0.408053
2025-11-21#t1232w0,2025-11-21,Mr. Coon,156,1.0,0.03719
2025-11-21#t1233w0,2025-11-21,Mr. Bourque,129,0.0,0.99588
2025-11-21#t1234w0,2025-11-21,Mr. Monahan,141,1.0,0.02557
2025-11-21#t1235w0,2025-11-21,Ms. Wilcott,102,0.725,0.995776
2025-11-21#t1236w0,2025-11-21,Ms. M. Johnson,140,1.0,0.643885
2025-11-21#t1237w0,2025-11-21,Mr. Doucet,182,0.341,0.01224
2025-11-21#t1238w0,2025-11-21,Ms. M. Wilson,159,1.0,0.069348
2025-11-21#t1239w0,2025-11-21,Mr. J. LeBlanc,124,0.46,0.220419
2025-11-21#t1240w0,2025-11-21,Mr. Ames,156,1.0,0.558308
2025-11-21#t1241w0,2025-11-21,Mr. Savoie,149,0.919,0.059054
2025-11-21#t1242w0,2025-11-21,Hon. C. Chiasson,79,1.0,0.998781
2025-11-21#t1244w0,2025-11-21,Hon. C. Chiasson,87,1.0,0.972144
2025-11-21#t1245w0,2025-11-21,Mr. Savoie,66,1.0,0.999543
2025-11-21#t1246w0,2025-11-21,Hon. C. Chiasson,120,1.0,0.442891
2025-11-21#t1247w0,2025-11-21,Mr. Savoie,194,1.0,0.156541
2025-11-21#t1248w0,2025-11-21,Hon. C. Johnson,127,1.0,0.726737
2025-11-21#t1249w0,2025-11-21,Mr. Savoie,98,1.0,0.969578
2025-11-21#t1250w0,2025-11-21,Hon. Mr. Herron,130,1.0,0.07003
2025-11-21#t1251w0,2025-11-21,Mr. Savoie,110,1.0,0.243439
2025-11-21#t1252w0,2025-11-21,Hon. Ms. Holt,101,1.0,0.029816
2025-11-21#t1253w0,2025-11-21,Mr. Savoie,91,1.0,0.248452
2025-11-21#t1254w0,2025-11-21,Hon. Ms. Holt,129,1.0,0.050572
2025-11-21#t1255w0,2025-11-21,Mr. Savoie,80,1.0,0.879122
2025-11-21#t1256w0,2025-11-21,Hon. Mr. Herron,142,1.0,0.035429
2025-11-21#t1257w0,2025-11-21,Mr. Lee,152,1.0,0.159807
2025-11-21#t1258w0,2025-11-21,Hon. C. Johnson,158,1.0,0.11597
2025-11-21#t1259w0,2025-11-21,Mr. Lee,185,1.0,0.044665
2025-11-21#t1260w0,2025-11-21,Hon. C. Johnson,134,0.0,0.632965
2025-11-21#t1261w0,2025-11-21,Mr. Lee,191,1.0,0.079599
2025-11-21#t1262w0,2025-11-21,Hon. C. Johnson,61,1.0,0.996747
2025-11-21#t1263w0,2025-11-21,Mr. Monahan,152,1.0,0.3338
2025-11-21#t1264w0,2025-11-21,Hon. Mr. Legacy,164,1.0,0.061767
2025-11-21#t1265w0,2025-11-21,Mr. Monahan,188,1.0,0.038124
2025-11-21#t1266w0,2025-11-21,Hon. Mr. Legacy,163,1.0,0.014831
2025-11-21#t1267w0,2025-11-21,Mr. Monahan,145,0.0,0.990823
2025-11-21#t1268w0,2025-11-21,Hon. Mr. Legacy,163,0.0,0.018425
2025-11-21#t1269w0,2025-11-21,Mr. Austin,142,1.0,0.022574
2025-11-21#t1270w0,2025-11-21,Hon. Mr. Legacy,163,1.0,0.022992
2025-11-21#t1271w0,2025-11-21,Mr. Austin,188,1.0,0.01423
2025-11-21#t1272w0,2025-11-21,Hon. Mr. Legacy,113,1.0,0.851129
2025-11-21#t1273w0,2025-11-21,Mr. Austin,180,1.0,0.028971
2025-11-21#t1274w0,2025-11-21,Hon. Mr. Legacy,116,1.0,0.237321
2025-11-21#t1275w0,2025-11-21,Mr. Savoie,138,1.0,0.028861
2025-11-21#t1276w0,2025-11-21,Hon. Ms. Holt,164,1.0,0.044941
2025-11-21#t1277w0,2025-11-21,Ms. M. Wilson,84,1.0,0.992507
2025-11-21#t1280w0,2025-11-21,Hon. Mr. Hickey,214,0.935,0.023412
2025-11-21#t1281w0,2025-11-21,Ms. Conroy,291,1.0,0.012678
2025-11-21#t1281w1,2025-11-21,Ms. Conroy,87,1.0,0.988697
2025-11-21#t1282w0,2025-11-21,Mr. Coon,290,1.0,0.01505
2025-11-21#t1283w0,2025-11-21,Hon. Ms. Boudreau,169,0.373,0.311282
2025-11-21#t1284w0,2025-11-21,Ms. M. Johnson,170,1.0,0.038011
2025-11-21#t1285w0,2025-11-21,Ms. Mitton,174,0.805,0.045794
2025-11-21#t1286w0,2025-11-21,Hon. Ms. Miles,176,0.989,0.342942
2025-11-21#t1287w0,2025-11-21,Ms. M. Johnson,183,1.0,0.276698
2025-11-21#t1288w0,2025-11-21,Ms. Mitton,146,0.973,0.527848
2025-11-21#t1289w0,2025-11-21,Hon. Ms. Boudreau,175,0.269,0.245821
2025-11-21#t1290w0,2025-11-21,Ms. Scott-Wallace,190,1.0,0.038875
2025-11-21#t1291w0,2025-11-21,Mr. Coon,356,0.862,0.583854
2025-11-21#t1292w0,2025-11-21,Hon. Mr. McKee,104,1.0,0.435952
2025-12-02#t1295w0,2025-12-02,Hon. Ms. Miles,153,1.0,0.101898
2025-12-02#t1296w0,2025-12-02,Hon. Ms. Holt,269,1.0,0.015246
2025-12-02#t1299w0,2025-12-02,Mr. Monahan,269,1.0,0.016042
2025-12-02#t1300w0,2025-12-02,Hon. Mr. Randall,214,1.0,0.112027
2025-12-02#t1301w0,2025-12-02,Mr. Cullins,178,1.0,0.297273
2025-12-02#t1302w0,2025-12-02,Mr. Russell,161,1.0,0.546054
2025-12-02#t1303w0,2025-12-02,Hon. Ms. Miles,202,1.0,0.610941
2025-12-02#t1304w0,2025-12-02,Mr. Hogan,151,1.0,0.060613
2025-12-02#t1305w0,2025-12-02,Mr. Coon,130,1.0,0.077124
2025-12-02#t1306w0,2025-12-02,Ms. Vautour,140,0.0,0.138963
2025-12-02#t1307w0,2025-12-02,Mr. Weir,156,1.0,0.054632
2025-12-02#t1308w0,2025-12-02,Ms. Mitton,161,1.0,0.146463
2025-12-02#t1309w0,2025-12-02,Mr. J. LeBlanc,143,0.0,0.150796
2025-12-02#t1310w0,2025-12-02,Ms. Bockus,146,1.0,0.648937
2025-12-02#t1311w0,2025-12-02,Mr. Robichaud,132,0.0,0.961205
2025-12-02#t1312w0,2025-12-02,Mr. Hogan,163,1.0,0.189127
2025-12-02#t1313w0,2025-12-02,Ms. Vautour,136,0.0,0.02779
2025-12-02#t1314w0,2025-12-02,Mr. Lee,163,1.0,0.099879
2025-12-02#t1315w0,2025-12-02,Mr. Johnston,171,0.947,0.073263
2025-12-02#t1316w0,2025-12-02,Mr. Austin,327,1.0,0.042212
2025-12-02#t1317w0,2025-12-02,Hon. Ms. Holt,151,1.0,0.065591
2025-12-02#t1318w0,2025-12-02,Mr. Savoie,124,1.0,0.497728
2025-12-02#t1319w0,2025-12-02,Hon. Ms. Holt,194,1.0,0.027992
2025-12-02#t1320w0,2025-12-02,Mr. Savoie,161,1.0,0.107066
2025-12-02#t1321w0,2025-12-02,Hon. Ms. Holt,213,1.0,0.018564
2025-12-02#t1322w0,2025-12-02,Mr. Savoie,142,0.958,0.573552
2025-12-02#t1323w0,2025-12-02,Hon. Ms. Holt,136,0.0,0.50859
2025-12-02#t1324w0,2025-12-02,Mr. Savoie,146,1.0,0.483964
2025-12-02#t1325w0,2025-12-02,Hon. C. Chiasson,153,1.0,0.279128
2025-12-02#t1326w0,2025-12-02,Mr. Savoie,91,1.0,0.996987
2025-12-02#t1327w0,2025-12-02,Hon. C. Chiasson,121,1.0,0.372797
2025-12-02#t1328w0,2025-12-02,Mr. Savoie,124,1.0,0.591455
2025-12-02#t1329w0,2025-12-02,Hon. C. Chiasson,154,1.0,0.428378
2025-12-02#t1330w0,2025-12-02,Mr. Lee,116,1.0,0.169202
2025-12-02#t1331w0,2025-12-02,Hon. C. Chiasson,145,1.0,0.108981
2025-12-02#t1332w0,2025-12-02,Mr. Lee,187,1.0,0.989747
2025-12-02#t1333w0,2025-12-02,Hon. C. Chiasson,161,1.0,0.406074
2025-12-02#t1334w0,2025-12-02,Mr. Oliver,129,1.0,0.057127
2025-12-02#t1335w0,2025-12-02,Hon. C. Chiasson,142,1.0,0.160858
2025-12-02#t1336w0,2025-12-02,Mr. Oliver,145,1.0,0.520877
2025-12-02#t1337w0,2025-12-02,Hon. Mr. McKee,179,1.0,0.010822
2025-12-02#t1338w0,2025-12-02,Mr. Oliver,123,1.0,0.450916
2025-12-02#t1339w0,2025-12-02,Hon. C. Chiasson,145,1.0,0.258522
2025-12-02#t1340w0,2025-12-02,Mr. Coon,151,1.0,0.013246
2025-12-02#t1342w0,2025-12-02,Mr. Coon,147,1.0,0.139514
2025-12-02#t1343w0,2025-12-02,Hon. Mr. Herron,56,1.0,0.987933
2025-12-02#t1344w0,2025-12-02,Mr. Austin,149,1.0,0.024732
2025-12-02#t1345w0,2025-12-02,Hon. Ms. Holt,156,1.0,0.041126
2025-12-02#t1346w0,2025-12-02,Mr. Austin,190,1.0,0.016718
2025-12-02#t1347w0,2025-12-02,Hon. Ms. Holt,225,1.0,0.007676
2025-12-02#t1348w0,2025-12-02,Mr. Austin,178,1.0,0.034333
2025-12-02#t1349w0,2025-12-02,Hon. Ms. Holt,166,1.0,0.021329
2025-12-02#t1350w0,2025-12-02,Mr. M. LeBlanc,52,1.0,0.992933
2025-12-02#t1355w0,2025-12-02,Hon. Mr. McKee,233,0.592,0.076895
2025-12-02#t1356w0,2025-12-02,Mr. Weir,265,1.0,0.047551
2025-12-02#t1357w0,2025-12-02,Mr. Coon,251,0.984,0.019262
2025-12-02#t1358w0,2025-12-02,Hon. Mr. Dornan,179,0.832,0.35065
2025-12-02#t1359w0,2025-12-02,Mr. Hogan,197,1.0,0.052273
2025-12-02#t1360w0,2025-12-02,Ms. Mitton,172,1.0,0.059297
2025-12-02#t1361w0,2025-12-02,Hon. Mr. McKee,220,0.586,0.140179
2025-12-02#t1362w0,2025-12-02,Mr. Weir,117,1.0,0.488488
2025-12-02#t1363w0,2025-12-02,Mr. Weir,114,1.0,0.844215
2025-12-02#t1364w0,2025-12-02,Mr. Coon,228,0.982,0.023694
2025-12-02#t1365w0,2025-12-02,Hon. Ms. Thériault,143,0.343,0.896429
2025-12-02#t1366w0,2025-12-02,Ms. M. Wilson,156,1.0,0.180592
2025-12-02#t1367w0,2025-12-02,Ms. Mitton,355,0.304,0.069822
2025-12-02#t1367w1,2025-12-02,Ms. Mitton,204,0.696,0.70454
2025-12-02#t1368w0,2025-12-02,Hon. Mr. Legacy,107,0.374,0.387126
2025-12-02#t1369w0,2025-12-02,Hon. Mr. Legacy,331,0.574,0.048165
2025-12-02#t1369w1,2025-12-02,Hon. Mr. Legacy,332,0.587,0.089759
2025-12-02#t1369w2,2025-12-02,Hon. Mr. Legacy,355,0.513,0.08316
2025-12-02#t1369w3,2025-12-02,Hon. Mr. Legacy,355,0.462,0.052074
2025-12-02#t1370w0,2025-12-02,Hon. Mr. Legacy,281,0.591,0.262958
2025-12-02#t1370w1,2025-12-02,Hon. Mr. Legacy,343,0.805,0.28683
2025-12-02#t1370w2,2025-12-02,Hon. Mr. Legacy,160,0.494,0.834681
2025-12-02#t1371w0,2025-12-02,Mr. Monahan,320,1.0,0.068925
2025-12-02#t1371w1,2025-12-02,Mr. Monahan,174,1.0,0.07966
2025-12-02#t1372w0,2025-12-02,Ms. Mitton,301,1.0,0.023453
2025-12-02#t1372w1,2025-12-02,Ms. Mitton,358,1.0,0.094929
2025-12-02#t1372w2,2025-12-02,Ms. Mitton,267,1.0,0.048479
2025-12-02#t1372w3,2025-12-02,Ms. Mitton,279,1.0,0.057934
2025-12-02#t1372w4,2025-12-02,Ms. Mitton,260,0.904,0.190563
2025-12-02#t1374w0,2025-12-02,Madam Speaker,59,1.0,0.999423
2025-12-02#t1375w0,2025-12-02,Mr. M. LeBlanc,351,0.63,0.317435
2025-12-02#t1375w1,2025-12-02,Mr. M. LeBlanc,97,0.454,0.862492
2025-12-02#t1376w0,2025-12-02,Mr. M. LeBlanc,356,0.621,0.961656
2025-12-02#t1377w0,2025-12-02,Mr. Austin,336,1.0,0.009125
2025-12-02#t1377w1,2025-12-02,Mr. Austin,57,1.0,0.989761
2025-12-02#t1378w0,2025-12-02,Ms. Mitton,328,0.86,0.022951
2025-12-02#t1379w0,2025-12-02,Mr. Weir,350,0.989,0.037765
2025-12-03#t1381w0,2025-12-03,Hon. C. Johnson,51,0.0,0.993311
2025-12-03#t1383w0,2025-12-03,Hon. Mr. McKee,162,0.549,0.072242
2025-12-03#t1384w0,2025-12-03,Mr. Hogan,159,1.0,0.059433
2025-12-03#t1385w0,2025-12-03,Ms. Scott-Wallace,143,1.0,0.632964
2025-12-03#t1386w0,2025-12-03,Hon. Mr. Gauvin,98,0.0,0.995612
2025-12-03#t1387w0,2025-12-03,Ms. Scott-Wallace,119,1.0,0.347731
2025-12-03#t1388w0,2025-12-03,Mr. Coon,156,1.0,0.311508
2025-12-03#t1389w0,2025-12-03,Ms. Vautour,131,0.0,0.637929
2025-12-03#t1390w0,2025-12-03,Mr. Russell,97,1.0,0.994719
2025-12-03#t1391w0,2025-12-03,Mr. Doucet,148,0.122,0.100754
2025-12-03#t1392w0,2025-12-03,Mr. Lee,171,1.0,0.060941
2025-12-03#t1393w0,2025-12-03,Mr. Coon,158,0.975,0.003302
2025-12-03#t1394w0,2025-12-03,Mr. Mallet,109,0.0,0.912105
2025-12-03#t1395w0,2025-12-03,Mr. Oliver,152,0.974,0.041703
2025-12-03#t1396w0,2025-12-03,Ms. Sodhi,130,1.0,0.130761
2025-12-03#t1397w0,2025-12-03,Ms. Scott-Wallace,165,1.0,0.069861
2025-12-03#t1398w0,2025-12-03,Mr. M. LeBlanc,152,0.0,0.124801
2025-12-03#t1399w0,2025-12-03,Mr. Cullins,163,1.0,0.040614
2025-12-03#t1400w0,2025-12-03,Mr. Bourque,110,0.0,0.952191
2025-12-03#t1401w0,2025-12-03,Ms. S. Wilson,133,1.0,0.420873
2025-12-03#t1402w0,2025-12-03,Mr. Savoie,175,0.943,0.0477
2025-12-03#t1403w0,2025-12-03,Hon. Mr. Herron,133,1.0,0.020445
2025-12-03#t1404w0,2025-12-03,Mr. Savoie,132,1.0,0.987598
2025-12-03#t1405w0,2025-12-03,Hon. Mr. Herron,145,1.0,0.07597
2025-12-03#t1406w0,2025-12-03,Mr. Savoie,66,1.0,0.993476
2025-12-03#t1407w0,2025-12-03,Hon. Mr. Herron,139,1.0,0.04622
2025-12-03#t1408w0,2025-12-03,Mr. Savoie,90,1.0,0.751975
2025-12-03#t1409w0,2025-12-03,Hon. Mr. Herron,153,1.0,0.01438
2025-12-03#t1410w0,2025-12-03,Mr. Savoie,154,1.0,0.018857
2025-12-03#t1411w0,2025-12-03,Hon. Mr. Herron,149,1.0,0.035211
2025-12-03#t1412w0,2025-12-03,Mr. Savoie,171,1.0,0.101118
2025-12-03#t1413w0,2025-12-03,Hon. Mr. Herron,150,1.0,0.044428
2025-12-03#t1414w0,2025-12-03,Mr. Monahan,167,1.0,0.616597
2025-12-03#t1415w0,2025-12-03,Hon. Mr. Legacy,178,1.0,0.069268
2025-12-03#t1416w0,2025-12-03,M. Monahan,146,0.0,0.483205
2025-12-03#t1417w0,2025-12-03,L’hon. M. Legacy,187,0.0,0.022971
2025-12-03#t1418w0,2025-12-03,Mr. Monahan,165,1.0,0.997263
2025-12-03#t1419w0,2025-12-03,Hon. Mr. Legacy,173,1.0,0.031019
2025-12-03#t1420w0,2025-12-03,Mr. Austin,170,1.0,0.015031
2025-12-03#t1421w0,2025-12-03,Hon. Mr. Legacy,185,1.0,0.033153
2025-12-03#t1422w0,2025-12-03,Mr. Austin,128,1.0,0.288306
2025-12-03#t1423w0,2025-12-03,Hon. Mr. Legacy,125,1.0,0.103613
2025-12-03#t1424w0,2025-12-03,Mr. Austin,143,1.0,0.368889
2025-12-03#t1425w0,2025-12-03,Hon. Mr. Legacy,150,1.0,0.058626
2025-12-03#t1426w0,2025-12-03,Ms. Mitton,141,1.0,0.008024
2025-12-03#t1427w0,2025-12-03,Hon. C. Chiasson,149,1.0,0.027906
2025-12-03#t1428w0,2025-12-03,Ms. Mitton,166,1.0,0.058481
2025-12-03#t1429w0,2025-12-03,Hon. C. Chiasson,124,1.0,0.062475
2025-12-03#t1430w0,2025-12-03,Ms. Mitton,147,1.0,0.277684
2025-12-03#t1431w0,2025-12-03,Hon. C. Chiasson,166,1.0,0.008438
2025-12-03#t1432w0,2025-12-03,Mr. Savoie,169,1.0,0.014417
2025-12-03#t1433w0,2025-12-03,Hon. Mr. Herron,120,1.0,0.017469
2025-12-03#t1435w0,2025-12-03,Hon. Mr. Gauvin,121,0.0,0.069707
2025-12-03#t1436w0,2025-12-03,Ms. Wilcott,72,0.0,0.995329
2025-12-03#t1437w0,2025-12-03,Hon. Mr. D’Amours,245,0.322,0.06061
2025-12-03#t1438w0,2025-12-03,Mr. Cullins,101,1.0,0.933375
2025-12-03#t1439w0,2025-12-03,Mr. Coon,238,0.895,0.01901
2025-12-03#t1440w0,2025-12-03,Hon. Mr. Randall,197,0.929,0.177046
2025-12-03#t1441w0,2025-12-03,Mr. Russell,215,1.0,0.946022
2025-12-03#t1442w0,2025-12-03,Ms. Mitton,199,1.0,0.167936
2025-12-03#t1443w0,2025-12-03,Hon. Ms. Miles,204,0.887,0.277053
2025-12-03#t1444w0,2025-12-03,Mr. Savoie,271,1.0,0.018594
2025-12-03#t1445w0,2025-12-03,Ms. Mitton,117,0.0,0.957397
2025-12-03#t1446w0,2025-12-03,Mr. Weir,332,1.0,0.036376
2025-12-03#t1447w0,2025-12-03,Mr. Oliver,81,1.0,0.999468
2025-12-03#t1448w0,2025-12-03,Mr. M. LeBlanc,356,0.817,0.029837
2025-12-03#t1448w1,2025-12-03,Mr. M. LeBlanc,323,0.941,0.53714
2025-12-03#t1448w2,2025-12-03,Mr. M. LeBlanc,135,1.0,0.057194
2025-12-03#t1449w0,2025-12-03,Mr. Ames,171,1.0,0.109158
2025-12-03#t1450w0,2025-12-03,Madam Speaker,310,0.797,0.076656
2025-12-03#t1450w1,2025-12-03,Madam Speaker,336,1.0,0.12455
2025-12-03#t1450w2,2025-12-03,Madam Speaker,286,1.0,0.054778
2025-12-03#t1450w3,2025-12-03,Madam Speaker,295,1.0,0.068643
2025-12-03#t1450w4,2025-12-03,Madam Speaker,306,1.0,0.024234
2025-12-03#t1450w5,2025-12-03,Madam Speaker,303,1.0,0.010916
2025-12-03#t1450w6,2025-12-03,Madam Speaker,316,1.0,0.015824
2025-12-03#t1450w7,2025-12-03,Madam Speaker,89,1.0,0.996411
2025-12-03#t1454w0,2025-12-03,Mr. Chair,339,0.708,0.960704
2025-12-03#t1454w1,2025-12-03,Mr. Chair,335,0.701,0.55016
2025-12-03#t1454w2,2025-12-03,Mr. Chair,91,0.637,0.636926
2025-12-03#t1455w0,2025-12-03,Hon. C. Johnson,354,0.565,0.116033
2025-12-03#t1455w1,2025-12-03,Hon. C. Johnson,282,0.915,0.085359
2025-12-03#t1455w2,2025-12-03,Hon. C. Johnson,326,0.647,0.021488
2025-12-03#t1456w0,2025-12-03,Mr. Chair,94,0.734,0.88148
2025-12-04#t1458w0,2025-12-04,Ms. Mitton,125,0.84,0.536716
2025-12-04#t1459w0,2025-12-04,Hon. Mr. Hickey,109,1.0,0.202482
2025-12-04#t1460w0,2025-12-04,Mr. Savoie,139,1.0,0.496083
2025-12-04#t1461w0,2025-12-04,Mr. Johnston,137,0.0,0.926495
2025-12-04#t1462w0,2025-12-04,Hon. Mr. Gauvin,110,0.0,0.869436
2025-12-04#t1463w0,2025-12-04,Mr. Weir,145,1.0,0.668652
2025-12-04#t1464w0,2025-12-04,Mr. Coon,156,0.974,0.919047
2025-12-04#t1465w0,2025-12-04,Hon. Ms. Boudreau,185,0.2,0.197885
2025-12-04#t1466w0,2025-12-04,Mr. Monahan,159,1.0,0.265095
2025-12-04#t1467w0,2025-12-04,Ms. Mitton,155,1.0,0.817588
2025-12-04#t1468w0,2025-12-04,Hon. Ms. Thériault,107,0.0,0.993769
2025-12-04#t1469w0,2025-12-04,Ms. Bockus,175,1.0,0.309739
2025-12-04#t1470w0,2025-12-04,Mr. Savoie,123,0.967,0.970073
2025-12-04#t1471w0,2025-12-04,Ms. M. Wilson,148,1.0,0.105878
2025-12-04#t1472w0,2025-12-04,Ms. Mitton,178,1.0,0.032564
2025-12-04#t1473w0,2025-12-04,Mr. Doucet,153,0.0,0.021131
2025-12-04#t1474w0,2025-12-04,Ms. Bockus,147,1.0,0.724421
2025-12-04#t1475w0,2025-12-04,Ms. Vautour,149,0.0,0.171652
2025-12-04#t1476w0,2025-12-04,Mr. Ames,135,1.0,0.895218
2025-12-04#t1477w0,2025-12-04,Mr. Robichaud,136,0.0,0.447457
2025-12-04#t1478w0,2025-12-04,Mr. Russell,133,1.0,0.387426
2025-12-04#t1479w0,2025-12-04,Ms. Wilcott,141,1.0,0.796055
2025-12-04#t1480w0,2025-12-04,Mr. Monahan,138,1.0,0.047595
2025-12-04#t1482w0,2025-12-04,Hon. Mr. Hickey,155,1.0,0.133964
2025-12-04#t1483w0,2025-12-04,Mr. Savoie,126,1.0,0.042565
2025-12-04#t1484w0,2025-12-04,Hon. Mr. Hickey,173,1.0,0.008591
2025-12-04#t1485w0,2025-12-04,Mr. Savoie,110,1.0,0.686489
2025-12-04#t1486w0,2025-12-04,Hon. Mr. Hickey,182,1.0,0.025501
2025-12-04#t1487w0,2025-12-04,Mr. Savoie,180,1.0,0.018829
2025-12-04#t1488w0,2025-12-04,Hon. Mr. Hickey,199,1.0,0.015859
2025-12-04#t1489w0,2025-12-04,Mr. Savoie,117,1.0,0.929472
2025-12-04#t1490w0,2025-12-04,Hon. Mr. Hickey,159,1.0,0.083804
2025-12-04#t1492w0,2025-12-04,Mr. Savoie,83,1.0,0.999477
2025-12-04#t1493w0,2025-12-04,Hon. Mr. McKee,178,1.0,0.008993
2025-12-04#t1494w0,2025-12-04,Mr. Savoie,154,1.0,0.97837
2025-12-04#t1495w0,2025-12-04,Hon. Mr. Gauvin,189,0.0,0.01903
2025-12-04#t1496w0,2025-12-04,Mr. Hogan,132,1.0,0.151379
2025-12-04#t1497w0,2025-12-04,Hon. Mr. Dornan,144,1.0,0.051765
2025-12-04#t1498w0,2025-12-04,Mr. Hogan,172,1.0,0.091665
2025-12-04#t1499w0,2025-12-04,Hon. Mr. Dornan,140,1.0,0.328857
2025-12-04#t1500w0,2025-12-04,Mr. Hogan,148,1.0,0.05966
2025-12-04#t1501w0,2025-12-04,Hon. Mr. Dornan,166,1.0,0.02045
2025-12-04#t1502w0,2025-12-04,Ms. Conroy,116,1.0,0.427446
2025-12-04#t1503w0,2025-12-04,Hon. Mr. Dornan,159,1.0,0.049434
2025-12-04#t1504w0,2025-12-04,Ms. Conroy,133,1.0,0.265945
2025-12-04#t1505w0,2025-12-04,Hon. Mr. Dornan,149,1.0,0.170718
2025-12-04#t1506w0,2025-12-04,Ms. Conroy,181,1.0,0.026691
2025-12-04#t1507w0,2025-12-04,Hon. Mr. Dornan,179,1.0,0.013336
2025-12-04#t1508w0,2025-12-04,Mr. Coon,153,1.0,0.030031
2025-12-04#t1509w0,2025-12-04,Hon. Mr. Gauvin,169,0.0,0.225362
2025-12-04#t1510w0,2025-12-04,Mr. Coon,177,1.0,0.022515
2025-12-04#t1511w0,2025-12-04,Hon. Mr. Gauvin,200,0.0,0.027844
2025-12-04#t1512w0,2025-12-04,Mr. Austin,165,1.0,0.012753
2025-12-04#t1513w0,2025-12-04,Hon. Mr. Legacy,169,1.0,0.011313
2025-12-04#t1515w0,2025-12-04,Hon. Mr. D’Amours,331,0.453,0.034198
2025-12-04#t1516w0,2025-12-04,Ms. M. Wilson,285,1.0,0.091667
2025-12-04#t1516w1,2025-12-04,Ms. M. Wilson,90,1.0,0.990017
2025-12-04#t1517w0,2025-12-04,Mr. Coon,287,1.0,0.039042
2025-12-04#t1518w0,2025-12-04,Hon. Ms. Boudreau,137,0.234,0.983988
2025-12-04#t1519w0,2025-12-04,Mr. Savoie,185,0.762,0.059605
2025-12-04#t1520w0,2025-12-04,Ms. Mitton,140,1.0,0.104477
2025-12-04#t1521w0,2025-12-04,Hon. Mr. Dornan,199,0.879,0.5739
2025-12-04#t1522w0,2025-12-04,Mr. Hogan,278,0.817,0.018235
2025-12-04#t1523w0,2025-12-04,Mr. Coon,230,0.983,0.044749
2025-12-04#t1524w0,2025-12-04,Hon. Mr. D’Amours,354,0.223,0.051734
2025-12-04#t1524w1,2025-12-04,Hon. Mr. D’Amours,50,1.0,0.985326
2025-12-04#t1525w0,2025-12-04,Mr. Oliver,324,1.0,0.14535
2025-12-04#t1525w1,2025-12-04,Mr. Oliver,357,1.0,0.010551
2025-12-04#t1525w2,2025-12-04,Mr. Oliver,339,1.0,0.008482
2025-12-04#t1525w3,2025-12-04,Mr. Oliver,301,1.0,0.012712
2025-12-04#t1525w4,2025-12-04,Mr. Oliver,249,1.0,0.044629
2025-12-04#t1525w5,2025-12-04,Mr. Oliver,171,1.0,0.112344
2025-12-04#t1526w0,2025-12-04,Hon. Mr. McKee,294,0.612,0.082203
2025-12-04#t1526w1,2025-12-04,Hon. Mr. McKee,343,0.519,0.115568
2025-12-04#t1526w2,2025-12-04,Hon. Mr. McKee,302,0.384,0.021298
2025-12-04#t1526w3,2025-12-04,Hon. Mr. McKee,354,0.472,0.052046
2025-12-04#t1526w4,2025-12-04,Hon. Mr. McKee,305,0.852,0.582548
2025-12-04#t1526w5,2025-12-04,Hon. Mr. McKee,326,1.0,0.015856
2025-12-04#t1532w0,2025-12-04,Mr. Hogan,333,0.973,0.024631
2025-12-04#t1532w1,2025-12-04,Mr. Hogan,307,1.0,0.038608
2025-12-04#t1532w2,2025-12-04,Mr. Hogan,254,1.0,0.012237
2025-12-04#t1532w3,2025-12-04,Mr. Hogan,345,1.0,0.025579
2025-12-04#t1532w4,2025-12-04,Mr. Hogan,250,1.0,0.008609
2025-12-04#t1532w5,2025-12-04,Mr. Hogan,189,1.0,0.190805
2025-12-04#t1534w0,2025-12-04,Ms. Vautour,331,0.0,0.034299
2025-12-04#t1534w1,2025-12-04,Ms. Vautour,345,0.0,0.024428
2025-12-04#t1534w2,2025-12-04,Ms. Vautour,332,0.0,0.023251
2025-12-04#t1534w3,2025-12-04,Ms. Vautour,252,0.0,0.021071
2025-12-04#t1536w0,2025-12-04,Mr. Austin,248,1.0,0.019496
2025-12-04#t1536w1,2025-12-04,Mr. Austin,272,1.0,0.019532
2025-12-04#t1536w2,2025-12-04,Mr. Austin,262,1.0,0.009099
2025-12-04#t1536w3,2025-12-04,Mr. Austin,349,1.0,0.018642
2025-12-04#t1536w4,2025-12-04,Mr. Austin,279,1.0,0.008264
2025-12-04#t1536w5,2025-12-04,Mr. Austin,358,1.0,0.009992
2025-12-04#t1536w6,2025-12-04,Mr. Austin,339,1.0,0.012177
2025-12-04#t1538w0,2025-12-04,Mr. Johnston,353,1.0,0.050255
2025-12-04#t1538w1,2025-12-04,Mr. Johnston,326,1.0,0.016992
2025-12-04#t1538w2,2025-12-04,Mr. Johnston,325,1.0,0.032052
2025-12-04#t1538w3,2025-12-04,Mr. Johnston,351,1.0,0.011981
2025-12-04#t1538w4,2025-12-04,Mr. Johnston,240,1.0,0.01621
2025-12-04#t1538w5,2025-12-04,Mr. Johnston,343,1.0,0.025451
2025-12-04#t1538w6,2025-12-04,Mr. Johnston,264,1.0,0.018136
2025-12-04#t1540w0,2025-12-04,Mr. Coon,70,1.0,0.961802
2025-12-04#t1541w0,2025-12-04,,357,1.0,0.328465
2025-12-04#t1541w1,2025-12-04,,353,1.0,0.205558
2025-12-04#t1541w2,2025-12-04,,102,1.0,0.99933
2025-12-04#t1542w0,2025-12-04,,311,1.0,0.415129
2025-12-04#t1542w1,2025-12-04,,278,1.0,0.107137
2025-12-04#t1542w2,2025-12-04,,296,1.0,0.0184
2025-12-04#t1542w3,2025-12-04,,234,1.0,0.077871
2025-12-04#t1544w0,2025-12-04,Mr. Savoie,332,0.705,0.015017
2025-12-04#t1544w1,2025-12-04,Mr. Savoie,236,1.0,0.102144
2025-12-04#t1544w2,2025-12-04,Mr. Savoie,329,1.0,0.013317
2025-12-04#t1544w3,2025-12-04,Mr. Savoie,94,1.0,0.986233
2025-12-04#t1546w0,2025-12-04,Mr. Ames,355,1.0,0.193292
2025-12-04#t1546w1,2025-12-04,Mr. Ames,344,1.0,0.02046
2025-12-04#t1546w2,2025-12-04,Mr. Ames,340,1.0,0.864403
2025-12-04#t1546w3,2025-12-04,Mr. Ames,266,1.0,0.035976
2025-12-04#t1547w0,2025-12-04,Mr. Deputy Speaker,339,1.0,0.827286
2025-12-04#t1547w1,2025-12-04,Mr. Deputy Speaker,279,1.0,0.02015
2025-12-04#t1548w0,2025-12-04,Mr. Austin,329,1.0,0.010448
2025-12-04#t1548w1,2025-12-04,Mr. Austin,351,1.0,0.009425
2025-12-04#t1548w2,2025-12-04,Mr. Austin,325,1.0,0.012296
2025-12-04#t1548w3,2025-12-04,Mr. Austin,347,1.0,0.010113
2025-12-04#t1548w4,2025-12-04,Mr. Austin,309,1.0,0.01421
2025-12-04#t1548w5,2025-12-04,Mr. Austin,332,1.0,0.030658
2025-12-04#t1548w6,2025-12-04,Mr. Austin,349,1.0,0.015149
2025-12-04#t1548w7,2025-12-04,Mr. Austin,348,1.0,0.987832
2025-12-04#t1548w8,2025-12-04,Mr. Austin,149,1.0,0.08131
2025-12-04#t1550w0,2025-12-04,Hon. Mr. McKee,300,0.813,0.124291
2025-12-04#t1550w1,2025-12-04,Hon. Mr. McKee,306,1.0,0.04137
2025-12-04#t1550w2,2025-12-04,Hon. Mr. McKee,298,1.0,0.047765
2025-12-04#t1550w3,2025-12-04,Hon. Mr. McKee,351,0.584,0.029001
2025-12-04#t1550w4,2025-12-04,Hon. Mr. McKee,338,0.882,0.020973
2025-12-04#t1550w5,2025-12-04,Hon. Mr. McKee,340,0.876,0.02782
2025-12-04#t1550w6,2025-12-04,Hon. Mr. McKee,79,1.0,0.975505
2025-12-04#t1552w0,2025-12-04,Mr. Hogan,349,1.0,0.02218
2025-12-04#t1552w1,2025-12-04,Mr. Hogan,352,1.0,0.36727
2025-12-04#t1553w0,2025-12-04,Mr. Hogan,345,1.0,0.26706
2025-12-04#t1554w0,2025-12-04,Mr. Hogan,336,1.0,0.035232
2025-12-04#t1554w1,2025-12-04,Mr. Hogan,219,1.0,0.10148
2025-12-04#t1556w0,2025-12-04,Ms. Wilcott,285,1.0,0.017322
2025-12-04#t1556w1,2025-12-04,Ms. Wilcott,178,1.0,0.339629
2025-12-04#t1557w0,2025-12-04,,341,1.0,0.052322
2025-12-04#t1557w1,2025-12-04,,298,1.0,0.356437
2025-12-04#t1557w2,2025-12-04,,318,1.0,0.109106
2025-12-04#t1557w3,2025-12-04,,353,1.0,0.043601
2025-12-04#t1558w0,2025-12-04,Ms. Bockus,280,1.0,0.046128
2025-12-04#t1558w1,2025-12-04,Ms. Bockus,317,1.0,0.008152
2025-12-04#t1558w2,2025-12-04,Ms. Bockus,351,1.0,0.007702
2025-12-04#t1558w3,2025-12-04,Ms. Bockus,334,1.0,0.012232
2025-12-05#t1560w0,2025-12-05,Hon. Ms. Miles,214,1.0,0.050467
2025-12-05#t1561w0,2025-12-05,Mr. Lee,173,1.0,0.433693
2025-12-05#t1562w0,2025-12-05,Ms. M. Wilson,181,1.0,0.671586
2025-12-05#t1563w0,2025-12-05,Mr. Oliver,195,1.0,0.432546
2025-12-05#t1564w0,2025-12-05,Mr. Doucet,170,1.0,0.666514
2025-12-05#t1565w0,2025-12-05,Mr. Russell,146,1.0,0.853328
2025-12-05#t1566w0,2025-12-05,Mr. Coon,133,1.0,0.185552
2025-12-05#t1567w0,2025-12-05,Mr. J. LeBlanc,138,0.0,0.504417
2025-12-05#t1568w0,2025-12-05,Ms. Mitton,154,1.0,0.235845
2025-12-05#t1569w0,2025-12-05,Ms. Vautour,144,0.0,0.967175
2025-12-05#t1570w0,2025-12-05,Madam Speaker,165,0.679,0.389694
2025-12-05#t1571w0,2025-12-05,Mr. Weir,139,0.835,0.496254
2025-12-05#t1572w0,2025-12-05,Ms. Mitton,152,1.0,0.587051
2025-12-05#t1573w0,2025-12-05,Mr. Johnston,146,1.0,0.52957
2025-12-05#t1574w0,2025-12-05,Ms. Conroy,165,1.0,0.50912
2025-12-05#t1575w0,2025-12-05,Mr. J. LeBlanc,158,1.0,0.114226
2025-12-05#t1576w0,2025-12-05,Mr. Hogan,144,1.0,0.08429
2025-12-05#t1577w0,2025-12-05,Mr. Mallet,88,0.0,0.988275
2025-12-05#t1578w0,2025-12-05,Mr. Lee,167,1.0,0.467081
2025-12-05#t1579w0,2025-12-05,Ms. Sodhi,112,1.0,0.755735
2025-12-05#t1580w0,2025-12-05,Mr. Austin,146,1.0,0.330623
2025-12-05#t1581w0,2025-12-05,Mr. Savoie,122,0.934,0.95557
2025-12-05#t1582w0,2025-12-05,Hon. Mr. Gauvin,188,0.0,0.124322
2025-12-05#t1583w0,2025-12-05,Mr. Savoie,140,0.607,0.334985
2025-12-05#t1584w0,2025-12-05,Hon. Mr. Gauvin,155,0.0,0.119212
2025-12-05#t1585w0,2025-12-05,Mr. Savoie,94,0.883,0.391702
2025-12-05#t1586w0,2025-12-05,Hon. Ms. Miles,166,1.0,0.073645
2025-12-05#t1587w0,2025-12-05,Mr. Savoie,177,1.0,0.020648
2025-12-05#t1588w0,2025-12-05,Hon. Ms. Miles,192,1.0,0.076505
2025-12-05#t1589w0,2025-12-05,Mr. Savoie,144,1.0,0.11445
2025-12-05#t1590w0,2025-12-05,Hon. Mr. Hickey,186,1.0,0.149173
2025-12-05#t1591w0,2025-12-05,Mr. Savoie,192,1.0,0.652719
2025-12-05#t1592w0,2025-12-05,Hon. Mr. Herron,153,1.0,0.054241
2025-12-05#t1593w0,2025-12-05,Mr. Savoie,165,1.0,0.490529
2025-12-05#t1594w0,2025-12-05,Hon. Mr. Herron,141,1.0,0.02865
2025-12-05#t1595w0,2025-12-05,Mr. Austin,189,1.0,0.014068
2025-12-05#t1596w0,2025-12-05,Hon. Ms. Holt,186,0.978,0.021861
2025-12-05#t1597w0,2025-12-05,Mr. Austin,185,1.0,0.031182
2025-12-05#t1598w0,2025-12-05,Hon. Mr. Herron,66,1.0,0.602894
2025-12-05#t1599w0,2025-12-05,Mr. Austin,96,1.0,0.981092
2025-12-05#t1600w0,2025-12-05,Hon. Mr. Herron,133,1.0,0.063797
2025-12-05#t1601w0,2025-12-05,Ms. Bockus,81,1.0,0.97644
2025-12-05#t1602w0,2025-12-05,Hon. Mr. Randall,115,1.0,0.919665
2025-12-05#t1603w0,2025-12-05,Ms. Bockus,84,1.0,0.992164
2025-12-05#t1604w0,2025-12-05,Hon. Mr. Randall,142,1.0,0.983458
2025-12-05#t1605w0,2025-12-05,Ms. Bockus,89,1.0,0.987874
2025-12-05#t1606w0,2025-12-05,Hon. Mr. Randall,154,1.0,0.066272
2025-12-05#t1607w0,2025-12-05,Mr. Monahan,153,1.0,0.194586
2025-12-05#t1608w0,2025-12-05,Hon. Ms. Holt,174,1.0,0.011231
2025-12-05#t1609w0,2025-12-05,Mr. Monahan,151,0.0,0.196371
2025-12-05#t1610w0,2025-12-05,Hon. Mr. Legacy,122,0.0,0.030267
2025-12-05#t1611w0,2025-12-05,Mr. Hogan,88,1.0,0.976711
2025-12-05#t1612w0,2025-12-05,Hon. Ms. Holt,178,1.0,0.048634
2025-12-05#t1614w0,2025-12-05,Hon. Ms. Boudreau,161,0.342,0.12286
2025-12-05#t1615w0,2025-12-05,Ms. Scott-Wallace,174,1.0,0.034157
2025-12-05#t1616w0,2025-12-05,Ms. Mitton,160,0.975,0.086134
2025-12-05#t1617w0,2025-12-05,Hon. Mr. Randall,263,0.985,0.064975
2025-12-05#t1618w0,2025-12-05,Mr. Russell,279,1.0,0.022995
2025-12-05#t1619w0,2025-12-05,Mr. Coon,322,0.988,0.039134
2025-12-05#t1619w1,2025-12-05,Mr. Coon,339,0.858,0.009882
2025-12-05#t1619w2,2025-12-05,Mr. Coon,95,1.0,0.999258
2025-12-05#t1620w0,2025-12-05,Hon. Mr. Legacy,73,0.151,0.924461
2025-12-05#t1622w0,2025-12-05,Mr. M. LeBlanc,337,0.552,0.790733
2025-12-05#t1622w1,2025-12-05,Mr. M. LeBlanc,224,1.0,0.974496
2025-12-05#t1622w2,2025-12-05,Mr. M. LeBlanc,349,1.0,0.01141
2025-12-05#t1622w3,2025-12-05,Mr. M. LeBlanc,360,1.0,0.021444
2025-12-05#t1622w4,2025-12-05,Mr. M. LeBlanc,317,0.893,0.011012
2025-12-05#t1622w5,2025-12-05,Mr. M. LeBlanc,226,1.0,0.04194
2025-12-05#t1623w0,2025-12-05,Mr. Chair,77,0.753,0.967817
2025-12-09#t1625w0,2025-12-09,Mr. Russell,159,1.0,0.981763
2025-12-09#t1627w0,2025-12-09,Hon. Ms. Holt,232,0.134,0.0155
2025-12-09#t1628w0,2025-12-09,Hon. Mr. Legacy,144,0.104,0.390431
2025-12-09#t1629w0,2025-12-09,Mr. Oliver,161,1.0,0.587926
2025-12-09#t1630w0,2025-12-09,Hon. Ms. Boudreau,178,0.101,0.017882
2025-12-09#t1631w0,2025-12-09,Ms. Bockus,161,1.0,0.040964
2025-12-09#t1632w0,2025-12-09,Mr. Robichaud,132,0.0,0.818755
2025-12-09#t1633w0,2025-12-09,Mr. Ames,166,1.0,0.798615
2025-12-09#t1634w0,2025-12-09,Ms. Vautour,132,0.0,0.974457
2025-12-09#t1635w0,2025-12-09,Mr. Russell,141,1.0,0.470791
2025-12-09#t1636w0,2025-12-09,Ms. Mitton,108,0.0,0.904464
2025-12-09#t1637w0,2025-12-09,Ms. Wilcott,120,1.0,0.755427
2025-12-09#t1638w0,2025-12-09,Ms. Scott-Wallace,131,1.0,0.49221
2025-12-09#t1639w0,2025-12-09,Mr. Robichaud,138,0.0,0.511535
2025-12-09#t1640w0,2025-12-09,Mr. Oliver,112,1.0,0.171251
2025-12-09#t1641w0,2025-12-09,Ms. Sodhi,138,1.0,0.548779
2025-12-09#t1642w0,2025-12-09,Mr. Cullins,147,1.0,0.154277
2025-12-09#t1643w0,2025-12-09,Ms. Vautour,147,0.0,0.282016
2025-12-09#t1644w0,2025-12-09,Ms. S. Wilson,130,1.0,0.385061
2025-12-09#t1645w0,2025-12-09,Mr. Savoie,155,0.948,0.162186
2025-12-09#t1646w0,2025-12-09,Hon. Ms. Holt,210,1.0,0.024326
2025-12-09#t1647w0,2025-12-09,Mr. Savoie,196,1.0,0.039618
2025-12-09#t1648w0,2025-12-09,Hon. Mr. Herron,134,1.0,0.058248
2025-12-09#t1649w0,2025-12-09,Mr. Savoie,140,1.0,0.288083
2025-12-09#t1650w0,2025-12-09,Hon. Mr. Herron,145,1.0,0.017605
2025-12-09#t1651w0,2025-12-09,Mr. Savoie,113,1.0,0.378803
2025-12-09#t1652w0,2025-12-09,Hon. Mr. Herron,140,1.0,0.096553
2025-12-09#t1653w0,2025-12-09,Mr. Savoie,198,1.0,0.040361
2025-12-09#t1654w0,2025-12-09,Hon. Mr. Herron,168,1.0,0.023161
2025-12-09#t1655w0,2025-12-09,Mr. Savoie,143,1.0,0.32067
2025-12-09#t1656w0,2025-12-09,Hon. Mr. Herron,157,1.0,0.035991
2025-12-09#t1657w0,2025-12-09,Mr. Austin,161,1.0,0.026638
2025-12-09#t1658w0,2025-12-09,Hon. Mr. Herron,159,1.0,0.843654
2025-12-09#t1659w0,2025-12-09,Mr. Austin,133,1.0,0.029461
2025-12-09#t1661w0,2025-12-09,Hon. Mr. Herron,147,1.0,0.041157
2025-12-09#t1662w0,2025-12-09,Mr. Austin,196,1.0,0.049325
2025-12-09#t1663w0,2025-12-09,Hon. Mr. Herron,182,1.0,0.012813
2025-12-09#t1664w0,2025-12-09,Mr. Coon,150,0.973,0.075117
2025-12-09#t1665w0,2025-12-09,Hon. Mr. Hickey,182,1.0,0.045919
2025-12-09#t1666w0,2025-12-09,Mr. Coon,147,1.0,0.536407
2025-12-09#t1667w0,2025-12-09,Hon. Mr. Hickey,186,1.0,0.030343
2025-12-09#t1668w0,2025-12-09,Mr. Hogan,150,1.0,0.983882
2025-12-09#t1669w0,2025-12-09,Hon. Mr. Dornan,196,1.0,0.043379
2025-12-09#t1670w0,2025-12-09,Mr. Hogan,123,1.0,0.229428
2025-12-09#t1672w0,2025-12-09,Hon. Mr. Dornan,198,1.0,0.226795
2025-12-09#t1673w0,2025-12-09,Mr. Hogan,137,1.0,0.275208
2025-12-09#t1674w0,2025-12-09,Hon. Mr. Dornan,181,1.0,0.070738
2025-12-09#t1675w0,2025-12-09,Mr. Savoie,154,1.0,0.014475
2025-12-09#t1676w0,2025-12-09,Hon. Mr. Legacy,168,1.0,0.008226
2025-12-09#t1678w0,2025-12-09,Hon. Ms. Holt,351,0.741,0.009853
2025-12-09#t1680w0,2025-12-09,Mr. Hogan,61,1.0,0.997127
2025-12-09#t1681w0,2025-12-09,Mr. Hogan,216,1.0,0.201894
2025-12-09#t1682w0,2025-12-09,Mr. Coon,297,0.987,0.014797
2025-12-09#t1683w0,2025-12-09,Hon. Ms. Thériault,181,0.414,0.179582
2025-12-09#t1684w0,2025-12-09,Ms. M. Wilson,245,1.0,0.006587
2025-12-09#t1685w0,2025-12-09,Ms. Mitton,103,0.544,0.99472
2025-12-09#t1686w0,2025-12-09,Hon. C. Johnson,267,0.483,0.034133
2025-12-09#t1687w0,2025-12-09,Mr. Lee,185,1.0,0.097761
2025-12-09#t1688w0,2025-12-09,Ms. Mitton,270,0.863,0.04648
2025-12-09#t1689w0,2025-12-09,Hon. Mr. Hickey,286,0.92,0.008817
2025-12-09#t1690w0,2025-12-09,Ms. Conroy,348,1.0,0.026867
2025-12-09#t1691w0,2025-12-09,Mr. Coon,358,0.891,0.038537
2025-12-09#t1691w1,2025-12-09,Mr. Coon,343,0.708,0.110965
2025-12-09#t1691w2,2025-12-09,Mr. Coon,113,1.0,0.998675
2025-12-09#t1692w0,2025-12-09,Mr. M. LeBlanc,346,0.922,0.238607
2025-12-09#t1692w1,2025-12-09,Mr. M. LeBlanc,349,0.848,0.013838
2025-12-09#t1692w2,2025-12-09,Mr. M. LeBlanc,133,0.865,0.963169
2025-12-09#t1693w0,2025-12-09,Hon. Mr. Dornan,251,0.693,0.972633
2025-12-09#t1696w0,2025-12-09,Mr. Monahan,115,1.0,0.077599
2025-12-09#t1697w0,2025-12-09,Hon. Mr. Legacy,94,1.0,0.029151
2025-12-09#t1698w0,2025-12-09,Mr. Monahan,85,1.0,0.998633
2025-12-09#t1699w0,2025-12-09,Hon. Mr. Legacy,207,1.0,0.487967
2025-12-09#t1701w0,2025-12-09,Hon. Mr. Legacy,79,1.0,0.998783
2025-12-09#t1702w0,2025-12-09,Mr. Monahan,96,0.479,0.881077
2025-12-09#t1703w0,2025-12-09,Hon. Mr. Legacy,165,1.0,0.047811
2025-12-09#t1704w0,2025-12-09,Ms. Bockus,107,1.0,0.854868
2025-12-09#t1705w0,2025-12-09,Hon. Mr. Legacy,89,1.0,0.990513
2025-12-09#t1706w0,2025-12-09,Ms. Bockus,116,1.0,0.746642
2025-12-09#t1709w0,2025-12-09,Hon. Mr. Legacy,68,1.0,0.9984
2025-12-09#t1711w0,2025-12-09,Hon. Mr. Legacy,75,1.0,0.990471
2025-12-09#t1713w0,2025-12-09,Hon. Mr. Legacy,90,0.0,0.996289
2025-12-09#t1715w0,2025-12-09,Hon. Mr. Legacy,134,0.0,0.214564
2025-12-09#t1716w0,2025-12-09,Mr. Monahan,148,0.0,0.266478
2025-12-09#t1717w0,2025-12-09,Hon. Mr. Legacy,243,0.0,0.044495
2025-12-09#t1719w0,2025-12-09,Mr. Chair,336,0.643,0.506197
2025-12-09#t1720w0,2025-12-09,Mr. Chair,87,1.0,0.963252
2025-12-10#t1722w0,2025-12-10,Mr. Cullins,154,1.0,0.637408
2025-12-10#t1723w0,2025-12-10,Mr. Austin,162,1.0,0.186364
2025-12-10#t1725w0,2025-12-10,Mr. Mallet,119,0.0,0.181602
2025-12-10#t1726w0,2025-12-10,Mr. Bourque,171,0.094,0.149453
2025-12-10#t1727w0,2025-12-10,Mr. Savoie,175,0.966,0.222811
2025-12-10#t1728w0,2025-12-10,Mr. Coon,162,0.975,0.69189
2025-12-10#t1729w0,2025-12-10,Hon. Mr. Finnigan,133,0.308,0.956365
2025-12-10#t1730w0,2025-12-10,Mr. Weir,142,0.775,0.633214
2025-12-10#t1731w0,2025-12-10,Ms. Mitton,152,1.0,0.331737
2025-12-10#t1732w0,2025-12-10,Mr. Johnston,185,1.0,0.666499
2025-12-10#t1733w0,2025-12-10,Ms. Vautour,135,0.0,0.979556
2025-12-10#t1734w0,2025-12-10,Ms. M. Wilson,172,1.0,0.022718
2025-12-10#t1735w0,2025-12-10,Mr. Coon,160,1.0,0.179523
2025-12-10#t1736w0,2025-12-10,Mr. J. LeBlanc,143,0.392,0.252056
2025-12-10#t1737w0,2025-12-10,Ms. Bockus,187,1.0,0.018593
2025-12-10#t1738w0,2025-12-10,Mr. Mallet,132,0.0,0.518813
2025-12-10#t1739w0,2025-12-10,Mr. Ames,172,1.0,0.618486
2025-12-10#t1740w0,2025-12-10,Mr. Bourque,175,0.0,0.011689
2025-12-10#t1741w0,2025-12-10,Mr. Russell,126,1.0,0.164179
2025-12-10#t1742w0,2025-12-10,Mr. Doucet,151,1.0,0.242474
2025-12-10#t1743w0,2025-12-10,Mr. Monahan,160,1.0,0.147784
2025-12-10#t1744w0,2025-12-10,Mr. Savoie,72,0.0,0.999441
2025-12-10#t1745w0,2025-12-10,Hon. Mr. Dornan,178,1.0,0.052383
2025-12-10#t1746w0,2025-12-10,Mr. Savoie,108,1.0,0.755384
2025-12-10#t1747w0,2025-12-10,Hon. Mr. Dornan,145,1.0,0.032786
2025-12-10#t1748w0,2025-12-10,Mr. Savoie,155,1.0,0.014741
2025-12-10#t1749w0,2025-12-10,Hon. Mr. Dornan,139,1.0,0.024119
2025-12-10#t1750w0,2025-12-10,Mr. Savoie,157,1.0,0.466172
2025-12-10#t1751w0,2025-12-10,Hon. Mr. Dornan,126,1.0,0.162273
2025-12-10#t1752w0,2025-12-10,Ms. Conroy,211,1.0,0.095456
2025-12-10#t1753w0,2025-12-10,Hon. Ms. Miles,176,1.0,0.152144
2025-12-10#t1754w0,2025-12-10,Ms. Conroy,136,1.0,0.909795
2025-12-10#t1755w0,2025-12-10,Hon. Ms. Miles,194,1.0,0.04435
2025-12-10#t1756w0,2025-12-10,Ms. Conroy,205,1.0,0.175219
2025-12-10#t1757w0,2025-12-10,Hon. Ms. Miles,178,1.0,0.482072
2025-12-10#t1758w0,2025-12-10,Ms. Scott-Wallace,167,1.0,0.024933
2025-12-10#t1759w0,2025-12-10,Hon. Mr. Hickey,180,1.0,0.060244
2025-12-10#t1760w0,2025-12-10,Ms. Scott-Wallace,189,1.0,0.509431
2025-12-10#t1761w0,2025-12-10,Hon. Mr. Hickey,96,0.958,0.687771
2025-12-10#t1762w0,2025-12-10,Hon. Mr. Hickey,68,1.0,0.983064
2025-12-10#t1763w0,2025-12-10,Ms. Scott-Wallace,187,1.0,0.584824
2025-12-10#t1764w0,2025-12-10,Hon. Mr. Hickey,165,1.0,0.031864
2025-12-10#t1765w0,2025-12-10,Ms. Mitton,133,0.0,0.487665
2025-12-10#t1766w0,2025-12-10,Hon. Ms. Boudreau,111,0.306,0.98985
2025-12-10#t1767w0,2025-12-10,Ms. Mitton,123,1.0,0.978644
2025-12-10#t1768w0,2025-12-10,Hon. Ms. Boudreau,141,0.028,0.612261
2025-12-10#t1769w0,2025-12-10,Ms. Mitton,179,1.0,0.017275
2025-12-10#t1770w0,2025-12-10,Hon. Ms. Boudreau,180,0.0,0.173858
2025-12-10#t1771w0,2025-12-10,Mr. Monahan,121,1.0,0.994378
2025-12-10#t1772w0,2025-12-10,Hon. Mr. McKee,178,1.0,0.039876
2025-12-10#t1773w0,2025-12-10,Mr. Monahan,145,0.0,0.986953
2025-12-10#t1774w0,2025-12-10,Hon. Mr. LePage,141,0.0,0.294869
2025-12-10#t1775w0,2025-12-10,Mr. Monahan,128,1.0,0.729923
2025-12-10#t1776w0,2025-12-10,Hon. Ms. Holt,185,0.735,0.195732
2025-12-10#t1778w0,2025-12-10,Hon. Mr. Dornan,149,0.631,0.142291
2025-12-10#t1779w0,2025-12-10,Mr. Hogan,167,0.838,0.634592
2025-12-10#t1781w0,2025-12-10,Mr. Coon,236,1.0,0.022497
2025-12-10#t1782w0,2025-12-10,Hon. Mr. Randall,260,0.827,0.070994
2025-12-10#t1783w0,2025-12-10,Mr. Russell,261,1.0,0.381227
2025-12-10#t1784w0,2025-12-10,Ms. Mitton,205,1.0,0.261499
2025-12-10#t1785w0,2025-12-10,Mr. Mallet,159,0.0,0.92165
2025-12-10#t1786w0,2025-12-10,Hon. Mr. McKee,211,0.701,0.815026
2025-12-10#t1788w0,2025-12-10,Madam Speaker,78,0.808,0.998204
2025-12-10#t1790w0,2025-12-10,Ms. Mitton,69,0.768,0.999506
2025-12-11#t1792w0,2025-12-11,Hon. Ms. Boudreau,166,0.0,0.382726
2025-12-11#t1793w0,2025-12-11,Mr. Hogan,137,1.0,0.711993
2025-12-11#t1794w0,2025-12-11,Mr. Coon,217,0.982,0.706823
2025-12-11#t1795w0,2025-12-11,Mr. Russell,156,0.974,0.146347
2025-12-11#t1797w0,2025-12-11,Hon. C. Johnson,68,1.0,0.967511
2025-12-11#t1798w0,2025-12-11,Mr. Hogan,93,1.0,0.924653
2025-12-11#t1799w0,2025-12-11,Mr. Doucet,119,0.0,0.685937
2025-12-11#t1800w0,2025-12-11,Mr. Cullins,163,1.0,0.193099
2025-12-11#t1801w0,2025-12-11,Ms. Mitton,160,1.0,0.126998
2025-12-11#t1802w0,2025-12-11,Ms. Wilcott,147,1.0,0.849147
2025-12-11#t1803w0,2025-12-11,Mr. Russell,168,0.958,0.06169
2025-12-11#t1804w0,2025-12-11,Mr. Mallet,114,0.0,0.957247
2025-12-11#t1805w0,2025-12-11,Mr. Weir,151,0.762,0.263412
2025-12-11#t1806w0,2025-12-11,Ms. Mitton,163,1.0,0.217225
2025-12-11#t1807w0,2025-12-11,Mr. Johnston,235,0.6,0.204784
2025-12-11#t1807w1,2025-12-11,Mr. Johnston,134,1.0,0.033822
2025-12-11#t1808w0,2025-12-11,Ms. Wilcott,151,1.0,0.691192
2025-12-11#t1809w0,2025-12-11,Mr. Hogan,170,1.0,0.016031
2025-12-11#t1813w0,2025-12-11,Mr. Robichaud,151,0.0,0.520052
2025-12-11#t1814w0,2025-12-11,Mr. Lee,149,1.0,0.929146
2025-12-11#t1815w0,2025-12-11,Mr. M. LeBlanc,166,1.0,0.041888
2025-12-11#t1816w0,2025-12-11,Mr. Austin,217,1.0,0.110564
2025-12-11#t1817w0,2025-12-11,Mr. Savoie,205,0.961,0.077152
2025-12-11#t1818w0,2025-12-11,Hon. Mr. McKee,187,1.0,0.022828
2025-12-11#t1819w0,2025-12-11,Mr. Savoie,228,1.0,0.06832
2025-12-11#t1820w0,2025-12-11,Hon. Mr. McKee,203,0.97,0.166275
2025-12-11#t1821w0,2025-12-11,Mr. Savoie,201,0.97,0.037843
2025-12-11#t1822w0,2025-12-11,Hon. Mr. McKee,201,0.98,0.013616
2025-12-11#t1823w0,2025-12-11,Mr. Savoie,203,1.0,0.011071
2025-12-11#t1824w0,2025-12-11,Hon. Mr. McKee,166,1.0,0.01473
2025-12-11#t1825w0,2025-12-11,Mr. Savoie,176,1.0,0.038746
2025-12-11#t1826w0,2025-12-11,Hon. Mr. McKee,156,0.0,0.167315
2025-12-11#t1827w0,2025-12-11,Mr. Savoie,225,1.0,0.038032
2025-12-11#t1828w0,2025-12-11,Hon. Mr. McKee,172,0.506,0.110525
2025-12-11#t1829w0,2025-12-11,Ms. Scott-Wallace,174,1.0,0.109295
2025-12-11#t1830w0,2025-12-11,Hon. Ms. Boudreau,149,0.0,0.335372
2025-12-11#t1831w0,2025-12-11,Ms. Scott-Wallace,136,1.0,0.127135
2025-12-11#t1832w0,2025-12-11,Hon. Ms. Boudreau,176,0.0,0.146851
2025-12-11#t1833w0,2025-12-11,Ms. Scott-Wallace,128,1.0,0.11618
2025-12-11#t1834w0,2025-12-11,Hon. Ms. Boudreau,172,0.0,0.124305
2025-12-11#t1835w0,2025-12-11,Mr. Coon,170,1.0,0.040143
2025-12-11#t1836w0,2025-12-11,Hon. K. Chiasson,163,1.0,0.018407
2025-12-11#t1837w0,2025-12-11,Mr. Coon,105,0.0,0.988386
2025-12-11#t1838w0,2025-12-11,L’hon. K. Chiasson,176,0.0,0.424261
2025-12-11#t1839w0,2025-12-11,Ms. Bockus,103,1.0,0.478775
2025-12-11#t1840w0,2025-12-11,Hon. Mr. Dornan,83,1.0,0.996725
2025-12-11#t1841w0,2025-12-11,Ms. Bockus,114,1.0,0.390463
2025-12-11#t1846w0,2025-12-11,Hon. Mr. Dornan,112,1.0,0.99837
2025-12-11#t1847w0,2025-12-11,Ms. Bockus,118,1.0,0.99808
2025-12-11#t1848w0,2025-12-11,Hon. Mr. Dornan,143,1.0,0.065852
2025-12-11#t1849w0,2025-12-11,Mr. Savoie,172,1.0,0.03249
2025-12-11#t1850w0,2025-12-11,Hon. Mr. McKee,157,0.975,0.017143
2025-12-11#t1852w0,2025-12-11,Hon. Mr. Dornan,157,0.624,0.562932
2025-12-11#t1853w0,2025-12-11,Mr. Hogan,248,0.714,0.017193
2025-12-11#t1855w0,2025-12-11,Mr. Coon,233,1.0,0.019991
2025-12-11#t1856w0,2025-12-11,Hon. C. Johnson,223,0.673,0.246816
2025-12-11#t1857w0,2025-12-11,Mr. Lee,116,1.0,0.954405
2025-12-11#t1858w0,2025-12-11,Ms. Mitton,237,0.983,0.314035
2025-12-11#t1859w0,2025-12-11,Hon. Mr. Randall,333,0.817,0.066024
2025-12-11#t1860w0,2025-12-11,Mr. Russell,288,1.0,0.241576
2025-12-11#t1861w0,2025-12-11,Ms. Mitton,320,0.988,0.035806
2025-12-11#t1862w0,2025-12-11,Hon. C. Johnson,354,0.684,0.127692
2025-12-11#t1863w0,2025-12-11,Mr. Lee,224,1.0,0.216803
2025-12-11#t1864w0,2025-12-11,Ms. Mitton,355,0.614,0.018909
2025-12-11#t1865w0,2025-12-11,Hon. Ms. Townsend,173,0.977,0.318247
2025-12-11#t1866w0,2025-12-11,Mr. Cullins,255,1.0,0.867676
2025-12-11#t1867w0,2025-12-11,Mr. Coon,199,0.98,0.401819
2025-12-11#t1868w0,2025-12-11,Hon. Ms. Boudreau,162,0.0,0.053144
2025-12-11#t1869w0,2025-12-11,Ms. Scott-Wallace,160,1.0,0.069341
2025-12-11#t1870w0,2025-12-11,Mr. Coon,174,0.649,0.383852
2025-12-11#t1873w0,2025-12-11,Mr. M. LeBlanc,58,1.0,0.998652
2025-12-11#t1875w0,2025-12-11,Hon. Ms. Miles,102,1.0,0.987356
2025-12-11#t1876w0,2025-12-11,Ms. Conroy,159,1.0,0.058018
2025-12-11#t1877w0,2025-12-11,Madam Speaker,341,0.762,0.189133
2025-12-11#t1877w1,2025-12-11,Madam Speaker,333,0.703,0.060028
2025-12-11#t1877w2,2025-12-11,Madam Speaker,119,0.479,0.88864
2025-12-11#t1880w0,2025-12-11,Madam Speaker,331,1.0,0.014284
2025-12-11#t1880w1,2025-12-11,Madam Speaker,267,1.0,0.04275
2025-12-11#t1880w2,2025-12-11,Madam Speaker,244,1.0,0.044339
2025-12-11#t1880w3,2025-12-11,Madam Speaker,276,1.0,0.021118
2025-12-11#t1880w4,2025-12-11,Madam Speaker,329,1.0,0.023125
2025-12-11#t1880w5,2025-12-11,Madam Speaker,58,1.0,0.99776
2025-12-11#t1885w0,2025-12-11,Mr. Austin,92,1.0,0.650337
2025-12-11#t1886w0,2025-12-11,Ms. Mitton,69,1.0,0.998564
2025-12-11#t1889w0,2025-12-11,Mr. Savoie,100,1.0,0.395888
2025-12-11#t1890w0,2025-12-11,Mr. Deputy Speaker,61,1.0,0.983794
2025-12-11#t1891w0,2025-12-11,Mr. Deputy Speaker,210,0.838,0.513699
2025-12-11#t1893w0,2025-12-11,Mr. Bourque,299,1.0,0.026316
2025-12-11#t1893w1,2025-12-11,Mr. Bourque,173,1.0,0.072644
2025-12-11#t1895w0,2025-12-11,Mr. Bourque,111,1.0,0.756071
2025-12-11#t1896w0,2025-12-11,Mr. Bourque,96,1.0,0.977966
2025-12-11#t1899w0,2025-12-11,Mr. M. LeBlanc,82,1.0,0.860078
2025-12-11#t1900w0,2025-12-11,Mr. Deputy Speaker,144,0.986,0.220804
2025-12-11#t1903w0,2025-12-11,Mr. M. LeBlanc,54,1.0,0.998348
2025-12-11#t1904w0,2025-12-11,Mr. Savoie,92,1.0,0.812261
2025-12-11#t1907w0,2025-12-11,Mr. Bourque,322,0.953,0.117362
2025-12-11#t1907w1,2025-12-11,Mr. Bourque,173,0.954,0.112136
2025-12-11#t1908w0,2025-12-11,Mr. Austin,307,1.0,0.017746
2025-12-11#t1908w1,2025-12-11,Mr. Austin,129,1.0,0.097362
2025-12-11#t1910w0,2025-12-11,Mr. M. LeBlanc,109,1.0,0.108437
2025-12-11#t1911w0,2025-12-11,Hon. Mr. Herron,107,1.0,0.71457
2025-12-11#t1912w0,2025-12-11,Mr. Deputy Speaker,75,1.0,0.95097
2025-12-11#t1913w0,2025-12-11,Mr. Austin,339,1.0,0.019855
2025-12-11#t1913w1,2025-12-11,Mr. Austin,357,1.0,0.013801
2025-12-11#t1914w0,2025-12-11,Mr. Deputy Speaker,348,1.0,0.89529
2025-12-11#t1914w1,2025-12-11,Mr. Deputy Speaker,268,1.0,0.015192
2025-12-11#t1915w0,2025-12-11,Mr. Austin,177,1.0,0.066736
2025-12-11#t1916w0,2025-12-11,,347,1.0,0.008603
2025-12-11#t1916w1,2025-12-11,,308,1.0,0.017456
2025-12-11#t1916w2,2025-12-11,,298,1.0,0.019023
2025-12-11#t1916w3,2025-12-11,,298,1.0,0.011186
2025-12-11#t1916w4,2025-12-11,,242,1.0,0.050268
2025-12-11#t1916w5,2025-12-11,,300,1.0,0.019157
2025-12-11#t1916w6,2025-12-11,,359,1.0,0.072436
2025-12-11#t1916w7,2025-12-11,,314,1.0,0.009946
2025-12-11#t1916w8,2025-12-11,,92,1.0,0.21488
2025-12-11#t1917w0,2025-12-11,Mr. Austin,146,1.0,0.011365
2025-12-11#t1918w0,2025-12-11,Hon. Mr. Herron,272,1.0,0.011208
2025-12-11#t1918w1,2025-12-11,Hon. Mr. Herron,286,1.0,0.061177
2025-12-11#t1918w2,2025-12-11,Hon. Mr. Herron,349,1.0,0.008623
2025-12-11#t1918w3,2025-12-11,Hon. Mr. Herron,351,1.0,0.376394
2025-12-11#t1918w4,2025-12-11,Hon. Mr. Herron,326,1.0,0.112849
2025-12-11#t1918w5,2025-12-11,Hon. Mr. Herron,325,1.0,0.01461
2025-12-11#t1920w0,2025-12-11,Mr. Savoie,274,0.905,0.012393
2025-12-11#t1920w1,2025-12-11,Mr. Savoie,321,1.0,0.019343
2025-12-11#t1920w2,2025-12-11,Mr. Savoie,240,1.0,0.012843
2025-12-11#t1921w0,2025-12-11,Mr. Savoie,264,1.0,0.027495
2025-12-11#t1921w1,2025-12-11,Mr. Savoie,336,1.0,0.01903
2025-12-11#t1921w2,2025-12-11,Mr. Savoie,261,1.0,0.014199
2025-12-11#t1921w3,2025-12-11,Mr. Savoie,187,1.0,0.009108
2025-12-11#t1923w0,2025-12-11,Mr. Savoie,56,1.0,0.992233
2025-12-11#t1925w0,2025-12-11,Mr. Savoie,301,1.0,0.011148
2025-12-11#t1925w1,2025-12-11,Mr. Savoie,245,1.0,0.029521
2025-12-11#t1926w0,2025-12-11,Mr. M. LeBlanc,335,1.0,0.014901
2025-12-11#t1926w1,2025-12-11,Mr. M. LeBlanc,357,1.0,0.014762
2025-12-11#t1926w2,2025-12-11,Mr. M. LeBlanc,353,1.0,0.010596
2025-12-11#t1926w3,2025-12-11,Mr. M. LeBlanc,357,1.0,0.09188
2025-12-11#t1926w4,2025-12-11,Mr. M. LeBlanc,262,1.0,0.899236
2025-12-11#t1926w5,2025-12-11,Mr. M. LeBlanc,289,1.0,0.017315
2025-12-11#t1926w6,2025-12-11,Mr. M. LeBlanc,98,1.0,0.265717
2025-12-11#t1930w0,2025-12-11,Hon. Mr. Hickey,115,1.0,0.294808
2025-12-11#t1931w0,2025-12-11,Ms. Mitton,265,1.0,0.01927
2025-12-11#t1931w1,2025-12-11,Ms. Mitton,318,1.0,0.026925
2025-12-11#t1931w2,2025-12-11,Ms. Mitton,356,1.0,0.014806
2025-12-11#t1931w3,2025-12-11,Ms. Mitton,308,1.0,0.021952
2025-12-11#t1933w0,2025-12-11,Ms. Mitton,299,1.0,0.266982
2025-12-11#t1933w1,2025-12-11,Ms. Mitton,352,1.0,0.025663
2025-12-11#t1934w0,2025-12-11,Mr. Cullins,330,1.0,0.007631
2025-12-12#t1939w0,2025-12-12,Mr. Bourque,163,0.785,0.03759
2025-12-12#t1940w0,2025-12-12,Hon. Ms. Holt,164,0.963,0.028282
2025-12-12#t1941w0,2025-12-12,Hon. Ms. Thériault,112,0.0,0.8556
2025-12-12#t1942w0,2025-12-12,Mr. J. LeBlanc,164,0.506,0.388168
2025-12-12#t1943w0,2025-12-12,Mr. Monahan,144,1.0,0.960854
2025-12-12#t1944w0,2025-12-12,Mr. Coon,177,1.0,0.064511
2025-12-12#t1945w0,2025-12-12,Mr. Bourque,186,0.0,0.071565
2025-12-12#t1946w0,2025-12-12,Ms. S. Wilson,213,1.0,0.164981
2025-12-12#t1947w0,2025-12-12,Ms. Mitton,159,1.0,0.882289
2025-12-12#t1948w0,2025-12-12,Mr. Johnston,175,1.0,0.234188
2025-12-12#t1949w0,2025-12-12,Mr. Lee,121,1.0,0.996374
2025-12-12#t1950w0,2025-12-12,Mr. Ames,198,1.0,0.179759
2025-12-12#t1951w0,2025-12-12,Mr. Johnston,173,0.965,0.106871
2025-12-12#t1952w0,2025-12-12,Mr. Russell,175,1.0,0.01934
2025-12-12#t1953w0,2025-12-12,Mr. Coon,165,0.976,0.006581
2025-12-12#t1954w0,2025-12-12,Ms. Sodhi,167,1.0,0.033821
2025-12-12#t1955w0,2025-12-12,Mr. Oliver,221,1.0,0.257912
2025-12-12#t1956w0,2025-12-12,Ms. Vautour,182,0.429,0.702373
2025-12-12#t1957w0,2025-12-12,Ms. Scott-Wallace,199,1.0,0.031111
2025-12-12#t1958w0,2025-12-12,Mr. Doucet,149,0.0,0.057897
2025-12-12#t1959w0,2025-12-12,Mr. Cullins,159,1.0,0.710562
2025-12-12#t1960w0,2025-12-12,Mr. M. LeBlanc,179,0.978,0.016793
2025-12-12#t1961w0,2025-12-12,Ms. S. Wilson,188,1.0,0.019724
2025-12-12#t1962w0,2025-12-12,Mr. Savoie,144,0.944,0.557588
2025-12-12#t1963w0,2025-12-12,Hon. Mr. Dornan,181,1.0,0.06249
2025-12-12#t1964w0,2025-12-12,Mr. Savoie,197,1.0,0.099532
2025-12-12#t1965w0,2025-12-12,Hon. Mr. Dornan,175,1.0,0.032977
2025-12-12#t1966w0,2025-12-12,Mr. Savoie,132,1.0,0.681666
2025-12-12#t1967w0,2025-12-12,Hon. Ms. Holt,204,0.902,0.072508
2025-12-12#t1968w0,2025-12-12,Mr. Savoie,166,1.0,0.042957
2025-12-12#t1969w0,2025-12-12,Hon. Ms. Holt,182,1.0,0.023552
2025-12-12#t1970w0,2025-12-12,Mr. Savoie,120,1.0,0.299189
2025-12-12#t1971w0,2025-12-12,Mr. Savoie,58,1.0,0.999432
2025-12-12#t1972w0,2025-12-12,Hon. Mr. D’Amours,134,0.0,0.08864
2025-12-12#t1973w0,2025-12-12,Mr. Savoie,141,1.0,0.971792
2025-12-12#t1974w0,2025-12-12,Hon. Mr. Herron,160,1.0,0.22641
2025-12-12#t1975w0,2025-12-12,Mr. Cullins,143,1.0,0.068985
2025-12-12#t1976w0,2025-12-12,Hon. Ms. Townsend,98,1.0,0.99234
2025-12-12#t1977w0,2025-12-12,Mr. Cullins,120,1.0,0.414933
2025-12-12#t1978w0,2025-12-12,Hon. Mr. Randall,210,1.0,0.02336
2025-12-12#t1980w0,2025-12-12,Mr. Cullins,129,1.0,0.529323
2025-12-12#t1981w0,2025-12-12,Hon. Ms. Miles,191,1.0,0.577762
2025-12-12#t1982w0,2025-12-12,Mr. Hogan,166,1.0,0.077684
2025-12-12#t1983w0,2025-12-12,Hon. C. Johnson,150,0.0,0.871162
2025-12-12#t1984w0,2025-12-12,Mr. Hogan,146,1.0,0.991558
2025-12-12#t1985w0,2025-12-12,Hon. Mr. Hickey,133,1.0,0.034141
2025-12-12#t1987w0,2025-12-12,Mr. Hogan,107,1.0,0.974592
2025-12-12#t1988w0,2025-12-12,Hon. Ms. Thériault,222,0.0,0.010401
2025-12-12#t1989w0,2025-12-12,Mr. Oliver,178,1.0,0.460436
2025-12-12#t1990w0,2025-12-12,Hon. Mr. Gauvin,148,1.0,0.085383
2025-12-12#t1991w0,2025-12-12,Mr. Oliver,115,1.0,0.751877
2025-12-12#t1992w0,2025-12-12,Hon. Mr. Kennedy,105,1.0,0.29166
2025-12-12#t1993w0,2025-12-12,Mr. Oliver,131,1.0,0.956585
2025-12-12#t1994w0,2025-12-12,Hon. Ms. Holt,177,0.678,0.142338
2025-12-12#t1995w0,2025-12-12,Madam Speaker,86,1.0,0.920806
2025-12-12#t1998w0,2025-12-12,Ms. Mitton,355,0.837,0.105102
2025-12-12#t1998w1,2025-12-12,Ms. Mitton,354,1.0,0.261101
2025-12-12#t1998w2,2025-12-12,Ms. Mitton,66,1.0,0.705795
2025-12-12#t1999w0,2025-12-12,Madam Speaker,360,0.908,0.033008
2025-12-12#t1999w1,2025-12-12,Madam Speaker,341,1.0,0.118672
2025-12-12#t1999w2,2025-12-12,Madam Speaker,358,0.76,0.029094
2025-12-12#t2001w0,2025-12-12,Hon. Ms. Holt,347,0.821,0.023981
2025-12-12#t2001w1,2025-12-12,Hon. Ms. Holt,219,0.507,0.112861
2025-12-12#t2002w0,2025-12-12,Mr. Savoie,303,0.934,0.039408
2025-12-12#t2002w1,2025-12-12,Mr. Savoie,309,1.0,0.021909
2025-12-12#t2002w2,2025-12-12,Mr. Savoie,139,1.0,0.561901
2025-12-12#t2003w0,2025-12-12,Mr. Coon,316,0.962,0.01237
2025-12-12#t2003w1,2025-12-12,Mr. Coon,259,1.0,0.043221
2025-12-12#t2004w0,2025-12-12,Hon. Mr. Legacy,357,0.748,0.104778
2025-12-12#t2004w1,2025-12-12,Hon. Mr. Legacy,64,0.938,0.998846
2025-12-12#t2005w0,2025-12-12,Mr. Austin,318,1.0,0.01215
2025-12-12#t2005w1,2025-12-12,Mr. Austin,126,1.0,0.127104
2025-12-12#t2006w0,2025-12-12,Mr. Coon,286,1.0,0.023838
2025-12-12#t2007w0,2025-12-12,Hon. K. Chiasson,255,0.58,0.0561
2025-12-12#t2008w0,2025-12-12,Ms. Conroy,276,1.0,0.117725
2025-12-12#t2009w0,2025-12-12,Mr. M. LeBlanc,105,0.0,0.601454
2025-12-12#t2011w0,2025-12-12,Mr. Coon,225,1.0,0.013459
2025-12-12#t2012w0,2025-12-12,Madam Speaker,63,0.714,0.991289
2025-12-12#t2013w0,2025-12-12,Mr. Coon,155,0.974,0.05365
2025-12-12#t2014w0,2025-12-12,Mr. Coon,318,0.987,0.006101
2025-12-12#t2014w1,2025-12-12,Mr. Coon,245,0.616,0.870561
2025-12-12#t2017w0,2025-12-12,Madam Speaker addressed Her Honour as follows,264,0.42,0.182723
2025-12-12#t2018w0,2025-12-12,Her Honour,72,0.403,0.999645
2025-12-12#t2021w0,2025-12-12,Mr. Coon,321,0.785,0.339813
2025-12-12#t2021w1,2025-12-12,Mr. Coon,352,0.858,0.029164
2025-12-12#t2021w2,2025-12-12,Mr. Coon,292,0.767,0.199638
2025-12-12#t2021w3,2025-12-12,Mr. Coon,132,0.97,0.953702
2025-12-12#t2025w0,2025-12-12,Hon. Mr. Dornan,77,0.0,0.589402
2025-12-12#t2026w0,2025-12-12,Mr. Savoie,340,0.703,0.309011
2025-12-12#t2026w1,2025-12-12,Mr. Savoie,303,1.0,0.144407
2025-12-12#t2026w2,2025-12-12,Mr. Savoie,297,0.896,0.061897
2025-12-12#t2026w3,2025-12-12,Mr. Savoie,208,0.909,0.105237
2025-12-12#t2027w0,2025-12-12,Hon. Ms. Holt,320,0.588,0.04753
2025-12-12#t2027w1,2025-12-12,Hon. Ms. Holt,352,0.759,0.035772
2025-12-12#t2027w2,2025-12-12,Hon. Ms. Holt,325,0.637,0.038491
2025-12-12#t2027w3,2025-12-12,Hon. Ms. Holt,333,0.748,0.082824
2025-12-12#t2028w0,2025-12-12,Madam Speaker,351,0.735,0.024794
2025-12-12#t2028w1,2025-12-12,Madam Speaker,199,0.462,0.762437
2025-12-12#t2029w0,2025-12-12,Madam Speaker,77,0.896,0.999327
2026-03-17#t2030w0,2026-03-17,Hon. Mr. Legacy,129,0.38,0.354426
2026-03-17#t2031w0,2026-03-17,Hon. Mr. Legacy,339,0.537,0.245177
2026-03-17#t2031w1,2026-03-17,Hon. Mr. Legacy,209,0.699,0.934325
2026-03-17#t2032w0,2026-03-17,,316,0.718,0.029269
2026-03-17#t2032w1,2026-03-17,,355,0.459,0.210018
2026-03-17#t2032w2,2026-03-17,,325,0.572,0.040415
2026-03-17#t2032w3,2026-03-17,,300,0.433,0.154901
2026-03-17#t2033w0,2026-03-17,,348,0.629,0.082692
2026-03-17#t2033w1,2026-03-17,,149,1.0,0.579615
2026-03-17#t2034w0,2026-03-17,,319,0.467,0.135188
2026-03-17#t2035w0,2026-03-17,,331,0.785,0.019565
2026-03-17#t2035w1,2026-03-17,,337,0.519,0.082725
2026-03-17#t2035w2,2026-03-17,,323,0.467,0.215393
2026-03-17#t2035w3,2026-03-17,,188,0.745,0.998683
2026-03-17#t2036w0,2026-03-17,,324,0.324,0.028736
2026-03-17#t2036w1,2026-03-17,,354,0.613,0.581729
2026-03-17#t2036w2,2026-03-17,,328,0.671,0.254172
2026-03-17#t2036w3,2026-03-17,,306,0.35,0.0501
2026-03-17#t2036w4,2026-03-17,,351,0.766,0.947465
2026-03-17#t2036w5,2026-03-17,,117,0.462,0.741976
2026-03-17#t2037w0,2026-03-17,,61,1.0,0.999414
2026-03-18#t2038w0,2026-03-18,Hon. Ms. Holt,75,0.147,0.997027
2026-03-18#t2040w0,2026-03-18,Hon. Mr. Dornan,330,1.0,0.460083
2026-03-18#t2040w1,2026-03-18,Hon. Mr. Dornan,337,1.0,0.037124
2026-03-18#t2041w0,2026-03-18,Hon. Mr. D’Amours,163,0.975,0.67452
2026-03-18#t2042w0,2026-03-18,Mr. Coon,102,1.0,0.44606
2026-03-18#t2043w0,2026-03-18,Mr. J. LeBlanc,315,0.59,0.754625
2026-03-18#t2044w0,2026-03-18,Mr. Ames,139,1.0,0.815003
2026-03-18#t2047w0,2026-03-18,Hon. Mr. Dornan,282,1.0,0.024621
2026-03-18#t2047w1,2026-03-18,Hon. Mr. Dornan,129,1.0,0.114231
2026-03-18#t2048w0,2026-03-18,Ms. Bockus,169,1.0,0.196178
2026-03-18#t2049w0,2026-03-18,Mr. Doucet,123,0.285,0.700052
2026-03-18#t2050w0,2026-03-18,Ms. M. Johnson,199,1.0,0.847651
2026-03-18#t2051w0,2026-03-18,Mr. Coon,160,0.975,0.184206
2026-03-18#t2052w0,2026-03-18,Hon. Mr. D’Amours,136,0.0,0.446472
2026-03-18#t2053w0,2026-03-18,Mr. Monahan,162,1.0,0.017119
2026-03-18#t2056w0,2026-03-18,Ms. Mitton,154,1.0,0.653798
2026-03-18#t2057w0,2026-03-18,Ms. M. Wilson,150,1.0,0.055847
2026-03-18#t2058w0,2026-03-18,Mr. Coon,160,1.0,0.017686
2026-03-18#t2059w0,2026-03-18,Mr. M. LeBlanc,153,0.0,0.267493
2026-03-18#t2060w0,2026-03-18,Mr. Lee,173,1.0,0.041898
2026-03-18#t2061w0,2026-03-18,Ms. Wilcott,131,1.0,0.72417
2026-03-18#t2062w0,2026-03-18,Ms. Bockus,155,1.0,0.066515
2026-03-18#t2063w0,2026-03-18,Mr. Bourque,164,0.598,0.152224
2026-03-18#t2064w0,2026-03-18,Mr. Cullins,131,1.0,0.055904
2026-03-18#t2065w0,2026-03-18,Mr. Doucet,172,0.0,0.559931
2026-03-18#t2066w0,2026-03-18,Mr. Monahan,236,1.0,0.911325
2026-03-18#t2069w0,2026-03-18,Mr. Savoie,141,0.929,0.053157
2026-03-18#t2070w0,2026-03-18,Hon. Ms. Holt,185,1.0,0.052243
2026-03-18#t2071w0,2026-03-18,Mr. Savoie,115,1.0,0.072419
2026-03-18#t2072w0,2026-03-18,Hon. Ms. Holt,173,0.0,0.023955
2026-03-18#t2073w0,2026-03-18,Mr. Savoie,163,1.0,0.024433
2026-03-18#t2074w0,2026-03-18,Hon. Ms. Holt,192,1.0,0.013372
2026-03-18#t2075w0,2026-03-18,Mr. Savoie,173,1.0,0.029544
2026-03-18#t2076w0,2026-03-18,Hon. Ms. Holt,158,0.0,0.190568
2026-03-18#t2077w0,2026-03-18,Mr. Savoie,167,1.0,0.032197
2026-03-18#t2078w0,2026-03-18,Hon. Ms. Holt,224,1.0,0.014776
2026-03-18#t2079w0,2026-03-18,Mr. Savoie,115,1.0,0.902071
2026-03-18#t2080w0,2026-03-18,Hon. Mr. D’Amours,143,0.0,0.788478
2026-03-18#t2081w0,2026-03-18,Mr. Savoie,189,0.878,0.054149
2026-03-18#t2082w0,2026-03-18,Hon. Mr. D’Amours,168,0.0,0.407003
2026-03-18#t2083w0,2026-03-18,Mr. Savoie,158,1.0,0.772386
2026-03-18#t2084w0,2026-03-18,Hon. Mr. D’Amours,165,0.0,0.699796
2026-03-18#t2085w0,2026-03-18,Mr. Savoie,172,0.703,0.026829
2026-03-18#t2086w0,2026-03-18,Hon. Mr. Legacy,170,0.0,0.029867
2026-03-18#t2087w0,2026-03-18,Mr. Savoie,198,1.0,0.013154
2026-03-18#t2088w0,2026-03-18,Hon. Mr. Legacy,207,0.0,0.236367
2026-03-18#t2089w0,2026-03-18,Mr. Savoie,125,0.6,0.200113
2026-03-18#t2090w0,2026-03-18,Hon. Mr. Legacy,109,1.0,0.228342
2026-03-18#t2091w0,2026-03-18,Mr. Savoie,160,1.0,0.011556
2026-03-18#t2092w0,2026-03-18,Hon. Mr. Legacy,180,1.0,0.044415
2026-03-18#t2093w0,2026-03-18,Mr. Savoie,184,1.0,0.007341
2026-03-18#t2094w0,2026-03-18,Hon. Mr. Legacy,145,1.0,0.032587
2026-03-18#t2095w0,2026-03-18,Ms. M. Johnson,75,1.0,0.99825
2026-03-18#t2096w0,2026-03-18,Hon. Ms. Boudreau,135,0.0,0.483259
2026-03-18#t2097w0,2026-03-18,Ms. M. Johnson,62,1.0,0.999512
2026-03-18#t2098w0,2026-03-18,Hon. Ms. Boudreau,175,0.0,0.543697
2026-03-18#t2099w0,2026-03-18,Ms. M. Johnson,165,1.0,0.097555
2026-03-18#t2100w0,2026-03-18,Hon. Ms. Boudreau,171,0.0,0.359791
2026-03-18#t2101w0,2026-03-18,Mr. Coon,140,1.0,0.662659
2026-03-18#t2102w0,2026-03-18,Hon. Mr. D’Amours,132,0.0,0.166876
2026-03-18#t2103w0,2026-03-18,Mr. Coon,155,1.0,0.027141
2026-03-18#t2104w0,2026-03-18,Hon. Mr. D’Amours,171,0.0,0.870868
2026-03-18#t2105w0,2026-03-18,Ms. Mitton,143,1.0,0.026448
2026-03-18#t2106w0,2026-03-18,Hon. Mr. Legacy,178,1.0,0.016069
2026-03-18#t2107w0,2026-03-18,Ms. Mitton,156,1.0,0.057325
2026-03-18#t2108w0,2026-03-18,Hon. Mr. Legacy,159,1.0,0.086
2026-03-18#t2109w0,2026-03-18,Mr. Hogan,152,1.0,0.025053
2026-03-18#t2110w0,2026-03-18,Hon. Mr. Dornan,162,1.0,0.251568
2026-03-18#t2111w0,2026-03-18,Mr. Hogan,150,1.0,0.040992
2026-03-18#t2112w0,2026-03-18,Hon. Ms. Holt,181,0.978,0.040483
2026-03-18#t2114w0,2026-03-18,Hon. C. Johnson,226,0.0,0.022047
2026-03-18#t2115w0,2026-03-18,Mr. Lee,116,1.0,0.92694
2026-03-18#t2116w0,2026-03-18,Ms. Mitton,150,0.0,0.80115
2026-03-18#t2117w0,2026-03-18,Hon. Mr. Herron,356,0.851,0.759845
2026-03-18#t2118w0,2026-03-18,Mr. Austin,222,1.0,0.022614
2026-03-18#t2119w0,2026-03-18,Mr. Coon,287,1.0,0.01849
2026-03-18#t2119w1,2026-03-18,Mr. Coon,134,1.0,0.082343
2026-03-18#t2120w0,2026-03-18,Hon. Mr. Dornan,152,0.855,0.255787
2026-03-18#t2122w0,2026-03-18,Mr. Hogan,254,1.0,0.036511
2026-03-18#t2123w0,2026-03-18,Mr. Coon,271,1.0,0.119706
2026-03-18#t2124w0,2026-03-18,Hon. Mr. Dornan,244,0.734,0.613598
2026-03-18#t2125w0,2026-03-18,Mr. Hogan,298,1.0,0.047941
2026-03-18#t2126w0,2026-03-18,Mr. Coon,328,0.921,0.014743
2026-03-18#t2128w0,2026-03-18,Hon. Ms. Boudreau,192,0.365,0.081982
2026-03-18#t2129w0,2026-03-18,Ms. Mitton,99,0.333,0.998102
2026-03-18#t2130w0,2026-03-18,Hon. Ms. Townsend,94,1.0,0.901818
2026-03-18#t2133w0,2026-03-18,Mr. Monahan,192,1.0,0.193881
2026-03-18#t2134w0,2026-03-18,Mr. J. LeBlanc,354,0.421,0.566509
2026-03-18#t2134w1,2026-03-18,Mr. J. LeBlanc,340,0.668,0.341548
2026-03-18#t2134w2,2026-03-18,Mr. J. LeBlanc,257,0.957,0.596295
2026-03-18#t2135w0,2026-03-18,Mr. M. LeBlanc,334,0.611,0.897718
2026-03-18#t2135w1,2026-03-18,Mr. M. LeBlanc,353,0.836,0.06349
2026-03-18#t2135w2,2026-03-18,Mr. M. LeBlanc,358,0.718,0.988545
2026-03-18#t2135w3,2026-03-18,Mr. M. LeBlanc,321,0.773,0.840629
2026-03-18#t2135w4,2026-03-18,Mr. M. LeBlanc,352,0.594,0.009722
2026-03-18#t2135w5,2026-03-18,Mr. M. LeBlanc,313,1.0,0.375019
2026-03-18#t2135w6,2026-03-18,Mr. M. LeBlanc,310,0.694,0.613505
2026-03-18#t2135w7,2026-03-18,Mr. M. LeBlanc,308,0.643,0.019186
2026-03-18#t2135w8,2026-03-18,Mr. M. LeBlanc,323,0.796,0.03143
2026-03-18#t2135w9,2026-03-18,Mr. M. LeBlanc,328,0.744,0.025714
2026-03-18#t2135w10,2026-03-18,Mr. M. LeBlanc,321,1.0,0.032447
2026-03-18#t2135w11,2026-03-18,Mr. M. LeBlanc,341,0.578,0.047517
2026-03-18#t2135w12,2026-03-18,Mr. M. LeBlanc,344,0.852,0.068083
2026-03-18#t2135w13,2026-03-18,Mr. M. LeBlanc,243,0.564,0.068927
2026-03-18#t2135w14,2026-03-18,Mr. M. LeBlanc,298,0.668,0.091962
2026-03-18#t2135w15,2026-03-18,Mr. M. LeBlanc,271,0.583,0.02375
2026-03-18#t2135w16,2026-03-18,Mr. M. LeBlanc,346,1.0,0.022898
2026-03-18#t2135w17,2026-03-18,Mr. M. LeBlanc,273,1.0,0.041519
2026-03-18#t2135w18,2026-03-18,Mr. M. LeBlanc,300,0.813,0.197781
2026-03-18#t2135w19,2026-03-18,Mr. M. LeBlanc,339,0.708,0.080334
2026-03-18#t2135w20,2026-03-18,Mr. M. LeBlanc,298,0.628,0.036676
2026-03-18#t2135w21,2026-03-18,Mr. M. LeBlanc,277,1.0,0.031989
2026-03-18#t2135w22,2026-03-18,Mr. M. LeBlanc,209,0.526,0.037671
2026-03-18#t2135w23,2026-03-18,Mr. M. LeBlanc,346,1.0,0.041216
2026-03-18#t2135w24,2026-03-18,Mr. M. LeBlanc,336,0.818,0.015918
2026-03-18#t2135w25,2026-03-18,Mr. M. LeBlanc,301,0.405,0.008825
2026-03-18#t2135w26,2026-03-18,Mr. M. LeBlanc,355,0.741,0.018048
2026-03-18#t2135w27,2026-03-18,Mr. M. LeBlanc,326,0.617,0.095116
2026-03-18#t2135w28,2026-03-18,Mr. M. LeBlanc,278,0.673,0.012137
2026-03-18#t2135w29,2026-03-18,Mr. M. LeBlanc,272,0.89,0.009699
2026-03-19#t2136w0,2026-03-19,Mr. M. LeBlanc,54,0.389,0.999592
2026-03-20#t2137w0,2026-03-20,Ms. Vautour,83,0.0,0.948728
2026-03-20#t2140w0,2026-03-20,Ms. Mitton,65,0.0,0.998377
2026-03-20#t2141w0,2026-03-20,Mr. Savoie,85,0.0,0.972905
2026-03-20#t2143w0,2026-03-20,Hon. Ms. Miles,249,1.0,0.041282
2026-03-20#t2144w0,2026-03-20,Mr. Savoie,120,0.95,0.99614
2026-03-20#t2145w0,2026-03-20,Mr. Johnston,113,0.0,0.763606
2026-03-20#t2146w0,2026-03-20,Ms. M. Johnson,251,1.0,0.138146
2026-03-20#t2147w0,2026-03-20,Ms. Vautour,203,0.0,0.262105
2026-03-20#t2148w0,2026-03-20,Mr. Monahan,148,1.0,0.018401
2026-03-20#t2149w0,2026-03-20,Hon. Mr. Gauvin,124,0.0,0.402237
2026-03-20#t2150w0,2026-03-20,Ms. Bockus,156,1.0,0.103999
2026-03-20#t2151w0,2026-03-20,Mr. Coon,156,0.974,0.12765
2026-03-20#t2152w0,2026-03-20,Ms. Mitton,208,1.0,0.892654
2026-03-20#t2153w0,2026-03-20,Ms. Scott-Wallace,128,1.0,0.050141
2026-03-20#t2154w0,2026-03-20,Ms. Mitton,162,1.0,0.498748
2026-03-20#t2155w0,2026-03-20,Mr. J. LeBlanc,154,0.0,0.347976
2026-03-20#t2156w0,2026-03-20,Mr. Weir,143,1.0,0.444212
2026-03-20#t2157w0,2026-03-20,Ms. Vautour,164,0.0,0.170842
2026-03-20#t2158w0,2026-03-20,Ms. Conroy,153,1.0,0.695255
2026-03-20#t2159w0,2026-03-20,Mr. Robichaud,127,0.425,0.267543
2026-03-20#t2160w0,2026-03-20,Mr. Austin,138,1.0,0.272145
2026-03-20#t2161w0,2026-03-20,Mr. Johnston,147,1.0,0.284738
2026-03-20#t2162w0,2026-03-20,Mr. Hogan,142,1.0,0.684581
2026-03-20#t2163w0,2026-03-20,Mr. Savoie,145,0.945,0.341376
2026-03-20#t2164w0,2026-03-20,Hon. Ms. Holt,166,1.0,0.094652
2026-03-20#t2165w0,2026-03-20,Mr. Savoie,136,1.0,0.030201
2026-03-20#t2166w0,2026-03-20,Hon. Ms. Holt,179,0.0,0.100928
2026-03-20#t2167w0,2026-03-20,Mr. Savoie,153,0.771,0.974872
2026-03-20#t2168w0,2026-03-20,Hon. Ms. Holt,190,1.0,0.017862
2026-03-20#t2169w0,2026-03-20,Mr. Savoie,126,1.0,0.792464
2026-03-20#t2170w0,2026-03-20,Hon. Mr. Finnigan,134,0.0,0.07386
2026-03-20#t2171w0,2026-03-20,Mr. Savoie,149,1.0,0.091186
2026-03-20#t2172w0,2026-03-20,Hon. Mr. Finnigan,163,0.975,0.068136
2026-03-20#t2173w0,2026-03-20,Mr. Savoie,155,1.0,0.704577
2026-03-20#t2174w0,2026-03-20,Hon. Mr. Finnigan,166,1.0,0.031175
2026-03-20#t2175w0,2026-03-20,Ms. Scott-Wallace,174,1.0,0.009432
2026-03-20#t2176w0,2026-03-20,Hon. Mr. Finnigan,137,0.985,0.103536
2026-03-20#t2177w0,2026-03-20,Ms. Scott-Wallace,207,1.0,0.071384
2026-03-20#t2178w0,2026-03-20,Hon. Mr. McKee,142,1.0,0.074739
2026-03-20#t2181w0,2026-03-20,Ms. Scott-Wallace,173,1.0,0.022507
2026-03-20#t2182w0,2026-03-20,Hon. Mr. Gauvin,186,0.0,0.876218
2026-03-20#t2183w0,2026-03-20,Mr. Hogan,137,1.0,0.029032
2026-03-20#t2184w0,2026-03-20,Hon. Mr. Dornan,115,1.0,0.172895
2026-03-20#t2185w0,2026-03-20,Mr. Hogan,160,1.0,0.099715
2026-03-20#t2186w0,2026-03-20,Hon. Mr. Dornan,73,1.0,0.996745
2026-03-20#t2187w0,2026-03-20,Mr. Hogan,94,1.0,0.997425
2026-03-20#t2188w0,2026-03-20,Hon. Mr. Dornan,64,1.0,0.993952
2026-03-20#t2189w0,2026-03-20,Mr. Lee,165,1.0,0.091083
2026-03-20#t2190w0,2026-03-20,Hon. C. Johnson,83,1.0,0.998389
2026-03-20#t2191w0,2026-03-20,Mr. Lee,143,1.0,0.355841
2026-03-20#t2192w0,2026-03-20,Hon. C. Johnson,132,0.0,0.213512
2026-03-20#t2193w0,2026-03-20,Mr. Lee,166,1.0,0.646113
2026-03-20#t2195w0,2026-03-20,Mr. Monahan,156,1.0,0.504638
2026-03-20#t2196w0,2026-03-20,Hon. Ms. Holt,214,1.0,0.022826
2026-03-20#t2198w0,2026-03-20,Hon. Ms. Thériault,153,0.373,0.391993
2026-03-20#t2199w0,2026-03-20,Ms. M. Wilson,172,1.0,0.350173
2026-03-20#t2200w0,2026-03-20,Ms. Mitton,155,1.0,0.775525
2026-03-20#t2201w0,2026-03-20,Hon. Ms. Miles,170,0.829,0.376279
2026-03-20#t2202w0,2026-03-20,Ms. M. Johnson,198,0.97,0.077504
2026-03-20#t2203w0,2026-03-20,Mr. Coon,187,0.979,0.012052
2026-03-20#t2204w0,2026-03-20,Hon. Mr. Gauvin,159,0.0,0.642056
2026-03-20#t2205w0,2026-03-20,Mr. Hogan,107,0.0,0.552606
2026-03-20#t2206w0,2026-03-20,Ms. Mitton,165,0.448,0.642832
2026-03-20#t2207w0,2026-03-20,Mr. M. LeBlanc,282,0.135,0.682123
2026-03-20#t2207w1,2026-03-20,Mr. M. LeBlanc,339,0.0,0.016805
2026-03-20#t2208w0,2026-03-20,Ms. Scott-Wallace,333,1.0,0.019296
2026-03-20#t2208w1,2026-03-20,Ms. Scott-Wallace,245,1.0,0.012353
2026-03-20#t2208w2,2026-03-20,Ms. Scott-Wallace,255,1.0,0.012473
2026-03-20#t2208w3,2026-03-20,Ms. Scott-Wallace,357,1.0,0.024783
2026-03-20#t2208w4,2026-03-20,Ms. Scott-Wallace,163,1.0,0.254043
2026-03-20#t2209w0,2026-03-20,Mr. Coon,272,1.0,0.010977
2026-03-20#t2209w1,2026-03-20,Mr. Coon,341,1.0,0.171222
2026-03-20#t2209w2,2026-03-20,Mr. Coon,350,0.806,0.018468
2026-03-20#t2209w3,2026-03-20,Mr. Coon,317,0.896,0.015786
2026-03-20#t2209w4,2026-03-20,Mr. Coon,331,0.849,0.523892
2026-03-20#t2209w5,2026-03-20,Mr. Coon,301,0.917,0.684673
2026-03-20#t2210w0,2026-03-20,Mr. Hogan,339,1.0,0.012982
2026-03-20#t2210w1,2026-03-20,Mr. Hogan,97,1.0,0.995595
2026-03-20#t2211w0,2026-03-20,Mr. Coon,310,0.987,0.013471
2026-03-20#t2211w1,2026-03-20,Mr. Coon,332,1.0,0.011007
2026-03-20#t2211w2,2026-03-20,Mr. Coon,217,1.0,0.016543
2026-03-20#t2212w0,2026-03-20,Mr. Coon,122,1.0,0.686176
2026-03-20#t2214w0,2026-03-20,Madam Speaker,313,0.859,0.024299
2026-03-20#t2214w1,2026-03-20,Madam Speaker,316,0.873,0.968934
2026-03-20#t2214w2,2026-03-20,Madam Speaker,260,0.927,0.027191
2026-03-20#t2214w3,2026-03-20,Madam Speaker,338,0.861,0.011105
2026-03-20#t2214w4,2026-03-20,Madam Speaker,310,1.0,0.016188
2026-03-20#t2214w5,2026-03-20,Madam Speaker,348,1.0,0.021448
2026-03-20#t2214w6,2026-03-20,Madam Speaker,336,1.0,0.03975
2026-03-20#t2214w7,2026-03-20,Madam Speaker,316,0.684,0.119148
2026-03-20#t2214w8,2026-03-20,Madam Speaker,322,1.0,0.082402
2026-03-20#t2214w9,2026-03-20,Madam Speaker,331,0.867,0.066282
2026-03-20#t2214w10,2026-03-20,Madam Speaker,301,0.817,0.220232
2026-03-20#t2214w11,2026-03-20,Madam Speaker,342,1.0,0.011251
2026-03-20#t2214w12,2026-03-20,Madam Speaker,304,1.0,0.106113
2026-03-20#t2214w13,2026-03-20,Madam Speaker,312,1.0,0.150209
2026-03-20#t2214w14,2026-03-20,Madam Speaker,270,0.985,0.039345
2026-03-20#t2216w0,2026-03-20,Hon. Mr. Dornan,348,0.945,0.007701
2026-03-20#t2216w1,2026-03-20,Hon. Mr. Dornan,349,0.903,0.015507
2026-03-20#t2216w2,2026-03-20,Hon. Mr. Dornan,289,0.955,0.007057
2026-03-20#t2216w3,2026-03-20,Hon. Mr. Dornan,235,1.0,0.007039
2026-03-20#t2216w4,2026-03-20,Hon. Mr. Dornan,325,0.954,0.014558
2026-03-20#t2216w5,2026-03-20,Hon. Mr. Dornan,354,0.963,0.024102
2026-03-20#t2216w6,2026-03-20,Hon. Mr. Dornan,302,0.914,0.013092
2026-03-20#t2216w7,2026-03-20,Hon. Mr. Dornan,291,0.883,0.012313
2026-03-20#t2216w8,2026-03-20,Hon. Mr. Dornan,241,1.0,0.01762
2026-03-20#t2216w9,2026-03-20,Hon. Mr. Dornan,333,1.0,0.029283
2026-03-20#t2216w10,2026-03-20,Hon. Mr. Dornan,345,0.881,0.024906
2026-03-20#t2217w0,2026-03-20,Mr. Savoie,319,0.746,0.017396
2026-03-20#t2217w1,2026-03-20,Mr. Savoie,226,1.0,0.014199
2026-03-20#t2217w2,2026-03-20,Mr. Savoie,232,1.0,0.045862
2026-03-20#t2217w3,2026-03-20,Mr. Savoie,328,1.0,0.027016
2026-03-20#t2217w4,2026-03-20,Mr. Savoie,273,1.0,0.015087
2026-03-20#t2218w0,2026-03-20,Mr. Doucet,59,0.0,0.989852
2026-03-20#t2221w0,2026-03-20,Mr. Deputy Speaker,56,0.0,0.999219
2026-03-20#t2222w0,2026-03-20,Mr. Savoie,87,1.0,0.944247
2026-03-20#t2223w0,2026-03-20,M. Savoie,260,0.988,0.0595
2026-03-20#t2223w1,2026-03-20,M. Savoie,333,1.0,0.017006
2026-03-20#t2223w2,2026-03-20,M. Savoie,230,1.0,0.018224
2026-03-20#t2223w3,2026-03-20,M. Savoie,328,1.0,0.017142
2026-03-20#t2223w4,2026-03-20,M. Savoie,284,1.0,0.021856
2026-03-20#t2223w5,2026-03-20,M. Savoie,337,1.0,0.016261
2026-03-20#t2223w6,2026-03-20,M. Savoie,336,1.0,0.494771
2026-03-20#t2223w7,2026-03-20,M. Savoie,297,1.0,0.03097
2026-03-20#t2223w8,2026-03-20,M. Savoie,302,1.0,0.110488
2026-03-20#t2223w9,2026-03-20,M. Savoie,209,1.0,0.009069
2026-03-20#t2224w0,2026-03-20,Mr. Savoie,348,1.0,0.025657
2026-03-20#t2224w1,2026-03-20,Mr. Savoie,306,1.0,0.14756
2026-03-20#t2224w2,2026-03-20,Mr. Savoie,304,1.0,0.024457
2026-03-20#t2224w3,2026-03-20,Mr. Savoie,348,1.0,0.033323
2026-03-20#t2224w4,2026-03-20,Mr. Savoie,187,1.0,0.016232
2026-03-20#t2226w0,2026-03-20,Mr. Savoie,116,1.0,0.513621
2026-03-20#t2228w0,2026-03-20,Hon. Ms. Miles,327,1.0,0.264517
2026-03-20#t2228w1,2026-03-20,Hon. Ms. Miles,339,0.829,0.127616
2026-03-20#t2228w2,2026-03-20,Hon. Ms. Miles,353,1.0,0.100247
2026-03-20#t2228w3,2026-03-20,Hon. Ms. Miles,249,0.799,0.929194
2026-03-20#t2228w4,2026-03-20,Hon. Ms. Miles,352,1.0,0.136088
2026-03-20#t2228w5,2026-03-20,Hon. Ms. Miles,272,0.838,0.827438
2026-03-20#t2229w0,2026-03-20,Hon. Ms. Miles,286,0.731,0.419203
2026-03-20#t2229w1,2026-03-20,Hon. Ms. Miles,154,1.0,0.516214
2026-03-20#t2230w0,2026-03-20,Hon. Ms. Miles,240,1.0,0.223457
2026-03-20#t2232w0,2026-03-20,Ms. M. Johnson,78,1.0,0.842909
2026-03-20#t2233w0,2026-03-20,Ms. M. Johnson,185,1.0,0.426883
2026-03-20#t2234w0,2026-03-20,Ms. M. Johnson,281,1.0,0.041926
2026-03-20#t2234w1,2026-03-20,Ms. M. Johnson,350,0.843,0.009633
2026-03-20#t2234w2,2026-03-20,Ms. M. Johnson,328,1.0,0.241639
2026-03-20#t2234w3,2026-03-20,Ms. M. Johnson,338,1.0,0.256368
2026-03-20#t2234w4,2026-03-20,Ms. M. Johnson,332,0.714,0.771389
2026-03-20#t2234w5,2026-03-20,Ms. M. Johnson,337,1.0,0.023011
2026-03-20#t2234w6,2026-03-20,Ms. M. Johnson,284,1.0,0.068472
2026-03-20#t2234w7,2026-03-20,Ms. M. Johnson,292,0.729,0.989768
2026-03-20#t2234w8,2026-03-20,Ms. M. Johnson,320,1.0,0.06641
2026-03-20#t2234w9,2026-03-20,Ms. M. Johnson,311,1.0,0.226201
2026-03-20#t2235w0,2026-03-20,Ms. M. Johnson,319,1.0,0.79753
2026-03-20#t2235w1,2026-03-20,Ms. M. Johnson,327,1.0,0.160376
2026-03-20#t2235w2,2026-03-20,Ms. M. Johnson,352,0.611,0.019903
2026-03-20#t2235w3,2026-03-20,Ms. M. Johnson,327,1.0,0.019479
2026-03-20#t2235w4,2026-03-20,Ms. M. Johnson,315,1.0,0.03558
2026-03-20#t2235w5,2026-03-20,Ms. M. Johnson,154,1.0,0.284452
2026-03-20#t2236w0,2026-03-20,Ms. Vautour,358,0.061,0.095447
2026-03-20#t2236w1,2026-03-20,Ms. Vautour,314,0.42,0.181927
2026-03-20#t2236w2,2026-03-20,Ms. Vautour,295,0.098,0.572295
2026-03-20#t2236w3,2026-03-20,Ms. Vautour,281,0.0,0.05134
2026-03-20#t2236w4,2026-03-20,Ms. Vautour,321,0.495,0.163191
2026-03-20#t2236w5,2026-03-20,Ms. Vautour,352,0.0,0.634989
2026-03-20#t2236w6,2026-03-20,Ms. Vautour,310,0.0,0.036004
2026-03-20#t2236w7,2026-03-20,Ms. Vautour,339,0.0,0.149391
2026-03-20#t2236w8,2026-03-20,Ms. Vautour,145,0.0,0.983571
2026-03-24#t2238w0,2026-03-24,Hon. Mr. Gauvin,153,1.0,0.035993
2026-03-24#t2239w0,2026-03-24,Mr. Austin,151,1.0,0.021387
2026-03-24#t2240w0,2026-03-24,Hon. Mr. McKee,164,1.0,0.123439
2026-03-24#t2241w0,2026-03-24,Ms. Wilcott,143,1.0,0.039531
2026-03-24#t2242w0,2026-03-24,Mr. Bourque,56,1.0,0.991183
2026-03-24#t2243w0,2026-03-24,Hon. Mr. Gauvin,271,1.0,0.030775
2026-03-24#t2244w0,2026-03-24,Ms. M. Johnson,274,0.993,0.617428
2026-03-24#t2245w0,2026-03-24,Mr. Coon,173,0.977,0.165501
2026-03-24#t2246w0,2026-03-24,Hon. Ms. Miles,241,1.0,0.169975
2026-03-24#t2247w0,2026-03-24,Ms. Conroy,271,1.0,0.030003
2026-03-24#t2248w0,2026-03-24,Mr. Johnston,212,0.981,0.065736
2026-03-24#t2249w0,2026-03-24,Mr. Monahan,171,1.0,0.365063
2026-03-24#t2250w0,2026-03-24,Hon. C. Johnson,126,0.0,0.947492
2026-03-24#t2251w0,2026-03-24,Mr. Russell,132,1.0,0.428869
2026-03-24#t2252w0,2026-03-24,Ms. Mitton,163,1.0,0.313844
2026-03-24#t2253w0,2026-03-24,Mr. Russell,146,1.0,0.041471
2026-03-24#t2254w0,2026-03-24,Ms. Mitton,165,1.0,0.031228
2026-03-24#t2255w0,2026-03-24,Ms. Sodhi,131,1.0,0.060587
2026-03-24#t2256w0,2026-03-24,Ms. M. Johnson,205,1.0,0.015319
2026-03-24#t2257w0,2026-03-24,Ms. Wilcott,157,1.0,0.154079
2026-03-24#t2258w0,2026-03-24,Mr. Austin,161,1.0,0.737739
2026-03-24#t2259w0,2026-03-24,Mr. Bourque,148,0.0,0.640952
2026-03-24#t2260w0,2026-03-24,Mr. Cullins,159,0.975,0.494769
2026-03-24#t2261w0,2026-03-24,Mr. Mallet,138,0.0,0.060004
2026-03-24#t2262w0,2026-03-24,Ms. S. Wilson,149,0.973,0.126743
2026-03-24#t2263w0,2026-03-24,Mr. Savoie,181,0.956,0.042023
2026-03-24#t2264w0,2026-03-24,Hon. Ms. Holt,199,1.0,0.020425
2026-03-24#t2265w0,2026-03-24,Mr. Savoie,132,1.0,0.322918
2026-03-24#t2266w0,2026-03-24,Hon. Ms. Holt,157,0.0,0.024609
2026-03-24#t2267w0,2026-03-24,Mr. Savoie,169,1.0,0.035106
2026-03-24#t2268w0,2026-03-24,Hon. Mr. Finnigan,138,0.971,0.820192
2026-03-24#t2269w0,2026-03-24,Mr. Savoie,112,0.893,0.90538
2026-03-24#t2270w0,2026-03-24,Hon. Mr. Finnigan,135,0.941,0.261066
2026-03-24#t2271w0,2026-03-24,Mr. Savoie,165,1.0,0.789287
2026-03-24#t2272w0,2026-03-24,Hon. Mr. Finnigan,117,0.051,0.972642
2026-03-24#t2273w0,2026-03-24,Mr. Savoie,168,1.0,0.41575
2026-03-24#t2274w0,2026-03-24,Hon. Mr. Finnigan,112,0.0,0.993087
2026-03-24#t2275w0,2026-03-24,Mr. Austin,167,1.0,0.88621
2026-03-24#t2276w0,2026-03-24,Hon. C. Chiasson,166,1.0,0.229216
2026-03-24#t2277w0,2026-03-24,Mr. Austin,150,1.0,0.726062
2026-03-24#t2278w0,2026-03-24,Hon. C. Chiasson,159,1.0,0.104014
2026-03-24#t2279w0,2026-03-24,Mr. Austin,232,1.0,0.031808
2026-03-24#t2280w0,2026-03-24,Hon. C. Chiasson,143,1.0,0.240822
2026-03-24#t2281w0,2026-03-24,Ms. Scott-Wallace,161,1.0,0.023114
2026-03-24#t2282w0,2026-03-24,Hon. Mr. Finnigan,143,0.559,0.979987
2026-03-24#t2283w0,2026-03-24,Ms. Scott-Wallace,185,1.0,0.140382
2026-03-24#t2284w0,2026-03-24,Hon. K. Chiasson,138,1.0,0.024763
2026-03-24#t2285w0,2026-03-24,Ms. Scott-Wallace,189,1.0,0.126208
2026-03-24#t2286w0,2026-03-24,Hon. Mr. Hickey,145,1.0,0.996838
2026-03-24#t2288w0,2026-03-24,Mr. Coon,145,1.0,0.067313
2026-03-24#t2289w0,2026-03-24,Hon. Mr. LePage,144,0.0,0.844181
2026-03-24#t2290w0,2026-03-24,Mr. Coon,156,1.0,0.3353
2026-03-24#t2291w0,2026-03-24,Hon. Mr. LePage,142,0.0,0.052954
2026-03-24#t2292w0,2026-03-24,Mr. Monahan,134,1.0,0.664676
2026-03-24#t2293w0,2026-03-24,Hon. Mr. Kennedy,186,1.0,0.260991
2026-03-24#t2295w0,2026-03-24,Madam Speaker,258,0.69,0.010154
2026-03-24#t2295w1,2026-03-24,Madam Speaker,224,0.888,0.137543
2026-03-24#t2296w0,2026-03-24,Ms. Conroy,246,1.0,0.047553
2026-03-24#t2297w0,2026-03-24,Ms. Mitton,332,1.0,0.044873
2026-03-24#t2298w0,2026-03-24,Hon. Mr. Herron,265,0.811,0.03331
2026-03-24#t2298w1,2026-03-24,Hon. Mr. Herron,138,0.971,0.813697
2026-03-24#t2299w0,2026-03-24,Mr. Austin,265,1.0,0.028825
2026-03-24#t2299w1,2026-03-24,Mr. Austin,248,1.0,0.013567
2026-03-24#t2300w0,2026-03-24,Mr. Coon,334,1.0,0.035123
2026-03-24#t2300w1,2026-03-24,Mr. Coon,54,1.0,0.999263
2026-03-24#t2301w0,2026-03-24,Hon. Mr. Dornan,292,0.877,0.016658
2026-03-24#t2302w0,2026-03-24,Mr. Hogan,335,1.0,0.034041
2026-03-24#t2303w0,2026-03-24,Mr. Coon,360,0.989,0.045603
2026-03-24#t2304w0,2026-03-24,Mr. Coon,327,1.0,0.021816
2026-03-24#t2304w1,2026-03-24,Mr. Coon,252,0.857,0.49335
2026-03-24#t2305w0,2026-03-24,Mr. M. LeBlanc,329,0.796,0.134659
2026-03-24#t2305w1,2026-03-24,Mr. M. LeBlanc,345,1.0,0.023349
2026-03-24#t2305w2,2026-03-24,Mr. M. LeBlanc,324,1.0,0.039511
2026-03-24#t2305w3,2026-03-24,Mr. M. LeBlanc,208,0.981,0.645845
2026-03-24#t2306w0,2026-03-24,Mr. Cullins,356,1.0,0.008387
2026-03-24#t2306w1,2026-03-24,Mr. Cullins,154,1.0,0.996953
2026-03-24#t2307w0,2026-03-24,Ms. Mitton,282,0.986,0.027682
2026-03-24#t2307w1,2026-03-24,Ms. Mitton,328,0.637,0.942137
2026-03-24#t2307w2,2026-03-24,Ms. Mitton,246,0.626,0.088212
2026-03-24#t2308w0,2026-03-24,Mr. Weir,352,1.0,0.012067
2026-03-24#t2308w1,2026-03-24,Mr. Weir,266,1.0,0.08094
2026-03-24#t2309w0,2026-03-24,Ms. Mitton,339,0.838,0.72121
2026-03-24#t2309w1,2026-03-24,Ms. Mitton,320,0.728,0.036672
2026-03-24#t2309w2,2026-03-24,Ms. Mitton,321,0.234,0.012022
2026-03-24#t2310w0,2026-03-24,Mr. Weir,303,1.0,0.011923
2026-03-24#t2310w1,2026-03-24,Mr. Weir,328,1.0,0.021422
2026-03-24#t2310w2,2026-03-24,Mr. Weir,314,0.911,0.012308
2026-03-24#t2310w3,2026-03-24,Mr. Weir,294,0.69,0.050969
2026-03-24#t2310w4,2026-03-24,Mr. Weir,350,0.511,0.047042
2026-03-24#t2311w0,2026-03-24,Mr. Weir,321,1.0,0.015158
2026-03-24#t2311w1,2026-03-24,Mr. Weir,324,1.0,0.088673
2026-03-24#t2314w0,2026-03-24,Madam Speaker,323,0.0,0.586122
2026-03-24#t2314w1,2026-03-24,Madam Speaker,292,0.0,0.026489
2026-03-24#t2314w2,2026-03-24,Madam Speaker,292,0.0,0.084671
2026-03-24#t2314w3,2026-03-24,Madam Speaker,350,0.026,0.559142
2026-03-24#t2314w4,2026-03-24,Madam Speaker,332,0.0,0.103043
2026-03-24#t2314w5,2026-03-24,Madam Speaker,359,0.164,0.012905
2026-03-24#t2314w6,2026-03-24,Madam Speaker,278,0.0,0.030798
2026-03-24#t2314w7,2026-03-24,Madam Speaker,327,0.0,0.097869
2026-03-24#t2314w8,2026-03-24,Madam Speaker,91,0.0,0.996567
2026-03-24#t2317w0,2026-03-24,Mr. Austin,283,1.0,0.00985
2026-03-24#t2317w1,2026-03-24,Mr. Austin,100,1.0,0.600902
2026-03-24#t2318w0,2026-03-24,Mr. Austin,272,1.0,0.062154
2026-03-24#t2318w1,2026-03-24,Mr. Austin,356,1.0,0.010967
2026-03-24#t2318w2,2026-03-24,Mr. Austin,292,1.0,0.028012
2026-03-24#t2318w3,2026-03-24,Mr. Austin,291,1.0,0.068432
2026-03-24#t2318w4,2026-03-24,Mr. Austin,281,1.0,0.0123
2026-03-24#t2318w5,2026-03-24,Mr. Austin,274,1.0,0.055544
2026-03-24#t2318w6,2026-03-24,Mr. Austin,273,1.0,0.028096
2026-03-24#t2318w7,2026-03-24,Mr. Austin,307,1.0,0.024428
2026-03-24#t2318w8,2026-03-24,Mr. Austin,249,1.0,0.021027
2026-03-24#t2318w9,2026-03-24,Mr. Austin,216,1.0,0.05999
2026-03-24#t2318w10,2026-03-24,Mr. Austin,181,1.0,0.01021
2026-03-24#t2319w0,2026-03-24,Mr. Austin,353,1.0,0.015536
2026-03-24#t2319w1,2026-03-24,Mr. Austin,271,1.0,0.063328
2026-03-24#t2319w2,2026-03-24,Mr. Austin,178,1.0,0.063727
2026-03-24#t2320w0,2026-03-24,Mr. Austin,293,1.0,0.027643
2026-03-24#t2320w1,2026-03-24,Mr. Austin,215,1.0,0.012596
2026-03-24#t2321w0,2026-03-24,Mr. Austin,350,1.0,0.026451
2026-03-24#t2321w1,2026-03-24,Mr. Austin,341,1.0,0.021013
2026-03-24#t2321w2,2026-03-24,Mr. Austin,321,1.0,0.04545
2026-03-24#t2321w3,2026-03-24,Mr. Austin,90,1.0,0.870659
2026-03-24#t2322w0,2026-03-24,Ms. Mitton,242,1.0,0.021456
2026-03-24#t2322w1,2026-03-24,Ms. Mitton,292,1.0,0.14224
2026-03-24#t2322w2,2026-03-24,Ms. Mitton,296,1.0,0.064721
2026-03-24#t2322w3,2026-03-24,Ms. Mitton,338,0.604,0.181394
2026-03-24#t2322w4,2026-03-24,Ms. Mitton,247,1.0,0.3524
2026-03-24#t2322w5,2026-03-24,Ms. Mitton,313,0.709,0.046129
2026-03-24#t2322w6,2026-03-24,Ms. Mitton,338,1.0,0.067215
2026-03-24#t2322w7,2026-03-24,Ms. Mitton,311,1.0,0.02618
2026-03-24#t2322w8,2026-03-24,Ms. Mitton,317,1.0,0.063611
2026-03-24#t2322w9,2026-03-24,Ms. Mitton,338,0.84,0.051371
2026-03-24#t2322w10,2026-03-24,Ms. Mitton,286,0.846,0.091601
2026-03-24#t2322w11,2026-03-24,Ms. Mitton,318,1.0,0.1159
2026-03-24#t2322w12,2026-03-24,Ms. Mitton,329,1.0,0.026748
2026-03-24#t2322w13,2026-03-24,Ms. Mitton,347,0.896,0.021857
2026-03-24#t2323w0,2026-03-24,Ms. Wilcott,275,1.0,0.026349
2026-03-24#t2323w1,2026-03-24,Ms. Wilcott,350,1.0,0.027383
2026-03-24#t2323w2,2026-03-24,Ms. Wilcott,298,1.0,0.180672
2026-03-24#t2323w3,2026-03-24,Ms. Wilcott,330,1.0,0.01524
2026-03-24#t2323w4,2026-03-24,Ms. Wilcott,351,1.0,0.017089
2026-03-24#t2323w5,2026-03-24,Ms. Wilcott,267,1.0,0.021435
2026-03-24#t2323w6,2026-03-24,Ms. Wilcott,342,1.0,0.020695
2026-03-24#t2323w7,2026-03-24,Ms. Wilcott,166,1.0,0.006822
2026-03-24#t2323w8,2026-03-24,Ms. Wilcott,286,1.0,0.027829
2026-03-24#t2323w9,2026-03-24,Ms. Wilcott,261,1.0,0.246641
2026-03-24#t2324w0,2026-03-24,Ms. Wilcott,303,1.0,0.118767
2026-03-24#t2324w1,2026-03-24,Ms. Wilcott,294,1.0,0.048769
2026-03-24#t2324w2,2026-03-24,Ms. Wilcott,198,0.657,0.570351
2026-03-24#t2325w0,2026-03-24,Ms. S. Wilson,281,1.0,0.750991
2026-03-24#t2325w1,2026-03-24,Ms. S. Wilson,326,1.0,0.036218
2026-03-24#t2325w2,2026-03-24,Ms. S. Wilson,310,1.0,0.968389
2026-03-24#t2325w3,2026-03-24,Ms. S. Wilson,333,1.0,0.015934
2026-03-24#t2325w4,2026-03-24,Ms. S. Wilson,347,1.0,0.020044
2026-03-24#t2325w5,2026-03-24,Ms. S. Wilson,283,1.0,0.069419
2026-03-24#t2326w0,2026-03-24,Ms. S. Wilson,88,1.0,0.643367
2026-03-24#t2327w0,2026-03-24,,350,1.0,0.023916
2026-03-24#t2327w1,2026-03-24,,333,1.0,0.052275
2026-03-24#t2327w2,2026-03-24,,335,1.0,0.045936
2026-03-24#t2327w3,2026-03-24,,61,1.0,0.999471
2026-03-24#t2328w0,2026-03-24,Mr. M. LeBlanc,166,1.0,0.096031
2026-03-24#t2329w0,2026-03-24,Mr. M. LeBlanc,68,1.0,0.999314
2026-03-24#t2330w0,2026-03-24,Mr. M. LeBlanc,98,1.0,0.986016
2026-03-24#t2332w0,2026-03-24,Mr. M. LeBlanc,293,1.0,0.006886
2026-03-24#t2332w1,2026-03-24,Mr. M. LeBlanc,143,1.0,0.012151
2026-03-24#t2333w0,2026-03-24,Mr. M. LeBlanc,81,1.0,0.927617
2026-03-25#t2335w0,2026-03-25,Hon. Mr. D’Amours,161,0.584,0.009821
2026-03-25#t2337w0,2026-03-25,Mr. Doucet,211,0.0,0.101213
2026-03-25#t2338w0,2026-03-25,Ms. M. Johnson,214,1.0,0.379666
2026-03-25#t2339w0,2026-03-25,Mr. Coon,162,1.0,0.052625
2026-03-25#t2340w0,2026-03-25,Ms. Scott-Wallace,176,1.0,0.68359
2026-03-25#t2341w0,2026-03-25,Hon. Ms. Boudreau,124,0.194,0.585735
2026-03-25#t2342w0,2026-03-25,Mr. Russell,129,1.0,0.99368
2026-03-25#t2343w0,2026-03-25,Ms. Mitton,132,1.0,0.746178
2026-03-25#t2344w0,2026-03-25,Ms. Wilcott,158,1.0,0.43676
2026-03-25#t2345w0,2026-03-25,Mr. Hogan,120,0.967,0.850153
2026-03-25#t2346w0,2026-03-25,Mr. Mallet,288,0.747,0.918137
2026-03-25#t2347w0,2026-03-25,Mr. Ames,175,1.0,0.442727
2026-03-25#t2348w0,2026-03-25,Mr. Coon,186,1.0,0.132405
2026-03-25#t2349w0,2026-03-25,Mr. Doucet,165,1.0,0.102848
2026-03-25#t2350w0,2026-03-25,Ms. M. Wilson,150,1.0,0.396761
2026-03-25#t2351w0,2026-03-25,Mr. J. LeBlanc,137,0.54,0.57262
2026-03-25#t2352w0,2026-03-25,Mr. Lee,186,1.0,0.969061
2026-03-25#t2353w0,2026-03-25,Ms. Vautour,148,0.439,0.07971
2026-03-25#t2354w0,2026-03-25,Ms. Bockus,140,1.0,0.280861
2026-03-25#t2355w0,2026-03-25,Mr. Robichaud,159,0.528,0.242165
2026-03-25#t2356w0,2026-03-25,Mr. Monahan,138,1.0,0.029913
2026-03-25#t2357w0,2026-03-25,Mr. Savoie,169,0.953,0.022429
2026-03-25#t2358w0,2026-03-25,Hon. Ms. Holt,150,1.0,0.07363
2026-03-25#t2359w0,2026-03-25,Mr. Savoie,157,1.0,0.505225
2026-03-25#t2360w0,2026-03-25,Hon. Ms. Holt,149,0.0,0.205509
2026-03-25#t2361w0,2026-03-25,Mr. Savoie,161,0.963,0.375538
2026-03-25#t2362w0,2026-03-25,Hon. Ms. Holt,169,0.444,0.168761
2026-03-25#t2363w0,2026-03-25,Mr. Hogan,128,1.0,0.129511
2026-03-25#t2364w0,2026-03-25,Hon. Mr. Dornan,114,1.0,0.247195
2026-03-25#t2365w0,2026-03-25,Mr. Hogan,131,1.0,0.251901
2026-03-25#t2366w0,2026-03-25,Hon. Mr. Dornan,103,1.0,0.64789
2026-03-25#t2367w0,2026-03-25,Mr. Hogan,154,1.0,0.371916
2026-03-25#t2368w0,2026-03-25,Hon. Mr. Dornan,104,1.0,0.470271
2026-03-25#t2369w0,2026-03-25,Ms. M. Johnson,169,1.0,0.112258
2026-03-25#t2370w0,2026-03-25,Hon. Ms. Boudreau,110,0.0,0.989815
2026-03-25#t2371w0,2026-03-25,Ms. M. Johnson,125,0.952,0.647789
2026-03-25#t2372w0,2026-03-25,Hon. Ms. Boudreau,117,0.0,0.930135
2026-03-25#t2373w0,2026-03-25,Ms. M. Johnson,136,1.0,0.077798
2026-03-25#t2374w0,2026-03-25,Hon. Ms. Boudreau,157,0.0,0.663505
2026-03-25#t2375w0,2026-03-25,Ms. Mitton,150,1.0,0.155706
2026-03-25#t2376w0,2026-03-25,Hon. Mr. Legacy,143,1.0,0.104312
2026-03-25#t2378w0,2026-03-25,Ms. Mitton,158,1.0,0.381911
2026-03-25#t2379w0,2026-03-25,Hon. Mr. Randall,148,1.0,0.192683
2026-03-25#t2380w0,2026-03-25,Ms. Mitton,111,0.099,0.9666
2026-03-25#t2381w0,2026-03-25,Hon. Mr. Legacy,108,0.0,0.926247
2026-03-25#t2382w0,2026-03-25,Ms. M. Wilson,175,1.0,0.02478
2026-03-25#t2383w0,2026-03-25,Hon. Ms. Thériault,140,0.0,0.091268
2026-03-25#t2384w0,2026-03-25,Ms. M. Wilson,171,1.0,0.468257
2026-03-25#t2385w0,2026-03-25,Hon. Ms. Thériault,133,0.0,0.172622
2026-03-25#t2386w0,2026-03-25,Ms. M. Wilson,72,1.0,0.854678
2026-03-25#t2387w0,2026-03-25,Hon. Ms. Thériault,162,0.0,0.255639
2026-03-25#t2388w0,2026-03-25,Mr. Savoie,151,0.96,0.120173
2026-03-25#t2389w0,2026-03-25,Hon. Ms. Holt,193,1.0,0.03093
2026-03-25#t2391w0,2026-03-25,Hon. Mr. D’Amours,270,0.304,0.072053
2026-03-25#t2392w0,2026-03-25,Ms. M. Wilson,260,1.0,0.016166
2026-03-25#t2393w0,2026-03-25,Mr. Coon,216,0.931,0.02252
2026-03-25#t2394w0,2026-03-25,Hon. Ms. Boudreau,181,0.0,0.070148
2026-03-25#t2395w0,2026-03-25,Ms. M. Johnson,238,0.975,0.017993
2026-03-25#t2396w0,2026-03-25,Ms. Mitton,209,0.981,0.071098
2026-03-25#t2397w0,2026-03-25,Hon. Mr. Kennedy,270,0.667,0.038407
2026-03-25#t2398w0,2026-03-25,Mr. Russell,240,1.0,0.060157
2026-03-25#t2399w0,2026-03-25,Mr. Coon,221,0.982,0.042161
2026-03-25#t2400w0,2026-03-25,Ms. S. Wilson,98,1.0,0.995153
2026-03-25#t2401w0,2026-03-25,Ms. S. Wilson read the following,53,1.0,0.993344
2026-03-25#t2402w0,2026-03-25,Mr. Savoie,205,0.859,0.767918
2026-03-25#t2403w0,2026-03-25,Hon. Mr. D’Amours,116,0.284,0.975062
2026-03-25#t2405w0,2026-03-25,Ms. Mitton,87,0.713,0.999258
2026-03-25#t2406w0,2026-03-25,Mr. M. LeBlanc,318,0.774,0.200307
2026-03-25#t2406w1,2026-03-25,Mr. M. LeBlanc,139,1.0,0.921581
2026-03-25#t2407w0,2026-03-25,Madam Speaker,315,0.603,0.978667
2026-03-25#t2407w1,2026-03-25,Madam Speaker,179,0.497,0.213582
2026-03-25#t2408w0,2026-03-25,Mr. Weir,312,1.0,0.057517
2026-03-25#t2408w1,2026-03-25,Mr. Weir,147,1.0,0.335595
2026-03-25#t2409w0,2026-03-25,Mr. Coon,109,0.963,0.213142
2026-03-25#t2410w0,2026-03-25,Madam Speaker,356,0.469,0.987709
2026-03-25#t2411w0,2026-03-25,Mr. Weir,345,1.0,0.013608
2026-03-25#t2412w0,2026-03-25,Mr. Coon,359,1.0,0.042377
2026-03-25#t2412w1,2026-03-25,Mr. Coon,186,0.355,0.537552
2026-03-25#t2413w0,2026-03-25,Mr. Weir,315,1.0,0.0096
2026-03-25#t2414w0,2026-03-25,Mr. Coon,96,0.688,0.987491
2026-03-25#t2417w0,2026-03-25,Madam Speaker,360,0.156,0.126247
2026-03-25#t2417w1,2026-03-25,Madam Speaker,351,0.0,0.077642
2026-03-25#t2417w2,2026-03-25,Madam Speaker,278,0.0,0.373596
2026-03-25#t2417w3,2026-03-25,Madam Speaker,348,0.0,0.031831
2026-03-25#t2417w4,2026-03-25,Madam Speaker,320,0.0,0.042206
2026-03-25#t2417w5,2026-03-25,Madam Speaker,352,0.0,0.182444
2026-03-25#t2417w6,2026-03-25,Madam Speaker,333,1.0,0.007256
2026-03-25#t2417w7,2026-03-25,Madam Speaker,230,1.0,0.069382
2026-03-25#t2418w0,2026-03-25,Mr. M. LeBlanc,291,1.0,0.034135
2026-03-25#t2418w1,2026-03-25,Mr. M. LeBlanc,302,1.0,0.018549
2026-03-25#t2418w2,2026-03-25,Mr. M. LeBlanc,280,0.732,0.010812
2026-03-25#t2418w3,2026-03-25,Mr. M. LeBlanc,256,0.469,0.054781
2026-03-25#t2418w4,2026-03-25,Mr. M. LeBlanc,289,0.0,0.98023
2026-03-25#t2418w5,2026-03-25,Mr. M. LeBlanc,329,0.0,0.023719
2026-03-25#t2418w6,2026-03-25,Mr. M. LeBlanc,345,0.0,0.129011
2026-03-25#t2418w7,2026-03-25,Mr. M. LeBlanc,50,0.0,0.999509
2026-03-25#t2419w0,2026-03-25,Ms. Scott-Wallace,260,1.0,0.075829
2026-03-25#t2419w1,2026-03-25,Ms. Scott-Wallace,287,1.0,0.019854
2026-03-25#t2419w2,2026-03-25,Ms. Scott-Wallace,261,1.0,0.084805
2026-03-25#t2419w3,2026-03-25,Ms. Scott-Wallace,290,1.0,0.014019
2026-03-25#t2419w4,2026-03-25,Ms. Scott-Wallace,338,1.0,0.01055
2026-03-25#t2419w5,2026-03-25,Ms. Scott-Wallace,176,1.0,0.947458
2026-03-25#t2420w0,2026-03-25,Ms. Scott-Wallace,302,1.0,0.062206
2026-03-25#t2420w1,2026-03-25,Ms. Scott-Wallace,333,1.0,0.012877
2026-03-25#t2420w2,2026-03-25,Ms. Scott-Wallace,292,1.0,0.023326
2026-03-25#t2420w3,2026-03-25,Ms. Scott-Wallace,305,1.0,0.031808
2026-03-25#t2420w4,2026-03-25,Ms. Scott-Wallace,344,1.0,0.030236
2026-03-25#t2421w0,2026-03-25,Ms. Scott-Wallace,282,1.0,0.020753
2026-03-25#t2421w1,2026-03-25,Ms. Scott-Wallace,330,1.0,0.027878
2026-03-25#t2422w0,2026-03-25,Ms. Scott-Wallace,313,1.0,0.023332
2026-03-25#t2422w1,2026-03-25,Ms. Scott-Wallace,275,1.0,0.024862
2026-03-25#t2422w2,2026-03-25,Ms. Scott-Wallace,340,1.0,0.024036
2026-03-25#t2423w0,2026-03-25,Mr. Doucet,329,0.195,0.045753
2026-03-25#t2423w1,2026-03-25,Mr. Doucet,334,0.192,0.133102
2026-03-25#t2423w2,2026-03-25,Mr. Doucet,325,0.0,0.033223
2026-03-25#t2423w3,2026-03-25,Mr. Doucet,334,0.048,0.047661
2026-03-25#t2423w4,2026-03-25,Mr. Doucet,348,0.494,0.030559
2026-03-25#t2423w5,2026-03-25,Mr. Doucet,336,0.491,0.026115
2026-03-25#t2423w6,2026-03-25,Mr. Doucet,322,0.18,0.436178
2026-03-25#t2423w7,2026-03-25,Mr. Doucet,320,0.0,0.019053
2026-03-25#t2423w8,2026-03-25,Mr. Doucet,287,0.369,0.044886
2026-03-25#t2424w0,2026-03-25,Mr. Doucet,86,0.5,0.989905
2026-03-25#t2425w0,2026-03-25,Mr. Doucet,359,0.284,0.770129
2026-03-25#t2425w1,2026-03-25,Mr. Doucet,336,0.128,0.069218
2026-03-25#t2425w2,2026-03-25,Mr. Doucet,77,0.117,0.992397
2026-03-25#t2426w0,2026-03-25,Mr. Hogan,61,1.0,0.989512
2026-03-25#t2427w0,2026-03-25,Mr. Hogan,79,1.0,0.596182
2026-03-25#t2428w0,2026-03-25,Mr. Hogan,241,1.0,0.009211
2026-03-25#t2428w1,2026-03-25,Mr. Hogan,281,1.0,0.010866
2026-03-25#t2428w2,2026-03-25,Mr. Hogan,319,1.0,0.011376
2026-03-25#t2429w0,2026-03-25,Mr. Hogan,217,1.0,0.070494
2026-03-25#t2430w0,2026-03-25,Mr. Hogan,56,1.0,0.999267
2026-03-25#t2431w0,2026-03-25,Mr. Hogan,207,1.0,0.125604
2026-03-25#t2432w0,2026-03-25,Mr. Hogan,338,1.0,0.031359
2026-03-25#t2432w1,2026-03-25,Mr. Hogan,253,1.0,0.016633
2026-03-25#t2432w2,2026-03-25,Mr. Hogan,354,1.0,0.013897
2026-03-25#t2432w3,2026-03-25,Mr. Hogan,278,1.0,0.113138
2026-03-25#t2432w4,2026-03-25,Mr. Hogan,88,1.0,0.998251
2026-03-25#t2433w0,2026-03-25,Mr. Hogan,314,1.0,0.013138
2026-03-25#t2433w1,2026-03-25,Mr. Hogan,311,1.0,0.016364
2026-03-25#t2433w2,2026-03-25,Mr. Hogan,120,1.0,0.389689
2026-03-25#t2435w0,2026-03-25,Mr. Hogan,74,1.0,0.953772
2026-03-25#t2436w0,2026-03-25,Mr. Hogan,101,1.0,0.993376
2026-03-25#t2440w0,2026-03-25,Mr. Hogan,132,1.0,0.133298
2026-03-25#t2441w0,2026-03-25,Mr. Hogan,220,1.0,0.158452
2026-03-25#t2442w0,2026-03-25,Mr. Hogan,60,1.0,0.999398
2026-03-25#t2444w0,2026-03-25,Hon. Mr. Hickey,356,0.868,0.008389
2026-03-25#t2444w1,2026-03-25,Hon. Mr. Hickey,290,0.866,0.44929
2026-03-25#t2444w2,2026-03-25,Hon. Mr. Hickey,355,0.893,0.619717
2026-03-25#t2444w3,2026-03-25,Hon. Mr. Hickey,301,0.914,0.080233
2026-03-25#t2444w4,2026-03-25,Hon. Mr. Hickey,302,1.0,0.016036
2026-03-25#t2444w5,2026-03-25,Hon. Mr. Hickey,312,0.917,0.011122
2026-03-25#t2444w6,2026-03-25,Hon. Mr. Hickey,287,0.847,0.008847
2026-03-25#t2444w7,2026-03-25,Hon. Mr. Hickey,342,1.0,0.008518
2026-03-25#t2444w8,2026-03-25,Hon. Mr. Hickey,347,0.847,0.089176
2026-03-25#t2444w9,2026-03-25,Hon. Mr. Hickey,346,1.0,0.040386
2026-03-25#t2444w10,2026-03-25,Hon. Mr. Hickey,328,1.0,0.040743
2026-03-25#t2444w11,2026-03-25,Hon. Mr. Hickey,303,0.881,0.102699
2026-03-25#t2444w12,2026-03-25,Hon. Mr. Hickey,316,1.0,0.074229
2026-03-25#t2444w13,2026-03-25,Hon. Mr. Hickey,328,1.0,0.08181
2026-03-25#t2444w14,2026-03-25,Hon. Mr. Hickey,318,1.0,0.018895
2026-03-25#t2444w15,2026-03-25,Hon. Mr. Hickey,57,1.0,0.998575
2026-03-25#t2446w0,2026-03-25,Ms. Conroy,333,1.0,0.034599
2026-03-25#t2446w1,2026-03-25,Ms. Conroy,345,1.0,0.257861
2026-03-25#t2446w2,2026-03-25,Ms. Conroy,346,1.0,0.204235
2026-03-25#t2446w3,2026-03-25,Ms. Conroy,307,1.0,0.019221
2026-03-25#t2446w4,2026-03-25,Ms. Conroy,356,1.0,0.0637
2026-03-25#t2446w5,2026-03-25,Ms. Conroy,344,1.0,0.275375
2026-03-25#t2446w6,2026-03-25,Ms. Conroy,329,1.0,0.196869
2026-03-25#t2446w7,2026-03-25,Ms. Conroy,86,1.0,0.987154
2026-03-25#t2447w0,2026-03-25,Ms. Conroy,111,1.0,0.286155
2026-03-25#t2448w0,2026-03-25,Ms. Conroy,211,1.0,0.237573
2026-03-25#t2449w0,2026-03-25,Ms. Conroy,307,1.0,0.983932
2026-03-25#t2449w1,2026-03-25,Ms. Conroy,278,1.0,0.354934
2026-03-25#t2449w2,2026-03-25,Ms. Conroy,352,1.0,0.024744
2026-03-25#t2449w3,2026-03-25,Ms. Conroy,110,1.0,0.632192
2026-03-25#t2450w0,2026-03-25,Ms. Conroy,352,1.0,0.645486
2026-03-25#t2451w0,2026-03-25,Ms. Conroy,249,1.0,0.427526
2026-03-25#t2452w0,2026-03-25,,217,1.0,0.03111
2026-03-25#t2453w0,2026-03-25,Ms. Conroy,313,1.0,0.575959
2026-03-25#t2453w1,2026-03-25,Ms. Conroy,337,1.0,0.026728
2026-03-25#t2453w2,2026-03-25,Ms. Conroy,324,1.0,0.292541
2026-03-25#t2453w3,2026-03-25,Ms. Conroy,246,1.0,0.039462
2026-03-25#t2454w0,2026-03-25,Mr. Robichaud,350,0.169,0.038793
2026-03-25#t2454w1,2026-03-25,Mr. Robichaud,289,0.159,0.069792
2026-03-25#t2454w2,2026-03-25,Mr. Robichaud,359,0.0,0.0916
2026-03-25#t2454w3,2026-03-25,Mr. Robichaud,349,0.0,0.117715
2026-03-25#t2454w4,2026-03-25,Mr. Robichaud,344,0.0,0.37074
2026-03-25#t2454w5,2026-03-25,Mr. Robichaud,69,0.391,0.998808
2026-03-26#t2459w0,2026-03-26,Hon. Mr. Kennedy,104,1.0,0.558777
2026-03-26#t2460w0,2026-03-26,Hon. Ms. Boudreau,98,0.0,0.526605
2026-03-26#t2462w0,2026-03-26,Mr. Arseneault,150,0.0,0.621905
2026-03-26#t2464w0,2026-03-26,Mr. Savoie,195,1.0,0.023231
2026-03-26#t2465w0,2026-03-26,Hon. Mr. Herron,353,1.0,0.146629
2026-03-26#t2465w1,2026-03-26,Hon. Mr. Herron,54,1.0,0.996098
2026-03-26#t2466w0,2026-03-26,Ms. M. Johnson,231,1.0,0.014725
2026-03-26#t2467w0,2026-03-26,Mr. Oliver,280,1.0,0.08356
2026-03-26#t2468w0,2026-03-26,Ms. Vautour,160,0.312,0.867959
2026-03-26#t2469w0,2026-03-26,Ms. Scott-Wallace,182,1.0,0.058978
2026-03-26#t2470w0,2026-03-26,Mr. Coon,173,1.0,0.057357
2026-03-26#t2471w0,2026-03-26,Mr. J. LeBlanc,180,0.556,0.591002
2026-03-26#t2472w0,2026-03-26,Ms. Mitton,175,1.0,0.703284
2026-03-26#t2473w0,2026-03-26,Ms. Scott-Wallace,140,0.971,0.052792
2026-03-26#t2474w0,2026-03-26,Ms. Mitton,187,0.754,0.020129
2026-03-26#t2475w0,2026-03-26,Mr. Johnston,157,0.726,0.130646
2026-03-26#t2476w0,2026-03-26,Mr. Weir,166,1.0,0.018286
2026-03-26#t2477w0,2026-03-26,Mr. Arseneault,148,0.385,0.092306
2026-03-26#t2478w0,2026-03-26,Ms. Conroy,161,1.0,0.03729
2026-03-26#t2479w0,2026-03-26,Mr. M. LeBlanc,174,1.0,0.349496
2026-03-26#t2480w0,2026-03-26,Mr. Austin,151,1.0,0.186085
2026-03-26#t2481w0,2026-03-26,Mr. Doucet,163,0.252,0.284518
2026-03-26#t2482w0,2026-03-26,Mr. Hogan,153,1.0,0.501051
2026-03-26#t2483w0,2026-03-26,Mr. Savoie,93,0.935,0.998112
2026-03-26#t2484w0,2026-03-26,Hon. Mr. Dornan,150,1.0,0.14618
2026-03-26#t2485w0,2026-03-26,Mr. Savoie,100,1.0,0.950404
2026-03-26#t2486w0,2026-03-26,Hon. Mr. Dornan,109,1.0,0.856221
2026-03-26#t2487w0,2026-03-26,Mr. Savoie,73,1.0,0.998939
2026-03-26#t2488w0,2026-03-26,Hon. Mr. Dornan,131,1.0,0.851209
2026-03-26#t2489w0,2026-03-26,Mr. Savoie,70,1.0,0.995593
2026-03-26#t2490w0,2026-03-26,Hon. Mr. Dornan,116,1.0,0.401695
2026-03-26#t2491w0,2026-03-26,Mr. Savoie,56,1.0,0.998219
2026-03-26#t2492w0,2026-03-26,Hon. Ms. Holt,189,1.0,0.024916
2026-03-26#t2493w0,2026-03-26,Mr. Savoie,86,1.0,0.99173
2026-03-26#t2494w0,2026-03-26,Mr. Savoie,136,1.0,0.17257
2026-03-26#t2495w0,2026-03-26,Hon. Ms. Holt,151,0.0,0.391885
2026-03-26#t2496w0,2026-03-26,Mr. Savoie,133,1.0,0.061569
2026-03-26#t2497w0,2026-03-26,Hon. Ms. Holt,198,1.0,0.039117
2026-03-26#t2498w0,2026-03-26,Mr. Savoie,85,1.0,0.648074
2026-03-26#t2499w0,2026-03-26,Hon. Mr. Dornan,133,1.0,0.116871
2026-03-26#t2500w0,2026-03-26,Mr. Savoie,106,1.0,0.978848
2026-03-26#t2501w0,2026-03-26,Hon. Ms. Holt,193,1.0,0.170791
2026-03-26#t2502w0,2026-03-26,Mr. Savoie,144,1.0,0.627778
2026-03-26#t2503w0,2026-03-26,Hon. Mr. Kennedy,179,1.0,0.479779
2026-03-26#t2504w0,2026-03-26,Mr. Savoie,121,1.0,0.528196
2026-03-26#t2505w0,2026-03-26,Hon. Mr. Dornan,141,1.0,0.039924
2026-03-26#t2506w0,2026-03-26,Mr. Hogan,129,1.0,0.09315
2026-03-26#t2507w0,2026-03-26,Hon. Mr. Kennedy,189,0.667,0.027735
2026-03-26#t2508w0,2026-03-26,Mr. Hogan,162,1.0,0.21429
2026-03-26#t2509w0,2026-03-26,Hon. Mr. Dornan,178,1.0,0.11265
2026-03-26#t2510w0,2026-03-26,Mr. Hogan,122,1.0,0.069207
2026-03-26#t2511w0,2026-03-26,Hon. Ms. Holt,205,1.0,0.017591
2026-03-26#t2512w0,2026-03-26,Mr. Coon,166,1.0,0.055928
2026-03-26#t2513w0,2026-03-26,Hon. Mr. D’Amours,131,0.0,0.115148
2026-03-26#t2514w0,2026-03-26,M. Coon,114,0.0,0.156485
2026-03-26#t2515w0,2026-03-26,Hon. Mr. D’Amours,193,0.0,0.073063
2026-03-26#t2516w0,2026-03-26,Mr. Monahan,179,1.0,0.987423
2026-03-26#t2517w0,2026-03-26,Hon. Mr. Legacy,147,1.0,0.041613
2026-03-26#t2519w0,2026-03-26,Mr. M. LeBlanc,74,1.0,0.984279
2026-03-26#t2522w0,2026-03-26,Madam Speaker,67,1.0,0.997997
2026-03-26#t2523w0,2026-03-26,Hon. Mr. Randall,96,1.0,0.995484
2026-03-26#t2525w0,2026-03-26,Mr. Coon,119,1.0,0.985682
2026-03-26#t2526w0,2026-03-26,Ms. Mitton,224,1.0,0.017129
2026-03-26#t2527w0,2026-03-26,Hon. Ms. Boudreau,236,0.436,0.015407
2026-03-26#t2528w0,2026-03-26,Ms. M. Johnson,290,1.0,0.0227
2026-03-26#t2528w1,2026-03-26,Ms. M. Johnson,92,1.0,0.613771
2026-03-26#t2529w0,2026-03-26,Ms. Mitton,235,0.63,0.133732
2026-03-26#t2530w0,2026-03-26,Hon. Mr. D’Amours,206,0.126,0.048899
2026-03-26#t2531w0,2026-03-26,Ms. M. Wilson,236,1.0,0.018371
2026-03-26#t2532w0,2026-03-26,Mr. Coon,146,0.842,0.473624
2026-03-26#t2533w0,2026-03-26,Hon. Ms. Thériault,149,0.503,0.79431
2026-03-26#t2534w0,2026-03-26,Ms. M. Wilson,167,1.0,0.412157
2026-03-26#t2535w0,2026-03-26,Mr. Coon,168,1.0,0.207754
2026-03-26#t2536w0,2026-03-26,Hon. Mr. Finnigan,301,0.508,0.106468
2026-03-26#t2537w0,2026-03-26,Ms. Scott-Wallace,280,1.0,0.040924
2026-03-26#t2538w0,2026-03-26,Ms. Mitton,262,0.893,0.053122
2026-03-26#t2539w0,2026-03-26,Hon. C. Johnson,188,0.574,0.01767
2026-03-26#t2540w0,2026-03-26,Mr. Lee,172,1.0,0.061527
2026-03-26#t2541w0,2026-03-26,Ms. Mitton,162,0.84,0.182683
2026-03-26#t2542w0,2026-03-26,Mr. Ames,101,1.0,0.973328
2026-03-26#t2543w0,2026-03-26,Ms. Scott-Wallace,225,1.0,0.020465
2026-03-26#t2544w0,2026-03-26,Mr. Coon,323,1.0,0.718142
2026-03-26#t2544w1,2026-03-26,Mr. Coon,340,0.891,0.110591
2026-03-26#t2544w2,2026-03-26,Mr. Coon,298,1.0,0.144181
2026-03-26#t2544w3,2026-03-26,Mr. Coon,279,1.0,0.008618
2026-03-26#t2544w4,2026-03-26,Mr. Coon,334,1.0,0.015172
2026-03-26#t2544w5,2026-03-26,Mr. Coon,348,1.0,0.010581
2026-03-26#t2544w6,2026-03-26,Mr. Coon,249,1.0,0.01949
2026-03-26#t2545w0,2026-03-26,Mr. Bourque,336,0.006,0.045096
2026-03-26#t2545w1,2026-03-26,Mr. Bourque,314,0.064,0.026534
2026-03-26#t2545w2,2026-03-26,Mr. Bourque,310,0.0,0.063714
2026-03-26#t2545w3,2026-03-26,Mr. Bourque,110,0.0,0.992204
2026-03-26#t2546w0,2026-03-26,Mr. Austin,296,1.0,0.013899
2026-03-26#t2546w1,2026-03-26,Mr. Austin,342,1.0,0.029363
2026-03-26#t2546w2,2026-03-26,Mr. Austin,308,1.0,0.136032
2026-03-26#t2546w3,2026-03-26,Mr. Austin,314,1.0,0.105981
2026-03-26#t2546w4,2026-03-26,Mr. Austin,319,0.893,0.071986
2026-03-26#t2546w5,2026-03-26,Mr. Austin,304,0.839,0.084897
2026-03-26#t2546w6,2026-03-26,Mr. Austin,327,0.924,0.021909
2026-03-26#t2546w7,2026-03-26,Mr. Austin,359,0.844,0.081912
2026-03-26#t2546w8,2026-03-26,Mr. Austin,301,0.827,0.038041
2026-03-26#t2546w9,2026-03-26,Mr. Austin,340,1.0,0.006675
2026-03-26#t2546w10,2026-03-26,Mr. Austin,312,1.0,0.024967
2026-03-26#t2546w11,2026-03-26,Mr. Austin,305,1.0,0.008718
2026-03-26#t2546w12,2026-03-26,Mr. Austin,228,1.0,0.029567
2026-03-26#t2548w0,2026-03-26,Hon. Mr. LePage,316,0.335,0.015939
2026-03-26#t2548w1,2026-03-26,Hon. Mr. LePage,302,0.745,0.061599
2026-03-26#t2548w2,2026-03-26,Hon. Mr. LePage,320,0.428,0.080533
2026-03-26#t2548w3,2026-03-26,Hon. Mr. LePage,331,0.535,0.02119
2026-03-26#t2548w4,2026-03-26,Hon. Mr. LePage,274,0.051,0.083753
2026-03-26#t2548w5,2026-03-26,Hon. Mr. LePage,141,0.0,0.277451
2026-03-26#t2549w0,2026-03-26,Ms. S. Wilson,306,1.0,0.016955
2026-03-26#t2549w1,2026-03-26,Ms. S. Wilson,310,1.0,0.027948
2026-03-26#t2550w0,2026-03-26,Ms. Mitton,308,0.987,0.044225
2026-03-26#t2550w1,2026-03-26,Ms. Mitton,339,0.735,0.008985
2026-03-26#t2550w2,2026-03-26,Ms. Mitton,315,0.898,0.019
2026-03-26#t2550w3,2026-03-26,Ms. Mitton,326,0.828,0.019583
2026-03-26#t2550w4,2026-03-26,Ms. Mitton,211,0.91,0.132584
2026-03-26#t2551w0,2026-03-26,Mr. M. LeBlanc,300,1.0,0.088462
2026-03-26#t2551w1,2026-03-26,Mr. M. LeBlanc,334,1.0,0.052062
2026-03-26#t2551w2,2026-03-26,Mr. M. LeBlanc,348,1.0,0.089254
2026-03-26#t2551w3,2026-03-26,Mr. M. LeBlanc,220,1.0,0.132124
2026-03-26#t2552w0,2026-03-26,Mr. Savoie,287,0.631,0.032467
2026-03-26#t2552w1,2026-03-26,Mr. Savoie,360,1.0,0.02751
2026-03-26#t2552w2,2026-03-26,Mr. Savoie,326,0.687,0.015521
2026-03-26#t2552w3,2026-03-26,Mr. Savoie,304,0.855,0.060907
2026-03-26#t2552w4,2026-03-26,Mr. Savoie,254,1.0,0.105183
2026-03-26#t2552w5,2026-03-26,Mr. Savoie,305,1.0,0.056479
2026-03-26#t2554w0,2026-03-26,Mr. Coon,303,0.987,0.015698
2026-03-26#t2554w1,2026-03-26,Mr. Coon,334,1.0,0.030032
2026-03-26#t2554w2,2026-03-26,Mr. Coon,342,0.889,0.006559
2026-03-26#t2554w3,2026-03-26,Mr. Coon,281,1.0,0.012164
2026-03-26#t2554w4,2026-03-26,Mr. Coon,252,0.984,0.057056
2026-03-26#t2555w0,2026-03-26,Ms. M. Johnson,350,0.831,0.968389
2026-03-26#t2555w1,2026-03-26,Ms. M. Johnson,286,0.514,0.075778
2026-03-26#t2555w2,2026-03-26,Ms. M. Johnson,110,1.0,0.057765
2026-03-27#t2556w0,2026-03-27,Hon. Ms. Holt,225,0.631,0.014722
2026-03-27#t2556w1,2026-03-27,Hon. Ms. Holt,256,0.918,0.035891
2026-03-27#t2557w0,2026-03-27,Hon. Ms. Holt,339,0.732,0.064156
2026-03-27#t2558w0,2026-03-27,Hon. Ms. Holt,310,0.723,0.061834
2026-03-27#t2558w1,2026-03-27,Hon. Ms. Holt,301,0.631,0.009523
2026-03-27#t2558w2,2026-03-27,Hon. Ms. Holt,320,0.872,0.029555
2026-03-27#t2558w3,2026-03-27,Hon. Ms. Holt,307,0.811,0.024194
2026-03-27#t2558w4,2026-03-27,Hon. Ms. Holt,260,0.881,0.131342
2026-03-27#t2558w5,2026-03-27,Hon. Ms. Holt,339,0.749,0.019971
2026-03-27#t2558w6,2026-03-27,Hon. Ms. Holt,313,0.732,0.023119
2026-03-27#t2558w7,2026-03-27,Hon. Ms. Holt,302,0.821,0.534529
2026-03-27#t2558w8,2026-03-27,Hon. Ms. Holt,341,0.889,0.047116
2026-03-27#t2558w9,2026-03-27,Hon. Ms. Holt,138,0.333,0.96758
2026-03-27#t2559w0,2026-03-27,Madam Speaker,134,1.0,0.969955
2026-03-27#t2561w0,2026-03-27,Mr. Chair,351,0.459,0.799809
2026-05-05#t2562w0,2026-05-05,Hon. Mr. Gauvin,84,0.0,0.997543
2026-05-05#t2563w0,2026-05-05,Hon. Ms. Holt,294,0.959,0.056554
2026-05-05#t2564w0,2026-05-05,Mr. Austin,163,1.0,0.862104
2026-05-05#t2565w0,2026-05-05,Mr. Coon,204,0.98,0.275522
2026-05-05#t2566w0,2026-05-05,Hon. Mr. Kennedy,191,1.0,0.022237
2026-05-05#t2567w0,2026-05-05,Ms. M. Wilson,183,1.0,0.235546
2026-05-05#t2568w0,2026-05-05,Hon. Mr. Herron,350,1.0,0.019062
2026-05-05#t2569w0,2026-05-05,Mr. Hogan,144,1.0,0.567972
2026-05-05#t2570w0,2026-05-05,Hon. Ms. Holt,155,0.535,0.13648
2026-05-05#t2572w0,2026-05-05,Mr. Ames,154,1.0,0.970862
2026-05-05#t2573w0,2026-05-05,Ms. Mitton,170,1.0,0.119421
2026-05-05#t2574w0,2026-05-05,Mr. Lee,156,1.0,0.113363
2026-05-05#t2575w0,2026-05-05,Mr. Coon,154,1.0,0.943275
2026-05-05#t2576w0,2026-05-05,Mr. Robichaud,154,0.351,0.320678
2026-05-05#t2577w0,2026-05-05,Mr. Cullins,161,1.0,0.036349
2026-05-05#t2578w0,2026-05-05,Ms. Wilcott,153,0.641,0.133061
2026-05-05#t2579w0,2026-05-05,Ms. M. Wilson,134,1.0,0.249009
2026-05-05#t2580w0,2026-05-05,Mr. Bourque,145,0.49,0.783049
2026-05-05#t2581w0,2026-05-05,Ms. Conroy,156,1.0,0.059841
2026-05-05#t2582w0,2026-05-05,Mr. Mallet,115,0.0,0.804074
2026-05-05#t2583w0,2026-05-05,Mr. Hogan,152,1.0,0.246203
2026-05-05#t2584w0,2026-05-05,Mr. Savoie,178,0.955,0.100208
2026-05-05#t2585w0,2026-05-05,Hon. Mr. Randall,78,1.0,0.997735
2026-05-05#t2586w0,2026-05-05,Mr. Savoie,127,1.0,0.569496
2026-05-05#t2587w0,2026-05-05,Hon. Mr. Randall,56,1.0,0.99861
2026-05-05#t2588w0,2026-05-05,Mr. Savoie,128,1.0,0.466565
2026-05-05#t2589w0,2026-05-05,Hon. Ms. Townsend,122,1.0,0.993102
2026-05-05#t2590w0,2026-05-05,Mr. Savoie,113,1.0,0.152892
2026-05-05#t2593w0,2026-05-05,Hon. Mr. Randall,68,1.0,0.99631
2026-05-05#t2594w0,2026-05-05,Mr. Savoie,114,1.0,0.325572
2026-05-05#t2595w0,2026-05-05,Hon. Mr. Randall,97,1.0,0.919605
2026-05-05#t2596w0,2026-05-05,Mr. Savoie,120,1.0,0.386419
2026-05-05#t2597w0,2026-05-05,Hon. Mr. Randall,99,1.0,0.986888
2026-05-05#t2598w0,2026-05-05,Mr. Savoie,115,1.0,0.984828
2026-05-05#t2599w0,2026-05-05,Hon. Mr. Randall,168,1.0,0.110895
2026-05-05#t2600w0,2026-05-05,Mr. Savoie,159,1.0,0.995388
2026-05-05#t2601w0,2026-05-05,Hon. Mr. Randall,164,1.0,0.214116
2026-05-05#t2602w0,2026-05-05,Mr. Savoie,96,1.0,0.559066
2026-05-05#t2603w0,2026-05-05,Hon. Ms. Townsend,100,1.0,0.997979
2026-05-05#t2604w0,2026-05-05,Ms. Scott-Wallace,169,1.0,0.03047
2026-05-05#t2605w0,2026-05-05,Hon. Mr. Randall,155,1.0,0.574643
2026-05-05#t2606w0,2026-05-05,Ms. Scott-Wallace,177,1.0,0.029637
2026-05-05#t2607w0,2026-05-05,Hon. Mr. Randall,151,1.0,0.159353
2026-05-05#t2608w0,2026-05-05,Ms. Scott-Wallace,164,1.0,0.042123
2026-05-05#t2609w0,2026-05-05,Hon. Ms. Townsend,134,1.0,0.992511
2026-05-05#t2610w0,2026-05-05,Mr. Coon,158,1.0,0.282694
2026-05-05#t2611w0,2026-05-05,Hon. Mr. Kennedy,159,1.0,0.924862
2026-05-05#t2612w0,2026-05-05,M. Coon,107,0.0,0.477762
2026-05-05#t2613w0,2026-05-05,Hon. Mr. Legacy,144,0.0,0.14859
2026-05-05#t2614w0,2026-05-05,Mr. Hogan,143,1.0,0.053213
2026-05-05#t2615w0,2026-05-05,Hon. Mr. Dornan,183,1.0,0.077174
2026-05-05#t2616w0,2026-05-05,Mr. Hogan,113,1.0,0.32929
2026-05-05#t2617w0,2026-05-05,Hon. Ms. Holt,177,0.684,0.097137
2026-05-05#t2618w0,2026-05-05,Mr. M. LeBlanc,60,1.0,0.992369
2026-05-05#t2620w0,2026-05-05,Madam Speaker,58,0.0,0.997499
2026-05-05#t2622w0,2026-05-05,Hon. Mr. Dornan,133,0.692,0.230729
2026-05-05#t2623w0,2026-05-05,Mr. Hogan,166,0.849,0.178324
2026-05-05#t2624w0,2026-05-05,Mr. Coon,159,0.975,0.033059
2026-05-05#t2625w0,2026-05-05,Hon. Ms. Boudreau,177,0.254,0.191605
2026-05-05#t2626w0,2026-05-05,Ms. Scott-Wallace,215,1.0,0.047722
2026-05-05#t2627w0,2026-05-05,Ms. Mitton,167,0.886,0.089026
2026-05-05#t2628w0,2026-05-05,Hon. Mr. McKee,173,0.595,0.461885
2026-05-05#t2629w0,2026-05-05,Mr. Weir,191,1.0,0.055905
2026-05-05#t2630w0,2026-05-05,Mr. Coon,176,0.898,0.020018
2026-05-05#t2632w0,2026-05-05,Hon. Mr. Randall,346,0.607,0.069166
2026-05-05#t2633w0,2026-05-05,Hon. Mr. Gauvin,139,0.194,0.96891
2026-05-05#t2634w0,2026-05-05,Madam Speaker,127,0.717,0.330863
2026-05-05#t2635w0,2026-05-05,Hon. Mr. Legacy,235,0.868,0.012959
2026-05-05#t2636w0,2026-05-05,Hon. Mr. Legacy,346,0.5,0.865824
2026-05-05#t2636w1,2026-05-05,Hon. Mr. Legacy,97,0.804,0.998977
2026-05-05#t2637w0,2026-05-05,Mr. M. LeBlanc,347,0.452,0.040575
2026-05-05#t2637w1,2026-05-05,Mr. M. LeBlanc,145,0.517,0.868577
2026-05-05#t2638w0,2026-05-05,Mr. Cullins,353,1.0,0.023762
2026-05-05#t2638w1,2026-05-05,Mr. Cullins,251,1.0,0.099774
2026-05-05#t2639w0,2026-05-05,Mr. Coon,302,0.987,0.009464
2026-05-05#t2639w1,2026-05-05,Mr. Coon,116,1.0,0.92052
2026-05-06#t2641w0,2026-05-06,Ms. Vautour,147,0.0,0.87964
2026-05-06#t2642w0,2026-05-06,Ms. Scott-Wallace,217,1.0,0.102315
2026-05-06#t2643w0,2026-05-06,Hon. Ms. Thériault,165,0.0,0.557745
2026-05-06#t2644w0,2026-05-06,Ms. M. Wilson,161,1.0,0.053782
2026-05-06#t2645w0,2026-05-06,Mr. Arseneault,177,0.0,0.825021
2026-05-06#t2646w0,2026-05-06,Ms. M. Johnson,209,1.0,0.298356
2026-05-06#t2647w0,2026-05-06,Hon. Mr. D’Amours,155,0.0,0.857968
2026-05-06#t2648w0,2026-05-06,Ms. S. Wilson,148,1.0,0.984734
2026-05-06#t2649w0,2026-05-06,Mr. Coon,169,0.976,0.01518
2026-05-06#t2650w0,2026-05-06,Ms. Mitton,177,0.881,0.702393
2026-05-06#t2651w0,2026-05-06,Mr. Savoie,113,1.0,0.989593
2026-05-06#t2652w0,2026-05-06,Ms. Mitton,169,1.0,0.022041
2026-05-06#t2653w0,2026-05-06,Mr. Johnston,163,1.0,0.014903
2026-05-06#t2654w0,2026-05-06,Mr. Russell,146,1.0,0.34747
2026-05-06#t2655w0,2026-05-06,Mr. Doucet,169,0.284,0.410897
2026-05-06#t2656w0,2026-05-06,Ms. M. Johnson,145,1.0,0.460372
2026-05-06#t2657w0,2026-05-06,Mr. J. LeBlanc,146,0.418,0.408926
2026-05-06#t2658w0,2026-05-06,Mr. Weir,152,1.0,0.021288
2026-05-06#t2659w0,2026-05-06,Ms. Vautour,135,0.0,0.937842
2026-05-06#t2660w0,2026-05-06,Ms. Bockus,145,1.0,0.413841
2026-05-06#t2661w0,2026-05-06,Mr. Savoie,141,0.943,0.103444
2026-05-06#t2662w0,2026-05-06,Hon. Mr. Randall,135,1.0,0.053943
2026-05-06#t2663w0,2026-05-06,Mr. Savoie,180,1.0,0.147199
2026-05-06#t2664w0,2026-05-06,Hon. Ms. Holt,191,1.0,0.02996
2026-05-06#t2665w0,2026-05-06,Mr. Savoie,169,1.0,0.9777
2026-05-06#t2666w0,2026-05-06,Hon. Mr. Randall,121,1.0,0.140103
2026-05-06#t2667w0,2026-05-06,Mr. Savoie,124,1.0,0.924959
2026-05-06#t2668w0,2026-05-06,Hon. Mr. Randall,153,1.0,0.025356
2026-05-06#t2669w0,2026-05-06,Mr. Savoie,162,1.0,0.252061
2026-05-06#t2670w0,2026-05-06,Hon. Mr. Randall,132,1.0,0.849089
2026-05-06#t2671w0,2026-05-06,Mr. Savoie,148,1.0,0.056945
2026-05-06#t2672w0,2026-05-06,Hon. Mr. Randall,121,1.0,0.28926
2026-05-06#t2673w0,2026-05-06,Mr. Savoie,147,1.0,0.68436
2026-05-06#t2674w0,2026-05-06,Hon. Mr. Legacy,72,1.0,0.995809
2026-05-06#t2675w0,2026-05-06,Mr. Savoie,165,1.0,0.007927
2026-05-06#t2679w0,2026-05-06,Hon. Mr. Legacy,96,1.0,0.988318
2026-05-06#t2680w0,2026-05-06,Mr. Savoie,142,1.0,0.403401
2026-05-06#t2681w0,2026-05-06,Hon. Mr. Legacy,98,1.0,0.730262
2026-05-06#t2682w0,2026-05-06,Ms. M. Johnson,128,1.0,0.415231
2026-05-06#t2683w0,2026-05-06,Hon. Ms. Miles,54,1.0,0.998339
2026-05-06#t2684w0,2026-05-06,Hon. Ms. Miles,142,1.0,0.085492
2026-05-06#t2685w0,2026-05-06,Ms. M. Johnson,150,1.0,0.826097
2026-05-06#t2686w0,2026-05-06,Hon. Mr. Dornan,129,1.0,0.394666
2026-05-06#t2687w0,2026-05-06,Ms. M. Johnson,102,1.0,0.584722
2026-05-06#t2688w0,2026-05-06,Hon. Ms. Miles,202,1.0,0.513138
2026-05-06#t2689w0,2026-05-06,Ms. Mitton,139,1.0,0.048839
2026-05-06#t2690w0,2026-05-06,Hon. Ms. Miles,164,1.0,0.122303
2026-05-06#t2691w0,2026-05-06,Ms. Mitton,150,1.0,0.053622
2026-05-06#t2693w0,2026-05-06,Ms. Mitton,164,1.0,0.053196
2026-05-06#t2694w0,2026-05-06,Hon. Ms. Miles,165,1.0,0.298227
2026-05-06#t2695w0,2026-05-06,Mr. Savoie,57,1.0,0.999502
2026-05-06#t2696w0,2026-05-06,Mr. Savoie,95,1.0,0.995609
2026-05-06#t2697w0,2026-05-06,Hon. Mr. Randall,134,1.0,0.43898
2026-05-06#t2699w0,2026-05-06,Hon. Mr. D’Amours,130,0.0,0.946196
2026-05-06#t2700w0,2026-05-06,Ms. M. Wilson,174,1.0,0.054686
2026-05-06#t2701w0,2026-05-06,Ms. Mitton,104,0.173,0.676651
2026-05-06#t2702w0,2026-05-06,Hon. Mr. McKee,176,0.455,0.212455
2026-05-06#t2703w0,2026-05-06,Mr. Weir,162,1.0,0.890631
2026-05-06#t2704w0,2026-05-06,Mr. Coon,160,1.0,0.046365
2026-05-06#t2705w0,2026-05-06,Hon. Mr. Herron,360,0.722,0.161178
2026-05-06#t2705w1,2026-05-06,Hon. Mr. Herron,114,1.0,0.997649
2026-05-06#t2706w0,2026-05-06,Mr. Austin,153,1.0,0.030852
2026-05-06#t2707w0,2026-05-06,Mr. Austin,340,1.0,0.798562
2026-05-06#t2707w1,2026-05-06,Mr. Austin,214,1.0,0.042983
2026-05-06#t2708w0,2026-05-06,Mr. Coon,301,0.987,0.033822
2026-05-06#t2708w1,2026-05-06,Mr. Coon,250,1.0,0.037416
2026-05-06#t2709w0,2026-05-06,Hon. Ms. Boudreau,194,0.34,0.032294
2026-05-06#t2710w0,2026-05-06,Ms. M. Johnson,218,0.982,0.13122
2026-05-06#t2711w0,2026-05-06,Ms. Mitton,139,0.0,0.823156
2026-05-06#t2712w0,2026-05-06,Ms. Mitton,336,1.0,0.310408
2026-05-06#t2712w1,2026-05-06,Ms. Mitton,123,0.642,0.994157
2026-05-06#t2713w0,2026-05-06,Ms. M. Johnson,77,0.948,0.999329
2026-05-06#t2714w0,2026-05-06,Mr. M. LeBlanc,287,0.453,0.114059
2026-05-06#t2715w0,2026-05-06,Ms. M. Wilson,283,1.0,0.012688
2026-05-06#t2715w1,2026-05-06,Ms. M. Wilson,262,1.0,0.035214
2026-05-06#t2715w2,2026-05-06,Ms. M. Wilson,344,1.0,0.021195
2026-05-06#t2715w3,2026-05-06,Ms. M. Wilson,165,1.0,0.1039
2026-05-06#t2716w0,2026-05-06,Mr. M. LeBlanc,56,1.0,0.996817
2026-05-06#t2719w0,2026-05-06,Ms. M. Wilson,289,1.0,0.344105
2026-05-06#t2720w0,2026-05-06,Mr. Coon,345,0.728,0.150704
2026-05-06#t2720w1,2026-05-06,Mr. Coon,158,0.671,0.133955
2026-05-06#t2721w0,2026-05-06,Mr. Weir,211,1.0,0.010438
2026-05-06#t2721w1,2026-05-06,Mr. Weir,345,1.0,0.010609
2026-05-06#t2722w0,2026-05-06,Mr. Coon,152,1.0,0.0335
2026-05-06#t2723w0,2026-05-06,Mr. Hogan,273,1.0,0.029159
2026-05-06#t2723w1,2026-05-06,Mr. Hogan,301,1.0,0.008377
2026-05-06#t2723w2,2026-05-06,Mr. Hogan,332,1.0,0.010416
2026-05-06#t2723w3,2026-05-06,Mr. Hogan,129,1.0,0.083871
2026-05-06#t2726w0,2026-05-06,Mr. Hogan,211,1.0,0.010209
2026-05-06#t2726w1,2026-05-06,Mr. Hogan,210,1.0,0.013176
2026-05-06#t2726w2,2026-05-06,Mr. Hogan,322,1.0,0.007804
2026-05-06#t2726w3,2026-05-06,Mr. Hogan,237,1.0,0.007375
2026-05-06#t2726w4,2026-05-06,Mr. Hogan,262,1.0,0.011937
2026-05-06#t2726w5,2026-05-06,Mr. Hogan,295,1.0,0.015998
2026-05-06#t2727w0,2026-05-06,Mr. Hogan,360,1.0,0.023387
2026-05-06#t2728w0,2026-05-06,Mr. Austin,177,1.0,0.068745
2026-05-06#t2729w0,2026-05-06,Mr. Austin,333,1.0,0.027737
2026-05-06#t2729w1,2026-05-06,Mr. Austin,312,1.0,0.012663
2026-05-06#t2729w2,2026-05-06,Mr. Austin,351,1.0,0.031724
2026-05-06#t2729w3,2026-05-06,Mr. Austin,315,1.0,0.021408
2026-05-06#t2729w4,2026-05-06,Mr. Austin,176,1.0,0.09687
2026-05-06#t2730w0,2026-05-06,Mr. Austin,186,1.0,0.025881
2026-05-06#t2731w0,2026-05-06,Mr. Austin,209,1.0,0.020336
2026-05-06#t2732w0,2026-05-06,Mr. M. LeBlanc,66,1.0,0.999502
2026-05-06#t2733w0,2026-05-06,Madam Speaker,59,1.0,0.988999
2026-05-06#t2735w0,2026-05-06,Mr. Austin,181,1.0,0.058433
2026-05-06#t2736w0,2026-05-06,Mr. Austin,229,1.0,0.030207
2026-05-06#t2736w1,2026-05-06,Mr. Austin,245,1.0,0.01974
2026-05-06#t2736w2,2026-05-06,Mr. Austin,311,1.0,0.01718
2026-05-06#t2739w0,2026-05-06,Hon. Mr. Randall,296,0.446,0.810752
2026-05-06#t2739w1,2026-05-06,Hon. Mr. Randall,343,0.615,0.014281
2026-05-06#t2740w0,2026-05-06,Mr. Ames,134,1.0,0.105404
2026-05-06#t2741w0,2026-05-06,Ms. Mitton,341,0.633,0.783541
2026-05-06#t2741w1,2026-05-06,Ms. Mitton,303,0.568,0.241252
2026-05-06#t2741w2,2026-05-06,Ms. Mitton,132,0.0,0.946115
2026-05-06#t2742w0,2026-05-06,Mr. Monahan,338,0.515,0.018461
2026-05-06#t2742w1,2026-05-06,Mr. Monahan,318,0.717,0.017872
2026-05-06#t2742w2,2026-05-06,Mr. Monahan,181,1.0,0.044387
2026-05-06#t2743w0,2026-05-06,Mr. Monahan,340,0.765,0.03282
2026-05-06#t2743w1,2026-05-06,Mr. Monahan,324,0.506,0.03087
2026-05-06#t2743w2,2026-05-06,Mr. Monahan,355,0.561,0.10667
2026-05-06#t2743w3,2026-05-06,Mr. Monahan,332,0.536,0.008771
2026-05-06#t2743w4,2026-05-06,Mr. Monahan,95,0.958,0.963386
2026-05-06#t2744w0,2026-05-06,Ms. Mitton,349,1.0,0.019619
2026-05-06#t2744w1,2026-05-06,Ms. Mitton,311,1.0,0.022788
2026-05-06#t2745w0,2026-05-06,Mr. Hogan,291,1.0,0.009887
2026-05-06#t2745w1,2026-05-06,Mr. Hogan,353,1.0,0.035328
2026-05-06#t2745w2,2026-05-06,Mr. Hogan,354,1.0,0.019021
2026-05-07#t2747w0,2026-05-07,Hon. Ms. Holt,311,0.894,0.073108
2026-05-07#t2748w0,2026-05-07,Ms. Scott-Wallace,326,1.0,0.014776
2026-05-07#t2749w0,2026-05-07,Mr. Coon,172,0.977,0.057634
2026-05-07#t2753w0,2026-05-07,Mr. Robichaud,156,0.0,0.094193
2026-05-07#t2754w0,2026-05-07,Madam Speaker,201,0.711,0.127978
2026-05-07#t2755w0,2026-05-07,Hon. Mr. Gauvin,236,0.0,0.037444
2026-05-07#t2756w0,2026-05-07,Ms. Scott-Wallace,169,1.0,0.552947
2026-05-07#t2757w0,2026-05-07,Ms. M. Johnson,204,1.0,0.835045
2026-05-07#t2758w0,2026-05-07,Mr. Austin,256,1.0,0.030946
2026-05-07#t2759w0,2026-05-07,Ms. Bockus,159,1.0,0.283014
2026-05-07#t2760w0,2026-05-07,Mr. J. LeBlanc,132,0.0,0.863543
2026-05-07#t2761w0,2026-05-07,Mr. Coon,172,0.977,0.040343
2026-05-07#t2762w0,2026-05-07,Mr. Doucet,167,0.12,0.164195
2026-05-07#t2763w0,2026-05-07,Ms. Mitton,168,1.0,0.968687
2026-05-07#t2764w0,2026-05-07,Hon. C. Johnson,165,0.0,0.144948
2026-05-07#t2766w0,2026-05-07,Mr. Robichaud,248,0.0,0.040603
2026-05-07#t2767w0,2026-05-07,Mr. Monahan,148,1.0,0.979497
2026-05-07#t2769w0,2026-05-07,Mr. Coon,171,0.977,0.022171
2026-05-07#t2770w0,2026-05-07,Mr. Doucet,163,0.0,0.035618
2026-05-07#t2771w0,2026-05-07,Ms. S. Wilson,154,1.0,0.134723
2026-05-07#t2772w0,2026-05-07,Ms. Vautour,115,0.0,0.462248
2026-05-07#t2773w0,2026-05-07,Mr. Ames,154,1.0,0.049055
2026-05-07#t2774w0,2026-05-07,Mr. M. LeBlanc,152,0.0,0.667928
2026-05-07#t2775w0,2026-05-07,Mr. Austin,182,1.0,0.026499
2026-05-07#t2776w0,2026-05-07,Ms. Wilcott,97,0.784,0.239945
2026-05-07#t2777w0,2026-05-07,Ms. Scott-Wallace,138,1.0,0.022161
2026-05-07#t2778w0,2026-05-07,Mr. Savoie,170,0.953,0.047183
2026-05-07#t2779w0,2026-05-07,Hon. Ms. Holt,181,1.0,0.102177
2026-05-07#t2780w0,2026-05-07,Mr. Savoie,133,1.0,0.933706
2026-05-07#t2781w0,2026-05-07,Hon. M. Finnigan,113,0.929,0.938036
2026-05-07#t2782w0,2026-05-07,Mr. Savoie,118,1.0,0.168421
2026-05-07#t2783w0,2026-05-07,Hon. M. Finnigan,105,0.0,0.986971
2026-05-07#t2784w0,2026-05-07,Mr. Savoie,149,0.913,0.838451
2026-05-07#t2785w0,2026-05-07,Hon. M. Finnigan,140,0.957,0.927063
2026-05-07#t2786w0,2026-05-07,Mr. Savoie,99,1.0,0.417501
2026-05-07#t2787w0,2026-05-07,Hon. M. Finnigan,121,0.0,0.994501
2026-05-07#t2788w0,2026-05-07,Mr. Savoie,154,1.0,0.013526
2026-05-07#t2789w0,2026-05-07,Hon. M. Finnigan,133,0.94,0.98577
2026-05-07#t2790w0,2026-05-07,Mr. Savoie,182,1.0,0.765902
2026-05-07#t2791w0,2026-05-07,Hon. M. Finnigan,135,0.0,0.513069
2026-05-07#t2792w0,2026-05-07,Mr. Savoie,163,1.0,0.317403
2026-05-07#t2793w0,2026-05-07,Hon. M. Finnigan,142,0.972,0.992792
2026-05-07#t2794w0,2026-05-07,Mr. Savoie,122,0.951,0.998573
2026-05-07#t2795w0,2026-05-07,Hon. M. Finnigan,97,0.0,0.544795
2026-05-07#t2796w0,2026-05-07,Mr. Savoie,136,1.0,0.424129
2026-05-07#t2797w0,2026-05-07,Hon. M. Finnigan,117,0.932,0.819771
2026-05-07#t2798w0,2026-05-07,Mr. Coon,171,0.977,0.720374
2026-05-07#t2799w0,2026-05-07,Hon. Mr. Herron,61,1.0,0.992686
2026-05-07#t2800w0,2026-05-07,Mr. Coon,156,1.0,0.042404
2026-05-07#t2801w0,2026-05-07,Hon. K. Chiasson,145,1.0,0.256694
2026-05-07#t2802w0,2026-05-07,Ms. Scott-Wallace,178,1.0,0.094711
2026-05-07#t2803w0,2026-05-07,Hon. Mr. Finnigan,135,0.941,0.476658
2026-05-07#t2804w0,2026-05-07,Ms. Scott-Wallace,187,1.0,0.014896
2026-05-07#t2805w0,2026-05-07,Hon. Mr. Finnigan,121,0.0,0.939516
2026-05-07#t2806w0,2026-05-07,Ms. Scott-Wallace,197,1.0,0.039991
2026-05-07#t2807w0,2026-05-07,Hon. Mr. Finnigan,103,0.0,0.984728
2026-05-07#t2808w0,2026-05-07,Mr. Savoie,142,1.0,0.043493
2026-05-07#t2809w0,2026-05-07,Hon. Ms. Holt,160,1.0,0.209027
2026-05-07#t2811w0,2026-05-07,Hon. Mr. Hickey,241,0.751,0.03126
2026-05-07#t2812w0,2026-05-07,Ms. Conroy,238,1.0,0.021903
2026-05-07#t2813w0,2026-05-07,Mr. Coon,286,1.0,0.014736
2026-05-07#t2814w0,2026-05-07,Hon. Ms. Miles,155,0.761,0.690006
2026-05-07#t2815w0,2026-05-07,Ms. M. Johnson,173,1.0,0.712254
2026-05-07#t2816w0,2026-05-07,Ms. Mitton,134,1.0,0.566315
2026-05-07#t2817w0,2026-05-07,Hon. Mr. Dornan,228,0.925,0.019649
2026-05-07#t2818w0,2026-05-07,Mr. Hogan,261,0.835,0.051952
2026-05-07#t2819w0,2026-05-07,Mr. Coon,281,1.0,0.042894
2026-05-07#t2820w0,2026-05-07,Hon. Mr. Gauvin,331,0.489,0.062004
2026-05-07#t2820w1,2026-05-07,Hon. Mr. Gauvin,77,0.662,0.987128
2026-05-07#t2821w0,2026-05-07,Mr. Ames,189,1.0,0.020949
2026-05-07#t2822w0,2026-05-07,Ms. Mitton,295,1.0,0.141824
2026-05-07#t2822w1,2026-05-07,Ms. Mitton,112,1.0,0.657875
2026-05-07#t2823w0,2026-05-07,Madam Speaker,337,0.629,0.103936
2026-05-07#t2823w1,2026-05-07,Madam Speaker,148,1.0,0.37928
2026-05-07#t2829w0,2026-05-07,Madam Speaker,310,0.965,0.016943
2026-05-07#t2830w0,2026-05-07,Mr. Lee,332,1.0,0.017806
2026-05-07#t2830w1,2026-05-07,Mr. Lee,302,1.0,0.015187
2026-05-07#t2830w2,2026-05-07,Mr. Lee,315,1.0,0.841592
2026-05-07#t2830w3,2026-05-07,Mr. Lee,353,1.0,0.050241
2026-05-07#t2830w4,2026-05-07,Mr. Lee,291,1.0,0.031882
2026-05-07#t2830w5,2026-05-07,Mr. Lee,288,1.0,0.265616
2026-05-07#t2830w6,2026-05-07,Mr. Lee,245,1.0,0.144521
2026-05-07#t2832w0,2026-05-07,Hon. Mr. Dornan,298,0.93,0.022469
2026-05-07#t2832w1,2026-05-07,Hon. Mr. Dornan,304,0.931,0.126228
2026-05-07#t2832w2,2026-05-07,Hon. Mr. Dornan,302,1.0,0.698008
2026-05-07#t2832w3,2026-05-07,Hon. Mr. Dornan,340,0.944,0.612933
2026-05-07#t2832w4,2026-05-07,Hon. Mr. Dornan,183,1.0,0.992002
2026-05-07#t2834w0,2026-05-07,Mr. Hogan,304,1.0,0.025038
2026-05-07#t2834w1,2026-05-07,Mr. Hogan,321,1.0,0.219313
2026-05-07#t2834w2,2026-05-07,Mr. Hogan,201,1.0,0.164423
2026-05-07#t2835w0,2026-05-07,Mr. Hogan,274,1.0,0.090598
2026-05-07#t2835w1,2026-05-07,Mr. Hogan,355,1.0,0.012794
2026-05-07#t2835w2,2026-05-07,Mr. Hogan,359,1.0,0.066106
2026-05-07#t2838w0,2026-05-07,Hon. Mr. Legacy,257,0.0,0.040511
2026-05-07#t2838w1,2026-05-07,Hon. Mr. Legacy,253,0.0,0.025837
2026-05-07#t2838w2,2026-05-07,Hon. Mr. Legacy,359,0.0,0.040208
2026-05-07#t2838w3,2026-05-07,Hon. Mr. Legacy,342,0.0,0.018402
2026-05-07#t2839w0,2026-05-07,Hon. Mr. Legacy,223,0.552,0.180317
2026-05-07#t2847w0,2026-05-07,Mr. Coon,313,1.0,0.021222
2026-05-07#t2847w1,2026-05-07,Mr. Coon,297,1.0,0.112689
2026-05-07#t2847w2,2026-05-07,Mr. Coon,231,1.0,0.016623
2026-05-07#t2847w3,2026-05-07,Mr. Coon,297,1.0,0.023599
2026-05-07#t2847w4,2026-05-07,Mr. Coon,331,1.0,0.022302
2026-05-07#t2848w0,2026-05-07,Mr. Savoie,281,0.822,0.0187
2026-05-07#t2849w0,2026-05-07,Mr. Savoie,331,1.0,0.010568
2026-05-07#t2849w1,2026-05-07,Mr. Savoie,289,1.0,0.019163
2026-05-07#t2850w0,2026-05-07,Mr. Savoie,289,1.0,0.015291
2026-05-07#t2850w1,2026-05-07,Mr. Savoie,264,1.0,0.020018
2026-05-07#t2850w2,2026-05-07,Mr. Savoie,319,1.0,0.027147
2026-05-07#t2850w3,2026-05-07,Mr. Savoie,360,1.0,0.01068
2026-05-07#t2850w4,2026-05-07,Mr. Savoie,123,1.0,0.495986
2026-05-07#t2851w0,2026-05-07,Ms. Wilcott,250,0.896,0.136359
2026-05-07#t2851w1,2026-05-07,Ms. Wilcott,226,1.0,0.011908
2026-05-07#t2851w2,2026-05-07,Ms. Wilcott,147,1.0,0.824786
2026-05-07#t2852w0,2026-05-07,Ms. Wilcott,360,0.714,0.031482
2026-05-07#t2852w1,2026-05-07,Ms. Wilcott,351,0.624,0.038504
2026-05-07#t2852w2,2026-05-07,Ms. Wilcott,156,1.0,0.903171
2026-05-07#t2853w0,2026-05-07,Ms. Mitton,353,1.0,0.011481
2026-05-07#t2853w1,2026-05-07,Ms. Mitton,173,0.971,0.022475
2026-05-07#t2854w0,2026-05-07,Mr. Lee,325,1.0,0.015201
2026-05-07#t2855w0,2026-05-07,,351,0.96,0.058131
2026-05-07#t2855w1,2026-05-07,,343,1.0,0.021582
2026-05-07#t2856w0,2026-05-07,Ms. M. Wilson,272,1.0,0.019645
2026-05-07#t2856w1,2026-05-07,Ms. M. Wilson,345,1.0,0.007399
2026-05-07#t2856w2,2026-05-07,Ms. M. Wilson,357,1.0,0.008271
2026-05-07#t2856w3,2026-05-07,Ms. M. Wilson,291,1.0,0.022148
2026-05-07#t2856w4,2026-05-07,Ms. M. Wilson,279,1.0,0.060314
2026-05-07#t2856w5,2026-05-07,Ms. M. Wilson,262,1.0,0.030956
2026-05-07#t2856w6,2026-05-07,Ms. M. Wilson,317,1.0,0.006379
2026-05-07#t2856w7,2026-05-07,Ms. M. Wilson,329,1.0,0.009519
2026-05-07#t2856w8,2026-05-07,Ms. M. Wilson,249,1.0,0.013461
2026-05-07#t2857w0,2026-05-07,Hon. Mr. Kennedy,338,0.885,0.026703
2026-05-07#t2857w1,2026-05-07,Hon. Mr. Kennedy,349,0.883,0.006632
2026-05-07#t2862w0,2026-05-07,Mr. M. LeBlanc,67,1.0,0.995468
2026-05-07#t2864w0,2026-05-07,Hon. Mr. Kennedy,117,0.718,0.626842
2026-05-07#t2866w0,2026-05-07,Hon. Mr. Kennedy,286,1.0,0.014153
2026-05-07#t2866w1,2026-05-07,Hon. Mr. Kennedy,315,1.0,0.011276
2026-05-07#t2866w2,2026-05-07,Hon. Mr. Kennedy,287,1.0,0.045362
2026-05-07#t2867w0,2026-05-07,Ms. M. Wilson,50,1.0,0.998641
2026-05-07#t2868w0,2026-05-07,Mr. M. LeBlanc,72,1.0,0.991773
2026-05-07#t2870w0,2026-05-07,Hon. Mr. Kennedy,339,1.0,0.022568
2026-05-07#t2870w1,2026-05-07,Hon. Mr. Kennedy,100,1.0,0.176074
2026-05-07#t2871w0,2026-05-07,Mr. Lee,343,1.0,0.754094
2026-05-07#t2871w1,2026-05-07,Mr. Lee,322,1.0,0.175811
2026-05-07#t2871w2,2026-05-07,Mr. Lee,299,1.0,0.069253
2026-05-07#t2871w3,2026-05-07,Mr. Lee,337,1.0,0.554372
2026-05-07#t2871w4,2026-05-07,Mr. Lee,351,1.0,0.096917
2026-05-07#t2871w5,2026-05-07,Mr. Lee,274,1.0,0.092299
2026-05-07#t2873w0,2026-05-07,Mr. Doucet,286,0.031,0.008905
2026-05-07#t2873w1,2026-05-07,Mr. Doucet,318,0.0,0.164338
2026-05-07#t2873w2,2026-05-07,Mr. Doucet,317,0.744,0.194228
2026-05-07#t2873w3,2026-05-07,Mr. Doucet,207,0.928,0.027814
2026-05-07#t2874w0,2026-05-07,Mr. Doucet,357,0.0,0.399805
2026-05-07#t2874w1,2026-05-07,Mr. Doucet,204,0.0,0.214864
2026-05-07#t2875w0,2026-05-07,Mr. Doucet,138,0.0,0.727977
2026-05-07#t2876w0,2026-05-07,Ms. S. Wilson,136,1.0,0.159156
2026-05-07#t2878w0,2026-05-07,Mr. M. LeBlanc,111,1.0,0.253164
2026-05-07#t2880w0,2026-05-07,Ms. S. Wilson,219,1.0,0.015349
2026-05-07#t2881w0,2026-05-07,Ms. S. Wilson,123,1.0,0.386223
2026-05-07#t2883w0,2026-05-07,Mr. M. LeBlanc,51,1.0,0.998018
2026-05-07#t2885w0,2026-05-07,Ms. S. Wilson,117,1.0,0.207021
2026-05-08#t2887w0,2026-05-08,Mr. M. LeBlanc,72,1.0,0.99684
2026-05-08#t2889w0,2026-05-08,Mr. Russell,106,1.0,0.653128
2026-05-08#t2890w0,2026-05-08,Mr. Bourque,329,0.0,0.078095
2026-05-08#t2891w0,2026-05-08,Ms. M. Johnson,226,0.982,0.099076
2026-05-08#t2892w0,2026-05-08,Ms. M. Wilson,137,1.0,0.27163
2026-05-08#t2893w0,2026-05-08,Hon. Ms. Boudreau,126,0.444,0.169777
2026-05-08#t2894w0,2026-05-08,Mr. Hogan,142,1.0,0.937364
2026-05-08#t2895w0,2026-05-08,Mr. Coon,144,0.972,0.282456
2026-05-08#t2896w0,2026-05-08,Hon. Ms. Miles,184,1.0,0.100487
2026-05-08#t2897w0,2026-05-08,Ms. M. Johnson,157,1.0,0.842427
2026-05-08#t2898w0,2026-05-08,Ms. Mitton,141,1.0,0.545382
2026-05-08#t2899w0,2026-05-08,Mr. M. LeBlanc,203,0.0,0.036261
2026-05-08#t2900w0,2026-05-08,Mr. Lee,144,1.0,0.120636
2026-05-08#t2901w0,2026-05-08,Ms. Mitton,165,1.0,0.067389
2026-05-08#t2902w0,2026-05-08,Mr. Mallet,131,0.0,0.189128
2026-05-08#t2903w0,2026-05-08,Mr. Cullins,137,1.0,0.152224
2026-05-08#t2905w0,2026-05-08,Mr. Johnston,154,0.578,0.356935
2026-05-08#t2906w0,2026-05-08,Ms. M. Wilson,145,1.0,0.471367
2026-05-08#t2907w0,2026-05-08,Mr. J. LeBlanc,145,0.538,0.337723
2026-05-08#t2908w0,2026-05-08,Ms. Conroy,140,1.0,0.412151
2026-05-08#t2909w0,2026-05-08,Mr. Robichaud,153,0.373,0.83922
2026-05-08#t2910w0,2026-05-08,Mr. Hogan,127,1.0,0.557514
2026-05-08#t2911w0,2026-05-08,Mr. Savoie,124,0.919,0.147638
2026-05-08#t2912w0,2026-05-08,Hon. Mr. D’Amours,186,0.0,0.518768
2026-05-08#t2913w0,2026-05-08,Mr. Savoie,103,1.0,0.968792
2026-05-08#t2914w0,2026-05-08,Hon. Mr. D’Amours,196,0.245,0.388003
2026-05-08#t2915w0,2026-05-08,Mr. Savoie,120,1.0,0.835379
2026-05-08#t2916w0,2026-05-08,Hon. Mr. Randall,113,1.0,0.36301
2026-05-08#t2917w0,2026-05-08,Mr. Savoie,157,1.0,0.178346
2026-05-08#t2918w0,2026-05-08,Hon. Mr. Randall,152,1.0,0.077668
2026-05-08#t2919w0,2026-05-08,Mr. Savoie,75,1.0,0.999023
2026-05-08#t2920w0,2026-05-08,Hon. Mr. Randall,147,1.0,0.967495
2026-05-08#t2921w0,2026-05-08,Mr. Savoie,159,1.0,0.857041
2026-05-08#t2922w0,2026-05-08,Hon. Mr. Finnigan,107,0.963,0.636402
2026-05-08#t2923w0,2026-05-08,Mr. Savoie,112,1.0,0.151692
2026-05-08#t2924w0,2026-05-08,Hon. Mr. Finnigan,111,0.0,0.981398
2026-05-08#t2925w0,2026-05-08,Mr. Savoie,91,1.0,0.401574
2026-05-08#t2926w0,2026-05-08,Hon. Mr. Finnigan,137,0.942,0.474247
2026-05-08#t2927w0,2026-05-08,Mr. Savoie,139,1.0,0.630078
2026-05-08#t2928w0,2026-05-08,Hon. Mr. Finnigan,140,0.0,0.172361
2026-05-08#t2929w0,2026-05-08,Mr. Savoie,167,1.0,0.033363
2026-05-08#t2930w0,2026-05-08,Hon. Mr. Finnigan,109,0.927,0.921237
2026-05-08#t2931w0,2026-05-08,Mr. Savoie,132,1.0,0.517137
2026-05-08#t2932w0,2026-05-08,Hon. Mr. Finnigan,124,0.952,0.900299
2026-05-08#t2933w0,2026-05-08,Ms. M. Johnson,121,1.0,0.380299
2026-05-08#t2934w0,2026-05-08,Hon. Ms. Miles,172,1.0,0.261018
2026-05-08#t2935w0,2026-05-08,Ms. M. Johnson,166,1.0,0.222755
2026-05-08#t2936w0,2026-05-08,Hon. Ms. Miles,167,1.0,0.298273
2026-05-08#t2937w0,2026-05-08,Ms. M. Johnson,178,1.0,0.150091
2026-05-08#t2938w0,2026-05-08,Hon. Ms. Miles,139,1.0,0.422249
2026-05-08#t2939w0,2026-05-08,Mr. Hogan,98,1.0,0.823304
2026-05-08#t2940w0,2026-05-08,Hon. Mr. Dornan,175,1.0,0.046776
2026-05-08#t2941w0,2026-05-08,Mr. Hogan,175,1.0,0.042107
2026-05-08#t2942w0,2026-05-08,Hon. Mr. Dornan,146,1.0,0.893555
2026-05-08#t2944w0,2026-05-08,Madam Speaker,108,1.0,0.421184
2026-05-08#t2945w0,2026-05-08,Hon. Mr. Kennedy,126,0.714,0.862562
2026-05-08#t2946w0,2026-05-08,Mr. Russell,188,1.0,0.243
2026-05-08#t2947w0,2026-05-08,Mr. Coon,155,0.974,0.185956
2026-05-08#t2948w0,2026-05-08,Hon. Mr. Randall,248,0.863,0.032534
2026-05-08#t2949w0,2026-05-08,Mr. Russell,278,1.0,0.014284
2026-05-08#t2950w0,2026-05-08,Ms. Mitton,236,1.0,0.194898
2026-05-08#t2951w0,2026-05-08,Hon. Mr. Legacy,304,0.257,0.021449
2026-05-08#t2951w1,2026-05-08,Hon. Mr. Legacy,188,0.979,0.115689
2026-05-08#t2952w0,2026-05-08,Mr. Savoie,349,0.983,0.045807
2026-05-08#t2952w1,2026-05-08,Mr. Savoie,143,1.0,0.425511
2026-05-08#t2953w0,2026-05-08,Ms. Mitton,266,0.985,0.047144
2026-05-08#t2953w1,2026-05-08,Ms. Mitton,101,1.0,0.842666
2026-05-08#t2954w0,2026-05-08,Hon. Mr. Dornan,158,0.835,0.041053
2026-05-08#t2955w0,2026-05-08,Mr. Hogan,207,1.0,0.019268
2026-05-08#t2956w0,2026-05-08,Mr. Coon,225,1.0,0.01634
2026-05-08#t2958w0,2026-05-08,Mr. M. LeBlanc,347,0.386,0.033043
2026-05-08#t2958w1,2026-05-08,Mr. M. LeBlanc,292,1.0,0.946507
2026-05-08#t2959w0,2026-05-08,Mr. M. LeBlanc,210,0.733,0.010272
2026-05-08#t2962w0,2026-05-08,Mr. Hogan,76,0.724,0.999599
2026-05-08#t2963w0,2026-05-08,Madam Speaker,336,1.0,0.048446
2026-05-08#t2963w1,2026-05-08,Madam Speaker,312,1.0,0.070482
2026-05-08#t2963w2,2026-05-08,Madam Speaker,91,1.0,0.51488
2026-05-08#t2965w0,2026-05-08,Mr. Hogan,347,1.0,0.029197
2026-05-08#t2965w1,2026-05-08,Mr. Hogan,73,1.0,0.997997
2026-05-08#t2966w0,2026-05-08,Mr. Hogan,136,1.0,0.329581
2026-05-08#t2968w0,2026-05-08,Mr. Hogan,61,1.0,0.999546
2026-05-08#t2974w0,2026-05-08,Mr. Hogan,122,1.0,0.775367
2026-05-08#t2975w0,2026-05-08,Mr. Hogan,51,1.0,0.998741
2026-05-08#t2976w0,2026-05-08,Mr. Hogan,263,1.0,0.020122
2026-05-08#t2976w1,2026-05-08,Mr. Hogan,107,1.0,0.776481
2026-05-08#t2977w0,2026-05-08,Mr. M. LeBlanc,64,1.0,0.997209
2026-05-08#t2979w0,2026-05-08,Mr. Hogan,60,1.0,0.990643
2026-05-08#t2981w0,2026-05-08,Mr. Hogan,66,1.0,0.886274
2026-05-08#t2983w0,2026-05-08,Mr. M. LeBlanc,69,1.0,0.98471
2026-05-08#t2991w0,2026-05-08,Mr. Hogan,205,1.0,0.632972
2026-05-08#t2992w0,2026-05-08,Mr. M. LeBlanc,61,0.754,0.999473
2026-05-13#t2993w0,2026-05-13,Hon. Mr. Finnigan,256,0.512,0.126884
2026-05-13#t2995w0,2026-05-13,Mr. Bourque,195,0.0,0.027195
2026-05-13#t2996w0,2026-05-13,Hon. Mr. Herron,159,1.0,0.216659
2026-05-13#t2997w0,2026-05-13,Hon. Ms. Holt,134,0.955,0.041465
2026-05-13#t2998w0,2026-05-13,Hon. Ms. Holt,269,1.0,0.878533
2026-05-13#t2999w0,2026-05-13,Ms. M. Wilson,149,1.0,0.497276
2026-05-13#t3000w0,2026-05-13,Mr. Coon,150,1.0,0.94332
2026-05-13#t3001w0,2026-05-13,Mr. Bourque,193,0.0,0.056281
2026-05-13#t3002w0,2026-05-13,Mr. Hogan,161,1.0,0.797759
2026-05-13#t3004w0,2026-05-13,Mr. Hogan,146,1.0,0.318475
2026-05-13#t3007w0,2026-05-13,Hon. Ms. Thériault,293,0.0,0.300221
2026-05-13#t3008w0,2026-05-13,Hon. Ms. Boudreau,144,0.0,0.906511
2026-05-13#t3009w0,2026-05-13,Mr. Ames,131,1.0,0.985001
2026-05-13#t3010w0,2026-05-13,Ms. Mitton,159,1.0,0.352102
2026-05-13#t3011w0,2026-05-13,Ms. Scott-Wallace,156,1.0,0.20694
2026-05-13#t3012w0,2026-05-13,Ms. Mitton,162,1.0,0.07385
2026-05-13#t3013w0,2026-05-13,Mr. Doucet,179,0.0,0.147243
2026-05-13#t3014w0,2026-05-13,Mr. Russell,177,1.0,0.274579
2026-05-13#t3015w0,2026-05-13,Mr. J. LeBlanc,153,0.549,0.727198
2026-05-13#t3016w0,2026-05-13,Mr. Weir,144,1.0,0.024966
2026-05-13#t3017w0,2026-05-13,Ms. Vautour,132,0.0,0.655235
2026-05-13#t3018w0,2026-05-13,Mr. Cullins,139,1.0,0.013802
2026-05-13#t3019w0,2026-05-13,Mr. Robichaud,161,0.298,0.197064
2026-05-13#t3020w0,2026-05-13,Mr. Monahan,137,1.0,0.347349
2026-05-13#t3021w0,2026-05-13,Mr. Savoie,174,0.943,0.012119
2026-05-13#t3022w0,2026-05-13,Hon. Mr. Randall,109,1.0,0.938384
2026-05-13#t3023w0,2026-05-13,Mr. Savoie,203,1.0,0.24141
2026-05-13#t3024w0,2026-05-13,Hon. Mr. Randall,159,1.0,0.020731
2026-05-13#t3025w0,2026-05-13,Mr. Savoie,176,1.0,0.067924
2026-05-13#t3026w0,2026-05-13,Hon. Mr. Randall,82,1.0,0.990403
2026-05-13#t3027w0,2026-05-13,Mr. Savoie,186,1.0,0.426912
2026-05-13#t3029w0,2026-05-13,Hon. Mr. Randall,81,1.0,0.985428
2026-05-13#t3030w0,2026-05-13,Mr. Savoie,205,1.0,0.021072
2026-05-13#t3031w0,2026-05-13,Hon. Mr. Randall,144,1.0,0.14237
2026-05-13#t3032w0,2026-05-13,Mr. Savoie,173,1.0,0.675454
2026-05-13#t3033w0,2026-05-13,Hon. Mr. Randall,141,1.0,0.084392
2026-05-13#t3034w0,2026-05-13,Mr. Savoie,167,1.0,0.282391
2026-05-13#t3036w0,2026-05-13,Mr. Hogan,90,1.0,0.853136
2026-05-13#t3037w0,2026-05-13,Hon. Mr. Dornan,125,1.0,0.165379
2026-05-13#t3038w0,2026-05-13,Mr. Hogan,122,1.0,0.089365
2026-05-13#t3039w0,2026-05-13,Hon. Mr. Dornan,138,1.0,0.455663
2026-05-13#t3040w0,2026-05-13,Mr. Hogan,160,1.0,0.088283
2026-05-13#t3041w0,2026-05-13,Hon. Mr. Dornan,118,1.0,0.346981
2026-05-13#t3042w0,2026-05-13,Ms. Mitton,121,1.0,0.988617
2026-05-13#t3043w0,2026-05-13,Hon. Ms. Holt,190,1.0,0.030884
2026-05-13#t3044w0,2026-05-13,Ms. Mitton,153,1.0,0.284734
2026-05-13#t3045w0,2026-05-13,Hon. C. Johnson,148,1.0,0.806576
2026-05-13#t3046w0,2026-05-13,Ms. Mitton,175,1.0,0.233208
2026-05-13#t3047w0,2026-05-13,L’hon. C. Johnson,140,0.0,0.908335
2026-05-13#t3048w0,2026-05-13,Mr. Monahan,156,1.0,0.035006
2026-05-13#t3049w0,2026-05-13,Hon. Mr. Legacy,198,1.0,0.020651
2026-05-13#t3050w0,2026-05-13,M. Monahan,135,0.0,0.741632
2026-05-13#t3051w0,2026-05-13,L’hon. M. Legacy,170,0.0,0.122336
2026-05-13#t3052w0,2026-05-13,Mr. Monahan,174,1.0,0.86719
2026-05-13#t3053w0,2026-05-13,Hon. Mr. Legacy,169,1.0,0.060478
2026-05-13#t3055w0,2026-05-13,Hon. Mr. Gauvin,221,0.0,0.071945
2026-05-13#t3056w0,2026-05-13,Mr. Savoie,79,0.0,0.530737
2026-05-13#t3057w0,2026-05-13,Hon. Mr. Gauvin,203,0.379,0.724007
2026-05-13#t3058w0,2026-05-13,Mr. Ames,126,1.0,0.978022
2026-05-13#t3059w0,2026-05-13,Mr. Coon,224,0.911,0.010227
2026-05-13#t3060w0,2026-05-13,Hon. Mr. McKee,132,0.538,0.368517
2026-05-13#t3061w0,2026-05-13,Mr. Weir,137,1.0,0.236302
2026-05-13#t3062w0,2026-05-13,Mr. Coon,151,1.0,0.013536
2026-05-13#t3063w0,2026-05-13,Hon. C. Chiasson,309,0.731,0.599133
2026-05-13#t3064w0,2026-05-13,Mr. Oliver,147,1.0,0.848013
2026-05-13#t3065w0,2026-05-13,Mr. Coon,218,0.982,0.038438
2026-05-13#t3067w0,2026-05-13,Hon. Mr. Herron,138,0.761,0.875407
2026-05-13#t3068w0,2026-05-13,Ms. M. Johnson,88,1.0,0.999075
2026-05-13#t3069w0,2026-05-13,Mr. M. LeBlanc,332,0.843,0.023448
2026-05-13#t3069w1,2026-05-13,Mr. M. LeBlanc,355,1.0,0.050183
2026-05-13#t3069w2,2026-05-13,Mr. M. LeBlanc,324,1.0,0.01184
2026-05-13#t3069w3,2026-05-13,Mr. M. LeBlanc,274,1.0,0.018332
2026-05-13#t3069w4,2026-05-13,Mr. M. LeBlanc,245,1.0,0.021943
2026-05-13#t3070w0,2026-05-13,Ms. M. Johnson,260,1.0,0.584352
2026-05-13#t3070w1,2026-05-13,Ms. M. Johnson,328,1.0,0.047766
2026-05-13#t3070w2,2026-05-13,Ms. M. Johnson,348,1.0,0.010537
2026-05-13#t3070w3,2026-05-13,Ms. M. Johnson,131,1.0,0.029873
2026-05-13#t3071w0,2026-05-13,Mr. Cullins,262,1.0,0.004083
2026-05-13#t3071w1,2026-05-13,Mr. Cullins,300,1.0,0.014076
2026-05-13#t3071w2,2026-05-13,Mr. Cullins,357,1.0,0.005772
2026-05-13#t3071w3,2026-05-13,Mr. Cullins,131,1.0,0.028367
2026-05-13#t3072w0,2026-05-13,Mr. Ames,290,1.0,0.020963
2026-05-13#t3072w1,2026-05-13,Mr. Ames,351,1.0,0.012395
2026-05-13#t3072w2,2026-05-13,Mr. Ames,284,1.0,0.062277
2026-05-13#t3072w3,2026-05-13,Mr. Ames,138,1.0,0.90255
2026-05-13#t3075w0,2026-05-13,Mr. Ames,272,1.0,0.017163
2026-05-13#t3075w1,2026-05-13,Mr. Ames,160,1.0,0.341171
2026-05-13#t3076w0,2026-05-13,Mr. Ames,257,1.0,0.02415
2026-05-13#t3076w1,2026-05-13,Mr. Ames,340,1.0,0.018216
2026-05-13#t3076w2,2026-05-13,Mr. Ames,352,1.0,0.005661
2026-05-13#t3076w3,2026-05-13,Mr. Ames,286,1.0,0.013506
2026-05-13#t3077w0,2026-05-13,Mr. Monahan,349,0.862,0.00855
2026-05-13#t3077w1,2026-05-13,Mr. Monahan,115,1.0,0.679836
2026-05-13#t3078w0,2026-05-13,Mr. Monahan,61,1.0,0.994081
2026-05-13#t3079w0,2026-05-13,Mr. Monahan,343,0.778,0.335882
2026-05-13#t3079w1,2026-05-13,Mr. Monahan,281,0.801,0.065652
2026-05-13#t3079w2,2026-05-13,Mr. Monahan,268,1.0,0.025145
2026-05-13#t3081w0,2026-05-13,Mr. Monahan,76,1.0,0.99941
2026-05-13#t3082w0,2026-05-13,Mr. Monahan,100,1.0,0.941419
2026-05-13#t3083w0,2026-05-13,Mr. Monahan,294,0.789,0.066513
2026-05-13#t3083w1,2026-05-13,Mr. Monahan,349,1.0,0.027802
2026-05-13#t3083w2,2026-05-13,Mr. Monahan,241,0.913,0.258266
2026-05-13#t3084w0,2026-05-13,Mr. Monahan,336,0.807,0.035523
2026-05-13#t3084w1,2026-05-13,Mr. Monahan,358,0.885,0.062254
2026-05-13#t3084w2,2026-05-13,Mr. Monahan,121,1.0,0.184778
2026-05-13#t3085w0,2026-05-13,Mr. Monahan,309,0.738,0.015084
2026-05-13#t3086w0,2026-05-13,Mr. Weir,360,1.0,0.012627
2026-05-13#t3086w1,2026-05-13,Mr. Weir,343,1.0,0.008933
2026-05-13#t3086w2,2026-05-13,Mr. Weir,314,1.0,0.016861
2026-05-13#t3086w3,2026-05-13,Mr. Weir,337,1.0,0.021239
2026-05-13#t3086w4,2026-05-13,Mr. Weir,286,1.0,0.015141
2026-05-13#t3086w5,2026-05-13,Mr. Weir,358,1.0,0.032284
2026-05-13#t3086w6,2026-05-13,Mr. Weir,320,1.0,0.017718
2026-05-13#t3086w7,2026-05-13,Mr. Weir,327,1.0,0.175985
2026-05-13#t3086w8,2026-05-13,Mr. Weir,319,1.0,0.011629
2026-05-13#t3086w9,2026-05-13,Mr. Weir,335,1.0,0.052942
2026-05-13#t3086w10,2026-05-13,Mr. Weir,353,1.0,0.184117
2026-05-13#t3086w11,2026-05-13,Mr. Weir,302,1.0,0.03747
2026-05-13#t3086w12,2026-05-13,Mr. Weir,331,1.0,0.020992
2026-05-13#t3086w13,2026-05-13,Mr. Weir,308,1.0,0.04858
2026-05-13#t3086w14,2026-05-13,Mr. Weir,248,1.0,0.139505
2026-05-13#t3087w0,2026-05-13,Mr. Weir,301,1.0,0.073455
2026-05-13#t3087w1,2026-05-13,Mr. Weir,92,1.0,0.986987
2026-05-13#t3088w0,2026-05-13,Mr. Weir,335,1.0,0.053628
2026-05-13#t3090w0,2026-05-13,Mr. M. LeBlanc,323,1.0,0.009021
2026-05-13#t3090w1,2026-05-13,Mr. M. LeBlanc,194,1.0,0.043391
2026-05-13#t3092w0,2026-05-13,Mr. Deputy Speaker,118,1.0,0.887483
2026-05-13#t3093w0,2026-05-13,Mr. M. LeBlanc,355,1.0,0.028125
2026-05-13#t3093w1,2026-05-13,Mr. M. LeBlanc,337,1.0,0.011603
2026-05-13#t3093w2,2026-05-13,Mr. M. LeBlanc,113,1.0,0.994045
2026-05-13#t3094w0,2026-05-13,Mr. M. LeBlanc,135,1.0,0.024339
2026-05-13#t3095w0,2026-05-13,,354,0.63,0.050076
2026-05-13#t3095w1,2026-05-13,,358,1.0,0.006018
2026-05-13#t3095w2,2026-05-13,,344,0.587,0.124342
2026-05-13#t3095w3,2026-05-13,,292,0.123,0.032556
2026-05-13#t3095w4,2026-05-13,,263,1.0,0.644333
2026-05-13#t3095w5,2026-05-13,,187,1.0,0.644853
2026-05-14#t3096w0,2026-05-14,Hon. Mr. Herron,133,0.759,0.116295
2026-05-14#t3097w0,2026-05-14,Mr. Bourque,180,0.0,0.03533
2026-05-14#t3098w0,2026-05-14,Hon. C. Chiasson,318,1.0,0.207844
2026-05-14#t3099w0,2026-05-14,Mr. Robichaud,189,0.0,0.044439
2026-05-14#t3100w0,2026-05-14,Mr. Weir,148,0.858,0.344437
2026-05-14#t3101w0,2026-05-14,Mr. Coon,177,1.0,0.540947
2026-05-14#t3102w0,2026-05-14,Mr. Mallet,151,0.0,0.294497
2026-05-14#t3103w0,2026-05-14,Mr. Russell,150,1.0,0.694036
2026-05-14#t3104w0,2026-05-14,Ms. Mitton,165,1.0,0.207775
2026-05-14#t3105w0,2026-05-14,Mr. Monahan,147,1.0,0.972811
2026-05-14#t3106w0,2026-05-14,Ms. Scott-Wallace,198,1.0,0.282615
2026-05-14#t3107w0,2026-05-14,Ms. Conroy,160,1.0,0.080426
2026-05-14#t3108w0,2026-05-14,Mr. Coon,177,0.977,0.008389
2026-05-14#t3109w0,2026-05-14,Mr. Doucet,170,0.0,0.076214
2026-05-14#t3110w0,2026-05-14,Mr. Oliver,155,1.0,0.229786
2026-05-14#t3111w0,2026-05-14,Ms. Vautour,155,0.0,0.948964
2026-05-14#t3112w0,2026-05-14,Mr. Weir,159,1.0,0.364019
2026-05-14#t3113w0,2026-05-14,Mr. M. LeBlanc,146,0.0,0.222654
2026-05-14#t3114w0,2026-05-14,Ms. M. Johnson,164,1.0,0.054504
2026-05-14#t3115w0,2026-05-14,Mr. Mallet,101,0.0,0.992052
2026-05-14#t3116w0,2026-05-14,Mr. Monahan,138,1.0,0.066777
2026-05-14#t3117w0,2026-05-14,Mr. Savoie,191,0.927,0.032432
2026-05-14#t3118w0,2026-05-14,Hon. Ms. Holt,77,0.948,0.96361
2026-05-14#t3119w0,2026-05-14,Hon. Ms. Holt,124,0.71,0.032347
2026-05-14#t3120w0,2026-05-14,Mr. Savoie,164,1.0,0.038599
2026-05-14#t3121w0,2026-05-14,Hon. Ms. Holt,199,1.0,0.030299
2026-05-14#t3122w0,2026-05-14,Mr. Savoie,159,1.0,0.364611
2026-05-14#t3123w0,2026-05-14,Hon. Ms. Holt,206,1.0,0.016185
2026-05-14#t3124w0,2026-05-14,Mr. Savoie,177,1.0,0.097275
2026-05-14#t3125w0,2026-05-14,Hon. Ms. Holt,142,0.0,0.029026
2026-05-14#t3126w0,2026-05-14,Mr. Savoie,187,0.914,0.215971
2026-05-14#t3127w0,2026-05-14,Hon. Ms. Holt,201,1.0,0.014957
2026-05-14#t3128w0,2026-05-14,Mr. Savoie,176,1.0,0.091292
2026-05-14#t3129w0,2026-05-14,Hon. Ms. Holt,188,1.0,0.011184
2026-05-14#t3130w0,2026-05-14,Mr. Lee,147,1.0,0.60966
2026-05-14#t3131w0,2026-05-14,Hon. C. Johnson,120,1.0,0.263014
2026-05-14#t3132w0,2026-05-14,Mr. Lee,155,1.0,0.730084
2026-05-14#t3133w0,2026-05-14,Hon. C. Johnson,80,0.0,0.991291
2026-05-14#t3134w0,2026-05-14,Mr. Lee,143,1.0,0.900766
2026-05-14#t3135w0,2026-05-14,Hon. C. Johnson,126,1.0,0.941527
2026-05-14#t3136w0,2026-05-14,Mr. Coon,147,1.0,0.126245
2026-05-14#t3137w0,2026-05-14,Hon. Mr. Legacy,137,1.0,0.01105
2026-05-14#t3138w0,2026-05-14,M. Coon,136,0.066,0.990213
2026-05-14#t3139w0,2026-05-14,Hon. Ms. Miles,151,1.0,0.321059
2026-05-14#t3140w0,2026-05-14,Mr. Austin,137,1.0,0.18998
2026-05-14#t3141w0,2026-05-14,Hon. Mr. Legacy,179,1.0,0.313862
2026-05-14#t3142w0,2026-05-14,Mr. Austin,163,1.0,0.191912
2026-05-14#t3143w0,2026-05-14,Hon. Mr. Legacy,96,1.0,0.850099
2026-05-14#t3144w0,2026-05-14,Mr. Austin,150,1.0,0.018189
2026-05-14#t3145w0,2026-05-14,Hon. Mr. Legacy,143,1.0,0.026084
2026-05-14#t3146w0,2026-05-14,Mr. Savoie,182,1.0,0.313092
2026-05-14#t3147w0,2026-05-14,Hon. Ms. Holt,204,1.0,0.015309
2026-05-14#t3149w0,2026-05-14,Hon. Ms. Thériault,296,0.0,0.122445
2026-05-14#t3150w0,2026-05-14,Ms. M. Wilson,254,1.0,0.13308
2026-05-14#t3151w0,2026-05-14,Mr. Coon,127,0.118,0.61694
2026-05-14#t3152w0,2026-05-14,Hon. C. Chiasson,73,0.877,0.993642
2026-05-14#t3153w0,2026-05-14,Hon. C. Chiasson,101,1.0,0.987774
2026-05-14#t3155w0,2026-05-14,Mr. Oliver,185,1.0,0.111867
2026-05-14#t3156w0,2026-05-14,Ms. Mitton,203,1.0,0.080047
2026-05-14#t3157w0,2026-05-14,Hon. Mr. Herron,347,0.813,0.261935
2026-05-14#t3157w1,2026-05-14,Hon. Mr. Herron,97,1.0,0.992527
2026-05-14#t3158w0,2026-05-14,Mr. Austin,235,1.0,0.01136
2026-05-14#t3158w1,2026-05-14,Mr. Austin,277,1.0,0.03549
2026-05-14#t3159w0,2026-05-14,Mr. Coon,289,0.986,0.022171
2026-05-14#t3159w1,2026-05-14,Mr. Coon,168,1.0,0.022817
2026-05-14#t3160w0,2026-05-14,Hon. Mr. Randall,185,0.805,0.209583
2026-05-14#t3161w0,2026-05-14,Ms. Conroy,169,1.0,0.39979
2026-05-14#t3162w0,2026-05-14,Mr. Coon,187,0.979,0.013347
2026-05-14#t3164w0,2026-05-14,Ms. M. Johnson,220,0.773,0.095479
2026-05-14#t3165w0,2026-05-14,Ms. M. Johnson,86,1.0,0.998261
2026-05-14#t3166w0,2026-05-14,Mr. M. LeBlanc,339,1.0,0.208996
2026-05-14#t3166w1,2026-05-14,Mr. M. LeBlanc,360,1.0,0.0202
2026-05-14#t3166w2,2026-05-14,Mr. M. LeBlanc,289,1.0,0.023315
2026-05-14#t3166w3,2026-05-14,Mr. M. LeBlanc,223,1.0,0.020516
2026-05-14#t3166w4,2026-05-14,Mr. M. LeBlanc,260,1.0,0.050176
2026-05-14#t3167w0,2026-05-14,Ms. Mitton,308,0.948,0.508487
2026-05-14#t3167w1,2026-05-14,Ms. Mitton,327,1.0,0.030469
2026-05-14#t3167w2,2026-05-14,Ms. Mitton,335,1.0,0.013127
2026-05-14#t3167w3,2026-05-14,Ms. Mitton,350,0.994,0.014371
2026-05-14#t3169w0,2026-05-14,Mr. Bourque,356,0.0,0.027876
2026-05-14#t3169w1,2026-05-14,Mr. Bourque,344,0.032,0.029913
2026-05-14#t3169w2,2026-05-14,Mr. Bourque,353,0.048,0.131343
2026-05-14#t3169w3,2026-05-14,Mr. Bourque,127,0.0,0.99035
2026-05-14#t3170w0,2026-05-14,Mr. Bourque,156,0.0,0.021912
2026-05-14#t3171w0,2026-05-14,Ms. M. Wilson,233,1.0,0.011631
2026-05-14#t3172w0,2026-05-14,Ms. M. Wilson,352,1.0,0.014043
2026-05-14#t3172w1,2026-05-14,Ms. M. Wilson,337,1.0,0.01887
2026-05-14#t3172w2,2026-05-14,Ms. M. Wilson,99,1.0,0.680991
2026-05-14#t3173w0,2026-05-14,Ms. M. Wilson,60,1.0,0.917766
2026-05-14#t3176w0,2026-05-14,Ms. M. Wilson,162,1.0,0.043279
2026-05-14#t3180w0,2026-05-14,Ms. M. Wilson,110,1.0,0.511267
2026-05-14#t3185w0,2026-05-14,Hon. Mr. Hickey,111,1.0,0.294498
2026-05-14#t3186w0,2026-05-14,Ms. Scott-Wallace,133,1.0,0.116246
2026-05-14#t3187w0,2026-05-14,Madam Speaker,340,0.968,0.30849
2026-05-14#t3187w1,2026-05-14,Madam Speaker,57,0.807,0.998897
2026-05-14#t3188w0,2026-05-14,Ms. Scott-Wallace,261,1.0,0.055993
2026-05-14#t3188w1,2026-05-14,Ms. Scott-Wallace,329,1.0,0.021321
2026-05-14#t3188w2,2026-05-14,Ms. Scott-Wallace,349,1.0,0.010054
2026-05-14#t3188w3,2026-05-14,Ms. Scott-Wallace,323,1.0,0.040424
2026-05-14#t3188w4,2026-05-14,Ms. Scott-Wallace,333,1.0,0.014317
2026-05-14#t3190w0,2026-05-14,Hon. Mr. Finnigan,336,0.625,0.040853
2026-05-14#t3191w0,2026-05-14,Hon. Mr. Finnigan,303,0.875,0.963767
2026-05-14#t3191w1,2026-05-14,Hon. Mr. Finnigan,350,0.497,0.382871
2026-05-14#t3191w2,2026-05-14,Hon. Mr. Finnigan,245,0.784,0.37014
2026-05-14#t3192w0,2026-05-14,Ms. M. Johnson,333,1.0,0.02294
2026-05-14#t3192w1,2026-05-14,Ms. M. Johnson,313,1.0,0.010815
2026-05-14#t3192w2,2026-05-14,Ms. M. Johnson,342,1.0,0.006331
2026-05-14#t3192w3,2026-05-14,Ms. M. Johnson,353,1.0,0.019738
2026-05-14#t3192w4,2026-05-14,Ms. M. Johnson,338,1.0,0.009672
2026-05-14#t3192w5,2026-05-14,Ms. M. Johnson,330,1.0,0.011833
2026-05-14#t3192w6,2026-05-14,Ms. M. Johnson,91,1.0,0.296928
2026-05-14#t3193w0,2026-05-14,Mr. J. LeBlanc,250,1.0,0.022916
2026-05-14#t3193w1,2026-05-14,Mr. J. LeBlanc,325,1.0,0.023145
2026-05-14#t3193w2,2026-05-14,Mr. J. LeBlanc,355,1.0,0.121514
2026-05-14#t3193w3,2026-05-14,Mr. J. LeBlanc,104,1.0,0.374891
2026-05-14#t3195w0,2026-05-14,Mr. J. LeBlanc,339,0.271,0.147392
2026-05-14#t3195w1,2026-05-14,Mr. J. LeBlanc,345,0.0,0.328403
2026-05-14#t3196w0,2026-05-14,Mr. Austin,342,1.0,0.011603
2026-05-14#t3196w1,2026-05-14,Mr. Austin,346,1.0,0.015344
2026-05-14#t3196w2,2026-05-14,Mr. Austin,356,1.0,0.02711
2026-05-14#t3196w3,2026-05-14,Mr. Austin,342,1.0,0.093321
2026-05-14#t3196w4,2026-05-14,Mr. Austin,300,1.0,0.038066
2026-05-14#t3196w5,2026-05-14,Mr. Austin,244,1.0,0.012111
2026-05-14#t3196w6,2026-05-14,Mr. Austin,191,1.0,0.010267
2026-05-14#t3197w0,2026-05-14,Mr. Coon,359,1.0,0.017908
2026-05-14#t3197w1,2026-05-14,Mr. Coon,358,1.0,0.100566
2026-05-14#t3197w2,2026-05-14,Mr. Coon,332,1.0,0.072611
2026-05-14#t3198w0,2026-05-14,Mr. Coon,338,1.0,0.068973
2026-05-14#t3198w1,2026-05-14,Mr. Coon,334,1.0,0.018196
2026-05-14#t3199w0,2026-05-14,Ms. Vautour,323,0.285,0.318364
2026-05-14#t3199w1,2026-05-14,Ms. Vautour,346,0.934,0.0405
2026-05-14#t3199w2,2026-05-14,Ms. Vautour,332,0.19,0.286805
2026-05-14#t3199w3,2026-05-14,Ms. Vautour,359,0.0,0.348488
2026-05-14#t3199w4,2026-05-14,Ms. Vautour,318,0.0,0.711694
2026-05-14#t3199w5,2026-05-14,Ms. Vautour,63,0.0,0.999242
2026-05-14#t3200w0,2026-05-14,Mr. Oliver,272,1.0,0.01315
2026-05-14#t3201w0,2026-05-14,Mr. Oliver,326,1.0,0.070826
2026-05-14#t3201w1,2026-05-14,Mr. Oliver,353,1.0,0.009083
2026-05-14#t3201w2,2026-05-14,Mr. Oliver,96,1.0,0.927666
2026-05-14#t3202w0,2026-05-14,Ms. Scott-Wallace,339,1.0,0.048829
2026-05-14#t3202w1,2026-05-14,Ms. Scott-Wallace,309,1.0,0.009743
2026-05-14#t3202w2,2026-05-14,Ms. Scott-Wallace,339,1.0,0.007452
2026-05-14#t3203w0,2026-05-14,,173,0.936,0.20318
2026-05-14#t3204w0,2026-05-14,Ms. M. Wilson,334,1.0,0.020054
2026-05-14#t3204w1,2026-05-14,Ms. M. Wilson,291,1.0,0.126777
2026-05-14#t3204w2,2026-05-14,Ms. M. Wilson,356,1.0,0.033877
2026-05-14#t3204w3,2026-05-14,Ms. M. Wilson,332,1.0,0.066935
2026-05-14#t3204w4,2026-05-14,Ms. M. Wilson,290,1.0,0.010075
2026-05-14#t3204w5,2026-05-14,Ms. M. Wilson,336,1.0,0.010097
2026-05-14#t3204w6,2026-05-14,Ms. M. Wilson,289,1.0,0.024074
2019-03-19#t1w0,2019-03-19,,59,1.0,0.995302
2019-03-19#t3w0,2019-03-19,Hon. Mr. Steeves,158,0.747,0.338652
2019-03-19#t4w0,2019-03-19,Hon. Mr. Steeves,358,0.975,0.017941
2019-03-19#t4w1,2019-03-19,Hon. Mr. Steeves,357,0.961,0.029074
2019-03-19#t4w2,2019-03-19,Hon. Mr. Steeves,76,1.0,0.995361
2019-03-19#t5w0,2019-03-19,,320,1.0,0.023927
2019-03-19#t5w1,2019-03-19,,292,0.966,0.020815
2019-03-19#t5w2,2019-03-19,,283,1.0,0.312425
2019-03-19#t5w3,2019-03-19,,332,0.988,0.024687
2019-03-19#t5w4,2019-03-19,,339,0.982,0.208984
2019-03-19#t5w5,2019-03-19,,335,1.0,0.121871
2019-03-19#t5w6,2019-03-19,,342,1.0,0.045176
2019-03-19#t5w7,2019-03-19,,330,0.988,0.183443
2019-03-19#t5w8,2019-03-19,,337,1.0,0.047131
2019-03-19#t5w9,2019-03-19,,338,0.985,0.103429
2019-03-19#t5w10,2019-03-19,,333,1.0,0.118762
2019-03-19#t5w11,2019-03-19,,200,0.865,0.257612
2019-03-19#t6w0,2019-03-19,,78,1.0,0.829793
2019-03-19#t7w0,2019-03-19,Mr. Speaker,157,1.0,0.432684
2019-03-29#t8w0,2019-03-29,,59,1.0,0.998467
2019-03-29#t9w0,2019-03-29,,328,0.872,0.4625
2019-03-29#t9w1,2019-03-29,,306,0.941,0.388428
2019-03-29#t9w2,2019-03-29,,319,0.661,0.065036
2019-03-29#t9w3,2019-03-29,,292,0.901,0.113982
2019-03-29#t9w4,2019-03-29,,301,0.874,0.083636
2019-03-29#t9w5,2019-03-29,,317,0.82,0.080324
2019-03-29#t9w6,2019-03-29,,341,1.0,0.046085
2019-03-29#t9w7,2019-03-29,,317,1.0,0.067308
2019-03-29#t9w8,2019-03-29,,328,1.0,0.988694
2019-03-29#t9w9,2019-03-29,,307,1.0,0.034086
2019-03-29#t9w10,2019-03-29,,248,0.879,0.546035
2019-03-29#t9w11,2019-03-29,,307,1.0,0.06302
2019-03-29#t9w12,2019-03-29,,287,1.0,0.85156
2019-03-29#t9w13,2019-03-29,,326,1.0,0.032012
2019-03-29#t9w14,2019-03-29,,279,1.0,0.056055
2019-03-29#t9w15,2019-03-29,,297,0.822,0.03483
2019-03-29#t9w16,2019-03-29,,344,1.0,0.17834
2019-03-29#t9w17,2019-03-29,,358,0.858,0.037625
2019-03-29#t9w18,2019-03-29,,308,0.883,0.033947
2019-03-29#t9w19,2019-03-29,,326,1.0,0.077863
2019-03-29#t9w20,2019-03-29,,95,1.0,0.992906
2019-03-29#t10w0,2019-03-29,,79,0.468,0.719639
2019-03-29#t11w0,2019-03-29,Mr. Chairman,211,0.313,0.668063
2019-03-29#t15w0,2019-03-29,Mr. Speaker addressed His Honour as follows,99,0.0,0.990393
2019-03-29#t18w0,2019-03-29,,193,0.176,0.078102
2019-03-29#t19w0,2019-03-29,Mr. Speaker,59,1.0,0.999054
2019-03-29#t21w0,2019-03-29,,113,1.0,0.52997
2019-05-10#t22w0,2019-05-10,,59,1.0,0.998467
2019-05-10#t23w0,2019-05-10,Hon. Mr. Stewart,247,1.0,0.039802
2019-05-10#t24w0,2019-05-10,Mr. Coon,99,1.0,0.956218
2019-05-10#t25w0,2019-05-10,Hon. Mr. Gauvin,141,0.0,0.150549
2019-05-10#t26w0,2019-05-10,Mr. D. Landry,106,1.0,0.455241
2019-05-10#t27w0,2019-05-10,Mr. Austin,201,1.0,0.084923
2019-05-10#t28w0,2019-05-10,Hon. Mrs. Anderson-Mason,223,1.0,0.040981
2019-05-10#t29w0,2019-05-10,Mrs. Harris,188,1.0,0.026817
2019-05-10#t30w0,2019-05-10,Hon. S. Wilson,224,1.0,0.15112
2019-05-10#t31w0,2019-05-10,Ms. Thériault,170,0.0,0.035273
2019-05-10#t32w0,2019-05-10,Ms. Mitton,154,0.981,0.583852
2019-05-10#t33w0,2019-05-10,Mr. LePage,170,0.0,0.192791
2019-05-10#t34w0,2019-05-10,Mr. Coon,178,1.0,0.013576
2019-05-10#t35w0,2019-05-10,Mr. Austin,218,1.0,0.054447
2019-05-10#t36w0,2019-05-10,Mr. Fitch,180,0.967,0.024917
2019-05-10#t37w0,2019-05-10,Mr. C. Chiasson,170,1.0,0.119066
2019-05-10#t38w0,2019-05-10,Mrs. Conroy,185,1.0,0.014621
2019-05-10#t39w0,2019-05-10,Ms. Mitton,223,1.0,0.040077
2019-05-10#t40w0,2019-05-10,Mr. Northrup,178,1.0,0.154914
2019-05-10#t41w0,2019-05-10,Mr. K. Chiasson,159,0.0,0.040497
2019-05-10#t42w0,2019-05-10,Mr. K. Arseneau,153,0.0,0.382846
2019-05-10#t43w0,2019-05-10,Mr. DeSaulniers,158,1.0,0.249747
2019-05-10#t44w0,2019-05-10,Mr. Crossman,165,1.0,0.182403
2019-05-10#t45w0,2019-05-10,Mr. D. Landry,119,0.0,0.405925
2019-05-10#t46w0,2019-05-10,Hon. Mr. Higgs,186,1.0,0.023275
2019-05-10#t47w0,2019-05-10,Mr. D. Landry,136,0.0,0.510992
2019-05-10#t48w0,2019-05-10,Hon. Mr. Higgs,237,1.0,0.017185
2019-05-10#t49w0,2019-05-10,Mr. D. Landry,67,0.0,0.938459
2019-05-10#t50w0,2019-05-10,Hon. Mr. Higgs,252,1.0,0.03579
2019-05-10#t52w0,2019-05-10,Hon. Mr. Holder,58,1.0,0.998444
2019-05-10#t53w0,2019-05-10,Hon. Mr. Holder,55,1.0,0.996825
2019-05-10#t54w0,2019-05-10,Mr. Harvey,101,1.0,0.911578
2019-05-10#t55w0,2019-05-10,Hon. Mr. Holder,69,1.0,0.965034
2019-05-10#t57w0,2019-05-10,Mr. Harvey,90,1.0,0.970288
2019-05-10#t58w0,2019-05-10,Hon. Mr. Holder,148,1.0,0.064759
2019-05-10#t59w0,2019-05-10,Mr. C. Chiasson,65,1.0,0.999378
2019-05-10#t60w0,2019-05-10,Hon. S. Wilson,78,1.0,0.998869
2019-05-10#t61w0,2019-05-10,Mr. C. Chiasson,74,1.0,0.996939
2019-05-10#t62w0,2019-05-10,Hon. S. Wilson,122,1.0,0.852586
2019-05-10#t63w0,2019-05-10,Mr. C. Chiasson,114,1.0,0.969478
2019-05-10#t64w0,2019-05-10,Hon. S. Wilson,63,1.0,0.99873
2019-05-10#t65w0,2019-05-10,Mr. D’Amours,75,0.0,0.998329
2019-05-10#t66w0,2019-05-10,Hon. Mr. Flemming,135,1.0,0.100021
2019-05-10#t67w0,2019-05-10,Mr. D’Amours,139,1.0,0.309775
2019-05-10#t68w0,2019-05-10,Hon. Mr. Flemming,117,1.0,0.994857
2019-05-10#t69w0,2019-05-10,Mr. Bourque,141,1.0,0.04227
2019-05-10#t70w0,2019-05-10,Hon. Mr. Higgs,255,1.0,0.025025
2019-05-10#t71w0,2019-05-10,Mr. Bourque,177,1.0,0.018303
2019-05-10#t72w0,2019-05-10,Hon. Mr. Higgs,252,1.0,0.027015
2019-05-10#t73w0,2019-05-10,Mr. Austin,113,1.0,0.796891
2019-05-10#t74w0,2019-05-10,Hon. Mr. Higgs,201,1.0,0.019922
2019-05-10#t75w0,2019-05-10,Mr. Austin,132,1.0,0.187446
2019-05-10#t76w0,2019-05-10,Hon. Mr. Higgs,259,1.0,0.017941
2019-05-10#t77w0,2019-05-10,Mr. K. Arseneau,175,1.0,0.975387
2019-05-10#t78w0,2019-05-10,Hon. Mr. Stewart,168,1.0,0.00808
2019-05-10#t79w0,2019-05-10,Mr. K. Arseneau,176,1.0,0.985047
2019-05-10#t80w0,2019-05-10,Hon. Mr. Stewart,212,1.0,0.026406
2019-05-10#t81w0,2019-05-10,Mr. Horsman,178,1.0,0.014471
2019-05-10#t82w0,2019-05-10,Hon. Mr. Higgs,170,1.0,0.152414
2019-05-10#t87w0,2019-05-10,Hon. S. Wilson,143,1.0,0.127351
2019-05-10#t88w0,2019-05-10,Mrs. M. LeBlanc,134,0.0,0.353643
2019-05-10#t89w0,2019-05-10,Ms. Mitton,141,1.0,0.91353
2019-05-10#t90w0,2019-05-10,Mrs. Conroy,202,1.0,0.435436
2019-05-10#t91w0,2019-05-10,Hon. Mr. Cardy,236,0.801,0.034136
2019-05-10#t92w0,2019-05-10,Mr. C. Chiasson,200,0.905,0.108922
2019-05-10#t93w0,2019-05-10,Ms. Mitton,204,0.853,0.419215
2019-05-10#t94w0,2019-05-10,Mr. Austin,119,1.0,0.711341
2019-05-10#t95w0,2019-05-10,Hon. Mr. Stewart,234,1.0,0.399823
2019-05-10#t96w0,2019-05-10,Mrs. Harris,266,1.0,0.082305
2019-05-10#t97w0,2019-05-10,Mr. K. Arseneau,156,1.0,0.035152
2019-05-10#t99w0,2019-05-10,Mr. Austin,148,1.0,0.167364
2019-05-10#t100w0,2019-05-10,Hon. Mr. Gauvin,81,0.0,0.997112
2019-05-10#t101w0,2019-05-10,Mr. J. LeBlanc,55,0.0,0.998235
2019-05-10#t103w0,2019-05-10,Hon. Mr. Stewart,276,1.0,0.418032
2019-05-10#t104w0,2019-05-10,Mrs. Harris,255,1.0,0.158403
2019-05-10#t105w0,2019-05-10,Ms. Mitton,245,1.0,0.035748
2019-05-10#t106w0,2019-05-10,Mr. DeSaulniers,113,1.0,0.536002
2019-05-10#t107w0,2019-05-10,Mr. Coon,252,1.0,0.027233
2019-05-10#t108w0,2019-05-10,,359,0.905,0.709577
2019-05-10#t108w1,2019-05-10,,268,0.836,0.912237
2019-05-10#t109w0,2019-05-10,,329,0.568,0.07153
2019-05-10#t109w1,2019-05-10,,216,0.833,0.053283
2019-05-10#t110w0,2019-05-10,Mr. G. Arseneault,222,1.0,0.017937
2019-05-10#t111w0,2019-05-10,Mr. Savoie,129,1.0,0.78209
2019-05-10#t112w0,2019-05-10,Mr. Savoie,85,1.0,0.694066
2019-11-19#t113w0,2019-11-19,,120,0.9,0.589626
2019-11-19#t114w0,2019-11-19,Mr. Speaker,81,0.704,0.205589
2019-11-19#t116w0,2019-11-19,,331,0.795,0.042694
2019-11-19#t116w1,2019-11-19,,352,1.0,0.102308
2019-11-19#t116w2,2019-11-19,,347,0.553,0.877188
2019-11-19#t116w3,2019-11-19,,359,0.805,0.550017
2019-11-19#t116w4,2019-11-19,,354,0.749,0.600131
2019-11-19#t116w5,2019-11-19,,323,0.913,0.955728
2019-11-19#t116w6,2019-11-19,,314,1.0,0.165734
2019-11-19#t116w7,2019-11-19,,323,0.554,0.415311
2019-11-19#t116w8,2019-11-19,,330,0.788,0.932331
2019-11-19#t116w9,2019-11-19,,320,0.641,0.460901
2019-11-19#t116w10,2019-11-19,,325,0.831,0.015596
2019-11-19#t116w11,2019-11-19,,349,0.857,0.213552
2019-11-19#t116w12,2019-11-19,,357,0.829,0.810132
2019-11-19#t116w13,2019-11-19,,281,0.623,0.138384
2019-11-19#t117w0,2019-11-19,,315,0.898,0.294329
2019-11-19#t117w1,2019-11-19,,341,0.912,0.103831
2019-11-19#t117w2,2019-11-19,,328,0.64,0.416352
2019-11-19#t118w0,2019-11-19,,359,0.688,0.715445
2019-11-19#t118w1,2019-11-19,,360,0.714,0.965882
2019-11-19#t120w0,2019-11-19,Mr. Speaker,153,0.033,0.990523
2019-11-19#t121w0,2019-11-19,,351,1.0,0.026608
2019-11-19#t121w1,2019-11-19,,325,1.0,0.079232
2019-11-19#t121w2,2019-11-19,,347,1.0,0.044858
2019-11-19#t121w3,2019-11-19,,106,1.0,0.975838
2019-11-19#t122w0,2019-11-19,"Mr. Crossman, as seconder, spoke as follows",264,1.0,0.013127
2019-11-19#t122w1,2019-11-19,"Mr. Crossman, as seconder, spoke as follows",314,1.0,0.083514
2019-11-19#t122w2,2019-11-19,"Mr. Crossman, as seconder, spoke as follows",326,1.0,0.980041
2019-11-19#t122w3,2019-11-19,"Mr. Crossman, as seconder, spoke as follows",305,0.921,0.137024
2019-11-19#t122w4,2019-11-19,"Mr. Crossman, as seconder, spoke as follows",96,1.0,0.541664
2019-11-27#t123w0,2019-11-27,,59,0.746,0.998676
2019-11-27#t124w0,2019-11-27,Mr. D’Amours,151,0.377,0.484375
2019-11-27#t125w0,2019-11-27,Hon. Mr. Gauvin,99,0.96,0.906495
2019-11-27#t126w0,2019-11-27,Hon. Mr. Urquhart,222,1.0,0.333458
2019-11-27#t127w0,2019-11-27,Mr. Harvey,196,1.0,0.10626
2019-11-27#t128w0,2019-11-27,Mr. Coon,175,1.0,0.030495
2019-11-27#t129w0,2019-11-27,Mr. Fairgrieve,117,1.0,0.902361
2019-11-27#t130w0,2019-11-27,Mr. Horsman,180,1.0,0.184451
2019-11-27#t131w0,2019-11-27,Hon. Mr. Stewart,183,1.0,0.07352
2019-11-27#t132w0,2019-11-27,Ms. Thériault,140,0.0,0.24319
2019-11-27#t133w0,2019-11-27,Ms. Mitton,104,0.0,0.984225
2019-11-27#t135w0,2019-11-27,Ms. Mitton,152,0.974,0.784544
2019-11-27#t136w0,2019-11-27,Mrs. M. LeBlanc,123,0.0,0.066296
2019-11-27#t137w0,2019-11-27,Mr. Coon,147,1.0,0.013234
2019-11-27#t138w0,2019-11-27,Mr. Austin,172,1.0,0.024581
2019-11-27#t139w0,2019-11-27,Mr. Northrup,167,1.0,0.995076
2019-11-27#t140w0,2019-11-27,Mr. Harvey,159,1.0,0.127529
2019-11-27#t141w0,2019-11-27,Ms. Mitton,169,1.0,0.148083
2019-11-27#t142w0,2019-11-27,Mr. Fairgrieve,107,1.0,0.680495
2019-11-27#t143w0,2019-11-27,Mr. Horsman,158,1.0,0.063597
2019-11-27#t144w0,2019-11-27,Mr. DeSaulniers,131,1.0,0.611635
2019-11-27#t145w0,2019-11-27,Mr. Savoie,137,1.0,0.144191
2019-11-27#t146w0,2019-11-27,Mr. D. Landry,117,0.359,0.766447
2019-11-27#t147w0,2019-11-27,Hon. Mr. Holder,125,1.0,0.6006
2019-11-27#t148w0,2019-11-27,Mr. D. Landry,65,1.0,0.98878
2019-11-27#t149w0,2019-11-27,Hon. Mr. Holder,125,1.0,0.057665
2019-11-27#t150w0,2019-11-27,Mr. D. Landry,66,0.0,0.999484
2019-11-27#t151w0,2019-11-27,Hon. Mr. Holder,182,1.0,0.033681
2019-11-27#t152w0,2019-11-27,Mr. G. Arseneault,141,1.0,0.242754
2019-11-27#t153w0,2019-11-27,Hon. Mr. Holder,198,1.0,0.014115
2019-11-27#t154w0,2019-11-27,Mr. G. Arseneault,67,0.448,0.999246
2019-11-27#t155w0,2019-11-27,Hon. Mr. Holder,208,1.0,0.049858
2019-11-27#t156w0,2019-11-27,Mr. G. Arseneault,154,1.0,0.022914
2019-11-27#t157w0,2019-11-27,Hon. Mr. Holder,232,0.953,0.255719
2019-11-27#t158w0,2019-11-27,Mr. LePage,139,0.0,0.997673
2019-11-27#t159w0,2019-11-27,Hon. Mrs. Shephard,120,1.0,0.041797
2019-11-27#t160w0,2019-11-27,Mr. LePage,132,0.0,0.983244
2019-11-27#t161w0,2019-11-27,Hon. Mr. Higgs,249,1.0,0.032378
2019-11-27#t162w0,2019-11-27,Mr. LePage,125,0.248,0.994809
2019-11-27#t163w0,2019-11-27,Hon. Mrs. Shephard,137,1.0,0.476326
2019-11-27#t164w0,2019-11-27,Mrs. Conroy,128,1.0,0.828531
2019-11-27#t165w0,2019-11-27,Hon. Mr. Holland,182,1.0,0.198033
2019-11-27#t166w0,2019-11-27,Mrs. Conroy,76,1.0,0.999358
2019-11-27#t167w0,2019-11-27,Hon. Mr. Holland,214,1.0,0.03214
2019-11-27#t168w0,2019-11-27,Ms. Mitton,153,1.0,0.220185
2019-11-27#t169w0,2019-11-27,Hon. Mr. Holder,170,1.0,0.390742
2019-11-27#t170w0,2019-11-27,Ms. Mitton,166,1.0,0.231328
2019-11-27#t171w0,2019-11-27,Hon. Mr. Holder,149,1.0,0.179618
2019-11-27#t172w0,2019-11-27,Mrs. Harris,60,1.0,0.999476
2019-11-27#t173w0,2019-11-27,Hon. Mr. Wetmore,110,1.0,0.664952
2019-11-27#t174w0,2019-11-27,Mrs. Harris,222,1.0,0.987976
2019-11-27#t175w0,2019-11-27,Hon. Mr. Higgs,189,1.0,0.030668
2019-11-27#t176w0,2019-11-27,Mrs. Harris,115,1.0,0.570637
2019-11-27#t177w0,2019-11-27,Hon. Mr. Higgs,178,1.0,0.290676
2019-11-27#t178w0,2019-11-27,Mr. Bourque,101,1.0,0.996072
2019-11-27#t179w0,2019-11-27,Hon. Mr. Carr,148,1.0,0.068198
2019-11-27#t180w0,2019-11-27,Ms. Rogers,96,1.0,0.910379
2019-11-27#t182w0,2019-11-27,Mr. Horsman,60,0.767,0.996187
2019-11-27#t183w0,2019-11-27,Hon. Mr. Holland,163,1.0,0.455259
2019-11-27#t184w0,2019-11-27,Mr. Bourque,142,1.0,0.713285
2019-11-27#t185w0,2019-11-27,Mr. Austin,108,1.0,0.875124
2019-11-27#t187w0,2019-11-27,Mr. Crossman,107,1.0,0.454954
2019-11-27#t188w0,2019-11-27,Hon. Mr. Carr,205,1.0,0.111539
2019-11-27#t189w0,2019-11-27,Ms. Rogers,116,1.0,0.149515
2019-11-27#t190w0,2019-11-27,Mr. Coon,220,1.0,0.045305
2019-11-27#t191w0,2019-11-27,Hon. Mr. Gauvin,206,0.0,0.193928
2019-11-27#t192w0,2019-11-27,Mr. Bourque,196,0.842,0.091437
2019-11-27#t193w0,2019-11-27,Mr. Coon,127,1.0,0.297217
2019-11-27#t194w0,2019-11-27,Mr. DeSaulniers,117,1.0,0.41985
2019-11-27#t195w0,2019-11-27,Hon. Mr. Stewart,247,1.0,0.074004
2019-11-27#t196w0,2019-11-27,Mrs. Harris,113,1.0,0.717249
2019-11-27#t197w0,2019-11-27,Mr. Coon,147,1.0,0.484621
2019-11-27#t198w0,2019-11-27,Mrs. Conroy,124,1.0,0.252972
2019-11-27#t200w0,2019-11-27,Hon. S. Wilson,55,1.0,0.813936
2019-11-27#t202w0,2019-11-27,Mr. Speaker,318,0.943,0.778228
2019-11-27#t202w1,2019-11-27,Mr. Speaker,342,0.573,0.466475
2019-11-27#t203w0,2019-11-27,,352,1.0,0.094384
2019-11-27#t203w1,2019-11-27,,77,1.0,0.976167
2019-11-27#t205w0,2019-11-27,Mr. Savoie,66,1.0,0.971096
2019-11-27#t206w0,2019-11-27,,307,0.743,0.135057
2019-11-27#t207w0,2019-11-27,Mr. McKee,104,1.0,0.91698
2019-11-27#t208w0,2019-11-27,Mr. Coon,112,1.0,0.623951
2019-11-27#t209w0,2019-11-27,Mrs. M. LeBlanc,123,0.187,0.814252
2019-11-27#t212w0,2019-11-27,,273,0.861,0.024335
2019-11-27#t213w0,2019-11-27,Mr. Melanson,66,1.0,0.997501
2019-11-27#t214w0,2019-11-27,Mr. Coon,87,1.0,0.990653
2019-11-27#t216w0,2019-11-27,,342,1.0,0.161695
2019-11-27#t216w1,2019-11-27,,132,1.0,0.984544
2019-11-27#t217w0,2019-11-27,Mr. McKee,133,1.0,0.929952
2019-11-27#t218w0,2019-11-27,Mr. Coon,160,0.869,0.289955
2019-11-27#t219w0,2019-11-27,,226,0.925,0.139949
2019-11-27#t220w0,2019-11-27,Mr. Melanson,144,1.0,0.047672
2019-11-27#t221w0,2019-11-27,Mr. Coon,92,1.0,0.999168
2019-11-27#t222w0,2019-11-27,,304,1.0,0.05292
2019-11-27#t223w0,2019-11-27,M. D’Amours,298,0.691,0.016052
2019-11-27#t223w1,2019-11-27,M. D’Amours,189,0.0,0.48752
2019-11-27#t224w0,2019-11-27,Mr. Speaker,64,1.0,0.999223
2019-11-27#t228w0,2019-11-27,Mr. D’Amours,343,0.531,0.033948
2019-11-27#t228w1,2019-11-27,Mr. D’Amours,260,0.0,0.026997
2019-11-27#t229w0,2019-11-27,Ms. Mitton,194,1.0,0.008916
2019-11-27#t230w0,2019-11-27,Mr. Austin,332,1.0,0.094485
2019-11-27#t230w1,2019-11-27,Mr. Austin,316,1.0,0.038922
2019-11-27#t230w2,2019-11-27,Mr. Austin,241,1.0,0.855027
2019-11-27#t230w3,2019-11-27,Mr. Austin,349,1.0,0.019719
2019-11-27#t230w4,2019-11-27,Mr. Austin,322,1.0,0.032942
2019-11-27#t230w5,2019-11-27,Mr. Austin,339,1.0,0.044615
2019-11-27#t230w6,2019-11-27,Mr. Austin,294,1.0,0.897138
2019-11-27#t230w7,2019-11-27,Mr. Austin,338,1.0,0.013153
2019-11-27#t230w8,2019-11-27,Mr. Austin,331,1.0,0.030975
2019-11-27#t230w9,2019-11-27,Mr. Austin,349,1.0,0.167831
2019-11-27#t230w10,2019-11-27,Mr. Austin,338,1.0,0.084245
2019-11-27#t230w11,2019-11-27,Mr. Austin,355,1.0,0.485199
2019-11-27#t230w12,2019-11-27,Mr. Austin,323,1.0,0.293951
2019-11-27#t230w13,2019-11-27,Mr. Austin,113,1.0,0.984921
2019-11-27#t231w0,2019-11-27,Mr. C. Chiasson,160,0.762,0.482117
2019-11-27#t232w0,2019-11-27,Mr. C. Chiasson,360,0.739,0.070365
2019-11-27#t232w1,2019-11-27,Mr. C. Chiasson,353,0.538,0.029914
2019-11-27#t232w2,2019-11-27,Mr. C. Chiasson,340,0.462,0.041622
2019-11-27#t232w3,2019-11-27,Mr. C. Chiasson,352,0.773,0.015013
2019-11-27#t232w4,2019-11-27,Mr. C. Chiasson,347,0.948,0.016791
2019-11-27#t232w5,2019-11-27,Mr. C. Chiasson,340,0.924,0.191273
2019-11-27#t232w6,2019-11-27,Mr. C. Chiasson,146,1.0,0.473218
2019-11-27#t234w0,2019-11-27,Mr. Savoie,92,1.0,0.587803
2019-11-27#t235w0,2019-11-27,Mr. G. Arseneault,104,1.0,0.939124
2019-11-27#t236w0,2019-11-27,Mr. Speaker,96,1.0,0.993263
2019-11-27#t237w0,2019-11-27,Mr. C. Chiasson,298,0.735,0.044919
2019-11-27#t237w1,2019-11-27,Mr. C. Chiasson,340,0.753,0.053011
2019-11-27#t237w2,2019-11-27,Mr. C. Chiasson,285,1.0,0.108338
2019-11-27#t237w3,2019-11-27,Mr. C. Chiasson,342,0.371,0.043714
2019-11-27#t237w4,2019-11-27,Mr. C. Chiasson,353,1.0,0.054561
2019-11-27#t237w5,2019-11-27,Mr. C. Chiasson,154,1.0,0.438408
2019-11-27#t238w0,2019-11-27,Ms. Mitton,304,0.763,0.090699
2019-11-27#t238w1,2019-11-27,Ms. Mitton,356,0.601,0.020647
2019-11-27#t238w2,2019-11-27,Ms. Mitton,302,0.907,0.097796
2019-11-27#t238w3,2019-11-27,Ms. Mitton,334,0.746,0.026857
2019-11-27#t238w4,2019-11-27,Ms. Mitton,263,0.745,0.015354
2019-11-27#t238w5,2019-11-27,Ms. Mitton,240,1.0,0.520179
2019-11-27#t238w6,2019-11-27,Ms. Mitton,335,0.815,0.171837
2019-11-27#t238w7,2019-11-27,Ms. Mitton,355,0.789,0.009851
2019-11-27#t238w8,2019-11-27,Ms. Mitton,315,1.0,0.021746
2019-11-27#t238w9,2019-11-27,Ms. Mitton,304,0.391,0.089618
2019-11-27#t238w10,2019-11-27,Ms. Mitton,346,1.0,0.023028
2019-11-27#t238w11,2019-11-27,Ms. Mitton,359,0.76,0.063276
2019-11-27#t238w12,2019-11-27,Ms. Mitton,279,1.0,0.326309
2019-11-27#t238w13,2019-11-27,Ms. Mitton,202,1.0,0.111018
2019-11-27#t238w14,2019-11-27,Ms. Mitton,193,0.984,0.451877
2019-11-27#t239w0,2019-11-27,Mr. DeSaulniers,325,1.0,0.029662
2019-11-27#t239w1,2019-11-27,Mr. DeSaulniers,303,1.0,0.518362
2019-11-27#t239w2,2019-11-27,Mr. DeSaulniers,337,1.0,0.141
2019-11-27#t239w3,2019-11-27,Mr. DeSaulniers,295,1.0,0.256357
2019-11-27#t239w4,2019-11-27,Mr. DeSaulniers,232,1.0,0.33615
2019-11-27#t239w5,2019-11-27,Mr. DeSaulniers,259,1.0,0.056132
2019-11-27#t240w0,2019-11-27,Mr. G. Arseneault,77,1.0,0.985825
2019-11-27#t242w0,2019-11-27,Mr. DeSaulniers,272,1.0,0.07614
2019-11-27#t243w0,2019-11-27,Hon. Mr. Carr,319,1.0,0.113283
2019-11-27#t243w1,2019-11-27,Hon. Mr. Carr,326,1.0,0.01641
2019-11-27#t243w2,2019-11-27,Hon. Mr. Carr,359,1.0,0.045283
2019-11-27#t243w3,2019-11-27,Hon. Mr. Carr,172,1.0,0.754039
2019-11-27#t244w0,2019-11-27,Hon. Mr. Carr,102,1.0,0.996695
2019-11-27#t245w0,2019-11-27,Hon. Mr. Carr,351,1.0,0.07679
2019-11-27#t245w1,2019-11-27,Hon. Mr. Carr,290,1.0,0.015212
2019-11-27#t246w0,2019-11-27,Hon. Mr. Carr,320,1.0,0.017098
2019-11-27#t246w1,2019-11-27,Hon. Mr. Carr,252,1.0,0.027407
2019-11-27#t246w2,2019-11-27,Hon. Mr. Carr,258,1.0,0.028759
2019-11-27#t246w3,2019-11-27,Hon. Mr. Carr,359,1.0,0.199495
2019-11-27#t246w4,2019-11-27,Hon. Mr. Carr,235,1.0,0.014297
2019-11-27#t246w5,2019-11-27,Hon. Mr. Carr,220,1.0,0.057639
2019-11-27#t247w0,2019-11-27,Hon. Mr. Carr,335,1.0,0.023661
2019-11-27#t247w1,2019-11-27,Hon. Mr. Carr,352,1.0,0.047114
2019-11-27#t247w2,2019-11-27,Hon. Mr. Carr,330,1.0,0.04889
2019-11-27#t247w3,2019-11-27,Hon. Mr. Carr,291,1.0,0.012694
2019-11-27#t247w4,2019-11-27,Hon. Mr. Carr,336,1.0,0.024512
2019-11-27#t249w0,2019-11-27,Hon. Mr. Carr,329,1.0,0.155094
2019-11-27#t249w1,2019-11-27,Hon. Mr. Carr,51,1.0,0.998864
2019-11-27#t250w0,2019-11-27,Mr. K. Chiasson,349,0.418,0.880156
2019-11-27#t250w1,2019-11-27,Mr. K. Chiasson,149,0.0,0.006012
2019-11-27#t251w0,2019-11-27,,345,0.0,0.016195
2019-11-27#t252w0,2019-11-27,Mr. K. Chiasson,344,0.0,0.018414
2019-11-27#t252w1,2019-11-27,Mr. K. Chiasson,346,0.0,0.157611
2019-11-27#t252w2,2019-11-27,Mr. K. Chiasson,339,0.0,0.043552
2019-11-27#t252w3,2019-11-27,Mr. K. Chiasson,51,0.176,0.999238
2019-11-27#t253w0,2019-11-27,Mr. K. Chiasson,340,0.0,0.047118
2019-11-27#t253w1,2019-11-27,Mr. K. Chiasson,286,0.0,0.046907
2019-11-27#t253w2,2019-11-27,Mr. K. Chiasson,273,0.0,0.382977
2019-11-27#t253w3,2019-11-27,Mr. K. Chiasson,309,0.0,0.198436
2019-11-27#t253w4,2019-11-27,Mr. K. Chiasson,323,0.065,0.163844
2019-11-27#t253w5,2019-11-27,Mr. K. Chiasson,289,0.0,0.165648
2019-11-27#t253w6,2019-11-27,Mr. K. Chiasson,176,0.0,0.372528
2019-11-27#t254w0,2019-11-27,Mr. K. Chiasson,258,0.0,0.009044
2019-11-27#t254w1,2019-11-27,Mr. K. Chiasson,224,0.054,0.082851
2019-11-27#t256w0,2019-11-27,Mr. K. Chiasson,178,1.0,0.760226
2019-11-27#t257w0,2019-11-27,Mr. K. Chiasson,76,1.0,0.999424
2019-11-27#t258w0,2019-11-27,Mr. K. Chiasson,168,1.0,0.928967
2019-11-27#t259w0,2019-11-27,Hon. Mr. Cardy,357,1.0,0.011891
2019-11-27#t259w1,2019-11-27,Hon. Mr. Cardy,322,1.0,0.008075
2019-11-27#t259w2,2019-11-27,Hon. Mr. Cardy,298,1.0,0.007026
2019-11-27#t259w3,2019-11-27,Hon. Mr. Cardy,277,1.0,0.011141
2019-11-27#t259w4,2019-11-27,Hon. Mr. Cardy,311,1.0,0.060181
2019-11-27#t259w5,2019-11-27,Hon. Mr. Cardy,272,1.0,0.009729
2019-11-27#t260w0,2019-11-27,Hon. Mr. Cardy,324,1.0,0.020605
2019-11-27#t260w1,2019-11-27,Hon. Mr. Cardy,199,1.0,0.208713
2019-11-27#t260w2,2019-11-27,Hon. Mr. Cardy,355,1.0,0.007811
2019-11-27#t260w3,2019-11-27,Hon. Mr. Cardy,78,1.0,0.999465
2019-11-27#t261w0,2019-11-27,Hon. Mr. Cardy,270,1.0,0.115574
2019-11-27#t261w1,2019-11-27,Hon. Mr. Cardy,297,1.0,0.018206
2019-11-27#t261w2,2019-11-27,Hon. Mr. Cardy,356,1.0,0.011424
2019-11-27#t261w3,2019-11-27,Hon. Mr. Cardy,297,1.0,0.043298
2019-11-27#t261w4,2019-11-27,Hon. Mr. Cardy,350,1.0,0.008269
2019-11-27#t261w5,2019-11-27,Hon. Mr. Cardy,324,1.0,0.028065
2019-11-27#t261w6,2019-11-27,Hon. Mr. Cardy,289,1.0,0.006412
2019-11-27#t261w7,2019-11-27,Hon. Mr. Cardy,154,1.0,0.155342
2019-11-27#t261w8,2019-11-27,Hon. Mr. Cardy,266,1.0,0.018205
2019-11-27#t261w9,2019-11-27,Hon. Mr. Cardy,313,1.0,0.025866
2019-11-27#t261w10,2019-11-27,Hon. Mr. Cardy,308,1.0,0.007261
2019-11-27#t261w11,2019-11-27,Hon. Mr. Cardy,248,1.0,0.014234
2019-11-27#t261w12,2019-11-27,Hon. Mr. Cardy,284,1.0,0.098845
2019-11-27#t261w13,2019-11-27,Hon. Mr. Cardy,320,1.0,0.58424
2019-11-27#t261w14,2019-11-27,Hon. Mr. Cardy,264,1.0,0.009943
2019-11-27#t261w15,2019-11-27,Hon. Mr. Cardy,208,0.827,0.148029
2019-11-27#t262w0,2019-11-27,Mr. Horsman,323,1.0,0.020775
2019-11-27#t262w1,2019-11-27,Mr. Horsman,287,1.0,0.033353
2019-11-27#t262w2,2019-11-27,Mr. Horsman,279,1.0,0.099765
2019-11-27#t262w3,2019-11-27,Mr. Horsman,295,1.0,0.026664
2019-11-27#t262w4,2019-11-27,Mr. Horsman,316,1.0,0.011699
2019-11-27#t262w5,2019-11-27,Mr. Horsman,293,1.0,0.057067
2019-11-27#t262w6,2019-11-27,Mr. Horsman,208,1.0,0.026073
2019-11-27#t263w0,2019-11-27,Mr. Horsman,195,1.0,0.046222
2019-11-27#t264w0,2019-11-27,Mr. Horsman,347,1.0,0.055636
2019-11-27#t264w1,2019-11-27,Mr. Horsman,323,1.0,0.006519
2019-11-27#t265w0,2019-11-27,Mr. Horsman,59,1.0,0.959434
2019-11-27#t266w0,2019-11-27,Mr. Horsman,162,1.0,0.934449
2019-11-27#t267w0,2019-11-27,Mr. Horsman,245,1.0,0.020389
2019-11-27#t267w1,2019-11-27,Mr. Horsman,346,1.0,0.071492
2019-11-27#t267w2,2019-11-27,Mr. Horsman,291,1.0,0.067915
2019-11-27#t267w3,2019-11-27,Mr. Horsman,344,1.0,0.043823
2019-11-27#t267w4,2019-11-27,Mr. Horsman,276,1.0,0.051217
2019-11-27#t267w5,2019-11-27,Mr. Horsman,314,1.0,0.152327
2019-11-27#t267w6,2019-11-27,Mr. Horsman,307,1.0,0.178239
2019-11-27#t267w7,2019-11-27,Mr. Horsman,248,1.0,0.069294
2019-11-27#t267w8,2019-11-27,Mr. Horsman,349,1.0,0.053305
2019-11-27#t267w9,2019-11-27,Mr. Horsman,74,1.0,0.332373
2019-11-27#t268w0,2019-11-27,Mr. Horsman,242,1.0,0.067776
2019-11-27#t269w0,2019-11-27,Mr. Speaker,298,1.0,0.341953
2019-12-12#t270w0,2019-12-12,,59,1.0,0.998634
2019-12-12#t271w0,2019-12-12,Hon. Mr. Stewart,277,1.0,0.032787
2019-12-12#t272w0,2019-12-12,Ms. Rogers,235,0.749,0.02347
2019-12-12#t273w0,2019-12-12,Mr. Coon,172,1.0,0.069834
2019-12-12#t274w0,2019-12-12,Mr. DeSaulniers,165,1.0,0.726373
2019-12-12#t275w0,2019-12-12,Ms. Thériault,134,0.0,0.077965
2019-12-12#t276w0,2019-12-12,Mr. K. Arseneau,169,1.0,0.296937
2019-12-12#t277w0,2019-12-12,Ms. Mitton,133,0.0,0.09317
2019-12-12#t278w0,2019-12-12,Mrs. Harris,195,1.0,0.059741
2019-12-12#t279w0,2019-12-12,Mr. D’Amours,152,0.086,0.03718
2019-12-12#t280w0,2019-12-12,Mr. Coon,173,0.809,0.083197
2019-12-12#t281w0,2019-12-12,Mr. Austin,150,1.0,0.146226
2019-12-12#t282w0,2019-12-12,Mr. Fairgrieve,143,1.0,0.379538
2019-12-12#t283w0,2019-12-12,Mrs. F. Landry,125,0.0,0.177674
2019-12-12#t284w0,2019-12-12,Mr. K. Arseneau,134,0.0,0.195579
2019-12-12#t285w0,2019-12-12,Mrs. Conroy,175,1.0,0.423849
2019-12-12#t286w0,2019-12-12,Mr. Northrup,145,1.0,0.049226
2019-12-12#t287w0,2019-12-12,Mr. McKee,158,1.0,0.020666
2019-12-12#t288w0,2019-12-12,Ms. Mitton,186,0.984,0.054514
2019-12-12#t289w0,2019-12-12,Mr. DeSaulniers,161,1.0,0.027145
2019-12-12#t290w0,2019-12-12,Mr. Savoie,127,1.0,0.124827
2019-12-12#t291w0,2019-12-12,Mr. D. Landry,135,0.0,0.404825
2019-12-12#t292w0,2019-12-12,Hon. Mrs. Shephard,173,1.0,0.034736
2019-12-12#t293w0,2019-12-12,Mr. D. Landry,117,0.0,0.908766
2019-12-12#t294w0,2019-12-12,Hon. Mrs. Shephard,159,1.0,0.026001
2019-12-12#t295w0,2019-12-12,Mr. D. Landry,160,0.0,0.218438
2019-12-12#t296w0,2019-12-12,Hon. Mrs. Shephard,211,1.0,0.016062
2019-12-12#t297w0,2019-12-12,Ms. Rogers,153,1.0,0.055117
2019-12-12#t298w0,2019-12-12,Hon. Mrs. Shephard,176,1.0,0.012195
2019-12-12#t299w0,2019-12-12,Ms. Rogers,141,1.0,0.238476
2019-12-12#t300w0,2019-12-12,Hon. Mrs. Shephard,171,1.0,0.016529
2019-12-12#t301w0,2019-12-12,Mr. LePage,105,0.305,0.984925
2019-12-12#t302w0,2019-12-12,Hon. Mrs. Shephard,103,1.0,0.620581
2019-12-12#t303w0,2019-12-12,Mr. LePage,135,0.474,0.033707
2019-12-12#t304w0,2019-12-12,Hon. Mrs. Shephard,170,1.0,0.056114
2019-12-12#t305w0,2019-12-12,Mr. LePage,132,0.492,0.752764
2019-12-12#t307w0,2019-12-12,Hon. Mrs. Shephard,136,1.0,0.252543
2019-12-12#t308w0,2019-12-12,Mr. K. Arseneau,142,1.0,0.018729
2019-12-12#t309w0,2019-12-12,Hon. Mr. Wetmore,131,1.0,0.067958
2019-12-12#t310w0,2019-12-12,Mr. K. Arseneau,140,0.164,0.997479
2019-12-12#t311w0,2019-12-12,Hon. Mr. Wetmore,148,1.0,0.040382
2019-12-12#t312w0,2019-12-12,Mr. Austin,183,1.0,0.042767
2019-12-12#t313w0,2019-12-12,Hon. Mr. Flemming,171,1.0,0.03661
2019-12-12#t314w0,2019-12-12,Mr. Austin,58,1.0,0.994465
2019-12-12#t315w0,2019-12-12,Hon. Mr. Flemming,167,1.0,0.030307
2019-12-12#t316w0,2019-12-12,Mrs. F. Landry,116,0.0,0.931804
2019-12-12#t317w0,2019-12-12,Hon. Mr. Oliver,129,1.0,0.851537
2019-12-12#t318w0,2019-12-12,Mrs. F. Landry,123,0.902,0.990035
2019-12-12#t319w0,2019-12-12,Hon. Mr. Oliver,106,1.0,0.902051
2019-12-12#t320w0,2019-12-12,Mrs. F. Landry,56,0.0,0.998974
2019-12-12#t321w0,2019-12-12,Hon. Mr. Oliver,90,1.0,0.990127
2019-12-12#t322w0,2019-12-12,Mr. Harvey,138,1.0,0.152514
2019-12-12#t324w0,2019-12-12,Hon. Mr. Oliver,144,1.0,0.190155
2019-12-12#t326w0,2019-12-12,Mr. J. LeBlanc,301,0.013,0.051833
2019-12-12#t327w0,2019-12-12,Mr. Savoie,168,1.0,0.101129
2019-12-12#t328w0,2019-12-12,Hon. Mr. Gauvin,204,0.0,0.086539
2019-12-12#t329w0,2019-12-12,Mr. J. LeBlanc,114,0.0,0.970509
2019-12-12#t330w0,2019-12-12,Mr. K. Arseneau,165,0.806,0.956009
2019-12-12#t331w0,2019-12-12,,98,0.857,0.505087
2019-12-12#t333w0,2019-12-12,Mr. Savoie,111,1.0,0.102762
2019-12-12#t336w0,2019-12-12,Mr. Savoie,98,1.0,0.985485
2019-12-12#t337w0,2019-12-12,,307,1.0,0.043146
2019-12-12#t337w1,2019-12-12,,263,1.0,0.124989
2019-12-12#t337w2,2019-12-12,,235,1.0,0.033636
2019-12-12#t338w0,2019-12-12,Ms. Thériault,281,0.036,0.020021
2019-12-12#t338w1,2019-12-12,Ms. Thériault,317,0.035,0.05946
2019-12-12#t338w2,2019-12-12,Ms. Thériault,264,0.0,0.061975
2019-12-12#t338w3,2019-12-12,Ms. Thériault,349,0.0,0.04832
2019-12-12#t339w0,2019-12-12,Mr. K. Arseneau,320,0.0,0.012346
2019-12-12#t339w1,2019-12-12,Mr. K. Arseneau,191,0.0,0.03531
2019-12-12#t340w0,2019-12-12,Mr. K. Chiasson,278,0.04,0.017653
2019-12-12#t340w1,2019-12-12,Mr. K. Chiasson,340,0.0,0.034829
2019-12-12#t340w2,2019-12-12,Mr. K. Chiasson,152,0.164,0.413982
2019-12-12#t341w0,2019-12-12,,294,1.0,0.05081
2019-12-12#t341w1,2019-12-12,,323,1.0,0.009472
2019-12-12#t341w2,2019-12-12,,59,1.0,0.985231
2019-12-12#t342w0,2019-12-12,Ms. Thériault,311,0.0,0.092975
2019-12-12#t342w1,2019-12-12,Ms. Thériault,239,0.084,0.057395
2019-12-12#t342w2,2019-12-12,Ms. Thériault,354,0.0,0.044647
2019-12-12#t342w3,2019-12-12,Ms. Thériault,352,0.0,0.065113
2019-12-12#t342w4,2019-12-12,Ms. Thériault,346,0.072,0.04663
2019-12-12#t344w0,2019-12-12,Hon. Mr. Gauvin,94,0.0,0.127117
2019-12-12#t345w0,2019-12-12,Ms. Thériault,295,0.0,0.021158
2019-12-12#t346w0,2019-12-12,Mr. K. Chiasson,112,0.0,0.906449
2019-12-12#t348w0,2019-12-12,,299,0.057,0.030527
2019-12-12#t348w1,2019-12-12,,246,0.0,0.046987
2019-12-12#t349w0,2019-12-12,Mr. K. Chiasson,352,0.0,0.02237
2019-12-12#t349w1,2019-12-12,Mr. K. Chiasson,251,0.0,0.093055
2019-12-12#t354w0,2019-12-12,,305,1.0,0.012808
2019-12-12#t355w0,2019-12-12,Mr. Savoie,63,1.0,0.994538
2019-12-12#t357w0,2019-12-12,Mr. C. Chiasson,314,1.0,0.009889
2019-12-12#t357w1,2019-12-12,Mr. C. Chiasson,157,1.0,0.09568
2019-12-12#t358w0,2019-12-12,Mr. Coon,323,1.0,0.007342
2019-12-12#t358w1,2019-12-12,Mr. Coon,341,1.0,0.031673
2019-12-12#t358w2,2019-12-12,Mr. Coon,344,1.0,0.042739
2019-12-12#t358w3,2019-12-12,Mr. Coon,303,1.0,0.305037
2019-12-12#t358w4,2019-12-12,Mr. Coon,324,1.0,0.036842
2019-12-12#t358w5,2019-12-12,Mr. Coon,303,1.0,0.013504
2019-12-12#t358w6,2019-12-12,Mr. Coon,262,1.0,0.011236
2019-12-12#t358w7,2019-12-12,Mr. Coon,343,1.0,0.007839
2019-12-12#t358w8,2019-12-12,Mr. Coon,262,1.0,0.016832
2019-12-12#t358w9,2019-12-12,Mr. Coon,274,1.0,0.018541
2019-12-12#t359w0,2019-12-12,Mrs. Conroy,258,1.0,0.024963
2019-12-12#t359w1,2019-12-12,Mrs. Conroy,327,1.0,0.019263
2019-12-12#t359w2,2019-12-12,Mrs. Conroy,58,1.0,0.998708
2019-12-12#t360w0,2019-12-12,Mr. McKee,349,1.0,0.015995
2019-12-12#t360w1,2019-12-12,Mr. McKee,289,1.0,0.839803
2019-12-12#t360w2,2019-12-12,Mr. McKee,325,1.0,0.012512
2019-12-12#t360w3,2019-12-12,Mr. McKee,213,1.0,0.088642
2019-12-12#t360w4,2019-12-12,Mr. McKee,321,1.0,0.006851
2019-12-12#t360w5,2019-12-12,Mr. McKee,359,1.0,0.064923
2019-12-12#t361w0,2019-12-12,Ms. Mitton,320,1.0,0.01582
2019-12-12#t361w1,2019-12-12,Ms. Mitton,352,1.0,0.010917
2019-12-12#t361w2,2019-12-12,Ms. Mitton,294,1.0,0.045303
2019-12-12#t361w3,2019-12-12,Ms. Mitton,196,1.0,0.614518
2019-12-12#t362w0,2019-12-12,,348,1.0,0.037795
2019-12-12#t362w1,2019-12-12,,360,1.0,0.048414
2019-12-12#t362w2,2019-12-12,,252,1.0,0.021669
2019-12-12#t362w3,2019-12-12,,358,1.0,0.011648
2019-12-12#t362w4,2019-12-12,,211,1.0,0.269493
2019-12-12#t364w0,2019-12-12,Mr. Speaker,164,1.0,0.024498
2019-12-12#t365w0,2019-12-12,Ms. Rogers,322,1.0,0.008116
2019-12-12#t365w1,2019-12-12,Ms. Rogers,348,1.0,0.075327
2019-12-12#t365w2,2019-12-12,Ms. Rogers,274,1.0,0.089571
2019-12-12#t365w3,2019-12-12,Ms. Rogers,301,1.0,0.024991
2019-12-12#t365w4,2019-12-12,Ms. Rogers,325,1.0,0.013663
2019-12-12#t365w5,2019-12-12,Ms. Rogers,321,1.0,0.012824
2019-12-12#t365w6,2019-12-12,Ms. Rogers,70,1.0,0.963022
2019-12-12#t366w0,2019-12-12,Mr. Coon,311,1.0,0.030195
2019-12-12#t366w1,2019-12-12,Mr. Coon,290,1.0,0.02303
2019-12-12#t366w2,2019-12-12,Mr. Coon,292,1.0,0.010119
2019-12-12#t366w3,2019-12-12,Mr. Coon,360,1.0,0.024081
2019-12-12#t366w4,2019-12-12,Mr. Coon,335,1.0,0.038395
2019-12-12#t366w5,2019-12-12,Mr. Coon,305,1.0,0.01832
2019-12-12#t368w0,2019-12-12,Mr. LePage,107,0.364,0.083075
2019-12-12#t371w0,2019-12-12,Mr. McKee,239,1.0,0.016965
2019-12-12#t374w0,2019-12-12,Mr. K. Arseneau,354,0.062,0.023931
2019-12-12#t374w1,2019-12-12,Mr. K. Arseneau,304,0.0,0.021519
2019-12-12#t374w2,2019-12-12,Mr. K. Arseneau,61,0.0,0.998533
2019-12-12#t376w0,2019-12-12,Ms. Mitton,292,1.0,0.009834
2019-12-12#t376w1,2019-12-12,Ms. Mitton,210,1.0,0.064329
2019-12-12#t379w0,2019-12-12,Ms. Mitton,168,1.0,0.084083
2019-12-12#t380w0,2019-12-12,Mr. G. Arseneault,241,1.0,0.016042
2019-12-12#t382w0,2019-12-12,Mr. Austin,135,1.0,0.545637
2019-12-12#t383w0,2019-12-12,Mr. Speaker,51,1.0,0.999604
2019-12-12#t385w0,2019-12-12,Hon. Mr. Holland,313,1.0,0.049225
2019-12-12#t385w1,2019-12-12,Hon. Mr. Holland,310,1.0,0.013108
2019-12-12#t385w2,2019-12-12,Hon. Mr. Holland,332,1.0,0.031608
2019-12-12#t385w3,2019-12-12,Hon. Mr. Holland,343,1.0,0.061882
2019-12-12#t385w4,2019-12-12,Hon. Mr. Holland,301,1.0,0.50919
2019-12-12#t385w5,2019-12-12,Hon. Mr. Holland,316,1.0,0.024348
2019-12-12#t385w6,2019-12-12,Hon. Mr. Holland,238,1.0,0.042707
2019-12-12#t385w7,2019-12-12,Hon. Mr. Holland,303,1.0,0.020661
2019-12-12#t391w0,2019-12-12,Mr. Harvey,283,1.0,0.040657
2019-12-12#t391w1,2019-12-12,Mr. Harvey,326,1.0,0.009947
2019-12-12#t392w0,2019-12-12,Mr. Harvey,288,1.0,0.018409
2019-12-12#t392w1,2019-12-12,Mr. Harvey,319,1.0,0.02004
2019-12-12#t392w2,2019-12-12,Mr. Harvey,301,1.0,0.023935
2019-12-12#t392w3,2019-12-12,Mr. Harvey,292,1.0,0.015104
2019-12-12#t392w4,2019-12-12,Mr. Harvey,356,1.0,0.020925
2019-12-12#t396w0,2019-12-12,Mr. Speaker,127,1.0,0.424543
2019-12-12#t398w0,2019-12-12,Hon. Mr. Carr,235,1.0,0.020215
2019-12-12#t398w1,2019-12-12,Hon. Mr. Carr,256,1.0,0.155238
2019-12-12#t398w2,2019-12-12,Hon. Mr. Carr,299,1.0,0.009929
2019-12-12#t398w3,2019-12-12,Hon. Mr. Carr,345,1.0,0.012461
2019-12-12#t398w4,2019-12-12,Hon. Mr. Carr,234,1.0,0.030659
2019-12-12#t400w0,2019-12-12,Hon. Mr. Carr,321,1.0,0.022865
2019-12-12#t400w1,2019-12-12,Hon. Mr. Carr,253,1.0,0.089149
2019-12-12#t404w0,2019-12-12,Hon. Mr. Carr,132,1.0,0.411471
2019-12-12#t405w0,2019-12-12,Mr. Bourque,345,0.0,0.012901
2019-12-12#t405w1,2019-12-12,Mr. Bourque,302,0.0,0.958802
2019-12-12#t406w0,2019-12-12,Ms. Rogers,339,1.0,0.008581
2019-12-12#t406w1,2019-12-12,Ms. Rogers,328,1.0,0.013358
2019-12-12#t406w2,2019-12-12,Ms. Rogers,330,1.0,0.035147
2019-12-12#t407w0,2019-12-12,Mr. Speaker read the amended motion as follows,173,1.0,0.062773
2019-12-12#t410w0,2019-12-12,,348,1.0,0.012637
2019-12-12#t410w1,2019-12-12,,249,1.0,0.030768
2019-12-12#t412w0,2019-12-12,Mr. D’Amours,358,0.0,0.021947
2019-12-12#t412w1,2019-12-12,Mr. D’Amours,341,0.0,0.021584
SE#members_statement:Bill 23 and the integrity of:0,synthetic-2026,SYNTHETIC,175,1.0,0.967905
SE#qp_question:Bill 23 and the integrity of:0,synthetic-2026,SYNTHETIC,138,1.0,0.997181
SE#ministers_statement:Bill 23 and the integrity of:0,synthetic-2026,SYNTHETIC,229,1.0,0.849128
SE#debate_response:Bill 23 and the integrity of:0,synthetic-2026,SYNTHETIC,182,1.0,0.981059
SE#members_statement:the 2026-27 capital budget o:0,synthetic-2026,SYNTHETIC,193,1.0,0.952485
SE#qp_question:the 2026-27 capital budget o:0,synthetic-2026,SYNTHETIC,118,1.0,0.996124
SE#ministers_statement:the 2026-27 capital budget o:0,synthetic-2026,SYNTHETIC,236,1.0,0.95685
SE#debate_response:the 2026-27 capital budget o:0,synthetic-2026,SYNTHETIC,165,1.0,0.918685
SE#members_statement:the Nursing Home Without Wal:0,synthetic-2026,SYNTHETIC,181,1.0,0.993269
SE#qp_question:the Nursing Home Without Wal:0,synthetic-2026,SYNTHETIC,96,1.0,0.999038
SE#ministers_statement:the Nursing Home Without Wal:0,synthetic-2026,SYNTHETIC,228,1.0,0.654216
SE#debate_response:the Nursing Home Without Wal:0,synthetic-2026,SYNTHETIC,155,1.0,0.993138
SE#members_statement:addiction treatment and ment:0,synthetic-2026,SYNTHETIC,195,1.0,0.952874
SE#qp_question:addiction treatment and ment:0,synthetic-2026,SYNTHETIC,82,1.0,0.999331
SE#ministers_statement:addiction treatment and ment:0,synthetic-2026,SYNTHETIC,210,1.0,0.841669
SE#debate_response:addiction treatment and ment:0,synthetic-2026,SYNTHETIC,200,1.0,0.967904
SE#members_statement:the property assessment free:0,synthetic-2026,SYNTHETIC,171,1.0,0.983425
SE#qp_question:the property assessment free:0,synthetic-2026,SYNTHETIC,105,1.0,0.999066
SE#ministers_statement:the property assessment free:0,synthetic-2026,SYNTHETIC,196,1.0,0.949373
SE#debate_response:the property assessment free:0,synthetic-2026,SYNTHETIC,202,1.0,0.967283
SE#members_statement:school bus breakdowns and st:0,synthetic-2026,SYNTHETIC,148,1.0,0.990629
SE#qp_question:school bus breakdowns and st:0,synthetic-2026,SYNTHETIC,111,1.0,0.998998
SE#ministers_statement:school bus breakdowns and st:0,synthetic-2026,SYNTHETIC,239,1.0,0.983764
SE#debate_response:school bus breakdowns and st:0,synthetic-2026,SYNTHETIC,173,1.0,0.976418
SE#members_statement:the Mactaquac dam refurbishm:0,synthetic-2026,SYNTHETIC,185,1.0,0.986011
SE#qp_question:the Mactaquac dam refurbishm:0,synthetic-2026,SYNTHETIC,102,1.0,0.999479
SE#ministers_statement:the Mactaquac dam refurbishm:0,synthetic-2026,SYNTHETIC,229,1.0,0.878044
SE#debate_response:the Mactaquac dam refurbishm:0,synthetic-2026,SYNTHETIC,201,1.0,0.985246
SE#members_statement:thanking firefighters after :0,synthetic-2026,SYNTHETIC,191,1.0,0.935108
SE#qp_question:thanking firefighters after :0,synthetic-2026,SYNTHETIC,102,1.0,0.997868
SE#ministers_statement:thanking firefighters after :0,synthetic-2026,SYNTHETIC,230,1.0,0.934827
SE#debate_response:thanking firefighters after :0,synthetic-2026,SYNTHETIC,173,1.0,0.97229
SE#members_statement:Diwali celebrations in New B:0,synthetic-2026,SYNTHETIC,187,1.0,0.937193
SE#qp_question:Diwali celebrations in New B:0,synthetic-2026,SYNTHETIC,85,1.0,0.99357
SE#ministers_statement:Diwali celebrations in New B:0,synthetic-2026,SYNTHETIC,194,1.0,0.936931
SE#debate_response:Diwali celebrations in New B:0,synthetic-2026,SYNTHETIC,159,1.0,0.98873
SE#members_statement:National Police Week and com:0,synthetic-2026,SYNTHETIC,169,1.0,0.98556
SE#qp_question:National Police Week and com:0,synthetic-2026,SYNTHETIC,77,1.0,0.999211
SE#ministers_statement:National Police Week and com:0,synthetic-2026,SYNTHETIC,213,1.0,0.877381
SE#debate_response:National Police Week and com:0,synthetic-2026,SYNTHETIC,212,1.0,0.988842
