seg_id,date,speaker,section,n_words,orig_frac,n_tok,logppl,xppl,score
2025-10-21#t0w0,2025-10-21,,,78,1.0,112,3.05507,3.22007,0.94876
2025-10-21#t2w0,2025-10-21,Her Honour,Her Honour entered the Chamber.,358,0.712,467,2.71376,2.86739,0.94642
2025-10-21#t2w1,2025-10-21,Her Honour,Her Honour entered the Chamber.,316,0.275,408,2.93348,3.28445,0.89314
2025-10-21#t2w2,2025-10-21,Her Honour,Her Honour entered the Chamber.,329,0.787,432,2.86449,2.91478,0.98275
2025-10-21#t2w3,2025-10-21,Her Honour,Her Honour entered the Chamber.,350,0.537,417,2.55903,2.83682,0.90208
2025-10-21#t2w4,2025-10-21,Her Honour,Her Honour entered the Chamber.,355,0.487,450,2.57783,2.63828,0.97709
2025-10-21#t2w5,2025-10-21,Her Honour,Her Honour entered the Chamber.,334,0.449,434,2.76118,2.81882,0.97955
2025-10-21#t2w6,2025-10-21,Her Honour,Her Honour entered the Chamber.,358,0.617,439,3.04595,3.0139,1.01063
2025-10-21#t3w0,2025-10-21,,Seniors and long-term care,267,0.479,342,3.10083,2.81436,1.10179
2025-10-21#t4w0,2025-10-21,,Affordability and housing,354,0.582,428,2.92161,3.03357,0.96309
2025-10-21#t4w1,2025-10-21,,Affordability and housing,300,0.753,420,2.8074,2.78652,1.00749
2025-10-21#t4w2,2025-10-21,,Affordability and housing,339,0.425,442,2.94091,2.95779,0.99429
2025-10-21#t4w3,2025-10-21,,Affordability and housing,349,0.504,432,2.7895,2.90336,0.96078
2025-10-21#t4w4,2025-10-21,,Affordability and housing,337,0.457,442,2.81765,3.03644,0.92794
2025-10-21#t4w5,2025-10-21,,Affordability and housing,287,0.53,360,3.03359,2.9589,1.02524
2025-10-21#t4w6,2025-10-21,,Affordability and housing,357,0.476,437,2.73677,2.99976,0.91233
2025-10-21#t4w7,2025-10-21,,Affordability and housing,342,0.48,418,3.00982,2.99185,1.00601
2025-10-21#t4w8,2025-10-21,,Affordability and housing,315,0.511,377,2.73709,2.84762,0.96118
2025-10-21#t4w9,2025-10-21,,Affordability and housing,338,0.595,405,2.80474,2.99344,0.93696
2025-10-21#t4w10,2025-10-21,,Affordability and housing,330,0.512,385,2.81064,2.80519,1.00194
2025-10-21#t4w11,2025-10-21,,Affordability and housing,151,0.219,187,3.54794,3.22166,1.10128
2025-10-21#t5w0,2025-10-21,Madam Speaker,Affordability and housing,315,0.238,405,2.79104,2.89307,0.96473
2025-10-21#t5w1,2025-10-21,Madam Speaker,Affordability and housing,256,0.164,324,2.54792,2.61744,0.97344
2025-10-21#t5w2,2025-10-21,Madam Speaker,Affordability and housing,333,0.066,432,3.31121,3.02759,1.09368
2025-10-21#t5w3,2025-10-21,Madam Speaker,Affordability and housing,326,0.313,411,2.68769,2.86177,0.93917
2025-10-21#t5w4,2025-10-21,Madam Speaker,Affordability and housing,350,0.0,471,2.74937,2.92279,0.94066
2025-10-21#t5w5,2025-10-21,Madam Speaker,Affordability and housing,341,0.22,430,3.02499,3.03893,0.99541
2025-10-21#t5w6,2025-10-21,Madam Speaker,Affordability and housing,264,0.125,321,2.9144,3.15988,0.92231
2025-10-21#t6w0,2025-10-21,"Ms. Vautour, as seconder, spoke as follows",Affordability and housing,299,0.217,345,2.7028,2.93673,0.92034
2025-10-21#t6w1,2025-10-21,"Ms. Vautour, as seconder, spoke as follows",Affordability and housing,329,0.231,414,2.71724,2.95352,0.92
2025-10-21#t6w2,2025-10-21,"Ms. Vautour, as seconder, spoke as follows",Affordability and housing,321,0.0,388,2.92945,3.2091,0.91286
2025-10-21#t6w3,2025-10-21,"Ms. Vautour, as seconder, spoke as follows",Affordability and housing,335,0.352,411,2.82813,2.9212,0.96814
2025-10-21#t6w4,2025-10-21,"Ms. Vautour, as seconder, spoke as follows",Affordability and housing,272,0.044,322,3.15032,3.30288,0.95381
2025-10-21#t6w5,2025-10-21,"Ms. Vautour, as seconder, spoke as follows",Affordability and housing,284,0.056,333,3.17087,3.24637,0.97674
2025-10-21#t6w6,2025-10-21,"Ms. Vautour, as seconder, spoke as follows",Affordability and housing,145,0.324,191,2.71772,2.97638,0.9131
2025-10-21#t7w0,2025-10-21,,Affordability and housing,61,0.574,91,2.71775,3.18311,0.8538
2025-10-22#t8w0,2025-10-22,Hon. Ms. Thériault,Affordability and housing,178,0.0,261,3.30349,3.25663,1.01439
2025-10-22#t9w0,2025-10-22,Hon. Mr. Gauvin,Affordability and housing,212,0.0,296,3.29915,2.93702,1.1233
2025-10-22#t10w0,2025-10-22,Ms. Bockus,Affordability and housing,275,1.0,365,2.85918,2.60297,1.09843
2025-10-22#t11w0,2025-10-22,Mr. Coon,Affordability and housing,184,0.978,245,2.59275,2.88294,0.89934
2025-10-22#t12w0,2025-10-22,Mr. Doucet,Affordability and housing,153,0.0,204,3.42524,3.53702,0.9684
2025-10-22#t13w0,2025-10-22,Mr. Savoie,Affordability and housing,183,0.951,220,3.03955,2.81834,1.07849
2025-10-22#t14w0,2025-10-22,Ms. Mitton,Affordability and housing,132,1.0,173,2.39403,2.78668,0.8591
2025-10-22#t15w0,2025-10-22,Hon. Ms. Thériault,Affordability and housing,184,0.0,231,3.18781,3.31981,0.96024
2025-10-22#t16w0,2025-10-22,Mr. Savoie,Affordability and housing,131,1.0,159,3.0529,2.88985,1.05642
2025-10-22#t17w0,2025-10-22,Mr. Johnston,Affordability and housing,219,0.932,279,2.95946,2.85283,1.03738
2025-10-22#t18w0,2025-10-22,Mr. Russell,Affordability and housing,144,1.0,167,2.33684,2.91406,0.80192
2025-10-22#t19w0,2025-10-22,Mr. Coon,Affordability and housing,166,0.976,193,2.99263,3.13146,0.95567
2025-10-22#t20w0,2025-10-22,Ms. Sodhi,Affordability and housing,164,1.0,198,2.74129,2.82122,0.97167
2025-10-22#t21w0,2025-10-22,Mr. Oliver,Affordability and housing,135,0.97,166,3.43387,3.42997,1.00114
2025-10-22#t22w0,2025-10-22,Mr. Arseneault,Affordability and housing,146,0.596,191,2.26434,2.81432,0.80458
2025-10-22#t23w0,2025-10-22,Ms. Scott-Wallace,Affordability and housing,129,1.0,155,3.75412,3.36354,1.11612
2025-10-22#t24w0,2025-10-22,Mr. Doucet,Affordability and housing,99,0.0,126,3.26736,3.17578,1.02884
2025-10-22#t25w0,2025-10-22,Mr. Cullins,Affordability and housing,143,1.0,167,3.73717,3.43254,1.08875
2025-10-22#t26w0,2025-10-22,Mr. Mallet,Affordability and housing,120,0.0,148,3.03559,3.05548,0.99349
2025-10-22#t27w0,2025-10-22,Ms. S. Wilson,Affordability and housing,140,1.0,183,3.69337,3.80197,0.97143
2025-10-22#t28w0,2025-10-22,Mr. M. LeBlanc,Affordability and housing,56,1.0,68,3.30121,3.93047,0.8399
2025-10-22#t32w0,2025-10-22,Mr. Savoie,Affordability and housing,162,1.0,197,3.04281,3.45509,0.88068
2025-10-22#t33w0,2025-10-22,Hon. Ms. Holt,Affordability and housing,180,0.0,210,2.98555,3.21318,0.92916
2025-10-22#t34w0,2025-10-22,Mr. Savoie,Affordability and housing,192,1.0,229,3.10325,3.23858,0.95821
2025-10-22#t35w0,2025-10-22,Hon. Ms. Holt,Affordability and housing,188,0.968,223,3.1635,3.00118,1.05409
2025-10-22#t36w0,2025-10-22,Mr. Savoie,Affordability and housing,182,1.0,216,3.6667,3.31367,1.10654
2025-10-22#t37w0,2025-10-22,Hon. Ms. Holt,Affordability and housing,214,1.0,247,3.1866,3.07918,1.03488
2025-10-22#t38w0,2025-10-22,Mr. Savoie,Affordability and housing,186,1.0,227,3.7331,3.46867,1.07624
2025-10-22#t39w0,2025-10-22,Hon. Ms. Holt,Affordability and housing,192,0.719,230,3.09719,3.21864,0.96226
2025-10-22#t40w0,2025-10-22,Mr. Savoie,Affordability and housing,104,1.0,121,3.89768,3.69041,1.05616
2025-10-22#t41w0,2025-10-22,Hon. Ms. Holt,Affordability and housing,174,0.0,202,2.95533,3.14847,0.93866
2025-10-22#t42w0,2025-10-22,Mr. Savoie,Affordability and housing,160,1.0,187,3.58936,3.46349,1.03634
2025-10-22#t43w0,2025-10-22,Hon. Ms. Holt,Affordability and housing,176,1.0,194,3.18963,3.25759,0.97914
2025-10-22#t44w0,2025-10-22,Mr. Savoie,Affordability and housing,159,1.0,197,2.98609,3.21167,0.92976
2025-10-22#t45w0,2025-10-22,Hon. Ms. Holt,Affordability and housing,185,1.0,216,3.47114,3.29441,1.05365
2025-10-22#t46w0,2025-10-22,Mr. Savoie,Affordability and housing,108,1.0,126,3.54294,3.70915,0.95519
2025-10-22#t47w0,2025-10-22,Hon. C. Johnson,Affordability and housing,102,1.0,120,3.03354,3.31469,0.91518
2025-10-22#t48w0,2025-10-22,Mr. Savoie,Affordability and housing,169,1.0,205,3.1405,3.52643,0.89056
2025-10-22#t49w0,2025-10-22,Hon. C. Johnson,Affordability and housing,108,1.0,131,3.30655,3.27168,1.01066
2025-10-22#t50w0,2025-10-22,Mr. Savoie,Affordability and housing,136,1.0,152,3.4747,3.66443,0.94822
2025-10-22#t51w0,2025-10-22,L’hon. C. Johnson,Affordability and housing,135,0.0,153,2.6902,3.15357,0.85306
2025-10-22#t52w0,2025-10-22,Mr. Savoie,Affordability and housing,148,1.0,187,3.50329,3.30473,1.06008
2025-10-22#t53w0,2025-10-22,Hon. C. Johnson,Affordability and housing,143,1.0,178,3.28363,2.99181,1.09754
2025-10-22#t54w0,2025-10-22,Mr. Savoie,Affordability and housing,184,1.0,220,3.18667,3.51692,0.9061
2025-10-22#t55w0,2025-10-22,Hon. Ms. Holt,Affordability and housing,214,1.0,239,3.59002,3.58303,1.00195
2025-10-22#t56w0,2025-10-22,Mr. Savoie,Affordability and housing,174,1.0,206,3.43401,3.26706,1.0511
2025-10-22#t57w0,2025-10-22,Hon. C. Johnson,Affordability and housing,137,0.0,161,3.18512,3.44408,0.92481
2025-10-22#t58w0,2025-10-22,Mr. Savoie,Affordability and housing,102,1.0,124,2.86464,3.12182,0.91762
2025-10-22#t59w0,2025-10-22,Hon. C. Johnson,Affordability and housing,155,1.0,188,2.82045,2.80424,1.00578
2025-10-22#t60w0,2025-10-22,Mr. Coon,Affordability and housing,165,1.0,198,2.66782,2.90748,0.91757
2025-10-22#t61w0,2025-10-22,Hon. Mr. Dornan,Affordability and housing,111,1.0,127,3.35045,3.16117,1.05988
2025-10-22#t62w0,2025-10-22,Mr. Coon,Affordability and housing,127,0.0,150,3.19625,2.98192,1.07188
2025-10-22#t63w0,2025-10-22,Hon. Mr. Dornan,Affordability and housing,140,1.0,170,3.09397,3.2899,0.94044
2025-10-22#t64w0,2025-10-22,Ms. Mitton,Affordability and housing,141,1.0,170,3.34866,3.37425,0.99241
2025-10-22#t65w0,2025-10-22,Hon. Mr. Legacy,Affordability and housing,150,0.0,185,2.99159,3.1926,0.93704
2025-10-22#t66w0,2025-10-22,Ms. Mitton,Affordability and housing,163,1.0,202,3.42906,3.64091,0.94181
2025-10-22#t67w0,2025-10-22,Hon. Mr. Legacy,Affordability and housing,138,0.0,172,3.55069,3.41731,1.03903
2025-10-22#t68w0,2025-10-22,Mr. Savoie,Affordability and housing,76,1.0,97,3.5404,3.2477,1.09012
2025-10-22#t69w0,2025-10-22,Hon. C. Johnson,Affordability and housing,151,0.0,173,3.3688,3.14515,1.07111
2025-10-22#t70w0,2025-10-22,Mr. Savoie,Affordability and housing,117,1.0,142,3.40542,3.56037,0.95648
2025-10-22#t71w0,2025-10-22,Hon. C. Johnson,Affordability and housing,98,1.0,121,3.08325,3.19981,0.96357
2025-10-22#t72w0,2025-10-22,Mr. Savoie,Affordability and housing,124,1.0,140,2.85985,3.1256,0.91498
2025-10-22#t73w0,2025-10-22,Hon. C. Johnson,Affordability and housing,119,1.0,138,3.50886,3.41187,1.02843
2025-10-22#t74w0,2025-10-22,Mr. Savoie,Affordability and housing,145,1.0,167,2.87136,3.13091,0.9171
2025-10-22#t75w0,2025-10-22,Hon. Ms. Holt,Affordability and housing,195,0.769,220,3.17477,3.04888,1.04129
2025-10-22#t78w0,2025-10-22,Mr. Johnston,Affordability and housing,109,0.881,149,3.62907,3.25845,1.11374
2025-10-22#t80w0,2025-10-22,Hon. Mr. Dornan,Affordability and housing,231,0.701,281,2.39161,2.80344,0.8531
2025-10-22#t81w0,2025-10-22,Mr. Savoie,Affordability and housing,291,1.0,339,2.85088,3.27035,0.87174
2025-10-22#t81w1,2025-10-22,Mr. Savoie,Affordability and housing,87,1.0,100,3.79476,4.10022,0.9255
2025-10-22#t82w0,2025-10-22,M. Coon,Affordability and housing,293,0.986,335,2.85819,3.023,0.94548
2025-10-22#t83w0,2025-10-22,Hon. C. Johnson,Affordability and housing,141,0.39,167,2.78965,2.94144,0.94839
2025-10-22#t84w0,2025-10-22,Mr. Lee,Affordability and housing,163,1.0,193,3.12142,3.20576,0.97369
2025-10-22#t85w0,2025-10-22,Ms. Mitton,Affordability and housing,188,0.782,215,3.17018,3.4,0.9324
2025-10-22#t86w0,2025-10-22,Hon. Mr. Randall,Affordability and housing,252,0.984,302,2.21281,2.35186,0.94087
2025-10-22#t87w0,2025-10-22,Ms. M. Wilson,Affordability and housing,191,1.0,242,2.89715,2.8659,1.01091
2025-10-22#t88w0,2025-10-22,Ms. Mitton,Affordability and housing,343,0.825,421,3.1232,3.01432,1.03612
2025-10-22#t89w0,2025-10-22,Ms. Scott-Wallace,Affordability and housing,207,1.0,245,3.00601,3.10659,0.96762
2025-10-22#t90w0,2025-10-22,Ms. Mitton,Affordability and housing,187,0.663,226,2.79471,2.81437,0.99301
2025-10-22#t91w0,2025-10-22,Hon. Mr. LePage,Affordability and housing,237,0.401,288,3.05696,3.01581,1.01364
2025-10-22#t92w0,2025-10-22,Ms. S. Wilson,Affordability and housing,200,1.0,246,2.83235,3.045,0.93016
2025-10-22#t93w0,2025-10-22,Ms. Mitton,Affordability and housing,250,0.984,305,2.08018,2.55092,0.81546
2025-10-22#t94w0,2025-10-22,Hon. Mr. Hickey,Affordability and housing,281,0.829,332,3.22349,3.13976,1.02667
2025-10-22#t95w0,2025-10-22,Ms. Conroy,Affordability and housing,253,1.0,294,2.93469,3.0038,0.97699
2025-10-22#t97w0,2025-10-22,Mr. Coon,Affordability and housing,298,0.987,357,3.0344,2.95745,1.02602
2025-10-22#t98w0,2025-10-22,Ms. Mitton,Affordability and housing,290,0.931,372,3.13325,3.1082,1.00806
2025-10-22#t100w0,2025-10-22,Madam Speaker,Affordability and housing,186,0.86,238,2.45509,2.70014,0.90924
2025-10-22#t101w0,2025-10-22,Hon. Mr. Legacy,Affordability and housing,284,0.782,365,2.60501,2.53902,1.02599
2025-10-22#t101w1,2025-10-22,Hon. Mr. Legacy,Affordability and housing,345,0.988,429,3.07234,2.98696,1.02858
2025-10-22#t101w2,2025-10-22,Hon. Mr. Legacy,Affordability and housing,326,1.0,409,2.70921,2.56604,1.05579
2025-10-22#t101w3,2025-10-22,Hon. Mr. Legacy,Affordability and housing,359,0.708,488,2.34302,2.60332,0.90001
2025-10-22#t101w4,2025-10-22,Hon. Mr. Legacy,Affordability and housing,315,1.0,409,2.91322,2.84644,1.02346
2025-10-22#t101w5,2025-10-22,Hon. Mr. Legacy,Affordability and housing,348,1.0,450,2.61432,2.51107,1.04111
2025-10-22#t101w6,2025-10-22,Hon. Mr. Legacy,Affordability and housing,333,1.0,426,2.91957,2.89778,1.00752
2025-10-22#t101w7,2025-10-22,Hon. Mr. Legacy,Affordability and housing,346,1.0,482,2.35144,2.42229,0.97075
2025-10-22#t101w8,2025-10-22,Hon. Mr. Legacy,Affordability and housing,357,1.0,472,2.42238,2.38024,1.0177
2025-10-22#t102w0,2025-10-22,Mr. M. LeBlanc,Affordability and housing,283,0.636,357,2.75686,2.79221,0.98734
2025-10-22#t102w1,2025-10-22,Mr. M. LeBlanc,Affordability and housing,343,1.0,388,2.5987,3.04984,0.85208
2025-10-22#t102w2,2025-10-22,Mr. M. LeBlanc,Affordability and housing,322,0.311,368,2.89608,3.03716,0.95355
2025-10-22#t102w3,2025-10-22,Mr. M. LeBlanc,Affordability and housing,335,0.531,382,2.69096,3.0235,0.89001
2025-10-22#t102w4,2025-10-22,Mr. M. LeBlanc,Affordability and housing,264,1.0,314,3.2768,3.23532,1.01282
2025-10-22#t102w5,2025-10-22,Mr. M. LeBlanc,Affordability and housing,357,0.734,447,3.25233,3.42475,0.94965
2025-10-22#t102w6,2025-10-22,Mr. M. LeBlanc,Affordability and housing,348,1.0,459,3.11898,3.09637,1.0073
2025-10-22#t102w7,2025-10-22,Mr. M. LeBlanc,Affordability and housing,348,1.0,512,2.58364,2.70592,0.95481
2025-10-22#t102w8,2025-10-22,Mr. M. LeBlanc,Affordability and housing,360,0.339,444,3.34651,3.15087,1.06209
2025-10-22#t102w9,2025-10-22,Mr. M. LeBlanc,Affordability and housing,326,0.54,382,3.4129,3.50391,0.97403
2025-10-22#t102w10,2025-10-22,Mr. M. LeBlanc,Affordability and housing,348,0.546,422,3.62915,3.52041,1.03089
2025-10-22#t102w11,2025-10-22,Mr. M. LeBlanc,Affordability and housing,333,0.859,416,3.65218,3.39611,1.0754
2025-10-22#t102w12,2025-10-22,Mr. M. LeBlanc,Affordability and housing,324,0.0,369,3.16477,3.35503,0.94329
2025-10-22#t102w13,2025-10-22,Mr. M. LeBlanc,Affordability and housing,259,1.0,291,3.19325,3.23684,0.98653
2025-10-22#t102w14,2025-10-22,Mr. M. LeBlanc,Affordability and housing,355,0.645,406,3.091,3.40674,0.90732
2025-10-22#t102w15,2025-10-22,Mr. M. LeBlanc,Affordability and housing,327,0.63,372,3.65371,3.4443,1.0608
2025-10-22#t102w16,2025-10-22,Mr. M. LeBlanc,Affordability and housing,311,0.685,359,3.0321,3.16985,0.95655
2025-10-22#t102w17,2025-10-22,Mr. M. LeBlanc,Affordability and housing,335,0.734,381,3.15246,3.18272,0.99049
2025-10-22#t102w18,2025-10-22,Mr. M. LeBlanc,Affordability and housing,298,1.0,357,3.46,3.28367,1.0537
2025-10-23#t104w0,2025-10-23,Madam Speaker,Affordability and housing,100,0.77,136,2.25756,2.76457,0.8166
2025-10-24#t105w0,2025-10-24,Mr. Monahan,Affordability and housing,62,1.0,80,3.48501,3.50572,0.99409
2025-10-24#t106w0,2025-10-24,Madam Speaker,Affordability and housing,177,0.548,231,2.51722,2.76586,0.9101
2025-10-24#t107w0,2025-10-24,Mr. Robichaud,Affordability and housing,167,0.0,231,2.32595,2.84795,0.81671
2025-10-24#t108w0,2025-10-24,Mr. Ames,Affordability and housing,239,1.0,306,2.54169,2.69796,0.94208
2025-10-24#t109w0,2025-10-24,Mr. Monahan,Affordability and housing,172,1.0,230,2.62898,2.88007,0.91282
2025-10-24#t110w0,2025-10-24,Ms. M. Wilson,Affordability and housing,160,1.0,203,2.80911,2.93713,0.95641
2025-10-24#t111w0,2025-10-24,Hon. Ms. Boudreau,Affordability and housing,222,0.054,283,2.81844,3.01823,0.93381
2025-10-24#t112w0,2025-10-24,Ms. S. Wilson,Affordability and housing,156,1.0,193,2.49075,2.82827,0.88067
2025-10-24#t113w0,2025-10-24,Mr. Coon,Affordability and housing,176,0.869,224,3.85991,3.84702,1.00335
2025-10-24#t114w0,2025-10-24,Hon. Mr. D’Amours,Affordability and housing,157,0.0,221,3.39142,3.40314,0.99656
2025-10-24#t115w0,2025-10-24,Ms. Mitton,Affordability and housing,177,1.0,232,2.59325,2.87762,0.90118
2025-10-24#t116w0,2025-10-24,Mr. M. LeBlanc,Affordability and housing,176,0.0,253,2.87628,3.14015,0.91597
2025-10-24#t117w0,2025-10-24,Ms. M. Wilson,Affordability and housing,137,1.0,164,3.26603,3.38518,0.9648
2025-10-24#t118w0,2025-10-24,Ms. Mitton,Affordability and housing,142,1.0,185,3.29844,2.98804,1.10388
2025-10-24#t119w0,2025-10-24,Mr. Johnston,Affordability and housing,160,1.0,195,2.46768,2.82521,0.87345
2025-10-24#t120w0,2025-10-24,Mr. Monahan,Affordability and housing,126,1.0,148,3.24634,3.56617,0.91032
2025-10-24#t121w0,2025-10-24,Ms. Vautour,Affordability and housing,149,0.0,184,2.91343,3.04405,0.95709
2025-10-24#t122w0,2025-10-24,Mr. Ames,Affordability and housing,141,1.0,170,3.31866,3.33854,0.99405
2025-10-24#t123w0,2025-10-24,Mr. J. LeBlanc,Affordability and housing,124,0.403,159,2.82358,2.76877,1.01979
2025-10-24#t124w0,2025-10-24,Ms. M. Johnson,Affordability and housing,126,1.0,148,3.55852,3.57533,0.9953
2025-10-24#t125w0,2025-10-24,Mr. Robichaud,Affordability and housing,119,0.412,146,2.77985,2.93671,0.94659
2025-10-24#t126w0,2025-10-24,Mr. Lee,Affordability and housing,123,1.0,152,3.60054,3.64187,0.98865
2025-10-24#t127w0,2025-10-24,Mr. Savoie,Affordability and housing,79,0.899,110,3.28798,3.07622,1.06884
2025-10-24#t128w0,2025-10-24,Hon. Ms. Holt,Affordability and housing,166,0.964,202,3.07801,2.94225,1.04614
2025-10-24#t129w0,2025-10-24,Mr. Savoie,Affordability and housing,180,1.0,221,3.38508,3.29244,1.02814
2025-10-24#t130w0,2025-10-24,Hon. Ms. Holt,Affordability and housing,145,0.131,175,3.44545,3.58655,0.96066
2025-10-24#t131w0,2025-10-24,Mr. Savoie,Affordability and housing,77,1.0,108,3.35799,3.13681,1.07051
2025-10-24#t132w0,2025-10-24,Hon. Ms. Holt,Affordability and housing,133,1.0,189,2.81502,2.79722,1.00636
2025-10-24#t133w0,2025-10-24,Mr. Savoie,Affordability and housing,112,1.0,124,3.18986,3.55158,0.89815
2025-10-24#t134w0,2025-10-24,Hon. Ms. Holt,Affordability and housing,194,1.0,246,3.08761,2.82142,1.09435
2025-10-24#t135w0,2025-10-24,Mr. Savoie,Affordability and housing,77,1.0,97,5.12151,4.25842,1.20268
2025-10-24#t136w0,2025-10-24,Hon. Ms. Holt,Affordability and housing,158,0.0,187,3.16499,3.02884,1.04495
2025-10-24#t137w0,2025-10-24,Mr. Savoie,Affordability and housing,73,1.0,86,3.94926,3.56295,1.10842
2025-10-24#t138w0,2025-10-24,Hon. Mr. Dornan,Affordability and housing,143,1.0,179,3.02921,2.9529,1.02584
2025-10-24#t139w0,2025-10-24,Mr. Austin,Affordability and housing,132,1.0,166,3.75151,3.48645,1.07602
2025-10-24#t140w0,2025-10-24,Hon. Mr. Legacy,Affordability and housing,194,1.0,234,3.34954,3.23556,1.03523
2025-10-24#t141w0,2025-10-24,Mr. Austin,Affordability and housing,161,1.0,196,3.44696,3.30545,1.04281
2025-10-24#t142w0,2025-10-24,Hon. M. Legacy,Affordability and housing,92,0.0,110,3.3469,3.02765,1.10545
2025-10-24#t143w0,2025-10-24,Mr. Austin,Affordability and housing,186,1.0,215,3.00729,2.99957,1.00257
2025-10-24#t144w0,2025-10-24,Hon. Mr. Randall,Affordability and housing,102,1.0,111,3.27314,3.49483,0.93656
2025-10-24#t145w0,2025-10-24,Mr. Lee,Affordability and housing,163,1.0,191,3.47462,3.4591,1.00448
2025-10-24#t146w0,2025-10-24,Hon. C. Johnson,Affordability and housing,135,1.0,156,3.15244,3.29548,0.9566
2025-10-24#t147w0,2025-10-24,Mr. Lee,Affordability and housing,182,1.0,207,3.19756,3.61387,0.8848
2025-10-24#t148w0,2025-10-24,Hon. C. Johnson,Affordability and housing,84,1.0,97,3.44154,3.65771,0.9409
2025-10-24#t149w0,2025-10-24,Mr. Lee,Affordability and housing,154,1.0,184,3.45031,3.40189,1.01423
2025-10-24#t150w0,2025-10-24,Hon. C. Johnson,Affordability and housing,108,1.0,131,3.53344,3.38103,1.04508
2025-10-24#t151w0,2025-10-24,Mr. Monahan,Affordability and housing,180,1.0,241,2.4459,2.86568,0.85351
2025-10-24#t152w0,2025-10-24,Hon. Mr. Randall,Affordability and housing,174,1.0,204,2.9512,3.04535,0.96908
2025-10-24#t153w0,2025-10-24,Mr. Monahan,Affordability and housing,168,0.0,210,2.43405,2.95899,0.8226
2025-10-24#t154w0,2025-10-24,Hon. Mr. Legacy,Affordability and housing,121,0.0,147,3.16119,3.16285,0.99948
2025-10-24#t155w0,2025-10-24,Mr. Ames,Affordability and housing,89,1.0,109,2.9525,3.15027,0.93722
2025-10-24#t156w0,2025-10-24,Hon. Mr. Gauvin,Affordability and housing,198,0.0,239,3.09672,3.09628,1.00014
2025-10-24#t157w0,2025-10-24,Mr. Ames,Affordability and housing,82,1.0,103,3.64562,3.4498,1.05676
2025-10-24#t158w0,2025-10-24,Hon. Mr. Gauvin,Affordability and housing,217,0.0,260,3.47946,3.37143,1.03204
2025-10-24#t159w0,2025-10-24,Mr. Ames,Affordability and housing,55,1.0,66,3.17866,3.78171,0.84054
2025-10-24#t160w0,2025-10-24,Hon. Mr. Gauvin,Affordability and housing,127,0.0,156,3.69943,3.30242,1.12022
2025-10-24#t161w0,2025-10-24,Madam Speaker,Affordability and housing,144,0.958,176,3.59328,3.82464,0.93951
2025-10-24#t162w0,2025-10-24,Hon. Mr. Legacy,Affordability and housing,206,0.073,246,2.21405,2.63788,0.83933
2025-10-24#t163w0,2025-10-24,Mr. Monahan,Affordability and housing,257,1.0,302,2.49957,2.90105,0.86161
2025-10-24#t164w0,2025-10-24,Mr. Coon,Affordability and housing,226,1.0,257,3.04547,3.09307,0.98461
2025-10-24#t165w0,2025-10-24,Hon. Ms. Boudreau,Affordability and housing,184,0.451,230,2.66513,2.8358,0.93982
2025-10-24#t166w0,2025-10-24,Ms. M. Johnson,Affordability and housing,296,1.0,346,2.77036,3.09404,0.89539
2025-10-24#t167w0,2025-10-24,Ms. Mitton,Affordability and housing,327,0.327,415,2.6094,2.87381,0.90799
2025-10-24#t168w0,2025-10-24,Ms. M. Wilson,Affordability and housing,157,1.0,218,2.99227,3.32839,0.89902
2025-10-24#t169w0,2025-10-24,Ms. Mitton,Affordability and housing,132,0.0,178,2.69353,2.87129,0.93809
2025-10-24#t170w0,2025-10-24,Ms. Conroy,Affordability and housing,276,1.0,344,2.83215,3.05295,0.92768
2025-10-24#t171w0,2025-10-24,Mr. M. LeBlanc,Affordability and housing,359,0.618,437,2.82534,2.90635,0.97213
2025-10-24#t171w1,2025-10-24,Mr. M. LeBlanc,Affordability and housing,274,0.938,323,2.78156,2.9722,0.93586
2025-10-24#t171w2,2025-10-24,Mr. M. LeBlanc,Affordability and housing,346,0.962,398,2.59251,2.85106,0.90931
2025-10-24#t171w3,2025-10-24,Mr. M. LeBlanc,Affordability and housing,345,0.82,391,2.68018,2.82077,0.95016
2025-10-24#t171w4,2025-10-24,Mr. M. LeBlanc,Affordability and housing,348,0.989,400,2.62627,2.89501,0.90717
2025-10-24#t172w0,2025-10-24,Mr. Savoie,Affordability and housing,323,1.0,390,3.02722,2.91643,1.03799
2025-10-24#t172w1,2025-10-24,Mr. Savoie,Affordability and housing,289,1.0,359,3.16951,3.19438,0.99221
2025-10-24#t174w0,2025-10-24,Mr. Savoie,Affordability and housing,251,1.0,304,3.31923,3.26699,1.01599
2025-10-24#t174w1,2025-10-24,Mr. Savoie,Affordability and housing,322,1.0,389,3.21679,3.01992,1.06519
2025-10-24#t174w2,2025-10-24,Mr. Savoie,Affordability and housing,317,1.0,379,2.9379,3.10018,0.94765
2025-10-24#t175w0,2025-10-24,Mr. Coon,Affordability and housing,319,1.0,375,2.86799,2.96094,0.96861
2025-10-24#t175w1,2025-10-24,Mr. Coon,Affordability and housing,306,1.0,366,2.78072,2.8423,0.97833
2025-10-24#t175w2,2025-10-24,Mr. Coon,Affordability and housing,335,1.0,399,3.22366,3.10584,1.03793
2025-10-24#t175w3,2025-10-24,Mr. Coon,Affordability and housing,251,1.0,300,2.92002,3.18977,0.91543
2025-10-24#t175w4,2025-10-24,Mr. Coon,Affordability and housing,345,1.0,399,3.05485,3.13025,0.97591
2025-10-24#t175w5,2025-10-24,Mr. Coon,Affordability and housing,341,1.0,407,3.31777,3.18359,1.04215
2025-10-24#t175w6,2025-10-24,Mr. Coon,Affordability and housing,221,1.0,255,2.79246,3.13573,0.89053
2025-10-24#t176w0,2025-10-24,Ms. Mitton,Affordability and housing,358,0.989,398,2.46444,2.80394,0.87892
2025-10-24#t176w1,2025-10-24,Ms. Mitton,Affordability and housing,239,1.0,283,2.82509,3.20124,0.8825
2025-10-24#t176w2,2025-10-24,Ms. Mitton,Affordability and housing,358,0.732,418,2.87569,3.02747,0.94987
2025-10-24#t176w3,2025-10-24,Ms. Mitton,Affordability and housing,285,0.582,342,3.03293,3.12361,0.97097
2025-10-24#t177w0,2025-10-24,Ms. Scott-Wallace,Affordability and housing,325,1.0,402,2.95928,2.7892,1.06098
2025-10-24#t177w1,2025-10-24,Ms. Scott-Wallace,Affordability and housing,299,1.0,356,3.09964,3.13483,0.98877
2025-10-24#t178w0,2025-10-24,Ms. Mitton,Affordability and housing,300,0.747,348,2.71804,2.74473,0.99027
2025-10-24#t178w1,2025-10-24,Ms. Mitton,Affordability and housing,329,0.988,384,2.42879,2.63615,0.92134
2025-10-24#t179w0,2025-10-24,Mr. Russell,Affordability and housing,268,1.0,313,2.88009,3.05186,0.94372
2025-10-24#t179w1,2025-10-24,Mr. Russell,Affordability and housing,356,0.764,431,2.75636,2.84093,0.97023
2025-10-24#t179w2,2025-10-24,Mr. Russell,Affordability and housing,348,1.0,428,2.74403,2.66717,1.02882
2025-10-24#t179w3,2025-10-24,Mr. Russell,Affordability and housing,184,0.978,224,3.10928,3.30316,0.9413
2025-10-24#t180w0,2025-10-24,Madam Speaker,Affordability and housing,299,0.91,388,2.89562,2.97456,0.97346
2025-10-24#t180w1,2025-10-24,Madam Speaker,Affordability and housing,300,1.0,374,2.89601,3.06372,0.94526
2025-10-24#t180w2,2025-10-24,Madam Speaker,Affordability and housing,290,0.828,378,3.11088,3.05839,1.01716
2025-10-24#t180w3,2025-10-24,Madam Speaker,Affordability and housing,325,0.8,428,2.99919,3.08336,0.9727
2025-10-24#t180w4,2025-10-24,Madam Speaker,Affordability and housing,287,1.0,367,2.95219,3.01025,0.98071
2025-10-24#t180w5,2025-10-24,Madam Speaker,Affordability and housing,251,1.0,315,3.05688,3.36571,0.90824
2025-10-24#t180w6,2025-10-24,Madam Speaker,Affordability and housing,352,1.0,409,3.49531,3.29901,1.0595
2025-10-24#t180w7,2025-10-24,Madam Speaker,Affordability and housing,332,0.828,421,3.25193,3.19244,1.01863
2025-10-24#t180w8,2025-10-24,Madam Speaker,Affordability and housing,346,1.0,416,3.00058,3.11507,0.96325
2025-10-24#t180w9,2025-10-24,Madam Speaker,Affordability and housing,322,1.0,389,3.15576,3.22403,0.97883
2025-10-24#t180w10,2025-10-24,Madam Speaker,Affordability and housing,286,1.0,339,3.0395,3.25757,0.93306
2025-10-24#t180w11,2025-10-24,Madam Speaker,Affordability and housing,336,0.81,421,3.00514,3.18798,0.94265
2025-10-24#t180w12,2025-10-24,Madam Speaker,Affordability and housing,226,0.783,275,3.42399,3.26411,1.04898
2025-10-24#t180w13,2025-10-24,Madam Speaker,Affordability and housing,321,1.0,391,2.92589,3.12922,0.93502
2025-10-24#t180w14,2025-10-24,Madam Speaker,Affordability and housing,330,0.855,402,3.11113,3.23186,0.96264
2025-10-24#t180w15,2025-10-24,Madam Speaker,Affordability and housing,216,0.81,252,3.21558,3.27279,0.98252
2025-10-24#t180w16,2025-10-24,Madam Speaker,Affordability and housing,292,0.89,343,3.01043,3.10025,0.97103
2025-10-24#t180w17,2025-10-24,Madam Speaker,Affordability and housing,168,0.958,196,3.24492,3.26625,0.99347
2025-10-24#t182w0,2025-10-24,Hon. Mr. Dornan,Affordability and housing,251,0.92,324,2.69947,2.91041,0.92752
2025-10-24#t182w1,2025-10-24,Hon. Mr. Dornan,Affordability and housing,352,0.881,432,2.88144,2.71395,1.06171
2025-10-24#t182w2,2025-10-24,Hon. Mr. Dornan,Affordability and housing,350,0.914,424,3.13388,3.14878,0.99527
2025-10-24#t182w3,2025-10-24,Hon. Mr. Dornan,Affordability and housing,303,0.931,369,3.18045,3.16679,1.00432
2025-10-24#t182w4,2025-10-24,Hon. Mr. Dornan,Affordability and housing,283,0.958,329,3.05076,3.16146,0.96498
2025-10-24#t182w5,2025-10-24,Hon. Mr. Dornan,Affordability and housing,230,0.939,281,3.39174,3.24896,1.04395
2025-10-24#t186w0,2025-10-24,Mr. Russell,Affordability and housing,284,1.0,335,2.90369,3.1167,0.93165
2025-10-24#t186w1,2025-10-24,Mr. Russell,Affordability and housing,338,1.0,404,3.30762,3.15064,1.04983
2025-10-24#t186w2,2025-10-24,Mr. Russell,Affordability and housing,305,1.0,377,3.29441,3.52654,0.93418
2025-10-24#t186w3,2025-10-24,Mr. Russell,Affordability and housing,270,1.0,325,3.07413,2.95693,1.03964
2025-10-24#t188w0,2025-10-24,Hon. Mr. Hickey,Affordability and housing,347,1.0,420,2.73288,2.76809,0.98728
2025-10-24#t188w1,2025-10-24,Hon. Mr. Hickey,Affordability and housing,347,1.0,409,2.83774,2.90019,0.97847
2025-10-24#t188w2,2025-10-24,Hon. Mr. Hickey,Affordability and housing,282,1.0,335,3.07968,3.25616,0.9458
2025-10-24#t188w3,2025-10-24,Hon. Mr. Hickey,Affordability and housing,334,1.0,406,2.83554,2.97643,0.95266
2025-10-24#t188w4,2025-10-24,Hon. Mr. Hickey,Affordability and housing,359,0.88,484,3.05577,3.07003,0.99535
2025-10-24#t188w5,2025-10-24,Hon. Mr. Hickey,Affordability and housing,217,1.0,259,3.38482,3.04646,1.11107
2025-10-24#t188w6,2025-10-24,Hon. Mr. Hickey,Affordability and housing,326,1.0,396,3.15571,3.16955,0.99563
2025-10-24#t188w7,2025-10-24,Hon. Mr. Hickey,Affordability and housing,257,0.887,318,2.74512,2.90302,0.94561
2025-10-24#t188w8,2025-10-24,Hon. Mr. Hickey,Affordability and housing,354,1.0,416,3.02879,3.18111,0.95211
2025-10-24#t188w9,2025-10-24,Hon. Mr. Hickey,Affordability and housing,343,0.898,404,2.91974,3.07692,0.94892
2025-10-24#t188w10,2025-10-24,Hon. Mr. Hickey,Affordability and housing,50,1.0,58,3.69605,3.83045,0.96491
2025-10-24#t189w0,2025-10-24,Hon. Mr. Hickey,Affordability and housing,279,1.0,327,3.02409,3.1433,0.96208
2025-10-24#t189w1,2025-10-24,Hon. Mr. Hickey,Affordability and housing,157,1.0,178,3.27728,3.25933,1.00551
2025-10-24#t189w2,2025-10-24,Hon. Mr. Hickey,Affordability and housing,283,1.0,324,3.15802,3.16063,0.99918
2025-10-24#t189w3,2025-10-24,Hon. Mr. Hickey,Affordability and housing,325,1.0,395,3.02884,3.15274,0.9607
2025-10-24#t189w4,2025-10-24,Hon. Mr. Hickey,Affordability and housing,236,1.0,272,3.27123,3.44653,0.94914
2025-10-24#t191w0,2025-10-24,Mr. Monahan,Affordability and housing,349,1.0,429,2.42148,2.45808,0.98511
2025-10-24#t191w1,2025-10-24,Mr. Monahan,Affordability and housing,327,0.654,400,2.34868,2.62954,0.89319
2025-10-24#t191w2,2025-10-24,Mr. Monahan,Affordability and housing,322,0.683,399,3.3714,3.45206,0.97664
2025-10-24#t191w3,2025-10-24,Mr. Monahan,Affordability and housing,326,1.0,395,3.21654,3.2902,0.97761
2025-10-24#t191w4,2025-10-24,Mr. Monahan,Affordability and housing,338,1.0,441,3.26861,3.51261,0.93054
2025-10-24#t191w5,2025-10-24,Mr. Monahan,Affordability and housing,291,0.34,358,2.831,3.18702,0.88829
2025-10-24#t191w6,2025-10-24,Mr. Monahan,Affordability and housing,120,1.0,178,3.02331,3.17419,0.95247
2025-10-24#t192w0,2025-10-24,Mr. Monahan,Affordability and housing,288,1.0,383,3.24795,3.17393,1.02332
2025-10-24#t192w1,2025-10-24,Mr. Monahan,Affordability and housing,340,0.735,451,2.91764,3.16349,0.92229
2025-10-24#t192w2,2025-10-24,Mr. Monahan,Affordability and housing,171,1.0,228,3.08966,3.10421,0.99531
2025-10-24#t193w0,2025-10-24,Mr. Monahan,Affordability and housing,337,0.754,411,3.19898,3.20596,0.99782
2025-10-24#t193w1,2025-10-24,Mr. Monahan,Affordability and housing,339,0.655,443,3.05334,3.13058,0.97533
2025-10-24#t193w2,2025-10-24,Mr. Monahan,Affordability and housing,212,0.59,289,2.82534,2.99172,0.94438
2025-10-24#t194w0,2025-10-24,,Affordability and housing,357,1.0,446,3.25903,3.3615,0.96952
2025-10-24#t194w1,2025-10-24,,Affordability and housing,334,0.88,403,3.0052,3.02132,0.99467
2025-10-24#t195w0,2025-10-24,Mr. Doucet,Affordability and housing,338,0.033,412,3.00635,2.9944,1.00399
2025-10-24#t195w1,2025-10-24,Mr. Doucet,Affordability and housing,345,0.0,409,3.07026,2.98465,1.02868
2025-10-24#t195w2,2025-10-24,Mr. Doucet,Affordability and housing,226,0.668,254,3.03562,3.11561,0.97433
2025-10-24#t195w3,2025-10-24,Mr. Doucet,Affordability and housing,335,0.137,382,3.05785,3.18795,0.95919
2025-10-24#t195w4,2025-10-24,Mr. Doucet,Affordability and housing,320,0.0,407,2.65922,2.90585,0.91513
2025-10-24#t195w5,2025-10-24,Mr. Doucet,Affordability and housing,233,0.0,289,2.98598,2.92168,1.02201
2025-10-24#t195w6,2025-10-24,Mr. Doucet,Affordability and housing,354,0.0,427,2.96712,3.0404,0.9759
2025-10-24#t195w7,2025-10-24,Mr. Doucet,Affordability and housing,52,0.0,65,3.63532,3.6968,0.98337
2025-10-28#t197w0,2025-10-28,Hon. Mr. Finnigan,Affordability and housing,142,0.0,199,2.36462,2.70618,0.87379
2025-10-28#t198w0,2025-10-28,Mr. Cullins,Affordability and housing,138,1.0,167,2.39823,2.53455,0.94621
2025-10-28#t199w0,2025-10-28,Mr. Weir,Affordability and housing,177,0.949,247,2.31982,2.48827,0.9323
2025-10-28#t200w0,2025-10-28,Ms. Scott-Wallace,Affordability and housing,182,1.0,220,2.96525,3.24463,0.9139
2025-10-28#t201w0,2025-10-28,Ms. Wilcott,Affordability and housing,143,1.0,201,3.30874,3.45195,0.95851
2025-10-28#t202w0,2025-10-28,Ms. M. Wilson,Affordability and housing,136,1.0,175,2.96896,2.98915,0.99324
2025-10-28#t203w0,2025-10-28,Mr. Coon,Affordability and housing,149,0.973,186,2.72366,2.90961,0.93609
2025-10-28#t204w0,2025-10-28,Mr. Arseneault,Affordability and housing,158,0.418,191,2.56079,2.87353,0.89117
2025-10-28#t205w0,2025-10-28,Ms. Mitton,Affordability and housing,165,1.0,214,2.78061,3.12142,0.89082
2025-10-28#t206w0,2025-10-28,Mr. Johnston,Affordability and housing,184,0.94,256,3.75622,3.40453,1.1033
2025-10-28#t207w0,2025-10-28,Mr. Weir,Affordability and housing,146,1.0,188,3.31807,3.04907,1.08822
2025-10-28#t208w0,2025-10-28,Ms. Mitton,Affordability and housing,164,1.0,210,2.88511,3.08088,0.93646
2025-10-28#t209w0,2025-10-28,Mr. J. LeBlanc,Affordability and housing,158,0.222,184,3.06634,2.8804,1.06455
2025-10-28#t210w0,2025-10-28,Ms. Conroy,Affordability and housing,148,1.0,177,3.44681,3.4134,1.00979
2025-10-28#t211w0,2025-10-28,Ms. Vautour,Affordability and housing,141,0.0,167,3.81261,3.57816,1.06552
2025-10-28#t212w0,2025-10-28,Mr. Lee,Affordability and housing,173,1.0,221,3.61568,3.4112,1.05994
2025-10-28#t213w0,2025-10-28,Ms. Wilcott,Affordability and housing,172,1.0,200,2.37867,2.82503,0.842
2025-10-28#t214w0,2025-10-28,Mr. Monahan,Affordability and housing,147,1.0,182,3.42895,3.35768,1.02123
2025-10-28#t215w0,2025-10-28,Mr. Bourque,Affordability and housing,167,0.503,204,2.58576,2.77055,0.9333
2025-10-28#t216w0,2025-10-28,Mr. Austin,Affordability and housing,144,1.0,183,3.15212,3.58033,0.8804
2025-10-28#t217w0,2025-10-28,Mr. Savoie,Affordability and housing,148,0.946,202,2.936,3.06472,0.958
2025-10-28#t218w0,2025-10-28,Hon. Mr. Kennedy,Affordability and housing,179,1.0,219,3.12049,3.03283,1.0289
2025-10-28#t219w0,2025-10-28,Mr. Savoie,Affordability and housing,143,0.958,177,3.05197,3.40757,0.89565
2025-10-28#t220w0,2025-10-28,Hon. Mr. Kennedy,Affordability and housing,198,1.0,241,3.03842,3.0277,1.00354
2025-10-28#t222w0,2025-10-28,Mr. Savoie,Affordability and housing,173,1.0,213,3.59773,3.47534,1.03522
2025-10-28#t223w0,2025-10-28,Hon. Mr. Kennedy,Affordability and housing,162,1.0,206,3.11166,2.9885,1.04121
2025-10-28#t224w0,2025-10-28,Mr. Savoie,Affordability and housing,101,1.0,133,3.42009,3.11938,1.0964
2025-10-28#t225w0,2025-10-28,Hon. Mr. Kennedy,Affordability and housing,192,1.0,229,3.06617,2.88034,1.06452
2025-10-28#t226w0,2025-10-28,Mr. Savoie,Affordability and housing,175,1.0,215,3.15224,3.34826,0.94145
2025-10-28#t227w0,2025-10-28,Hon. Mr. Kennedy,Affordability and housing,178,1.0,238,2.87304,2.91428,0.98585
2025-10-28#t228w0,2025-10-28,Mr. Savoie,Affordability and housing,188,1.0,219,3.39563,3.22936,1.05149
2025-10-28#t229w0,2025-10-28,Hon. Mr. Kennedy,Affordability and housing,186,1.0,232,3.3678,3.34829,1.00583
2025-10-28#t230w0,2025-10-28,Mr. Lee,Affordability and housing,150,1.0,169,3.07869,3.37217,0.91297
2025-10-28#t231w0,2025-10-28,Hon. C. Johnson,Affordability and housing,114,1.0,134,2.76802,3.25899,0.84935
2025-10-28#t232w0,2025-10-28,Mr. Lee,Affordability and housing,143,1.0,166,3.53998,3.37868,1.04774
2025-10-28#t233w0,2025-10-28,Hon. C. Johnson,Affordability and housing,117,1.0,140,3.53817,3.41604,1.03575
2025-10-28#t234w0,2025-10-28,Mr. Lee,Affordability and housing,161,1.0,193,3.68742,3.55971,1.03588
2025-10-28#t235w0,2025-10-28,Hon. C. Johnson,Affordability and housing,65,0.0,79,3.08706,3.49439,0.88343
2025-10-28#t236w0,2025-10-28,Mr. Austin,Affordability and housing,125,1.0,155,2.9614,2.99023,0.99036
2025-10-28#t237w0,2025-10-28,Hon. Mr. Herron,Affordability and housing,143,1.0,182,2.89036,3.16885,0.91212
2025-10-28#t238w0,2025-10-28,Mr. Austin,Affordability and housing,152,1.0,190,3.95493,3.69442,1.07051
2025-10-28#t239w0,2025-10-28,Hon. Mr. Randall,Affordability and housing,139,1.0,178,2.93273,2.96658,0.98859
2025-10-28#t240w0,2025-10-28,Mr. Austin,Affordability and housing,172,1.0,198,3.61902,3.59633,1.00631
2025-10-28#t241w0,2025-10-28,Hon. Mr. Herron,Affordability and housing,159,1.0,197,3.36868,3.02116,1.11503
2025-10-28#t242w0,2025-10-28,Mr. Coon,Affordability and housing,173,1.0,200,2.81126,3.00334,0.93604
2025-10-28#t243w0,2025-10-28,Hon. C. Johnson,Affordability and housing,129,1.0,151,2.85127,3.31299,0.86063
2025-10-28#t244w0,2025-10-28,Mr. Coon,Affordability and housing,160,1.0,192,3.05909,2.98304,1.02549
2025-10-28#t245w0,2025-10-28,Hon. C. Johnson,Affordability and housing,120,0.0,141,2.94404,3.23413,0.9103
2025-10-28#t246w0,2025-10-28,Ms. Scott-Wallace,Affordability and housing,162,1.0,193,3.17227,3.27041,0.96999
2025-10-28#t247w0,2025-10-28,Hon. Mr. Finnigan,Affordability and housing,135,0.0,170,3.08096,3.36982,0.91428
2025-10-28#t248w0,2025-10-28,Ms. Scott-Wallace,Affordability and housing,166,1.0,213,3.2048,3.20241,1.00075
2025-10-28#t249w0,2025-10-28,Hon. Mr. Finnigan,Affordability and housing,141,0.0,182,3.09633,3.13358,0.98811
2025-10-28#t250w0,2025-10-28,Mr. M. LeBlanc,Affordability and housing,93,1.0,121,3.40418,3.51427,0.96868
2025-10-28#t252w0,2025-10-28,Madam Speaker,Affordability and housing,119,1.0,149,3.12111,3.39253,0.92
2025-10-28#t254w0,2025-10-28,Mr. Savoie,Affordability and housing,56,1.0,72,2.98731,3.79517,0.78713
2025-10-28#t256w0,2025-10-28,Madam Speaker,Affordability and housing,52,1.0,63,3.34547,3.75822,0.89017
2025-10-28#t262w0,2025-10-28,Hon. Mr. McKee,Affordability and housing,185,0.632,217,2.53438,2.76557,0.91641
2025-10-28#t263w0,2025-10-28,Mr. Weir,Affordability and housing,177,1.0,222,2.83284,2.8662,0.98836
2025-10-28#t264w0,2025-10-28,Mr. Coon,Affordability and housing,160,1.0,194,2.86158,3.10471,0.92169
2025-10-28#t265w0,2025-10-28,Hon. Mr. D’Amours,Affordability and housing,236,0.716,300,2.64921,2.68039,0.98836
2025-10-28#t266w0,2025-10-28,Mr. Cullins,Affordability and housing,307,1.0,384,2.74575,2.88248,0.95257
2025-10-28#t267w0,2025-10-28,Mr. Coon,Affordability and housing,276,0.848,347,2.99671,2.85496,1.04965
2025-10-28#t268w0,2025-10-28,Hon. C. Johnson,Affordability and housing,141,0.504,178,2.74126,2.97033,0.92288
2025-10-28#t269w0,2025-10-28,Mr. Lee,Affordability and housing,110,1.0,138,3.29759,3.14498,1.04853
2025-10-28#t270w0,2025-10-28,Ms. Mitton,Affordability and housing,148,0.311,205,2.98304,2.97554,1.00252
2025-10-28#t271w0,2025-10-28,Hon. C. Johnson,Affordability and housing,76,0.211,93,3.05202,3.1911,0.95642
2025-10-28#t272w0,2025-10-28,Hon. Mr. D’Amours,Affordability and housing,328,0.503,426,2.56177,2.4465,1.04712
2025-10-28#t272w1,2025-10-28,Hon. Mr. D’Amours,Affordability and housing,151,0.391,184,2.7725,2.89072,0.9591
2025-10-28#t273w0,2025-10-28,Hon. Mr. McKee,Affordability and housing,116,0.655,145,2.74815,2.93591,0.93605
2025-10-28#t274w0,2025-10-28,Mr. M. LeBlanc,Affordability and housing,250,1.0,304,3.03466,2.87457,1.05569
2025-10-28#t274w1,2025-10-28,Mr. M. LeBlanc,Affordability and housing,320,1.0,379,2.90263,2.95596,0.98196
2025-10-28#t275w0,2025-10-28,Mr. Coon,Affordability and housing,325,1.0,385,2.57251,2.62694,0.97928
2025-10-28#t275w1,2025-10-28,Mr. Coon,Affordability and housing,322,1.0,368,3.01389,2.96712,1.01576
2025-10-28#t275w2,2025-10-28,Mr. Coon,Affordability and housing,103,1.0,125,3.73539,3.40948,1.09559
2025-10-28#t278w0,2025-10-28,Mr. Monahan,Affordability and housing,359,0.657,444,2.59046,2.58795,1.00097
2025-10-28#t278w1,2025-10-28,Mr. Monahan,Affordability and housing,314,0.478,385,3.01215,3.07129,0.98075
2025-10-28#t278w2,2025-10-28,Mr. Monahan,Affordability and housing,345,0.507,413,3.31699,3.35003,0.99014
2025-10-28#t278w3,2025-10-28,Mr. Monahan,Affordability and housing,302,0.609,356,3.07387,3.42219,0.89822
2025-10-28#t278w4,2025-10-28,Mr. Monahan,Affordability and housing,348,0.802,415,2.98009,2.93311,1.01602
2025-10-28#t278w5,2025-10-28,Mr. Monahan,Affordability and housing,331,0.456,395,2.96759,3.17896,0.93351
2025-10-28#t278w6,2025-10-28,Mr. Monahan,Affordability and housing,360,0.269,436,2.91275,3.19114,0.91276
2025-10-28#t278w7,2025-10-28,Mr. Monahan,Affordability and housing,357,0.65,429,2.85992,2.92526,0.97766
2025-10-28#t278w8,2025-10-28,Mr. Monahan,Affordability and housing,357,0.815,449,2.80534,2.80748,0.99924
2025-10-28#t279w0,2025-10-28,Ms. Mitton,Affordability and housing,330,0.897,394,2.97581,3.04257,0.97806
2025-10-28#t279w1,2025-10-28,Ms. Mitton,Affordability and housing,342,1.0,420,2.95804,3.14004,0.94204
2025-10-28#t279w2,2025-10-28,Ms. Mitton,Affordability and housing,67,1.0,77,3.39809,4.01882,0.84555
2025-10-28#t280w0,2025-10-28,Mr. Lee,Affordability and housing,352,1.0,424,3.48938,3.65307,0.95519
2025-10-28#t280w1,2025-10-28,Mr. Lee,Affordability and housing,160,1.0,194,3.71293,3.87588,0.95796
2025-10-28#t280w2,2025-10-28,Mr. Lee,Affordability and housing,281,1.0,348,3.63836,3.68251,0.98801
2025-10-28#t280w3,2025-10-28,Mr. Lee,Affordability and housing,338,1.0,400,2.85947,3.15339,0.90679
2025-10-28#t280w4,2025-10-28,Mr. Lee,Affordability and housing,342,1.0,423,2.89012,3.09538,0.93369
2025-10-28#t280w5,2025-10-28,Mr. Lee,Affordability and housing,233,1.0,299,3.22327,3.26827,0.98623
2025-10-28#t280w6,2025-10-28,Mr. Lee,Affordability and housing,285,1.0,372,2.79789,2.96083,0.94497
2025-10-28#t280w7,2025-10-28,Mr. Lee,Affordability and housing,320,1.0,409,3.16795,3.33412,0.95016
2025-10-28#t280w8,2025-10-28,Mr. Lee,Affordability and housing,318,1.0,391,3.27219,3.30373,0.99045
2025-10-28#t280w9,2025-10-28,Mr. Lee,Affordability and housing,317,1.0,405,3.55758,3.57258,0.9958
2025-10-28#t280w10,2025-10-28,Mr. Lee,Affordability and housing,320,1.0,392,2.97748,3.15554,0.94357
2025-10-28#t280w11,2025-10-28,Mr. Lee,Affordability and housing,319,1.0,372,3.38002,3.55863,0.94981
2025-10-28#t280w12,2025-10-28,Mr. Lee,Affordability and housing,303,1.0,363,3.08738,3.24316,0.95197
2025-10-28#t280w13,2025-10-28,Mr. Lee,Affordability and housing,360,1.0,462,3.23688,3.401,0.95174
2025-10-28#t280w14,2025-10-28,Mr. Lee,Affordability and housing,102,0.471,130,3.33725,3.4197,0.97589
2025-10-28#t282w0,2025-10-28,Ms. Mitton,Affordability and housing,260,0.981,325,2.4431,2.68928,0.90846
2025-10-28#t282w1,2025-10-28,Ms. Mitton,Affordability and housing,315,0.8,379,2.71869,2.84696,0.95495
2025-10-28#t282w2,2025-10-28,Ms. Mitton,Affordability and housing,345,1.0,408,2.70312,2.88059,0.93839
2025-10-28#t282w3,2025-10-28,Ms. Mitton,Affordability and housing,283,1.0,337,3.02774,3.0049,1.0076
2025-10-28#t282w4,2025-10-28,Ms. Mitton,Affordability and housing,348,0.727,405,2.74428,3.08394,0.88986
2025-10-28#t282w5,2025-10-28,Ms. Mitton,Affordability and housing,320,0.412,393,3.11021,3.03022,1.0264
2025-10-28#t282w6,2025-10-28,Ms. Mitton,Affordability and housing,324,1.0,387,2.98891,3.15843,0.94633
2025-10-28#t282w7,2025-10-28,Ms. Mitton,Affordability and housing,346,1.0,419,2.84031,3.01619,0.94169
2025-10-28#t282w8,2025-10-28,Ms. Mitton,Affordability and housing,342,1.0,421,3.15074,3.18181,0.99023
2025-10-28#t282w9,2025-10-28,Ms. Mitton,Affordability and housing,282,1.0,336,3.02108,3.24,0.93243
2025-10-28#t282w10,2025-10-28,Ms. Mitton,Affordability and housing,320,1.0,387,3.16282,2.98698,1.05887
2025-10-28#t282w11,2025-10-28,Ms. Mitton,Affordability and housing,255,1.0,308,2.79457,2.95108,0.94697
2025-10-28#t282w12,2025-10-28,Ms. Mitton,Affordability and housing,359,0.63,417,2.93543,3.19167,0.91972
2025-10-28#t282w13,2025-10-28,Ms. Mitton,Affordability and housing,271,1.0,304,3.03538,3.1494,0.9638
2025-10-28#t282w14,2025-10-28,Ms. Mitton,Affordability and housing,173,0.936,210,3.3344,3.18907,1.04557
2025-10-28#t284w0,2025-10-28,Hon. Mr. Gauvin,Affordability and housing,109,0.0,146,3.17155,3.15908,1.00395
2025-10-28#t286w0,2025-10-28,Mr. Bourque,Affordability and housing,328,0.0,410,2.76594,3.06626,0.90206
2025-10-28#t286w1,2025-10-28,Mr. Bourque,Affordability and housing,276,0.312,343,2.84046,3.01743,0.94135
2025-10-28#t286w2,2025-10-28,Mr. Bourque,Affordability and housing,346,0.0,421,2.91322,2.89642,1.0058
2025-10-28#t286w3,2025-10-28,Mr. Bourque,Affordability and housing,270,0.0,313,2.77429,3.0472,0.91044
2025-10-28#t286w4,2025-10-28,Mr. Bourque,Affordability and housing,359,0.0,416,2.90636,3.08934,0.94077
2025-10-28#t286w5,2025-10-28,Mr. Bourque,Affordability and housing,290,0.069,344,3.15286,3.25571,0.96841
2025-10-28#t286w6,2025-10-28,Mr. Bourque,Affordability and housing,282,0.0,340,3.27102,3.01845,1.08368
2025-10-28#t286w7,2025-10-28,Mr. Bourque,Affordability and housing,290,0.0,356,3.13728,3.17111,0.98933
2025-10-28#t286w8,2025-10-28,Mr. Bourque,Affordability and housing,284,0.0,350,2.88828,2.92403,0.98778
2025-10-28#t286w9,2025-10-28,Mr. Bourque,Affordability and housing,360,0.0,432,3.27504,3.19314,1.02565
2025-10-28#t286w10,2025-10-28,Mr. Bourque,Affordability and housing,333,0.0,421,2.77157,2.95004,0.9395
2025-10-28#t286w11,2025-10-28,Mr. Bourque,Affordability and housing,333,0.0,395,2.99257,2.96738,1.00849
2025-10-28#t286w12,2025-10-28,Mr. Bourque,Affordability and housing,321,0.0,388,3.02039,3.19105,0.94652
2025-10-28#t286w13,2025-10-28,Mr. Bourque,Affordability and housing,307,0.0,366,2.90606,3.22643,0.90071
2025-10-28#t286w14,2025-10-28,Mr. Bourque,Affordability and housing,124,0.0,144,2.90378,3.32153,0.87423
2025-10-28#t288w0,2025-10-28,Ms. Conroy,Affordability and housing,280,1.0,333,2.67993,2.86472,0.93549
2025-10-28#t288w1,2025-10-28,Ms. Conroy,Affordability and housing,273,1.0,343,2.6388,2.81805,0.93639
2025-10-28#t288w2,2025-10-28,Ms. Conroy,Affordability and housing,326,1.0,397,3.28414,3.25531,1.00886
2025-10-28#t288w3,2025-10-28,Ms. Conroy,Affordability and housing,252,1.0,305,2.9745,3.11704,0.95427
2025-10-28#t288w4,2025-10-28,Ms. Conroy,Affordability and housing,359,1.0,429,2.93167,2.94183,0.99655
2025-10-28#t288w5,2025-10-28,Ms. Conroy,Affordability and housing,124,1.0,148,3.02977,3.38435,0.89523
2025-10-28#t289w0,2025-10-28,Ms. Conroy,Affordability and housing,357,1.0,435,3.05381,3.17233,0.96264
2025-10-28#t289w1,2025-10-28,Ms. Conroy,Affordability and housing,305,1.0,352,3.03694,3.14124,0.9668
2025-10-28#t289w2,2025-10-28,Ms. Conroy,Affordability and housing,343,1.0,411,3.1529,3.30501,0.95398
2025-10-28#t289w3,2025-10-28,Ms. Conroy,Affordability and housing,261,1.0,312,3.23535,3.03453,1.06618
2025-10-28#t289w4,2025-10-28,Ms. Conroy,Affordability and housing,349,1.0,418,3.23324,3.19203,1.01291
2025-10-28#t289w5,2025-10-28,Ms. Conroy,Affordability and housing,230,1.0,276,2.88371,3.17365,0.90864
2025-10-28#t291w0,2025-10-28,Ms. Conroy,Affordability and housing,111,1.0,154,2.633,3.19298,0.82462
2025-10-28#t292w0,2025-10-28,Ms. Conroy,Affordability and housing,242,1.0,294,3.38167,3.32744,1.0163
2025-10-28#t293w0,2025-10-28,Ms. Conroy,Affordability and housing,304,1.0,353,2.97618,3.16492,0.94037
2025-10-28#t296w0,2025-10-28,Mr. Deputy Speaker,Affordability and housing,72,1.0,87,3.05178,3.38498,0.90156
2025-10-28#t297w0,2025-10-28,Ms. Conroy,Affordability and housing,317,1.0,371,3.19378,3.29232,0.97007
2025-10-28#t297w1,2025-10-28,Ms. Conroy,Affordability and housing,271,1.0,330,3.39557,3.20424,1.05971
2025-10-28#t297w2,2025-10-28,Ms. Conroy,Affordability and housing,297,1.0,357,2.93057,3.26075,0.89874
2025-10-28#t297w3,2025-10-28,Ms. Conroy,Affordability and housing,342,1.0,426,3.54947,3.35452,1.05811
2025-10-28#t298w0,2025-10-28,,Affordability and housing,348,1.0,428,3.37445,3.39699,0.99337
2025-10-28#t298w1,2025-10-28,,Affordability and housing,294,1.0,350,3.31698,3.26411,1.0162
2025-10-28#t298w2,2025-10-28,,Affordability and housing,187,1.0,232,2.86605,3.27896,0.87407
2025-10-28#t299w0,2025-10-28,Ms. Wilcott,Affordability and housing,284,1.0,362,3.34387,3.17475,1.05327
2025-10-28#t299w1,2025-10-28,Ms. Wilcott,Affordability and housing,300,1.0,352,2.963,3.11389,0.95154
2025-10-28#t299w2,2025-10-28,Ms. Wilcott,Affordability and housing,345,1.0,452,3.31116,3.31875,0.99771
2025-10-28#t299w3,2025-10-28,Ms. Wilcott,Affordability and housing,351,1.0,433,3.12549,3.37916,0.92493
2025-10-28#t299w4,2025-10-28,Ms. Wilcott,Affordability and housing,304,1.0,386,3.11598,3.15908,0.98636
2025-10-28#t299w5,2025-10-28,Ms. Wilcott,Affordability and housing,315,1.0,397,3.00039,3.00245,0.99932
2025-10-28#t299w6,2025-10-28,Ms. Wilcott,Affordability and housing,215,1.0,286,3.0841,3.07588,1.00267
2025-10-28#t300w0,2025-10-28,Ms. Bockus,Affordability and housing,336,1.0,420,3.2607,3.08923,1.05551
2025-10-28#t300w1,2025-10-28,Ms. Bockus,Affordability and housing,89,1.0,122,4.19097,4.0103,1.04505
2025-10-28#t301w0,2025-10-28,Ms. Bockus,Affordability and housing,341,1.0,446,3.49731,3.40594,1.02683
2025-10-28#t301w1,2025-10-28,Ms. Bockus,Affordability and housing,146,1.0,189,2.97281,3.15289,0.94288
2025-10-29#t304w0,2025-10-29,Mr. Weir,Affordability and housing,173,1.0,222,2.99001,2.90569,1.02902
2025-10-29#t305w0,2025-10-29,Ms. M. Johnson,Affordability and housing,222,1.0,286,2.30921,2.53188,0.91205
2025-10-29#t306w0,2025-10-29,Mr. Johnston,Affordability and housing,100,0.0,128,3.47674,3.04909,1.14026
2025-10-29#t307w0,2025-10-29,Ms. Conroy,Affordability and housing,161,1.0,213,2.79374,3.14606,0.88801
2025-10-29#t308w0,2025-10-29,Mr. Coon,Affordability and housing,147,0.973,191,2.93806,3.14195,0.93511
2025-10-29#t309w0,2025-10-29,Ms. Vautour,Affordability and housing,148,0.0,194,3.02582,3.08121,0.98203
2025-10-29#t310w0,2025-10-29,Mr. Russell,Affordability and housing,132,1.0,179,3.21577,3.36611,0.95534
2025-10-29#t311w0,2025-10-29,Ms. Mitton,Affordability and housing,116,0.0,145,3.48458,3.45644,1.00814
2025-10-29#t312w0,2025-10-29,Hon. Mr. Herron,Affordability and housing,166,1.0,219,3.03853,2.78359,1.09159
2025-10-29#t313w0,2025-10-29,Mr. Robichaud,Affordability and housing,146,0.349,175,2.89007,3.24159,0.89156
2025-10-29#t315w0,2025-10-29,Mr. Savoie,Affordability and housing,89,0.775,108,3.23626,3.31575,0.97602
2025-10-29#t316w0,2025-10-29,Hon. Mr. Gauvin,Affordability and housing,90,0.0,108,2.91397,3.40507,0.85578
2025-10-29#t318w0,2025-10-29,Mr. Russell,Affordability and housing,117,1.0,150,4.07107,3.80947,1.06867
2025-10-29#t319w0,2025-10-29,Mr. Coon,Affordability and housing,187,1.0,237,2.85326,2.88045,0.99056
2025-10-29#t320w0,2025-10-29,Ms. Wilcott,Affordability and housing,163,1.0,193,3.1762,3.05593,1.03935
2025-10-29#t321w0,2025-10-29,Mr. Oliver,Affordability and housing,120,1.0,156,3.58083,3.40324,1.05218
2025-10-29#t322w0,2025-10-29,Mr. Mallet,Affordability and housing,166,0.0,189,2.77737,3.12484,0.8888
2025-10-29#t323w0,2025-10-29,Ms. Scott-Wallace,Affordability and housing,151,1.0,180,3.63618,3.62912,1.00195
2025-10-29#t324w0,2025-10-29,Mr. M. LeBlanc,Affordability and housing,166,1.0,194,2.32449,2.75789,0.84285
2025-10-29#t325w0,2025-10-29,Mr. Cullins,Affordability and housing,156,1.0,189,2.98284,3.28375,0.90836
2025-10-29#t326w0,2025-10-29,Mr. Robichaud,Affordability and housing,176,0.239,220,2.80837,3.21624,0.87319
2025-10-29#t327w0,2025-10-29,Ms. S. Wilson,Affordability and housing,142,1.0,182,2.9977,3.14885,0.952
2025-10-29#t329w0,2025-10-29,Mr. Austin,Affordability and housing,197,1.0,232,3.31273,3.37112,0.98268
2025-10-29#t330w0,2025-10-29,Hon. Mr. McKee,Affordability and housing,110,1.0,136,3.16183,3.16876,0.99781
2025-10-29#t331w0,2025-10-29,Mr. Savoie,Affordability and housing,114,1.0,136,3.01078,3.39937,0.88569
2025-10-29#t332w0,2025-10-29,Hon. Mr. McKee,Affordability and housing,145,1.0,181,3.27768,3.27153,1.00188
2025-10-29#t333w0,2025-10-29,Mr. Savoie,Affordability and housing,88,1.0,105,3.62435,3.57083,1.01499
2025-10-29#t334w0,2025-10-29,Hon. Mr. McKee,Affordability and housing,175,1.0,204,2.95857,3.19538,0.92589
2025-10-29#t335w0,2025-10-29,Mr. Savoie,Affordability and housing,172,1.0,206,2.95679,3.21825,0.91876
2025-10-29#t336w0,2025-10-29,Hon. C. Johnson,Affordability and housing,112,1.0,143,3.0805,3.10606,0.99177
2025-10-29#t337w0,2025-10-29,Mr. Savoie,Affordability and housing,206,1.0,255,2.74062,3.22573,0.84961
2025-10-29#t338w0,2025-10-29,Hon. C. Johnson,Affordability and housing,80,1.0,100,3.85794,3.59337,1.07363
2025-10-29#t339w0,2025-10-29,Mr. Savoie,Affordability and housing,153,1.0,187,3.02153,3.18046,0.95003
2025-10-29#t340w0,2025-10-29,Hon. C. Johnson,Affordability and housing,105,0.0,117,3.23838,3.4869,0.92873
2025-10-29#t341w0,2025-10-29,Mr. Weir,Affordability and housing,117,1.0,140,3.44612,3.22244,1.06941
2025-10-29#t342w0,2025-10-29,Hon. M. McKee,Affordability and housing,173,0.965,205,3.54139,3.52715,1.00404
2025-10-29#t343w0,2025-10-29,Mr. Weir,Affordability and housing,156,1.0,186,3.47334,3.41095,1.01829
2025-10-29#t344w0,2025-10-29,Hon. Mr. McKee,Affordability and housing,153,1.0,186,3.00176,3.07292,0.97685
2025-10-29#t345w0,2025-10-29,Mr. Weir,Affordability and housing,183,1.0,228,3.7067,3.56036,1.0411
2025-10-29#t346w0,2025-10-29,Hon. Mr. McKee,Affordability and housing,174,1.0,202,3.18183,3.3686,0.94456
2025-10-29#t347w0,2025-10-29,Mr. Ames,Affordability and housing,126,1.0,150,3.48737,3.06303,1.13854
2025-10-29#t348w0,2025-10-29,Hon. Mr. Gauvin,Affordability and housing,176,0.0,206,3.16479,3.17338,0.99729
2025-10-29#t349w0,2025-10-29,Mr. Ames,Affordability and housing,63,1.0,85,3.40855,3.19085,1.06822
2025-10-29#t350w0,2025-10-29,Hon. Mr. Gauvin,Affordability and housing,106,0.0,132,3.41411,3.20703,1.06457
2025-10-29#t351w0,2025-10-29,Hon. Mr. Gauvin,Affordability and housing,75,0.0,85,3.74466,3.99561,0.93719
2025-10-29#t352w0,2025-10-29,Mr. Ames,Affordability and housing,61,1.0,82,3.24484,3.81066,0.85152
2025-10-29#t353w0,2025-10-29,Hon. Mr. Gauvin,Affordability and housing,231,0.0,274,2.9058,3.19502,0.90948
2025-10-29#t354w0,2025-10-29,Ms. Mitton,Affordability and housing,141,1.0,182,3.88183,3.62576,1.07063
2025-10-29#t355w0,2025-10-29,Hon. Mr. LePage,Affordability and housing,129,0.0,151,3.51473,3.13524,1.12104
2025-10-29#t356w0,2025-10-29,Ms. Mitton,Affordability and housing,144,1.0,167,3.5917,3.41746,1.05099
2025-10-29#t357w0,2025-10-29,Hon. Mr. LePage,Affordability and housing,138,0.0,169,3.37427,3.2769,1.02971
2025-10-29#t358w0,2025-10-29,Ms. Mitton,Affordability and housing,168,1.0,206,3.18627,3.24145,0.98298
2025-10-29#t359w0,2025-10-29,Hon. Mr. LePage,Affordability and housing,132,0.0,160,2.9485,3.0839,0.95609
2025-10-29#t360w0,2025-10-29,Mr. Monahan,Affordability and housing,154,1.0,172,3.36453,3.41434,0.98541
2025-10-29#t361w0,2025-10-29,Hon. C. Johnson,Affordability and housing,108,0.0,118,2.77468,3.18995,0.86982
2025-10-29#t363w0,2025-10-29,Ms. M. Johnson,Affordability and housing,66,1.0,81,3.47932,3.37127,1.03205
2025-10-29#t365w0,2025-10-29,Hon. K. Chiasson,Affordability and housing,154,0.0,196,2.91898,3.10908,0.93885
2025-10-29#t366w0,2025-10-29,Ms. Conroy,Affordability and housing,100,1.0,120,3.17936,3.3995,0.93524
2025-10-29#t367w0,2025-10-29,Mr. Coon,Affordability and housing,139,0.971,162,3.34475,3.42118,0.97766
2025-10-29#t368w0,2025-10-29,Hon. Mr. Herron,Affordability and housing,192,1.0,235,2.78879,3.01337,0.92547
2025-10-29#t369w0,2025-10-29,Mr. Austin,Affordability and housing,243,1.0,292,3.00492,3.09024,0.97239
2025-10-29#t370w0,2025-10-29,Mr. Coon,Affordability and housing,225,1.0,283,3.03364,3.18033,0.95387
2025-10-29#t371w0,2025-10-29,Hon. Mr. D’Amours,Affordability and housing,199,0.709,262,2.6032,2.80899,0.92674
2025-10-29#t372w0,2025-10-29,Mr. Cullins,Affordability and housing,191,1.0,241,3.24376,3.03645,1.06827
2025-10-29#t373w0,2025-10-29,Ms. Mitton,Affordability and housing,148,0.953,201,2.6423,3.0463,0.86738
2025-10-29#t374w0,2025-10-29,Madam Speaker,Affordability and housing,68,0.0,90,3.49101,3.63658,0.95997
2025-10-29#t375w0,2025-10-29,Ms. M. Johnson,Affordability and housing,89,1.0,119,2.88484,2.85395,1.01082
2025-10-29#t376w0,2025-10-29,Mr. M. LeBlanc,Affordability and housing,87,1.0,121,2.71662,2.60839,1.04149
2025-10-29#t377w0,2025-10-29,Madam Speaker,Affordability and housing,290,1.0,378,3.28316,3.20172,1.02544
2025-10-29#t377w1,2025-10-29,Madam Speaker,Affordability and housing,343,1.0,419,3.35383,3.22341,1.04046
2025-10-29#t377w2,2025-10-29,Madam Speaker,Affordability and housing,353,1.0,412,3.35331,3.38262,0.99134
2025-10-29#t377w3,2025-10-29,Madam Speaker,Affordability and housing,331,1.0,380,3.00956,3.30523,0.91054
2025-10-29#t377w4,2025-10-29,Madam Speaker,Affordability and housing,76,1.0,91,3.09099,3.32347,0.93005
2025-10-29#t378w0,2025-10-29,Mr. M. LeBlanc,Affordability and housing,307,0.0,398,2.8072,2.74874,1.02127
2025-10-29#t378w1,2025-10-29,Mr. M. LeBlanc,Affordability and housing,283,0.0,345,2.77529,2.88927,0.96055
2025-10-29#t378w2,2025-10-29,Mr. M. LeBlanc,Affordability and housing,311,0.322,389,2.44301,2.56884,0.95102
2025-10-29#t378w3,2025-10-29,Mr. M. LeBlanc,Affordability and housing,309,0.537,385,3.25177,3.05239,1.06532
2025-10-29#t378w4,2025-10-29,Mr. M. LeBlanc,Affordability and housing,334,0.659,416,3.20859,3.16547,1.01362
2025-10-29#t378w5,2025-10-29,Mr. M. LeBlanc,Affordability and housing,351,0.202,430,2.88996,2.81809,1.0255
2025-10-29#t378w6,2025-10-29,Mr. M. LeBlanc,Affordability and housing,299,0.753,356,2.95019,2.92765,1.0077
2025-10-29#t378w7,2025-10-29,Mr. M. LeBlanc,Affordability and housing,351,0.712,432,2.90648,3.06216,0.94916
2025-10-29#t378w8,2025-10-29,Mr. M. LeBlanc,Affordability and housing,340,0.706,417,2.50871,2.89103,0.86776
2025-10-29#t378w9,2025-10-29,Mr. M. LeBlanc,Affordability and housing,316,1.0,361,3.01184,3.22651,0.93347
2025-10-29#t378w10,2025-10-29,Mr. M. LeBlanc,Affordability and housing,293,0.778,332,3.2126,3.1223,1.02892
2025-10-29#t379w0,2025-10-29,Mr. M. LeBlanc,Affordability and housing,326,1.0,384,3.26419,3.19193,1.02264
2025-10-29#t379w1,2025-10-29,Mr. M. LeBlanc,Affordability and housing,350,0.874,415,3.00111,2.99551,1.00187
2025-10-29#t379w2,2025-10-29,Mr. M. LeBlanc,Affordability and housing,90,1.0,102,3.54221,3.45934,1.02396
2025-10-29#t382w0,2025-10-29,Mr. M. LeBlanc,Affordability and housing,157,1.0,189,3.89894,3.77839,1.03191
2025-10-29#t383w0,2025-10-29,Mr. M. LeBlanc,Affordability and housing,71,1.0,84,3.69261,3.83551,0.96274
2025-10-29#t385w0,2025-10-29,Mr. M. LeBlanc,Affordability and housing,247,0.551,298,3.20955,3.34766,0.95874
2025-10-29#t387w0,2025-10-29,Mr. M. LeBlanc,Affordability and housing,324,1.0,404,3.05083,2.97318,1.02612
2025-10-29#t387w1,2025-10-29,Mr. M. LeBlanc,Affordability and housing,112,1.0,134,2.64137,3.22839,0.81817
2025-10-29#t394w0,2025-10-29,Mr. Johnston,Affordability and housing,189,1.0,259,2.94609,2.8804,1.02281
2025-10-29#t396w0,2025-10-29,Ms. M. Johnson,Affordability and housing,330,1.0,421,2.80975,2.77326,1.01316
2025-10-29#t396w1,2025-10-29,Ms. M. Johnson,Affordability and housing,322,1.0,415,3.21797,3.24422,0.99191
2025-10-29#t396w2,2025-10-29,Ms. M. Johnson,Affordability and housing,306,1.0,357,3.31367,3.29955,1.00428
2025-10-29#t396w3,2025-10-29,Ms. M. Johnson,Affordability and housing,351,1.0,423,3.37408,3.40377,0.99128
2025-10-29#t396w4,2025-10-29,Ms. M. Johnson,Affordability and housing,290,1.0,361,3.19212,3.41047,0.93598
2025-10-29#t396w5,2025-10-29,Ms. M. Johnson,Affordability and housing,354,1.0,435,3.77157,3.77977,0.99783
2025-10-29#t396w6,2025-10-29,Ms. M. Johnson,Affordability and housing,297,1.0,388,3.73555,3.57968,1.04354
2025-10-29#t396w7,2025-10-29,Ms. M. Johnson,Affordability and housing,252,1.0,302,3.3627,3.43562,0.97878
2025-10-29#t396w8,2025-10-29,Ms. M. Johnson,Affordability and housing,346,1.0,415,3.30323,3.38061,0.97711
2025-10-29#t396w9,2025-10-29,Ms. M. Johnson,Affordability and housing,254,1.0,320,3.2731,3.30837,0.98934
2025-10-29#t396w10,2025-10-29,Ms. M. Johnson,Affordability and housing,337,1.0,425,3.26234,3.33504,0.9782
2025-10-29#t397w0,2025-10-29,Mr. J. LeBlanc,Affordability and housing,338,0.0,410,2.96491,2.97408,0.99691
2025-10-29#t397w1,2025-10-29,Mr. J. LeBlanc,Affordability and housing,294,0.163,344,3.26569,3.14961,1.03685
2025-10-29#t397w2,2025-10-29,Mr. J. LeBlanc,Affordability and housing,305,0.311,382,2.83758,3.00845,0.9432
2025-10-29#t397w3,2025-10-29,Mr. J. LeBlanc,Affordability and housing,349,0.504,426,3.04309,3.20311,0.95004
2025-10-29#t397w4,2025-10-29,Mr. J. LeBlanc,Affordability and housing,244,0.0,283,2.97252,2.9269,1.01559
2025-10-29#t397w5,2025-10-29,Mr. J. LeBlanc,Affordability and housing,348,0.471,419,3.23204,3.42016,0.945
2025-10-29#t397w6,2025-10-29,Mr. J. LeBlanc,Affordability and housing,306,0.435,362,3.3625,3.19767,1.05155
2025-10-29#t397w7,2025-10-29,Mr. J. LeBlanc,Affordability and housing,313,0.776,392,3.21074,3.21908,0.99741
2025-10-29#t397w8,2025-10-29,Mr. J. LeBlanc,Affordability and housing,318,0.56,389,3.02273,3.09903,0.97538
2025-10-29#t397w9,2025-10-29,Mr. J. LeBlanc,Affordability and housing,352,0.111,412,3.11827,3.20066,0.97426
2025-10-29#t397w10,2025-10-29,Mr. J. LeBlanc,Affordability and housing,303,0.0,364,3.16783,3.21303,0.98593
2025-10-29#t397w11,2025-10-29,Mr. J. LeBlanc,Affordability and housing,282,0.0,326,3.06144,3.24851,0.94241
2025-10-29#t397w12,2025-10-29,Mr. J. LeBlanc,Affordability and housing,257,0.311,310,3.38807,3.12177,1.08531
2025-10-29#t397w13,2025-10-29,Mr. J. LeBlanc,Affordability and housing,299,0.421,359,3.25737,3.29051,0.98993
2025-10-29#t397w14,2025-10-29,Mr. J. LeBlanc,Affordability and housing,330,0.0,417,3.15527,3.14337,1.00379
2025-10-29#t397w15,2025-10-29,Mr. J. LeBlanc,Affordability and housing,346,0.373,409,3.04064,3.15421,0.964
2025-10-29#t399w0,2025-10-29,Mr. Cullins,Affordability and housing,56,1.0,76,2.88695,3.16446,0.9123
2025-10-29#t400w0,2025-10-29,Mr. Cullins,Affordability and housing,334,1.0,407,2.58271,2.88458,0.89535
2025-10-29#t400w1,2025-10-29,Mr. Cullins,Affordability and housing,318,1.0,387,2.86531,2.97049,0.96459
2025-10-29#t400w2,2025-10-29,Mr. Cullins,Affordability and housing,250,1.0,323,3.15026,3.09648,1.01737
2025-10-29#t400w3,2025-10-29,Mr. Cullins,Affordability and housing,264,1.0,302,3.19497,3.11647,1.02519
2025-10-29#t400w4,2025-10-29,Mr. Cullins,Affordability and housing,281,1.0,370,3.09127,3.21402,0.96181
2025-10-29#t400w5,2025-10-29,Mr. Cullins,Affordability and housing,350,1.0,467,2.99328,2.92091,1.02478
2025-10-29#t400w6,2025-10-29,Mr. Cullins,Affordability and housing,357,1.0,450,3.23857,3.20618,1.0101
2025-10-29#t400w7,2025-10-29,Mr. Cullins,Affordability and housing,54,1.0,66,3.22664,3.18664,1.01255
2025-10-29#t401w0,2025-10-29,,Affordability and housing,325,1.0,410,3.25796,3.25075,1.00222
2025-10-29#t401w1,2025-10-29,,Affordability and housing,349,1.0,446,3.35047,3.39874,0.9858
2025-10-29#t401w2,2025-10-29,,Affordability and housing,131,1.0,162,3.74895,3.26291,1.14896
2025-10-29#t403w0,2025-10-29,Madam Speaker,Affordability and housing,344,0.547,396,2.86742,3.08122,0.93061
2025-10-29#t403w1,2025-10-29,Madam Speaker,Affordability and housing,344,0.558,385,2.9572,3.01903,0.97952
2025-10-29#t403w2,2025-10-29,Madam Speaker,Affordability and housing,201,0.726,233,2.92547,3.17875,0.92032
2025-10-29#t404w0,2025-10-29,Mr. Lee,Affordability and housing,195,1.0,228,2.96843,3.13793,0.94598
2025-10-29#t404w1,2025-10-29,Mr. Lee,Affordability and housing,187,1.0,219,3.41013,3.35204,1.01733
2025-10-29#t404w2,2025-10-29,Mr. Lee,Affordability and housing,247,1.0,291,2.74627,2.88846,0.95077
2025-10-29#t404w3,2025-10-29,Mr. Lee,Affordability and housing,315,1.0,369,3.24582,3.22061,1.00783
2025-10-29#t404w4,2025-10-29,Mr. Lee,Affordability and housing,355,1.0,420,3.33206,3.29411,1.01152
2025-10-29#t404w5,2025-10-29,Mr. Lee,Affordability and housing,350,1.0,411,3.5105,3.53901,0.99194
2025-10-29#t404w6,2025-10-29,Mr. Lee,Affordability and housing,101,1.0,131,3.05517,3.19033,0.95764
2025-10-29#t405w0,2025-10-29,Ms. Mitton,Affordability and housing,335,0.866,383,3.1662,3.13547,1.0098
2025-10-29#t405w1,2025-10-29,Ms. Mitton,Affordability and housing,313,0.495,389,2.70887,2.87244,0.94306
2025-10-29#t405w2,2025-10-29,Ms. Mitton,Affordability and housing,359,0.437,412,2.52262,2.76166,0.91344
2025-10-29#t406w0,2025-10-29,Ms. M. Wilson,Affordability and housing,332,1.0,391,2.73521,2.73765,0.99911
2025-10-29#t406w1,2025-10-29,Ms. M. Wilson,Affordability and housing,289,1.0,365,3.02729,3.10825,0.97395
2025-10-29#t406w2,2025-10-29,Ms. M. Wilson,Affordability and housing,305,1.0,386,2.99176,3.19992,0.93495
2025-10-29#t406w3,2025-10-29,Ms. M. Wilson,Affordability and housing,334,1.0,408,3.18156,3.26598,0.97415
2025-10-29#t406w4,2025-10-29,Ms. M. Wilson,Affordability and housing,356,1.0,435,2.97134,3.29369,0.90213
2025-10-29#t407w0,2025-10-29,Mr. Coon,Affordability and housing,346,0.887,407,2.89246,2.83643,1.01976
2025-10-29#t407w1,2025-10-29,Mr. Coon,Affordability and housing,328,1.0,395,2.87174,2.9241,0.9821
2025-10-29#t407w2,2025-10-29,Mr. Coon,Affordability and housing,359,0.518,442,2.53942,2.83488,0.89578
2025-10-29#t407w3,2025-10-29,Mr. Coon,Affordability and housing,194,0.345,238,2.45803,2.75415,0.89248
2025-10-29#t408w0,2025-10-29,Mr. Ames,Affordability and housing,350,1.0,431,2.84575,3.02922,0.93943
2025-10-29#t408w1,2025-10-29,Mr. Ames,Affordability and housing,281,1.0,329,2.68534,2.73069,0.98339
2025-10-29#t409w0,2025-10-29,Mr. Coon,Affordability and housing,319,0.987,416,3.29109,3.00691,1.09451
2025-10-29#t409w1,2025-10-29,Mr. Coon,Affordability and housing,315,1.0,395,3.12375,2.99227,1.04394
2025-10-29#t411w0,2025-10-29,Mr. Austin,Affordability and housing,328,1.0,406,2.86152,3.06239,0.93441
2025-10-29#t411w1,2025-10-29,Mr. Austin,Affordability and housing,246,1.0,285,3.23769,3.34504,0.96791
2025-10-29#t411w2,2025-10-29,Mr. Austin,Affordability and housing,318,1.0,378,2.91761,2.96386,0.98439
2025-10-29#t411w3,2025-10-29,Mr. Austin,Affordability and housing,311,0.415,379,2.44184,2.68382,0.90984
2025-10-29#t411w4,2025-10-29,Mr. Austin,Affordability and housing,351,0.519,402,2.94566,3.16435,0.93089
2025-10-29#t411w5,2025-10-29,Mr. Austin,Affordability and housing,267,0.581,318,3.10902,3.06031,1.01592
2025-10-29#t412w0,2025-10-29,Mr. Oliver,Affordability and housing,328,1.0,410,2.82134,2.7961,1.00903
2025-10-29#t412w1,2025-10-29,Mr. Oliver,Affordability and housing,322,1.0,407,2.88655,3.11645,0.92623
2025-10-29#t412w2,2025-10-29,Mr. Oliver,Affordability and housing,270,1.0,325,2.59107,2.83955,0.9125
2025-10-29#t413w0,2025-10-29,Mr. Coon,Affordability and housing,359,1.0,422,2.69537,2.87103,0.93882
2025-10-30#t415w0,2025-10-30,Hon. Mr. Herron,Affordability and housing,77,1.0,90,3.40311,3.35391,1.01467
2025-10-30#t416w0,2025-10-30,Hon. Mr. Herron,Affordability and housing,336,1.0,387,2.7585,2.90003,0.9512
2025-10-30#t416w1,2025-10-30,Hon. Mr. Herron,Affordability and housing,122,1.0,151,3.27271,3.54801,0.92241
2025-10-30#t417w0,2025-10-30,Mr. Savoie,Affordability and housing,225,0.973,263,3.26327,3.19488,1.02141
2025-10-30#t418w0,2025-10-30,Mr. Coon,Affordability and housing,91,0.956,102,3.41328,3.06207,1.1147
2025-10-30#t419w0,2025-10-30,Mr. Coon,Affordability and housing,93,1.0,111,3.91546,3.731,1.04944
2025-10-30#t420w0,2025-10-30,Ms. Conroy,Affordability and housing,287,1.0,346,3.25921,3.28162,0.99317
2025-10-30#t420w1,2025-10-30,Ms. Conroy,Affordability and housing,82,1.0,101,3.58819,3.34497,1.07271
2025-10-30#t421w0,2025-10-30,Mr. Johnston,Affordability and housing,184,0.663,247,3.55498,3.28238,1.08305
2025-10-30#t423w0,2025-10-30,Hon. Ms. Holt,Affordability and housing,336,1.0,421,2.74328,2.71406,1.01077
2025-10-30#t423w1,2025-10-30,Hon. Ms. Holt,Affordability and housing,260,1.0,315,2.95877,3.06378,0.96572
2025-10-30#t425w0,2025-10-30,Mr. Lee,Affordability and housing,330,1.0,446,2.95773,2.86113,1.03376
2025-10-30#t426w0,2025-10-30,Hon. Ms. Thériault,Affordability and housing,195,0.0,308,2.75504,2.98404,0.92326
2025-10-30#t427w0,2025-10-30,Ms. M. Johnson,Affordability and housing,230,1.0,290,2.39894,2.53597,0.94597
2025-10-30#t428w0,2025-10-30,Mr. Oliver,Affordability and housing,180,1.0,225,3.22303,3.16575,1.01809
2025-10-30#t430w0,2025-10-30,Ms. Sodhi,Affordability and housing,176,1.0,225,1.7251,2.26726,0.76087
2025-10-30#t431w0,2025-10-30,Ms. Scott-Wallace,Affordability and housing,158,1.0,197,3.06035,3.05647,1.00127
2025-10-30#t432w0,2025-10-30,Mr. Coon,Affordability and housing,141,1.0,170,2.968,3.27566,0.90608
2025-10-30#t433w0,2025-10-30,Hon. C. Johnson,Affordability and housing,136,0.0,181,3.02394,3.08622,0.97982
2025-10-30#t434w0,2025-10-30,Ms. Mitton,Affordability and housing,126,0.976,152,3.68598,3.51978,1.04722
2025-10-30#t435w0,2025-10-30,Ms. M. Wilson,Affordability and housing,135,1.0,161,3.22539,3.09397,1.04248
2025-10-30#t436w0,2025-10-30,Ms. Mitton,Affordability and housing,154,1.0,194,3.03583,3.22713,0.94072
2025-10-30#t437w0,2025-10-30,Mr. Johnston,Affordability and housing,167,0.898,212,3.3022,3.27597,1.00801
2025-10-30#t438w0,2025-10-30,Mr. Hogan,Affordability and housing,146,1.0,187,2.92998,2.99162,0.9794
2025-10-30#t439w0,2025-10-30,Mr. Arseneault,Affordability and housing,146,0.637,189,3.26938,3.28601,0.99494
2025-10-30#t440w0,2025-10-30,Mr. Ames,Affordability and housing,117,1.0,146,3.29523,3.13808,1.05008
2025-10-30#t441w0,2025-10-30,Ms. Sodhi,Affordability and housing,148,1.0,185,2.61588,2.80955,0.93107
2025-10-30#t442w0,2025-10-30,Ms. M. Johnson,Affordability and housing,132,1.0,157,3.37068,3.15322,1.06896
2025-10-30#t443w0,2025-10-30,Mr. Doucet,Affordability and housing,122,1.0,154,2.42722,2.79772,0.86757
2025-10-30#t444w0,2025-10-30,Ms. Conroy,Affordability and housing,133,1.0,157,3.30818,3.4082,0.97066
2025-10-30#t445w0,2025-10-30,Mr. Savoie,Affordability and housing,180,0.956,222,3.01845,2.97777,1.01366
2025-10-30#t446w0,2025-10-30,Hon. Ms. Holt,Affordability and housing,122,1.0,160,3.24714,3.08083,1.05398
2025-10-30#t447w0,2025-10-30,Mr. Savoie,Affordability and housing,142,1.0,162,3.44165,3.38705,1.01612
2025-10-30#t448w0,2025-10-30,Hon. Mr. Legacy,Affordability and housing,164,1.0,192,3.60875,3.75126,0.96201
2025-10-30#t449w0,2025-10-30,Mr. Savoie,Affordability and housing,137,1.0,162,3.46396,3.60434,0.96105
2025-10-30#t450w0,2025-10-30,Hon. Mr. Herron,Affordability and housing,160,1.0,188,3.197,3.07929,1.03823
2025-10-30#t451w0,2025-10-30,Mr. Savoie,Affordability and housing,93,1.0,116,3.66399,3.69411,0.99185
2025-10-30#t452w0,2025-10-30,Hon. Mr. Herron,Affordability and housing,140,1.0,166,3.11402,3.27578,0.95062
2025-10-30#t453w0,2025-10-30,Mr. Savoie,Affordability and housing,171,1.0,212,3.39085,3.28394,1.03256
2025-10-30#t454w0,2025-10-30,Hon. Mr. Herron,Affordability and housing,118,1.0,140,3.40979,3.40373,1.00178
2025-10-30#t455w0,2025-10-30,Mr. Savoie,Affordability and housing,128,1.0,163,3.97967,3.75992,1.05844
2025-10-30#t457w0,2025-10-30,Mr. Lee,Affordability and housing,128,1.0,162,3.31398,3.42918,0.96641
2025-10-30#t458w0,2025-10-30,Hon. C. Johnson,Affordability and housing,63,1.0,78,3.36996,3.61286,0.93277
2025-10-30#t459w0,2025-10-30,Mr. Lee,Affordability and housing,129,1.0,153,2.89909,3.2413,0.89442
2025-10-30#t460w0,2025-10-30,Hon. C. Johnson,Affordability and housing,74,1.0,86,3.51147,3.35729,1.04593
2025-10-30#t461w0,2025-10-30,Hon. C. Johnson,Affordability and housing,52,1.0,68,3.95823,3.6734,1.07754
2025-10-30#t462w0,2025-10-30,Mr. Lee,Affordability and housing,156,1.0,196,3.50878,3.19492,1.09824
2025-10-30#t464w0,2025-10-30,Hon. C. Johnson,Affordability and housing,110,1.0,136,3.24073,3.49898,0.92619
2025-10-30#t465w0,2025-10-30,Mr. Hogan,Affordability and housing,106,1.0,124,2.8327,3.13845,0.90258
2025-10-30#t466w0,2025-10-30,Hon. Mr. Dornan,Affordability and housing,133,1.0,162,3.11318,3.21892,0.96715
2025-10-30#t467w0,2025-10-30,Mr. Hogan,Affordability and housing,135,1.0,171,3.21799,3.26538,0.98549
2025-10-30#t468w0,2025-10-30,Hon. Mr. Dornan,Affordability and housing,176,1.0,218,3.14466,3.07987,1.02104
2025-10-30#t469w0,2025-10-30,Mr. Hogan,Affordability and housing,139,1.0,174,3.61527,3.35121,1.07879
2025-10-30#t470w0,2025-10-30,Hon. Mr. Dornan,Affordability and housing,130,1.0,167,3.28175,3.4095,0.96253
2025-10-30#t471w0,2025-10-30,Mr. Coon,Affordability and housing,151,0.974,183,3.23906,3.32586,0.9739
2025-10-30#t472w0,2025-10-30,Hon. Mr. LePage,Affordability and housing,124,0.0,151,3.26925,3.39909,0.9618
2025-10-30#t473w0,2025-10-30,Mr. Coon,Affordability and housing,167,1.0,199,3.15004,3.10403,1.01482
2025-10-30#t474w0,2025-10-30,Hon. Mr. LePage,Affordability and housing,134,0.0,155,3.41465,3.36369,1.01515
2025-10-30#t475w0,2025-10-30,Mr. Monahan,Affordability and housing,137,0.0,171,3.19759,3.20152,0.99877
2025-10-30#t476w0,2025-10-30,Hon. Ms. Miles,Affordability and housing,179,1.0,244,2.9296,2.91195,1.00606
2025-10-30#t477w0,2025-10-30,Mr. Monahan,Affordability and housing,160,0.0,191,3.08382,2.981,1.03449
2025-10-30#t478w0,2025-10-30,Hon. Ms. Holt,Affordability and housing,221,0.837,258,2.93608,2.80537,1.04659
2025-10-30#t480w0,2025-10-30,Hon. Mr. Gauvin,Affordability and housing,152,0.586,185,3.06707,3.11114,0.98583
2025-10-30#t481w0,2025-10-30,Mr. Ames,Affordability and housing,119,1.0,149,3.52959,3.06812,1.15041
2025-10-30#t482w0,2025-10-30,Mr. Coon,Affordability and housing,153,0.752,186,2.83655,3.11698,0.91003
2025-10-30#t483w0,2025-10-30,Hon. Ms. Thériault,Affordability and housing,204,0.441,254,2.68999,2.88626,0.932
2025-10-30#t485w0,2025-10-30,Ms. M. Wilson,Affordability and housing,260,1.0,304,3.59194,3.64712,0.98487
2025-10-30#t486w0,2025-10-30,Ms. Mitton,Affordability and housing,161,0.975,197,3.05182,3.04623,1.00184
2025-10-30#t487w0,2025-10-30,Hon. C. Johnson,Affordability and housing,193,0.591,255,2.73679,2.92753,0.93485
2025-10-30#t488w0,2025-10-30,Mr. Lee,Affordability and housing,127,1.0,161,3.07064,3.25208,0.94421
2025-10-30#t489w0,2025-10-30,Ms. Mitton,Affordability and housing,256,0.984,293,2.96867,3.14093,0.94516
2025-10-30#t491w0,2025-10-30,Ms. M. Johnson,Affordability and housing,102,1.0,124,2.84684,3.14897,0.90406
2025-10-30#t492w0,2025-10-30,Madam Speaker,Affordability and housing,312,0.897,394,2.57184,2.62069,0.98136
2025-10-30#t493w0,2025-10-30,Ms. M. Johnson,Affordability and housing,94,1.0,127,2.99901,2.83011,1.05968
2025-10-30#t494w0,2025-10-30,Mr. M. LeBlanc,Affordability and housing,235,1.0,284,2.951,2.91497,1.01236
2025-10-30#t495w0,2025-10-30,Mr. Weir,Affordability and housing,344,1.0,391,3.11158,2.97629,1.04546
2025-10-30#t495w1,2025-10-30,Mr. Weir,Affordability and housing,339,1.0,404,3.06596,3.05077,1.00498
2025-10-30#t495w2,2025-10-30,Mr. Weir,Affordability and housing,345,1.0,407,3.30231,3.23087,1.02211
2025-10-30#t495w3,2025-10-30,Mr. Weir,Affordability and housing,359,1.0,423,3.15889,3.01711,1.04699
2025-10-30#t495w4,2025-10-30,Mr. Weir,Affordability and housing,221,1.0,263,3.02521,3.12107,0.96929
2025-10-30#t495w5,2025-10-30,Mr. Weir,Affordability and housing,330,1.0,432,2.87829,2.90382,0.99121
2025-10-30#t495w6,2025-10-30,Mr. Weir,Affordability and housing,321,1.0,385,3.46038,3.27341,1.05712
2025-10-30#t495w7,2025-10-30,Mr. Weir,Affordability and housing,278,1.0,360,2.88434,3.01769,0.95581
2025-10-30#t495w8,2025-10-30,Mr. Weir,Affordability and housing,311,1.0,413,2.95512,3.08688,0.95731
2025-10-30#t495w9,2025-10-30,Mr. Weir,Affordability and housing,77,1.0,86,3.45131,3.59332,0.96048
2025-10-30#t496w0,2025-10-30,Hon. Mr. McKee,Affordability and housing,340,1.0,413,2.84331,2.83766,1.00199
2025-10-30#t496w1,2025-10-30,Hon. Mr. McKee,Affordability and housing,307,0.27,372,2.83198,2.78765,1.0159
2025-10-30#t496w2,2025-10-30,Hon. Mr. McKee,Affordability and housing,289,1.0,338,2.94966,3.09783,0.95217
2025-10-30#t496w3,2025-10-30,Hon. Mr. McKee,Affordability and housing,298,0.359,363,2.73229,2.84222,0.96132
2025-10-30#t496w4,2025-10-30,Hon. Mr. McKee,Affordability and housing,108,1.0,136,3.08568,3.51074,0.87892
2025-10-30#t499w0,2025-10-30,Hon. Mr. McKee,Affordability and housing,316,1.0,393,3.32387,3.23039,1.02894
2025-10-30#t499w1,2025-10-30,Hon. Mr. McKee,Affordability and housing,348,1.0,432,3.01035,3.27766,0.91845
2025-10-30#t499w2,2025-10-30,Hon. Mr. McKee,Affordability and housing,180,1.0,219,3.4723,3.25276,1.06749
2025-10-30#t503w0,2025-10-30,Mr. Hogan,Affordability and housing,329,1.0,399,2.99309,3.01386,0.99311
2025-10-30#t503w1,2025-10-30,Mr. Hogan,Affordability and housing,337,1.0,412,3.06297,2.79957,1.09408
2025-10-30#t503w2,2025-10-30,Mr. Hogan,Affordability and housing,354,1.0,425,2.71292,3.03091,0.89509
2025-10-30#t503w3,2025-10-30,Mr. Hogan,Affordability and housing,314,1.0,383,2.87689,2.85137,1.00895
2025-10-30#t503w4,2025-10-30,Mr. Hogan,Affordability and housing,313,1.0,380,2.96194,2.89234,1.02406
2025-10-30#t503w5,2025-10-30,Mr. Hogan,Affordability and housing,83,1.0,102,3.09158,3.43061,0.90118
2025-10-30#t505w0,2025-10-30,Ms. Vautour,Affordability and housing,349,0.0,428,3.01067,3.17459,0.94836
2025-10-30#t505w1,2025-10-30,Ms. Vautour,Affordability and housing,290,0.0,334,3.26098,3.20836,1.0164
2025-10-30#t505w2,2025-10-30,Ms. Vautour,Affordability and housing,261,0.0,316,3.3161,3.23429,1.02529
2025-10-30#t507w0,2025-10-30,Mr. Coon,Affordability and housing,229,1.0,285,2.79483,2.92651,0.955
2025-10-30#t507w1,2025-10-30,Mr. Coon,Affordability and housing,320,1.0,398,3.1431,3.09788,1.0146
2025-10-30#t507w2,2025-10-30,Mr. Coon,Affordability and housing,244,1.0,285,3.11337,3.42643,0.90863
2025-10-30#t507w3,2025-10-30,Mr. Coon,Affordability and housing,272,1.0,316,3.25396,3.11274,1.04537
2025-10-30#t507w4,2025-10-30,Mr. Coon,Affordability and housing,343,1.0,389,2.95137,3.17175,0.93052
2025-10-30#t507w5,2025-10-30,Mr. Coon,Affordability and housing,142,1.0,171,2.89947,3.12559,0.92765
2025-10-30#t509w0,2025-10-30,Mr. Russell,Affordability and housing,341,1.0,415,3.28812,3.15383,1.04258
2025-10-30#t509w1,2025-10-30,Mr. Russell,Affordability and housing,332,1.0,379,2.99373,3.05291,0.98062
2025-10-30#t509w2,2025-10-30,Mr. Russell,Affordability and housing,345,1.0,427,2.7297,2.87441,0.94966
2025-10-30#t509w3,2025-10-30,Mr. Russell,Affordability and housing,318,1.0,377,3.09568,3.29456,0.93963
2025-10-30#t509w4,2025-10-30,Mr. Russell,Affordability and housing,169,1.0,198,2.41427,2.96442,0.81442
2025-10-30#t511w0,2025-10-30,Ms. Wilcott,Affordability and housing,268,1.0,315,3.12319,3.28824,0.94981
2025-10-30#t511w1,2025-10-30,Ms. Wilcott,Affordability and housing,349,1.0,432,3.21948,3.14662,1.02316
2025-10-30#t511w2,2025-10-30,Ms. Wilcott,Affordability and housing,329,1.0,415,3.30157,3.36178,0.98209
2025-10-30#t511w3,2025-10-30,Ms. Wilcott,Affordability and housing,271,1.0,313,3.28656,3.33245,0.98623
2025-10-30#t514w0,2025-10-30,Mr. Deputy Speaker,Affordability and housing,54,1.0,64,3.65434,3.96415,0.92185
2025-10-30#t515w0,2025-10-30,Ms. Wilcott,Affordability and housing,267,1.0,319,3.21173,3.25981,0.98525
2025-10-30#t515w1,2025-10-30,Ms. Wilcott,Affordability and housing,333,1.0,415,3.39036,3.29497,1.02895
2025-10-30#t515w2,2025-10-30,Ms. Wilcott,Affordability and housing,118,1.0,148,3.61771,3.56135,1.01582
2025-10-30#t516w0,2025-10-30,Ms. Wilcott,Affordability and housing,241,1.0,292,3.346,3.40685,0.98214
2025-10-30#t517w0,2025-10-30,Mr. Deputy Speaker,Affordability and housing,51,1.0,58,3.07497,3.57837,0.85932
2025-10-30#t518w0,2025-10-30,Mr. Savoie,Affordability and housing,311,1.0,362,2.86685,2.93806,0.97576
2025-10-30#t518w1,2025-10-30,Mr. Savoie,Affordability and housing,302,1.0,347,2.90268,3.24193,0.89536
2025-10-30#t520w0,2025-10-30,Mr. M. LeBlanc,Affordability and housing,58,1.0,68,2.5612,3.12138,0.82053
2025-10-30#t523w0,2025-10-30,Mr. Deputy Speaker,Affordability and housing,86,1.0,109,2.90038,3.07531,0.94312
2025-10-30#t525w0,2025-10-30,Mr. Savoie,Affordability and housing,161,1.0,200,3.06022,3.36469,0.90951
2025-10-30#t529w0,2025-10-30,Mr. Weir,Affordability and housing,105,1.0,124,3.91915,3.63656,1.07771
2025-10-30#t530w0,2025-10-30,Mr. Weir,Affordability and housing,203,1.0,255,3.52661,3.41202,1.03359
2025-10-30#t531w0,2025-10-30,Mr. Weir,Affordability and housing,294,1.0,369,2.87431,3.26966,0.87908
2025-10-30#t531w1,2025-10-30,Mr. Weir,Affordability and housing,216,1.0,294,2.67789,2.83528,0.94449
2025-10-30#t531w2,2025-10-30,Mr. Weir,Affordability and housing,252,1.0,301,3.28362,3.32117,0.98869
2025-10-30#t531w3,2025-10-30,Mr. Weir,Affordability and housing,254,1.0,294,2.99681,3.13181,0.95689
2025-10-30#t531w4,2025-10-30,Mr. Weir,Affordability and housing,146,1.0,172,3.48638,3.72779,0.93524
2025-10-30#t532w0,2025-10-30,Mr. Deputy Speaker,Affordability and housing,353,1.0,435,2.82091,2.86715,0.98387
2025-10-30#t533w0,2025-10-30,,Affordability and housing,223,0.951,307,2.62235,2.78861,0.94038
2025-10-30#t534w0,2025-10-30,Ms. S. Wilson,Affordability and housing,360,1.0,436,2.55285,2.69722,0.94648
2025-10-30#t534w1,2025-10-30,Ms. S. Wilson,Affordability and housing,300,1.0,357,3.20903,3.35402,0.95677
2025-10-30#t534w2,2025-10-30,Ms. S. Wilson,Affordability and housing,305,1.0,356,3.12324,3.26124,0.95769
2025-10-30#t534w3,2025-10-30,Ms. S. Wilson,Affordability and housing,338,1.0,404,3.0445,3.23822,0.94018
2025-10-30#t534w4,2025-10-30,Ms. S. Wilson,Affordability and housing,309,1.0,365,2.79924,2.87498,0.97365
2025-10-30#t534w5,2025-10-30,Ms. S. Wilson,Affordability and housing,210,1.0,244,2.77572,3.13946,0.88414
2025-10-30#t535w0,2025-10-30,Hon. Mr. McKee,Affordability and housing,329,1.0,413,2.52425,2.74942,0.91811
2025-10-30#t535w1,2025-10-30,Hon. Mr. McKee,Affordability and housing,309,0.583,365,2.67971,2.92275,0.91685
2025-10-30#t535w2,2025-10-30,Hon. Mr. McKee,Affordability and housing,334,0.623,384,3.10337,3.25779,0.9526
2025-10-30#t535w3,2025-10-30,Hon. Mr. McKee,Affordability and housing,357,0.773,426,3.08542,3.21207,0.96057
2025-10-30#t535w4,2025-10-30,Hon. Mr. McKee,Affordability and housing,319,1.0,387,3.15546,3.44252,0.91661
2025-10-30#t535w5,2025-10-30,Hon. Mr. McKee,Affordability and housing,360,1.0,429,3.08904,3.25658,0.94855
2025-10-30#t535w6,2025-10-30,Hon. Mr. McKee,Affordability and housing,133,0.955,181,2.96979,3.08144,0.96377
2025-10-30#t536w0,2025-10-30,Ms. M. Johnson,Affordability and housing,352,1.0,455,2.71272,2.79376,0.97099
2025-10-30#t536w1,2025-10-30,Ms. M. Johnson,Affordability and housing,360,1.0,438,3.21345,3.40788,0.94295
2025-10-30#t536w2,2025-10-30,Ms. M. Johnson,Affordability and housing,333,1.0,408,3.23374,3.37001,0.95956
2025-10-30#t536w3,2025-10-30,Ms. M. Johnson,Affordability and housing,292,1.0,365,3.13126,3.27943,0.95482
2025-10-30#t537w0,2025-10-30,Mr. Bourque,Affordability and housing,329,0.0,404,3.06794,3.0393,1.00942
2025-10-30#t537w1,2025-10-30,Mr. Bourque,Affordability and housing,335,0.0,399,2.82338,3.15852,0.89389
2025-10-30#t537w2,2025-10-30,Mr. Bourque,Affordability and housing,349,0.043,429,2.9136,3.02253,0.96396
2025-10-30#t537w3,2025-10-30,Mr. Bourque,Affordability and housing,349,0.705,418,2.68673,2.82751,0.95021
2025-10-30#t537w4,2025-10-30,Mr. Bourque,Affordability and housing,247,0.571,269,2.71199,2.92714,0.9265
2025-10-30#t537w5,2025-10-30,Mr. Bourque,Affordability and housing,329,0.891,396,2.6954,3.02547,0.89091
2025-10-30#t537w6,2025-10-30,Mr. Bourque,Affordability and housing,254,0.819,309,3.24608,3.07866,1.05438
2025-10-31#t538w0,2025-10-31,Hon. Ms. Holt,Affordability and housing,192,0.958,224,3.03445,3.22124,0.94201
2025-10-31#t538w1,2025-10-31,Hon. Ms. Holt,Affordability and housing,348,0.647,414,2.81041,2.97625,0.94428
2025-10-31#t538w2,2025-10-31,Hon. Ms. Holt,Affordability and housing,250,0.84,316,2.73644,2.94658,0.92869
2025-10-31#t538w3,2025-10-31,Hon. Ms. Holt,Affordability and housing,357,0.672,432,2.95197,2.90478,1.01625
2025-10-31#t538w4,2025-10-31,Hon. Ms. Holt,Affordability and housing,319,0.687,385,2.83337,2.75569,1.02819
2025-10-31#t538w5,2025-10-31,Hon. Ms. Holt,Affordability and housing,212,0.892,261,3.11545,3.31559,0.93964
2025-10-31#t539w0,2025-10-31,Hon. Ms. Holt,Affordability and housing,309,0.583,373,3.08834,3.16338,0.97628
2025-10-31#t539w1,2025-10-31,Hon. Ms. Holt,Affordability and housing,296,1.0,340,3.07042,2.97465,1.0322
2025-10-31#t539w2,2025-10-31,Hon. Ms. Holt,Affordability and housing,312,1.0,352,3.22328,3.25991,0.98876
2025-10-31#t539w3,2025-10-31,Hon. Ms. Holt,Affordability and housing,356,0.461,416,2.76908,3.12951,0.88483
2025-10-31#t539w4,2025-10-31,Hon. Ms. Holt,Affordability and housing,325,1.0,378,2.91577,3.06611,0.95097
2025-10-31#t539w5,2025-10-31,Hon. Ms. Holt,Affordability and housing,330,0.57,404,2.5149,2.74521,0.9161
2025-10-31#t539w6,2025-10-31,Hon. Ms. Holt,Affordability and housing,332,0.717,400,3.00653,3.04012,0.98895
2025-10-31#t539w7,2025-10-31,Hon. Ms. Holt,Affordability and housing,350,0.726,418,2.71761,3.07294,0.88437
2025-10-31#t539w8,2025-10-31,Hon. Ms. Holt,Affordability and housing,196,1.0,218,3.44924,3.44739,1.00054
2025-10-31#t540w0,2025-10-31,Hon. Ms. Holt,Affordability and housing,314,0.764,364,2.92257,3.08593,0.94706
2025-10-31#t540w1,2025-10-31,Hon. Ms. Holt,Affordability and housing,329,0.669,385,2.93929,2.97015,0.98961
2025-10-31#t540w2,2025-10-31,Hon. Ms. Holt,Affordability and housing,219,1.0,259,2.88048,3.23279,0.89102
2025-10-31#t540w3,2025-10-31,Hon. Ms. Holt,Affordability and housing,334,0.734,423,3.12281,3.29,0.94918
2025-10-31#t540w4,2025-10-31,Hon. Ms. Holt,Affordability and housing,274,0.679,353,3.14411,3.28973,0.95574
2025-11-04#t542w0,2025-11-04,Hon. Mr. Dornan,Affordability and housing,117,1.0,144,3.11559,3.26363,0.95464
2025-11-04#t543w0,2025-11-04,Mr. Savoie,Affordability and housing,89,1.0,106,2.57817,3.20736,0.80383
2025-11-04#t544w0,2025-11-04,Mr. Johnston,Affordability and housing,220,1.0,286,3.11405,2.86719,1.0861
2025-11-04#t545w0,2025-11-04,Mr. Russell,Affordability and housing,132,1.0,173,2.98749,2.97697,1.00353
2025-11-04#t546w0,2025-11-04,Ms. Wilcott,Affordability and housing,351,1.0,429,2.60931,2.8535,0.91442
2025-11-04#t546w1,2025-11-04,Ms. Wilcott,Affordability and housing,71,1.0,94,2.90346,3.25216,0.89278
2025-11-04#t547w0,2025-11-04,Mr. Bourque,Affordability and housing,174,0.54,227,2.69524,3.04217,0.88596
2025-11-04#t548w0,2025-11-04,Ms. Wilcott,Affordability and housing,154,0.857,211,3.38154,3.25822,1.03785
2025-11-04#t550w0,2025-11-04,Mr. Savoie,Affordability and housing,140,0.957,172,2.76701,2.63174,1.0514
2025-11-04#t551w0,2025-11-04,Mr. Coon,Affordability and housing,144,0.0,182,2.35811,2.72334,0.86589
2025-11-04#t552w0,2025-11-04,Ms. M. Johnson,Affordability and housing,186,0.978,245,2.81388,3.04474,0.92418
2025-11-04#t553w0,2025-11-04,Ms. Mitton,Affordability and housing,146,1.0,196,2.48037,2.68185,0.92487
2025-11-04#t554w0,2025-11-04,Ms. M. Wilson,Affordability and housing,128,1.0,179,3.16317,3.12729,1.01147
2025-11-04#t555w0,2025-11-04,Mr. Russell,Affordability and housing,138,1.0,165,3.09105,3.39129,0.91147
2025-11-04#t556w0,2025-11-04,Ms. Mitton,Affordability and housing,154,1.0,199,4.09521,3.88577,1.0539
2025-11-04#t557w0,2025-11-04,Mr. J. LeBlanc,Affordability and housing,155,0.774,186,2.62944,2.91401,0.90234
2025-11-04#t558w0,2025-11-04,Mr. Oliver,Affordability and housing,170,1.0,204,3.71122,3.5446,1.047
2025-11-04#t559w0,2025-11-04,Mr. Robichaud,Affordability and housing,150,0.413,177,2.42692,2.77384,0.87493
2025-11-04#t560w0,2025-11-04,Ms. Scott-Wallace,Affordability and housing,160,1.0,188,3.39509,3.5235,0.96356
2025-11-04#t561w0,2025-11-04,Mr. Johnston,Affordability and housing,150,0.973,182,3.13038,3.11339,1.00546
2025-11-04#t562w0,2025-11-04,Mr. Cullins,Affordability and housing,155,1.0,199,3.20633,3.49056,0.91857
2025-11-04#t563w0,2025-11-04,Mr. Mallet,Affordability and housing,125,0.0,154,2.83167,3.09154,0.91594
2025-11-04#t564w0,2025-11-04,Ms. S. Wilson,Affordability and housing,145,1.0,177,3.48492,3.60195,0.96751
2025-11-04#t565w0,2025-11-04,Mr. Savoie,Affordability and housing,56,0.857,68,3.52779,3.39545,1.03897
2025-11-04#t566w0,2025-11-04,Mr. Savoie,Affordability and housing,80,1.0,101,3.77198,4.06032,0.92898
2025-11-04#t567w0,2025-11-04,Hon. Ms. Holt,Affordability and housing,183,1.0,221,2.75805,2.94271,0.93725
2025-11-04#t568w0,2025-11-04,Mr. Savoie,Affordability and housing,120,1.0,152,2.98798,3.37935,0.88419
2025-11-04#t569w0,2025-11-04,Hon. Mr. Herron,Affordability and housing,173,1.0,195,3.55006,3.49836,1.01478
2025-11-04#t570w0,2025-11-04,Mr. Savoie,Affordability and housing,138,1.0,162,3.40033,3.33841,1.01855
2025-11-04#t571w0,2025-11-04,Hon. Mr. Herron,Affordability and housing,85,1.0,103,3.64922,3.59716,1.01447
2025-11-04#t572w0,2025-11-04,Mr. Savoie,Affordability and housing,174,1.0,220,3.39323,3.31058,1.02496
2025-11-04#t573w0,2025-11-04,Hon. Mr. Legacy,Affordability and housing,143,1.0,174,3.33162,3.4498,0.96574
2025-11-04#t574w0,2025-11-04,Mr. Savoie,Affordability and housing,146,1.0,171,3.39497,3.6643,0.9265
2025-11-04#t575w0,2025-11-04,Hon. Ms. Holt,Affordability and housing,150,1.0,174,2.70722,2.92673,0.925
2025-11-04#t576w0,2025-11-04,Mr. Savoie,Affordability and housing,155,1.0,186,4.34178,4.30518,1.0085
2025-11-04#t577w0,2025-11-04,Hon. Mr. Legacy,Affordability and housing,123,1.0,149,3.75459,3.51382,1.06852
2025-11-04#t578w0,2025-11-04,Mr. Lee,Affordability and housing,112,1.0,136,3.27082,3.16916,1.03208
2025-11-04#t579w0,2025-11-04,Hon. C. Johnson,Affordability and housing,82,1.0,96,3.63589,3.4159,1.0644
2025-11-04#t580w0,2025-11-04,Mr. Lee,Affordability and housing,109,1.0,132,3.60684,3.48844,1.03394
2025-11-04#t581w0,2025-11-04,Hon. C. Johnson,Affordability and housing,127,0.0,150,3.02608,3.31451,0.91298
2025-11-04#t582w0,2025-11-04,Mr. Lee,Affordability and housing,94,1.0,122,3.52673,3.89039,0.90652
2025-11-04#t583w0,2025-11-04,Hon. C. Johnson,Affordability and housing,117,1.0,147,2.64109,2.86652,0.92136
2025-11-04#t584w0,2025-11-04,Mr. Weir,Affordability and housing,143,1.0,165,3.16174,3.19193,0.99054
2025-11-04#t585w0,2025-11-04,Hon. Mr. McKee,Affordability and housing,180,1.0,206,3.0799,3.06074,1.00626
2025-11-04#t586w0,2025-11-04,Mr. Weir,Affordability and housing,178,1.0,211,3.51363,3.29035,1.06786
2025-11-04#t587w0,2025-11-04,Hon. Mr. McKee,Affordability and housing,175,1.0,218,3.07329,3.06321,1.00329
2025-11-04#t588w0,2025-11-04,Mr. Weir,Affordability and housing,202,1.0,236,3.37996,3.51006,0.96293
2025-11-04#t589w0,2025-11-04,Hon. Mr. McKee,Affordability and housing,191,1.0,245,2.75506,3.0466,0.90431
2025-11-04#t590w0,2025-11-04,Mr. Coon,Affordability and housing,145,1.0,188,4.28167,3.95794,1.08179
2025-11-04#t591w0,2025-11-04,Hon. Ms. Holt,Affordability and housing,172,0.547,208,2.69565,2.83654,0.95033
2025-11-04#t592w0,2025-11-04,Mr. Coon,Affordability and housing,153,1.0,195,3.65947,3.7266,0.98199
2025-11-04#t593w0,2025-11-04,Hon. Mr. D’Amours,Affordability and housing,159,0.0,182,3.31052,3.16504,1.04596
2025-11-04#t594w0,2025-11-04,Mr. Austin,Affordability and housing,159,1.0,199,3.41227,3.09106,1.10392
2025-11-04#t595w0,2025-11-04,Hon. Mr. Legacy,Affordability and housing,165,1.0,227,3.14763,3.21898,0.97783
2025-11-04#t596w0,2025-11-04,Mr. Austin,Affordability and housing,161,1.0,191,3.01312,3.01286,1.00009
2025-11-04#t597w0,2025-11-04,Hon. Mr. Legacy,Affordability and housing,194,1.0,247,3.37298,3.48483,0.9679
2025-11-04#t599w0,2025-11-04,Hon. Mr. Herron,Affordability and housing,253,0.866,302,2.56056,2.69922,0.94863
2025-11-04#t600w0,2025-11-04,Mr. Austin,Affordability and housing,299,1.0,357,2.89136,3.05501,0.94643
2025-11-04#t601w0,2025-11-04,Mr. Coon,Affordability and housing,312,1.0,363,3.01912,3.00324,1.00529
2025-11-04#t602w0,2025-11-04,Hon. Mr. Dornan,Affordability and housing,199,0.734,250,2.45848,2.65672,0.92538
2025-11-04#t603w0,2025-11-04,Mr. Hogan,Affordability and housing,288,1.0,366,2.69427,2.8091,0.95912
2025-11-04#t604w0,2025-11-04,Mr. Coon,Affordability and housing,235,0.983,283,3.37799,3.29124,1.02636
2025-11-04#t605w0,2025-11-04,Hon. Mr. Gauvin,Affordability and housing,178,0.489,217,2.57917,2.84542,0.90643
2025-11-04#t606w0,2025-11-04,Mr. Ames,Affordability and housing,121,1.0,151,2.93993,3.10208,0.94773
2025-11-04#t607w0,2025-11-04,Ms. Mitton,Affordability and housing,328,0.765,393,2.90422,2.93309,0.99016
2025-11-04#t607w1,2025-11-04,Ms. Mitton,Affordability and housing,250,0.724,320,2.76863,2.96555,0.93359
2025-11-04#t608w0,2025-11-04,Mr. M. LeBlanc,Affordability and housing,312,0.651,391,2.87277,2.74934,1.04489
2025-11-04#t608w1,2025-11-04,Mr. M. LeBlanc,Affordability and housing,58,0.069,70,3.98128,3.48347,1.14291
2025-11-04#t609w0,2025-11-04,Mr. Monahan,Affordability and housing,356,0.0,436,2.94544,2.89284,1.01818
2025-11-04#t609w1,2025-11-04,Mr. Monahan,Affordability and housing,322,0.0,399,3.18264,3.21665,0.98942
2025-11-04#t609w2,2025-11-04,Mr. Monahan,Affordability and housing,85,0.0,105,3.54826,3.43194,1.03389
2025-11-04#t610w0,2025-11-04,Ms. Mitton,Affordability and housing,359,0.393,410,2.77612,2.71072,1.02413
2025-11-04#t610w1,2025-11-04,Ms. Mitton,Affordability and housing,50,0.08,60,3.75423,3.80396,0.98693
2025-11-04#t611w0,2025-11-04,Mr. Monahan,Affordability and housing,346,0.627,398,2.74533,2.82371,0.97224
2025-11-04#t611w1,2025-11-04,Mr. Monahan,Affordability and housing,352,0.616,437,3.04333,3.12159,0.97493
2025-11-04#t611w2,2025-11-04,Mr. Monahan,Affordability and housing,354,0.616,417,2.66234,2.92353,0.91066
2025-11-04#t611w3,2025-11-04,Mr. Monahan,Affordability and housing,209,0.708,259,3.12918,3.29363,0.95007
2025-11-04#t612w0,2025-11-04,Mr. Coon,Affordability and housing,342,0.988,426,2.96851,2.94601,1.00764
2025-11-04#t612w1,2025-11-04,Mr. Coon,Affordability and housing,176,0.5,216,3.16899,2.98815,1.06052
2025-11-04#t613w0,2025-11-04,Mr. Monahan,Affordability and housing,278,0.568,331,3.04827,3.01718,1.0103
2025-11-04#t613w1,2025-11-04,Mr. Monahan,Affordability and housing,311,0.547,373,3.20935,3.04956,1.0524
2025-11-04#t613w2,2025-11-04,Mr. Monahan,Affordability and housing,318,0.0,391,3.2744,3.11405,1.05149
2025-11-04#t613w3,2025-11-04,Mr. Monahan,Affordability and housing,351,0.929,431,3.12443,2.92109,1.06961
2025-11-05#t615w0,2025-11-05,Hon. Mr. Gauvin,Affordability and housing,281,0.544,367,3.09668,3.11194,0.99509
2025-11-05#t616w0,2025-11-05,Mr. Austin,Affordability and housing,89,1.0,116,3.56862,3.36488,1.06055
2025-11-05#t617w0,2025-11-05,Mr. Hogan,Affordability and housing,213,1.0,274,3.51698,3.58084,0.98217
2025-11-05#t618w0,2025-11-05,Hon. Mr. Dornan,Affordability and housing,89,1.0,107,3.61106,3.19114,1.13159
2025-11-05#t620w0,2025-11-05,Ms. M. Johnson,Affordability and housing,210,1.0,276,2.24666,2.35579,0.95368
2025-11-05#t621w0,2025-11-05,Mr. Doucet,Affordability and housing,118,1.0,143,3.08901,3.37403,0.91552
2025-11-05#t622w0,2025-11-05,Mr. Ames,Affordability and housing,147,1.0,202,3.09109,3.0172,1.02449
2025-11-05#t623w0,2025-11-05,Mr. Coon,Affordability and housing,147,1.0,179,2.89911,2.91794,0.99355
2025-11-05#t624w0,2025-11-05,Mr. J. LeBlanc,Affordability and housing,172,0.174,217,2.89878,2.89123,1.00261
2025-11-05#t625w0,2025-11-05,Ms. Bockus,Affordability and housing,151,1.0,197,2.96109,2.91836,1.01464
2025-11-05#t626w0,2025-11-05,Ms. Mitton,Affordability and housing,167,0.964,204,3.36757,3.22984,1.04264
2025-11-05#t627w0,2025-11-05,Hon. Mr. D’Amours,Affordability and housing,160,0.0,212,2.38126,2.71545,0.87693
2025-11-05#t628w0,2025-11-05,Mr. Russell,Affordability and housing,123,1.0,158,2.71176,2.82613,0.95953
2025-11-05#t629w0,2025-11-05,Hon. Ms. Thériault,Affordability and housing,169,0.0,236,3.14884,3.25421,0.96762
2025-11-05#t630w0,2025-11-05,Mr. Austin,Affordability and housing,148,1.0,192,3.9214,3.51499,1.11562
2025-11-05#t631w0,2025-11-05,Mr. Coon,Affordability and housing,181,1.0,220,3.11467,3.34386,0.93146
2025-11-05#t632w0,2025-11-05,Mr. Arseneault,Affordability and housing,137,0.759,168,2.29965,2.31348,0.99402
2025-11-05#t633w0,2025-11-05,Ms. Bockus,Affordability and housing,129,1.0,155,3.46916,3.31525,1.04642
2025-11-05#t634w0,2025-11-05,Ms. Sodhi,Affordability and housing,161,1.0,208,2.51919,3.04059,0.82852
2025-11-05#t635w0,2025-11-05,Mr. Ames,Affordability and housing,141,1.0,165,2.93141,3.22038,0.91027
2025-11-05#t636w0,2025-11-05,Mr. M. LeBlanc,Affordability and housing,149,0.0,180,3.2179,3.25024,0.99005
2025-11-05#t637w0,2025-11-05,Ms. M. Johnson,Affordability and housing,142,1.0,159,3.23734,3.43881,0.94141
2025-11-05#t638w0,2025-11-05,Ms. Wilcott,Affordability and housing,113,1.0,138,3.1194,3.27808,0.95159
2025-11-05#t639w0,2025-11-05,Mr. Monahan,Affordability and housing,157,1.0,188,3.91634,3.61766,1.08256
2025-11-05#t640w0,2025-11-05,Mr. Savoie,Affordability and housing,138,0.942,182,3.13502,3.18375,0.9847
2025-11-05#t641w0,2025-11-05,Hon. Mr. Legacy,Affordability and housing,163,0.975,204,3.78034,3.58537,1.05438
2025-11-05#t642w0,2025-11-05,Mr. Savoie,Affordability and housing,176,1.0,228,3.63113,3.33639,1.08834
2025-11-05#t643w0,2025-11-05,Hon. Mr. Legacy,Affordability and housing,160,1.0,200,3.57127,3.46544,1.03054
2025-11-05#t644w0,2025-11-05,Mr. Savoie,Affordability and housing,182,1.0,218,3.52073,3.5578,0.98958
2025-11-05#t645w0,2025-11-05,Hon. Mr. Legacy,Affordability and housing,220,1.0,268,3.39396,3.52181,0.9637
2025-11-05#t646w0,2025-11-05,Mr. Savoie,Affordability and housing,180,1.0,231,3.14775,3.38469,0.93
2025-11-05#t647w0,2025-11-05,Hon. Mr. Hickey,Affordability and housing,174,1.0,212,2.9467,3.03121,0.97212
2025-11-05#t648w0,2025-11-05,Mr. Savoie,Affordability and housing,149,1.0,194,3.17814,3.4262,0.9276
2025-11-05#t649w0,2025-11-05,Hon. Mr. Hickey,Affordability and housing,146,1.0,172,3.01706,3.00682,1.0034
2025-11-05#t650w0,2025-11-05,Mr. Savoie,Affordability and housing,197,1.0,235,3.40409,3.39038,1.00404
2025-11-05#t651w0,2025-11-05,Hon. Mr. Hickey,Affordability and housing,151,1.0,199,3.17097,3.26282,0.97185
2025-11-05#t652w0,2025-11-05,Ms. Conroy,Affordability and housing,141,1.0,192,2.45618,2.64928,0.92711
2025-11-05#t653w0,2025-11-05,Hon. Mr. Hickey,Affordability and housing,200,1.0,242,3.22638,3.3105,0.97459
2025-11-05#t654w0,2025-11-05,Ms. Conroy,Affordability and housing,168,1.0,195,3.04893,3.26767,0.93306
2025-11-05#t655w0,2025-11-05,Hon. Mr. Hickey,Affordability and housing,176,0.966,205,3.21131,3.18443,1.00844
2025-11-05#t656w0,2025-11-05,Ms. Conroy,Affordability and housing,116,1.0,148,3.28293,3.27889,1.00123
2025-11-05#t657w0,2025-11-05,Hon. Mr. Hickey,Affordability and housing,141,1.0,179,3.12102,3.01772,1.03423
2025-11-05#t658w0,2025-11-05,Ms. Mitton,Affordability and housing,148,1.0,190,3.57943,3.60775,0.99215
2025-11-05#t659w0,2025-11-05,Hon. Ms. Miles,Affordability and housing,197,1.0,233,2.93863,3.04643,0.96461
2025-11-05#t660w0,2025-11-05,Ms. Mitton,Affordability and housing,167,1.0,194,3.27354,3.4041,0.96165
2025-11-05#t661w0,2025-11-05,Hon. Ms. Boudreau,Affordability and housing,154,0.286,184,2.69938,2.99855,0.90023
2025-11-05#t662w0,2025-11-05,Ms. Mitton,Affordability and housing,121,0.157,149,3.12885,3.33513,0.93815
2025-11-05#t663w0,2025-11-05,Hon. Ms. Boudreau,Affordability and housing,171,0.082,200,2.8144,3.00104,0.93781
2025-11-05#t664w0,2025-11-05,Mr. Austin,Affordability and housing,172,1.0,204,3.25642,3.17604,1.02531
2025-11-05#t665w0,2025-11-05,Hon. Mr. Legacy,Affordability and housing,137,0.0,158,3.89201,3.75092,1.03761
2025-11-05#t666w0,2025-11-05,Mr. Austin,Affordability and housing,205,1.0,242,3.20165,3.19471,1.00217
2025-11-05#t667w0,2025-11-05,Hon. Mr. Herron,Affordability and housing,165,1.0,197,3.47564,3.21515,1.08102
2025-11-05#t668w0,2025-11-05,Mr. Monahan,Affordability and housing,140,0.0,168,3.67649,3.85423,0.95388
2025-11-05#t669w0,2025-11-05,Hon. Mr. Kennedy,Affordability and housing,181,1.0,238,3.23515,3.15168,1.02648
2025-11-05#t671w0,2025-11-05,Hon. Ms. Boudreau,Affordability and housing,134,0.388,161,3.08571,3.03661,1.01617
2025-11-05#t672w0,2025-11-05,Ms. Scott-Wallace,Affordability and housing,159,1.0,186,3.08386,3.11042,0.99146
2025-11-05#t673w0,2025-11-05,Ms. Mitton,Affordability and housing,103,0.728,127,3.05306,3.23889,0.94262
2025-11-05#t674w0,2025-11-05,Hon. Mr. LePage,Affordability and housing,201,0.398,239,2.61891,2.63242,0.99487
2025-11-05#t675w0,2025-11-05,Ms. S. Wilson,Affordability and housing,260,1.0,300,2.90481,3.18651,0.91159
2025-11-05#t676w0,2025-11-05,Ms. Mitton,Affordability and housing,246,1.0,282,2.8861,2.98632,0.96644
2025-11-05#t677w0,2025-11-05,Hon. Ms. Thériault,Affordability and housing,191,0.555,262,2.48885,2.71963,0.91514
2025-11-05#t678w0,2025-11-05,Ms. M. Wilson,Affordability and housing,263,1.0,313,3.55574,3.44441,1.03232
2025-11-05#t679w0,2025-11-05,Ms. Mitton,Affordability and housing,185,1.0,216,2.88364,3.12978,0.92136
2025-11-05#t680w0,2025-11-05,Ms. Mitton,Affordability and housing,306,1.0,387,3.21409,3.10397,1.03548
2025-11-05#t680w1,2025-11-05,Ms. Mitton,Affordability and housing,307,0.645,386,2.77351,2.80634,0.9883
2025-11-05#t680w2,2025-11-05,Ms. Mitton,Affordability and housing,59,1.0,72,3.50104,3.5176,0.99529
2025-11-05#t681w0,2025-11-05,Ms. M. Johnson,Affordability and housing,106,0.943,139,3.26279,3.00757,1.08486
2025-11-05#t682w0,2025-11-05,Mr. M. LeBlanc,Affordability and housing,93,1.0,124,2.99506,2.97377,1.00716
2025-11-05#t684w0,2025-11-05,Mr. M. LeBlanc,Affordability and housing,315,0.083,397,2.88839,2.91679,0.99026
2025-11-05#t684w1,2025-11-05,Mr. M. LeBlanc,Affordability and housing,297,0.0,358,3.29323,3.21025,1.02585
2025-11-05#t686w0,2025-11-05,Madam Speaker,Affordability and housing,69,0.725,91,2.78602,3.38232,0.8237
2025-11-05#t687w0,2025-11-05,Mr. Monahan,Affordability and housing,354,0.0,434,2.95749,3.08368,0.95908
2025-11-05#t687w1,2025-11-05,Mr. Monahan,Affordability and housing,342,0.535,432,2.56332,2.60804,0.98285
2025-11-05#t687w2,2025-11-05,Mr. Monahan,Affordability and housing,64,0.469,79,2.81835,3.44144,0.81894
2025-11-05#t689w0,2025-11-05,Mr. Coon,Affordability and housing,292,1.0,362,3.15833,2.98135,1.05936
2025-11-05#t689w1,2025-11-05,Mr. Coon,Affordability and housing,170,1.0,205,3.03118,3.0515,0.99334
2025-11-05#t690w0,2025-11-05,Ms. Bockus,Affordability and housing,257,1.0,320,2.55396,2.86335,0.89195
2025-11-05#t690w1,2025-11-05,Ms. Bockus,Affordability and housing,302,1.0,386,2.98147,2.912,1.02386
2025-11-05#t690w2,2025-11-05,Ms. Bockus,Affordability and housing,355,1.0,420,3.09841,3.22728,0.96007
2025-11-05#t690w3,2025-11-05,Ms. Bockus,Affordability and housing,349,1.0,418,3.20243,3.24231,0.9877
2025-11-05#t690w4,2025-11-05,Ms. Bockus,Affordability and housing,353,0.765,434,2.5529,2.7442,0.93029
2025-11-05#t690w5,2025-11-05,Ms. Bockus,Affordability and housing,351,0.59,399,2.97225,3.07868,0.96543
2025-11-05#t690w6,2025-11-05,Ms. Bockus,Affordability and housing,297,0.542,340,3.06316,3.29344,0.93008
2025-11-05#t691w0,2025-11-05,Ms. M. Wilson,Affordability and housing,276,1.0,333,2.48026,2.77235,0.89464
2025-11-05#t691w1,2025-11-05,Ms. M. Wilson,Affordability and housing,261,1.0,323,2.9875,3.23831,0.92255
2025-11-05#t691w2,2025-11-05,Ms. M. Wilson,Affordability and housing,345,1.0,402,2.87637,2.92062,0.98485
2025-11-05#t691w3,2025-11-05,Ms. M. Wilson,Affordability and housing,317,1.0,372,3.10877,3.19694,0.97242
2025-11-05#t691w4,2025-11-05,Ms. M. Wilson,Affordability and housing,315,1.0,380,2.97178,3.03409,0.97946
2025-11-05#t692w0,2025-11-05,Mr. Coon,Affordability and housing,325,1.0,390,3.06808,3.24435,0.94567
2025-11-05#t692w1,2025-11-05,Mr. Coon,Affordability and housing,345,1.0,425,3.19175,3.41368,0.93499
2025-11-05#t692w2,2025-11-05,Mr. Coon,Affordability and housing,338,1.0,410,3.29611,3.19845,1.03053
2025-11-05#t693w0,2025-11-05,Ms. M. Johnson,Affordability and housing,309,1.0,372,2.84455,3.02385,0.94071
2025-11-05#t693w1,2025-11-05,Ms. M. Johnson,Affordability and housing,339,1.0,424,2.9266,2.99496,0.97718
2025-11-05#t693w2,2025-11-05,Ms. M. Johnson,Affordability and housing,279,0.401,335,2.71058,2.77753,0.9759
2025-11-05#t694w0,2025-11-05,Mr. Monahan,Affordability and housing,342,0.526,407,2.4749,2.78964,0.88718
2025-11-05#t694w1,2025-11-05,Mr. Monahan,Affordability and housing,241,0.519,307,3.00789,3.05516,0.98453
2025-11-05#t694w2,2025-11-05,Mr. Monahan,Affordability and housing,347,0.744,417,2.7681,3.14328,0.88064
2025-11-05#t694w3,2025-11-05,Mr. Monahan,Affordability and housing,332,0.398,402,3.36577,3.24969,1.03572
2025-11-05#t694w4,2025-11-05,Mr. Monahan,Affordability and housing,189,0.788,238,3.15808,3.0125,1.04833
2025-11-05#t695w0,2025-11-05,Mr. Hogan,Affordability and housing,72,1.0,87,3.27068,3.21381,1.01769
2025-11-05#t696w0,2025-11-05,Mr. M. LeBlanc,Affordability and housing,84,1.0,94,2.75637,3.25095,0.84787
2025-11-05#t698w0,2025-11-05,Mr. Hogan,Affordability and housing,68,1.0,79,3.49355,3.54444,0.98564
2025-11-05#t701w0,2025-11-05,Mr. M. LeBlanc,Affordability and housing,69,1.0,80,2.77894,3.52762,0.78777
2025-11-05#t703w0,2025-11-05,Mr. Hogan,Affordability and housing,343,1.0,406,3.07404,3.09594,0.99292
2025-11-05#t703w1,2025-11-05,Mr. Hogan,Affordability and housing,294,1.0,357,2.93178,3.10158,0.94525
2025-11-05#t703w2,2025-11-05,Mr. Hogan,Affordability and housing,311,1.0,380,3.21996,3.17779,1.01327
2025-11-05#t703w3,2025-11-05,Mr. Hogan,Affordability and housing,280,1.0,332,3.10475,3.23706,0.95913
2025-11-05#t703w4,2025-11-05,Mr. Hogan,Affordability and housing,354,1.0,430,3.11018,3.1685,0.98159
2025-11-05#t703w5,2025-11-05,Mr. Hogan,Affordability and housing,358,1.0,421,3.22338,3.02492,1.06561
2025-11-05#t703w6,2025-11-05,Mr. Hogan,Affordability and housing,59,1.0,68,3.87123,3.90735,0.99076
2025-11-05#t707w0,2025-11-05,Mr. Hogan,Affordability and housing,106,1.0,152,3.42981,3.32187,1.03249
2025-11-05#t708w0,2025-11-05,Mr. Hogan,Affordability and housing,285,1.0,343,2.89168,3.21052,0.90069
2025-11-05#t708w1,2025-11-05,Mr. Hogan,Affordability and housing,301,1.0,343,3.132,3.32068,0.94318
2025-11-05#t708w2,2025-11-05,Mr. Hogan,Affordability and housing,109,1.0,136,3.22363,3.21963,1.00124
2025-11-05#t709w0,2025-11-05,Mr. M. LeBlanc,Affordability and housing,93,1.0,110,3.50399,3.45328,1.01469
2025-11-05#t710w0,2025-11-05,Madam Speaker,Affordability and housing,63,1.0,68,3.01361,4.1404,0.72786
2025-11-05#t711w0,2025-11-05,Mr. Hogan,Affordability and housing,129,1.0,161,3.61458,3.22074,1.12228
2025-11-05#t714w0,2025-11-05,Mr. Hogan,Affordability and housing,310,1.0,372,3.09569,3.09757,0.99939
2025-11-05#t714w1,2025-11-05,Mr. Hogan,Affordability and housing,285,1.0,344,3.14942,3.32692,0.94665
2025-11-05#t714w2,2025-11-05,Mr. Hogan,Affordability and housing,122,1.0,149,2.64644,3.20659,0.82531
2025-11-05#t715w0,2025-11-05,Hon. Mr. Legacy,Affordability and housing,345,1.0,405,3.29689,3.14346,1.04881
2025-11-05#t715w1,2025-11-05,Hon. Mr. Legacy,Affordability and housing,331,1.0,392,3.1964,3.23829,0.98706
2025-11-05#t715w2,2025-11-05,Hon. Mr. Legacy,Affordability and housing,71,1.0,83,4.7502,4.00808,1.18516
2025-11-05#t718w0,2025-11-05,Hon. Mr. Legacy,Affordability and housing,170,1.0,195,3.70141,3.6242,1.0213
2025-11-05#t719w0,2025-11-05,Mr. Savoie,Affordability and housing,267,1.0,311,2.97027,3.29056,0.90267
2025-11-05#t719w1,2025-11-05,Mr. Savoie,Affordability and housing,175,1.0,202,3.00983,2.76883,1.08704
2025-11-05#t721w0,2025-11-05,Mr. Savoie,Affordability and housing,135,1.0,162,3.53027,3.40597,1.0365
2025-11-05#t723w0,2025-11-05,Mr. Arseneault,Affordability and housing,90,1.0,104,3.65425,3.47576,1.05135
2025-11-06#t725w0,2025-11-06,Hon. Mr. D’Amours,Affordability and housing,155,0.606,191,3.07498,3.17802,0.96758
2025-11-06#t727w0,2025-11-06,Mr. Coon,Affordability and housing,111,0.964,137,3.49989,3.57383,0.97931
2025-11-06#t728w0,2025-11-06,Hon. Ms. Thériault,Affordability and housing,203,0.463,285,3.37986,3.37203,1.00232
2025-11-06#t729w0,2025-11-06,Ms. M. Johnson,Affordability and housing,294,1.0,382,3.03864,3.12918,0.97107
2025-11-06#t730w0,2025-11-06,Ms. Scott-Wallace,Affordability and housing,162,1.0,208,2.71914,3.05315,0.8906
2025-11-06#t731w0,2025-11-06,Mr. Mallet,Affordability and housing,162,0.0,225,2.99148,3.13352,0.95467
2025-11-06#t732w0,2025-11-06,Mr. Lee,Affordability and housing,153,1.0,196,3.20543,3.29914,0.9716
2025-11-06#t733w0,2025-11-06,Mr. Coon,Affordability and housing,151,1.0,208,2.84793,3.00523,0.94766
2025-11-06#t734w0,2025-11-06,Hon. Ms. Boudreau,Affordability and housing,151,0.232,210,3.15755,3.10525,1.01684
2025-11-06#t735w0,2025-11-06,Ms. Bockus,Affordability and housing,154,1.0,187,3.33213,3.33663,0.99865
2025-11-06#t736w0,2025-11-06,Ms. Mitton,Affordability and housing,160,1.0,206,2.77778,2.85521,0.97288
2025-11-06#t737w0,2025-11-06,Hon. Mr. Randall,Affordability and housing,106,0.943,128,3.04049,3.26929,0.93002
2025-11-06#t738w0,2025-11-06,Hon. Mr. LePage,Affordability and housing,170,0.0,215,3.28961,3.3022,0.99619
2025-11-06#t739w0,2025-11-06,Mr. Weir,Affordability and housing,144,1.0,177,3.39034,3.54987,0.95506
2025-11-06#t740w0,2025-11-06,Ms. Mitton,Affordability and housing,169,1.0,222,3.60692,3.4529,1.0446
2025-11-06#t741w0,2025-11-06,Mr. Bourque,Affordability and housing,131,0.26,156,2.6967,2.90631,0.92788
2025-11-06#t742w0,2025-11-06,Ms. Conroy,Affordability and housing,200,1.0,263,3.5457,3.42667,1.03474
2025-11-06#t743w0,2025-11-06,Mr. Doucet,Affordability and housing,107,0.0,137,3.01173,3.0938,0.97347
2025-11-06#t744w0,2025-11-06,Mr. Hogan,Affordability and housing,168,1.0,207,3.12303,2.91474,1.07146
2025-11-06#t745w0,2025-11-06,Mr. J. LeBlanc,Affordability and housing,133,1.0,167,3.12504,3.29295,0.94901
2025-11-06#t746w0,2025-11-06,Mr. Lee,Affordability and housing,139,1.0,157,3.6919,3.38011,1.09224
2025-11-06#t747w0,2025-11-06,Mr. Robichaud,Affordability and housing,164,0.299,197,2.95327,3.09877,0.95304
2025-11-06#t748w0,2025-11-06,Ms. M. Wilson,Affordability and housing,139,1.0,182,2.72648,2.87411,0.94863
2025-11-06#t749w0,2025-11-06,Mr. Savoie,Affordability and housing,121,0.934,150,3.67828,3.2262,1.14013
2025-11-06#t750w0,2025-11-06,Hon. Mr. Hickey,Affordability and housing,144,1.0,169,2.95193,3.30752,0.89249
2025-11-06#t751w0,2025-11-06,Mr. Savoie,Affordability and housing,136,1.0,167,3.6742,3.23449,1.13594
2025-11-06#t752w0,2025-11-06,Hon. Mr. Hickey,Affordability and housing,108,1.0,135,3.751,3.64991,1.0277
2025-11-06#t753w0,2025-11-06,Hon. Mr. Hickey,Affordability and housing,52,1.0,72,3.38878,3.90125,0.86864
2025-11-06#t754w0,2025-11-06,Mr. Savoie,Affordability and housing,167,1.0,209,3.27175,3.40924,0.95967
2025-11-06#t755w0,2025-11-06,Hon. Mr. Hickey,Affordability and housing,83,1.0,112,3.39067,3.22428,1.0516
2025-11-06#t756w0,2025-11-06,Hon. Mr. Hickey,Affordability and housing,92,1.0,117,3.16465,3.26426,0.96948
2025-11-06#t757w0,2025-11-06,Mr. Savoie,Affordability and housing,125,1.0,151,3.13768,3.51161,0.89352
2025-11-06#t758w0,2025-11-06,Hon. Mr. Legacy,Affordability and housing,138,1.0,181,3.77036,3.51361,1.07307
2025-11-06#t759w0,2025-11-06,Mr. Savoie,Affordability and housing,134,1.0,168,2.71856,3.09877,0.8773
2025-11-06#t760w0,2025-11-06,Hon. Mr. LePage,Affordability and housing,154,0.0,178,2.83304,3.04701,0.92978
2025-11-06#t761w0,2025-11-06,Mr. Savoie,Affordability and housing,170,1.0,200,2.99806,2.95721,1.01382
2025-11-06#t762w0,2025-11-06,Hon. Mr. LePage,Affordability and housing,120,0.192,150,3.03562,3.51177,0.86441
2025-11-06#t763w0,2025-11-06,Mr. Savoie,Affordability and housing,174,0.914,221,3.14239,3.14883,0.99795
2025-11-06#t764w0,2025-11-06,Hon. Mr. LePage,Affordability and housing,133,0.0,154,3.10027,3.11933,0.99389
2025-11-06#t765w0,2025-11-06,Mr. Lee,Affordability and housing,110,1.0,126,3.4688,3.5652,0.97296
2025-11-06#t766w0,2025-11-06,Hon. C. Johnson,Affordability and housing,136,1.0,159,2.99656,3.20336,0.93544
2025-11-06#t767w0,2025-11-06,Mr. Lee,Affordability and housing,77,1.0,96,3.11896,2.87088,1.08641
2025-11-06#t768w0,2025-11-06,Hon. C. Johnson,Affordability and housing,96,0.0,115,2.9935,3.02005,0.99121
2025-11-06#t769w0,2025-11-06,Mr. Lee,Affordability and housing,150,1.0,176,2.94038,3.20405,0.91771
2025-11-06#t770w0,2025-11-06,Hon. C. Johnson,Affordability and housing,132,1.0,162,3.5626,3.4134,1.04371
2025-11-06#t771w0,2025-11-06,Mr. Coon,Affordability and housing,180,1.0,210,3.24992,3.34237,0.97234
2025-11-06#t772w0,2025-11-06,Hon. Mr. Legacy,Affordability and housing,149,0.0,177,3.20377,3.24167,0.98831
2025-11-06#t773w0,2025-11-06,Mr. Coon,Affordability and housing,102,0.0,114,3.49768,3.48069,1.00488
2025-11-06#t774w0,2025-11-06,Hon. Mr. Legacy,Affordability and housing,137,0.0,161,3.27018,3.31714,0.98584
2025-11-06#t775w0,2025-11-06,Mr. Monahan,Affordability and housing,150,1.0,185,3.41518,3.53231,0.96684
2025-11-06#t776w0,2025-11-06,Hon. Mr. Gauvin,Affordability and housing,163,0.0,196,2.94345,3.02677,0.97247
2025-11-06#t777w0,2025-11-06,Mr. Monahan,Affordability and housing,158,1.0,195,3.2668,3.19412,1.02275
2025-11-06#t778w0,2025-11-06,Hon. Mr. Gauvin,Affordability and housing,174,0.0,198,3.26461,3.3832,0.96495
2025-11-06#t779w0,2025-11-06,Mr. Savoie,Affordability and housing,173,1.0,219,2.98768,3.03666,0.98387
2025-11-06#t780w0,2025-11-06,Hon. Mr. Hickey,Affordability and housing,138,1.0,176,3.43893,3.45497,0.99535
2025-11-06#t782w0,2025-11-06,Ms. M. Johnson,Affordability and housing,102,1.0,139,3.14911,3.29153,0.95673
2025-11-06#t783w0,2025-11-06,Madam Speaker,Affordability and housing,104,1.0,133,2.9219,3.60806,0.80983
2025-11-06#t784w0,2025-11-06,Mr. M. LeBlanc,Affordability and housing,162,1.0,206,3.06396,3.15163,0.97218
2025-11-06#t785w0,2025-11-06,Madam Speaker,Affordability and housing,103,1.0,128,2.75468,3.26046,0.84488
2025-11-06#t787w0,2025-11-06,Hon. Mr. D’Amours,Affordability and housing,59,0.373,90,2.44222,2.56279,0.95295
2025-11-06#t788w0,2025-11-06,Hon. Mr. D’Amours,Affordability and housing,218,0.541,249,2.49576,2.77054,0.90082
2025-11-06#t789w0,2025-11-06,Mr. Cullins,Affordability and housing,125,1.0,148,2.71166,3.24761,0.83497
2025-11-06#t790w0,2025-11-06,Mr. Coon,Affordability and housing,179,0.899,214,3.3024,3.21822,1.02616
2025-11-06#t791w0,2025-11-06,Hon. Ms. Thériault,Affordability and housing,345,0.609,447,2.49255,2.56292,0.97254
2025-11-06#t791w1,2025-11-06,Hon. Ms. Thériault,Affordability and housing,112,1.0,133,3.31504,3.34905,0.98985
2025-11-06#t792w0,2025-11-06,Ms. Mitton,Affordability and housing,133,0.549,162,2.86421,2.99735,0.95558
2025-11-06#t793w0,2025-11-06,Hon. Mr. Randall,Affordability and housing,261,0.92,340,2.57058,2.93348,0.87629
2025-11-06#t794w0,2025-11-06,Ms. M. Johnson,Affordability and housing,214,1.0,261,3.30539,3.05262,1.0828
2025-11-06#t795w0,2025-11-06,Ms. Mitton,Affordability and housing,280,1.0,320,2.57091,3.00258,0.85623
2025-11-06#t795w1,2025-11-06,Ms. Mitton,Affordability and housing,142,0.782,184,2.94648,2.83926,1.03776
2025-11-06#t796w0,2025-11-06,Ms. M. Johnson,Affordability and housing,353,0.119,449,2.90145,2.98736,0.97124
2025-11-06#t796w1,2025-11-06,Ms. M. Johnson,Affordability and housing,273,0.0,333,2.93139,3.10095,0.94532
2025-11-06#t797w0,2025-11-06,Mr. Coon,Affordability and housing,304,1.0,386,3.13147,3.05681,1.02442
2025-11-06#t797w1,2025-11-06,Mr. Coon,Affordability and housing,335,1.0,406,3.28517,3.29294,0.99764
2025-11-06#t797w2,2025-11-06,Mr. Coon,Affordability and housing,270,1.0,347,3.3142,3.33406,0.99404
2025-11-06#t797w3,2025-11-06,Mr. Coon,Affordability and housing,310,1.0,377,3.01408,3.15872,0.95421
2025-11-06#t797w4,2025-11-06,Mr. Coon,Affordability and housing,150,1.0,183,2.87158,3.02855,0.94817
2025-11-06#t799w0,2025-11-06,Mr. Lee,Affordability and housing,355,1.0,415,2.66929,2.95506,0.90329
2025-11-06#t799w1,2025-11-06,Mr. Lee,Affordability and housing,349,1.0,463,2.62426,2.72673,0.96242
2025-11-06#t799w2,2025-11-06,Mr. Lee,Affordability and housing,331,1.0,419,3.12146,3.07437,1.01532
2025-11-06#t799w3,2025-11-06,Mr. Lee,Affordability and housing,289,1.0,350,3.19907,3.14654,1.01669
2025-11-06#t799w4,2025-11-06,Mr. Lee,Affordability and housing,233,1.0,271,2.77685,3.094,0.89749
2025-11-06#t801w0,2025-11-06,Mr. M. LeBlanc,Affordability and housing,282,0.0,352,2.92743,2.9692,0.98593
2025-11-06#t801w1,2025-11-06,Mr. M. LeBlanc,Affordability and housing,304,0.0,374,2.77718,3.08413,0.90047
2025-11-06#t801w2,2025-11-06,Mr. M. LeBlanc,Affordability and housing,320,0.0,388,2.95356,2.93156,1.0075
2025-11-06#t801w3,2025-11-06,Mr. M. LeBlanc,Affordability and housing,349,0.0,429,2.87008,2.95642,0.9708
2025-11-06#t801w4,2025-11-06,Mr. M. LeBlanc,Affordability and housing,335,0.0,416,2.85248,2.87573,0.99192
2025-11-06#t803w0,2025-11-06,Mr. Oliver,Affordability and housing,270,1.0,335,2.45214,2.75172,0.89113
2025-11-06#t803w1,2025-11-06,Mr. Oliver,Affordability and housing,332,1.0,432,2.84267,3.0233,0.94025
2025-11-06#t803w2,2025-11-06,Mr. Oliver,Affordability and housing,233,1.0,301,3.02089,3.25452,0.92821
2025-11-06#t805w0,2025-11-06,Ms. S. Wilson,Affordability and housing,317,1.0,383,3.05897,3.10702,0.98453
2025-11-06#t805w1,2025-11-06,Ms. S. Wilson,Affordability and housing,329,1.0,403,2.91752,3.14904,0.92648
2025-11-06#t805w2,2025-11-06,Ms. S. Wilson,Affordability and housing,333,1.0,407,3.01532,3.03746,0.99271
2025-11-06#t805w3,2025-11-06,Ms. S. Wilson,Affordability and housing,348,1.0,416,3.09763,3.03973,1.01905
2025-11-06#t805w4,2025-11-06,Ms. S. Wilson,Affordability and housing,53,1.0,68,2.48378,3.32403,0.74722
2025-11-06#t808w0,2025-11-06,,Affordability and housing,228,0.952,307,2.71415,2.95558,0.91831
2025-11-06#t809w0,2025-11-06,Ms. M. Johnson,Affordability and housing,328,1.0,446,2.37638,2.47209,0.96128
2025-11-06#t809w1,2025-11-06,Ms. M. Johnson,Affordability and housing,331,1.0,397,2.82837,2.71457,1.04192
2025-11-06#t809w2,2025-11-06,Ms. M. Johnson,Affordability and housing,317,1.0,384,2.90002,3.03107,0.95677
2025-11-06#t809w3,2025-11-06,Ms. M. Johnson,Affordability and housing,353,1.0,410,3.30608,3.4251,0.96525
2025-11-06#t809w4,2025-11-06,Ms. M. Johnson,Affordability and housing,335,1.0,406,3.02827,3.16345,0.95727
2025-11-06#t809w5,2025-11-06,Ms. M. Johnson,Affordability and housing,117,1.0,138,3.19311,3.33709,0.95685
2025-11-06#t810w0,2025-11-06,Hon. Ms. Miles,Affordability and housing,354,1.0,420,2.90722,3.11497,0.93331
2025-11-06#t811w0,2025-11-06,Hon. Ms. Miles,Affordability and housing,350,1.0,422,3.21742,3.08712,1.04221
2025-11-06#t811w1,2025-11-06,Hon. Ms. Miles,Affordability and housing,353,1.0,418,3.26474,3.22829,1.01129
2025-11-06#t811w2,2025-11-06,Hon. Ms. Miles,Affordability and housing,306,1.0,356,2.90107,3.25027,0.89256
2025-11-06#t811w3,2025-11-06,Hon. Ms. Miles,Affordability and housing,349,1.0,432,2.86995,3.21114,0.89375
2025-11-06#t811w4,2025-11-06,Hon. Ms. Miles,Affordability and housing,289,1.0,367,2.70106,2.89667,0.93247
2025-11-06#t814w0,2025-11-06,Ms. Conroy,Affordability and housing,326,1.0,428,2.69219,2.71405,0.99195
2025-11-06#t814w1,2025-11-06,Ms. Conroy,Affordability and housing,323,1.0,390,3.03498,3.21402,0.9443
2025-11-06#t814w2,2025-11-06,Ms. Conroy,Affordability and housing,302,1.0,373,2.89509,3.11027,0.93081
2025-11-06#t814w3,2025-11-06,Ms. Conroy,Affordability and housing,303,1.0,366,3.21778,3.00382,1.07123
2025-11-06#t814w4,2025-11-06,Ms. Conroy,Affordability and housing,289,1.0,363,3.35315,3.26989,1.02546
2025-11-06#t814w5,2025-11-06,Ms. Conroy,Affordability and housing,285,1.0,365,3.04973,3.11872,0.97788
2025-11-06#t814w6,2025-11-06,Ms. Conroy,Affordability and housing,121,1.0,165,3.79357,3.68119,1.03053
2025-11-06#t818w0,2025-11-06,Mr. M. LeBlanc,Affordability and housing,96,1.0,126,2.92551,2.90022,1.00872
2025-11-06#t821w0,2025-11-06,Madam Speaker,Affordability and housing,61,0.705,85,3.06368,2.9494,1.03875
2025-11-06#t822w0,2025-11-06,Mr. Doucet,Affordability and housing,278,0.032,336,3.50963,3.17859,1.10415
2025-11-06#t822w1,2025-11-06,Mr. Doucet,Affordability and housing,303,0.0,361,2.8707,3.03685,0.94529
2025-11-06#t822w2,2025-11-06,Mr. Doucet,Affordability and housing,315,0.0,394,2.93556,3.08652,0.95109
2025-11-06#t822w3,2025-11-06,Mr. Doucet,Affordability and housing,156,0.0,191,3.11568,3.43492,0.90706
2025-11-06#t823w0,2025-11-06,Mr. Doucet,Affordability and housing,332,0.015,418,2.78391,2.93524,0.94844
2025-11-06#t823w1,2025-11-06,Mr. Doucet,Affordability and housing,337,0.0,410,3.35609,3.38917,0.99024
2025-11-06#t823w2,2025-11-06,Mr. Doucet,Affordability and housing,120,0.0,145,3.21467,3.41969,0.94005
2025-11-06#t825w0,2025-11-06,Mr. Coon,Affordability and housing,259,1.0,324,3.46031,3.38111,1.02343
2025-11-06#t825w1,2025-11-06,Mr. Coon,Affordability and housing,345,1.0,426,3.21545,3.36897,0.95443
2025-11-06#t825w2,2025-11-06,Mr. Coon,Affordability and housing,325,1.0,394,3.43031,3.21744,1.06616
2025-11-06#t825w3,2025-11-06,Mr. Coon,Affordability and housing,288,1.0,346,3.32355,3.42389,0.9707
2025-11-06#t828w0,2025-11-06,Ms. S. Wilson,Affordability and housing,272,1.0,328,3.04585,3.22213,0.94529
2025-11-06#t828w1,2025-11-06,Ms. S. Wilson,Affordability and housing,319,1.0,365,2.8631,3.11924,0.91788
2025-11-06#t828w2,2025-11-06,Ms. S. Wilson,Affordability and housing,360,1.0,434,3.06137,3.03001,1.01035
2025-11-06#t828w3,2025-11-06,Ms. S. Wilson,Affordability and housing,262,1.0,316,3.1714,3.19371,0.99302
2025-11-06#t831w0,2025-11-06,Mr. M. LeBlanc,Affordability and housing,65,1.0,77,3.52932,3.9275,0.89862
2025-11-06#t833w0,2025-11-06,Ms. S. Wilson,Affordability and housing,61,1.0,77,3.28659,3.99318,0.82305
2025-11-06#t835w0,2025-11-06,Mr. Robichaud,Affordability and housing,358,0.0,431,2.69623,2.98687,0.90269
2025-11-06#t835w1,2025-11-06,Mr. Robichaud,Affordability and housing,317,0.0,376,2.65953,2.87856,0.92391
2025-11-06#t835w2,2025-11-06,Mr. Robichaud,Affordability and housing,216,0.0,270,3.49003,3.42546,1.01885
2025-11-06#t835w3,2025-11-06,Mr. Robichaud,Affordability and housing,350,0.0,405,3.14069,3.2274,0.97313
2025-11-06#t835w4,2025-11-06,Mr. Robichaud,Affordability and housing,89,0.0,101,3.27642,3.49582,0.93724
2025-11-06#t836w0,2025-11-06,,Affordability and housing,355,0.0,410,3.11014,3.2248,0.96444
2025-11-06#t836w1,2025-11-06,,Affordability and housing,334,0.0,395,2.97767,3.20403,0.92935
2025-11-06#t836w2,2025-11-06,,Affordability and housing,255,0.0,305,3.18581,3.23075,0.98609
2025-11-06#t837w0,2025-11-06,Mr. Monahan,Affordability and housing,288,1.0,347,3.01678,3.10761,0.97077
2025-11-06#t837w1,2025-11-06,Mr. Monahan,Affordability and housing,123,1.0,153,3.48105,3.34024,1.04216
2025-11-07#t839w0,2025-11-07,Hon. C. Chiasson,Affordability and housing,195,1.0,268,2.45618,2.74679,0.8942
2025-11-07#t840w0,2025-11-07,Ms. M. Wilson,Affordability and housing,150,1.0,182,2.49822,2.82262,0.88507
2025-11-07#t842w0,2025-11-07,Hon. Mr. Gauvin,Affordability and housing,90,0.0,119,3.37347,3.16675,1.06528
2025-11-07#t843w0,2025-11-07,Mr. Savoie,Affordability and housing,66,0.0,86,3.19141,2.88853,1.10486
2025-11-07#t845w0,2025-11-07,Mr. J. LeBlanc,Affordability and housing,152,0.0,191,3.01901,3.24301,0.93093
2025-11-07#t846w0,2025-11-07,Ms. M. Wilson,Affordability and housing,129,1.0,168,3.33789,3.26943,1.02094
2025-11-07#t847w0,2025-11-07,Mr. Coon,Affordability and housing,166,1.0,215,2.88815,3.03323,0.95217
2025-11-07#t848w0,2025-11-07,Ms. Wilcott,Affordability and housing,132,1.0,162,3.13118,3.34914,0.93492
2025-11-07#t849w0,2025-11-07,Ms. Scott-Wallace,Affordability and housing,166,1.0,230,3.31183,2.8685,1.15455
2025-11-07#t850w0,2025-11-07,Ms. Mitton,Affordability and housing,156,0.987,188,2.78316,3.04137,0.9151
2025-11-07#t852w0,2025-11-07,Hon. Ms. Townsend,Affordability and housing,167,0.988,196,2.81814,3.11043,0.90603
2025-11-07#t853w0,2025-11-07,Mr. Hogan,Affordability and housing,142,1.0,173,3.03525,3.33738,0.90947
2025-11-07#t854w0,2025-11-07,Mr. Russell,Affordability and housing,137,1.0,162,3.22153,3.30782,0.97391
2025-11-07#t855w0,2025-11-07,Mr. Coon,Affordability and housing,160,0.975,187,3.25332,3.20146,1.0162
2025-11-07#t856w0,2025-11-07,Mr. Johnston,Affordability and housing,169,0.852,212,3.52328,3.49806,1.00721
2025-11-07#t857w0,2025-11-07,Mr. Oliver,Affordability and housing,134,1.0,173,3.68827,3.48972,1.0569
2025-11-07#t858w0,2025-11-07,Mr. Arseneault,Affordability and housing,154,0.545,179,2.46865,2.95009,0.83681
2025-11-07#t859w0,2025-11-07,Ms. Scott-Wallace,Affordability and housing,165,1.0,193,3.14867,3.13973,1.00285
2025-11-07#t860w0,2025-11-07,Mr. Mallet,Affordability and housing,136,0.0,161,3.0352,2.97667,1.01966
2025-11-07#t861w0,2025-11-07,Mr. Cullins,Affordability and housing,157,1.0,192,2.63056,2.81099,0.93582
2025-11-07#t862w0,2025-11-07,Ms. Sodhi,Affordability and housing,156,1.0,201,2.84373,3.03604,0.93666
2025-11-07#t863w0,2025-11-07,Ms. S. Wilson,Affordability and housing,142,1.0,178,3.22966,3.36194,0.96065
2025-11-07#t864w0,2025-11-07,Hon. Ms. Holt,Affordability and housing,190,0.568,236,2.99099,3.08485,0.96958
2025-11-07#t865w0,2025-11-07,Hon. Ms. Boudreau,Affordability and housing,260,0.015,326,2.77042,2.98183,0.9291
2025-11-07#t866w0,2025-11-07,Ms. Scott-Wallace,Affordability and housing,102,1.0,120,3.22671,3.26483,0.98833
2025-11-07#t867w0,2025-11-07,Ms. Mitton,Affordability and housing,72,0.458,90,2.99543,3.07449,0.97428
2025-11-07#t868w0,2025-11-07,Mr. Savoie,Affordability and housing,94,0.915,110,3.51421,3.27296,1.07371
2025-11-07#t869w0,2025-11-07,Hon. Ms. Holt,Affordability and housing,156,1.0,191,3.27122,3.23108,1.01242
2025-11-07#t870w0,2025-11-07,Mr. Savoie,Affordability and housing,191,1.0,251,3.10075,3.06767,1.01078
2025-11-07#t871w0,2025-11-07,Hon. Ms. Holt,Affordability and housing,169,0.728,212,3.06695,3.0965,0.99046
2025-11-07#t872w0,2025-11-07,Mr. Savoie,Affordability and housing,189,1.0,249,3.39685,3.11864,1.08921
2025-11-07#t873w0,2025-11-07,Hon. Ms. Holt,Affordability and housing,180,1.0,220,3.08089,3.35856,0.91732
2025-11-07#t874w0,2025-11-07,Mr. Savoie,Affordability and housing,189,1.0,236,3.06082,3.3374,0.91713
2025-11-07#t875w0,2025-11-07,Hon. Mr. Dornan,Affordability and housing,140,1.0,179,3.2001,3.19375,1.00199
2025-11-07#t876w0,2025-11-07,Mr. Savoie,Affordability and housing,191,1.0,237,3.264,3.21708,1.01459
2025-11-07#t877w0,2025-11-07,Hon. Mr. Dornan,Affordability and housing,141,1.0,175,3.332,3.37533,0.98716
2025-11-07#t878w0,2025-11-07,Mr. Hogan,Affordability and housing,125,0.952,155,3.06453,3.1981,0.95824
2025-11-07#t879w0,2025-11-07,Hon. Mr. Dornan,Affordability and housing,154,1.0,178,2.79586,3.3113,0.84434
2025-11-07#t880w0,2025-11-07,Mr. Hogan,Affordability and housing,92,1.0,108,3.31637,3.36008,0.98699
2025-11-07#t881w0,2025-11-07,Hon. Mr. Dornan,Affordability and housing,155,1.0,180,3.33098,3.31814,1.00387
2025-11-07#t882w0,2025-11-07,Mr. Hogan,Affordability and housing,167,1.0,189,3.19378,3.32239,0.96129
2025-11-07#t883w0,2025-11-07,Hon. Mr. Dornan,Affordability and housing,108,1.0,125,3.34748,3.49025,0.95909
2025-11-07#t884w0,2025-11-07,Ms. Scott-Wallace,Affordability and housing,185,1.0,223,3.68644,3.54232,1.04069
2025-11-07#t885w0,2025-11-07,Hon. Mr. Dornan,Affordability and housing,155,1.0,197,3.50412,3.24098,1.08119
2025-11-07#t886w0,2025-11-07,Ms. Scott-Wallace,Affordability and housing,204,1.0,242,3.45188,3.46856,0.99519
2025-11-07#t887w0,2025-11-07,Hon. Mr. Dornan,Affordability and housing,119,1.0,144,3.50137,3.26055,1.07386
2025-11-07#t888w0,2025-11-07,Ms. Scott-Wallace,Affordability and housing,194,1.0,247,3.41988,3.10867,1.10011
2025-11-07#t889w0,2025-11-07,Hon. Mr. Dornan,Affordability and housing,143,1.0,160,3.36021,3.58931,0.93617
2025-11-07#t890w0,2025-11-07,Ms. S. Wilson,Affordability and housing,130,1.0,151,3.09355,2.94862,1.04915
2025-11-07#t891w0,2025-11-07,Hon. Mr. Gauvin,Affordability and housing,117,0.0,138,3.20882,3.45368,0.9291
2025-11-07#t892w0,2025-11-07,Ms. S. Wilson,Affordability and housing,140,1.0,158,3.44246,3.48244,0.98852
2025-11-07#t893w0,2025-11-07,Hon. Ms. Holt,Affordability and housing,184,1.0,209,3.00896,3.35141,0.89782
2025-11-07#t894w0,2025-11-07,Ms. S. Wilson,Affordability and housing,127,1.0,150,3.76755,3.70556,1.01673
2025-11-07#t895w0,2025-11-07,Hon. Ms. Holt,Affordability and housing,149,0.0,182,3.20471,3.09947,1.03395
2025-11-07#t896w0,2025-11-07,Mr. Savoie,Affordability and housing,206,1.0,279,2.26942,2.50758,0.90502
2025-11-07#t897w0,2025-11-07,Hon. Mr. Dornan,Affordability and housing,110,1.0,148,3.14779,3.24006,0.97152
2025-11-07#t898w0,2025-11-07,Mr. Savoie,Affordability and housing,200,1.0,256,3.1774,2.89685,1.09685
2025-11-07#t899w0,2025-11-07,Hon. Ms. Holt,Affordability and housing,171,1.0,212,3.0709,2.9593,1.03771
2025-11-07#t901w0,2025-11-07,Hon. Ms. Holt,Affordability and housing,340,0.665,424,3.18249,3.114,1.02199
2025-11-07#t901w1,2025-11-07,Hon. Ms. Holt,Affordability and housing,165,0.745,195,2.9578,3.05322,0.96875
2025-11-07#t902w0,2025-11-07,Mr. Savoie,Affordability and housing,330,0.912,396,3.46605,3.22631,1.07431
2025-11-07#t902w1,2025-11-07,Mr. Savoie,Affordability and housing,104,1.0,130,3.30945,3.54697,0.93304
2025-11-07#t903w0,2025-11-07,Mr. Coon,Affordability and housing,347,0.937,419,2.78185,2.92703,0.9504
2025-11-07#t903w1,2025-11-07,Mr. Coon,Affordability and housing,92,1.0,113,3.50321,3.38183,1.03589
2025-11-07#t904w0,2025-11-07,Hon. Ms. Holt,Affordability and housing,333,0.435,397,2.3424,2.61401,0.8961
2025-11-07#t905w0,2025-11-07,Mr. Savoie,Affordability and housing,269,0.639,306,3.05564,3.23292,0.94517
2025-11-07#t906w0,2025-11-07,Mr. Coon,Affordability and housing,226,0.518,274,2.87748,3.18096,0.90459
2025-11-07#t907w0,2025-11-07,Hon. Mr. D’Amours,Affordability and housing,250,0.396,300,2.36831,2.39283,0.98975
2025-11-07#t910w0,2025-11-07,Ms. M. Wilson,Affordability and housing,283,1.0,373,3.01673,3.07954,0.9796
2025-11-07#t911w0,2025-11-07,Mr. Coon,Affordability and housing,263,0.951,334,3.02595,2.9187,1.03674
2025-11-07#t912w0,2025-11-07,Hon. Mr. Dornan,Affordability and housing,161,0.714,200,2.20771,2.68177,0.82323
2025-11-07#t913w0,2025-11-07,Mr. Hogan,Affordability and housing,213,1.0,271,3.03641,3.15864,0.9613
2025-11-07#t914w0,2025-11-07,Mr. Coon,Affordability and housing,355,0.854,434,2.93809,2.85412,1.02942
2025-11-07#t914w1,2025-11-07,Mr. Coon,Affordability and housing,337,0.353,434,2.37181,2.42491,0.9781
2025-11-07#t915w0,2025-11-07,Hon. Ms. Holt,Affordability and housing,290,0.776,373,2.49511,2.73847,0.91114
2025-11-07#t915w1,2025-11-07,Hon. Ms. Holt,Affordability and housing,300,0.193,359,2.99986,2.97939,1.00687
2025-11-07#t915w2,2025-11-07,Hon. Ms. Holt,Affordability and housing,80,0.0,95,3.59118,3.70747,0.96864
2025-11-07#t916w0,2025-11-07,Mr. Savoie,Affordability and housing,299,0.137,366,3.02139,2.92694,1.03227
2025-11-07#t916w1,2025-11-07,Mr. Savoie,Affordability and housing,300,1.0,337,2.79966,3.00279,0.93235
2025-11-07#t916w2,2025-11-07,Mr. Savoie,Affordability and housing,224,0.741,276,2.93655,2.87948,1.01982
2025-11-07#t917w0,2025-11-07,Mr. Coon,Affordability and housing,313,0.61,377,3.17347,3.10946,1.02058
2025-11-07#t919w0,2025-11-07,Hon. Ms. Holt,Affordability and housing,158,0.253,206,3.0451,3.18027,0.9575
2025-11-18#t922w0,2025-11-18,Hon. Mr. McKee,Affordability and housing,91,0.615,110,2.44357,2.93366,0.83294
2025-11-18#t925w0,2025-11-18,Ms. M. Wilson,Affordability and housing,59,1.0,78,3.84413,3.10359,1.23861
2025-11-18#t930w0,2025-11-18,Hon. Mr. Finnigan,Affordability and housing,95,0.0,138,3.26626,3.08787,1.05777
2025-11-18#t931w0,2025-11-18,Hon. C. Chiasson,Affordability and housing,341,1.0,448,2.40035,2.53109,0.94835
2025-11-18#t932w0,2025-11-18,Mr. Hogan,Affordability and housing,137,1.0,168,3.33302,3.24537,1.02701
2025-11-18#t933w0,2025-11-18,Ms. Vautour,Affordability and housing,141,0.0,191,3.14352,3.3527,0.93761
2025-11-18#t934w0,2025-11-18,Mr. Savoie,Affordability and housing,152,0.961,176,2.96415,3.00082,0.98778
2025-11-18#t935w0,2025-11-18,Mr. Coon,Affordability and housing,161,1.0,194,2.67145,2.98266,0.89566
2025-11-18#t936w0,2025-11-18,Hon. Ms. Thériault,Affordability and housing,124,0.0,175,3.5224,3.46337,1.01704
2025-11-18#t937w0,2025-11-18,Ms. Conroy,Affordability and housing,179,1.0,233,2.90093,3.21185,0.9032
2025-11-18#t938w0,2025-11-18,Ms. Mitton,Affordability and housing,162,1.0,190,2.63396,2.86557,0.91917
2025-11-18#t939w0,2025-11-18,Hon. Mr. Finnigan,Affordability and housing,130,0.0,169,2.99368,3.09063,0.96863
2025-11-18#t940w0,2025-11-18,Mr. Weir,Affordability and housing,164,1.0,212,2.59712,2.73423,0.94985
2025-11-18#t941w0,2025-11-18,Ms. M. Wilson,Affordability and housing,146,1.0,192,3.13617,3.37272,0.92987
2025-11-18#t942w0,2025-11-18,Mr. Coon,Affordability and housing,165,1.0,215,3.81091,3.58084,1.06425
2025-11-18#t943w0,2025-11-18,Mr. M. LeBlanc,Affordability and housing,143,1.0,170,3.01736,3.21315,0.93907
2025-11-18#t944w0,2025-11-18,Ms. Bockus,Affordability and housing,142,1.0,186,2.99589,3.17824,0.94263
2025-11-18#t945w0,2025-11-18,Mr. Johnston,Affordability and housing,177,1.0,247,4.15234,3.89604,1.06578
2025-11-18#t946w0,2025-11-18,Mr. Ames,Affordability and housing,151,1.0,193,3.53944,3.12593,1.13228
2025-11-18#t947w0,2025-11-18,Mr. Bourque,Affordability and housing,181,0.0,224,3.33746,3.19227,1.04548
2025-11-18#t948w0,2025-11-18,Ms. M. Johnson,Affordability and housing,144,1.0,172,3.28925,3.13742,1.04839
2025-11-18#t949w0,2025-11-18,Mr. Doucet,Affordability and housing,125,0.0,148,3.14574,3.25496,0.96645
2025-11-18#t950w0,2025-11-18,Mr. Monahan,Affordability and housing,219,1.0,275,3.17875,3.45192,0.92086
2025-11-18#t951w0,2025-11-18,Hon. Ms. Holt,Affordability and housing,148,1.0,172,2.75224,3.10872,0.88533
2025-11-18#t953w0,2025-11-18,Hon. Ms. Holt,Affordability and housing,138,1.0,166,3.47673,3.22665,1.07751
2025-11-18#t954w0,2025-11-18,Mr. Savoie,Affordability and housing,50,1.0,66,4.26089,3.63613,1.17182
2025-11-18#t955w0,2025-11-18,Hon. Ms. Holt,Affordability and housing,118,1.0,131,3.59345,3.33368,1.07792
2025-11-18#t956w0,2025-11-18,Mr. Savoie,Affordability and housing,189,1.0,229,3.39257,3.34024,1.01567
2025-11-18#t957w0,2025-11-18,Hon. Ms. Holt,Affordability and housing,132,0.045,155,3.34764,3.34309,1.00136
2025-11-18#t958w0,2025-11-18,Mr. Savoie,Affordability and housing,135,1.0,165,3.12102,3.19682,0.97629
2025-11-18#t959w0,2025-11-18,Hon. Ms. Holt,Affordability and housing,189,1.0,237,3.44516,3.30292,1.04306
2025-11-18#t960w0,2025-11-18,Mr. Savoie,Affordability and housing,178,1.0,225,3.22945,3.19376,1.01117
2025-11-18#t961w0,2025-11-18,Hon. Ms. Holt,Affordability and housing,198,1.0,252,2.85141,2.78966,1.02213
2025-11-18#t962w0,2025-11-18,Mr. Savoie,Affordability and housing,159,1.0,211,3.34161,2.97482,1.1233
2025-11-18#t963w0,2025-11-18,Hon. Ms. Holt,Affordability and housing,203,1.0,242,3.02677,3.05703,0.9901
2025-11-18#t964w0,2025-11-18,Mr. Savoie,Affordability and housing,165,1.0,196,3.17755,3.16448,1.00413
2025-11-18#t965w0,2025-11-18,Hon. Ms. Holt,Affordability and housing,195,1.0,270,2.92464,2.98594,0.97947
2025-11-18#t966w0,2025-11-18,Mr. Savoie,Affordability and housing,188,1.0,222,3.28515,3.29714,0.99636
2025-11-18#t967w0,2025-11-18,Hon. Ms. Holt,Affordability and housing,159,0.0,185,3.08884,3.37396,0.91549
2025-11-18#t968w0,2025-11-18,Mr. Savoie,Affordability and housing,83,1.0,102,3.74524,3.67442,1.01927
2025-11-18#t969w0,2025-11-18,Hon. Ms. Holt,Affordability and housing,177,1.0,210,3.25108,3.30448,0.98384
2025-11-18#t970w0,2025-11-18,Mr. Savoie,Affordability and housing,121,1.0,144,3.17706,3.26788,0.97221
2025-11-18#t971w0,2025-11-18,Hon. Mr. Hickey,Affordability and housing,203,1.0,228,3.13934,3.29743,0.95206
2025-11-18#t972w0,2025-11-18,Mr. Savoie,Affordability and housing,102,1.0,120,3.60648,3.5131,1.02658
2025-11-18#t973w0,2025-11-18,Hon. Mr. Hickey,Affordability and housing,180,1.0,208,3.27237,3.51618,0.93066
2025-11-18#t974w0,2025-11-18,Mr. Savoie,Affordability and housing,153,1.0,197,3.27111,3.1176,1.04924
2025-11-18#t975w0,2025-11-18,Hon. Ms. Holt,Affordability and housing,193,1.0,241,2.86103,2.8689,0.99726
2025-11-18#t976w0,2025-11-18,Ms. Mitton,Affordability and housing,135,1.0,165,3.48554,3.72153,0.93659
2025-11-18#t977w0,2025-11-18,Hon. Mr. Dornan,Affordability and housing,146,1.0,171,2.87113,3.28154,0.87493
2025-11-18#t978w0,2025-11-18,Ms. Mitton,Affordability and housing,141,0.106,167,3.32455,3.3967,0.97876
2025-11-18#t979w0,2025-11-18,Hon. Ms. Boudreau,Affordability and housing,178,0.197,215,2.71768,3.14198,0.86496
2025-11-18#t980w0,2025-11-18,Mr. Savoie,Affordability and housing,194,1.0,241,3.28079,3.18988,1.0285
2025-11-18#t981w0,2025-11-18,Hon. Mr. Dornan,Affordability and housing,128,1.0,162,3.56599,3.28364,1.08599
2025-11-18#t982w0,2025-11-18,Mr. Savoie,Affordability and housing,192,1.0,232,3.31444,3.00654,1.10241
2025-11-18#t983w0,2025-11-18,Hon. Ms. Holt,Affordability and housing,192,1.0,234,3.02399,3.13325,0.96513
2025-11-18#t990w0,2025-11-18,Ms. M. Wilson,Affordability and housing,324,1.0,393,3.21036,2.91352,1.10188
2025-11-18#t990w1,2025-11-18,Ms. M. Wilson,Affordability and housing,135,1.0,170,3.0671,3.30864,0.927
2025-11-18#t992w0,2025-11-18,Hon. Ms. Miles,Affordability and housing,166,0.729,200,3.04964,3.03599,1.0045
2025-11-18#t993w0,2025-11-18,Ms. M. Johnson,Affordability and housing,192,1.0,219,3.03852,2.9975,1.01368
2025-11-18#t994w0,2025-11-18,Mr. Coon,Affordability and housing,174,1.0,215,3.48944,3.39363,1.02823
2025-11-18#t995w0,2025-11-18,Hon. Mr. McKee,Affordability and housing,244,0.623,290,2.70404,2.80932,0.96253
2025-11-18#t996w0,2025-11-18,Mr. Weir,Affordability and housing,284,1.0,346,3.07667,3.12445,0.98471
2025-11-18#t997w0,2025-11-18,Mr. Coon,Affordability and housing,173,1.0,218,3.24908,3.2415,1.00234
2025-11-18#t998w0,2025-11-18,Hon. Mr. Dornan,Affordability and housing,239,0.849,295,2.73747,3.03826,0.901
2025-11-18#t999w0,2025-11-18,Mr. Hogan,Affordability and housing,243,0.72,280,3.23758,3.15804,1.02519
2025-11-18#t1000w0,2025-11-18,Mr. Coon,Affordability and housing,359,0.858,457,3.16998,3.10471,1.02102
2025-11-18#t1001w0,2025-11-18,Mr. M. LeBlanc,Affordability and housing,62,1.0,94,2.57697,2.37441,1.08531
2025-11-18#t1002w0,2025-11-18,Mr. Coon,Affordability and housing,353,1.0,401,3.1124,2.98759,1.04177
2025-11-18#t1003w0,2025-11-18,Mr. Hogan,Affordability and housing,357,1.0,419,2.98817,3.04374,0.98174
2025-11-18#t1003w1,2025-11-18,Mr. Hogan,Affordability and housing,149,1.0,186,3.03102,3.16187,0.95862
2025-11-18#t1004w0,2025-11-18,,Affordability and housing,342,1.0,428,2.95448,2.97826,0.99202
2025-11-18#t1004w1,2025-11-18,,Affordability and housing,348,1.0,420,2.99353,2.97631,1.00578
2025-11-18#t1004w2,2025-11-18,,Affordability and housing,168,0.893,207,3.33508,3.1178,1.06969
2025-11-18#t1008w0,2025-11-18,Mr. Cullins,Affordability and housing,154,1.0,185,2.68882,3.04339,0.88349
2025-11-18#t1010w0,2025-11-18,Mr. M. LeBlanc,Affordability and housing,54,1.0,66,3.72723,3.37748,1.10355
2025-11-18#t1012w0,2025-11-18,Mr. Cullins,Affordability and housing,359,0.758,446,2.71858,2.66793,1.01898
2025-11-18#t1012w1,2025-11-18,Mr. Cullins,Affordability and housing,348,0.408,432,3.05596,2.94323,1.0383
2025-11-18#t1012w2,2025-11-18,Mr. Cullins,Affordability and housing,136,0.831,166,2.78679,3.03924,0.91694
2025-11-18#t1014w0,2025-11-18,Mr. Austin,Affordability and housing,326,1.0,381,3.17344,3.23811,0.98003
2025-11-18#t1014w1,2025-11-18,Mr. Austin,Affordability and housing,322,1.0,369,3.21648,3.22134,0.99849
2025-11-18#t1014w2,2025-11-18,Mr. Austin,Affordability and housing,198,1.0,241,2.99266,3.1119,0.96168
2025-11-18#t1015w0,2025-11-18,,Affordability and housing,356,0.593,440,2.56524,2.58939,0.99067
2025-11-18#t1015w1,2025-11-18,,Affordability and housing,213,0.793,244,2.68628,3.0576,0.87856
2025-11-18#t1016w0,2025-11-18,Madam Speaker,Affordability and housing,82,1.0,108,3.73386,3.28797,1.13561
2025-11-18#t1017w0,2025-11-18,Mr. Ames,Affordability and housing,345,1.0,421,2.89884,3.05758,0.94808
2025-11-18#t1017w1,2025-11-18,Mr. Ames,Affordability and housing,348,0.402,432,2.88199,2.99429,0.96249
2025-11-18#t1017w2,2025-11-18,Mr. Ames,Affordability and housing,344,0.224,393,2.67209,2.68927,0.99361
2025-11-18#t1017w3,2025-11-18,Mr. Ames,Affordability and housing,211,0.166,254,2.58399,2.85578,0.90483
2025-11-18#t1018w0,2025-11-18,Mr. Ames,Affordability and housing,339,1.0,410,2.66383,2.66474,0.99966
2025-11-18#t1018w1,2025-11-18,Mr. Ames,Affordability and housing,72,1.0,87,3.64656,3.5483,1.02769
2025-11-18#t1019w0,2025-11-18,Mr. Coon,Affordability and housing,348,1.0,479,2.68835,2.75416,0.97611
2025-11-18#t1019w1,2025-11-18,Mr. Coon,Affordability and housing,275,1.0,364,3.31447,3.20885,1.03291
2025-11-18#t1019w2,2025-11-18,Mr. Coon,Affordability and housing,328,1.0,399,3.45007,3.28346,1.05074
2025-11-18#t1019w3,2025-11-18,Mr. Coon,Affordability and housing,284,1.0,353,3.55224,3.58206,0.99167
2025-11-18#t1019w4,2025-11-18,Mr. Coon,Affordability and housing,167,1.0,202,3.0569,3.29195,0.9286
2025-11-18#t1020w0,2025-11-18,Mr. Austin,Affordability and housing,280,1.0,335,2.89838,2.93129,0.98877
2025-11-18#t1020w1,2025-11-18,Mr. Austin,Affordability and housing,319,1.0,379,3.15813,3.17886,0.99348
2025-11-18#t1020w2,2025-11-18,Mr. Austin,Affordability and housing,321,1.0,373,3.08454,3.1811,0.96964
2025-11-18#t1020w3,2025-11-18,Mr. Austin,Affordability and housing,295,1.0,349,3.08171,3.23085,0.95384
2025-11-18#t1020w4,2025-11-18,Mr. Austin,Affordability and housing,271,1.0,324,2.96713,3.16828,0.93651
2025-11-18#t1020w5,2025-11-18,Mr. Austin,Affordability and housing,324,0.914,395,3.09256,2.99754,1.0317
2025-11-19#t1023w0,2025-11-19,Hon. Ms. Boudreau,Affordability and housing,171,0.0,226,3.06197,3.10194,0.98711
2025-11-19#t1024w0,2025-11-19,Mr. Russell,Affordability and housing,140,1.0,181,2.94088,3.06994,0.95796
2025-11-19#t1025w0,2025-11-19,Mr. Bourque,Affordability and housing,130,0.0,169,3.17535,3.22123,0.98576
2025-11-19#t1026w0,2025-11-19,Ms. M. Johnson,Affordability and housing,327,1.0,404,2.88675,2.81702,1.02475
2025-11-19#t1027w0,2025-11-19,Hon. Ms. Holt,Affordability and housing,198,1.0,257,2.85385,2.75727,1.03503
2025-11-19#t1028w0,2025-11-19,Ms. Bockus,Affordability and housing,151,1.0,187,3.33212,3.39436,0.98166
2025-11-19#t1029w0,2025-11-19,Mr. Coon,Affordability and housing,144,1.0,194,2.70227,3.09249,0.87382
2025-11-19#t1030w0,2025-11-19,Mr. Johnston,Affordability and housing,136,0.971,194,3.42676,2.99428,1.14444
2025-11-19#t1031w0,2025-11-19,Mr. Oliver,Affordability and housing,146,1.0,192,2.85305,2.95349,0.96599
2025-11-19#t1032w0,2025-11-19,Ms. Mitton,Affordability and housing,162,1.0,206,2.51614,2.59026,0.97139
2025-11-19#t1033w0,2025-11-19,Mr. Weir,Affordability and housing,153,1.0,185,3.36854,3.32555,1.01293
2025-11-19#t1034w0,2025-11-19,Ms. Mitton,Affordability and housing,168,1.0,203,2.88773,3.09017,0.93449
2025-11-19#t1035w0,2025-11-19,Mr. J. LeBlanc,Affordability and housing,105,1.0,134,2.83401,3.16851,0.89443
2025-11-19#t1036w0,2025-11-19,Ms. Conroy,Affordability and housing,153,1.0,209,2.81942,2.81176,1.00272
2025-11-19#t1037w0,2025-11-19,Ms. Vautour,Affordability and housing,147,0.0,182,2.92326,3.28679,0.88939
2025-11-19#t1038w0,2025-11-19,Mr. Hogan,Affordability and housing,148,1.0,186,3.58151,3.69157,0.97019
2025-11-19#t1039w0,2025-11-19,Mr. Robichaud,Affordability and housing,168,0.202,221,3.05861,3.01475,1.01455
2025-11-19#t1040w0,2025-11-19,Mr. Lee,Affordability and housing,157,1.0,193,3.33545,3.40177,0.9805
2025-11-19#t1041w0,2025-11-19,Ms. Wilcott,Affordability and housing,83,0.602,104,3.07313,3.08681,0.99557
2025-11-19#t1042w0,2025-11-19,Mr. Austin,Affordability and housing,184,1.0,225,3.51409,3.25203,1.08058
2025-11-19#t1043w0,2025-11-19,Mr. Savoie,Affordability and housing,110,1.0,130,2.92896,3.3226,0.88152
2025-11-19#t1044w0,2025-11-19,Hon. Ms. Holt,Affordability and housing,154,0.0,192,3.10759,3.02405,1.02762
2025-11-19#t1046w0,2025-11-19,Hon. Mr. McKee,Affordability and housing,156,1.0,199,3.29187,3.04803,1.08
2025-11-19#t1048w0,2025-11-19,Hon. Mr. McKee,Affordability and housing,67,1.0,90,3.0205,3.01559,1.00163
2025-11-19#t1049w0,2025-11-19,Hon. Mr. McKee,Affordability and housing,93,1.0,110,3.70284,3.41112,1.08552
2025-11-19#t1050w0,2025-11-19,Mr. Savoie,Affordability and housing,168,1.0,230,2.44951,2.64209,0.92711
2025-11-19#t1051w0,2025-11-19,Hon. Mr. Dornan,Affordability and housing,178,1.0,225,3.18071,3.1915,0.99662
2025-11-19#t1052w0,2025-11-19,Mr. Savoie,Affordability and housing,114,1.0,139,3.09287,3.23379,0.95642
2025-11-19#t1053w0,2025-11-19,Hon. Mr. Dornan,Affordability and housing,187,1.0,221,2.88193,3.03391,0.9499
2025-11-19#t1054w0,2025-11-19,Mr. Savoie,Affordability and housing,85,1.0,100,2.88135,2.98899,0.96399
2025-11-19#t1055w0,2025-11-19,Hon. Mr. Dornan,Affordability and housing,148,1.0,178,3.27566,3.29648,0.99368
2025-11-19#t1056w0,2025-11-19,Mr. Savoie,Affordability and housing,72,1.0,92,3.18657,3.43466,0.92777
2025-11-19#t1057w0,2025-11-19,Hon. Mr. Dornan,Affordability and housing,115,1.0,133,3.34875,3.21714,1.04091
2025-11-19#t1058w0,2025-11-19,Mr. Austin,Affordability and housing,185,1.0,223,3.12018,3.14934,0.99074
2025-11-19#t1059w0,2025-11-19,Hon. Mr. Herron,Affordability and housing,104,1.0,121,3.54806,3.19511,1.11047
2025-11-19#t1060w0,2025-11-19,Mr. Austin,Affordability and housing,183,1.0,237,2.98317,2.95253,1.01038
2025-11-19#t1061w0,2025-11-19,Hon. Mr. Herron,Affordability and housing,111,1.0,143,2.69154,2.9554,0.91072
2025-11-19#t1062w0,2025-11-19,Mr. Austin,Affordability and housing,183,1.0,221,3.46028,3.21544,1.07615
2025-11-19#t1063w0,2025-11-19,Hon. Mr. Herron,Affordability and housing,174,1.0,209,3.35765,3.36558,0.99764
2025-11-19#t1064w0,2025-11-19,Mr. Monahan,Affordability and housing,155,1.0,195,3.18158,3.23098,0.98471
2025-11-19#t1065w0,2025-11-19,Hon. Mr. McKee,Affordability and housing,151,1.0,191,2.92176,3.01164,0.97015
2025-11-19#t1066w0,2025-11-19,M. Monahan,Affordability and housing,149,0.0,181,3.14601,3.19459,0.98479
2025-11-19#t1067w0,2025-11-19,Hon. Mr. McKee,Affordability and housing,138,0.0,167,3.41903,3.32842,1.02723
2025-11-19#t1068w0,2025-11-19,Mr. Monahan,Affordability and housing,152,1.0,192,3.54867,3.5494,0.99979
2025-11-19#t1069w0,2025-11-19,Hon. Mr. McKee,Affordability and housing,151,1.0,180,3.5539,3.59611,0.98826
2025-11-19#t1070w0,2025-11-19,Mr. Coon,Affordability and housing,150,1.0,184,3.27523,3.20699,1.02128
2025-11-19#t1071w0,2025-11-19,Hon. K. Chiasson,Affordability and housing,107,1.0,133,3.28812,3.58418,0.9174
2025-11-19#t1072w0,2025-11-19,Mr. Coon,Affordability and housing,127,1.0,166,3.09917,2.79704,1.10802
2025-11-19#t1073w0,2025-11-19,Hon. K. Chiasson,Affordability and housing,101,1.0,126,3.21877,2.9889,1.07691
2025-11-19#t1074w0,2025-11-19,Mr. Coon,Affordability and housing,124,0.137,146,3.04323,3.14509,0.96761
2025-11-19#t1075w0,2025-11-19,Hon. K. Chiasson,Affordability and housing,141,0.972,172,3.15659,2.98534,1.05737
2025-11-19#t1076w0,2025-11-19,Mr. Savoie,Affordability and housing,153,1.0,197,3.3584,3.25789,1.03085
2025-11-19#t1077w0,2025-11-19,Hon. Ms. Holt,Affordability and housing,74,0.527,94,3.61893,3.27833,1.10389
2025-11-19#t1079w0,2025-11-19,Hon. Ms. Holt,Affordability and housing,94,1.0,111,3.47444,3.48626,0.99661
2025-11-19#t1081w0,2025-11-19,Mr. J. LeBlanc,Affordability and housing,104,0.0,135,3.77309,3.39287,1.11206
2025-11-19#t1082w0,2025-11-19,Hon. Mr. Herron,Affordability and housing,337,0.772,404,2.67313,2.68754,0.99464
2025-11-19#t1082w1,2025-11-19,Hon. Mr. Herron,Affordability and housing,139,1.0,169,3.235,3.22843,1.00203
2025-11-19#t1083w0,2025-11-19,Mr. Austin,Affordability and housing,309,1.0,382,3.1659,3.14071,1.00802
2025-11-19#t1083w1,2025-11-19,Mr. Austin,Affordability and housing,280,1.0,340,3.41332,3.40969,1.00106
2025-11-19#t1084w0,2025-11-19,Mr. Coon,Affordability and housing,353,1.0,432,3.11687,3.12622,0.99701
2025-11-19#t1084w1,2025-11-19,Mr. Coon,Affordability and housing,192,1.0,222,3.76071,3.38722,1.11026
2025-11-19#t1085w0,2025-11-19,Hon. Mr. Hickey,Affordability and housing,285,0.775,329,2.72256,2.96171,0.91925
2025-11-19#t1086w0,2025-11-19,Ms. Conroy,Affordability and housing,259,1.0,311,2.93571,2.96436,0.99034
2025-11-19#t1087w0,2025-11-19,Ms. Mitton,Affordability and housing,287,0.829,338,3.12665,3.07805,1.01579
2025-11-19#t1088w0,2025-11-19,Hon. Mr. Dornan,Affordability and housing,163,0.798,193,2.6602,2.59999,1.02316
2025-11-19#t1089w0,2025-11-19,Mr. Hogan,Affordability and housing,207,1.0,237,3.00438,3.0248,0.99325
2025-11-19#t1090w0,2025-11-19,Mr. Coon,Affordability and housing,195,0.851,236,3.13212,3.13469,0.99918
2025-11-19#t1091w0,2025-11-19,Ms. Vautour,Affordability and housing,67,0.0,99,3.2483,3.05874,1.06197
2025-11-19#t1093w0,2025-11-19,Ms. Vautour,Affordability and housing,67,0.0,99,3.2483,3.05874,1.06197
2025-11-19#t1094w0,2025-11-19,Ms. M. Johnson,Affordability and housing,94,0.957,128,3.37475,3.00267,1.12392
2025-11-19#t1096w0,2025-11-19,Madam Speaker,Affordability and housing,286,0.528,369,2.49253,2.31423,1.07704
2025-11-19#t1096w1,2025-11-19,Madam Speaker,Affordability and housing,298,1.0,346,3.078,3.0651,1.00421
2025-11-19#t1096w2,2025-11-19,Madam Speaker,Affordability and housing,93,1.0,116,3.48033,3.39565,1.02494
2025-11-20#t1098w0,2025-11-20,Mr. Doucet,Affordability and housing,250,1.0,308,2.28739,2.68458,0.85205
2025-11-20#t1099w0,2025-11-20,Ms. Scott-Wallace,Affordability and housing,303,1.0,366,2.76839,2.94541,0.9399
2025-11-20#t1100w0,2025-11-20,Mr. Monahan,Affordability and housing,176,1.0,213,2.61406,2.82988,0.92373
2025-11-20#t1101w0,2025-11-20,Mr. J. LeBlanc,Affordability and housing,148,0.372,183,2.10117,2.69044,0.78097
2025-11-20#t1102w0,2025-11-20,Mr. Hogan,Affordability and housing,142,1.0,185,2.93267,3.04478,0.96318
2025-11-20#t1103w0,2025-11-20,Mr. Coon,Affordability and housing,156,1.0,199,2.90661,2.92042,0.99527
2025-11-20#t1104w0,2025-11-20,Ms. Vautour,Affordability and housing,154,0.0,218,3.02215,2.90433,1.04057
2025-11-20#t1105w0,2025-11-20,Ms. S. Wilson,Affordability and housing,250,1.0,324,2.3063,2.56689,0.89848
2025-11-20#t1106w0,2025-11-20,Ms. Mitton,Affordability and housing,161,1.0,214,2.58639,2.43553,1.06194
2025-11-20#t1107w0,2025-11-20,Ms. Wilcott,Affordability and housing,133,1.0,163,3.56761,3.00446,1.18744
2025-11-20#t1108w0,2025-11-20,Mr. Russell,Affordability and housing,138,1.0,160,2.81493,3.04122,0.92559
2025-11-20#t1109w0,2025-11-20,Ms. Mitton,Affordability and housing,161,1.0,193,3.20497,3.18083,1.00759
2025-11-20#t1110w0,2025-11-20,Mr. Johnston,Affordability and housing,157,0.968,183,3.10816,3.24607,0.95751
2025-11-20#t1111w0,2025-11-20,Mr. Oliver,Affordability and housing,153,1.0,177,3.32713,3.16743,1.05042
2025-11-20#t1112w0,2025-11-20,Mr. Mallet,Affordability and housing,124,0.0,161,3.36083,3.37274,0.99647
2025-11-20#t1113w0,2025-11-20,Ms. Scott-Wallace,Affordability and housing,142,1.0,170,3.40938,3.4926,0.97617
2025-11-20#t1114w0,2025-11-20,Ms. Sodhi,Affordability and housing,138,1.0,171,2.66934,2.7325,0.97689
2025-11-20#t1115w0,2025-11-20,Mr. Cullins,Affordability and housing,144,1.0,172,3.83133,3.70797,1.03327
2025-11-20#t1116w0,2025-11-20,Mr. M. LeBlanc,Affordability and housing,184,1.0,222,3.07697,3.26276,0.94306
2025-11-20#t1117w0,2025-11-20,Ms. S. Wilson,Affordability and housing,150,1.0,183,3.19158,3.43558,0.92898
2025-11-20#t1118w0,2025-11-20,Mr. Savoie,Affordability and housing,145,0.89,189,3.09367,3.16211,0.97836
2025-11-20#t1119w0,2025-11-20,Hon. C. Johnson,Affordability and housing,106,1.0,120,3.24357,3.11731,1.0405
2025-11-20#t1120w0,2025-11-20,Mr. Savoie,Affordability and housing,158,1.0,193,3.35346,3.47402,0.9653
2025-11-20#t1121w0,2025-11-20,Hon. Ms. Holt,Affordability and housing,161,0.894,196,3.06899,3.36088,0.91315
2025-11-20#t1122w0,2025-11-20,Mr. Savoie,Affordability and housing,156,1.0,190,3.16384,3.49374,0.90557
2025-11-20#t1123w0,2025-11-20,Hon. C. Johnson,Affordability and housing,101,1.0,116,3.62132,3.55499,1.01866
2025-11-20#t1124w0,2025-11-20,Mr. Savoie,Affordability and housing,178,1.0,214,3.32931,3.27444,1.01676
2025-11-20#t1125w0,2025-11-20,Hon. C. Johnson,Affordability and housing,110,1.0,138,3.41438,3.28888,1.03816
2025-11-20#t1126w0,2025-11-20,Mr. Savoie,Affordability and housing,55,1.0,68,2.9287,3.20647,0.91337
2025-11-20#t1127w0,2025-11-20,Hon. C. Johnson,Affordability and housing,125,0.0,150,3.1349,3.32139,0.94385
2025-11-20#t1128w0,2025-11-20,Mr. Savoie,Affordability and housing,92,1.0,110,3.18872,3.06876,1.03909
2025-11-20#t1129w0,2025-11-20,Hon. C. Johnson,Affordability and housing,111,1.0,129,3.43099,3.50744,0.9782
2025-11-20#t1130w0,2025-11-20,Ms. M. Johnson,Affordability and housing,115,1.0,179,2.4528,2.42647,1.01085
2025-11-20#t1131w0,2025-11-20,Hon. Mr. Hickey,Affordability and housing,183,1.0,222,2.73911,2.8097,0.97488
2025-11-20#t1132w0,2025-11-20,Ms. M. Johnson,Affordability and housing,160,1.0,234,2.91665,2.75815,1.05747
2025-11-20#t1133w0,2025-11-20,Hon. Mr. Hickey,Affordability and housing,179,1.0,218,2.95014,3.15097,0.93626
2025-11-20#t1134w0,2025-11-20,Ms. M. Johnson,Affordability and housing,186,1.0,224,3.26185,3.3789,0.96536
2025-11-20#t1136w0,2025-11-20,Hon. Mr. Hickey,Affordability and housing,149,1.0,168,4.05801,3.50949,1.15629
2025-11-20#t1139w0,2025-11-20,Mr. Cullins,Affordability and housing,72,1.0,83,3.56525,4.13268,0.8627
2025-11-20#t1140w0,2025-11-20,Hon. Mr. Dornan,Affordability and housing,138,1.0,167,3.68344,3.61347,1.01936
2025-11-20#t1141w0,2025-11-20,Mr. Cullins,Affordability and housing,74,1.0,100,3.25832,3.22068,1.01169
2025-11-20#t1142w0,2025-11-20,Hon. Mr. Dornan,Affordability and housing,122,1.0,166,2.99274,3.12784,0.95681
2025-11-20#t1143w0,2025-11-20,Mr. Coon,Affordability and housing,160,1.0,222,3.07389,3.04862,1.00829
2025-11-20#t1144w0,2025-11-20,Hon. Mr. LePage,Affordability and housing,97,0.0,115,3.43029,3.59004,0.9555
2025-11-20#t1145w0,2025-11-20,Mr. Coon,Affordability and housing,161,1.0,203,3.32551,3.27626,1.01503
2025-11-20#t1146w0,2025-11-20,Hon. K. Chiasson,Affordability and housing,147,1.0,182,2.96782,2.93845,1.01
2025-11-20#t1147w0,2025-11-20,Mr. Austin,Affordability and housing,144,1.0,164,3.13916,3.09473,1.01435
2025-11-20#t1148w0,2025-11-20,Hon. Mr. Herron,Affordability and housing,157,1.0,183,3.45482,3.45902,0.99879
2025-11-20#t1149w0,2025-11-20,Mr. Austin,Affordability and housing,175,1.0,202,3.48752,3.27409,1.06519
2025-11-20#t1150w0,2025-11-20,Hon. Mr. Herron,Affordability and housing,165,1.0,191,3.06764,3.09656,0.99066
2025-11-20#t1152w0,2025-11-20,Mr. Lee,Affordability and housing,134,1.0,156,3.4331,3.28748,1.0443
2025-11-20#t1153w0,2025-11-20,Hon. C. Johnson,Affordability and housing,120,1.0,148,3.3275,3.14269,1.05881
2025-11-20#t1154w0,2025-11-20,Mr. Lee,Affordability and housing,111,1.0,140,3.09699,3.19571,0.96911
2025-11-20#t1155w0,2025-11-20,Hon. C. Johnson,Affordability and housing,72,1.0,83,3.45195,3.61243,0.95558
2025-11-20#t1157w0,2025-11-20,Hon. Ms. Boudreau,Affordability and housing,167,0.251,228,2.74987,2.70374,1.01706
2025-11-20#t1158w0,2025-11-20,Ms. Scott-Wallace,Affordability and housing,208,1.0,251,2.8541,3.04592,0.93702
2025-11-20#t1159w0,2025-11-20,Ms. Mitton,Affordability and housing,164,0.884,206,2.5137,2.78011,0.90417
2025-11-20#t1161w0,2025-11-20,Hon. Mr. Randall,Affordability and housing,246,0.894,303,2.70572,2.89688,0.93401
2025-11-20#t1162w0,2025-11-20,Mr. Russell,Affordability and housing,129,1.0,163,2.49643,2.67107,0.93462
2025-11-20#t1163w0,2025-11-20,Mr. Coon,Affordability and housing,280,1.0,342,3.05736,3.18687,0.95936
2025-11-20#t1164w0,2025-11-20,Hon. Mr. Finnigan,Affordability and housing,242,0.645,301,2.48296,2.39411,1.03711
2025-11-20#t1165w0,2025-11-20,Ms. Scott-Wallace,Affordability and housing,242,1.0,290,3.12025,3.00176,1.03947
2025-11-20#t1166w0,2025-11-20,Ms. Mitton,Affordability and housing,242,0.938,280,2.99455,3.17558,0.94299
2025-11-20#t1168w0,2025-11-20,Hon. Mr. Dornan,Affordability and housing,294,0.874,345,2.91309,2.98041,0.97741
2025-11-20#t1170w0,2025-11-20,Mr. Hogan,Affordability and housing,299,1.0,346,2.95634,3.07611,0.96107
2025-11-20#t1170w1,2025-11-20,Mr. Hogan,Affordability and housing,85,1.0,112,3.03489,2.92294,1.0383
2025-11-20#t1171w0,2025-11-20,Mr. Coon,Affordability and housing,316,1.0,380,3.04854,3.14369,0.96973
2025-11-20#t1172w0,2025-11-20,Mr. Deputy Speaker,Affordability and housing,347,0.767,442,2.58234,2.64485,0.97637
2025-11-20#t1173w0,2025-11-20,Ms. M. Johnson,Affordability and housing,52,1.0,72,3.92639,3.48851,1.12552
2025-11-20#t1174w0,2025-11-20,Mr. Deputy Speaker,Affordability and housing,327,0.398,409,2.81231,3.16353,0.88898
2025-11-20#t1174w1,2025-11-20,Mr. Deputy Speaker,Affordability and housing,325,0.745,388,2.73781,2.9096,0.94096
2025-11-20#t1174w2,2025-11-20,Mr. Deputy Speaker,Affordability and housing,84,1.0,105,3.50946,3.71418,0.94488
2025-11-20#t1177w0,2025-11-20,Mr. M. LeBlanc,Affordability and housing,60,1.0,74,3.76726,3.66552,1.02776
2025-11-20#t1180w0,2025-11-20,Mr. Deputy Speaker,Affordability and housing,103,1.0,130,3.59605,3.4195,1.05163
2025-11-20#t1188w0,2025-11-20,Ms. M. Johnson,Affordability and housing,323,1.0,395,2.58865,2.7558,0.93935
2025-11-20#t1188w1,2025-11-20,Ms. M. Johnson,Affordability and housing,313,1.0,378,3.20132,3.3644,0.95153
2025-11-20#t1188w2,2025-11-20,Ms. M. Johnson,Affordability and housing,354,1.0,425,2.60828,2.79974,0.93162
2025-11-20#t1188w3,2025-11-20,Ms. M. Johnson,Affordability and housing,292,1.0,344,2.78322,2.98585,0.93214
2025-11-20#t1189w0,2025-11-20,Mr. M. LeBlanc,Affordability and housing,203,1.0,257,3.15066,3.13312,1.0056
2025-11-20#t1191w0,2025-11-20,Mr. Deputy Speaker,Affordability and housing,344,1.0,451,2.73626,2.73343,1.00103
2025-11-20#t1191w1,2025-11-20,Mr. Deputy Speaker,Affordability and housing,317,1.0,411,2.79917,2.8264,0.99037
2025-11-20#t1192w0,2025-11-20,Mr. Weir,Affordability and housing,331,1.0,395,3.03522,3.2099,0.94558
2025-11-20#t1192w1,2025-11-20,Mr. Weir,Affordability and housing,355,1.0,413,2.78227,3.14367,0.88504
2025-11-20#t1192w2,2025-11-20,Mr. Weir,Affordability and housing,334,1.0,407,3.20272,3.13656,1.02109
2025-11-20#t1192w3,2025-11-20,Mr. Weir,Affordability and housing,360,1.0,426,3.06457,3.0253,1.01298
2025-11-20#t1192w4,2025-11-20,Mr. Weir,Affordability and housing,261,1.0,306,3.17255,3.4238,0.92662
2025-11-20#t1192w5,2025-11-20,Mr. Weir,Affordability and housing,266,1.0,335,2.74219,2.62675,1.04395
2025-11-20#t1192w6,2025-11-20,Mr. Weir,Affordability and housing,253,1.0,310,2.99563,3.00172,0.99797
2025-11-20#t1192w7,2025-11-20,Mr. Weir,Affordability and housing,352,1.0,431,2.91584,3.147,0.92655
2025-11-20#t1192w8,2025-11-20,Mr. Weir,Affordability and housing,355,1.0,441,2.75602,2.80646,0.98203
2025-11-20#t1194w0,2025-11-20,Hon. Mr. McKee,Affordability and housing,327,0.896,390,2.38352,2.78262,0.85658
2025-11-20#t1194w1,2025-11-20,Hon. Mr. McKee,Affordability and housing,318,1.0,401,3.62545,3.44736,1.05166
2025-11-20#t1194w2,2025-11-20,Hon. Mr. McKee,Affordability and housing,347,1.0,440,2.81235,2.86464,0.98175
2025-11-20#t1194w3,2025-11-20,Hon. Mr. McKee,Affordability and housing,319,0.834,389,3.03482,3.17164,0.95686
2025-11-20#t1194w4,2025-11-20,Hon. Mr. McKee,Affordability and housing,318,0.283,378,3.11012,3.18065,0.97782
2025-11-20#t1194w5,2025-11-20,Hon. Mr. McKee,Affordability and housing,298,1.0,364,2.70795,2.91823,0.92794
2025-11-20#t1198w0,2025-11-20,Mr. Hogan,Affordability and housing,346,1.0,407,2.80897,2.93292,0.95774
2025-11-20#t1198w1,2025-11-20,Mr. Hogan,Affordability and housing,287,1.0,344,3.16805,3.27161,0.96835
2025-11-20#t1199w0,2025-11-20,Mr. Hogan,Affordability and housing,336,1.0,406,2.82568,2.99461,0.94359
2025-11-20#t1199w1,2025-11-20,Mr. Hogan,Affordability and housing,337,1.0,419,2.78059,3.01494,0.92227
2025-11-20#t1199w2,2025-11-20,Mr. Hogan,Affordability and housing,231,1.0,283,3.11767,2.88489,1.08069
2025-11-20#t1202w0,2025-11-20,Mr. M. LeBlanc,Affordability and housing,73,1.0,100,3.26677,3.14997,1.03708
2025-11-20#t1203w0,2025-11-20,Mr. Deputy Speaker,Affordability and housing,77,1.0,97,3.22645,3.68576,0.87538
2025-11-20#t1204w0,2025-11-20,Ms. Sodhi,Affordability and housing,316,1.0,400,2.71333,2.69873,1.00541
2025-11-20#t1204w1,2025-11-20,Ms. Sodhi,Affordability and housing,252,1.0,324,3.24188,3.2821,0.98775
2025-11-20#t1204w2,2025-11-20,Ms. Sodhi,Affordability and housing,313,1.0,386,2.99722,2.99671,1.00017
2025-11-20#t1205w0,2025-11-20,Ms. M. Wilson,Affordability and housing,336,1.0,421,3.02751,3.00741,1.00668
2025-11-20#t1205w1,2025-11-20,Ms. M. Wilson,Affordability and housing,346,1.0,407,3.53045,3.1233,1.13036
2025-11-20#t1205w2,2025-11-20,Ms. M. Wilson,Affordability and housing,340,1.0,399,3.50723,3.13897,1.11732
2025-11-20#t1205w3,2025-11-20,Ms. M. Wilson,Affordability and housing,291,1.0,377,3.42307,3.24972,1.05334
2025-11-20#t1205w4,2025-11-20,Ms. M. Wilson,Affordability and housing,265,1.0,337,2.88831,2.84528,1.01512
2025-11-20#t1205w5,2025-11-20,Ms. M. Wilson,Affordability and housing,262,1.0,307,3.31316,3.36847,0.98358
2025-11-20#t1205w6,2025-11-20,Ms. M. Wilson,Affordability and housing,341,1.0,426,2.96335,3.1004,0.95579
2025-11-20#t1205w7,2025-11-20,Ms. M. Wilson,Affordability and housing,202,1.0,237,3.36647,3.29733,1.02097
2025-11-20#t1206w0,2025-11-20,Ms. Mitton,Affordability and housing,321,1.0,381,2.74416,2.79962,0.98019
2025-11-20#t1206w1,2025-11-20,Ms. Mitton,Affordability and housing,359,1.0,435,2.69996,2.79833,0.96485
2025-11-20#t1206w2,2025-11-20,Ms. Mitton,Affordability and housing,231,1.0,274,3.07922,3.2775,0.9395
2025-11-20#t1206w3,2025-11-20,Ms. Mitton,Affordability and housing,335,1.0,399,2.82639,3.00784,0.93968
2025-11-20#t1206w4,2025-11-20,Ms. Mitton,Affordability and housing,307,1.0,359,2.82045,3.10625,0.90799
2025-11-20#t1208w0,2025-11-20,Mr. Robichaud,Affordability and housing,339,0.0,401,2.82899,2.77095,1.02095
2025-11-20#t1208w1,2025-11-20,Mr. Robichaud,Affordability and housing,332,0.0,408,2.85486,2.82206,1.01162
2025-11-20#t1208w2,2025-11-20,Mr. Robichaud,Affordability and housing,331,0.0,380,2.95991,3.10276,0.95396
2025-11-20#t1208w3,2025-11-20,Mr. Robichaud,Affordability and housing,249,0.0,296,3.19325,3.3386,0.95646
2025-11-20#t1208w4,2025-11-20,Mr. Robichaud,Affordability and housing,329,0.0,411,3.40207,3.23806,1.05065
2025-11-20#t1208w5,2025-11-20,Mr. Robichaud,Affordability and housing,303,0.0,366,3.37592,3.46484,0.97434
2025-11-20#t1208w6,2025-11-20,Mr. Robichaud,Affordability and housing,147,0.0,175,3.25242,3.38266,0.9615
2025-11-20#t1209w0,2025-11-20,Mr. Oliver,Affordability and housing,214,1.0,269,3.11407,3.01978,1.03123
2025-11-20#t1210w0,2025-11-20,Mr. Weir,Affordability and housing,50,1.0,66,3.57156,3.63702,0.982
2025-11-20#t1212w0,2025-11-20,Mr. M. LeBlanc,Affordability and housing,69,1.0,79,2.99187,3.48635,0.85817
2025-11-20#t1213w0,2025-11-20,Mr. Weir,Affordability and housing,359,1.0,433,3.01279,3.24187,0.92934
2025-11-20#t1213w1,2025-11-20,Mr. Weir,Affordability and housing,131,1.0,154,3.80599,3.51391,1.08312
2025-11-20#t1214w0,2025-11-20,Mr. Weir,Affordability and housing,333,1.0,409,3.01694,3.19973,0.94287
2025-11-20#t1214w1,2025-11-20,Mr. Weir,Affordability and housing,120,1.0,149,3.27099,3.47652,0.94088
2025-11-20#t1215w0,2025-11-20,Mr. Weir,Affordability and housing,272,1.0,341,3.06204,3.32256,0.92159
2025-11-20#t1215w1,2025-11-20,Mr. Weir,Affordability and housing,130,1.0,161,3.16499,3.20759,0.98672
2025-11-20#t1216w0,2025-11-20,Mr. Deputy Speaker,Affordability and housing,351,0.889,461,2.88431,2.76028,1.04493
2025-11-20#t1216w1,2025-11-20,Mr. Deputy Speaker,Affordability and housing,147,1.0,180,3.04462,3.01444,1.01001
2025-11-21#t1218w0,2025-11-21,Mr. Russell,Affordability and housing,152,1.0,210,3.25885,3.24997,1.00273
2025-11-21#t1219w0,2025-11-21,Hon. Mr. McKee,Affordability and housing,123,0.967,142,2.96145,3.10518,0.95372
2025-11-21#t1220w0,2025-11-21,Hon. Ms. Holt,Affordability and housing,239,1.0,316,2.34555,2.84175,0.82539
2025-11-21#t1221w0,2025-11-21,Mr. Russell,Affordability and housing,133,1.0,179,3.0099,3.04942,0.98704
2025-11-21#t1222w0,2025-11-21,Hon. C. Chiasson,Affordability and housing,174,0.0,215,2.78344,3.12894,0.88958
2025-11-21#t1223w0,2025-11-21,Mr. Oliver,Affordability and housing,183,1.0,241,3.29746,3.40614,0.96809
2025-11-21#t1225w0,2025-11-21,Hon. Mr. Finnigan,Affordability and housing,292,0.986,363,2.76775,3.06759,0.90226
2025-11-21#t1226w0,2025-11-21,Ms. Wilcott,Affordability and housing,132,1.0,165,3.72083,3.7548,0.99095
2025-11-21#t1227w0,2025-11-21,Ms. Bockus,Affordability and housing,170,1.0,203,3.0943,3.34965,0.92377
2025-11-21#t1228w0,2025-11-21,Ms. Mitton,Affordability and housing,151,1.0,193,2.68222,2.86171,0.93728
2025-11-21#t1229w0,2025-11-21,Mr. Lee,Affordability and housing,123,1.0,198,3.49019,3.24302,1.07622
2025-11-21#t1230w0,2025-11-21,Mr. Coon,Affordability and housing,172,1.0,236,3.1077,3.07985,1.00905
2025-11-21#t1231w0,2025-11-21,Ms. Bockus,Affordability and housing,157,1.0,176,3.22328,3.2265,0.999
2025-11-21#t1232w0,2025-11-21,Mr. Coon,Affordability and housing,156,1.0,185,3.63442,3.37888,1.07563
2025-11-21#t1233w0,2025-11-21,Mr. Bourque,Affordability and housing,129,0.0,155,3.27541,3.29589,0.99379
2025-11-21#t1234w0,2025-11-21,Mr. Monahan,Affordability and housing,141,1.0,179,3.27256,3.26232,1.00314
2025-11-21#t1235w0,2025-11-21,Ms. Wilcott,Affordability and housing,102,0.725,118,2.8247,3.45985,0.81642
2025-11-21#t1236w0,2025-11-21,Ms. M. Johnson,Affordability and housing,140,1.0,172,3.18804,3.48725,0.9142
2025-11-21#t1237w0,2025-11-21,Mr. Doucet,Affordability and housing,182,0.341,224,2.81364,3.09268,0.90977
2025-11-21#t1238w0,2025-11-21,Ms. M. Wilson,Affordability and housing,159,1.0,197,3.13238,3.1756,0.98639
2025-11-21#t1239w0,2025-11-21,Mr. J. LeBlanc,Affordability and housing,124,0.46,160,3.07253,3.22368,0.95311
2025-11-21#t1240w0,2025-11-21,Mr. Ames,Affordability and housing,156,1.0,185,3.39289,3.5744,0.94922
2025-11-21#t1241w0,2025-11-21,Mr. Savoie,Affordability and housing,149,0.919,177,3.66542,3.1821,1.15188
2025-11-21#t1242w0,2025-11-21,Hon. C. Chiasson,Affordability and housing,79,1.0,90,2.86636,3.11315,0.92073
2025-11-21#t1244w0,2025-11-21,Hon. C. Chiasson,Affordability and housing,87,1.0,103,3.21224,3.03765,1.05747
2025-11-21#t1245w0,2025-11-21,Mr. Savoie,Affordability and housing,66,1.0,88,3.16962,3.37944,0.93791
2025-11-21#t1246w0,2025-11-21,Hon. C. Chiasson,Affordability and housing,120,1.0,142,2.80923,3.06378,0.91691
2025-11-21#t1247w0,2025-11-21,Mr. Savoie,Affordability and housing,194,1.0,231,3.29436,3.38352,0.97365
2025-11-21#t1248w0,2025-11-21,Hon. C. Johnson,Affordability and housing,127,1.0,153,2.82541,3.05472,0.92493
2025-11-21#t1249w0,2025-11-21,Mr. Savoie,Affordability and housing,98,1.0,125,3.14338,3.18409,0.98721
2025-11-21#t1250w0,2025-11-21,Hon. Mr. Herron,Affordability and housing,130,1.0,153,3.11375,3.04464,1.0227
2025-11-21#t1251w0,2025-11-21,Mr. Savoie,Affordability and housing,110,1.0,133,3.77802,3.17242,1.19089
2025-11-21#t1252w0,2025-11-21,Hon. Ms. Holt,Affordability and housing,101,1.0,127,3.40529,3.1166,1.09263
2025-11-21#t1253w0,2025-11-21,Mr. Savoie,Affordability and housing,91,1.0,110,4.06336,3.58267,1.13417
2025-11-21#t1254w0,2025-11-21,Hon. Ms. Holt,Affordability and housing,129,1.0,155,3.31851,3.5893,0.92456
2025-11-21#t1255w0,2025-11-21,Mr. Savoie,Affordability and housing,80,1.0,104,3.92438,3.52037,1.11476
2025-11-21#t1256w0,2025-11-21,Hon. Mr. Herron,Affordability and housing,142,1.0,166,3.62171,3.40677,1.06309
2025-11-21#t1257w0,2025-11-21,Mr. Lee,Affordability and housing,152,1.0,182,3.89102,3.37667,1.15233
2025-11-21#t1258w0,2025-11-21,Hon. C. Johnson,Affordability and housing,158,1.0,190,3.11891,3.08188,1.01201
2025-11-21#t1259w0,2025-11-21,Mr. Lee,Affordability and housing,185,1.0,254,2.99869,3.14754,0.95271
2025-11-21#t1260w0,2025-11-21,Hon. C. Johnson,Affordability and housing,134,0.0,153,3.3118,3.41392,0.97009
2025-11-21#t1261w0,2025-11-21,Mr. Lee,Affordability and housing,191,1.0,223,3.7047,3.4743,1.06632
2025-11-21#t1262w0,2025-11-21,Hon. C. Johnson,Affordability and housing,61,1.0,73,3.30459,3.43623,0.96169
2025-11-21#t1263w0,2025-11-21,Mr. Monahan,Affordability and housing,152,1.0,193,2.96665,2.98927,0.99243
2025-11-21#t1264w0,2025-11-21,Hon. Mr. Legacy,Affordability and housing,164,1.0,225,2.90425,2.99662,0.96918
2025-11-21#t1265w0,2025-11-21,Mr. Monahan,Affordability and housing,188,1.0,228,3.66446,3.39397,1.0797
2025-11-21#t1266w0,2025-11-21,Hon. Mr. Legacy,Affordability and housing,163,1.0,220,3.54601,3.41065,1.03969
2025-11-21#t1267w0,2025-11-21,Mr. Monahan,Affordability and housing,145,0.0,171,3.27125,3.67669,0.88973
2025-11-21#t1268w0,2025-11-21,Hon. Mr. Legacy,Affordability and housing,163,0.0,201,3.15417,3.08011,1.02405
2025-11-21#t1269w0,2025-11-21,Mr. Austin,Affordability and housing,142,1.0,186,3.53855,3.28811,1.07617
2025-11-21#t1270w0,2025-11-21,Hon. Mr. Legacy,Affordability and housing,163,1.0,194,3.77413,3.43049,1.10017
2025-11-21#t1271w0,2025-11-21,Mr. Austin,Affordability and housing,188,1.0,235,3.3367,3.34973,0.99611
2025-11-21#t1272w0,2025-11-21,Hon. Mr. Legacy,Affordability and housing,113,1.0,141,3.09617,3.17763,0.97436
2025-11-21#t1273w0,2025-11-21,Mr. Austin,Affordability and housing,180,1.0,225,3.28147,3.14866,1.04218
2025-11-21#t1274w0,2025-11-21,Hon. Mr. Legacy,Affordability and housing,116,1.0,141,3.56723,3.47646,1.02611
2025-11-21#t1275w0,2025-11-21,Mr. Savoie,Affordability and housing,138,1.0,197,2.87817,2.80519,1.02602
2025-11-21#t1276w0,2025-11-21,Hon. Ms. Holt,Affordability and housing,164,1.0,202,2.98943,3.03575,0.98474
2025-11-21#t1277w0,2025-11-21,Ms. M. Wilson,Affordability and housing,84,1.0,100,3.31909,3.56716,0.93046
2025-11-21#t1280w0,2025-11-21,Hon. Mr. Hickey,Affordability and housing,214,0.935,267,2.70866,2.69979,1.00328
2025-11-21#t1281w0,2025-11-21,Ms. Conroy,Affordability and housing,291,1.0,371,3.05524,3.12246,0.97847
2025-11-21#t1281w1,2025-11-21,Ms. Conroy,Affordability and housing,87,1.0,100,3.00253,3.40159,0.88268
2025-11-21#t1282w0,2025-11-21,Mr. Coon,Affordability and housing,290,1.0,353,3.15986,3.10899,1.01636
2025-11-21#t1283w0,2025-11-21,Hon. Ms. Boudreau,Affordability and housing,169,0.373,218,2.89356,3.06601,0.94376
2025-11-21#t1284w0,2025-11-21,Ms. M. Johnson,Affordability and housing,170,1.0,200,3.18559,3.1819,1.00116
2025-11-21#t1285w0,2025-11-21,Ms. Mitton,Affordability and housing,174,0.805,207,2.85739,3.15083,0.90687
2025-11-21#t1286w0,2025-11-21,Hon. Ms. Miles,Affordability and housing,176,0.989,205,2.76796,2.90493,0.95285
2025-11-21#t1287w0,2025-11-21,Ms. M. Johnson,Affordability and housing,183,1.0,211,3.14417,3.17837,0.98924
2025-11-21#t1288w0,2025-11-21,Ms. Mitton,Affordability and housing,146,0.973,164,3.04315,3.12477,0.97388
2025-11-21#t1289w0,2025-11-21,Hon. Ms. Boudreau,Affordability and housing,175,0.269,220,2.6043,2.73464,0.95234
2025-11-21#t1290w0,2025-11-21,Ms. Scott-Wallace,Affordability and housing,190,1.0,223,2.8641,2.96601,0.96564
2025-11-21#t1291w0,2025-11-21,Mr. Coon,Affordability and housing,356,0.862,449,2.63282,2.63514,0.99912
2025-11-21#t1292w0,2025-11-21,Hon. Mr. McKee,Affordability and housing,104,1.0,153,2.3483,2.53918,0.92483
2025-12-02#t1295w0,2025-12-02,Hon. Ms. Miles,Affordability and housing,153,1.0,215,2.88577,2.9906,0.96495
2025-12-02#t1296w0,2025-12-02,Hon. Ms. Holt,Affordability and housing,269,1.0,339,2.79208,3.05347,0.91439
2025-12-02#t1299w0,2025-12-02,Mr. Monahan,Affordability and housing,269,1.0,325,2.87071,2.88391,0.99542
2025-12-02#t1300w0,2025-12-02,Hon. Mr. Randall,Affordability and housing,214,1.0,253,2.81139,3.24514,0.86634
2025-12-02#t1301w0,2025-12-02,Mr. Cullins,Affordability and housing,178,1.0,232,2.51556,2.65407,0.94781
2025-12-02#t1302w0,2025-12-02,Mr. Russell,Affordability and housing,161,1.0,216,2.66494,2.79854,0.95226
2025-12-02#t1303w0,2025-12-02,Hon. Ms. Miles,Affordability and housing,202,1.0,257,3.41103,3.18288,1.07168
2025-12-02#t1304w0,2025-12-02,Mr. Hogan,Affordability and housing,151,1.0,192,3.27648,3.2068,1.02173
2025-12-02#t1305w0,2025-12-02,Mr. Coon,Affordability and housing,130,1.0,180,3.01761,3.1295,0.96425
2025-12-02#t1306w0,2025-12-02,Ms. Vautour,Affordability and housing,140,0.0,203,3.31801,3.4902,0.95066
2025-12-02#t1307w0,2025-12-02,Mr. Weir,Affordability and housing,156,1.0,193,3.3084,3.74189,0.88415
2025-12-02#t1308w0,2025-12-02,Ms. Mitton,Affordability and housing,161,1.0,197,3.08528,3.294,0.93664
2025-12-02#t1309w0,2025-12-02,Mr. J. LeBlanc,Affordability and housing,143,0.0,177,3.12758,3.19743,0.97815
2025-12-02#t1310w0,2025-12-02,Ms. Bockus,Affordability and housing,146,1.0,186,3.09859,3.19039,0.97123
2025-12-02#t1311w0,2025-12-02,Mr. Robichaud,Affordability and housing,132,0.0,166,3.09379,3.02816,1.02167
2025-12-02#t1312w0,2025-12-02,Mr. Hogan,Affordability and housing,163,1.0,204,3.24401,3.40467,0.95281
2025-12-02#t1313w0,2025-12-02,Ms. Vautour,Affordability and housing,136,0.0,173,3.05458,2.8629,1.06695
2025-12-02#t1314w0,2025-12-02,Mr. Lee,Affordability and housing,163,1.0,222,3.07074,2.91136,1.05474
2025-12-02#t1315w0,2025-12-02,Mr. Johnston,Affordability and housing,171,0.947,210,3.18313,3.17825,1.00153
2025-12-02#t1316w0,2025-12-02,Mr. Austin,Affordability and housing,327,1.0,402,2.89682,2.95873,0.97907
2025-12-02#t1317w0,2025-12-02,Hon. Ms. Holt,Affordability and housing,151,1.0,183,2.82745,3.00977,0.93942
2025-12-02#t1318w0,2025-12-02,Mr. Savoie,Affordability and housing,124,1.0,163,3.81178,3.66167,1.041
2025-12-02#t1319w0,2025-12-02,Hon. Ms. Holt,Affordability and housing,194,1.0,230,2.93507,3.04951,0.96247
2025-12-02#t1320w0,2025-12-02,Mr. Savoie,Affordability and housing,161,1.0,217,2.82742,2.90686,0.97267
2025-12-02#t1321w0,2025-12-02,Hon. Ms. Holt,Affordability and housing,213,1.0,254,3.23875,3.27397,0.98924
2025-12-02#t1322w0,2025-12-02,Mr. Savoie,Affordability and housing,142,0.958,181,3.25796,3.15089,1.03398
2025-12-02#t1323w0,2025-12-02,Hon. Ms. Holt,Affordability and housing,136,0.0,166,2.86527,3.1489,0.90993
2025-12-02#t1324w0,2025-12-02,Mr. Savoie,Affordability and housing,146,1.0,172,3.68811,3.60958,1.02176
2025-12-02#t1325w0,2025-12-02,Hon. C. Chiasson,Affordability and housing,153,1.0,176,3.2446,3.30553,0.98157
2025-12-02#t1326w0,2025-12-02,Mr. Savoie,Affordability and housing,91,1.0,110,3.33877,3.26738,1.02185
2025-12-02#t1327w0,2025-12-02,Hon. C. Chiasson,Affordability and housing,121,1.0,149,2.81414,3.17833,0.88542
2025-12-02#t1328w0,2025-12-02,Mr. Savoie,Affordability and housing,124,1.0,144,3.6123,3.30811,1.09195
2025-12-02#t1329w0,2025-12-02,Hon. C. Chiasson,Affordability and housing,154,1.0,183,3.10428,3.3243,0.93381
2025-12-02#t1330w0,2025-12-02,Mr. Lee,Affordability and housing,116,1.0,141,3.57961,3.44269,1.03977
2025-12-02#t1331w0,2025-12-02,Hon. C. Chiasson,Affordability and housing,145,1.0,177,3.1212,3.13129,0.99678
2025-12-02#t1332w0,2025-12-02,Mr. Lee,Affordability and housing,187,1.0,237,3.42793,3.3158,1.03382
2025-12-02#t1333w0,2025-12-02,Hon. C. Chiasson,Affordability and housing,161,1.0,196,2.9927,3.55236,0.84246
2025-12-02#t1334w0,2025-12-02,Mr. Oliver,Affordability and housing,129,1.0,159,3.50805,3.10915,1.1283
2025-12-02#t1335w0,2025-12-02,Hon. C. Chiasson,Affordability and housing,142,1.0,168,3.17649,3.40223,0.93365
2025-12-02#t1336w0,2025-12-02,Mr. Oliver,Affordability and housing,145,1.0,168,3.2481,3.35292,0.96874
2025-12-02#t1337w0,2025-12-02,Hon. Mr. McKee,Affordability and housing,179,1.0,211,3.11734,3.24924,0.9594
2025-12-02#t1338w0,2025-12-02,Mr. Oliver,Affordability and housing,123,1.0,146,3.54241,3.24249,1.0925
2025-12-02#t1339w0,2025-12-02,Hon. C. Chiasson,Affordability and housing,145,1.0,173,3.08663,3.36342,0.91771
2025-12-02#t1340w0,2025-12-02,Mr. Coon,Affordability and housing,151,1.0,186,3.19375,3.19663,0.9991
2025-12-02#t1342w0,2025-12-02,Mr. Coon,Affordability and housing,147,1.0,182,3.23078,3.3311,0.96988
2025-12-02#t1343w0,2025-12-02,Hon. Mr. Herron,Affordability and housing,56,1.0,72,3.57413,3.16042,1.1309
2025-12-02#t1344w0,2025-12-02,Mr. Austin,Affordability and housing,149,1.0,183,3.5198,3.2738,1.07514
2025-12-02#t1345w0,2025-12-02,Hon. Ms. Holt,Affordability and housing,156,1.0,191,2.98658,3.10088,0.96314
2025-12-02#t1346w0,2025-12-02,Mr. Austin,Affordability and housing,190,1.0,241,3.08406,3.28106,0.93996
2025-12-02#t1347w0,2025-12-02,Hon. Ms. Holt,Affordability and housing,225,1.0,273,3.12934,3.05232,1.02523
2025-12-02#t1348w0,2025-12-02,Mr. Austin,Affordability and housing,178,1.0,221,3.31973,3.32891,0.99724
2025-12-02#t1349w0,2025-12-02,Hon. Ms. Holt,Affordability and housing,166,1.0,209,2.69433,2.97852,0.90459
2025-12-02#t1350w0,2025-12-02,Mr. M. LeBlanc,Affordability and housing,52,1.0,62,3.62427,3.6497,0.99303
2025-12-02#t1355w0,2025-12-02,Hon. Mr. McKee,Affordability and housing,233,0.592,261,2.84549,3.06371,0.92877
2025-12-02#t1356w0,2025-12-02,Mr. Weir,Affordability and housing,265,1.0,312,3.23365,3.1892,1.01394
2025-12-02#t1357w0,2025-12-02,Mr. Coon,Affordability and housing,251,0.984,297,3.15385,2.9006,1.08731
2025-12-02#t1358w0,2025-12-02,Hon. Mr. Dornan,Affordability and housing,179,0.832,207,2.75096,3.11102,0.88426
2025-12-02#t1359w0,2025-12-02,Mr. Hogan,Affordability and housing,197,1.0,242,3.24493,3.218,1.00837
2025-12-02#t1360w0,2025-12-02,Ms. Mitton,Affordability and housing,172,1.0,213,3.38944,3.06135,1.10717
2025-12-02#t1361w0,2025-12-02,Hon. Mr. McKee,Affordability and housing,220,0.586,262,2.5783,2.83387,0.90982
2025-12-02#t1362w0,2025-12-02,Mr. Weir,Affordability and housing,117,1.0,153,2.79674,2.98579,0.93669
2025-12-02#t1363w0,2025-12-02,Mr. Weir,Affordability and housing,114,1.0,138,4.15068,3.84111,1.08059
2025-12-02#t1364w0,2025-12-02,Mr. Coon,Affordability and housing,228,0.982,278,3.14352,3.2947,0.95411
2025-12-02#t1365w0,2025-12-02,Hon. Ms. Thériault,Affordability and housing,143,0.343,180,2.36438,2.84546,0.83093
2025-12-02#t1366w0,2025-12-02,Ms. M. Wilson,Affordability and housing,156,1.0,184,3.2154,3.14769,1.02151
2025-12-02#t1367w0,2025-12-02,Ms. Mitton,Affordability and housing,355,0.304,491,2.99244,2.93259,1.02041
2025-12-02#t1367w1,2025-12-02,Ms. Mitton,Affordability and housing,204,0.696,274,2.62081,2.82292,0.9284
2025-12-02#t1368w0,2025-12-02,Hon. Mr. Legacy,Affordability and housing,107,0.374,155,3.20007,2.97631,1.07518
2025-12-02#t1369w0,2025-12-02,Hon. Mr. Legacy,Affordability and housing,331,0.574,433,2.75013,2.71978,1.01116
2025-12-02#t1369w1,2025-12-02,Hon. Mr. Legacy,Affordability and housing,332,0.587,437,2.77662,2.98478,0.93026
2025-12-02#t1369w2,2025-12-02,Hon. Mr. Legacy,Affordability and housing,355,0.513,436,2.97378,2.89995,1.02546
2025-12-02#t1369w3,2025-12-02,Hon. Mr. Legacy,Affordability and housing,355,0.462,463,2.99708,3.08886,0.97029
2025-12-02#t1370w0,2025-12-02,Hon. Mr. Legacy,Affordability and housing,281,0.591,352,2.86254,2.91411,0.9823
2025-12-02#t1370w1,2025-12-02,Hon. Mr. Legacy,Affordability and housing,343,0.805,430,2.91892,2.91995,0.99965
2025-12-02#t1370w2,2025-12-02,Hon. Mr. Legacy,Affordability and housing,160,0.494,205,2.816,2.97454,0.9467
2025-12-02#t1371w0,2025-12-02,Mr. Monahan,Affordability and housing,320,1.0,386,3.18661,3.2763,0.97262
2025-12-02#t1371w1,2025-12-02,Mr. Monahan,Affordability and housing,174,1.0,208,3.13718,3.44687,0.91015
2025-12-02#t1372w0,2025-12-02,Ms. Mitton,Affordability and housing,301,1.0,340,2.87138,3.05005,0.94142
2025-12-02#t1372w1,2025-12-02,Ms. Mitton,Affordability and housing,358,1.0,404,2.98812,2.96683,1.00718
2025-12-02#t1372w2,2025-12-02,Ms. Mitton,Affordability and housing,267,1.0,320,3.2707,3.19063,1.0251
2025-12-02#t1372w3,2025-12-02,Ms. Mitton,Affordability and housing,279,1.0,348,2.84563,3.14673,0.90431
2025-12-02#t1372w4,2025-12-02,Ms. Mitton,Affordability and housing,260,0.904,313,3.0282,3.20785,0.944
2025-12-02#t1374w0,2025-12-02,Madam Speaker,Affordability and housing,59,1.0,75,2.44914,2.46547,0.99338
2025-12-02#t1375w0,2025-12-02,Mr. M. LeBlanc,Affordability and housing,351,0.63,465,2.26227,2.3647,0.95668
2025-12-02#t1375w1,2025-12-02,Mr. M. LeBlanc,Affordability and housing,97,0.454,127,2.46879,2.82382,0.87427
2025-12-02#t1376w0,2025-12-02,Mr. M. LeBlanc,Affordability and housing,356,0.621,418,2.49469,2.53034,0.98591
2025-12-02#t1377w0,2025-12-02,Mr. Austin,Affordability and housing,336,1.0,394,3.11209,2.91166,1.06884
2025-12-02#t1377w1,2025-12-02,Mr. Austin,Affordability and housing,57,1.0,69,3.46096,3.49736,0.98959
2025-12-02#t1378w0,2025-12-02,Ms. Mitton,Affordability and housing,328,0.86,386,2.99177,3.07209,0.97386
2025-12-02#t1379w0,2025-12-02,Mr. Weir,Affordability and housing,350,0.989,410,2.95064,3.13965,0.9398
2025-12-03#t1381w0,2025-12-03,Hon. C. Johnson,Affordability and housing,51,0.0,70,3.41777,3.29439,1.03745
2025-12-03#t1383w0,2025-12-03,Hon. Mr. McKee,Affordability and housing,162,0.549,220,2.89022,2.94061,0.98286
2025-12-03#t1384w0,2025-12-03,Mr. Hogan,Affordability and housing,159,1.0,209,2.87213,2.8215,1.01794
2025-12-03#t1385w0,2025-12-03,Ms. Scott-Wallace,Affordability and housing,143,1.0,188,2.54654,2.74621,0.92729
2025-12-03#t1386w0,2025-12-03,Hon. Mr. Gauvin,Affordability and housing,98,0.0,137,2.69426,3.48885,0.77225
2025-12-03#t1387w0,2025-12-03,Ms. Scott-Wallace,Affordability and housing,119,1.0,162,3.47498,3.77057,0.92161
2025-12-03#t1388w0,2025-12-03,Mr. Coon,Affordability and housing,156,1.0,211,2.19168,2.62019,0.83646
2025-12-03#t1389w0,2025-12-03,Ms. Vautour,Affordability and housing,131,0.0,159,3.17223,3.18108,0.99722
2025-12-03#t1390w0,2025-12-03,Mr. Russell,Affordability and housing,97,1.0,118,3.21809,3.49443,0.92092
2025-12-03#t1391w0,2025-12-03,Mr. Doucet,Affordability and housing,148,0.122,190,3.18718,3.20884,0.99325
2025-12-03#t1392w0,2025-12-03,Mr. Lee,Affordability and housing,171,1.0,207,3.81806,3.57436,1.06818
2025-12-03#t1393w0,2025-12-03,Mr. Coon,Affordability and housing,158,0.975,193,3.56815,3.40984,1.04643
2025-12-03#t1394w0,2025-12-03,Mr. Mallet,Affordability and housing,109,0.0,141,2.46979,2.95105,0.83692
2025-12-03#t1395w0,2025-12-03,Mr. Oliver,Affordability and housing,152,0.974,195,3.03382,3.22001,0.94218
2025-12-03#t1396w0,2025-12-03,Ms. Sodhi,Affordability and housing,130,1.0,160,2.36919,2.55922,0.92574
2025-12-03#t1397w0,2025-12-03,Ms. Scott-Wallace,Affordability and housing,165,1.0,199,3.86796,3.78877,1.0209
2025-12-03#t1398w0,2025-12-03,Mr. M. LeBlanc,Affordability and housing,152,0.0,189,3.05434,3.389,0.90125
2025-12-03#t1399w0,2025-12-03,Mr. Cullins,Affordability and housing,163,1.0,187,3.56025,3.74961,0.9495
2025-12-03#t1400w0,2025-12-03,Mr. Bourque,Affordability and housing,110,0.0,145,2.79125,3.39162,0.82298
2025-12-03#t1401w0,2025-12-03,Ms. S. Wilson,Affordability and housing,133,1.0,175,3.4688,3.3729,1.02843
2025-12-03#t1402w0,2025-12-03,Mr. Savoie,Affordability and housing,175,0.943,213,3.05821,3.12292,0.97928
2025-12-03#t1403w0,2025-12-03,Hon. Mr. Herron,Affordability and housing,133,1.0,156,3.391,3.26127,1.03978
2025-12-03#t1404w0,2025-12-03,Mr. Savoie,Affordability and housing,132,1.0,171,2.97953,3.02157,0.98609
2025-12-03#t1405w0,2025-12-03,Hon. Mr. Herron,Affordability and housing,145,1.0,169,3.38067,3.41719,0.98931
2025-12-03#t1406w0,2025-12-03,Mr. Savoie,Affordability and housing,66,1.0,81,3.79263,3.447,1.10027
2025-12-03#t1407w0,2025-12-03,Hon. Mr. Herron,Affordability and housing,139,1.0,162,3.35159,3.3117,1.01205
2025-12-03#t1408w0,2025-12-03,Mr. Savoie,Affordability and housing,90,1.0,114,3.31345,3.14449,1.05373
2025-12-03#t1409w0,2025-12-03,Hon. Mr. Herron,Affordability and housing,153,1.0,173,3.479,3.51097,0.9909
2025-12-03#t1410w0,2025-12-03,Mr. Savoie,Affordability and housing,154,1.0,178,3.88922,3.43362,1.13269
2025-12-03#t1411w0,2025-12-03,Hon. Mr. Herron,Affordability and housing,149,1.0,181,3.44852,3.36737,1.0241
2025-12-03#t1412w0,2025-12-03,Mr. Savoie,Affordability and housing,171,1.0,200,3.45856,3.4111,1.01391
2025-12-03#t1413w0,2025-12-03,Hon. Mr. Herron,Affordability and housing,150,1.0,172,3.3535,3.32883,1.00741
2025-12-03#t1414w0,2025-12-03,Mr. Monahan,Affordability and housing,167,1.0,200,3.21339,3.0544,1.05205
2025-12-03#t1415w0,2025-12-03,Hon. Mr. Legacy,Affordability and housing,178,1.0,210,3.35262,3.2715,1.0248
2025-12-03#t1416w0,2025-12-03,M. Monahan,Affordability and housing,146,0.0,170,3.67811,3.34354,1.10006
2025-12-03#t1417w0,2025-12-03,L’hon. M. Legacy,Affordability and housing,187,0.0,232,3.30389,3.34985,0.98628
2025-12-03#t1418w0,2025-12-03,Mr. Monahan,Affordability and housing,165,1.0,195,3.51728,3.4609,1.01629
2025-12-03#t1419w0,2025-12-03,Hon. Mr. Legacy,Affordability and housing,173,1.0,213,3.25148,3.30989,0.98235
2025-12-03#t1420w0,2025-12-03,Mr. Austin,Affordability and housing,170,1.0,203,3.18042,3.0502,1.04269
2025-12-03#t1421w0,2025-12-03,Hon. Mr. Legacy,Affordability and housing,185,1.0,220,3.14143,3.054,1.02863
2025-12-03#t1422w0,2025-12-03,Mr. Austin,Affordability and housing,128,1.0,146,3.46226,3.3403,1.03651
2025-12-03#t1423w0,2025-12-03,Hon. Mr. Legacy,Affordability and housing,125,1.0,152,3.78921,3.55695,1.0653
2025-12-03#t1424w0,2025-12-03,Mr. Austin,Affordability and housing,143,1.0,174,3.09036,3.09401,0.99882
2025-12-03#t1425w0,2025-12-03,Hon. Mr. Legacy,Affordability and housing,150,1.0,190,3.40395,3.36268,1.01227
2025-12-03#t1426w0,2025-12-03,Ms. Mitton,Affordability and housing,141,1.0,175,3.50064,3.22163,1.08661
2025-12-03#t1427w0,2025-12-03,Hon. C. Chiasson,Affordability and housing,149,1.0,181,3.28315,3.28921,0.99816
2025-12-03#t1428w0,2025-12-03,Ms. Mitton,Affordability and housing,166,1.0,207,3.31549,3.38745,0.97876
2025-12-03#t1429w0,2025-12-03,Hon. C. Chiasson,Affordability and housing,124,1.0,154,3.37151,3.52974,0.95517
2025-12-03#t1430w0,2025-12-03,Ms. Mitton,Affordability and housing,147,1.0,172,3.28758,3.30294,0.99535
2025-12-03#t1431w0,2025-12-03,Hon. C. Chiasson,Affordability and housing,166,1.0,210,2.93876,3.11552,0.94326
2025-12-03#t1432w0,2025-12-03,Mr. Savoie,Affordability and housing,169,1.0,209,2.95596,3.23808,0.91287
2025-12-03#t1433w0,2025-12-03,Hon. Mr. Herron,Affordability and housing,120,1.0,141,3.41631,3.27658,1.04264
2025-12-03#t1435w0,2025-12-03,Hon. Mr. Gauvin,Affordability and housing,121,0.0,157,3.60208,3.42055,1.05307
2025-12-03#t1436w0,2025-12-03,Ms. Wilcott,Affordability and housing,72,0.0,95,3.14153,3.30255,0.95124
2025-12-03#t1437w0,2025-12-03,Hon. Mr. D’Amours,Affordability and housing,245,0.322,297,2.56096,2.7123,0.9442
2025-12-03#t1438w0,2025-12-03,Mr. Cullins,Affordability and housing,101,1.0,120,2.66342,2.8164,0.94568
2025-12-03#t1439w0,2025-12-03,Mr. Coon,Affordability and housing,238,0.895,280,2.62002,2.8402,0.92248
2025-12-03#t1440w0,2025-12-03,Hon. Mr. Randall,Affordability and housing,197,0.929,248,3.58366,3.38731,1.05797
2025-12-03#t1441w0,2025-12-03,Mr. Russell,Affordability and housing,215,1.0,246,2.19737,2.37997,0.92328
2025-12-03#t1442w0,2025-12-03,Ms. Mitton,Affordability and housing,199,1.0,247,2.84006,3.15642,0.89977
2025-12-03#t1443w0,2025-12-03,Hon. Ms. Miles,Affordability and housing,204,0.887,236,2.46643,2.75297,0.89592
2025-12-03#t1444w0,2025-12-03,Mr. Savoie,Affordability and housing,271,1.0,324,3.02729,3.09115,0.97934
2025-12-03#t1445w0,2025-12-03,Ms. Mitton,Affordability and housing,117,0.0,137,2.99644,3.19107,0.93901
2025-12-03#t1446w0,2025-12-03,Mr. Weir,Affordability and housing,332,1.0,393,2.72361,2.8572,0.95324
2025-12-03#t1447w0,2025-12-03,Mr. Oliver,Affordability and housing,81,1.0,111,3.08314,2.84638,1.08318
2025-12-03#t1448w0,2025-12-03,Mr. M. LeBlanc,Affordability and housing,356,0.817,459,3.00873,2.88891,1.04147
2025-12-03#t1448w1,2025-12-03,Mr. M. LeBlanc,Affordability and housing,323,0.941,398,3.03009,2.90159,1.04429
2025-12-03#t1448w2,2025-12-03,Mr. M. LeBlanc,Affordability and housing,135,1.0,152,3.32578,3.26753,1.01783
2025-12-03#t1449w0,2025-12-03,Mr. Ames,Affordability and housing,171,1.0,208,3.41112,3.30435,1.03231
2025-12-03#t1450w0,2025-12-03,Madam Speaker,Affordability and housing,310,0.797,380,2.87476,2.84486,1.01051
2025-12-03#t1450w1,2025-12-03,Madam Speaker,Affordability and housing,336,1.0,409,2.68114,2.79385,0.95965
2025-12-03#t1450w2,2025-12-03,Madam Speaker,Affordability and housing,286,1.0,344,3.04876,3.15438,0.96652
2025-12-03#t1450w3,2025-12-03,Madam Speaker,Affordability and housing,295,1.0,356,2.8435,2.97241,0.95663
2025-12-03#t1450w4,2025-12-03,Madam Speaker,Affordability and housing,306,1.0,414,2.59546,2.64961,0.97956
2025-12-03#t1450w5,2025-12-03,Madam Speaker,Affordability and housing,303,1.0,374,2.81971,2.79382,1.00927
2025-12-03#t1450w6,2025-12-03,Madam Speaker,Affordability and housing,316,1.0,405,3.01277,3.12513,0.96405
2025-12-03#t1450w7,2025-12-03,Madam Speaker,Affordability and housing,89,1.0,112,2.62791,2.77506,0.94697
2025-12-03#t1454w0,2025-12-03,Mr. Chair,Affordability and housing,339,0.708,432,2.71898,2.89484,0.93925
2025-12-03#t1454w1,2025-12-03,Mr. Chair,Affordability and housing,335,0.701,399,2.51305,2.73191,0.91989
2025-12-03#t1454w2,2025-12-03,Mr. Chair,Affordability and housing,91,0.637,130,3.6442,3.40677,1.06969
2025-12-03#t1455w0,2025-12-03,Hon. C. Johnson,Affordability and housing,354,0.565,461,2.98898,2.97047,1.00623
2025-12-03#t1455w1,2025-12-03,Hon. C. Johnson,Affordability and housing,282,0.915,394,3.50959,3.50502,1.00131
2025-12-03#t1455w2,2025-12-03,Hon. C. Johnson,Affordability and housing,326,0.647,400,3.32197,3.24428,1.02395
2025-12-03#t1456w0,2025-12-03,Mr. Chair,Affordability and housing,94,0.734,122,3.69624,3.75351,0.98474
2025-12-04#t1458w0,2025-12-04,Ms. Mitton,Affordability and housing,125,0.84,155,2.67823,3.06697,0.87325
2025-12-04#t1459w0,2025-12-04,Hon. Mr. Hickey,Affordability and housing,109,1.0,153,2.5291,2.63561,0.95959
2025-12-04#t1460w0,2025-12-04,Mr. Savoie,Affordability and housing,139,1.0,162,2.731,3.16681,0.86238
2025-12-04#t1461w0,2025-12-04,Mr. Johnston,Affordability and housing,137,0.0,183,2.95609,2.86589,1.03147
2025-12-04#t1462w0,2025-12-04,Hon. Mr. Gauvin,Affordability and housing,110,0.0,141,2.85382,3.012,0.94748
2025-12-04#t1463w0,2025-12-04,Mr. Weir,Affordability and housing,145,1.0,179,3.02915,3.16365,0.95749
2025-12-04#t1464w0,2025-12-04,Mr. Coon,Affordability and housing,156,0.974,195,2.68,3.07253,0.87224
2025-12-04#t1465w0,2025-12-04,Hon. Ms. Boudreau,Affordability and housing,185,0.2,250,2.94111,3.0466,0.96537
2025-12-04#t1466w0,2025-12-04,Mr. Monahan,Affordability and housing,159,1.0,202,2.94558,3.05354,0.96464
2025-12-04#t1467w0,2025-12-04,Ms. Mitton,Affordability and housing,155,1.0,193,3.2903,3.55218,0.92628
2025-12-04#t1468w0,2025-12-04,Hon. Ms. Thériault,Affordability and housing,107,0.0,136,2.95711,3.15665,0.93679
2025-12-04#t1469w0,2025-12-04,Ms. Bockus,Affordability and housing,175,1.0,215,3.41417,3.50082,0.97525
2025-12-04#t1470w0,2025-12-04,Mr. Savoie,Affordability and housing,123,0.967,156,2.19736,2.44166,0.89994
2025-12-04#t1471w0,2025-12-04,Ms. M. Wilson,Affordability and housing,148,1.0,185,3.57983,3.17606,1.12713
2025-12-04#t1472w0,2025-12-04,Ms. Mitton,Affordability and housing,178,1.0,213,2.80814,2.80199,1.0022
2025-12-04#t1473w0,2025-12-04,Mr. Doucet,Affordability and housing,153,0.0,220,2.95297,2.74901,1.07419
2025-12-04#t1474w0,2025-12-04,Ms. Bockus,Affordability and housing,147,1.0,172,2.72658,3.12001,0.8739
2025-12-04#t1475w0,2025-12-04,Ms. Vautour,Affordability and housing,149,0.0,183,3.43172,3.17459,1.081
2025-12-04#t1476w0,2025-12-04,Mr. Ames,Affordability and housing,135,1.0,162,3.43893,3.44054,0.99953
2025-12-04#t1477w0,2025-12-04,Mr. Robichaud,Affordability and housing,136,0.0,179,2.38498,2.83671,0.84076
2025-12-04#t1478w0,2025-12-04,Mr. Russell,Affordability and housing,133,1.0,167,3.66591,3.5932,1.02024
2025-12-04#t1479w0,2025-12-04,Ms. Wilcott,Affordability and housing,141,1.0,171,2.98846,3.11691,0.95879
2025-12-04#t1480w0,2025-12-04,Mr. Monahan,Affordability and housing,138,1.0,167,3.54508,3.4663,1.02273
2025-12-04#t1482w0,2025-12-04,Hon. Mr. Hickey,Affordability and housing,155,1.0,189,3.34173,3.18252,1.05003
2025-12-04#t1483w0,2025-12-04,Mr. Savoie,Affordability and housing,126,1.0,162,3.26874,3.38073,0.96687
2025-12-04#t1484w0,2025-12-04,Hon. Mr. Hickey,Affordability and housing,173,1.0,203,3.04394,3.13877,0.96978
2025-12-04#t1485w0,2025-12-04,Mr. Savoie,Affordability and housing,110,1.0,129,3.20947,3.09594,1.03667
2025-12-04#t1486w0,2025-12-04,Hon. Mr. Hickey,Affordability and housing,182,1.0,228,3.11627,3.25423,0.95761
2025-12-04#t1487w0,2025-12-04,Mr. Savoie,Affordability and housing,180,1.0,228,3.38362,3.17049,1.06722
2025-12-04#t1488w0,2025-12-04,Hon. Mr. Hickey,Affordability and housing,199,1.0,232,3.3662,3.40009,0.99003
2025-12-04#t1489w0,2025-12-04,Mr. Savoie,Affordability and housing,117,1.0,138,3.56784,3.59461,0.99255
2025-12-04#t1490w0,2025-12-04,Hon. Mr. Hickey,Affordability and housing,159,1.0,183,3.10597,3.11077,0.99846
2025-12-04#t1492w0,2025-12-04,Mr. Savoie,Affordability and housing,83,1.0,96,3.16592,3.32914,0.95097
2025-12-04#t1493w0,2025-12-04,Hon. Mr. McKee,Affordability and housing,178,1.0,210,2.98997,3.09396,0.96639
2025-12-04#t1494w0,2025-12-04,Mr. Savoie,Affordability and housing,154,1.0,180,3.45569,3.42604,1.00866
2025-12-04#t1495w0,2025-12-04,Hon. Mr. Gauvin,Affordability and housing,189,0.0,221,3.1533,3.117,1.01165
2025-12-04#t1496w0,2025-12-04,Mr. Hogan,Affordability and housing,132,1.0,157,3.00845,3.18415,0.94482
2025-12-04#t1497w0,2025-12-04,Hon. Mr. Dornan,Affordability and housing,144,1.0,166,3.38546,3.34741,1.01137
2025-12-04#t1498w0,2025-12-04,Mr. Hogan,Affordability and housing,172,1.0,206,3.22553,3.08437,1.04577
2025-12-04#t1499w0,2025-12-04,Hon. Mr. Dornan,Affordability and housing,140,1.0,168,3.19763,3.10211,1.03079
2025-12-04#t1500w0,2025-12-04,Mr. Hogan,Affordability and housing,148,1.0,178,3.77272,3.5078,1.07552
2025-12-04#t1501w0,2025-12-04,Hon. Mr. Dornan,Affordability and housing,166,1.0,196,3.76681,3.42246,1.10061
2025-12-04#t1502w0,2025-12-04,Ms. Conroy,Affordability and housing,116,1.0,138,3.05398,2.90881,1.04991
2025-12-04#t1503w0,2025-12-04,Hon. Mr. Dornan,Affordability and housing,159,1.0,195,2.89506,3.27682,0.8835
2025-12-04#t1504w0,2025-12-04,Ms. Conroy,Affordability and housing,133,1.0,173,3.06079,3.04541,1.00505
2025-12-04#t1505w0,2025-12-04,Hon. Mr. Dornan,Affordability and housing,149,1.0,180,3.19127,3.22015,0.99103
2025-12-04#t1506w0,2025-12-04,Ms. Conroy,Affordability and housing,181,1.0,217,3.07793,3.11833,0.98704
2025-12-04#t1507w0,2025-12-04,Hon. Mr. Dornan,Affordability and housing,179,1.0,216,3.23153,3.1268,1.03349
2025-12-04#t1508w0,2025-12-04,Mr. Coon,Affordability and housing,153,1.0,206,2.73969,2.58373,1.06036
2025-12-04#t1509w0,2025-12-04,Hon. Mr. Gauvin,Affordability and housing,169,0.0,201,3.10085,2.94051,1.05453
2025-12-04#t1510w0,2025-12-04,Mr. Coon,Affordability and housing,177,1.0,226,3.39185,3.27144,1.03681
2025-12-04#t1511w0,2025-12-04,Hon. Mr. Gauvin,Affordability and housing,200,0.0,240,3.09582,3.06895,1.00875
2025-12-04#t1512w0,2025-12-04,Mr. Austin,Affordability and housing,165,1.0,199,3.71954,3.2016,1.16177
2025-12-04#t1513w0,2025-12-04,Hon. Mr. Legacy,Affordability and housing,169,1.0,217,3.48848,3.33904,1.04475
2025-12-04#t1515w0,2025-12-04,Hon. Mr. D’Amours,Affordability and housing,331,0.453,391,2.75154,2.89914,0.94909
2025-12-04#t1516w0,2025-12-04,Ms. M. Wilson,Affordability and housing,285,1.0,333,2.62407,2.69306,0.97438
2025-12-04#t1516w1,2025-12-04,Ms. M. Wilson,Affordability and housing,90,1.0,100,2.89669,3.49776,0.82816
2025-12-04#t1517w0,2025-12-04,Mr. Coon,Affordability and housing,287,1.0,332,3.11117,3.06116,1.01634
2025-12-04#t1518w0,2025-12-04,Hon. Ms. Boudreau,Affordability and housing,137,0.234,167,2.76025,2.99968,0.92018
2025-12-04#t1519w0,2025-12-04,Mr. Savoie,Affordability and housing,185,0.762,232,3.07538,3.33643,0.92176
2025-12-04#t1520w0,2025-12-04,Ms. Mitton,Affordability and housing,140,1.0,175,3.44179,3.42509,1.00487
2025-12-04#t1521w0,2025-12-04,Hon. Mr. Dornan,Affordability and housing,199,0.879,238,2.70975,2.93529,0.92316
2025-12-04#t1522w0,2025-12-04,Mr. Hogan,Affordability and housing,278,0.817,329,3.1987,3.15022,1.01539
2025-12-04#t1523w0,2025-12-04,Mr. Coon,Affordability and housing,230,0.983,276,2.90092,3.14658,0.92193
2025-12-04#t1524w0,2025-12-04,Hon. Mr. D’Amours,Affordability and housing,354,0.223,478,2.77717,2.76907,1.00293
2025-12-04#t1524w1,2025-12-04,Hon. Mr. D’Amours,Affordability and housing,50,1.0,61,3.46871,3.16382,1.09637
2025-12-04#t1525w0,2025-12-04,Mr. Oliver,Affordability and housing,324,1.0,403,2.88284,2.72943,1.0562
2025-12-04#t1525w1,2025-12-04,Mr. Oliver,Affordability and housing,357,1.0,441,3.09543,2.99366,1.034
2025-12-04#t1525w2,2025-12-04,Mr. Oliver,Affordability and housing,339,1.0,421,2.70459,3.1121,0.86905
2025-12-04#t1525w3,2025-12-04,Mr. Oliver,Affordability and housing,301,1.0,365,3.23065,3.26251,0.99023
2025-12-04#t1525w4,2025-12-04,Mr. Oliver,Affordability and housing,249,1.0,310,2.98012,3.12095,0.95488
2025-12-04#t1525w5,2025-12-04,Mr. Oliver,Affordability and housing,171,1.0,209,2.78524,3.38621,0.82252
2025-12-04#t1526w0,2025-12-04,Hon. Mr. McKee,Affordability and housing,294,0.612,360,2.31108,2.60533,0.88706
2025-12-04#t1526w1,2025-12-04,Hon. Mr. McKee,Affordability and housing,343,0.519,400,2.82973,2.87316,0.98489
2025-12-04#t1526w2,2025-12-04,Hon. Mr. McKee,Affordability and housing,302,0.384,373,3.12943,3.02523,1.03444
2025-12-04#t1526w3,2025-12-04,Hon. Mr. McKee,Affordability and housing,354,0.472,441,2.77685,2.88908,0.96115
2025-12-04#t1526w4,2025-12-04,Hon. Mr. McKee,Affordability and housing,305,0.852,364,2.92717,3.06695,0.95442
2025-12-04#t1526w5,2025-12-04,Hon. Mr. McKee,Affordability and housing,326,1.0,406,3.31406,3.13151,1.0583
2025-12-04#t1532w0,2025-12-04,Mr. Hogan,Affordability and housing,333,0.973,402,2.91963,2.97238,0.98225
2025-12-04#t1532w1,2025-12-04,Mr. Hogan,Affordability and housing,307,1.0,365,2.96297,2.99032,0.99085
2025-12-04#t1532w2,2025-12-04,Mr. Hogan,Affordability and housing,254,1.0,294,3.27273,3.19854,1.0232
2025-12-04#t1532w3,2025-12-04,Mr. Hogan,Affordability and housing,345,1.0,421,3.02154,2.96266,1.01988
2025-12-04#t1532w4,2025-12-04,Mr. Hogan,Affordability and housing,250,1.0,289,2.98003,2.97383,1.00209
2025-12-04#t1532w5,2025-12-04,Mr. Hogan,Affordability and housing,189,1.0,230,2.46725,2.83417,0.87054
2025-12-04#t1534w0,2025-12-04,Ms. Vautour,Affordability and housing,331,0.0,417,2.88245,3.01504,0.95602
2025-12-04#t1534w1,2025-12-04,Ms. Vautour,Affordability and housing,345,0.0,412,3.36354,3.31198,1.01557
2025-12-04#t1534w2,2025-12-04,Ms. Vautour,Affordability and housing,332,0.0,393,3.71237,3.38501,1.09671
2025-12-04#t1534w3,2025-12-04,Ms. Vautour,Affordability and housing,252,0.0,309,3.09295,3.31973,0.93169
2025-12-04#t1536w0,2025-12-04,Mr. Austin,Affordability and housing,248,1.0,289,2.80504,3.05531,0.91809
2025-12-04#t1536w1,2025-12-04,Mr. Austin,Affordability and housing,272,1.0,318,3.02073,3.20138,0.94357
2025-12-04#t1536w2,2025-12-04,Mr. Austin,Affordability and housing,262,1.0,311,2.97122,3.14244,0.94551
2025-12-04#t1536w3,2025-12-04,Mr. Austin,Affordability and housing,349,1.0,441,2.90077,3.09705,0.93662
2025-12-04#t1536w4,2025-12-04,Mr. Austin,Affordability and housing,279,1.0,323,2.77829,2.98078,0.93207
2025-12-04#t1536w5,2025-12-04,Mr. Austin,Affordability and housing,358,1.0,459,2.69755,2.88275,0.93576
2025-12-04#t1536w6,2025-12-04,Mr. Austin,Affordability and housing,339,1.0,412,2.69887,2.72907,0.98893
2025-12-04#t1538w0,2025-12-04,Mr. Johnston,Affordability and housing,353,1.0,427,3.33231,3.19072,1.04438
2025-12-04#t1538w1,2025-12-04,Mr. Johnston,Affordability and housing,326,1.0,433,2.934,2.97304,0.98687
2025-12-04#t1538w2,2025-12-04,Mr. Johnston,Affordability and housing,325,1.0,414,3.24949,3.2221,1.0085
2025-12-04#t1538w3,2025-12-04,Mr. Johnston,Affordability and housing,351,1.0,419,3.53576,3.36052,1.05215
2025-12-04#t1538w4,2025-12-04,Mr. Johnston,Affordability and housing,240,1.0,289,3.32615,3.26656,1.01824
2025-12-04#t1538w5,2025-12-04,Mr. Johnston,Affordability and housing,343,1.0,416,3.39526,3.26986,1.03835
2025-12-04#t1538w6,2025-12-04,Mr. Johnston,Affordability and housing,264,1.0,295,3.37498,3.4998,0.96434
2025-12-04#t1540w0,2025-12-04,Mr. Coon,Affordability and housing,70,1.0,100,2.77695,2.96209,0.9375
2025-12-04#t1541w0,2025-12-04,,Why Is This Important?,357,1.0,423,2.91058,2.95346,0.98548
2025-12-04#t1541w1,2025-12-04,,Why Is This Important?,353,1.0,435,2.48468,2.62928,0.945
2025-12-04#t1541w2,2025-12-04,,Why Is This Important?,102,1.0,131,2.60047,2.78144,0.93493
2025-12-04#t1542w0,2025-12-04,,community based addiction and mental health programs,311,1.0,372,2.69785,2.92188,0.92332
2025-12-04#t1542w1,2025-12-04,,community based addiction and mental health programs,278,1.0,345,3.22617,3.0749,1.0492
2025-12-04#t1542w2,2025-12-04,,community based addiction and mental health programs,296,1.0,350,3.02805,3.10315,0.9758
2025-12-04#t1542w3,2025-12-04,,community based addiction and mental health programs,234,1.0,281,2.70037,2.86648,0.94205
2025-12-04#t1544w0,2025-12-04,Mr. Savoie,community based addiction and mental health programs,332,0.705,388,2.70266,2.94645,0.91726
2025-12-04#t1544w1,2025-12-04,Mr. Savoie,community based addiction and mental health programs,236,1.0,269,2.9408,3.03516,0.96891
2025-12-04#t1544w2,2025-12-04,Mr. Savoie,community based addiction and mental health programs,329,1.0,381,3.08628,3.24712,0.95047
2025-12-04#t1544w3,2025-12-04,Mr. Savoie,community based addiction and mental health programs,94,1.0,111,3.50038,3.36176,1.04123
2025-12-04#t1546w0,2025-12-04,Mr. Ames,community based addiction and mental health programs,355,1.0,438,2.70196,2.68111,1.00778
2025-12-04#t1546w1,2025-12-04,Mr. Ames,community based addiction and mental health programs,344,1.0,409,3.01314,3.14943,0.95673
2025-12-04#t1546w2,2025-12-04,Mr. Ames,community based addiction and mental health programs,340,1.0,400,2.91394,3.45285,0.84392
2025-12-04#t1546w3,2025-12-04,Mr. Ames,community based addiction and mental health programs,266,1.0,326,3.16378,3.33383,0.94899
2025-12-04#t1547w0,2025-12-04,Mr. Deputy Speaker,community based addiction and mental health programs,339,1.0,430,2.90188,2.65541,1.09282
2025-12-04#t1547w1,2025-12-04,Mr. Deputy Speaker,community based addiction and mental health programs,279,1.0,347,2.78922,2.99183,0.93228
2025-12-04#t1548w0,2025-12-04,Mr. Austin,community based addiction and mental health programs,329,1.0,394,2.85762,2.88657,0.98997
2025-12-04#t1548w1,2025-12-04,Mr. Austin,community based addiction and mental health programs,351,1.0,406,2.91301,3.00618,0.96901
2025-12-04#t1548w2,2025-12-04,Mr. Austin,community based addiction and mental health programs,325,1.0,394,2.86465,2.86251,1.00075
2025-12-04#t1548w3,2025-12-04,Mr. Austin,community based addiction and mental health programs,347,1.0,423,2.82449,2.97522,0.94934
2025-12-04#t1548w4,2025-12-04,Mr. Austin,community based addiction and mental health programs,309,1.0,371,2.93792,3.06273,0.95925
2025-12-04#t1548w5,2025-12-04,Mr. Austin,community based addiction and mental health programs,332,1.0,419,3.15334,3.08401,1.02248
2025-12-04#t1548w6,2025-12-04,Mr. Austin,community based addiction and mental health programs,349,1.0,426,3.45686,3.24721,1.06456
2025-12-04#t1548w7,2025-12-04,Mr. Austin,community based addiction and mental health programs,348,1.0,421,3.10516,3.16847,0.98002
2025-12-04#t1548w8,2025-12-04,Mr. Austin,community based addiction and mental health programs,149,1.0,182,3.38987,3.27196,1.03604
2025-12-04#t1550w0,2025-12-04,Hon. Mr. McKee,community based addiction and mental health programs,300,0.813,353,2.62336,2.62844,0.99807
2025-12-04#t1550w1,2025-12-04,Hon. Mr. McKee,community based addiction and mental health programs,306,1.0,355,2.51865,2.47854,1.01618
2025-12-04#t1550w2,2025-12-04,Hon. Mr. McKee,community based addiction and mental health programs,298,1.0,348,2.95982,3.14039,0.9425
2025-12-04#t1550w3,2025-12-04,Hon. Mr. McKee,community based addiction and mental health programs,351,0.584,410,3.35822,3.39826,0.98822
2025-12-04#t1550w4,2025-12-04,Hon. Mr. McKee,community based addiction and mental health programs,338,0.882,400,2.82718,2.95037,0.95824
2025-12-04#t1550w5,2025-12-04,Hon. Mr. McKee,community based addiction and mental health programs,340,0.876,398,2.98199,3.26699,0.91276
2025-12-04#t1550w6,2025-12-04,Hon. Mr. McKee,community based addiction and mental health programs,79,1.0,93,3.18239,3.5004,0.90915
2025-12-04#t1552w0,2025-12-04,Mr. Hogan,community based addiction and mental health programs,349,1.0,412,3.18746,3.26094,0.97747
2025-12-04#t1552w1,2025-12-04,Mr. Hogan,community based addiction and mental health programs,352,1.0,425,3.04461,3.14781,0.96722
2025-12-04#t1553w0,2025-12-04,Mr. Hogan,community based addiction and mental health programs,345,1.0,411,2.79364,3.10777,0.89892
2025-12-04#t1554w0,2025-12-04,Mr. Hogan,community based addiction and mental health programs,336,1.0,399,3.13238,3.00755,1.0415
2025-12-04#t1554w1,2025-12-04,Mr. Hogan,community based addiction and mental health programs,219,1.0,268,2.96024,3.19756,0.92578
2025-12-04#t1556w0,2025-12-04,Ms. Wilcott,community based addiction and mental health programs,285,1.0,337,2.95415,2.87367,1.028
2025-12-04#t1556w1,2025-12-04,Ms. Wilcott,community based addiction and mental health programs,178,1.0,206,2.96866,3.11162,0.95405
2025-12-04#t1557w0,2025-12-04,,community based addiction and mental health programs,341,1.0,398,2.82704,3.05249,0.92614
2025-12-04#t1557w1,2025-12-04,,community based addiction and mental health programs,298,1.0,366,3.46733,3.39663,1.02082
2025-12-04#t1557w2,2025-12-04,,community based addiction and mental health programs,318,1.0,378,3.10919,3.23127,0.96222
2025-12-04#t1557w3,2025-12-04,,community based addiction and mental health programs,353,1.0,434,2.84717,3.04647,0.93458
2025-12-04#t1558w0,2025-12-04,Ms. Bockus,community based addiction and mental health programs,280,1.0,352,2.85322,2.72543,1.04689
2025-12-04#t1558w1,2025-12-04,Ms. Bockus,community based addiction and mental health programs,317,1.0,379,3.11997,3.05189,1.02231
2025-12-04#t1558w2,2025-12-04,Ms. Bockus,community based addiction and mental health programs,351,1.0,436,3.38009,3.09252,1.09299
2025-12-04#t1558w3,2025-12-04,Ms. Bockus,community based addiction and mental health programs,334,1.0,406,3.57554,3.27111,1.09307
2025-12-05#t1560w0,2025-12-05,Hon. Ms. Miles,community based addiction and mental health programs,214,1.0,294,2.91708,2.95934,0.98572
2025-12-05#t1561w0,2025-12-05,Mr. Lee,community based addiction and mental health programs,173,1.0,222,2.87029,2.8172,1.01885
2025-12-05#t1562w0,2025-12-05,Ms. M. Wilson,community based addiction and mental health programs,181,1.0,245,2.31449,2.49184,0.92883
2025-12-05#t1563w0,2025-12-05,Mr. Oliver,community based addiction and mental health programs,195,1.0,241,3.17075,3.31917,0.95528
2025-12-05#t1564w0,2025-12-05,Mr. Doucet,community based addiction and mental health programs,170,1.0,212,2.71113,3.11671,0.86987
2025-12-05#t1565w0,2025-12-05,Mr. Russell,community based addiction and mental health programs,146,1.0,189,3.35407,3.22798,1.03906
2025-12-05#t1566w0,2025-12-05,Mr. Coon,community based addiction and mental health programs,133,1.0,181,2.54832,2.6265,0.97023
2025-12-05#t1567w0,2025-12-05,Mr. J. LeBlanc,community based addiction and mental health programs,138,0.0,191,3.15463,3.40402,0.92674
2025-12-05#t1568w0,2025-12-05,Ms. Mitton,community based addiction and mental health programs,154,1.0,212,2.77451,2.80846,0.98791
2025-12-05#t1569w0,2025-12-05,Ms. Vautour,community based addiction and mental health programs,144,0.0,179,3.0284,3.11749,0.97142
2025-12-05#t1570w0,2025-12-05,Madam Speaker,community based addiction and mental health programs,165,0.679,203,3.15094,3.30091,0.95457
2025-12-05#t1571w0,2025-12-05,Mr. Weir,community based addiction and mental health programs,139,0.835,202,3.15141,3.09905,1.01689
2025-12-05#t1572w0,2025-12-05,Ms. Mitton,community based addiction and mental health programs,152,1.0,188,2.74117,2.90145,0.94476
2025-12-05#t1573w0,2025-12-05,Mr. Johnston,community based addiction and mental health programs,146,1.0,171,2.69136,2.81598,0.95574
2025-12-05#t1574w0,2025-12-05,Ms. Conroy,community based addiction and mental health programs,165,1.0,195,2.6357,3.18566,0.82736
2025-12-05#t1575w0,2025-12-05,Mr. J. LeBlanc,community based addiction and mental health programs,158,1.0,194,2.49965,2.95948,0.84463
2025-12-05#t1576w0,2025-12-05,Mr. Hogan,community based addiction and mental health programs,144,1.0,178,3.54724,3.4282,1.03472
2025-12-05#t1577w0,2025-12-05,Mr. Mallet,community based addiction and mental health programs,88,0.0,102,3.13174,3.27355,0.95668
2025-12-05#t1578w0,2025-12-05,Mr. Lee,community based addiction and mental health programs,167,1.0,213,3.69159,3.47859,1.06123
2025-12-05#t1579w0,2025-12-05,Ms. Sodhi,community based addiction and mental health programs,112,1.0,146,2.65965,2.88974,0.92038
2025-12-05#t1580w0,2025-12-05,Mr. Austin,community based addiction and mental health programs,146,1.0,180,2.99151,3.27601,0.91316
2025-12-05#t1581w0,2025-12-05,Mr. Savoie,community based addiction and mental health programs,122,0.934,145,2.75751,2.943,0.93697
2025-12-05#t1582w0,2025-12-05,Hon. Mr. Gauvin,community based addiction and mental health programs,188,0.0,237,2.65264,2.6968,0.98363
2025-12-05#t1583w0,2025-12-05,Mr. Savoie,community based addiction and mental health programs,140,0.607,173,3.37482,3.12071,1.08143
2025-12-05#t1584w0,2025-12-05,Hon. Mr. Gauvin,community based addiction and mental health programs,155,0.0,185,3.40818,3.20504,1.06338
2025-12-05#t1585w0,2025-12-05,Mr. Savoie,community based addiction and mental health programs,94,0.883,125,3.25739,3.0373,1.07246
2025-12-05#t1586w0,2025-12-05,Hon. Ms. Miles,community based addiction and mental health programs,166,1.0,206,2.91899,3.05,0.95705
2025-12-05#t1587w0,2025-12-05,Mr. Savoie,community based addiction and mental health programs,177,1.0,210,3.11936,3.05384,1.02146
2025-12-05#t1588w0,2025-12-05,Hon. Ms. Miles,community based addiction and mental health programs,192,1.0,220,2.89078,3.14254,0.91989
2025-12-05#t1589w0,2025-12-05,Mr. Savoie,community based addiction and mental health programs,144,1.0,180,3.23415,3.32184,0.9736
2025-12-05#t1590w0,2025-12-05,Hon. Mr. Hickey,community based addiction and mental health programs,186,1.0,215,3.17299,3.2471,0.97718
2025-12-05#t1591w0,2025-12-05,Mr. Savoie,community based addiction and mental health programs,192,1.0,246,3.01761,2.9917,1.00866
2025-12-05#t1592w0,2025-12-05,Hon. Mr. Herron,community based addiction and mental health programs,153,1.0,190,3.33018,2.96093,1.1247
2025-12-05#t1593w0,2025-12-05,Mr. Savoie,community based addiction and mental health programs,165,1.0,198,3.03447,3.17973,0.95432
2025-12-05#t1594w0,2025-12-05,Hon. Mr. Herron,community based addiction and mental health programs,141,1.0,172,3.53785,3.42387,1.03329
2025-12-05#t1595w0,2025-12-05,Mr. Austin,community based addiction and mental health programs,189,1.0,248,2.67118,3.08221,0.86664
2025-12-05#t1596w0,2025-12-05,Hon. Ms. Holt,community based addiction and mental health programs,186,0.978,247,2.87078,2.85634,1.00506
2025-12-05#t1597w0,2025-12-05,Mr. Austin,community based addiction and mental health programs,185,1.0,233,3.23646,2.97772,1.08689
2025-12-05#t1598w0,2025-12-05,Hon. Mr. Herron,community based addiction and mental health programs,66,1.0,83,3.83824,3.36778,1.13969
2025-12-05#t1599w0,2025-12-05,Mr. Austin,community based addiction and mental health programs,96,1.0,112,3.5174,3.30159,1.06537
2025-12-05#t1600w0,2025-12-05,Hon. Mr. Herron,community based addiction and mental health programs,133,1.0,155,3.66025,3.49102,1.04847
2025-12-05#t1601w0,2025-12-05,Ms. Bockus,community based addiction and mental health programs,81,1.0,102,3.43129,3.16331,1.08472
2025-12-05#t1602w0,2025-12-05,Hon. Mr. Randall,community based addiction and mental health programs,115,1.0,133,3.66203,3.59891,1.01754
2025-12-05#t1603w0,2025-12-05,Ms. Bockus,community based addiction and mental health programs,84,1.0,102,3.08434,3.15165,0.97864
2025-12-05#t1604w0,2025-12-05,Hon. Mr. Randall,community based addiction and mental health programs,142,1.0,158,3.34099,3.11836,1.07139
2025-12-05#t1605w0,2025-12-05,Ms. Bockus,community based addiction and mental health programs,89,1.0,102,3.44013,3.78951,0.9078
2025-12-05#t1606w0,2025-12-05,Hon. Mr. Randall,community based addiction and mental health programs,154,1.0,189,3.40646,3.39858,1.00232
2025-12-05#t1607w0,2025-12-05,Mr. Monahan,community based addiction and mental health programs,153,1.0,180,3.07786,3.04247,1.01163
2025-12-05#t1608w0,2025-12-05,Hon. Ms. Holt,community based addiction and mental health programs,174,1.0,221,2.85967,2.96332,0.96502
2025-12-05#t1609w0,2025-12-05,Mr. Monahan,community based addiction and mental health programs,151,0.0,176,3.30715,3.2055,1.03171
2025-12-05#t1610w0,2025-12-05,Hon. Mr. Legacy,community based addiction and mental health programs,122,0.0,140,3.86848,3.66961,1.0542
2025-12-05#t1611w0,2025-12-05,Mr. Hogan,community based addiction and mental health programs,88,1.0,105,3.26402,3.20089,1.01972
2025-12-05#t1612w0,2025-12-05,Hon. Ms. Holt,community based addiction and mental health programs,178,1.0,205,3.6619,3.18744,1.14885
2025-12-05#t1614w0,2025-12-05,Hon. Ms. Boudreau,community based addiction and mental health programs,161,0.342,205,2.85552,2.76306,1.03346
2025-12-05#t1615w0,2025-12-05,Ms. Scott-Wallace,community based addiction and mental health programs,174,1.0,222,3.29005,3.2917,0.9995
2025-12-05#t1616w0,2025-12-05,Ms. Mitton,community based addiction and mental health programs,160,0.975,189,3.02226,2.94854,1.025
2025-12-05#t1617w0,2025-12-05,Hon. Mr. Randall,community based addiction and mental health programs,263,0.985,319,2.77417,2.9637,0.93605
2025-12-05#t1618w0,2025-12-05,Mr. Russell,community based addiction and mental health programs,279,1.0,342,3.17147,3.29748,0.96179
2025-12-05#t1619w0,2025-12-05,Mr. Coon,community based addiction and mental health programs,322,0.988,417,2.91472,2.99919,0.97184
2025-12-05#t1619w1,2025-12-05,Mr. Coon,community based addiction and mental health programs,339,0.858,441,3.00732,3.10694,0.96794
2025-12-05#t1619w2,2025-12-05,Mr. Coon,community based addiction and mental health programs,95,1.0,124,2.63516,2.82117,0.93407
2025-12-05#t1620w0,2025-12-05,Hon. Mr. Legacy,community based addiction and mental health programs,73,0.151,117,2.58534,2.6134,0.98926
2025-12-05#t1622w0,2025-12-05,Mr. M. LeBlanc,community based addiction and mental health programs,337,0.552,394,2.90904,2.88158,1.00953
2025-12-05#t1622w1,2025-12-05,Mr. M. LeBlanc,community based addiction and mental health programs,224,1.0,278,2.46695,2.74495,0.89872
2025-12-05#t1622w2,2025-12-05,Mr. M. LeBlanc,community based addiction and mental health programs,349,1.0,429,2.66372,2.76825,0.96224
2025-12-05#t1622w3,2025-12-05,Mr. M. LeBlanc,community based addiction and mental health programs,360,1.0,431,2.76332,2.93052,0.94295
2025-12-05#t1622w4,2025-12-05,Mr. M. LeBlanc,community based addiction and mental health programs,317,0.893,373,3.31313,3.22294,1.02798
2025-12-05#t1622w5,2025-12-05,Mr. M. LeBlanc,community based addiction and mental health programs,226,1.0,259,2.88568,3.11056,0.92771
2025-12-05#t1623w0,2025-12-05,Mr. Chair,community based addiction and mental health programs,77,0.753,102,3.588,3.79326,0.94589
2025-12-09#t1625w0,2025-12-09,Mr. Russell,community based addiction and mental health programs,159,1.0,202,2.42932,2.48491,0.97763
2025-12-09#t1627w0,2025-12-09,Hon. Ms. Holt,community based addiction and mental health programs,232,0.134,308,3.04305,3.0018,1.01374
2025-12-09#t1628w0,2025-12-09,Hon. Mr. Legacy,community based addiction and mental health programs,144,0.104,201,3.12982,3.2025,0.9773
2025-12-09#t1629w0,2025-12-09,Mr. Oliver,community based addiction and mental health programs,161,1.0,203,3.28794,3.35415,0.98026
2025-12-09#t1630w0,2025-12-09,Hon. Ms. Boudreau,community based addiction and mental health programs,178,0.101,252,3.0359,3.07954,0.98583
2025-12-09#t1631w0,2025-12-09,Ms. Bockus,community based addiction and mental health programs,161,1.0,205,4.04927,3.72782,1.08623
2025-12-09#t1632w0,2025-12-09,Mr. Robichaud,community based addiction and mental health programs,132,0.0,169,2.86046,3.26276,0.8767
2025-12-09#t1633w0,2025-12-09,Mr. Ames,community based addiction and mental health programs,166,1.0,225,3.38844,3.1845,1.06404
2025-12-09#t1634w0,2025-12-09,Ms. Vautour,community based addiction and mental health programs,132,0.0,165,3.01129,3.22196,0.93461
2025-12-09#t1635w0,2025-12-09,Mr. Russell,community based addiction and mental health programs,141,1.0,166,2.96675,3.25453,0.91158
2025-12-09#t1636w0,2025-12-09,Ms. Mitton,community based addiction and mental health programs,108,0.0,139,3.243,3.16073,1.02603
2025-12-09#t1637w0,2025-12-09,Ms. Wilcott,community based addiction and mental health programs,120,1.0,145,3.29289,3.14749,1.0462
2025-12-09#t1638w0,2025-12-09,Ms. Scott-Wallace,community based addiction and mental health programs,131,1.0,167,3.67339,3.55184,1.03422
2025-12-09#t1639w0,2025-12-09,Mr. Robichaud,community based addiction and mental health programs,138,0.0,166,3.51046,3.25568,1.07826
2025-12-09#t1640w0,2025-12-09,Mr. Oliver,community based addiction and mental health programs,112,1.0,137,3.59389,3.21787,1.11685
2025-12-09#t1641w0,2025-12-09,Ms. Sodhi,community based addiction and mental health programs,138,1.0,168,2.35832,2.87891,0.81917
2025-12-09#t1642w0,2025-12-09,Mr. Cullins,community based addiction and mental health programs,147,1.0,184,3.17573,3.45887,0.91814
2025-12-09#t1643w0,2025-12-09,Ms. Vautour,community based addiction and mental health programs,147,0.0,186,2.76855,2.87054,0.96447
2025-12-09#t1644w0,2025-12-09,Ms. S. Wilson,community based addiction and mental health programs,130,1.0,158,3.40703,3.0749,1.10801
2025-12-09#t1645w0,2025-12-09,Mr. Savoie,community based addiction and mental health programs,155,0.948,188,3.32756,3.17027,1.04961
2025-12-09#t1646w0,2025-12-09,Hon. Ms. Holt,community based addiction and mental health programs,210,1.0,253,2.95763,3.04995,0.96973
2025-12-09#t1647w0,2025-12-09,Mr. Savoie,community based addiction and mental health programs,196,1.0,237,3.23648,3.30021,0.98069
2025-12-09#t1648w0,2025-12-09,Hon. Mr. Herron,community based addiction and mental health programs,134,1.0,157,3.78009,3.60412,1.04882
2025-12-09#t1649w0,2025-12-09,Mr. Savoie,community based addiction and mental health programs,140,1.0,169,3.22008,3.2602,0.98769
2025-12-09#t1650w0,2025-12-09,Hon. Mr. Herron,community based addiction and mental health programs,145,1.0,169,3.36481,3.3105,1.01641
2025-12-09#t1651w0,2025-12-09,Mr. Savoie,community based addiction and mental health programs,113,1.0,136,4.28948,3.7446,1.14551
2025-12-09#t1652w0,2025-12-09,Hon. Mr. Herron,community based addiction and mental health programs,140,1.0,160,3.52518,3.45298,1.02091
2025-12-09#t1653w0,2025-12-09,Mr. Savoie,community based addiction and mental health programs,198,1.0,251,2.88884,3.07895,0.93825
2025-12-09#t1654w0,2025-12-09,Hon. Mr. Herron,community based addiction and mental health programs,168,1.0,205,3.25395,3.35616,0.96954
2025-12-09#t1655w0,2025-12-09,Mr. Savoie,community based addiction and mental health programs,143,1.0,171,3.25686,3.10831,1.04779
2025-12-09#t1656w0,2025-12-09,Hon. Mr. Herron,community based addiction and mental health programs,157,1.0,195,3.57509,3.1016,1.15266
2025-12-09#t1657w0,2025-12-09,Mr. Austin,community based addiction and mental health programs,161,1.0,192,3.1597,3.17509,0.99515
2025-12-09#t1658w0,2025-12-09,Hon. Mr. Herron,community based addiction and mental health programs,159,1.0,186,3.58271,3.43943,1.04166
2025-12-09#t1659w0,2025-12-09,Mr. Austin,community based addiction and mental health programs,133,1.0,177,2.87715,3.1445,0.91498
2025-12-09#t1661w0,2025-12-09,Hon. Mr. Herron,community based addiction and mental health programs,147,1.0,181,3.80405,3.44887,1.10298
2025-12-09#t1662w0,2025-12-09,Mr. Austin,community based addiction and mental health programs,196,1.0,235,3.02076,3.24676,0.93039
2025-12-09#t1663w0,2025-12-09,Hon. Mr. Herron,community based addiction and mental health programs,182,1.0,225,3.43513,3.31662,1.03574
2025-12-09#t1664w0,2025-12-09,Mr. Coon,community based addiction and mental health programs,150,0.973,174,3.43815,3.12508,1.10018
2025-12-09#t1665w0,2025-12-09,Hon. Mr. Hickey,community based addiction and mental health programs,182,1.0,200,3.17203,3.06627,1.03449
2025-12-09#t1666w0,2025-12-09,Mr. Coon,community based addiction and mental health programs,147,1.0,172,3.91002,3.5254,1.1091
2025-12-09#t1667w0,2025-12-09,Hon. Mr. Hickey,community based addiction and mental health programs,186,1.0,211,3.22121,3.27331,0.98408
2025-12-09#t1668w0,2025-12-09,Mr. Hogan,community based addiction and mental health programs,150,1.0,172,3.24234,3.39081,0.95621
2025-12-09#t1669w0,2025-12-09,Hon. Mr. Dornan,community based addiction and mental health programs,196,1.0,230,3.5372,3.39764,1.04108
2025-12-09#t1670w0,2025-12-09,Mr. Hogan,community based addiction and mental health programs,123,1.0,143,3.88697,3.5955,1.08106
2025-12-09#t1672w0,2025-12-09,Hon. Mr. Dornan,community based addiction and mental health programs,198,1.0,232,3.23374,3.44538,0.93857
2025-12-09#t1673w0,2025-12-09,Mr. Hogan,community based addiction and mental health programs,137,1.0,163,3.15971,3.29418,0.95918
2025-12-09#t1674w0,2025-12-09,Hon. Mr. Dornan,community based addiction and mental health programs,181,1.0,215,3.66854,3.56034,1.03039
2025-12-09#t1675w0,2025-12-09,Mr. Savoie,community based addiction and mental health programs,154,1.0,192,3.26783,3.20096,1.02089
2025-12-09#t1676w0,2025-12-09,Hon. Mr. Legacy,community based addiction and mental health programs,168,1.0,197,3.04395,3.10235,0.98118
2025-12-09#t1678w0,2025-12-09,Hon. Ms. Holt,Déclarations ds ministres / Statements by Ministers,351,0.741,440,2.70976,2.68509,1.00918
2025-12-09#t1680w0,2025-12-09,Mr. Hogan,Déclarations ds ministres / Statements by Ministers,61,1.0,81,3.63977,3.46479,1.0505
2025-12-09#t1681w0,2025-12-09,Mr. Hogan,Déclarations ds ministres / Statements by Ministers,216,1.0,282,3.43286,3.30183,1.03968
2025-12-09#t1682w0,2025-12-09,Mr. Coon,Déclarations ds ministres / Statements by Ministers,297,0.987,356,3.12874,2.9466,1.06182
2025-12-09#t1683w0,2025-12-09,Hon. Ms. Thériault,Déclarations ds ministres / Statements by Ministers,181,0.414,211,2.81186,2.98003,0.94357
2025-12-09#t1684w0,2025-12-09,Ms. M. Wilson,Déclarations ds ministres / Statements by Ministers,245,1.0,303,2.94805,3.00016,0.98263
2025-12-09#t1685w0,2025-12-09,Ms. Mitton,Déclarations ds ministres / Statements by Ministers,103,0.544,123,2.91415,3.08513,0.94458
2025-12-09#t1686w0,2025-12-09,Hon. C. Johnson,Déclarations ds ministres / Statements by Ministers,267,0.483,324,2.90548,2.88456,1.00725
2025-12-09#t1687w0,2025-12-09,Mr. Lee,Déclarations ds ministres / Statements by Ministers,185,1.0,232,3.45445,3.16636,1.09099
2025-12-09#t1688w0,2025-12-09,Ms. Mitton,Déclarations ds ministres / Statements by Ministers,270,0.863,313,3.00564,3.0689,0.97939
2025-12-09#t1689w0,2025-12-09,Hon. Mr. Hickey,Déclarations ds ministres / Statements by Ministers,286,0.92,353,2.97052,3.03391,0.97911
2025-12-09#t1690w0,2025-12-09,Ms. Conroy,Déclarations ds ministres / Statements by Ministers,348,1.0,427,2.77206,2.93161,0.94558
2025-12-09#t1691w0,2025-12-09,Mr. Coon,Déclarations ds ministres / Statements by Ministers,358,0.891,457,3.42899,3.25962,1.05196
2025-12-09#t1691w1,2025-12-09,Mr. Coon,Déclarations ds ministres / Statements by Ministers,343,0.708,434,2.58829,2.68196,0.96508
2025-12-09#t1691w2,2025-12-09,Mr. Coon,Déclarations ds ministres / Statements by Ministers,113,1.0,144,2.7871,2.87639,0.96896
2025-12-09#t1692w0,2025-12-09,Mr. M. LeBlanc,Déclarations ds ministres / Statements by Ministers,346,0.922,422,2.96252,2.9506,1.00404
2025-12-09#t1692w1,2025-12-09,Mr. M. LeBlanc,Déclarations ds ministres / Statements by Ministers,349,0.848,442,2.54866,2.84692,0.89523
2025-12-09#t1692w2,2025-12-09,Mr. M. LeBlanc,Déclarations ds ministres / Statements by Ministers,133,0.865,190,2.76694,2.99723,0.92317
2025-12-09#t1693w0,2025-12-09,Hon. Mr. Dornan,Déclarations ds ministres / Statements by Ministers,251,0.693,307,2.85704,3.28452,0.86985
2025-12-09#t1696w0,2025-12-09,Mr. Monahan,Déclarations ds ministres / Statements by Ministers,115,1.0,163,2.8882,2.76289,1.04535
2025-12-09#t1697w0,2025-12-09,Hon. Mr. Legacy,Déclarations ds ministres / Statements by Ministers,94,1.0,135,3.52034,3.53364,0.99624
2025-12-09#t1698w0,2025-12-09,Mr. Monahan,Déclarations ds ministres / Statements by Ministers,85,1.0,107,3.3037,3.1234,1.05772
2025-12-09#t1699w0,2025-12-09,Hon. Mr. Legacy,Déclarations ds ministres / Statements by Ministers,207,1.0,280,3.18339,3.09968,1.02701
2025-12-09#t1701w0,2025-12-09,Hon. Mr. Legacy,Déclarations ds ministres / Statements by Ministers,79,1.0,105,3.54925,3.71623,0.95507
2025-12-09#t1702w0,2025-12-09,Mr. Monahan,Déclarations ds ministres / Statements by Ministers,96,0.479,116,3.76236,3.20244,1.17484
2025-12-09#t1703w0,2025-12-09,Hon. Mr. Legacy,Déclarations ds ministres / Statements by Ministers,165,1.0,216,3.07992,3.33747,0.92283
2025-12-09#t1704w0,2025-12-09,Ms. Bockus,Déclarations ds ministres / Statements by Ministers,107,1.0,133,3.02959,3.21387,0.94266
2025-12-09#t1705w0,2025-12-09,Hon. Mr. Legacy,Déclarations ds ministres / Statements by Ministers,89,1.0,110,4.06738,4.04519,1.00548
2025-12-09#t1706w0,2025-12-09,Ms. Bockus,Déclarations ds ministres / Statements by Ministers,116,1.0,143,3.51866,3.40684,1.03282
2025-12-09#t1709w0,2025-12-09,Hon. Mr. Legacy,Déclarations ds ministres / Statements by Ministers,68,1.0,80,4.64092,4.27348,1.08598
2025-12-09#t1711w0,2025-12-09,Hon. Mr. Legacy,Déclarations ds ministres / Statements by Ministers,75,1.0,90,4.37001,3.95616,1.10461
2025-12-09#t1713w0,2025-12-09,Hon. Mr. Legacy,Déclarations ds ministres / Statements by Ministers,90,0.0,102,3.47248,3.05378,1.13711
2025-12-09#t1715w0,2025-12-09,Hon. Mr. Legacy,Déclarations ds ministres / Statements by Ministers,134,0.0,179,3.02547,3.09991,0.97598
2025-12-09#t1716w0,2025-12-09,Mr. Monahan,Déclarations ds ministres / Statements by Ministers,148,0.0,185,3.45412,3.44869,1.00158
2025-12-09#t1717w0,2025-12-09,Hon. Mr. Legacy,Déclarations ds ministres / Statements by Ministers,243,0.0,296,3.37512,3.30353,1.02167
2025-12-09#t1719w0,2025-12-09,Mr. Chair,Déclarations ds ministres / Statements by Ministers,336,0.643,476,1.20572,1.39863,0.86208
2025-12-09#t1720w0,2025-12-09,Mr. Chair,Déclarations ds ministres / Statements by Ministers,87,1.0,106,3.74578,3.89047,0.96281
2025-12-10#t1722w0,2025-12-10,Mr. Cullins,Déclarations ds ministres / Statements by Ministers,154,1.0,202,2.42843,2.59055,0.93742
2025-12-10#t1723w0,2025-12-10,Mr. Austin,Déclarations ds ministres / Statements by Ministers,162,1.0,201,3.2861,3.21362,1.02255
2025-12-10#t1725w0,2025-12-10,Mr. Mallet,Déclarations ds ministres / Statements by Ministers,119,0.0,163,3.16956,3.14285,1.0085
2025-12-10#t1726w0,2025-12-10,Mr. Bourque,Déclarations ds ministres / Statements by Ministers,171,0.094,219,2.76521,2.96654,0.93213
2025-12-10#t1727w0,2025-12-10,Mr. Savoie,Déclarations ds ministres / Statements by Ministers,175,0.966,218,2.67479,2.94264,0.90898
2025-12-10#t1728w0,2025-12-10,Mr. Coon,Déclarations ds ministres / Statements by Ministers,162,0.975,192,2.99295,3.0376,0.9853
2025-12-10#t1729w0,2025-12-10,Hon. Mr. Finnigan,Déclarations ds ministres / Statements by Ministers,133,0.308,190,3.77098,3.98037,0.94739
2025-12-10#t1730w0,2025-12-10,Mr. Weir,Déclarations ds ministres / Statements by Ministers,142,0.775,179,2.72903,3.10654,0.87848
2025-12-10#t1731w0,2025-12-10,Ms. Mitton,Déclarations ds ministres / Statements by Ministers,152,1.0,185,2.86262,3.05565,0.93683
2025-12-10#t1732w0,2025-12-10,Mr. Johnston,Déclarations ds ministres / Statements by Ministers,185,1.0,252,3.66586,3.67437,0.99768
2025-12-10#t1733w0,2025-12-10,Ms. Vautour,Déclarations ds ministres / Statements by Ministers,135,0.0,184,2.84764,2.74361,1.03792
2025-12-10#t1734w0,2025-12-10,Ms. M. Wilson,Déclarations ds ministres / Statements by Ministers,172,1.0,225,2.98227,3.10414,0.96074
2025-12-10#t1735w0,2025-12-10,Mr. Coon,Déclarations ds ministres / Statements by Ministers,160,1.0,180,3.56876,3.42047,1.04335
2025-12-10#t1736w0,2025-12-10,Mr. J. LeBlanc,Déclarations ds ministres / Statements by Ministers,143,0.392,171,2.31528,2.92299,0.79209
2025-12-10#t1737w0,2025-12-10,Ms. Bockus,Déclarations ds ministres / Statements by Ministers,187,1.0,207,3.3778,3.24854,1.03979
2025-12-10#t1738w0,2025-12-10,Mr. Mallet,Déclarations ds ministres / Statements by Ministers,132,0.0,166,3.3978,3.41593,0.99469
2025-12-10#t1739w0,2025-12-10,Mr. Ames,Déclarations ds ministres / Statements by Ministers,172,1.0,203,3.37127,3.37013,1.00034
2025-12-10#t1740w0,2025-12-10,Mr. Bourque,Déclarations ds ministres / Statements by Ministers,175,0.0,226,3.41948,3.18423,1.07388
2025-12-10#t1741w0,2025-12-10,Mr. Russell,Déclarations ds ministres / Statements by Ministers,126,1.0,149,3.31379,3.09572,1.07044
2025-12-10#t1742w0,2025-12-10,Mr. Doucet,Déclarations ds ministres / Statements by Ministers,151,1.0,173,2.744,3.0228,0.90777
2025-12-10#t1743w0,2025-12-10,Mr. Monahan,Déclarations ds ministres / Statements by Ministers,160,1.0,202,2.88624,3.53624,0.81619
2025-12-10#t1744w0,2025-12-10,Mr. Savoie,Déclarations ds ministres / Statements by Ministers,72,0.0,88,2.12309,2.7184,0.78101
2025-12-10#t1745w0,2025-12-10,Hon. Mr. Dornan,Déclarations ds ministres / Statements by Ministers,178,1.0,213,3.21545,3.16971,1.01443
2025-12-10#t1746w0,2025-12-10,Mr. Savoie,Déclarations ds ministres / Statements by Ministers,108,1.0,134,2.88881,3.25182,0.88837
2025-12-10#t1747w0,2025-12-10,Hon. Mr. Dornan,Déclarations ds ministres / Statements by Ministers,145,1.0,188,3.40952,3.28489,1.03794
2025-12-10#t1748w0,2025-12-10,Mr. Savoie,Déclarations ds ministres / Statements by Ministers,155,1.0,206,3.63661,3.40112,1.06924
2025-12-10#t1749w0,2025-12-10,Hon. Mr. Dornan,Déclarations ds ministres / Statements by Ministers,139,1.0,184,2.92093,2.93449,0.99538
2025-12-10#t1750w0,2025-12-10,Mr. Savoie,Déclarations ds ministres / Statements by Ministers,157,1.0,191,2.63691,2.74766,0.95969
2025-12-10#t1751w0,2025-12-10,Hon. Mr. Dornan,Déclarations ds ministres / Statements by Ministers,126,1.0,174,3.0229,3.12387,0.96768
2025-12-10#t1752w0,2025-12-10,Ms. Conroy,Déclarations ds ministres / Statements by Ministers,211,1.0,255,3.13005,3.34429,0.93594
2025-12-10#t1753w0,2025-12-10,Hon. Ms. Miles,Déclarations ds ministres / Statements by Ministers,176,1.0,219,3.2405,3.22065,1.00616
2025-12-10#t1754w0,2025-12-10,Ms. Conroy,Déclarations ds ministres / Statements by Ministers,136,1.0,164,3.35843,3.31658,1.01262
2025-12-10#t1755w0,2025-12-10,Hon. Ms. Miles,Déclarations ds ministres / Statements by Ministers,194,1.0,224,3.13022,3.14056,0.99671
2025-12-10#t1756w0,2025-12-10,Ms. Conroy,Déclarations ds ministres / Statements by Ministers,205,1.0,245,3.114,3.34131,0.93197
2025-12-10#t1757w0,2025-12-10,Hon. Ms. Miles,Déclarations ds ministres / Statements by Ministers,178,1.0,215,3.13362,2.96295,1.0576
2025-12-10#t1758w0,2025-12-10,Ms. Scott-Wallace,Déclarations ds ministres / Statements by Ministers,167,1.0,194,3.51864,3.42602,1.02703
2025-12-10#t1759w0,2025-12-10,Hon. Mr. Hickey,Déclarations ds ministres / Statements by Ministers,180,1.0,204,2.61747,3.03221,0.86322
2025-12-10#t1760w0,2025-12-10,Ms. Scott-Wallace,Déclarations ds ministres / Statements by Ministers,189,1.0,219,3.65353,3.62755,1.00716
2025-12-10#t1761w0,2025-12-10,Hon. Mr. Hickey,Déclarations ds ministres / Statements by Ministers,96,0.958,116,3.72205,3.44167,1.08146
2025-12-10#t1762w0,2025-12-10,Hon. Mr. Hickey,Déclarations ds ministres / Statements by Ministers,68,1.0,83,3.38216,3.62953,0.93184
2025-12-10#t1763w0,2025-12-10,Ms. Scott-Wallace,Déclarations ds ministres / Statements by Ministers,187,1.0,214,3.58026,3.67643,0.97384
2025-12-10#t1764w0,2025-12-10,Hon. Mr. Hickey,Déclarations ds ministres / Statements by Ministers,165,1.0,196,3.2364,3.35499,0.96465
2025-12-10#t1765w0,2025-12-10,Ms. Mitton,Déclarations ds ministres / Statements by Ministers,133,0.0,156,2.94795,2.75823,1.06878
2025-12-10#t1766w0,2025-12-10,Hon. Ms. Boudreau,Déclarations ds ministres / Statements by Ministers,111,0.306,126,2.76426,3.31056,0.83498
2025-12-10#t1767w0,2025-12-10,Ms. Mitton,Déclarations ds ministres / Statements by Ministers,123,1.0,141,3.23286,3.47721,0.92973
2025-12-10#t1768w0,2025-12-10,Hon. Ms. Boudreau,Déclarations ds ministres / Statements by Ministers,141,0.028,161,2.89004,3.24574,0.89041
2025-12-10#t1769w0,2025-12-10,Ms. Mitton,Déclarations ds ministres / Statements by Ministers,179,1.0,220,3.3997,3.17637,1.07031
2025-12-10#t1770w0,2025-12-10,Hon. Ms. Boudreau,Déclarations ds ministres / Statements by Ministers,180,0.0,206,3.08342,3.12267,0.98743
2025-12-10#t1771w0,2025-12-10,Mr. Monahan,Déclarations ds ministres / Statements by Ministers,121,1.0,163,2.92783,2.90674,1.00726
2025-12-10#t1772w0,2025-12-10,Hon. Mr. McKee,Déclarations ds ministres / Statements by Ministers,178,1.0,216,2.65409,2.96641,0.89472
2025-12-10#t1773w0,2025-12-10,Mr. Monahan,Déclarations ds ministres / Statements by Ministers,145,0.0,188,2.65508,3.00885,0.88243
2025-12-10#t1774w0,2025-12-10,Hon. Mr. LePage,Déclarations ds ministres / Statements by Ministers,141,0.0,168,3.22031,3.52158,0.91445
2025-12-10#t1775w0,2025-12-10,Mr. Monahan,Déclarations ds ministres / Statements by Ministers,128,1.0,179,3.01926,2.77681,1.08731
2025-12-10#t1776w0,2025-12-10,Hon. Ms. Holt,Déclarations ds ministres / Statements by Ministers,185,0.735,211,2.6994,3.13321,0.86154
2025-12-10#t1778w0,2025-12-10,Hon. Mr. Dornan,Déclarations ds ministres / Statements by Ministers,149,0.631,198,2.88344,3.23062,0.89254
2025-12-10#t1779w0,2025-12-10,Mr. Hogan,Déclarations ds ministres / Statements by Ministers,167,0.838,202,3.12617,3.18218,0.9824
2025-12-10#t1781w0,2025-12-10,Mr. Coon,Déclarations ds ministres / Statements by Ministers,236,1.0,273,3.44418,3.19709,1.07728
2025-12-10#t1782w0,2025-12-10,Hon. Mr. Randall,Déclarations ds ministres / Statements by Ministers,260,0.827,341,2.9409,3.1885,0.92235
2025-12-10#t1783w0,2025-12-10,Mr. Russell,Déclarations ds ministres / Statements by Ministers,261,1.0,307,1.94825,2.43612,0.79973
2025-12-10#t1784w0,2025-12-10,Ms. Mitton,Déclarations ds ministres / Statements by Ministers,205,1.0,235,3.06406,3.06935,0.99828
2025-12-10#t1785w0,2025-12-10,Mr. Mallet,Déclarations ds ministres / Statements by Ministers,159,0.0,214,2.53372,2.84553,0.89042
2025-12-10#t1786w0,2025-12-10,Hon. Mr. McKee,Déclarations ds ministres / Statements by Ministers,211,0.701,268,2.55288,2.79126,0.9146
2025-12-10#t1788w0,2025-12-10,Madam Speaker,Déclarations ds ministres / Statements by Ministers,78,0.808,122,2.6198,2.66559,0.98282
2025-12-10#t1790w0,2025-12-10,Ms. Mitton,Déclarations ds ministres / Statements by Ministers,69,0.768,95,2.45711,2.59333,0.94747
2025-12-11#t1792w0,2025-12-11,Hon. Ms. Boudreau,Déclarations ds ministres / Statements by Ministers,166,0.0,241,2.46632,2.80251,0.88004
2025-12-11#t1793w0,2025-12-11,Mr. Hogan,Déclarations ds ministres / Statements by Ministers,137,1.0,189,2.95058,2.90339,1.01625
2025-12-11#t1794w0,2025-12-11,Mr. Coon,Déclarations ds ministres / Statements by Ministers,217,0.982,309,2.82166,2.89182,0.97574
2025-12-11#t1795w0,2025-12-11,Mr. Russell,Déclarations ds ministres / Statements by Ministers,156,0.974,211,2.84313,3.18756,0.89195
2025-12-11#t1797w0,2025-12-11,Hon. C. Johnson,Déclarations ds ministres / Statements by Ministers,68,1.0,84,3.42303,3.66392,0.93425
2025-12-11#t1798w0,2025-12-11,Mr. Hogan,Déclarations ds ministres / Statements by Ministers,93,1.0,118,3.10534,3.16411,0.98143
2025-12-11#t1799w0,2025-12-11,Mr. Doucet,Déclarations ds ministres / Statements by Ministers,119,0.0,178,2.532,2.75097,0.9204
2025-12-11#t1800w0,2025-12-11,Mr. Cullins,Déclarations ds ministres / Statements by Ministers,163,1.0,221,3.06162,2.92091,1.04818
2025-12-11#t1801w0,2025-12-11,Ms. Mitton,Déclarations ds ministres / Statements by Ministers,160,1.0,188,3.242,3.20221,1.01243
2025-12-11#t1802w0,2025-12-11,Ms. Wilcott,Déclarations ds ministres / Statements by Ministers,147,1.0,178,2.98802,3.17018,0.94254
2025-12-11#t1803w0,2025-12-11,Mr. Russell,Déclarations ds ministres / Statements by Ministers,168,0.958,225,2.21543,2.8572,0.77539
2025-12-11#t1804w0,2025-12-11,Mr. Mallet,Déclarations ds ministres / Statements by Ministers,114,0.0,146,2.87478,3.1084,0.92484
2025-12-11#t1805w0,2025-12-11,Mr. Weir,Déclarations ds ministres / Statements by Ministers,151,0.762,181,3.34579,3.3593,0.99598
2025-12-11#t1806w0,2025-12-11,Ms. Mitton,Déclarations ds ministres / Statements by Ministers,163,1.0,197,3.45212,3.26183,1.05834
2025-12-11#t1807w0,2025-12-11,Mr. Johnston,Déclarations ds ministres / Statements by Ministers,235,0.6,304,3.14773,3.0604,1.02854
2025-12-11#t1807w1,2025-12-11,Mr. Johnston,Déclarations ds ministres / Statements by Ministers,134,1.0,174,2.996,3.15378,0.94997
2025-12-11#t1808w0,2025-12-11,Ms. Wilcott,Déclarations ds ministres / Statements by Ministers,151,1.0,180,3.11419,3.20743,0.97093
2025-12-11#t1809w0,2025-12-11,Mr. Hogan,Déclarations ds ministres / Statements by Ministers,170,1.0,215,3.32361,3.37178,0.98571
2025-12-11#t1813w0,2025-12-11,Mr. Robichaud,Déclarations ds ministres / Statements by Ministers,151,0.0,203,2.53348,2.86259,0.88503
2025-12-11#t1814w0,2025-12-11,Mr. Lee,Déclarations ds ministres / Statements by Ministers,149,1.0,184,3.72514,3.44927,1.07998
2025-12-11#t1815w0,2025-12-11,Mr. M. LeBlanc,Déclarations ds ministres / Statements by Ministers,166,1.0,205,3.27862,3.35798,0.97637
2025-12-11#t1816w0,2025-12-11,Mr. Austin,Déclarations ds ministres / Statements by Ministers,217,1.0,270,3.03581,3.22066,0.9426
2025-12-11#t1817w0,2025-12-11,Mr. Savoie,Déclarations ds ministres / Statements by Ministers,205,0.961,243,2.70726,2.90738,0.93117
2025-12-11#t1818w0,2025-12-11,Hon. Mr. McKee,Déclarations ds ministres / Statements by Ministers,187,1.0,227,3.09687,3.11838,0.9931
2025-12-11#t1819w0,2025-12-11,Mr. Savoie,Déclarations ds ministres / Statements by Ministers,228,1.0,270,2.78132,3.06526,0.90737
2025-12-11#t1820w0,2025-12-11,Hon. Mr. McKee,Déclarations ds ministres / Statements by Ministers,203,0.97,249,2.60029,2.87023,0.90595
2025-12-11#t1821w0,2025-12-11,Mr. Savoie,Déclarations ds ministres / Statements by Ministers,201,0.97,232,3.05646,3.18894,0.95846
2025-12-11#t1822w0,2025-12-11,Hon. Mr. McKee,Déclarations ds ministres / Statements by Ministers,201,0.98,239,2.83074,2.94018,0.96278
2025-12-11#t1823w0,2025-12-11,Mr. Savoie,Déclarations ds ministres / Statements by Ministers,203,1.0,256,2.92297,2.98692,0.97859
2025-12-11#t1824w0,2025-12-11,Hon. Mr. McKee,Déclarations ds ministres / Statements by Ministers,166,1.0,215,3.08615,3.04624,1.0131
2025-12-11#t1825w0,2025-12-11,Mr. Savoie,Déclarations ds ministres / Statements by Ministers,176,1.0,207,3.27382,3.23526,1.01192
2025-12-11#t1826w0,2025-12-11,Hon. Mr. McKee,Déclarations ds ministres / Statements by Ministers,156,0.0,186,3.22528,3.21158,1.00426
2025-12-11#t1827w0,2025-12-11,Mr. Savoie,Déclarations ds ministres / Statements by Ministers,225,1.0,280,2.96439,2.95187,1.00424
2025-12-11#t1828w0,2025-12-11,Hon. Mr. McKee,Déclarations ds ministres / Statements by Ministers,172,0.506,213,2.93378,2.99283,0.98027
2025-12-11#t1829w0,2025-12-11,Ms. Scott-Wallace,Déclarations ds ministres / Statements by Ministers,174,1.0,208,3.05809,3.06909,0.99642
2025-12-11#t1830w0,2025-12-11,Hon. Ms. Boudreau,Déclarations ds ministres / Statements by Ministers,149,0.0,182,2.91794,3.13547,0.93062
2025-12-11#t1831w0,2025-12-11,Ms. Scott-Wallace,Déclarations ds ministres / Statements by Ministers,136,1.0,164,3.48311,3.26002,1.06843
2025-12-11#t1832w0,2025-12-11,Hon. Ms. Boudreau,Déclarations ds ministres / Statements by Ministers,176,0.0,206,2.94398,3.24661,0.90679
2025-12-11#t1833w0,2025-12-11,Ms. Scott-Wallace,Déclarations ds ministres / Statements by Ministers,128,1.0,150,3.87747,3.69428,1.04959
2025-12-11#t1834w0,2025-12-11,Hon. Ms. Boudreau,Déclarations ds ministres / Statements by Ministers,172,0.0,202,3.38552,3.16767,1.06877
2025-12-11#t1835w0,2025-12-11,Mr. Coon,Déclarations ds ministres / Statements by Ministers,170,1.0,213,2.85253,2.89142,0.98655
2025-12-11#t1836w0,2025-12-11,Hon. K. Chiasson,Déclarations ds ministres / Statements by Ministers,163,1.0,199,2.79496,3.11614,0.89693
2025-12-11#t1837w0,2025-12-11,Mr. Coon,Déclarations ds ministres / Statements by Ministers,105,0.0,127,2.97212,3.22064,0.92284
2025-12-11#t1838w0,2025-12-11,L’hon. K. Chiasson,Déclarations ds ministres / Statements by Ministers,176,0.0,200,3.07461,3.0185,1.01859
2025-12-11#t1839w0,2025-12-11,Ms. Bockus,Déclarations ds ministres / Statements by Ministers,103,1.0,129,3.05899,3.17304,0.96406
2025-12-11#t1840w0,2025-12-11,Hon. Mr. Dornan,Déclarations ds ministres / Statements by Ministers,83,1.0,105,3.34306,3.32672,1.00491
2025-12-11#t1841w0,2025-12-11,Ms. Bockus,Déclarations ds ministres / Statements by Ministers,114,1.0,139,3.47328,3.34437,1.03854
2025-12-11#t1846w0,2025-12-11,Hon. Mr. Dornan,Déclarations ds ministres / Statements by Ministers,112,1.0,138,3.3645,3.74129,0.89929
2025-12-11#t1847w0,2025-12-11,Ms. Bockus,Déclarations ds ministres / Statements by Ministers,118,1.0,132,3.03139,3.17347,0.95523
2025-12-11#t1848w0,2025-12-11,Hon. Mr. Dornan,Déclarations ds ministres / Statements by Ministers,143,1.0,173,3.41467,3.36666,1.01426
2025-12-11#t1849w0,2025-12-11,Mr. Savoie,Déclarations ds ministres / Statements by Ministers,172,1.0,214,2.7195,2.94808,0.92246
2025-12-11#t1850w0,2025-12-11,Hon. Mr. McKee,Déclarations ds ministres / Statements by Ministers,157,0.975,186,3.40292,3.11863,1.09116
2025-12-11#t1852w0,2025-12-11,Hon. Mr. Dornan,Déclarations ds ministres / Statements by Ministers,157,0.624,199,2.87384,3.07519,0.93453
2025-12-11#t1853w0,2025-12-11,Mr. Hogan,Déclarations ds ministres / Statements by Ministers,248,0.714,308,3.01336,3.26322,0.92343
2025-12-11#t1855w0,2025-12-11,Mr. Coon,Déclarations ds ministres / Statements by Ministers,233,1.0,281,3.05615,3.16494,0.96563
2025-12-11#t1856w0,2025-12-11,Hon. C. Johnson,Déclarations ds ministres / Statements by Ministers,223,0.673,279,2.61505,2.80569,0.93205
2025-12-11#t1857w0,2025-12-11,Mr. Lee,Déclarations ds ministres / Statements by Ministers,116,1.0,138,2.97065,3.24875,0.9144
2025-12-11#t1858w0,2025-12-11,Ms. Mitton,Déclarations ds ministres / Statements by Ministers,237,0.983,275,2.66185,2.88875,0.92145
2025-12-11#t1859w0,2025-12-11,Hon. Mr. Randall,Déclarations ds ministres / Statements by Ministers,333,0.817,389,2.68573,2.59945,1.03319
2025-12-11#t1860w0,2025-12-11,Mr. Russell,Déclarations ds ministres / Statements by Ministers,288,1.0,334,2.65867,2.6932,0.98718
2025-12-11#t1861w0,2025-12-11,Ms. Mitton,Déclarations ds ministres / Statements by Ministers,320,0.988,372,2.92942,3.07443,0.95283
2025-12-11#t1862w0,2025-12-11,Hon. C. Johnson,Déclarations ds ministres / Statements by Ministers,354,0.684,437,2.41783,2.55723,0.94549
2025-12-11#t1863w0,2025-12-11,Mr. Lee,Déclarations ds ministres / Statements by Ministers,224,1.0,278,3.32555,3.4101,0.9752
2025-12-11#t1864w0,2025-12-11,Ms. Mitton,Déclarations ds ministres / Statements by Ministers,355,0.614,413,2.65221,2.85041,0.93047
2025-12-11#t1865w0,2025-12-11,Hon. Ms. Townsend,Déclarations ds ministres / Statements by Ministers,173,0.977,195,2.97228,2.78526,1.06714
2025-12-11#t1866w0,2025-12-11,Mr. Cullins,Déclarations ds ministres / Statements by Ministers,255,1.0,306,2.88123,3.11481,0.92501
2025-12-11#t1867w0,2025-12-11,Mr. Coon,Déclarations ds ministres / Statements by Ministers,199,0.98,231,2.90566,2.98331,0.97397
2025-12-11#t1868w0,2025-12-11,Hon. Ms. Boudreau,Déclarations ds ministres / Statements by Ministers,162,0.0,207,3.37728,3.20106,1.05505
2025-12-11#t1869w0,2025-12-11,Ms. Scott-Wallace,Déclarations ds ministres / Statements by Ministers,160,1.0,192,3.5917,3.3559,1.07026
2025-12-11#t1870w0,2025-12-11,Mr. Coon,Déclarations ds ministres / Statements by Ministers,174,0.649,223,3.18192,3.07532,1.03467
2025-12-11#t1873w0,2025-12-11,Mr. M. LeBlanc,Déclarations ds ministres / Statements by Ministers,58,1.0,68,3.26126,3.0996,1.05215
2025-12-11#t1875w0,2025-12-11,Hon. Ms. Miles,Déclarations ds ministres / Statements by Ministers,102,1.0,125,3.18008,3.61308,0.88016
2025-12-11#t1876w0,2025-12-11,Ms. Conroy,Déclarations ds ministres / Statements by Ministers,159,1.0,181,2.93106,2.92615,1.00168
2025-12-11#t1877w0,2025-12-11,Madam Speaker,Déclarations ds ministres / Statements by Ministers,341,0.762,445,2.50118,2.51947,0.99274
2025-12-11#t1877w1,2025-12-11,Madam Speaker,Déclarations ds ministres / Statements by Ministers,333,0.703,457,2.23601,2.31182,0.96721
2025-12-11#t1877w2,2025-12-11,Madam Speaker,Déclarations ds ministres / Statements by Ministers,119,0.479,144,2.35937,3.03559,0.77724
2025-12-11#t1880w0,2025-12-11,Madam Speaker,Déclarations ds ministres / Statements by Ministers,331,1.0,416,3.07082,3.20669,0.95763
2025-12-11#t1880w1,2025-12-11,Madam Speaker,Déclarations ds ministres / Statements by Ministers,267,1.0,311,2.98184,2.89185,1.03112
2025-12-11#t1880w2,2025-12-11,Madam Speaker,Déclarations ds ministres / Statements by Ministers,244,1.0,294,3.15093,3.2635,0.96551
2025-12-11#t1880w3,2025-12-11,Madam Speaker,Déclarations ds ministres / Statements by Ministers,276,1.0,329,3.09123,3.10118,0.99679
2025-12-11#t1880w4,2025-12-11,Madam Speaker,Déclarations ds ministres / Statements by Ministers,329,1.0,417,3.35945,3.2268,1.04111
2025-12-11#t1880w5,2025-12-11,Madam Speaker,Déclarations ds ministres / Statements by Ministers,58,1.0,75,3.42352,3.55695,0.96249
2025-12-11#t1885w0,2025-12-11,Mr. Austin,Déclarations ds ministres / Statements by Ministers,92,1.0,109,3.21201,3.17644,1.0112
2025-12-11#t1886w0,2025-12-11,Ms. Mitton,Déclarations ds ministres / Statements by Ministers,69,1.0,86,2.76074,3.22744,0.8554
2025-12-11#t1889w0,2025-12-11,Mr. Savoie,Déclarations ds ministres / Statements by Ministers,100,1.0,119,3.3723,3.41743,0.98679
2025-12-11#t1890w0,2025-12-11,Mr. Deputy Speaker,Déclarations ds ministres / Statements by Ministers,61,1.0,86,2.65806,3.14796,0.84437
2025-12-11#t1891w0,2025-12-11,Mr. Deputy Speaker,Déclarations ds ministres / Statements by Ministers,210,0.838,241,2.61566,2.99879,0.87224
2025-12-11#t1893w0,2025-12-11,Mr. Bourque,Déclarations ds ministres / Statements by Ministers,299,1.0,370,2.85405,2.99925,0.95158
2025-12-11#t1893w1,2025-12-11,Mr. Bourque,Déclarations ds ministres / Statements by Ministers,173,1.0,208,2.93282,3.09599,0.9473
2025-12-11#t1895w0,2025-12-11,Mr. Bourque,Déclarations ds ministres / Statements by Ministers,111,1.0,143,3.294,3.25805,1.01104
2025-12-11#t1896w0,2025-12-11,Mr. Bourque,Déclarations ds ministres / Statements by Ministers,96,1.0,114,3.31286,3.42562,0.96708
2025-12-11#t1899w0,2025-12-11,Mr. M. LeBlanc,Déclarations ds ministres / Statements by Ministers,82,1.0,117,3.2951,3.32477,0.99108
2025-12-11#t1900w0,2025-12-11,Mr. Deputy Speaker,Déclarations ds ministres / Statements by Ministers,144,0.986,169,3.11236,3.30822,0.94079
2025-12-11#t1903w0,2025-12-11,Mr. M. LeBlanc,Déclarations ds ministres / Statements by Ministers,54,1.0,67,4.52462,3.87289,1.16828
2025-12-11#t1904w0,2025-12-11,Mr. Savoie,Déclarations ds ministres / Statements by Ministers,92,1.0,112,3.18388,3.34711,0.95123
2025-12-11#t1907w0,2025-12-11,Mr. Bourque,Déclarations ds ministres / Statements by Ministers,322,0.953,380,2.95535,3.24149,0.91173
2025-12-11#t1907w1,2025-12-11,Mr. Bourque,Déclarations ds ministres / Statements by Ministers,173,0.954,206,2.78261,3.22888,0.86179
2025-12-11#t1908w0,2025-12-11,Mr. Austin,Déclarations ds ministres / Statements by Ministers,307,1.0,385,2.96119,3.1227,0.94828
2025-12-11#t1908w1,2025-12-11,Mr. Austin,Déclarations ds ministres / Statements by Ministers,129,1.0,157,3.50312,3.09514,1.13181
2025-12-11#t1910w0,2025-12-11,Mr. M. LeBlanc,Déclarations ds ministres / Statements by Ministers,109,1.0,138,3.63639,3.34683,1.08652
2025-12-11#t1911w0,2025-12-11,Hon. Mr. Herron,Déclarations ds ministres / Statements by Ministers,107,1.0,128,3.23932,3.21522,1.0075
2025-12-11#t1912w0,2025-12-11,Mr. Deputy Speaker,Déclarations ds ministres / Statements by Ministers,75,1.0,88,3.54053,3.32201,1.06578
2025-12-11#t1913w0,2025-12-11,Mr. Austin,Déclarations ds ministres / Statements by Ministers,339,1.0,400,2.95246,3.0214,0.97718
2025-12-11#t1913w1,2025-12-11,Mr. Austin,Déclarations ds ministres / Statements by Ministers,357,1.0,421,3.28838,3.16717,1.03827
2025-12-11#t1914w0,2025-12-11,Mr. Deputy Speaker,Déclarations ds ministres / Statements by Ministers,348,1.0,447,2.6122,2.71446,0.96233
2025-12-11#t1914w1,2025-12-11,Mr. Deputy Speaker,Déclarations ds ministres / Statements by Ministers,268,1.0,350,2.9662,2.75055,1.0784
2025-12-11#t1915w0,2025-12-11,Mr. Austin,Déclarations ds ministres / Statements by Ministers,177,1.0,203,2.65811,2.99737,0.88681
2025-12-11#t1916w0,2025-12-11,,Déclarations ds ministres / Statements by Ministers,347,1.0,410,3.05899,3.14515,0.97261
2025-12-11#t1916w1,2025-12-11,,Déclarations ds ministres / Statements by Ministers,308,1.0,381,2.95138,3.00815,0.98113
2025-12-11#t1916w2,2025-12-11,,Déclarations ds ministres / Statements by Ministers,298,1.0,382,3.01443,3.11559,0.96753
2025-12-11#t1916w3,2025-12-11,,Déclarations ds ministres / Statements by Ministers,298,1.0,385,2.7108,2.82644,0.95909
2025-12-11#t1916w4,2025-12-11,,Déclarations ds ministres / Statements by Ministers,242,1.0,274,3.05161,3.42762,0.8903
2025-12-11#t1916w5,2025-12-11,,Déclarations ds ministres / Statements by Ministers,300,1.0,372,2.91185,2.88386,1.00971
2025-12-11#t1916w6,2025-12-11,,Déclarations ds ministres / Statements by Ministers,359,1.0,414,2.84472,3.05347,0.93163
2025-12-11#t1916w7,2025-12-11,,Déclarations ds ministres / Statements by Ministers,314,1.0,361,3.09349,3.02838,1.0215
2025-12-11#t1916w8,2025-12-11,,Déclarations ds ministres / Statements by Ministers,92,1.0,121,2.98926,3.51302,0.85091
2025-12-11#t1917w0,2025-12-11,Mr. Austin,Déclarations ds ministres / Statements by Ministers,146,1.0,171,3.49497,3.46994,1.00721
2025-12-11#t1918w0,2025-12-11,Hon. Mr. Herron,Déclarations ds ministres / Statements by Ministers,272,1.0,310,3.18253,3.12668,1.01786
2025-12-11#t1918w1,2025-12-11,Hon. Mr. Herron,Déclarations ds ministres / Statements by Ministers,286,1.0,339,2.9084,3.01658,0.96414
2025-12-11#t1918w2,2025-12-11,Hon. Mr. Herron,Déclarations ds ministres / Statements by Ministers,349,1.0,424,3.02326,3.10824,0.97266
2025-12-11#t1918w3,2025-12-11,Hon. Mr. Herron,Déclarations ds ministres / Statements by Ministers,351,1.0,420,3.28464,3.19386,1.02842
2025-12-11#t1918w4,2025-12-11,Hon. Mr. Herron,Déclarations ds ministres / Statements by Ministers,326,1.0,389,3.30359,3.26775,1.01097
2025-12-11#t1918w5,2025-12-11,Hon. Mr. Herron,Déclarations ds ministres / Statements by Ministers,325,1.0,401,3.35035,3.25125,1.03048
2025-12-11#t1920w0,2025-12-11,Mr. Savoie,Déclarations ds ministres / Statements by Ministers,274,0.905,338,3.06121,3.20955,0.95378
2025-12-11#t1920w1,2025-12-11,Mr. Savoie,Déclarations ds ministres / Statements by Ministers,321,1.0,392,2.98495,3.12324,0.95572
2025-12-11#t1920w2,2025-12-11,Mr. Savoie,Déclarations ds ministres / Statements by Ministers,240,1.0,293,2.92049,3.30895,0.8826
2025-12-11#t1921w0,2025-12-11,Mr. Savoie,Déclarations ds ministres / Statements by Ministers,264,1.0,339,3.23661,3.26894,0.99011
2025-12-11#t1921w1,2025-12-11,Mr. Savoie,Déclarations ds ministres / Statements by Ministers,336,1.0,409,3.41104,3.33105,1.02401
2025-12-11#t1921w2,2025-12-11,Mr. Savoie,Déclarations ds ministres / Statements by Ministers,261,1.0,309,3.37887,3.43734,0.98299
2025-12-11#t1921w3,2025-12-11,Mr. Savoie,Déclarations ds ministres / Statements by Ministers,187,1.0,220,2.97312,3.04352,0.97687
2025-12-11#t1923w0,2025-12-11,Mr. Savoie,Déclarations ds ministres / Statements by Ministers,56,1.0,71,3.9885,3.76329,1.05984
2025-12-11#t1925w0,2025-12-11,Mr. Savoie,Déclarations ds ministres / Statements by Ministers,301,1.0,360,3.32904,3.50466,0.94989
2025-12-11#t1925w1,2025-12-11,Mr. Savoie,Déclarations ds ministres / Statements by Ministers,245,1.0,286,3.18521,3.04085,1.04747
2025-12-11#t1926w0,2025-12-11,Mr. M. LeBlanc,Déclarations ds ministres / Statements by Ministers,335,1.0,410,2.97214,2.83242,1.04933
2025-12-11#t1926w1,2025-12-11,Mr. M. LeBlanc,Déclarations ds ministres / Statements by Ministers,357,1.0,464,2.68509,2.88592,0.93041
2025-12-11#t1926w2,2025-12-11,Mr. M. LeBlanc,Déclarations ds ministres / Statements by Ministers,353,1.0,459,2.99815,3.02577,0.99087
2025-12-11#t1926w3,2025-12-11,Mr. M. LeBlanc,Déclarations ds ministres / Statements by Ministers,357,1.0,462,2.87915,2.96336,0.97158
2025-12-11#t1926w4,2025-12-11,Mr. M. LeBlanc,Déclarations ds ministres / Statements by Ministers,262,1.0,327,3.15763,3.23186,0.97703
2025-12-11#t1926w5,2025-12-11,Mr. M. LeBlanc,Déclarations ds ministres / Statements by Ministers,289,1.0,353,3.27008,3.09613,1.05618
2025-12-11#t1926w6,2025-12-11,Mr. M. LeBlanc,Déclarations ds ministres / Statements by Ministers,98,1.0,118,2.83663,2.99217,0.94802
2025-12-11#t1930w0,2025-12-11,Hon. Mr. Hickey,Déclarations ds ministres / Statements by Ministers,115,1.0,146,2.92881,3.29793,0.88808
2025-12-11#t1931w0,2025-12-11,Ms. Mitton,Déclarations ds ministres / Statements by Ministers,265,1.0,329,3.05042,3.09031,0.98709
2025-12-11#t1931w1,2025-12-11,Ms. Mitton,Déclarations ds ministres / Statements by Ministers,318,1.0,387,2.81076,3.04758,0.92229
2025-12-11#t1931w2,2025-12-11,Ms. Mitton,Déclarations ds ministres / Statements by Ministers,356,1.0,431,2.75412,2.91996,0.94321
2025-12-11#t1931w3,2025-12-11,Ms. Mitton,Déclarations ds ministres / Statements by Ministers,308,1.0,364,3.29362,3.10918,1.05932
2025-12-11#t1933w0,2025-12-11,Ms. Mitton,Déclarations ds ministres / Statements by Ministers,299,1.0,352,2.62018,3.02317,0.8667
2025-12-11#t1933w1,2025-12-11,Ms. Mitton,Déclarations ds ministres / Statements by Ministers,352,1.0,414,2.90886,3.09117,0.94102
2025-12-11#t1934w0,2025-12-11,Mr. Cullins,Déclarations ds ministres / Statements by Ministers,330,1.0,408,3.06213,2.9154,1.05033
2025-12-12#t1939w0,2025-12-12,Mr. Bourque,Déclarations ds ministres / Statements by Ministers,163,0.785,207,3.01648,3.11626,0.96798
2025-12-12#t1940w0,2025-12-12,Hon. Ms. Holt,Déclarations ds ministres / Statements by Ministers,164,0.963,220,3.59898,3.30286,1.08965
2025-12-12#t1941w0,2025-12-12,Hon. Ms. Thériault,Déclarations ds ministres / Statements by Ministers,112,0.0,141,3.16764,3.03262,1.04452
2025-12-12#t1942w0,2025-12-12,Mr. J. LeBlanc,Déclarations ds ministres / Statements by Ministers,164,0.506,219,2.94883,2.98044,0.9894
2025-12-12#t1943w0,2025-12-12,Mr. Monahan,Déclarations ds ministres / Statements by Ministers,144,1.0,179,2.55848,2.81506,0.90885
2025-12-12#t1944w0,2025-12-12,Mr. Coon,Déclarations ds ministres / Statements by Ministers,177,1.0,232,2.69452,2.84874,0.94586
2025-12-12#t1945w0,2025-12-12,Mr. Bourque,Déclarations ds ministres / Statements by Ministers,186,0.0,265,2.79479,2.93395,0.95257
2025-12-12#t1946w0,2025-12-12,Ms. S. Wilson,Déclarations ds ministres / Statements by Ministers,213,1.0,262,3.03246,3.29159,0.92128
2025-12-12#t1947w0,2025-12-12,Ms. Mitton,Déclarations ds ministres / Statements by Ministers,159,1.0,208,3.29925,3.07161,1.07411
2025-12-12#t1948w0,2025-12-12,Mr. Johnston,Déclarations ds ministres / Statements by Ministers,175,1.0,231,3.61237,2.99821,1.20484
2025-12-12#t1949w0,2025-12-12,Mr. Lee,Déclarations ds ministres / Statements by Ministers,121,1.0,156,3.55037,3.44339,1.03107
2025-12-12#t1950w0,2025-12-12,Mr. Ames,Déclarations ds ministres / Statements by Ministers,198,1.0,249,4.27843,3.87415,1.10435
2025-12-12#t1951w0,2025-12-12,Mr. Johnston,Déclarations ds ministres / Statements by Ministers,173,0.965,223,3.56631,3.35748,1.0622
2025-12-12#t1952w0,2025-12-12,Mr. Russell,Déclarations ds ministres / Statements by Ministers,175,1.0,216,3.40348,3.34016,1.01896
2025-12-12#t1953w0,2025-12-12,Mr. Coon,Déclarations ds ministres / Statements by Ministers,165,0.976,217,2.96161,2.89792,1.02198
2025-12-12#t1954w0,2025-12-12,Ms. Sodhi,Déclarations ds ministres / Statements by Ministers,167,1.0,215,2.66737,2.9711,0.89777
2025-12-12#t1955w0,2025-12-12,Mr. Oliver,Déclarations ds ministres / Statements by Ministers,221,1.0,252,3.22529,3.07369,1.04932
2025-12-12#t1956w0,2025-12-12,Ms. Vautour,Déclarations ds ministres / Statements by Ministers,182,0.429,208,2.84816,3.05079,0.93358
2025-12-12#t1957w0,2025-12-12,Ms. Scott-Wallace,Déclarations ds ministres / Statements by Ministers,199,1.0,226,3.09081,3.19327,0.96791
2025-12-12#t1958w0,2025-12-12,Mr. Doucet,Déclarations ds ministres / Statements by Ministers,149,0.0,178,2.95777,3.3349,0.88691
2025-12-12#t1959w0,2025-12-12,Mr. Cullins,Déclarations ds ministres / Statements by Ministers,159,1.0,189,2.61757,2.72431,0.96082
2025-12-12#t1960w0,2025-12-12,Mr. M. LeBlanc,Déclarations ds ministres / Statements by Ministers,179,0.978,219,3.09026,3.14739,0.98185
2025-12-12#t1961w0,2025-12-12,Ms. S. Wilson,Déclarations ds ministres / Statements by Ministers,188,1.0,216,3.84974,3.51188,1.0962
2025-12-12#t1962w0,2025-12-12,Mr. Savoie,Déclarations ds ministres / Statements by Ministers,144,0.944,170,2.563,2.92656,0.87577
2025-12-12#t1963w0,2025-12-12,Hon. Mr. Dornan,Déclarations ds ministres / Statements by Ministers,181,1.0,212,3.06243,3.14042,0.97517
2025-12-12#t1964w0,2025-12-12,Mr. Savoie,Déclarations ds ministres / Statements by Ministers,197,1.0,235,2.83737,2.78156,1.02006
2025-12-12#t1965w0,2025-12-12,Hon. Mr. Dornan,Déclarations ds ministres / Statements by Ministers,175,1.0,211,3.10121,3.04623,1.01805
2025-12-12#t1966w0,2025-12-12,Mr. Savoie,Déclarations ds ministres / Statements by Ministers,132,1.0,161,3.16265,3.28351,0.96319
2025-12-12#t1967w0,2025-12-12,Hon. Ms. Holt,Déclarations ds ministres / Statements by Ministers,204,0.902,234,2.96527,3.08191,0.96215
2025-12-12#t1968w0,2025-12-12,Mr. Savoie,Déclarations ds ministres / Statements by Ministers,166,1.0,206,3.5435,3.47988,1.01828
2025-12-12#t1969w0,2025-12-12,Hon. Ms. Holt,Déclarations ds ministres / Statements by Ministers,182,1.0,208,3.09564,3.19269,0.9696
2025-12-12#t1970w0,2025-12-12,Mr. Savoie,Déclarations ds ministres / Statements by Ministers,120,1.0,141,3.59993,3.59086,1.00253
2025-12-12#t1971w0,2025-12-12,Mr. Savoie,Déclarations ds ministres / Statements by Ministers,58,1.0,66,3.69171,3.45065,1.06986
2025-12-12#t1972w0,2025-12-12,Hon. Mr. D’Amours,Déclarations ds ministres / Statements by Ministers,134,0.0,178,3.00507,2.63601,1.14001
2025-12-12#t1973w0,2025-12-12,Mr. Savoie,Déclarations ds ministres / Statements by Ministers,141,1.0,170,3.03856,3.26024,0.932
2025-12-12#t1974w0,2025-12-12,Hon. Mr. Herron,Déclarations ds ministres / Statements by Ministers,160,1.0,194,3.47495,3.30159,1.05251
2025-12-12#t1975w0,2025-12-12,Mr. Cullins,Déclarations ds ministres / Statements by Ministers,143,1.0,191,2.56435,2.61342,0.98122
2025-12-12#t1976w0,2025-12-12,Hon. Ms. Townsend,Déclarations ds ministres / Statements by Ministers,98,1.0,132,3.56019,3.30924,1.07583
2025-12-12#t1977w0,2025-12-12,Mr. Cullins,Déclarations ds ministres / Statements by Ministers,120,1.0,163,3.19188,3.00442,1.0624
2025-12-12#t1978w0,2025-12-12,Hon. Mr. Randall,Déclarations ds ministres / Statements by Ministers,210,1.0,256,3.20888,3.00627,1.0674
2025-12-12#t1980w0,2025-12-12,Mr. Cullins,Déclarations ds ministres / Statements by Ministers,129,1.0,160,3.1857,3.32397,0.9584
2025-12-12#t1981w0,2025-12-12,Hon. Ms. Miles,Déclarations ds ministres / Statements by Ministers,191,1.0,226,2.96641,2.98476,0.99385
2025-12-12#t1982w0,2025-12-12,Mr. Hogan,Déclarations ds ministres / Statements by Ministers,166,1.0,199,3.37075,3.62209,0.93061
2025-12-12#t1983w0,2025-12-12,Hon. C. Johnson,Déclarations ds ministres / Statements by Ministers,150,0.0,172,2.81973,2.93448,0.9609
2025-12-12#t1984w0,2025-12-12,Mr. Hogan,Déclarations ds ministres / Statements by Ministers,146,1.0,183,3.75277,3.4487,1.08817
2025-12-12#t1985w0,2025-12-12,Hon. Mr. Hickey,Déclarations ds ministres / Statements by Ministers,133,1.0,156,3.10852,3.17993,0.97754
2025-12-12#t1987w0,2025-12-12,Mr. Hogan,Déclarations ds ministres / Statements by Ministers,107,1.0,137,3.51602,3.67321,0.95721
2025-12-12#t1988w0,2025-12-12,Hon. Ms. Thériault,Déclarations ds ministres / Statements by Ministers,222,0.0,273,2.91543,3.15798,0.92319
2025-12-12#t1989w0,2025-12-12,Mr. Oliver,Déclarations ds ministres / Statements by Ministers,178,1.0,229,2.98145,3.18915,0.93487
2025-12-12#t1990w0,2025-12-12,Hon. Mr. Gauvin,Déclarations ds ministres / Statements by Ministers,148,1.0,178,3.57176,3.65344,0.97764
2025-12-12#t1991w0,2025-12-12,Mr. Oliver,Déclarations ds ministres / Statements by Ministers,115,1.0,139,3.48933,3.51202,0.99354
2025-12-12#t1992w0,2025-12-12,Hon. Mr. Kennedy,Déclarations ds ministres / Statements by Ministers,105,1.0,142,3.68919,3.45437,1.06798
2025-12-12#t1993w0,2025-12-12,Mr. Oliver,Déclarations ds ministres / Statements by Ministers,131,1.0,161,3.96942,3.60202,1.102
2025-12-12#t1994w0,2025-12-12,Hon. Ms. Holt,Déclarations ds ministres / Statements by Ministers,177,0.678,204,3.35321,3.35233,1.00026
2025-12-12#t1995w0,2025-12-12,Madam Speaker,Déclarations ds ministres / Statements by Ministers,86,1.0,108,4.00796,3.99513,1.00321
2025-12-12#t1998w0,2025-12-12,Ms. Mitton,Déclarations ds ministres / Statements by Ministers,355,0.837,454,4.8783,4.76384,1.02403
2025-12-12#t1998w1,2025-12-12,Ms. Mitton,Déclarations ds ministres / Statements by Ministers,354,1.0,413,4.79198,4.41145,1.08626
2025-12-12#t1998w2,2025-12-12,Ms. Mitton,Déclarations ds ministres / Statements by Ministers,66,1.0,98,6.0695,5.51433,1.10068
2025-12-12#t1999w0,2025-12-12,Madam Speaker,Déclarations ds ministres / Statements by Ministers,360,0.908,437,4.86974,4.62455,1.05302
2025-12-12#t1999w1,2025-12-12,Madam Speaker,Déclarations ds ministres / Statements by Ministers,341,1.0,409,5.51048,5.38809,1.02271
2025-12-12#t1999w2,2025-12-12,Madam Speaker,Déclarations ds ministres / Statements by Ministers,358,0.76,425,4.92458,4.73071,1.04098
2025-12-12#t2001w0,2025-12-12,Hon. Ms. Holt,Déclarations ds ministres / Statements by Ministers,347,0.821,445,2.62425,2.80478,0.93563
2025-12-12#t2001w1,2025-12-12,Hon. Ms. Holt,Déclarations ds ministres / Statements by Ministers,219,0.507,272,2.97121,3.03539,0.97886
2025-12-12#t2002w0,2025-12-12,Mr. Savoie,Déclarations ds ministres / Statements by Ministers,303,0.934,367,2.94094,3.00887,0.97742
2025-12-12#t2002w1,2025-12-12,Mr. Savoie,Déclarations ds ministres / Statements by Ministers,309,1.0,390,3.03922,2.94369,1.03245
2025-12-12#t2002w2,2025-12-12,Mr. Savoie,Déclarations ds ministres / Statements by Ministers,139,1.0,172,3.15343,3.05763,1.03133
2025-12-12#t2003w0,2025-12-12,Mr. Coon,Déclarations ds ministres / Statements by Ministers,316,0.962,379,3.12321,3.16289,0.98745
2025-12-12#t2003w1,2025-12-12,Mr. Coon,Déclarations ds ministres / Statements by Ministers,259,1.0,296,3.18021,3.27125,0.97217
2025-12-12#t2004w0,2025-12-12,Hon. Mr. Legacy,Déclarations ds ministres / Statements by Ministers,357,0.748,431,2.29116,2.55174,0.89788
2025-12-12#t2004w1,2025-12-12,Hon. Mr. Legacy,Déclarations ds ministres / Statements by Ministers,64,0.938,79,2.94976,3.02618,0.97475
2025-12-12#t2005w0,2025-12-12,Mr. Austin,Déclarations ds ministres / Statements by Ministers,318,1.0,406,3.0115,3.07279,0.98006
2025-12-12#t2005w1,2025-12-12,Mr. Austin,Déclarations ds ministres / Statements by Ministers,126,1.0,161,3.40706,3.20983,1.06145
2025-12-12#t2006w0,2025-12-12,Mr. Coon,Déclarations ds ministres / Statements by Ministers,286,1.0,346,3.15577,3.10709,1.01567
2025-12-12#t2007w0,2025-12-12,Hon. K. Chiasson,Déclarations ds ministres / Statements by Ministers,255,0.58,328,2.42105,2.45366,0.98671
2025-12-12#t2008w0,2025-12-12,Ms. Conroy,Déclarations ds ministres / Statements by Ministers,276,1.0,335,2.80681,2.98317,0.94088
2025-12-12#t2009w0,2025-12-12,Mr. M. LeBlanc,Déclarations ds ministres / Statements by Ministers,105,0.0,126,3.18364,3.61741,0.88009
2025-12-12#t2011w0,2025-12-12,Mr. Coon,Déclarations ds ministres / Statements by Ministers,225,1.0,293,2.91607,3.06184,0.95239
2025-12-12#t2012w0,2025-12-12,Madam Speaker,Déclarations ds ministres / Statements by Ministers,63,0.714,77,4.16715,3.90577,1.06692
2025-12-12#t2013w0,2025-12-12,Mr. Coon,Déclarations ds ministres / Statements by Ministers,155,0.974,187,3.38866,3.42467,0.98948
2025-12-12#t2014w0,2025-12-12,Mr. Coon,Déclarations ds ministres / Statements by Ministers,318,0.987,358,3.00033,3.14092,0.95524
2025-12-12#t2014w1,2025-12-12,Mr. Coon,Déclarations ds ministres / Statements by Ministers,245,0.616,351,2.54717,2.46617,1.03284
2025-12-12#t2017w0,2025-12-12,Madam Speaker addressed Her Honour as follows,Déclarations ds ministres / Statements by Ministers,264,0.42,372,2.02475,1.98896,1.018
2025-12-12#t2018w0,2025-12-12,Her Honour,Déclarations ds ministres / Statements by Ministers,72,0.403,100,2.94489,3.09747,0.95074
2025-12-12#t2021w0,2025-12-12,Mr. Coon,Her Honour and aide retired from the Chamber.,321,0.785,374,2.7239,2.93664,0.92756
2025-12-12#t2021w1,2025-12-12,Mr. Coon,Her Honour and aide retired from the Chamber.,352,0.858,416,3.25458,3.08755,1.0541
2025-12-12#t2021w2,2025-12-12,Mr. Coon,Her Honour and aide retired from the Chamber.,292,0.767,349,2.90585,2.93972,0.98848
2025-12-12#t2021w3,2025-12-12,Mr. Coon,Her Honour and aide retired from the Chamber.,132,0.97,152,2.62863,3.14748,0.83515
2025-12-12#t2025w0,2025-12-12,Hon. Mr. Dornan,Her Honour and aide retired from the Chamber.,77,0.0,114,3.94697,3.75884,1.05005
2025-12-12#t2026w0,2025-12-12,Mr. Savoie,Her Honour and aide retired from the Chamber.,340,0.703,405,2.98099,2.97607,1.00166
2025-12-12#t2026w1,2025-12-12,Mr. Savoie,Her Honour and aide retired from the Chamber.,303,1.0,346,2.54599,3.01784,0.84365
2025-12-12#t2026w2,2025-12-12,Mr. Savoie,Her Honour and aide retired from the Chamber.,297,0.896,339,2.99989,3.06457,0.9789
2025-12-12#t2026w3,2025-12-12,Mr. Savoie,Her Honour and aide retired from the Chamber.,208,0.909,246,3.38489,3.54962,0.95359
2025-12-12#t2027w0,2025-12-12,Hon. Ms. Holt,Her Honour and aide retired from the Chamber.,320,0.588,381,3.12527,3.14914,0.99242
2025-12-12#t2027w1,2025-12-12,Hon. Ms. Holt,Her Honour and aide retired from the Chamber.,352,0.759,432,3.34957,3.18447,1.05185
2025-12-12#t2027w2,2025-12-12,Hon. Ms. Holt,Her Honour and aide retired from the Chamber.,325,0.637,393,3.13333,3.10772,1.00824
2025-12-12#t2027w3,2025-12-12,Hon. Ms. Holt,Her Honour and aide retired from the Chamber.,333,0.748,394,2.96656,3.10046,0.95682
2025-12-12#t2028w0,2025-12-12,Madam Speaker,Her Honour and aide retired from the Chamber.,351,0.735,425,3.30807,3.45138,0.95848
2025-12-12#t2028w1,2025-12-12,Madam Speaker,Her Honour and aide retired from the Chamber.,199,0.462,247,2.96448,3.33148,0.88984
2025-12-12#t2029w0,2025-12-12,Madam Speaker,Her Honour and aide retired from the Chamber.,77,0.896,119,2.35154,2.66721,0.88165
2026-03-17#t2030w0,2026-03-17,Hon. Mr. Legacy,Her Honour and aide retired from the Chamber.,129,0.38,196,2.6879,2.75581,0.97536
2026-03-17#t2031w0,2026-03-17,Hon. Mr. Legacy,Her Honour and aide retired from the Chamber.,339,0.537,443,2.70138,2.67177,1.01108
2026-03-17#t2031w1,2026-03-17,Hon. Mr. Legacy,Her Honour and aide retired from the Chamber.,209,0.699,263,3.0482,3.03439,1.00455
2026-03-17#t2032w0,2026-03-17,,Investing in health care,316,0.718,395,2.6169,2.67808,0.97716
2026-03-17#t2032w1,2026-03-17,,Investing in health care,355,0.459,410,2.68049,2.8707,0.93374
2026-03-17#t2032w2,2026-03-17,,Investing in health care,325,0.572,404,2.96354,2.83945,1.0437
2026-03-17#t2032w3,2026-03-17,,Investing in health care,300,0.433,350,2.73534,2.87338,0.95196
2026-03-17#t2033w0,2026-03-17,,"Investing in affordability, housing and social supports",348,0.629,428,2.68476,2.6987,0.99483
2026-03-17#t2033w1,2026-03-17,,"Investing in affordability, housing and social supports",149,1.0,182,2.94303,2.87724,1.02286
2026-03-17#t2034w0,2026-03-17,,Investing in education and children,319,0.467,381,2.59568,2.82784,0.9179
2026-03-17#t2035w0,2026-03-17,,Investing in New Brunswick,331,0.785,394,3.03511,3.05435,0.9937
2026-03-17#t2035w1,2026-03-17,,Investing in New Brunswick,337,0.519,404,2.99096,3.01723,0.99129
2026-03-17#t2035w2,2026-03-17,,Investing in New Brunswick,323,0.467,391,2.66506,2.83006,0.9417
2026-03-17#t2035w3,2026-03-17,,Investing in New Brunswick,188,0.745,230,2.88924,3.18484,0.90718
2026-03-17#t2036w0,2026-03-17,,Looking to the future,324,0.324,392,2.98824,3.01589,0.99083
2026-03-17#t2036w1,2026-03-17,,Looking to the future,354,0.613,448,3.00259,3.03657,0.98881
2026-03-17#t2036w2,2026-03-17,,Looking to the future,328,0.671,385,3.19066,3.11532,1.02419
2026-03-17#t2036w3,2026-03-17,,Looking to the future,306,0.35,359,3.17947,3.08593,1.03031
2026-03-17#t2036w4,2026-03-17,,Looking to the future,351,0.766,410,2.92707,3.10865,0.94159
2026-03-17#t2036w5,2026-03-17,,Looking to the future,117,0.462,151,2.70537,3.03072,0.89265
2026-03-17#t2037w0,2026-03-17,,Looking to the future,61,1.0,97,2.35981,2.33507,1.01059
2026-03-18#t2038w0,2026-03-18,Hon. Ms. Holt,Looking to the future,75,0.147,91,3.02108,2.95057,1.0239
2026-03-18#t2040w0,2026-03-18,Hon. Mr. Dornan,Looking to the future,330,1.0,415,2.70615,2.92843,0.9241
2026-03-18#t2040w1,2026-03-18,Hon. Mr. Dornan,Looking to the future,337,1.0,452,3.07798,3.12947,0.98355
2026-03-18#t2041w0,2026-03-18,Hon. Mr. D’Amours,Looking to the future,163,0.975,196,2.73657,2.935,0.93239
2026-03-18#t2042w0,2026-03-18,Mr. Coon,Looking to the future,102,1.0,135,3.69877,3.44635,1.07324
2026-03-18#t2043w0,2026-03-18,Mr. J. LeBlanc,Looking to the future,315,0.59,373,2.10096,2.4162,0.86953
2026-03-18#t2044w0,2026-03-18,Mr. Ames,Looking to the future,139,1.0,217,2.31986,2.59317,0.8946
2026-03-18#t2047w0,2026-03-18,Hon. Mr. Dornan,Looking to the future,282,1.0,352,3.15193,3.06666,1.0278
2026-03-18#t2047w1,2026-03-18,Hon. Mr. Dornan,Looking to the future,129,1.0,155,3.63117,3.57578,1.01549
2026-03-18#t2048w0,2026-03-18,Ms. Bockus,Looking to the future,169,1.0,209,3.02318,3.32171,0.91013
2026-03-18#t2049w0,2026-03-18,Mr. Doucet,Looking to the future,123,0.285,152,2.99521,2.82351,1.06081
2026-03-18#t2050w0,2026-03-18,Ms. M. Johnson,Looking to the future,199,1.0,248,2.78117,2.97056,0.93625
2026-03-18#t2051w0,2026-03-18,Mr. Coon,Looking to the future,160,0.975,203,2.72865,2.72818,1.00017
2026-03-18#t2052w0,2026-03-18,Hon. Mr. D’Amours,Looking to the future,136,0.0,184,2.91068,3.07043,0.94797
2026-03-18#t2053w0,2026-03-18,Mr. Monahan,Looking to the future,162,1.0,243,2.88321,2.8572,1.00911
2026-03-18#t2056w0,2026-03-18,Ms. Mitton,Looking to the future,154,1.0,199,3.15097,3.21564,0.97989
2026-03-18#t2057w0,2026-03-18,Ms. M. Wilson,Looking to the future,150,1.0,200,3.09752,3.0078,1.02983
2026-03-18#t2058w0,2026-03-18,Mr. Coon,Looking to the future,160,1.0,195,3.65667,3.62917,1.00758
2026-03-18#t2059w0,2026-03-18,Mr. M. LeBlanc,Looking to the future,153,0.0,191,2.90702,2.98242,0.97472
2026-03-18#t2060w0,2026-03-18,Mr. Lee,Looking to the future,173,1.0,222,3.3346,3.34454,0.99703
2026-03-18#t2061w0,2026-03-18,Ms. Wilcott,Looking to the future,131,1.0,159,2.96819,3.31809,0.89455
2026-03-18#t2062w0,2026-03-18,Ms. Bockus,Looking to the future,155,1.0,191,3.03464,3.19175,0.95078
2026-03-18#t2063w0,2026-03-18,Mr. Bourque,Looking to the future,164,0.598,201,2.94503,3.10771,0.94765
2026-03-18#t2064w0,2026-03-18,Mr. Cullins,Looking to the future,131,1.0,173,3.18166,3.08523,1.03126
2026-03-18#t2065w0,2026-03-18,Mr. Doucet,Looking to the future,172,0.0,227,3.27478,3.41664,0.95848
2026-03-18#t2066w0,2026-03-18,Mr. Monahan,Looking to the future,236,1.0,293,3.42329,3.54792,0.96487
2026-03-18#t2069w0,2026-03-18,Mr. Savoie,Looking to the future,141,0.929,171,3.40583,3.20822,1.06159
2026-03-18#t2070w0,2026-03-18,Hon. Ms. Holt,Looking to the future,185,1.0,214,2.70582,2.8927,0.9354
2026-03-18#t2071w0,2026-03-18,Mr. Savoie,Looking to the future,115,1.0,158,3.45882,3.16988,1.09115
2026-03-18#t2072w0,2026-03-18,Hon. Ms. Holt,Looking to the future,173,0.0,217,2.97037,3.05497,0.97231
2026-03-18#t2073w0,2026-03-18,Mr. Savoie,Looking to the future,163,1.0,206,3.22714,3.27821,0.98442
2026-03-18#t2074w0,2026-03-18,Hon. Ms. Holt,Looking to the future,192,1.0,237,3.00931,2.89756,1.03857
2026-03-18#t2075w0,2026-03-18,Mr. Savoie,Looking to the future,173,1.0,223,2.77228,2.86521,0.96757
2026-03-18#t2076w0,2026-03-18,Hon. Ms. Holt,Looking to the future,158,0.0,191,3.13492,3.2804,0.95565
2026-03-18#t2077w0,2026-03-18,Mr. Savoie,Looking to the future,167,1.0,220,3.28113,3.23589,1.01398
2026-03-18#t2078w0,2026-03-18,Hon. Ms. Holt,Looking to the future,224,1.0,253,2.86283,3.00297,0.95333
2026-03-18#t2079w0,2026-03-18,Mr. Savoie,Looking to the future,115,1.0,142,3.55631,3.45997,1.02785
2026-03-18#t2080w0,2026-03-18,Hon. Mr. D’Amours,Looking to the future,143,0.0,179,2.82477,2.80866,1.00574
2026-03-18#t2081w0,2026-03-18,Mr. Savoie,Looking to the future,189,0.878,222,3.89442,3.536,1.10136
2026-03-18#t2082w0,2026-03-18,Hon. Mr. D’Amours,Looking to the future,168,0.0,203,3.21679,2.94199,1.09341
2026-03-18#t2083w0,2026-03-18,Mr. Savoie,Looking to the future,158,1.0,192,3.07968,3.28149,0.9385
2026-03-18#t2084w0,2026-03-18,Hon. Mr. D’Amours,Looking to the future,165,0.0,191,2.91464,3.05324,0.95461
2026-03-18#t2085w0,2026-03-18,Mr. Savoie,Looking to the future,172,0.703,222,3.44711,3.16189,1.09021
2026-03-18#t2086w0,2026-03-18,Hon. Mr. Legacy,Looking to the future,170,0.0,212,3.44133,3.36467,1.02278
2026-03-18#t2087w0,2026-03-18,Mr. Savoie,Looking to the future,198,1.0,249,2.99459,3.43368,0.87212
2026-03-18#t2088w0,2026-03-18,Hon. Mr. Legacy,Looking to the future,207,0.0,253,3.22086,3.39141,0.94971
2026-03-18#t2089w0,2026-03-18,Mr. Savoie,Looking to the future,125,0.6,153,3.43635,3.13394,1.09649
2026-03-18#t2090w0,2026-03-18,Hon. Mr. Legacy,Looking to the future,109,1.0,145,3.26191,3.36097,0.97053
2026-03-18#t2091w0,2026-03-18,Mr. Savoie,Looking to the future,160,1.0,200,3.41175,3.20469,1.06461
2026-03-18#t2092w0,2026-03-18,Hon. Mr. Legacy,Looking to the future,180,1.0,218,3.01962,3.10269,0.97323
2026-03-18#t2093w0,2026-03-18,Mr. Savoie,Looking to the future,184,1.0,233,3.16879,3.28729,0.96395
2026-03-18#t2094w0,2026-03-18,Hon. Mr. Legacy,Looking to the future,145,1.0,184,3.33083,3.39534,0.981
2026-03-18#t2095w0,2026-03-18,Ms. M. Johnson,Looking to the future,75,1.0,88,3.75113,3.53676,1.06061
2026-03-18#t2096w0,2026-03-18,Hon. Ms. Boudreau,Looking to the future,135,0.0,151,3.11577,3.24355,0.9606
2026-03-18#t2097w0,2026-03-18,Ms. M. Johnson,Looking to the future,62,1.0,77,3.62806,3.54378,1.02378
2026-03-18#t2098w0,2026-03-18,Hon. Ms. Boudreau,Looking to the future,175,0.0,197,2.93422,3.12039,0.94034
2026-03-18#t2099w0,2026-03-18,Ms. M. Johnson,Looking to the future,165,1.0,186,3.10517,3.04256,1.02058
2026-03-18#t2100w0,2026-03-18,Hon. Ms. Boudreau,Looking to the future,171,0.0,207,3.31464,3.18114,1.04197
2026-03-18#t2101w0,2026-03-18,Mr. Coon,Looking to the future,140,1.0,162,3.04374,3.10882,0.97906
2026-03-18#t2102w0,2026-03-18,Hon. Mr. D’Amours,Looking to the future,132,0.0,160,2.84156,2.91807,0.97378
2026-03-18#t2103w0,2026-03-18,Mr. Coon,Looking to the future,155,1.0,198,3.32747,3.4642,0.96053
2026-03-18#t2104w0,2026-03-18,Hon. Mr. D’Amours,Looking to the future,171,0.0,196,2.83238,2.9732,0.95264
2026-03-18#t2105w0,2026-03-18,Ms. Mitton,Looking to the future,143,1.0,179,3.37632,3.3704,1.00176
2026-03-18#t2106w0,2026-03-18,Hon. Mr. Legacy,Looking to the future,178,1.0,220,3.23743,3.22508,1.00383
2026-03-18#t2107w0,2026-03-18,Ms. Mitton,Looking to the future,156,1.0,189,3.47416,3.32246,1.04566
2026-03-18#t2108w0,2026-03-18,Hon. Mr. Legacy,Looking to the future,159,1.0,196,3.10895,3.38589,0.91821
2026-03-18#t2109w0,2026-03-18,Mr. Hogan,Looking to the future,152,1.0,206,3.38629,3.06618,1.1044
2026-03-18#t2110w0,2026-03-18,Hon. Mr. Dornan,Looking to the future,162,1.0,195,3.62672,3.35205,1.08194
2026-03-18#t2111w0,2026-03-18,Mr. Hogan,Looking to the future,150,1.0,195,3.33454,3.18069,1.04837
2026-03-18#t2112w0,2026-03-18,Hon. Ms. Holt,Looking to the future,181,0.978,213,3.07189,3.04744,1.00802
2026-03-18#t2114w0,2026-03-18,Hon. C. Johnson,Looking to the future,226,0.0,282,2.97098,3.00578,0.98842
2026-03-18#t2115w0,2026-03-18,Mr. Lee,Looking to the future,116,1.0,135,2.88178,2.98251,0.96623
2026-03-18#t2116w0,2026-03-18,Ms. Mitton,Looking to the future,150,0.0,181,2.65824,2.97688,0.89296
2026-03-18#t2117w0,2026-03-18,Hon. Mr. Herron,Looking to the future,356,0.851,410,2.54208,2.85267,0.89112
2026-03-18#t2118w0,2026-03-18,Mr. Austin,Looking to the future,222,1.0,289,3.05705,3.28057,0.93187
2026-03-18#t2119w0,2026-03-18,Mr. Coon,Looking to the future,287,1.0,350,3.08214,3.06799,1.00461
2026-03-18#t2119w1,2026-03-18,Mr. Coon,Looking to the future,134,1.0,164,3.47769,3.35381,1.03694
2026-03-18#t2120w0,2026-03-18,Hon. Mr. Dornan,Looking to the future,152,0.855,197,3.23085,2.90339,1.11278
2026-03-18#t2122w0,2026-03-18,Mr. Hogan,Looking to the future,254,1.0,312,3.11809,2.98192,1.04566
2026-03-18#t2123w0,2026-03-18,Mr. Coon,Looking to the future,271,1.0,333,3.50094,3.3702,1.03879
2026-03-18#t2124w0,2026-03-18,Hon. Mr. Dornan,Looking to the future,244,0.734,284,3.13968,3.11851,1.00679
2026-03-18#t2125w0,2026-03-18,Mr. Hogan,Looking to the future,298,1.0,359,2.80203,3.00253,0.93322
2026-03-18#t2126w0,2026-03-18,Mr. Coon,Looking to the future,328,0.921,380,2.80672,2.84862,0.98529
2026-03-18#t2128w0,2026-03-18,Hon. Ms. Boudreau,Looking to the future,192,0.365,256,3.4051,3.41057,0.9984
2026-03-18#t2129w0,2026-03-18,Ms. Mitton,Looking to the future,99,0.333,112,2.47318,3.01052,0.82151
2026-03-18#t2130w0,2026-03-18,Hon. Ms. Townsend,Looking to the future,94,1.0,108,3.0764,3.11403,0.98792
2026-03-18#t2133w0,2026-03-18,Mr. Monahan,Looking to the future,192,1.0,247,2.95344,3.15797,0.93523
2026-03-18#t2134w0,2026-03-18,Mr. J. LeBlanc,Looking to the future,354,0.421,456,2.20064,2.58977,0.84974
2026-03-18#t2134w1,2026-03-18,Mr. J. LeBlanc,Looking to the future,340,0.668,409,2.52207,2.56445,0.98348
2026-03-18#t2134w2,2026-03-18,Mr. J. LeBlanc,Looking to the future,257,0.957,335,2.68282,2.79479,0.95994
2026-03-18#t2135w0,2026-03-18,Mr. M. LeBlanc,Looking to the future,334,0.611,428,2.64984,2.81411,0.94162
2026-03-18#t2135w1,2026-03-18,Mr. M. LeBlanc,Looking to the future,353,0.836,420,3.10169,3.10491,0.99896
2026-03-18#t2135w2,2026-03-18,Mr. M. LeBlanc,Looking to the future,358,0.718,408,2.44435,2.69311,0.90763
2026-03-18#t2135w3,2026-03-18,Mr. M. LeBlanc,Looking to the future,321,0.773,371,3.05369,3.16337,0.96533
2026-03-18#t2135w4,2026-03-18,Mr. M. LeBlanc,Looking to the future,352,0.594,444,3.00526,3.0045,1.00025
2026-03-18#t2135w5,2026-03-18,Mr. M. LeBlanc,Looking to the future,313,1.0,406,2.9217,2.84986,1.02521
2026-03-18#t2135w6,2026-03-18,Mr. M. LeBlanc,Looking to the future,310,0.694,378,2.95851,2.98879,0.98987
2026-03-18#t2135w7,2026-03-18,Mr. M. LeBlanc,Looking to the future,308,0.643,368,3.33272,3.30798,1.00748
2026-03-18#t2135w8,2026-03-18,Mr. M. LeBlanc,Looking to the future,323,0.796,405,3.41493,3.32735,1.02632
2026-03-18#t2135w9,2026-03-18,Mr. M. LeBlanc,Looking to the future,328,0.744,380,3.10777,2.88694,1.07649
2026-03-18#t2135w10,2026-03-18,Mr. M. LeBlanc,Looking to the future,321,1.0,374,3.04038,2.94397,1.03275
2026-03-18#t2135w11,2026-03-18,Mr. M. LeBlanc,Looking to the future,341,0.578,437,2.89906,3.1156,0.9305
2026-03-18#t2135w12,2026-03-18,Mr. M. LeBlanc,Looking to the future,344,0.852,396,2.80466,2.79849,1.0022
2026-03-18#t2135w13,2026-03-18,Mr. M. LeBlanc,Looking to the future,243,0.564,304,3.15849,2.99267,1.05541
2026-03-18#t2135w14,2026-03-18,Mr. M. LeBlanc,Looking to the future,298,0.668,369,3.24045,3.23264,1.00242
2026-03-18#t2135w15,2026-03-18,Mr. M. LeBlanc,Looking to the future,271,0.583,317,3.36718,3.38824,0.99379
2026-03-18#t2135w16,2026-03-18,Mr. M. LeBlanc,Looking to the future,346,1.0,460,2.95954,3.12751,0.94629
2026-03-18#t2135w17,2026-03-18,Mr. M. LeBlanc,Looking to the future,273,1.0,339,3.53988,3.38687,1.04518
2026-03-18#t2135w18,2026-03-18,Mr. M. LeBlanc,Looking to the future,300,0.813,350,2.7777,2.87994,0.9645
2026-03-18#t2135w19,2026-03-18,Mr. M. LeBlanc,Looking to the future,339,0.708,416,3.17491,3.17927,0.99863
2026-03-18#t2135w20,2026-03-18,Mr. M. LeBlanc,Looking to the future,298,0.628,373,3.36929,3.29857,1.02144
2026-03-18#t2135w21,2026-03-18,Mr. M. LeBlanc,Looking to the future,277,1.0,346,3.48829,3.29934,1.05727
2026-03-18#t2135w22,2026-03-18,Mr. M. LeBlanc,Looking to the future,209,0.526,252,3.72128,3.58549,1.03787
2026-03-18#t2135w23,2026-03-18,Mr. M. LeBlanc,Looking to the future,346,1.0,423,3.54115,3.50002,1.01175
2026-03-18#t2135w24,2026-03-18,Mr. M. LeBlanc,Looking to the future,336,0.818,392,3.43134,3.31347,1.03557
2026-03-18#t2135w25,2026-03-18,Mr. M. LeBlanc,Looking to the future,301,0.405,356,3.60111,3.56425,1.01034
2026-03-18#t2135w26,2026-03-18,Mr. M. LeBlanc,Looking to the future,355,0.741,419,3.37633,3.43698,0.98235
2026-03-18#t2135w27,2026-03-18,Mr. M. LeBlanc,Looking to the future,326,0.617,398,3.21437,3.15587,1.01854
2026-03-18#t2135w28,2026-03-18,Mr. M. LeBlanc,Looking to the future,278,0.673,321,3.14499,3.29417,0.95471
2026-03-18#t2135w29,2026-03-18,Mr. M. LeBlanc,Looking to the future,272,0.89,320,3.34738,3.44183,0.97256
2026-03-19#t2136w0,2026-03-19,Mr. M. LeBlanc,Looking to the future,54,0.389,83,2.7788,3.13733,0.88572
2026-03-20#t2137w0,2026-03-20,Ms. Vautour,Looking to the future,83,0.0,112,3.09017,3.15614,0.9791
2026-03-20#t2140w0,2026-03-20,Ms. Mitton,Looking to the future,65,0.0,85,2.50124,3.08985,0.8095
2026-03-20#t2141w0,2026-03-20,Mr. Savoie,Looking to the future,85,0.0,104,3.54355,3.10756,1.1403
2026-03-20#t2143w0,2026-03-20,Hon. Ms. Miles,Looking to the future,249,1.0,343,2.49777,2.61541,0.95502
2026-03-20#t2144w0,2026-03-20,Mr. Savoie,Looking to the future,120,0.95,145,2.07406,2.59578,0.79901
2026-03-20#t2145w0,2026-03-20,Mr. Johnston,Looking to the future,113,0.0,162,2.94073,2.76376,1.06403
2026-03-20#t2146w0,2026-03-20,Ms. M. Johnson,Looking to the future,251,1.0,325,2.54894,2.74875,0.92731
2026-03-20#t2147w0,2026-03-20,Ms. Vautour,Looking to the future,203,0.0,274,2.85093,2.88519,0.98812
2026-03-20#t2148w0,2026-03-20,Mr. Monahan,Looking to the future,148,1.0,223,2.96725,2.88336,1.02909
2026-03-20#t2149w0,2026-03-20,Hon. Mr. Gauvin,Looking to the future,124,0.0,167,3.36807,3.15148,1.06873
2026-03-20#t2150w0,2026-03-20,Ms. Bockus,Looking to the future,156,1.0,196,2.90898,2.86948,1.01377
2026-03-20#t2151w0,2026-03-20,Mr. Coon,Looking to the future,156,0.974,214,2.89948,2.86025,1.01372
2026-03-20#t2152w0,2026-03-20,Ms. Mitton,Looking to the future,208,1.0,280,2.78362,2.76877,1.00536
2026-03-20#t2153w0,2026-03-20,Ms. Scott-Wallace,Looking to the future,128,1.0,161,3.48327,3.3269,1.047
2026-03-20#t2154w0,2026-03-20,Ms. Mitton,Looking to the future,162,1.0,187,3.48825,3.37293,1.03419
2026-03-20#t2155w0,2026-03-20,Mr. J. LeBlanc,Looking to the future,154,0.0,183,2.77103,3.17847,0.87181
2026-03-20#t2156w0,2026-03-20,Mr. Weir,Looking to the future,143,1.0,174,2.72234,2.98116,0.91318
2026-03-20#t2157w0,2026-03-20,Ms. Vautour,Looking to the future,164,0.0,197,3.08852,3.23653,0.95427
2026-03-20#t2158w0,2026-03-20,Ms. Conroy,Looking to the future,153,1.0,191,3.14,3.13191,1.00258
2026-03-20#t2159w0,2026-03-20,Mr. Robichaud,Looking to the future,127,0.425,170,2.91819,3.08877,0.94477
2026-03-20#t2160w0,2026-03-20,Mr. Austin,Looking to the future,138,1.0,171,3.05254,3.18971,0.957
2026-03-20#t2161w0,2026-03-20,Mr. Johnston,Looking to the future,147,1.0,194,2.83727,2.75424,1.03015
2026-03-20#t2162w0,2026-03-20,Mr. Hogan,Looking to the future,142,1.0,166,2.85833,2.9736,0.96123
2026-03-20#t2163w0,2026-03-20,Mr. Savoie,Looking to the future,145,0.945,189,3.33314,3.48042,0.95768
2026-03-20#t2164w0,2026-03-20,Hon. Ms. Holt,Looking to the future,166,1.0,198,2.99344,3.02621,0.98917
2026-03-20#t2165w0,2026-03-20,Mr. Savoie,Looking to the future,136,1.0,167,3.54005,3.13323,1.12984
2026-03-20#t2166w0,2026-03-20,Hon. Ms. Holt,Looking to the future,179,0.0,207,2.65145,2.99258,0.88601
2026-03-20#t2167w0,2026-03-20,Mr. Savoie,Looking to the future,153,0.771,179,3.16962,3.18214,0.99607
2026-03-20#t2168w0,2026-03-20,Hon. Ms. Holt,Looking to the future,190,1.0,222,3.0966,3.01927,1.02561
2026-03-20#t2169w0,2026-03-20,Mr. Savoie,Looking to the future,126,1.0,146,3.49589,3.56962,0.97934
2026-03-20#t2170w0,2026-03-20,Hon. Mr. Finnigan,Looking to the future,134,0.0,176,3.27938,3.12837,1.04827
2026-03-20#t2171w0,2026-03-20,Mr. Savoie,Looking to the future,149,1.0,176,3.64391,3.3147,1.09932
2026-03-20#t2172w0,2026-03-20,Hon. Mr. Finnigan,Looking to the future,163,0.975,191,3.26871,3.20522,1.01981
2026-03-20#t2173w0,2026-03-20,Mr. Savoie,Looking to the future,155,1.0,190,3.20782,3.25435,0.9857
2026-03-20#t2174w0,2026-03-20,Hon. Mr. Finnigan,Looking to the future,166,1.0,200,3.22225,3.37237,0.95549
2026-03-20#t2175w0,2026-03-20,Ms. Scott-Wallace,Looking to the future,174,1.0,201,3.83025,3.67067,1.04347
2026-03-20#t2176w0,2026-03-20,Hon. Mr. Finnigan,Looking to the future,137,0.985,174,3.29877,3.47223,0.95005
2026-03-20#t2177w0,2026-03-20,Ms. Scott-Wallace,Looking to the future,207,1.0,244,3.5127,3.33701,1.05265
2026-03-20#t2178w0,2026-03-20,Hon. Mr. McKee,Looking to the future,142,1.0,167,2.6356,3.06732,0.85925
2026-03-20#t2181w0,2026-03-20,Ms. Scott-Wallace,Looking to the future,173,1.0,207,3.60202,3.48691,1.03301
2026-03-20#t2182w0,2026-03-20,Hon. Mr. Gauvin,Looking to the future,186,0.0,222,3.15125,3.28813,0.95837
2026-03-20#t2183w0,2026-03-20,Mr. Hogan,Looking to the future,137,1.0,177,3.19811,3.12233,1.02427
2026-03-20#t2184w0,2026-03-20,Hon. Mr. Dornan,Looking to the future,115,1.0,151,2.60807,2.72631,0.95663
2026-03-20#t2185w0,2026-03-20,Mr. Hogan,Looking to the future,160,1.0,197,4.16381,3.77557,1.10283
2026-03-20#t2186w0,2026-03-20,Hon. Mr. Dornan,Looking to the future,73,1.0,87,3.09436,3.49614,0.88508
2026-03-20#t2187w0,2026-03-20,Mr. Hogan,Looking to the future,94,1.0,115,3.73849,3.39876,1.09996
2026-03-20#t2188w0,2026-03-20,Hon. Mr. Dornan,Looking to the future,64,1.0,80,3.84045,3.55724,1.07962
2026-03-20#t2189w0,2026-03-20,Mr. Lee,Looking to the future,165,1.0,205,3.54781,3.33338,1.06433
2026-03-20#t2190w0,2026-03-20,Hon. C. Johnson,Looking to the future,83,1.0,111,3.08596,3.35099,0.92091
2026-03-20#t2191w0,2026-03-20,Mr. Lee,Looking to the future,143,1.0,175,3.6179,3.52173,1.02731
2026-03-20#t2192w0,2026-03-20,Hon. C. Johnson,Looking to the future,132,0.0,156,2.85236,3.10963,0.91727
2026-03-20#t2193w0,2026-03-20,Mr. Lee,Looking to the future,166,1.0,199,3.08101,3.23776,0.95159
2026-03-20#t2195w0,2026-03-20,Mr. Monahan,Looking to the future,156,1.0,186,2.96907,3.19683,0.92876
2026-03-20#t2196w0,2026-03-20,Hon. Ms. Holt,Looking to the future,214,1.0,244,3.26392,3.38548,0.96409
2026-03-20#t2198w0,2026-03-20,Hon. Ms. Thériault,Looking to the future,153,0.373,191,2.77563,2.84084,0.97704
2026-03-20#t2199w0,2026-03-20,Ms. M. Wilson,Looking to the future,172,1.0,197,2.66089,2.71389,0.98047
2026-03-20#t2200w0,2026-03-20,Ms. Mitton,Looking to the future,155,1.0,176,2.50421,3.07806,0.81357
2026-03-20#t2201w0,2026-03-20,Hon. Ms. Miles,Looking to the future,170,0.829,210,2.42193,2.69292,0.89937
2026-03-20#t2202w0,2026-03-20,Ms. M. Johnson,Looking to the future,198,0.97,231,3.31954,3.20822,1.0347
2026-03-20#t2203w0,2026-03-20,Mr. Coon,Looking to the future,187,0.979,229,3.04878,2.88169,1.05798
2026-03-20#t2204w0,2026-03-20,Hon. Mr. Gauvin,Looking to the future,159,0.0,202,2.25195,2.49029,0.90429
2026-03-20#t2205w0,2026-03-20,Mr. Hogan,Looking to the future,107,0.0,134,3.0424,2.86425,1.0622
2026-03-20#t2206w0,2026-03-20,Ms. Mitton,Looking to the future,165,0.448,229,2.8589,2.88498,0.99096
2026-03-20#t2207w0,2026-03-20,Mr. M. LeBlanc,Looking to the future,282,0.135,385,2.43086,2.53156,0.96022
2026-03-20#t2207w1,2026-03-20,Mr. M. LeBlanc,Looking to the future,339,0.0,422,2.56313,2.52812,1.01385
2026-03-20#t2208w0,2026-03-20,Ms. Scott-Wallace,Looking to the future,333,1.0,391,2.93338,3.0472,0.96265
2026-03-20#t2208w1,2026-03-20,Ms. Scott-Wallace,Looking to the future,245,1.0,281,3.55478,3.35633,1.05913
2026-03-20#t2208w2,2026-03-20,Ms. Scott-Wallace,Looking to the future,255,1.0,289,3.3299,3.33169,0.99946
2026-03-20#t2208w3,2026-03-20,Ms. Scott-Wallace,Looking to the future,357,1.0,422,3.13071,3.06831,1.02034
2026-03-20#t2208w4,2026-03-20,Ms. Scott-Wallace,Looking to the future,163,1.0,195,3.67138,3.50771,1.04666
2026-03-20#t2209w0,2026-03-20,Mr. Coon,Looking to the future,272,1.0,340,2.65746,2.67045,0.99513
2026-03-20#t2209w1,2026-03-20,Mr. Coon,Looking to the future,341,1.0,428,2.77736,2.8906,0.96082
2026-03-20#t2209w2,2026-03-20,Mr. Coon,Looking to the future,350,0.806,507,2.1101,2.20067,0.95885
2026-03-20#t2209w3,2026-03-20,Mr. Coon,Looking to the future,317,0.896,423,2.97152,2.96898,1.00086
2026-03-20#t2209w4,2026-03-20,Mr. Coon,Looking to the future,331,0.849,394,2.92567,2.88109,1.01547
2026-03-20#t2209w5,2026-03-20,Mr. Coon,Looking to the future,301,0.917,361,2.4685,2.57629,0.95816
2026-03-20#t2210w0,2026-03-20,Mr. Hogan,Looking to the future,339,1.0,424,2.89883,2.9666,0.97716
2026-03-20#t2210w1,2026-03-20,Mr. Hogan,Looking to the future,97,1.0,108,3.6577,3.32336,1.1006
2026-03-20#t2211w0,2026-03-20,Mr. Coon,Looking to the future,310,0.987,390,2.78638,2.81558,0.98963
2026-03-20#t2211w1,2026-03-20,Mr. Coon,Looking to the future,332,1.0,410,2.62038,2.73447,0.95828
2026-03-20#t2211w2,2026-03-20,Mr. Coon,Looking to the future,217,1.0,268,2.85493,3.11708,0.9159
2026-03-20#t2212w0,2026-03-20,Mr. Coon,Looking to the future,122,1.0,151,3.07555,3.37337,0.91172
2026-03-20#t2214w0,2026-03-20,Madam Speaker,Looking to the future,313,0.859,395,2.75597,2.95331,0.93318
2026-03-20#t2214w1,2026-03-20,Madam Speaker,Looking to the future,316,0.873,397,3.21637,3.0402,1.05795
2026-03-20#t2214w2,2026-03-20,Madam Speaker,Looking to the future,260,0.927,314,3.42264,3.39985,1.0067
2026-03-20#t2214w3,2026-03-20,Madam Speaker,Looking to the future,338,0.861,417,2.96992,2.97355,0.99878
2026-03-20#t2214w4,2026-03-20,Madam Speaker,Looking to the future,310,1.0,369,3.34092,3.2297,1.03444
2026-03-20#t2214w5,2026-03-20,Madam Speaker,Looking to the future,348,1.0,442,3.49386,3.28185,1.0646
2026-03-20#t2214w6,2026-03-20,Madam Speaker,Looking to the future,336,1.0,422,3.01712,3.08267,0.97873
2026-03-20#t2214w7,2026-03-20,Madam Speaker,Looking to the future,316,0.684,376,2.56498,2.72631,0.94082
2026-03-20#t2214w8,2026-03-20,Madam Speaker,Looking to the future,322,1.0,403,2.91543,2.93026,0.99494
2026-03-20#t2214w9,2026-03-20,Madam Speaker,Looking to the future,331,0.867,385,3.23245,3.23055,1.00059
2026-03-20#t2214w10,2026-03-20,Madam Speaker,Looking to the future,301,0.817,380,2.99299,2.867,1.04394
2026-03-20#t2214w11,2026-03-20,Madam Speaker,Looking to the future,342,1.0,414,3.2343,3.05031,1.06032
2026-03-20#t2214w12,2026-03-20,Madam Speaker,Looking to the future,304,1.0,363,3.33367,3.13182,1.06445
2026-03-20#t2214w13,2026-03-20,Madam Speaker,Looking to the future,312,1.0,381,3.00376,3.14331,0.9556
2026-03-20#t2214w14,2026-03-20,Madam Speaker,Looking to the future,270,0.985,335,2.91213,2.98446,0.97576
2026-03-20#t2216w0,2026-03-20,Hon. Mr. Dornan,Looking to the future,348,0.945,412,2.82654,2.83063,0.99855
2026-03-20#t2216w1,2026-03-20,Hon. Mr. Dornan,Looking to the future,349,0.903,441,2.69805,2.66754,1.01144
2026-03-20#t2216w2,2026-03-20,Hon. Mr. Dornan,Looking to the future,289,0.955,336,2.99647,3.15165,0.95076
2026-03-20#t2216w3,2026-03-20,Hon. Mr. Dornan,Looking to the future,235,1.0,302,3.27062,3.20421,1.02073
2026-03-20#t2216w4,2026-03-20,Hon. Mr. Dornan,Looking to the future,325,0.954,387,3.17289,3.07334,1.03239
2026-03-20#t2216w5,2026-03-20,Hon. Mr. Dornan,Looking to the future,354,0.963,425,2.86736,3.11937,0.91921
2026-03-20#t2216w6,2026-03-20,Hon. Mr. Dornan,Looking to the future,302,0.914,390,3.24865,3.11952,1.0414
2026-03-20#t2216w7,2026-03-20,Hon. Mr. Dornan,Looking to the future,291,0.883,343,2.90925,2.99613,0.971
2026-03-20#t2216w8,2026-03-20,Hon. Mr. Dornan,Looking to the future,241,1.0,287,3.34058,3.26995,1.0216
2026-03-20#t2216w9,2026-03-20,Hon. Mr. Dornan,Looking to the future,333,1.0,401,3.07055,3.13651,0.97897
2026-03-20#t2216w10,2026-03-20,Hon. Mr. Dornan,Looking to the future,345,0.881,409,2.9632,2.96435,0.99961
2026-03-20#t2217w0,2026-03-20,Mr. Savoie,Looking to the future,319,0.746,383,2.78792,2.82066,0.98839
2026-03-20#t2217w1,2026-03-20,Mr. Savoie,Looking to the future,226,1.0,274,3.17993,3.11804,1.01985
2026-03-20#t2217w2,2026-03-20,Mr. Savoie,Looking to the future,232,1.0,274,3.21362,3.23971,0.99195
2026-03-20#t2217w3,2026-03-20,Mr. Savoie,Looking to the future,328,1.0,403,3.1061,3.33709,0.93078
2026-03-20#t2217w4,2026-03-20,Mr. Savoie,Looking to the future,273,1.0,328,3.50558,3.36852,1.04069
2026-03-20#t2218w0,2026-03-20,Mr. Doucet,Looking to the future,59,0.0,80,2.95786,3.0832,0.95935
2026-03-20#t2221w0,2026-03-20,Mr. Deputy Speaker,Looking to the future,56,0.0,70,2.95645,3.43734,0.8601
2026-03-20#t2222w0,2026-03-20,Mr. Savoie,Looking to the future,87,1.0,109,3.64605,3.51738,1.03658
2026-03-20#t2223w0,2026-03-20,M. Savoie,Looking to the future,260,0.988,309,3.3969,3.52445,0.96381
2026-03-20#t2223w1,2026-03-20,M. Savoie,Looking to the future,333,1.0,406,3.2422,3.28802,0.98606
2026-03-20#t2223w2,2026-03-20,M. Savoie,Looking to the future,230,1.0,298,2.98964,3.16752,0.94384
2026-03-20#t2223w3,2026-03-20,M. Savoie,Looking to the future,328,1.0,420,3.18809,3.23804,0.98457
2026-03-20#t2223w4,2026-03-20,M. Savoie,Looking to the future,284,1.0,344,3.15841,2.97506,1.06163
2026-03-20#t2223w5,2026-03-20,M. Savoie,Looking to the future,337,1.0,413,3.2479,3.07637,1.05576
2026-03-20#t2223w6,2026-03-20,M. Savoie,Looking to the future,336,1.0,421,3.79411,3.51372,1.0798
2026-03-20#t2223w7,2026-03-20,M. Savoie,Looking to the future,297,1.0,373,3.07339,3.22715,0.95235
2026-03-20#t2223w8,2026-03-20,M. Savoie,Looking to the future,302,1.0,371,3.17591,3.2409,0.97995
2026-03-20#t2223w9,2026-03-20,M. Savoie,Looking to the future,209,1.0,271,2.97972,3.20288,0.93032
2026-03-20#t2224w0,2026-03-20,Mr. Savoie,Looking to the future,348,1.0,434,3.23765,3.29268,0.98328
2026-03-20#t2224w1,2026-03-20,Mr. Savoie,Looking to the future,306,1.0,386,3.29382,3.31701,0.99301
2026-03-20#t2224w2,2026-03-20,Mr. Savoie,Looking to the future,304,1.0,363,3.35362,3.25726,1.02958
2026-03-20#t2224w3,2026-03-20,Mr. Savoie,Looking to the future,348,1.0,418,3.33778,3.17497,1.05128
2026-03-20#t2224w4,2026-03-20,Mr. Savoie,Looking to the future,187,1.0,223,2.8102,3.01377,0.93245
2026-03-20#t2226w0,2026-03-20,Mr. Savoie,Looking to the future,116,1.0,148,3.54605,3.39426,1.04472
2026-03-20#t2228w0,2026-03-20,Hon. Ms. Miles,Looking to the future,327,1.0,386,2.49928,2.62607,0.95172
2026-03-20#t2228w1,2026-03-20,Hon. Ms. Miles,Looking to the future,339,0.829,390,2.58295,2.61948,0.98605
2026-03-20#t2228w2,2026-03-20,Hon. Ms. Miles,Looking to the future,353,1.0,410,2.82132,2.87244,0.9822
2026-03-20#t2228w3,2026-03-20,Hon. Ms. Miles,Looking to the future,249,0.799,290,2.75801,2.64969,1.04088
2026-03-20#t2228w4,2026-03-20,Hon. Ms. Miles,Looking to the future,352,1.0,422,2.47149,2.56329,0.96419
2026-03-20#t2228w5,2026-03-20,Hon. Ms. Miles,Looking to the future,272,0.838,323,2.66295,2.88341,0.92354
2026-03-20#t2229w0,2026-03-20,Hon. Ms. Miles,Looking to the future,286,0.731,343,2.76246,2.70296,1.02201
2026-03-20#t2229w1,2026-03-20,Hon. Ms. Miles,Looking to the future,154,1.0,182,2.84669,2.90881,0.97864
2026-03-20#t2230w0,2026-03-20,Hon. Ms. Miles,Looking to the future,240,1.0,287,2.57983,2.91308,0.8856
2026-03-20#t2232w0,2026-03-20,Ms. M. Johnson,Looking to the future,78,1.0,95,3.42969,3.69589,0.92797
2026-03-20#t2233w0,2026-03-20,Ms. M. Johnson,Looking to the future,185,1.0,225,2.68228,2.94858,0.90969
2026-03-20#t2234w0,2026-03-20,Ms. M. Johnson,Looking to the future,281,1.0,366,2.91236,2.95043,0.9871
2026-03-20#t2234w1,2026-03-20,Ms. M. Johnson,Looking to the future,350,0.843,437,2.93638,2.88846,1.01659
2026-03-20#t2234w2,2026-03-20,Ms. M. Johnson,Looking to the future,328,1.0,384,2.79012,2.91134,0.95836
2026-03-20#t2234w3,2026-03-20,Ms. M. Johnson,Looking to the future,338,1.0,466,3.00516,3.16856,0.94843
2026-03-20#t2234w4,2026-03-20,Ms. M. Johnson,Looking to the future,332,0.714,407,3.19074,3.11236,1.02518
2026-03-20#t2234w5,2026-03-20,Ms. M. Johnson,Looking to the future,337,1.0,403,3.22916,3.01322,1.07166
2026-03-20#t2234w6,2026-03-20,Ms. M. Johnson,Looking to the future,284,1.0,372,2.94594,2.96705,0.99289
2026-03-20#t2234w7,2026-03-20,Ms. M. Johnson,Looking to the future,292,0.729,350,3.10948,3.18477,0.97636
2026-03-20#t2234w8,2026-03-20,Ms. M. Johnson,Looking to the future,320,1.0,382,2.59694,2.75942,0.94112
2026-03-20#t2234w9,2026-03-20,Ms. M. Johnson,Looking to the future,311,1.0,365,3.05905,3.21689,0.95093
2026-03-20#t2235w0,2026-03-20,Ms. M. Johnson,Looking to the future,319,1.0,382,2.62242,2.8814,0.91012
2026-03-20#t2235w1,2026-03-20,Ms. M. Johnson,Looking to the future,327,1.0,383,3.00904,3.0531,0.98557
2026-03-20#t2235w2,2026-03-20,Ms. M. Johnson,Looking to the future,352,0.611,454,3.0362,2.96179,1.02512
2026-03-20#t2235w3,2026-03-20,Ms. M. Johnson,Looking to the future,327,1.0,394,2.94119,2.84701,1.03308
2026-03-20#t2235w4,2026-03-20,Ms. M. Johnson,Looking to the future,315,1.0,381,2.83742,2.86452,0.99054
2026-03-20#t2235w5,2026-03-20,Ms. M. Johnson,Looking to the future,154,1.0,183,3.52519,3.40898,1.03409
2026-03-20#t2236w0,2026-03-20,Ms. Vautour,Looking to the future,358,0.061,415,2.96585,3.11367,0.95253
2026-03-20#t2236w1,2026-03-20,Ms. Vautour,Looking to the future,314,0.42,370,3.34326,3.38053,0.98898
2026-03-20#t2236w2,2026-03-20,Ms. Vautour,Looking to the future,295,0.098,355,2.93738,3.0366,0.96733
2026-03-20#t2236w3,2026-03-20,Ms. Vautour,Looking to the future,281,0.0,335,2.98833,3.10109,0.96364
2026-03-20#t2236w4,2026-03-20,Ms. Vautour,Looking to the future,321,0.495,383,2.80972,3.09759,0.90707
2026-03-20#t2236w5,2026-03-20,Ms. Vautour,Looking to the future,352,0.0,432,2.83555,2.9881,0.94895
2026-03-20#t2236w6,2026-03-20,Ms. Vautour,Looking to the future,310,0.0,374,3.18289,3.04185,1.04637
2026-03-20#t2236w7,2026-03-20,Ms. Vautour,Looking to the future,339,0.0,410,3.21739,3.25674,0.98792
2026-03-20#t2236w8,2026-03-20,Ms. Vautour,Looking to the future,145,0.0,172,3.84443,3.70717,1.03702
2026-03-24#t2238w0,2026-03-24,Hon. Mr. Gauvin,Looking to the future,153,1.0,185,3.32894,3.29807,1.00936
2026-03-24#t2239w0,2026-03-24,Mr. Austin,Looking to the future,151,1.0,194,3.23187,3.3257,0.97178
2026-03-24#t2240w0,2026-03-24,Hon. Mr. McKee,Looking to the future,164,1.0,210,2.97854,2.97891,0.99988
2026-03-24#t2241w0,2026-03-24,Ms. Wilcott,Looking to the future,143,1.0,178,3.38765,3.18705,1.06294
2026-03-24#t2242w0,2026-03-24,Mr. Bourque,Looking to the future,56,1.0,71,3.69827,3.69716,1.0003
2026-03-24#t2243w0,2026-03-24,Hon. Mr. Gauvin,Looking to the future,271,1.0,327,2.85793,2.94873,0.96921
2026-03-24#t2244w0,2026-03-24,Ms. M. Johnson,Looking to the future,274,0.993,354,2.54642,2.68521,0.94831
2026-03-24#t2245w0,2026-03-24,Mr. Coon,Looking to the future,173,0.977,238,2.62893,2.85311,0.92142
2026-03-24#t2246w0,2026-03-24,Hon. Ms. Miles,Looking to the future,241,1.0,312,2.62591,2.67516,0.98159
2026-03-24#t2247w0,2026-03-24,Ms. Conroy,Looking to the future,271,1.0,360,2.51741,2.64268,0.9526
2026-03-24#t2248w0,2026-03-24,Mr. Johnston,Looking to the future,212,0.981,282,3.29076,2.92166,1.12633
2026-03-24#t2249w0,2026-03-24,Mr. Monahan,Looking to the future,171,1.0,236,2.34862,2.58586,0.90826
2026-03-24#t2250w0,2026-03-24,Hon. C. Johnson,Looking to the future,126,0.0,164,2.69253,2.71896,0.99028
2026-03-24#t2251w0,2026-03-24,Mr. Russell,Looking to the future,132,1.0,175,2.8195,2.81429,1.00185
2026-03-24#t2252w0,2026-03-24,Ms. Mitton,Looking to the future,163,1.0,207,3.39402,2.9941,1.13357
2026-03-24#t2253w0,2026-03-24,Mr. Russell,Looking to the future,146,1.0,172,3.98573,3.5189,1.13266
2026-03-24#t2254w0,2026-03-24,Ms. Mitton,Looking to the future,165,1.0,205,3.46049,3.28064,1.05482
2026-03-24#t2255w0,2026-03-24,Ms. Sodhi,Looking to the future,131,1.0,157,3.29128,3.37213,0.97602
2026-03-24#t2256w0,2026-03-24,Ms. M. Johnson,Looking to the future,205,1.0,248,3.57464,3.35614,1.0651
2026-03-24#t2257w0,2026-03-24,Ms. Wilcott,Looking to the future,157,1.0,193,3.18753,3.19606,0.99733
2026-03-24#t2258w0,2026-03-24,Mr. Austin,Looking to the future,161,1.0,197,3.1145,3.06777,1.01523
2026-03-24#t2259w0,2026-03-24,Mr. Bourque,Looking to the future,148,0.0,180,2.64188,3.044,0.8679
2026-03-24#t2260w0,2026-03-24,Mr. Cullins,Looking to the future,159,0.975,190,2.54527,2.98013,0.85408
2026-03-24#t2261w0,2026-03-24,Mr. Mallet,Looking to the future,138,0.0,178,3.39548,3.19072,1.06417
2026-03-24#t2262w0,2026-03-24,Ms. S. Wilson,Looking to the future,149,0.973,192,3.40483,3.63563,0.93652
2026-03-24#t2263w0,2026-03-24,Mr. Savoie,Looking to the future,181,0.956,207,3.52874,3.48772,1.01176
2026-03-24#t2264w0,2026-03-24,Hon. Ms. Holt,Looking to the future,199,1.0,238,2.7781,2.74029,1.0138
2026-03-24#t2265w0,2026-03-24,Mr. Savoie,Looking to the future,132,1.0,169,3.55433,3.51689,1.01065
2026-03-24#t2266w0,2026-03-24,Hon. Ms. Holt,Looking to the future,157,0.0,195,3.46659,3.41957,1.01375
2026-03-24#t2267w0,2026-03-24,Mr. Savoie,Looking to the future,169,1.0,203,2.88382,3.04046,0.94848
2026-03-24#t2268w0,2026-03-24,Hon. Mr. Finnigan,Looking to the future,138,0.971,160,3.36888,3.32179,1.01417
2026-03-24#t2269w0,2026-03-24,Mr. Savoie,Looking to the future,112,0.893,131,3.49693,3.29938,1.05987
2026-03-24#t2270w0,2026-03-24,Hon. Mr. Finnigan,Looking to the future,135,0.941,168,3.10789,3.20222,0.97054
2026-03-24#t2271w0,2026-03-24,Mr. Savoie,Looking to the future,165,1.0,195,3.39592,3.32282,1.022
2026-03-24#t2272w0,2026-03-24,Hon. Mr. Finnigan,Looking to the future,117,0.051,145,2.6579,2.92307,0.90928
2026-03-24#t2273w0,2026-03-24,Mr. Savoie,Looking to the future,168,1.0,186,3.12442,3.39397,0.92058
2026-03-24#t2274w0,2026-03-24,Hon. Mr. Finnigan,Looking to the future,112,0.0,133,3.41739,3.53793,0.96593
2026-03-24#t2275w0,2026-03-24,Mr. Austin,Looking to the future,167,1.0,199,2.65317,2.79706,0.94856
2026-03-24#t2276w0,2026-03-24,Hon. C. Chiasson,Looking to the future,166,1.0,193,3.25048,3.3077,0.9827
2026-03-24#t2277w0,2026-03-24,Mr. Austin,Looking to the future,150,1.0,182,3.18073,3.35036,0.94937
2026-03-24#t2278w0,2026-03-24,Hon. C. Chiasson,Looking to the future,159,1.0,193,3.28974,3.2596,1.00924
2026-03-24#t2279w0,2026-03-24,Mr. Austin,Looking to the future,232,1.0,279,3.21209,3.18944,1.0071
2026-03-24#t2280w0,2026-03-24,Hon. C. Chiasson,Looking to the future,143,1.0,175,3.25011,3.22766,1.00695
2026-03-24#t2281w0,2026-03-24,Ms. Scott-Wallace,Looking to the future,161,1.0,181,3.5236,3.61647,0.97432
2026-03-24#t2282w0,2026-03-24,Hon. Mr. Finnigan,Looking to the future,143,0.559,164,3.12912,2.96746,1.05448
2026-03-24#t2283w0,2026-03-24,Ms. Scott-Wallace,Looking to the future,185,1.0,214,4.09221,3.75112,1.09093
2026-03-24#t2284w0,2026-03-24,Hon. K. Chiasson,Looking to the future,138,1.0,168,3.52298,3.57863,0.98445
2026-03-24#t2285w0,2026-03-24,Ms. Scott-Wallace,Looking to the future,189,1.0,223,3.59546,3.49636,1.02834
2026-03-24#t2286w0,2026-03-24,Hon. Mr. Hickey,Looking to the future,145,1.0,176,3.54643,3.40899,1.04032
2026-03-24#t2288w0,2026-03-24,Mr. Coon,Looking to the future,145,1.0,176,3.23266,3.12791,1.03349
2026-03-24#t2289w0,2026-03-24,Hon. Mr. LePage,Looking to the future,144,0.0,169,2.93485,3.09414,0.94852
2026-03-24#t2290w0,2026-03-24,Mr. Coon,Looking to the future,156,1.0,188,3.35767,3.19928,1.04951
2026-03-24#t2291w0,2026-03-24,Hon. Mr. LePage,Looking to the future,142,0.0,166,3.4027,3.12007,1.09058
2026-03-24#t2292w0,2026-03-24,Mr. Monahan,Looking to the future,134,1.0,161,2.94674,3.20737,0.91874
2026-03-24#t2293w0,2026-03-24,Hon. Mr. Kennedy,Looking to the future,186,1.0,230,2.84202,3.11774,0.91156
2026-03-24#t2295w0,2026-03-24,Madam Speaker,Looking to the future,258,0.69,320,2.87245,2.91836,0.98427
2026-03-24#t2295w1,2026-03-24,Madam Speaker,Looking to the future,224,0.888,271,2.98836,3.25881,0.91701
2026-03-24#t2296w0,2026-03-24,Ms. Conroy,Looking to the future,246,1.0,292,3.25382,3.20774,1.01436
2026-03-24#t2297w0,2026-03-24,Ms. Mitton,Looking to the future,332,1.0,381,2.76151,2.76962,0.99707
2026-03-24#t2298w0,2026-03-24,Hon. Mr. Herron,Looking to the future,265,0.811,326,2.98926,2.90377,1.02944
2026-03-24#t2298w1,2026-03-24,Hon. Mr. Herron,Looking to the future,138,0.971,171,2.63683,2.94748,0.8946
2026-03-24#t2299w0,2026-03-24,Mr. Austin,Looking to the future,265,1.0,310,2.90452,3.0452,0.9538
2026-03-24#t2299w1,2026-03-24,Mr. Austin,Looking to the future,248,1.0,297,3.31004,3.14988,1.05085
2026-03-24#t2300w0,2026-03-24,Mr. Coon,Looking to the future,334,1.0,414,3.13375,3.18091,0.98518
2026-03-24#t2300w1,2026-03-24,Mr. Coon,Looking to the future,54,1.0,61,3.3835,3.90489,0.86648
2026-03-24#t2301w0,2026-03-24,Hon. Mr. Dornan,Looking to the future,292,0.877,362,2.96501,2.98633,0.99286
2026-03-24#t2302w0,2026-03-24,Mr. Hogan,Looking to the future,335,1.0,443,2.96304,3.12818,0.94721
2026-03-24#t2303w0,2026-03-24,Mr. Coon,Looking to the future,360,0.989,428,2.91239,3.03453,0.95975
2026-03-24#t2304w0,2026-03-24,Mr. Coon,Looking to the future,327,1.0,408,2.88941,2.7859,1.03715
2026-03-24#t2304w1,2026-03-24,Mr. Coon,Looking to the future,252,0.857,339,2.48901,2.43522,1.02209
2026-03-24#t2305w0,2026-03-24,Mr. M. LeBlanc,Looking to the future,329,0.796,423,2.55368,2.64534,0.96535
2026-03-24#t2305w1,2026-03-24,Mr. M. LeBlanc,Looking to the future,345,1.0,424,2.64835,2.77152,0.95556
2026-03-24#t2305w2,2026-03-24,Mr. M. LeBlanc,Looking to the future,324,1.0,398,2.41306,2.6714,0.90329
2026-03-24#t2305w3,2026-03-24,Mr. M. LeBlanc,Looking to the future,208,0.981,236,2.10458,2.93538,0.71697
2026-03-24#t2306w0,2026-03-24,Mr. Cullins,Looking to the future,356,1.0,414,2.45011,2.59875,0.9428
2026-03-24#t2306w1,2026-03-24,Mr. Cullins,Looking to the future,154,1.0,183,3.57004,3.66881,0.97308
2026-03-24#t2307w0,2026-03-24,Ms. Mitton,Looking to the future,282,0.986,338,2.73067,2.8566,0.95592
2026-03-24#t2307w1,2026-03-24,Ms. Mitton,Looking to the future,328,0.637,387,2.98584,2.96572,1.00678
2026-03-24#t2307w2,2026-03-24,Ms. Mitton,Looking to the future,246,0.626,285,2.80897,3.0186,0.93056
2026-03-24#t2308w0,2026-03-24,Mr. Weir,Looking to the future,352,1.0,440,3.07481,3.14751,0.9769
2026-03-24#t2308w1,2026-03-24,Mr. Weir,Looking to the future,266,1.0,316,3.25701,3.21093,1.01435
2026-03-24#t2309w0,2026-03-24,Ms. Mitton,Looking to the future,339,0.838,412,2.58536,2.69756,0.95841
2026-03-24#t2309w1,2026-03-24,Ms. Mitton,Looking to the future,320,0.728,371,2.44608,2.71708,0.90026
2026-03-24#t2309w2,2026-03-24,Ms. Mitton,Looking to the future,321,0.234,365,2.59524,2.7589,0.94068
2026-03-24#t2310w0,2026-03-24,Mr. Weir,Looking to the future,303,1.0,366,3.04433,3.11641,0.97687
2026-03-24#t2310w1,2026-03-24,Mr. Weir,Looking to the future,328,1.0,380,3.40958,3.44596,0.98944
2026-03-24#t2310w2,2026-03-24,Mr. Weir,Looking to the future,314,0.911,378,3.44475,3.50714,0.98221
2026-03-24#t2310w3,2026-03-24,Mr. Weir,Looking to the future,294,0.69,350,2.3698,2.55801,0.92642
2026-03-24#t2310w4,2026-03-24,Mr. Weir,Looking to the future,350,0.511,404,2.57685,2.68715,0.95895
2026-03-24#t2311w0,2026-03-24,Mr. Weir,Looking to the future,321,1.0,384,3.0808,2.97426,1.03582
2026-03-24#t2311w1,2026-03-24,Mr. Weir,Looking to the future,324,1.0,393,3.50068,3.41232,1.02589
2026-03-24#t2314w0,2026-03-24,Madam Speaker,Looking to the future,323,0.0,378,2.95788,3.09303,0.9563
2026-03-24#t2314w1,2026-03-24,Madam Speaker,Looking to the future,292,0.0,346,2.9427,3.00845,0.97814
2026-03-24#t2314w2,2026-03-24,Madam Speaker,Looking to the future,292,0.0,372,2.73238,2.92066,0.93554
2026-03-24#t2314w3,2026-03-24,Madam Speaker,Looking to the future,350,0.026,427,2.94825,3.11906,0.94523
2026-03-24#t2314w4,2026-03-24,Madam Speaker,Looking to the future,332,0.0,377,3.27743,3.3434,0.98027
2026-03-24#t2314w5,2026-03-24,Madam Speaker,Looking to the future,359,0.164,435,3.00536,3.16504,0.94955
2026-03-24#t2314w6,2026-03-24,Madam Speaker,Looking to the future,278,0.0,336,3.09541,3.20493,0.96583
2026-03-24#t2314w7,2026-03-24,Madam Speaker,Looking to the future,327,0.0,391,3.00075,3.04746,0.98467
2026-03-24#t2314w8,2026-03-24,Madam Speaker,Looking to the future,91,0.0,111,2.748,3.12805,0.8785
2026-03-24#t2317w0,2026-03-24,Mr. Austin,Looking to the future,283,1.0,348,2.7325,3.05126,0.89553
2026-03-24#t2317w1,2026-03-24,Mr. Austin,Looking to the future,100,1.0,116,2.90208,2.94411,0.98572
2026-03-24#t2318w0,2026-03-24,Mr. Austin,Looking to the future,272,1.0,350,2.74797,2.94571,0.93287
2026-03-24#t2318w1,2026-03-24,Mr. Austin,Looking to the future,356,1.0,442,2.81765,2.94722,0.95604
2026-03-24#t2318w2,2026-03-24,Mr. Austin,Looking to the future,292,1.0,371,3.15448,3.09273,1.01996
2026-03-24#t2318w3,2026-03-24,Mr. Austin,Looking to the future,291,1.0,364,2.91513,2.97365,0.98032
2026-03-24#t2318w4,2026-03-24,Mr. Austin,Looking to the future,281,1.0,339,2.96103,2.9983,0.98757
2026-03-24#t2318w5,2026-03-24,Mr. Austin,Looking to the future,274,1.0,329,3.14292,3.05424,1.02903
2026-03-24#t2318w6,2026-03-24,Mr. Austin,Looking to the future,273,1.0,339,2.91761,3.11727,0.93595
2026-03-24#t2318w7,2026-03-24,Mr. Austin,Looking to the future,307,1.0,389,2.63439,2.68675,0.98051
2026-03-24#t2318w8,2026-03-24,Mr. Austin,Looking to the future,249,1.0,341,2.63096,2.72879,0.96415
2026-03-24#t2318w9,2026-03-24,Mr. Austin,Looking to the future,216,1.0,258,3.19618,3.10502,1.02936
2026-03-24#t2318w10,2026-03-24,Mr. Austin,Looking to the future,181,1.0,241,2.84681,2.90248,0.98082
2026-03-24#t2319w0,2026-03-24,Mr. Austin,Looking to the future,353,1.0,444,2.84055,2.96379,0.95842
2026-03-24#t2319w1,2026-03-24,Mr. Austin,Looking to the future,271,1.0,339,2.75992,2.83072,0.97499
2026-03-24#t2319w2,2026-03-24,Mr. Austin,Looking to the future,178,1.0,227,3.3166,3.14222,1.0555
2026-03-24#t2320w0,2026-03-24,Mr. Austin,Looking to the future,293,1.0,385,2.90328,3.10452,0.93518
2026-03-24#t2320w1,2026-03-24,Mr. Austin,Looking to the future,215,1.0,254,3.20148,3.21456,0.99593
2026-03-24#t2321w0,2026-03-24,Mr. Austin,Looking to the future,350,1.0,429,2.78094,3.01441,0.92255
2026-03-24#t2321w1,2026-03-24,Mr. Austin,Looking to the future,341,1.0,417,3.09388,3.11456,0.99336
2026-03-24#t2321w2,2026-03-24,Mr. Austin,Looking to the future,321,1.0,383,2.67828,2.91502,0.91879
2026-03-24#t2321w3,2026-03-24,Mr. Austin,Looking to the future,90,1.0,114,2.95087,3.37524,0.87427
2026-03-24#t2322w0,2026-03-24,Ms. Mitton,Looking to the future,242,1.0,291,2.73176,3.0434,0.8976
2026-03-24#t2322w1,2026-03-24,Ms. Mitton,Looking to the future,292,1.0,337,2.9652,3.03866,0.97583
2026-03-24#t2322w2,2026-03-24,Ms. Mitton,Looking to the future,296,1.0,353,2.65089,2.80695,0.9444
2026-03-24#t2322w3,2026-03-24,Ms. Mitton,Looking to the future,338,0.604,404,2.95538,3.05099,0.96866
2026-03-24#t2322w4,2026-03-24,Ms. Mitton,Looking to the future,247,1.0,283,2.71386,3.07112,0.88367
2026-03-24#t2322w5,2026-03-24,Ms. Mitton,Looking to the future,313,0.709,364,2.92211,3.09504,0.94412
2026-03-24#t2322w6,2026-03-24,Ms. Mitton,Looking to the future,338,1.0,399,2.90986,3.02681,0.96136
2026-03-24#t2322w7,2026-03-24,Ms. Mitton,Looking to the future,311,1.0,373,2.95422,3.20537,0.92165
2026-03-24#t2322w8,2026-03-24,Ms. Mitton,Looking to the future,317,1.0,378,3.12977,3.26194,0.95948
2026-03-24#t2322w9,2026-03-24,Ms. Mitton,Looking to the future,338,0.84,391,2.94757,2.93936,1.00279
2026-03-24#t2322w10,2026-03-24,Ms. Mitton,Looking to the future,286,0.846,333,3.2282,3.13983,1.02814
2026-03-24#t2322w11,2026-03-24,Ms. Mitton,Looking to the future,318,1.0,370,3.05495,2.97281,1.02763
2026-03-24#t2322w12,2026-03-24,Ms. Mitton,Looking to the future,329,1.0,389,2.98269,3.25016,0.91771
2026-03-24#t2322w13,2026-03-24,Ms. Mitton,Looking to the future,347,0.896,394,2.85225,3.03938,0.93843
2026-03-24#t2323w0,2026-03-24,Ms. Wilcott,Looking to the future,275,1.0,319,2.62597,2.90599,0.90364
2026-03-24#t2323w1,2026-03-24,Ms. Wilcott,Looking to the future,350,1.0,433,3.14123,3.28013,0.95766
2026-03-24#t2323w2,2026-03-24,Ms. Wilcott,Looking to the future,298,1.0,376,3.55701,3.66907,0.96946
2026-03-24#t2323w3,2026-03-24,Ms. Wilcott,Looking to the future,330,1.0,401,2.92486,3.15705,0.92645
2026-03-24#t2323w4,2026-03-24,Ms. Wilcott,Looking to the future,351,1.0,401,3.10983,3.03879,1.02338
2026-03-24#t2323w5,2026-03-24,Ms. Wilcott,Looking to the future,267,1.0,302,3.02995,3.10605,0.9755
2026-03-24#t2323w6,2026-03-24,Ms. Wilcott,Looking to the future,342,1.0,432,3.16589,3.07664,1.02901
2026-03-24#t2323w7,2026-03-24,Ms. Wilcott,Looking to the future,166,1.0,207,3.06462,3.09022,0.99172
2026-03-24#t2323w8,2026-03-24,Ms. Wilcott,Looking to the future,286,1.0,345,3.16382,3.15937,1.00141
2026-03-24#t2323w9,2026-03-24,Ms. Wilcott,Looking to the future,261,1.0,308,3.29773,3.32288,0.99243
2026-03-24#t2324w0,2026-03-24,Ms. Wilcott,Looking to the future,303,1.0,361,3.34218,3.26925,1.02231
2026-03-24#t2324w1,2026-03-24,Ms. Wilcott,Looking to the future,294,1.0,378,2.95509,3.02707,0.97622
2026-03-24#t2324w2,2026-03-24,Ms. Wilcott,Looking to the future,198,0.657,236,3.16938,3.34502,0.94749
2026-03-24#t2325w0,2026-03-24,Ms. S. Wilson,Looking to the future,281,1.0,364,2.63333,2.73242,0.96374
2026-03-24#t2325w1,2026-03-24,Ms. S. Wilson,Looking to the future,326,1.0,391,3.40912,3.40649,1.00077
2026-03-24#t2325w2,2026-03-24,Ms. S. Wilson,Looking to the future,310,1.0,368,3.07626,3.33818,0.92154
2026-03-24#t2325w3,2026-03-24,Ms. S. Wilson,Looking to the future,333,1.0,408,3.4083,3.32416,1.02531
2026-03-24#t2325w4,2026-03-24,Ms. S. Wilson,Looking to the future,347,1.0,410,3.17538,3.37022,0.94219
2026-03-24#t2325w5,2026-03-24,Ms. S. Wilson,Looking to the future,283,1.0,336,3.32637,3.14322,1.05827
2026-03-24#t2326w0,2026-03-24,Ms. S. Wilson,Looking to the future,88,1.0,103,4.05851,3.78085,1.07344
2026-03-24#t2327w0,2026-03-24,,Looking to the future,350,1.0,410,3.17045,3.21679,0.9856
2026-03-24#t2327w1,2026-03-24,,Looking to the future,333,1.0,392,3.29589,3.38529,0.97359
2026-03-24#t2327w2,2026-03-24,,Looking to the future,335,1.0,426,3.3323,3.18541,1.04611
2026-03-24#t2327w3,2026-03-24,,Looking to the future,61,1.0,79,3.77575,3.53416,1.06836
2026-03-24#t2328w0,2026-03-24,Mr. M. LeBlanc,Looking to the future,166,1.0,197,2.94965,2.94899,1.00022
2026-03-24#t2329w0,2026-03-24,Mr. M. LeBlanc,Looking to the future,68,1.0,79,3.8177,4.1331,0.92369
2026-03-24#t2330w0,2026-03-24,Mr. M. LeBlanc,Looking to the future,98,1.0,111,3.14535,3.24055,0.97062
2026-03-24#t2332w0,2026-03-24,Mr. M. LeBlanc,Looking to the future,293,1.0,374,3.07172,2.99334,1.02618
2026-03-24#t2332w1,2026-03-24,Mr. M. LeBlanc,Looking to the future,143,1.0,168,4.10478,3.66402,1.12029
2026-03-24#t2333w0,2026-03-24,Mr. M. LeBlanc,Looking to the future,81,1.0,102,3.73849,3.52566,1.06037
2026-03-25#t2335w0,2026-03-25,Hon. Mr. D’Amours,Looking to the future,161,0.584,189,3.51775,3.40579,1.03287
2026-03-25#t2337w0,2026-03-25,Mr. Doucet,Looking to the future,211,0.0,284,2.83844,2.64253,1.07414
2026-03-25#t2338w0,2026-03-25,Ms. M. Johnson,Looking to the future,214,1.0,256,2.71303,2.7476,0.98742
2026-03-25#t2339w0,2026-03-25,Mr. Coon,Looking to the future,162,1.0,217,2.83466,2.88077,0.98399
2026-03-25#t2340w0,2026-03-25,Ms. Scott-Wallace,Looking to the future,176,1.0,245,2.73133,2.79555,0.97703
2026-03-25#t2341w0,2026-03-25,Hon. Ms. Boudreau,Looking to the future,124,0.194,171,2.88574,3.12543,0.92331
2026-03-25#t2342w0,2026-03-25,Mr. Russell,Looking to the future,129,1.0,159,2.58186,2.96978,0.86938
2026-03-25#t2343w0,2026-03-25,Ms. Mitton,Looking to the future,132,1.0,187,2.48799,2.8029,0.88765
2026-03-25#t2344w0,2026-03-25,Ms. Wilcott,Looking to the future,158,1.0,197,3.47798,3.30748,1.05155
2026-03-25#t2345w0,2026-03-25,Mr. Hogan,Looking to the future,120,0.967,151,2.8055,2.96067,0.94759
2026-03-25#t2346w0,2026-03-25,Mr. Mallet,Looking to the future,288,0.747,357,2.52407,2.80402,0.90016
2026-03-25#t2347w0,2026-03-25,Mr. Ames,Looking to the future,175,1.0,211,3.52231,3.51414,1.00232
2026-03-25#t2348w0,2026-03-25,Mr. Coon,Looking to the future,186,1.0,233,3.44437,3.63785,0.94681
2026-03-25#t2349w0,2026-03-25,Mr. Doucet,Looking to the future,165,1.0,200,2.84254,2.91686,0.97452
2026-03-25#t2350w0,2026-03-25,Ms. M. Wilson,Looking to the future,150,1.0,202,2.22816,2.44297,0.91207
2026-03-25#t2351w0,2026-03-25,Mr. J. LeBlanc,Looking to the future,137,0.54,173,2.84849,3.03427,0.93877
2026-03-25#t2352w0,2026-03-25,Mr. Lee,Looking to the future,186,1.0,265,3.55681,3.39668,1.04714
2026-03-25#t2353w0,2026-03-25,Ms. Vautour,Looking to the future,148,0.439,186,2.7504,2.89784,0.94912
2026-03-25#t2354w0,2026-03-25,Ms. Bockus,Looking to the future,140,1.0,168,3.14809,3.03089,1.03867
2026-03-25#t2355w0,2026-03-25,Mr. Robichaud,Looking to the future,159,0.528,192,2.70414,2.8902,0.93562
2026-03-25#t2356w0,2026-03-25,Mr. Monahan,Looking to the future,138,1.0,170,2.95928,3.09725,0.95545
2026-03-25#t2357w0,2026-03-25,Mr. Savoie,Looking to the future,169,0.953,217,3.15557,2.9649,1.06431
2026-03-25#t2358w0,2026-03-25,Hon. Ms. Holt,Looking to the future,150,1.0,169,3.30026,3.1755,1.03929
2026-03-25#t2359w0,2026-03-25,Mr. Savoie,Looking to the future,157,1.0,187,3.45868,3.6663,0.94337
2026-03-25#t2360w0,2026-03-25,Hon. Ms. Holt,Looking to the future,149,0.0,183,2.70995,3.19216,0.84894
2026-03-25#t2361w0,2026-03-25,Mr. Savoie,Looking to the future,161,0.963,200,3.21665,3.19106,1.00802
2026-03-25#t2362w0,2026-03-25,Hon. Ms. Holt,Looking to the future,169,0.444,194,3.00057,3.31475,0.90522
2026-03-25#t2363w0,2026-03-25,Mr. Hogan,Looking to the future,128,1.0,152,3.79278,3.46934,1.09323
2026-03-25#t2364w0,2026-03-25,Hon. Mr. Dornan,Looking to the future,114,1.0,133,3.36191,3.55604,0.94541
2026-03-25#t2365w0,2026-03-25,Mr. Hogan,Looking to the future,131,1.0,154,2.90571,3.20798,0.90577
2026-03-25#t2366w0,2026-03-25,Hon. Mr. Dornan,Looking to the future,103,1.0,128,3.34223,3.30086,1.01253
2026-03-25#t2367w0,2026-03-25,Mr. Hogan,Looking to the future,154,1.0,187,3.33115,3.3832,0.98461
2026-03-25#t2368w0,2026-03-25,Hon. Mr. Dornan,Looking to the future,104,1.0,135,3.12157,3.3944,0.91963
2026-03-25#t2369w0,2026-03-25,Ms. M. Johnson,Looking to the future,169,1.0,225,2.58227,2.8087,0.91938
2026-03-25#t2370w0,2026-03-25,Hon. Ms. Boudreau,Looking to the future,110,0.0,126,2.89724,3.22304,0.89891
2026-03-25#t2371w0,2026-03-25,Ms. M. Johnson,Looking to the future,125,0.952,162,2.78751,2.87093,0.97094
2026-03-25#t2372w0,2026-03-25,Hon. Ms. Boudreau,Looking to the future,117,0.0,133,3.06741,3.08976,0.99277
2026-03-25#t2373w0,2026-03-25,Ms. M. Johnson,Looking to the future,136,1.0,182,2.99856,3.07022,0.97666
2026-03-25#t2374w0,2026-03-25,Hon. Ms. Boudreau,Looking to the future,157,0.0,178,3.17469,3.43451,0.92435
2026-03-25#t2375w0,2026-03-25,Ms. Mitton,Looking to the future,150,1.0,174,3.57009,3.31446,1.07712
2026-03-25#t2376w0,2026-03-25,Hon. Mr. Legacy,Looking to the future,143,1.0,167,3.4807,3.30219,1.05406
2026-03-25#t2378w0,2026-03-25,Ms. Mitton,Looking to the future,158,1.0,190,3.43898,3.57849,0.96101
2026-03-25#t2379w0,2026-03-25,Hon. Mr. Randall,Looking to the future,148,1.0,176,3.6811,3.23886,1.13654
2026-03-25#t2380w0,2026-03-25,Ms. Mitton,Looking to the future,111,0.099,126,3.48893,3.65732,0.95396
2026-03-25#t2381w0,2026-03-25,Hon. Mr. Legacy,Looking to the future,108,0.0,124,3.29786,3.40966,0.96721
2026-03-25#t2382w0,2026-03-25,Ms. M. Wilson,Looking to the future,175,1.0,214,3.32206,3.1029,1.07063
2026-03-25#t2383w0,2026-03-25,Hon. Ms. Thériault,Looking to the future,140,0.0,175,3.18502,3.10297,1.02644
2026-03-25#t2384w0,2026-03-25,Ms. M. Wilson,Looking to the future,171,1.0,217,3.23746,3.37661,0.95879
2026-03-25#t2385w0,2026-03-25,Hon. Ms. Thériault,Looking to the future,133,0.0,158,3.40303,3.16734,1.07441
2026-03-25#t2386w0,2026-03-25,Ms. M. Wilson,Looking to the future,72,1.0,94,3.60013,3.8856,0.92653
2026-03-25#t2387w0,2026-03-25,Hon. Ms. Thériault,Looking to the future,162,0.0,192,3.02561,3.28408,0.92129
2026-03-25#t2388w0,2026-03-25,Mr. Savoie,Looking to the future,151,0.96,184,3.43154,3.3621,1.02065
2026-03-25#t2389w0,2026-03-25,Hon. Ms. Holt,Looking to the future,193,1.0,233,3.40454,3.28361,1.03683
2026-03-25#t2391w0,2026-03-25,Hon. Mr. D’Amours,Looking to the future,270,0.304,325,2.70256,2.9128,0.92782
2026-03-25#t2392w0,2026-03-25,Ms. M. Wilson,Looking to the future,260,1.0,320,2.94228,3.19527,0.92082
2026-03-25#t2393w0,2026-03-25,Mr. Coon,Looking to the future,216,0.931,262,2.81813,2.77728,1.01471
2026-03-25#t2394w0,2026-03-25,Hon. Ms. Boudreau,Looking to the future,181,0.0,224,2.54577,2.93405,0.86766
2026-03-25#t2395w0,2026-03-25,Ms. M. Johnson,Looking to the future,238,0.975,284,3.25562,3.15436,1.0321
2026-03-25#t2396w0,2026-03-25,Ms. Mitton,Looking to the future,209,0.981,254,2.45693,2.79573,0.87881
2026-03-25#t2397w0,2026-03-25,Hon. Mr. Kennedy,Looking to the future,270,0.667,347,2.66343,2.71155,0.98225
2026-03-25#t2398w0,2026-03-25,Mr. Russell,Looking to the future,240,1.0,286,2.64108,2.89227,0.91315
2026-03-25#t2399w0,2026-03-25,Mr. Coon,Looking to the future,221,0.982,274,3.00201,3.11954,0.96232
2026-03-25#t2400w0,2026-03-25,Ms. S. Wilson,Looking to the future,98,1.0,126,2.98486,3.16945,0.94176
2026-03-25#t2401w0,2026-03-25,Ms. S. Wilson read the following,Looking to the future,53,1.0,71,4.01883,4.03498,0.996
2026-03-25#t2402w0,2026-03-25,Mr. Savoie,Looking to the future,205,0.859,246,3.09201,3.05818,1.01106
2026-03-25#t2403w0,2026-03-25,Hon. Mr. D’Amours,Looking to the future,116,0.284,135,2.82448,3.01055,0.93819
2026-03-25#t2405w0,2026-03-25,Ms. Mitton,Looking to the future,87,0.713,117,2.14959,2.41274,0.89093
2026-03-25#t2406w0,2026-03-25,Mr. M. LeBlanc,Looking to the future,318,0.774,389,2.91065,2.86394,1.01631
2026-03-25#t2406w1,2026-03-25,Mr. M. LeBlanc,Looking to the future,139,1.0,174,2.9592,3.18919,0.92789
2026-03-25#t2407w0,2026-03-25,Madam Speaker,Looking to the future,315,0.603,382,2.31287,2.57484,0.89826
2026-03-25#t2407w1,2026-03-25,Madam Speaker,Looking to the future,179,0.497,211,2.77956,2.84659,0.97645
2026-03-25#t2408w0,2026-03-25,Mr. Weir,Looking to the future,312,1.0,364,2.77739,3.02887,0.91697
2026-03-25#t2408w1,2026-03-25,Mr. Weir,Looking to the future,147,1.0,182,3.01129,3.41419,0.88199
2026-03-25#t2409w0,2026-03-25,Mr. Coon,Looking to the future,109,0.963,141,2.9566,2.93119,1.00867
2026-03-25#t2410w0,2026-03-25,Madam Speaker,Looking to the future,356,0.469,431,2.61517,2.66557,0.98109
2026-03-25#t2411w0,2026-03-25,Mr. Weir,Looking to the future,345,1.0,405,2.86512,2.87613,0.99617
2026-03-25#t2412w0,2026-03-25,Mr. Coon,Looking to the future,359,1.0,415,3.02065,2.97495,1.01536
2026-03-25#t2412w1,2026-03-25,Mr. Coon,Looking to the future,186,0.355,228,2.19093,2.47016,0.88696
2026-03-25#t2413w0,2026-03-25,Mr. Weir,Looking to the future,315,1.0,395,3.04013,3.02506,1.00498
2026-03-25#t2414w0,2026-03-25,Mr. Coon,Looking to the future,96,0.688,122,3.00265,2.92657,1.026
2026-03-25#t2417w0,2026-03-25,Madam Speaker,Looking to the future,360,0.156,475,3.70814,3.71066,0.99932
2026-03-25#t2417w1,2026-03-25,Madam Speaker,Looking to the future,351,0.0,437,2.93715,2.98021,0.98555
2026-03-25#t2417w2,2026-03-25,Madam Speaker,Looking to the future,278,0.0,339,2.81963,3.05182,0.92392
2026-03-25#t2417w3,2026-03-25,Madam Speaker,Looking to the future,348,0.0,425,3.02267,3.11442,0.97054
2026-03-25#t2417w4,2026-03-25,Madam Speaker,Looking to the future,320,0.0,409,3.05653,3.1356,0.97478
2026-03-25#t2417w5,2026-03-25,Madam Speaker,Looking to the future,352,0.0,439,2.84862,3.06691,0.92882
2026-03-25#t2417w6,2026-03-25,Madam Speaker,Looking to the future,333,1.0,404,3.05023,3.10484,0.98241
2026-03-25#t2417w7,2026-03-25,Madam Speaker,Looking to the future,230,1.0,316,2.96126,3.01032,0.9837
2026-03-25#t2418w0,2026-03-25,Mr. M. LeBlanc,Looking to the future,291,1.0,362,3.22988,3.18424,1.01433
2026-03-25#t2418w1,2026-03-25,Mr. M. LeBlanc,Looking to the future,302,1.0,369,2.92824,3.22633,0.90761
2026-03-25#t2418w2,2026-03-25,Mr. M. LeBlanc,Looking to the future,280,0.732,343,3.16453,3.18084,0.99487
2026-03-25#t2418w3,2026-03-25,Mr. M. LeBlanc,Looking to the future,256,0.469,308,3.13021,3.23024,0.96903
2026-03-25#t2418w4,2026-03-25,Mr. M. LeBlanc,Looking to the future,289,0.0,374,3.15348,3.2537,0.9692
2026-03-25#t2418w5,2026-03-25,Mr. M. LeBlanc,Looking to the future,329,0.0,399,2.82096,2.98222,0.94593
2026-03-25#t2418w6,2026-03-25,Mr. M. LeBlanc,Looking to the future,345,0.0,433,2.78682,3.05269,0.91291
2026-03-25#t2418w7,2026-03-25,Mr. M. LeBlanc,Looking to the future,50,0.0,69,2.82564,3.23016,0.87477
2026-03-25#t2419w0,2026-03-25,Ms. Scott-Wallace,Looking to the future,260,1.0,316,3.06547,3.28288,0.93378
2026-03-25#t2419w1,2026-03-25,Ms. Scott-Wallace,Looking to the future,287,1.0,362,2.83218,2.92758,0.96741
2026-03-25#t2419w2,2026-03-25,Ms. Scott-Wallace,Looking to the future,261,1.0,316,3.47282,3.42196,1.01486
2026-03-25#t2419w3,2026-03-25,Ms. Scott-Wallace,Looking to the future,290,1.0,354,3.24341,3.12346,1.0384
2026-03-25#t2419w4,2026-03-25,Ms. Scott-Wallace,Looking to the future,338,1.0,405,3.01568,3.13833,0.96092
2026-03-25#t2419w5,2026-03-25,Ms. Scott-Wallace,Looking to the future,176,1.0,207,3.49259,3.52101,0.99193
2026-03-25#t2420w0,2026-03-25,Ms. Scott-Wallace,Looking to the future,302,1.0,369,3.48858,3.46804,1.00592
2026-03-25#t2420w1,2026-03-25,Ms. Scott-Wallace,Looking to the future,333,1.0,402,3.36194,3.29422,1.02056
2026-03-25#t2420w2,2026-03-25,Ms. Scott-Wallace,Looking to the future,292,1.0,354,3.08953,3.4206,0.90321
2026-03-25#t2420w3,2026-03-25,Ms. Scott-Wallace,Looking to the future,305,1.0,363,3.17174,3.23809,0.97951
2026-03-25#t2420w4,2026-03-25,Ms. Scott-Wallace,Looking to the future,344,1.0,432,3.57909,3.27241,1.09372
2026-03-25#t2421w0,2026-03-25,Ms. Scott-Wallace,Looking to the future,282,1.0,329,3.63656,3.49023,1.04193
2026-03-25#t2421w1,2026-03-25,Ms. Scott-Wallace,Looking to the future,330,1.0,404,3.55331,3.33126,1.06666
2026-03-25#t2422w0,2026-03-25,Ms. Scott-Wallace,Looking to the future,313,1.0,387,3.33492,3.29727,1.01142
2026-03-25#t2422w1,2026-03-25,Ms. Scott-Wallace,Looking to the future,275,1.0,320,2.94765,3.24995,0.90698
2026-03-25#t2422w2,2026-03-25,Ms. Scott-Wallace,Looking to the future,340,1.0,426,3.49995,3.37492,1.03705
2026-03-25#t2423w0,2026-03-25,Mr. Doucet,Looking to the future,329,0.195,399,2.95157,3.05343,0.96664
2026-03-25#t2423w1,2026-03-25,Mr. Doucet,Looking to the future,334,0.192,429,2.7514,2.99008,0.92018
2026-03-25#t2423w2,2026-03-25,Mr. Doucet,Looking to the future,325,0.0,398,2.91513,3.11289,0.93647
2026-03-25#t2423w3,2026-03-25,Mr. Doucet,Looking to the future,334,0.048,402,2.85086,2.91917,0.9766
2026-03-25#t2423w4,2026-03-25,Mr. Doucet,Looking to the future,348,0.494,427,2.91411,2.97033,0.98107
2026-03-25#t2423w5,2026-03-25,Mr. Doucet,Looking to the future,336,0.491,413,2.90241,2.92518,0.99222
2026-03-25#t2423w6,2026-03-25,Mr. Doucet,Looking to the future,322,0.18,384,3.19194,3.3123,0.96366
2026-03-25#t2423w7,2026-03-25,Mr. Doucet,Looking to the future,320,0.0,412,2.45705,2.51319,0.97766
2026-03-25#t2423w8,2026-03-25,Mr. Doucet,Looking to the future,287,0.369,372,2.99067,3.09886,0.96509
2026-03-25#t2424w0,2026-03-25,Mr. Doucet,Looking to the future,86,0.5,105,3.85018,4.14152,0.92965
2026-03-25#t2425w0,2026-03-25,Mr. Doucet,Looking to the future,359,0.284,432,2.87433,3.12482,0.91984
2026-03-25#t2425w1,2026-03-25,Mr. Doucet,Looking to the future,336,0.128,421,2.92718,2.95793,0.9896
2026-03-25#t2425w2,2026-03-25,Mr. Doucet,Looking to the future,77,0.117,92,3.61026,3.47186,1.03986
2026-03-25#t2426w0,2026-03-25,Mr. Hogan,Looking to the future,61,1.0,74,3.91072,3.74321,1.04475
2026-03-25#t2427w0,2026-03-25,Mr. Hogan,Looking to the future,79,1.0,110,4.00808,3.59333,1.11542
2026-03-25#t2428w0,2026-03-25,Mr. Hogan,Looking to the future,241,1.0,298,3.17746,3.27602,0.96991
2026-03-25#t2428w1,2026-03-25,Mr. Hogan,Looking to the future,281,1.0,340,3.29038,3.34562,0.98349
2026-03-25#t2428w2,2026-03-25,Mr. Hogan,Looking to the future,319,1.0,390,2.95171,3.13871,0.94042
2026-03-25#t2429w0,2026-03-25,Mr. Hogan,Looking to the future,217,1.0,252,3.18958,3.25421,0.98014
2026-03-25#t2430w0,2026-03-25,Mr. Hogan,Looking to the future,56,1.0,69,3.39522,3.70228,0.91706
2026-03-25#t2431w0,2026-03-25,Mr. Hogan,Looking to the future,207,1.0,248,3.35645,3.39811,0.98774
2026-03-25#t2432w0,2026-03-25,Mr. Hogan,Looking to the future,338,1.0,417,3.18898,3.12709,1.01979
2026-03-25#t2432w1,2026-03-25,Mr. Hogan,Looking to the future,253,1.0,306,2.77755,2.94163,0.94422
2026-03-25#t2432w2,2026-03-25,Mr. Hogan,Looking to the future,354,1.0,436,2.85278,3.0032,0.94991
2026-03-25#t2432w3,2026-03-25,Mr. Hogan,Looking to the future,278,1.0,352,3.21157,3.21216,0.99982
2026-03-25#t2432w4,2026-03-25,Mr. Hogan,Looking to the future,88,1.0,111,3.20945,3.31,0.96962
2026-03-25#t2433w0,2026-03-25,Mr. Hogan,Looking to the future,314,1.0,409,3.05326,2.98176,1.02398
2026-03-25#t2433w1,2026-03-25,Mr. Hogan,Looking to the future,311,1.0,393,3.31512,3.22344,1.02844
2026-03-25#t2433w2,2026-03-25,Mr. Hogan,Looking to the future,120,1.0,151,3.7229,3.69486,1.00759
2026-03-25#t2435w0,2026-03-25,Mr. Hogan,Looking to the future,74,1.0,89,3.66077,3.68794,0.99263
2026-03-25#t2436w0,2026-03-25,Mr. Hogan,Looking to the future,101,1.0,125,3.60076,3.81322,0.94428
2026-03-25#t2440w0,2026-03-25,Mr. Hogan,Looking to the future,132,1.0,168,3.49954,3.51687,0.99507
2026-03-25#t2441w0,2026-03-25,Mr. Hogan,Looking to the future,220,1.0,277,3.48038,3.49449,0.99596
2026-03-25#t2442w0,2026-03-25,Mr. Hogan,Looking to the future,60,1.0,78,3.26071,3.34717,0.97417
2026-03-25#t2444w0,2026-03-25,Hon. Mr. Hickey,Looking to the future,356,0.868,434,3.1976,3.03339,1.05413
2026-03-25#t2444w1,2026-03-25,Hon. Mr. Hickey,Looking to the future,290,0.866,325,3.4792,3.21768,1.08127
2026-03-25#t2444w2,2026-03-25,Hon. Mr. Hickey,Looking to the future,355,0.893,425,2.79806,3.13902,0.89138
2026-03-25#t2444w3,2026-03-25,Hon. Mr. Hickey,Looking to the future,301,0.914,350,3.06841,3.14025,0.97712
2026-03-25#t2444w4,2026-03-25,Hon. Mr. Hickey,Looking to the future,302,1.0,358,3.27134,3.28174,0.99683
2026-03-25#t2444w5,2026-03-25,Hon. Mr. Hickey,Looking to the future,312,0.917,367,3.01381,3.22177,0.93545
2026-03-25#t2444w6,2026-03-25,Hon. Mr. Hickey,Looking to the future,287,0.847,353,3.13085,3.07664,1.01762
2026-03-25#t2444w7,2026-03-25,Hon. Mr. Hickey,Looking to the future,342,1.0,404,3.16324,3.3038,0.95745
2026-03-25#t2444w8,2026-03-25,Hon. Mr. Hickey,Looking to the future,347,0.847,419,2.93234,2.95676,0.99174
2026-03-25#t2444w9,2026-03-25,Hon. Mr. Hickey,Looking to the future,346,1.0,393,3.07862,3.09132,0.99589
2026-03-25#t2444w10,2026-03-25,Hon. Mr. Hickey,Looking to the future,328,1.0,389,3.39939,3.12877,1.08649
2026-03-25#t2444w11,2026-03-25,Hon. Mr. Hickey,Looking to the future,303,0.881,351,2.968,3.26642,0.90864
2026-03-25#t2444w12,2026-03-25,Hon. Mr. Hickey,Looking to the future,316,1.0,369,3.39873,3.27934,1.03641
2026-03-25#t2444w13,2026-03-25,Hon. Mr. Hickey,Looking to the future,328,1.0,377,3.19491,3.26327,0.97905
2026-03-25#t2444w14,2026-03-25,Hon. Mr. Hickey,Looking to the future,318,1.0,375,3.15909,3.19539,0.98864
2026-03-25#t2444w15,2026-03-25,Hon. Mr. Hickey,Looking to the future,57,1.0,69,3.25169,3.30393,0.98419
2026-03-25#t2446w0,2026-03-25,Ms. Conroy,Looking to the future,333,1.0,385,2.604,2.79797,0.93068
2026-03-25#t2446w1,2026-03-25,Ms. Conroy,Looking to the future,345,1.0,395,2.7267,2.92723,0.93149
2026-03-25#t2446w2,2026-03-25,Ms. Conroy,Looking to the future,346,1.0,401,2.62825,2.91188,0.9026
2026-03-25#t2446w3,2026-03-25,Ms. Conroy,Looking to the future,307,1.0,386,2.89804,2.98261,0.97164
2026-03-25#t2446w4,2026-03-25,Ms. Conroy,Looking to the future,356,1.0,450,3.05758,3.06359,0.99804
2026-03-25#t2446w5,2026-03-25,Ms. Conroy,Looking to the future,344,1.0,405,3.17203,3.19523,0.99274
2026-03-25#t2446w6,2026-03-25,Ms. Conroy,Looking to the future,329,1.0,394,2.70717,2.90119,0.93313
2026-03-25#t2446w7,2026-03-25,Ms. Conroy,Looking to the future,86,1.0,110,2.4007,2.70184,0.88854
2026-03-25#t2447w0,2026-03-25,Ms. Conroy,Looking to the future,111,1.0,141,4.05635,3.58801,1.13053
2026-03-25#t2448w0,2026-03-25,Ms. Conroy,Looking to the future,211,1.0,241,3.48198,3.55424,0.97967
2026-03-25#t2449w0,2026-03-25,Ms. Conroy,Looking to the future,307,1.0,368,3.21159,3.23872,0.99163
2026-03-25#t2449w1,2026-03-25,Ms. Conroy,Looking to the future,278,1.0,330,2.99991,3.15768,0.95004
2026-03-25#t2449w2,2026-03-25,Ms. Conroy,Looking to the future,352,1.0,422,2.98713,3.20944,0.93073
2026-03-25#t2449w3,2026-03-25,Ms. Conroy,Looking to the future,110,1.0,134,3.57476,3.5939,0.99467
2026-03-25#t2450w0,2026-03-25,Ms. Conroy,Looking to the future,352,1.0,399,2.71004,2.92629,0.9261
2026-03-25#t2451w0,2026-03-25,Ms. Conroy,Looking to the future,249,1.0,292,3.13746,3.02048,1.03873
2026-03-25#t2452w0,2026-03-25,,Looking to the future,217,1.0,255,3.04414,3.33658,0.91235
2026-03-25#t2453w0,2026-03-25,Ms. Conroy,Looking to the future,313,1.0,371,3.05359,3.10922,0.98211
2026-03-25#t2453w1,2026-03-25,Ms. Conroy,Looking to the future,337,1.0,400,3.34424,3.41225,0.98007
2026-03-25#t2453w2,2026-03-25,Ms. Conroy,Looking to the future,324,1.0,372,2.71552,2.74977,0.98754
2026-03-25#t2453w3,2026-03-25,Ms. Conroy,Looking to the future,246,1.0,298,2.83512,3.03495,0.93416
2026-03-25#t2454w0,2026-03-25,Mr. Robichaud,Looking to the future,350,0.169,447,2.84179,2.8272,1.00516
2026-03-25#t2454w1,2026-03-25,Mr. Robichaud,Looking to the future,289,0.159,368,3.03093,3.04234,0.99625
2026-03-25#t2454w2,2026-03-25,Mr. Robichaud,Looking to the future,359,0.0,446,3.05211,3.13677,0.97301
2026-03-25#t2454w3,2026-03-25,Mr. Robichaud,Looking to the future,349,0.0,427,3.05277,3.0662,0.99562
2026-03-25#t2454w4,2026-03-25,Mr. Robichaud,Looking to the future,344,0.0,456,2.5837,2.85173,0.90601
2026-03-25#t2454w5,2026-03-25,Mr. Robichaud,Looking to the future,69,0.391,103,3.73561,3.47004,1.07653
2026-03-26#t2459w0,2026-03-26,Hon. Mr. Kennedy,Looking to the future,104,1.0,146,3.09268,2.88234,1.07298
2026-03-26#t2460w0,2026-03-26,Hon. Ms. Boudreau,Looking to the future,98,0.0,130,2.72417,2.97019,0.91717
2026-03-26#t2462w0,2026-03-26,Mr. Arseneault,Looking to the future,150,0.0,182,2.3214,2.92144,0.79461
2026-03-26#t2464w0,2026-03-26,Mr. Savoie,Looking to the future,195,1.0,249,2.84119,2.96235,0.9591
2026-03-26#t2465w0,2026-03-26,Hon. Mr. Herron,Looking to the future,353,1.0,456,3.05544,3.04431,1.00365
2026-03-26#t2465w1,2026-03-26,Hon. Mr. Herron,Looking to the future,54,1.0,69,3.4727,3.6467,0.95228
2026-03-26#t2466w0,2026-03-26,Ms. M. Johnson,Looking to the future,231,1.0,298,2.55421,2.95178,0.86531
2026-03-26#t2467w0,2026-03-26,Mr. Oliver,Looking to the future,280,1.0,349,3.06505,3.13481,0.97775
2026-03-26#t2468w0,2026-03-26,Ms. Vautour,Looking to the future,160,0.312,200,3.05467,3.18104,0.96027
2026-03-26#t2469w0,2026-03-26,Ms. Scott-Wallace,Looking to the future,182,1.0,223,2.77716,3.19071,0.87039
2026-03-26#t2470w0,2026-03-26,Mr. Coon,Looking to the future,173,1.0,221,2.88676,2.96108,0.9749
2026-03-26#t2471w0,2026-03-26,Mr. J. LeBlanc,Looking to the future,180,0.556,219,2.48102,2.75857,0.89939
2026-03-26#t2472w0,2026-03-26,Ms. Mitton,Looking to the future,175,1.0,216,2.60977,2.71654,0.9607
2026-03-26#t2473w0,2026-03-26,Ms. Scott-Wallace,Looking to the future,140,0.971,173,3.78145,3.35861,1.1259
2026-03-26#t2474w0,2026-03-26,Ms. Mitton,Looking to the future,187,0.754,228,2.78299,3.15458,0.88221
2026-03-26#t2475w0,2026-03-26,Mr. Johnston,Looking to the future,157,0.726,208,3.23295,3.25008,0.99473
2026-03-26#t2476w0,2026-03-26,Mr. Weir,Looking to the future,166,1.0,200,3.17717,3.18053,0.99894
2026-03-26#t2477w0,2026-03-26,Mr. Arseneault,Looking to the future,148,0.385,190,2.60282,3.08276,0.84431
2026-03-26#t2478w0,2026-03-26,Ms. Conroy,Looking to the future,161,1.0,188,3.19164,3.34244,0.95488
2026-03-26#t2479w0,2026-03-26,Mr. M. LeBlanc,Looking to the future,174,1.0,218,2.92619,3.39449,0.86204
2026-03-26#t2480w0,2026-03-26,Mr. Austin,Looking to the future,151,1.0,191,3.41991,3.22149,1.06159
2026-03-26#t2481w0,2026-03-26,Mr. Doucet,Looking to the future,163,0.252,197,2.88101,3.00177,0.95977
2026-03-26#t2482w0,2026-03-26,Mr. Hogan,Looking to the future,153,1.0,201,3.99561,3.62287,1.10289
2026-03-26#t2483w0,2026-03-26,Mr. Savoie,Looking to the future,93,0.935,108,3.38649,3.30519,1.0246
2026-03-26#t2484w0,2026-03-26,Hon. Mr. Dornan,Looking to the future,150,1.0,190,3.29496,3.08763,1.06715
2026-03-26#t2485w0,2026-03-26,Mr. Savoie,Looking to the future,100,1.0,123,3.55373,3.26262,1.08923
2026-03-26#t2486w0,2026-03-26,Hon. Mr. Dornan,Looking to the future,109,1.0,131,3.08408,3.22322,0.95683
2026-03-26#t2487w0,2026-03-26,Mr. Savoie,Looking to the future,73,1.0,94,4.1844,3.42439,1.22194
2026-03-26#t2488w0,2026-03-26,Hon. Mr. Dornan,Looking to the future,131,1.0,159,3.17327,3.18574,0.99608
2026-03-26#t2489w0,2026-03-26,Mr. Savoie,Looking to the future,70,1.0,84,3.83923,3.87466,0.99086
2026-03-26#t2490w0,2026-03-26,Hon. Mr. Dornan,Looking to the future,116,1.0,130,3.34167,3.30699,1.01049
2026-03-26#t2491w0,2026-03-26,Mr. Savoie,Looking to the future,56,1.0,69,4.28802,3.76858,1.13784
2026-03-26#t2492w0,2026-03-26,Hon. Ms. Holt,Looking to the future,189,1.0,225,3.05492,3.12544,0.97744
2026-03-26#t2493w0,2026-03-26,Mr. Savoie,Looking to the future,86,1.0,115,4.4024,3.86579,1.13881
2026-03-26#t2494w0,2026-03-26,Mr. Savoie,Looking to the future,136,1.0,169,3.7034,3.49315,1.06019
2026-03-26#t2495w0,2026-03-26,Hon. Ms. Holt,Looking to the future,151,0.0,188,3.00682,3.06748,0.98023
2026-03-26#t2496w0,2026-03-26,Mr. Savoie,Looking to the future,133,1.0,158,3.51231,3.39052,1.03592
2026-03-26#t2497w0,2026-03-26,Hon. Ms. Holt,Looking to the future,198,1.0,235,3.35664,2.93,1.14561
2026-03-26#t2498w0,2026-03-26,Mr. Savoie,Looking to the future,85,1.0,109,4.29097,3.99252,1.07475
2026-03-26#t2499w0,2026-03-26,Hon. Mr. Dornan,Looking to the future,133,1.0,162,3.37309,3.24559,1.03928
2026-03-26#t2500w0,2026-03-26,Mr. Savoie,Looking to the future,106,1.0,129,3.7009,3.61645,1.02335
2026-03-26#t2501w0,2026-03-26,Hon. Ms. Holt,Looking to the future,193,1.0,226,3.52213,3.38778,1.03966
2026-03-26#t2502w0,2026-03-26,Mr. Savoie,Looking to the future,144,1.0,174,3.49787,3.41256,1.025
2026-03-26#t2503w0,2026-03-26,Hon. Mr. Kennedy,Looking to the future,179,1.0,229,3.06199,2.98877,1.0245
2026-03-26#t2504w0,2026-03-26,Mr. Savoie,Looking to the future,121,1.0,146,3.46894,3.34069,1.03839
2026-03-26#t2505w0,2026-03-26,Hon. Mr. Dornan,Looking to the future,141,1.0,179,3.44179,3.34793,1.02803
2026-03-26#t2506w0,2026-03-26,Mr. Hogan,Looking to the future,129,1.0,164,3.64491,3.76237,0.96878
2026-03-26#t2507w0,2026-03-26,Hon. Mr. Kennedy,Looking to the future,189,0.667,238,2.9877,3.09754,0.96454
2026-03-26#t2508w0,2026-03-26,Mr. Hogan,Looking to the future,162,1.0,205,4.29281,4.15218,1.03387
2026-03-26#t2509w0,2026-03-26,Hon. Mr. Dornan,Looking to the future,178,1.0,214,3.71597,3.46852,1.07134
2026-03-26#t2510w0,2026-03-26,Mr. Hogan,Looking to the future,122,1.0,150,3.69238,3.67595,1.00447
2026-03-26#t2511w0,2026-03-26,Hon. Ms. Holt,Looking to the future,205,1.0,247,3.19069,3.09568,1.03069
2026-03-26#t2512w0,2026-03-26,Mr. Coon,Looking to the future,166,1.0,200,3.69764,3.51422,1.0522
2026-03-26#t2513w0,2026-03-26,Hon. Mr. D’Amours,Looking to the future,131,0.0,152,2.95919,3.17502,0.93202
2026-03-26#t2514w0,2026-03-26,M. Coon,Looking to the future,114,0.0,140,3.69014,3.46172,1.06599
2026-03-26#t2515w0,2026-03-26,Hon. Mr. D’Amours,Looking to the future,193,0.0,232,3.08165,2.96958,1.03774
2026-03-26#t2516w0,2026-03-26,Mr. Monahan,Looking to the future,179,1.0,213,2.94891,3.21796,0.91639
2026-03-26#t2517w0,2026-03-26,Hon. Mr. Legacy,Looking to the future,147,1.0,204,3.3849,3.22908,1.04825
2026-03-26#t2519w0,2026-03-26,Mr. M. LeBlanc,Looking to the future,74,1.0,100,2.61082,3.21489,0.8121
2026-03-26#t2522w0,2026-03-26,Madam Speaker,Looking to the future,67,1.0,76,3.61099,3.46069,1.04343
2026-03-26#t2523w0,2026-03-26,Hon. Mr. Randall,Looking to the future,96,1.0,118,3.19326,3.215,0.99324
2026-03-26#t2525w0,2026-03-26,Mr. Coon,Looking to the future,119,1.0,154,3.28421,3.24979,1.01059
2026-03-26#t2526w0,2026-03-26,Ms. Mitton,Looking to the future,224,1.0,290,2.99941,3.03611,0.98791
2026-03-26#t2527w0,2026-03-26,Hon. Ms. Boudreau,Looking to the future,236,0.436,295,2.70206,3.00752,0.89844
2026-03-26#t2528w0,2026-03-26,Ms. M. Johnson,Looking to the future,290,1.0,359,3.32318,3.09065,1.07523
2026-03-26#t2528w1,2026-03-26,Ms. M. Johnson,Looking to the future,92,1.0,105,3.17457,3.53687,0.89756
2026-03-26#t2529w0,2026-03-26,Ms. Mitton,Looking to the future,235,0.63,271,2.74731,3.14928,0.87236
2026-03-26#t2530w0,2026-03-26,Hon. Mr. D’Amours,Looking to the future,206,0.126,286,2.20385,2.39988,0.91832
2026-03-26#t2531w0,2026-03-26,Ms. M. Wilson,Looking to the future,236,1.0,299,2.62376,2.77774,0.94457
2026-03-26#t2532w0,2026-03-26,Mr. Coon,Looking to the future,146,0.842,205,2.62969,2.92934,0.89771
2026-03-26#t2533w0,2026-03-26,Hon. Ms. Thériault,Looking to the future,149,0.503,187,2.76764,2.93552,0.94281
2026-03-26#t2534w0,2026-03-26,Ms. M. Wilson,Looking to the future,167,1.0,211,3.06823,2.76593,1.10929
2026-03-26#t2535w0,2026-03-26,Mr. Coon,Looking to the future,168,1.0,201,3.25186,3.14205,1.03495
2026-03-26#t2536w0,2026-03-26,Hon. Mr. Finnigan,Looking to the future,301,0.508,367,2.6696,2.80853,0.95053
2026-03-26#t2537w0,2026-03-26,Ms. Scott-Wallace,Looking to the future,280,1.0,323,3.22076,3.21474,1.00187
2026-03-26#t2538w0,2026-03-26,Ms. Mitton,Looking to the future,262,0.893,303,3.05607,3.20546,0.9534
2026-03-26#t2539w0,2026-03-26,Hon. C. Johnson,Looking to the future,188,0.574,245,2.87035,2.98485,0.96164
2026-03-26#t2540w0,2026-03-26,Mr. Lee,Looking to the future,172,1.0,203,3.23681,3.36115,0.96301
2026-03-26#t2541w0,2026-03-26,Ms. Mitton,Looking to the future,162,0.84,184,2.92765,3.15533,0.92784
2026-03-26#t2542w0,2026-03-26,Mr. Ames,Looking to the future,101,1.0,136,3.06269,3.08466,0.99288
2026-03-26#t2543w0,2026-03-26,Ms. Scott-Wallace,Looking to the future,225,1.0,286,2.99879,3.08725,0.97135
2026-03-26#t2544w0,2026-03-26,Mr. Coon,Looking to the future,323,1.0,426,2.68905,2.69822,0.9966
2026-03-26#t2544w1,2026-03-26,Mr. Coon,Looking to the future,340,0.891,468,2.63414,2.7568,0.9555
2026-03-26#t2544w2,2026-03-26,Mr. Coon,Looking to the future,298,1.0,388,3.03472,2.82695,1.0735
2026-03-26#t2544w3,2026-03-26,Mr. Coon,Looking to the future,279,1.0,344,3.24514,3.07143,1.05656
2026-03-26#t2544w4,2026-03-26,Mr. Coon,Looking to the future,334,1.0,390,3.33346,3.13041,1.06486
2026-03-26#t2544w5,2026-03-26,Mr. Coon,Looking to the future,348,1.0,426,3.00954,3.04706,0.98769
2026-03-26#t2544w6,2026-03-26,Mr. Coon,Looking to the future,249,1.0,306,3.5159,3.4397,1.02215
2026-03-26#t2545w0,2026-03-26,Mr. Bourque,Looking to the future,336,0.006,401,2.91575,3.05807,0.95346
2026-03-26#t2545w1,2026-03-26,Mr. Bourque,Looking to the future,314,0.064,382,2.74232,2.98534,0.9186
2026-03-26#t2545w2,2026-03-26,Mr. Bourque,Looking to the future,310,0.0,374,2.91727,3.07836,0.94767
2026-03-26#t2545w3,2026-03-26,Mr. Bourque,Looking to the future,110,0.0,130,2.49549,3.20406,0.77885
2026-03-26#t2546w0,2026-03-26,Mr. Austin,Looking to the future,296,1.0,351,2.9686,3.09766,0.95834
2026-03-26#t2546w1,2026-03-26,Mr. Austin,Looking to the future,342,1.0,418,3.16768,3.16618,1.00047
2026-03-26#t2546w2,2026-03-26,Mr. Austin,Looking to the future,308,1.0,385,3.29002,3.18395,1.03332
2026-03-26#t2546w3,2026-03-26,Mr. Austin,Looking to the future,314,1.0,379,3.26346,3.18754,1.02382
2026-03-26#t2546w4,2026-03-26,Mr. Austin,Looking to the future,319,0.893,411,3.02302,3.17613,0.95179
2026-03-26#t2546w5,2026-03-26,Mr. Austin,Looking to the future,304,0.839,368,2.46182,2.80292,0.87831
2026-03-26#t2546w6,2026-03-26,Mr. Austin,Looking to the future,327,0.924,399,3.1683,3.08319,1.0276
2026-03-26#t2546w7,2026-03-26,Mr. Austin,Looking to the future,359,0.844,428,3.00567,3.12346,0.96229
2026-03-26#t2546w8,2026-03-26,Mr. Austin,Looking to the future,301,0.827,342,2.83244,2.95104,0.95981
2026-03-26#t2546w9,2026-03-26,Mr. Austin,Looking to the future,340,1.0,412,3.09104,3.12857,0.988
2026-03-26#t2546w10,2026-03-26,Mr. Austin,Looking to the future,312,1.0,400,3.10626,3.07111,1.01145
2026-03-26#t2546w11,2026-03-26,Mr. Austin,Looking to the future,305,1.0,352,2.92584,2.96582,0.98652
2026-03-26#t2546w12,2026-03-26,Mr. Austin,Looking to the future,228,1.0,260,2.9715,3.27886,0.90626
2026-03-26#t2548w0,2026-03-26,Hon. Mr. LePage,Looking to the future,316,0.335,372,2.62674,2.76426,0.95025
2026-03-26#t2548w1,2026-03-26,Hon. Mr. LePage,Looking to the future,302,0.745,355,3.02915,3.12733,0.96861
2026-03-26#t2548w2,2026-03-26,Hon. Mr. LePage,Looking to the future,320,0.428,377,2.98602,2.95467,1.01061
2026-03-26#t2548w3,2026-03-26,Hon. Mr. LePage,Looking to the future,331,0.535,380,3.11716,3.33229,0.93544
2026-03-26#t2548w4,2026-03-26,Hon. Mr. LePage,Looking to the future,274,0.051,324,2.83933,3.13298,0.90627
2026-03-26#t2548w5,2026-03-26,Hon. Mr. LePage,Looking to the future,141,0.0,172,3.38064,3.26745,1.03464
2026-03-26#t2549w0,2026-03-26,Ms. S. Wilson,Looking to the future,306,1.0,377,2.68111,2.85835,0.93799
2026-03-26#t2549w1,2026-03-26,Ms. S. Wilson,Looking to the future,310,1.0,367,3.35409,3.43242,0.97718
2026-03-26#t2550w0,2026-03-26,Ms. Mitton,Looking to the future,308,0.987,382,2.60445,2.68987,0.96824
2026-03-26#t2550w1,2026-03-26,Ms. Mitton,Looking to the future,339,0.735,396,2.84328,2.98316,0.95311
2026-03-26#t2550w2,2026-03-26,Ms. Mitton,Looking to the future,315,0.898,384,3.2789,3.29683,0.99456
2026-03-26#t2550w3,2026-03-26,Ms. Mitton,Looking to the future,326,0.828,390,3.0735,3.06936,1.00135
2026-03-26#t2550w4,2026-03-26,Ms. Mitton,Looking to the future,211,0.91,276,3.12231,3.06159,1.01983
2026-03-26#t2551w0,2026-03-26,Mr. M. LeBlanc,Looking to the future,300,1.0,360,2.28024,2.76991,0.82322
2026-03-26#t2551w1,2026-03-26,Mr. M. LeBlanc,Looking to the future,334,1.0,396,2.47785,2.89611,0.85558
2026-03-26#t2551w2,2026-03-26,Mr. M. LeBlanc,Looking to the future,348,1.0,410,2.93834,3.22434,0.9113
2026-03-26#t2551w3,2026-03-26,Mr. M. LeBlanc,Looking to the future,220,1.0,265,2.42661,2.84846,0.8519
2026-03-26#t2552w0,2026-03-26,Mr. Savoie,Looking to the future,287,0.631,342,2.68599,2.74411,0.97882
2026-03-26#t2552w1,2026-03-26,Mr. Savoie,Looking to the future,360,1.0,414,3.39037,3.29758,1.02814
2026-03-26#t2552w2,2026-03-26,Mr. Savoie,Looking to the future,326,0.687,382,2.88213,3.22268,0.89433
2026-03-26#t2552w3,2026-03-26,Mr. Savoie,Looking to the future,304,0.855,346,2.9129,3.08847,0.94315
2026-03-26#t2552w4,2026-03-26,Mr. Savoie,Looking to the future,254,1.0,289,2.74348,3.07689,0.89164
2026-03-26#t2552w5,2026-03-26,Mr. Savoie,Looking to the future,305,1.0,356,2.96316,3.13228,0.94601
2026-03-26#t2554w0,2026-03-26,Mr. Coon,Looking to the future,303,0.987,355,3.04579,3.08364,0.98773
2026-03-26#t2554w1,2026-03-26,Mr. Coon,Looking to the future,334,1.0,412,3.2402,3.37846,0.95908
2026-03-26#t2554w2,2026-03-26,Mr. Coon,Looking to the future,342,0.889,408,2.98742,2.95603,1.01062
2026-03-26#t2554w3,2026-03-26,Mr. Coon,Looking to the future,281,1.0,334,3.19191,3.21631,0.99241
2026-03-26#t2554w4,2026-03-26,Mr. Coon,Looking to the future,252,0.984,319,3.03387,2.95277,1.02747
2026-03-26#t2555w0,2026-03-26,Ms. M. Johnson,Looking to the future,350,0.831,467,2.65099,2.78299,0.95257
2026-03-26#t2555w1,2026-03-26,Ms. M. Johnson,Looking to the future,286,0.514,343,2.71684,2.8067,0.96798
2026-03-26#t2555w2,2026-03-26,Ms. M. Johnson,Looking to the future,110,1.0,132,3.28251,3.32133,0.98831
2026-03-27#t2556w0,2026-03-27,Hon. Ms. Holt,Looking to the future,225,0.631,291,3.31318,2.94701,1.12425
2026-03-27#t2556w1,2026-03-27,Hon. Ms. Holt,Looking to the future,256,0.918,318,3.04614,2.92594,1.04108
2026-03-27#t2557w0,2026-03-27,Hon. Ms. Holt,Looking to the future,339,0.732,420,2.99563,2.95463,1.01387
2026-03-27#t2558w0,2026-03-27,Hon. Ms. Holt,Looking to the future,310,0.723,388,3.21466,2.9885,1.07568
2026-03-27#t2558w1,2026-03-27,Hon. Ms. Holt,Looking to the future,301,0.631,354,3.00476,2.96264,1.01422
2026-03-27#t2558w2,2026-03-27,Hon. Ms. Holt,Looking to the future,320,0.872,383,2.6952,2.87287,0.93816
2026-03-27#t2558w3,2026-03-27,Hon. Ms. Holt,Looking to the future,307,0.811,378,2.78228,2.86261,0.97194
2026-03-27#t2558w4,2026-03-27,Hon. Ms. Holt,Looking to the future,260,0.881,298,2.94045,3.02446,0.97222
2026-03-27#t2558w5,2026-03-27,Hon. Ms. Holt,Looking to the future,339,0.749,390,3.08165,3.21903,0.95732
2026-03-27#t2558w6,2026-03-27,Hon. Ms. Holt,Looking to the future,313,0.732,374,2.79638,3.20778,0.87175
2026-03-27#t2558w7,2026-03-27,Hon. Ms. Holt,Looking to the future,302,0.821,354,3.35415,3.19566,1.0496
2026-03-27#t2558w8,2026-03-27,Hon. Ms. Holt,Looking to the future,341,0.889,402,3.02893,3.11358,0.97281
2026-03-27#t2558w9,2026-03-27,Hon. Ms. Holt,Looking to the future,138,0.333,184,2.83884,3.01779,0.9407
2026-03-27#t2559w0,2026-03-27,Madam Speaker,Looking to the future,134,1.0,175,2.96635,2.92743,1.0133
2026-03-27#t2561w0,2026-03-27,Mr. Chair,Looking to the future,351,0.459,505,2.15456,2.32282,0.92756
2026-05-05#t2562w0,2026-05-05,Hon. Mr. Gauvin,Looking to the future,84,0.0,103,3.15413,3.45777,0.91219
2026-05-05#t2563w0,2026-05-05,Hon. Ms. Holt,Looking to the future,294,0.959,381,3.04278,3.00234,1.01347
2026-05-05#t2564w0,2026-05-05,Mr. Austin,Looking to the future,163,1.0,222,2.32123,2.61444,0.88785
2026-05-05#t2565w0,2026-05-05,Mr. Coon,Looking to the future,204,0.98,256,2.90623,2.7618,1.0523
2026-05-05#t2566w0,2026-05-05,Hon. Mr. Kennedy,Looking to the future,191,1.0,245,3.39308,3.14292,1.0796
2026-05-05#t2567w0,2026-05-05,Ms. M. Wilson,Looking to the future,183,1.0,223,2.47108,2.76317,0.89429
2026-05-05#t2568w0,2026-05-05,Hon. Mr. Herron,Looking to the future,350,1.0,424,3.28439,3.33875,0.98372
2026-05-05#t2569w0,2026-05-05,Mr. Hogan,Looking to the future,144,1.0,175,2.59467,3.06807,0.8457
2026-05-05#t2570w0,2026-05-05,Hon. Ms. Holt,Looking to the future,155,0.535,203,2.4358,2.55209,0.95443
2026-05-05#t2572w0,2026-05-05,Mr. Ames,Looking to the future,154,1.0,192,2.60455,2.84509,0.91546
2026-05-05#t2573w0,2026-05-05,Ms. Mitton,Looking to the future,170,1.0,226,2.97304,3.09336,0.96111
2026-05-05#t2574w0,2026-05-05,Mr. Lee,Looking to the future,156,1.0,196,3.59978,3.14415,1.14492
2026-05-05#t2575w0,2026-05-05,Mr. Coon,Looking to the future,154,1.0,197,3.45538,3.08186,1.1212
2026-05-05#t2576w0,2026-05-05,Mr. Robichaud,Looking to the future,154,0.351,191,2.6029,2.99469,0.86917
2026-05-05#t2577w0,2026-05-05,Mr. Cullins,Looking to the future,161,1.0,203,2.96206,3.17992,0.93149
2026-05-05#t2578w0,2026-05-05,Ms. Wilcott,Looking to the future,153,0.641,189,2.82403,3.13931,0.89957
2026-05-05#t2579w0,2026-05-05,Ms. M. Wilson,Looking to the future,134,1.0,164,3.03541,3.12423,0.97157
2026-05-05#t2580w0,2026-05-05,Mr. Bourque,Looking to the future,145,0.49,186,2.51204,3.00228,0.83671
2026-05-05#t2581w0,2026-05-05,Ms. Conroy,Looking to the future,156,1.0,197,2.73011,3.00428,0.90874
2026-05-05#t2582w0,2026-05-05,Mr. Mallet,Looking to the future,115,0.0,145,2.75096,3.13806,0.87664
2026-05-05#t2583w0,2026-05-05,Mr. Hogan,Looking to the future,152,1.0,185,3.57947,3.65406,0.97959
2026-05-05#t2584w0,2026-05-05,Mr. Savoie,Looking to the future,178,0.955,215,3.52133,3.40465,1.03427
2026-05-05#t2585w0,2026-05-05,Hon. Mr. Randall,Looking to the future,78,1.0,94,3.92434,3.37879,1.16146
2026-05-05#t2586w0,2026-05-05,Mr. Savoie,Looking to the future,127,1.0,176,3.30516,3.25522,1.01534
2026-05-05#t2587w0,2026-05-05,Hon. Mr. Randall,Looking to the future,56,1.0,78,3.37958,3.51587,0.96124
2026-05-05#t2588w0,2026-05-05,Mr. Savoie,Looking to the future,128,1.0,158,3.33121,3.5634,0.93484
2026-05-05#t2589w0,2026-05-05,Hon. Ms. Townsend,Looking to the future,122,1.0,149,3.17896,3.13972,1.0125
2026-05-05#t2590w0,2026-05-05,Mr. Savoie,Looking to the future,113,1.0,141,3.31476,3.2585,1.01726
2026-05-05#t2593w0,2026-05-05,Hon. Mr. Randall,Looking to the future,68,1.0,78,3.19944,3.54073,0.90361
2026-05-05#t2594w0,2026-05-05,Mr. Savoie,Looking to the future,114,1.0,138,3.70835,3.42539,1.08261
2026-05-05#t2595w0,2026-05-05,Hon. Mr. Randall,Looking to the future,97,1.0,121,3.43736,3.15592,1.08918
2026-05-05#t2596w0,2026-05-05,Mr. Savoie,Looking to the future,120,1.0,145,3.8024,3.46744,1.0966
2026-05-05#t2597w0,2026-05-05,Hon. Mr. Randall,Looking to the future,99,1.0,115,3.79884,3.57549,1.06247
2026-05-05#t2598w0,2026-05-05,Mr. Savoie,Looking to the future,115,1.0,137,3.42887,3.28599,1.04348
2026-05-05#t2599w0,2026-05-05,Hon. Mr. Randall,Looking to the future,168,1.0,198,3.31636,3.05189,1.08666
2026-05-05#t2600w0,2026-05-05,Mr. Savoie,Looking to the future,159,1.0,197,3.13489,3.28798,0.95344
2026-05-05#t2601w0,2026-05-05,Hon. Mr. Randall,Looking to the future,164,1.0,208,2.95662,3.12179,0.94709
2026-05-05#t2602w0,2026-05-05,Mr. Savoie,Looking to the future,96,1.0,143,3.04488,2.99156,1.01782
2026-05-05#t2603w0,2026-05-05,Hon. Ms. Townsend,Looking to the future,100,1.0,123,3.78533,3.57042,1.06019
2026-05-05#t2604w0,2026-05-05,Ms. Scott-Wallace,Looking to the future,169,1.0,217,3.70567,3.64715,1.01604
2026-05-05#t2605w0,2026-05-05,Hon. Mr. Randall,Looking to the future,155,1.0,186,3.18054,2.99963,1.06031
2026-05-05#t2606w0,2026-05-05,Ms. Scott-Wallace,Looking to the future,177,1.0,227,4.2212,3.76101,1.12236
2026-05-05#t2607w0,2026-05-05,Hon. Mr. Randall,Looking to the future,151,1.0,189,3.62417,3.13676,1.15538
2026-05-05#t2608w0,2026-05-05,Ms. Scott-Wallace,Looking to the future,164,1.0,206,4.0159,3.77362,1.0642
2026-05-05#t2609w0,2026-05-05,Hon. Ms. Townsend,Looking to the future,134,1.0,158,3.33992,3.13231,1.06628
2026-05-05#t2610w0,2026-05-05,Mr. Coon,Looking to the future,158,1.0,194,2.84936,3.08977,0.92219
2026-05-05#t2611w0,2026-05-05,Hon. Mr. Kennedy,Looking to the future,159,1.0,179,3.14623,3.16255,0.99484
2026-05-05#t2612w0,2026-05-05,M. Coon,Looking to the future,107,0.0,131,3.86859,3.51803,1.09965
2026-05-05#t2613w0,2026-05-05,Hon. Mr. Legacy,Looking to the future,144,0.0,174,2.80902,2.95203,0.95155
2026-05-05#t2614w0,2026-05-05,Mr. Hogan,Looking to the future,143,1.0,199,3.33859,3.22724,1.0345
2026-05-05#t2615w0,2026-05-05,Hon. Mr. Dornan,Looking to the future,183,1.0,228,3.59068,3.41389,1.05178
2026-05-05#t2616w0,2026-05-05,Mr. Hogan,Looking to the future,113,1.0,158,3.49193,3.36224,1.03857
2026-05-05#t2617w0,2026-05-05,Hon. Ms. Holt,Looking to the future,177,0.684,207,3.38238,3.15764,1.07117
2026-05-05#t2618w0,2026-05-05,Mr. M. LeBlanc,Looking to the future,60,1.0,76,2.8884,3.24769,0.88937
2026-05-05#t2620w0,2026-05-05,Madam Speaker,Looking to the future,58,0.0,72,3.93356,4.10937,0.95722
2026-05-05#t2622w0,2026-05-05,Hon. Mr. Dornan,Looking to the future,133,0.692,168,3.12227,2.94544,1.06003
2026-05-05#t2623w0,2026-05-05,Mr. Hogan,Looking to the future,166,0.849,207,3.35813,3.18353,1.05484
2026-05-05#t2624w0,2026-05-05,Mr. Coon,Looking to the future,159,0.975,191,3.01135,2.98553,1.00865
2026-05-05#t2625w0,2026-05-05,Hon. Ms. Boudreau,Looking to the future,177,0.254,227,2.77287,2.9943,0.92605
2026-05-05#t2626w0,2026-05-05,Ms. Scott-Wallace,Looking to the future,215,1.0,259,3.25708,3.21343,1.01358
2026-05-05#t2627w0,2026-05-05,Ms. Mitton,Looking to the future,167,0.886,216,2.62441,2.70468,0.97032
2026-05-05#t2628w0,2026-05-05,Hon. Mr. McKee,Looking to the future,173,0.595,225,2.45929,2.65121,0.92761
2026-05-05#t2629w0,2026-05-05,Mr. Weir,Looking to the future,191,1.0,245,2.58133,2.76525,0.93349
2026-05-05#t2630w0,2026-05-05,Mr. Coon,Looking to the future,176,0.898,223,2.8589,2.94029,0.97232
2026-05-05#t2632w0,2026-05-05,Hon. Mr. Randall,Looking to the future,346,0.607,491,2.51049,2.55741,0.98165
2026-05-05#t2633w0,2026-05-05,Hon. Mr. Gauvin,Looking to the future,139,0.194,217,2.60902,2.48715,1.049
2026-05-05#t2634w0,2026-05-05,Madam Speaker,Looking to the future,127,0.717,210,2.40825,2.47308,0.97379
2026-05-05#t2635w0,2026-05-05,Hon. Mr. Legacy,Looking to the future,235,0.868,283,3.3034,3.22595,1.02401
2026-05-05#t2636w0,2026-05-05,Hon. Mr. Legacy,Looking to the future,346,0.5,411,2.80678,2.85812,0.98204
2026-05-05#t2636w1,2026-05-05,Hon. Mr. Legacy,Looking to the future,97,0.804,118,3.13175,3.03988,1.03022
2026-05-05#t2637w0,2026-05-05,Mr. M. LeBlanc,Looking to the future,347,0.452,431,2.64313,2.74688,0.96223
2026-05-05#t2637w1,2026-05-05,Mr. M. LeBlanc,Looking to the future,145,0.517,171,3.50602,3.59324,0.97573
2026-05-05#t2638w0,2026-05-05,Mr. Cullins,Looking to the future,353,1.0,421,2.65376,2.76018,0.96144
2026-05-05#t2638w1,2026-05-05,Mr. Cullins,Looking to the future,251,1.0,299,3.07486,3.19467,0.9625
2026-05-05#t2639w0,2026-05-05,Mr. Coon,Looking to the future,302,0.987,361,3.33819,3.12826,1.06711
2026-05-05#t2639w1,2026-05-05,Mr. Coon,Looking to the future,116,1.0,145,3.71495,3.45261,1.07598
2026-05-06#t2641w0,2026-05-06,Ms. Vautour,Looking to the future,147,0.0,191,2.47593,2.54549,0.97267
2026-05-06#t2642w0,2026-05-06,Ms. Scott-Wallace,Looking to the future,217,1.0,265,2.82553,3.0519,0.92583
2026-05-06#t2643w0,2026-05-06,Hon. Ms. Thériault,Looking to the future,165,0.0,237,2.5152,2.63859,0.95324
2026-05-06#t2644w0,2026-05-06,Ms. M. Wilson,Looking to the future,161,1.0,213,2.38168,2.91446,0.81719
2026-05-06#t2645w0,2026-05-06,Mr. Arseneault,Looking to the future,177,0.0,222,2.5701,2.67055,0.96239
2026-05-06#t2646w0,2026-05-06,Ms. M. Johnson,Looking to the future,209,1.0,254,2.61759,2.85647,0.91637
2026-05-06#t2647w0,2026-05-06,Hon. Mr. D’Amours,Looking to the future,155,0.0,207,2.67652,2.65532,1.00798
2026-05-06#t2648w0,2026-05-06,Ms. S. Wilson,Looking to the future,148,1.0,173,2.71538,2.92119,0.92955
2026-05-06#t2649w0,2026-05-06,Mr. Coon,Looking to the future,169,0.976,256,4.22504,4.11273,1.02731
2026-05-06#t2650w0,2026-05-06,Ms. Mitton,Looking to the future,177,0.881,233,2.54641,2.76898,0.91962
2026-05-06#t2651w0,2026-05-06,Mr. Savoie,Looking to the future,113,1.0,136,2.61078,2.87708,0.90744
2026-05-06#t2652w0,2026-05-06,Ms. Mitton,Looking to the future,169,1.0,208,3.49774,3.44042,1.01666
2026-05-06#t2653w0,2026-05-06,Mr. Johnston,Looking to the future,163,1.0,228,3.90505,3.58709,1.08864
2026-05-06#t2654w0,2026-05-06,Mr. Russell,Looking to the future,146,1.0,183,3.25851,3.16423,1.02979
2026-05-06#t2655w0,2026-05-06,Mr. Doucet,Looking to the future,169,0.284,196,2.94106,2.98505,0.98526
2026-05-06#t2656w0,2026-05-06,Ms. M. Johnson,Looking to the future,145,1.0,185,3.27073,3.0692,1.06566
2026-05-06#t2657w0,2026-05-06,Mr. J. LeBlanc,Looking to the future,146,0.418,177,2.8181,3.43665,0.82001
2026-05-06#t2658w0,2026-05-06,Mr. Weir,Looking to the future,152,1.0,194,3.22709,3.22072,1.00198
2026-05-06#t2659w0,2026-05-06,Ms. Vautour,Looking to the future,135,0.0,159,2.59117,2.91221,0.88976
2026-05-06#t2660w0,2026-05-06,Ms. Bockus,Looking to the future,145,1.0,178,3.75735,3.6902,1.0182
2026-05-06#t2661w0,2026-05-06,Mr. Savoie,Looking to the future,141,0.943,175,3.55177,3.36955,1.05408
2026-05-06#t2662w0,2026-05-06,Hon. Mr. Randall,Looking to the future,135,1.0,175,3.48421,3.55402,0.98036
2026-05-06#t2663w0,2026-05-06,Mr. Savoie,Looking to the future,180,1.0,208,3.23731,3.24923,0.99633
2026-05-06#t2664w0,2026-05-06,Hon. Ms. Holt,Looking to the future,191,1.0,225,3.04347,3.08047,0.98799
2026-05-06#t2665w0,2026-05-06,Mr. Savoie,Looking to the future,169,1.0,202,3.29904,3.48813,0.94579
2026-05-06#t2666w0,2026-05-06,Hon. Mr. Randall,Looking to the future,121,1.0,153,3.51573,3.22264,1.09095
2026-05-06#t2667w0,2026-05-06,Mr. Savoie,Looking to the future,124,1.0,157,3.69859,3.38915,1.0913
2026-05-06#t2668w0,2026-05-06,Hon. Mr. Randall,Looking to the future,153,1.0,179,3.20934,3.1721,1.01174
2026-05-06#t2669w0,2026-05-06,Mr. Savoie,Looking to the future,162,1.0,206,3.56509,3.53771,1.00774
2026-05-06#t2670w0,2026-05-06,Hon. Mr. Randall,Looking to the future,132,1.0,174,2.94481,3.19101,0.92285
2026-05-06#t2671w0,2026-05-06,Mr. Savoie,Looking to the future,148,1.0,181,3.57977,3.5695,1.00288
2026-05-06#t2672w0,2026-05-06,Hon. Mr. Randall,Looking to the future,121,1.0,156,3.0279,3.00993,1.00597
2026-05-06#t2673w0,2026-05-06,Mr. Savoie,Looking to the future,147,1.0,182,3.2863,3.38464,0.97095
2026-05-06#t2674w0,2026-05-06,Hon. Mr. Legacy,Looking to the future,72,1.0,90,3.20331,3.48173,0.92003
2026-05-06#t2675w0,2026-05-06,Mr. Savoie,Looking to the future,165,1.0,237,2.89148,3.00071,0.9636
2026-05-06#t2679w0,2026-05-06,Hon. Mr. Legacy,Looking to the future,96,1.0,118,3.29047,3.16591,1.03935
2026-05-06#t2680w0,2026-05-06,Mr. Savoie,Looking to the future,142,1.0,174,3.17872,3.33264,0.95381
2026-05-06#t2681w0,2026-05-06,Hon. Mr. Legacy,Looking to the future,98,1.0,127,3.44833,3.32975,1.03561
2026-05-06#t2682w0,2026-05-06,Ms. M. Johnson,Looking to the future,128,1.0,169,2.83374,3.0754,0.92142
2026-05-06#t2683w0,2026-05-06,Hon. Ms. Miles,Looking to the future,54,1.0,66,3.08184,3.23875,0.95155
2026-05-06#t2684w0,2026-05-06,Hon. Ms. Miles,Looking to the future,142,1.0,172,3.06651,3.26461,0.93932
2026-05-06#t2685w0,2026-05-06,Ms. M. Johnson,Looking to the future,150,1.0,180,3.28086,3.45053,0.95083
2026-05-06#t2686w0,2026-05-06,Hon. Mr. Dornan,Looking to the future,129,1.0,153,3.21217,3.28778,0.977
2026-05-06#t2687w0,2026-05-06,Ms. M. Johnson,Looking to the future,102,1.0,122,3.55007,3.73195,0.95127
2026-05-06#t2688w0,2026-05-06,Hon. Ms. Miles,Looking to the future,202,1.0,239,2.78614,3.05363,0.91241
2026-05-06#t2689w0,2026-05-06,Ms. Mitton,Looking to the future,139,1.0,176,3.18658,3.1614,1.00796
2026-05-06#t2690w0,2026-05-06,Hon. Ms. Miles,Looking to the future,164,1.0,194,3.1708,3.13951,1.00997
2026-05-06#t2691w0,2026-05-06,Ms. Mitton,Looking to the future,150,1.0,175,3.52055,3.33032,1.05712
2026-05-06#t2693w0,2026-05-06,Ms. Mitton,Looking to the future,164,1.0,213,3.37826,3.20357,1.05453
2026-05-06#t2694w0,2026-05-06,Hon. Ms. Miles,Looking to the future,165,1.0,210,3.13704,3.00347,1.04447
2026-05-06#t2695w0,2026-05-06,Mr. Savoie,Looking to the future,57,1.0,77,3.65776,3.73811,0.97851
2026-05-06#t2696w0,2026-05-06,Mr. Savoie,Looking to the future,95,1.0,116,3.81794,3.65161,1.04555
2026-05-06#t2697w0,2026-05-06,Hon. Mr. Randall,Looking to the future,134,1.0,155,2.93096,3.22748,0.90813
2026-05-06#t2699w0,2026-05-06,Hon. Mr. D’Amours,Looking to the future,130,0.0,165,1.90278,2.48218,0.76658
2026-05-06#t2700w0,2026-05-06,Ms. M. Wilson,Looking to the future,174,1.0,232,2.68388,2.71889,0.98712
2026-05-06#t2701w0,2026-05-06,Ms. Mitton,Looking to the future,104,0.173,131,2.69148,2.87814,0.93514
2026-05-06#t2702w0,2026-05-06,Hon. Mr. McKee,Looking to the future,176,0.455,206,2.46254,2.88744,0.85285
2026-05-06#t2703w0,2026-05-06,Mr. Weir,Looking to the future,162,1.0,193,2.52047,2.975,0.84722
2026-05-06#t2704w0,2026-05-06,Mr. Coon,Looking to the future,160,1.0,186,3.23766,2.96095,1.09345
2026-05-06#t2705w0,2026-05-06,Hon. Mr. Herron,Looking to the future,360,0.722,447,2.79874,2.75904,1.01439
2026-05-06#t2705w1,2026-05-06,Hon. Mr. Herron,Looking to the future,114,1.0,136,3.48915,3.83664,0.90943
2026-05-06#t2706w0,2026-05-06,Mr. Austin,Looking to the future,153,1.0,180,3.40676,3.09592,1.10041
2026-05-06#t2707w0,2026-05-06,Mr. Austin,Looking to the future,340,1.0,407,2.72233,3.06741,0.8875
2026-05-06#t2707w1,2026-05-06,Mr. Austin,Looking to the future,214,1.0,245,3.0313,3.19668,0.94827
2026-05-06#t2708w0,2026-05-06,Mr. Coon,Looking to the future,301,0.987,355,3.00264,3.05711,0.98218
2026-05-06#t2708w1,2026-05-06,Mr. Coon,Looking to the future,250,1.0,285,2.95281,3.00689,0.98202
2026-05-06#t2709w0,2026-05-06,Hon. Ms. Boudreau,Looking to the future,194,0.34,255,2.91891,3.00533,0.97125
2026-05-06#t2710w0,2026-05-06,Ms. M. Johnson,Looking to the future,218,0.982,251,3.09728,3.15931,0.98036
2026-05-06#t2711w0,2026-05-06,Ms. Mitton,Looking to the future,139,0.0,170,3.63109,3.26557,1.11193
2026-05-06#t2712w0,2026-05-06,Ms. Mitton,Looking to the future,336,1.0,421,2.74555,2.8047,0.97891
2026-05-06#t2712w1,2026-05-06,Ms. Mitton,Looking to the future,123,0.642,168,3.21039,3.1777,1.01029
2026-05-06#t2713w0,2026-05-06,Ms. M. Johnson,Looking to the future,77,0.948,112,3.16662,3.09921,1.02175
2026-05-06#t2714w0,2026-05-06,Mr. M. LeBlanc,Looking to the future,287,0.453,363,2.42965,2.4386,0.99633
2026-05-06#t2715w0,2026-05-06,Ms. M. Wilson,Looking to the future,283,1.0,338,3.03528,2.97348,1.02078
2026-05-06#t2715w1,2026-05-06,Ms. M. Wilson,Looking to the future,262,1.0,303,3.51577,3.37803,1.04077
2026-05-06#t2715w2,2026-05-06,Ms. M. Wilson,Looking to the future,344,1.0,414,3.63457,3.45452,1.05212
2026-05-06#t2715w3,2026-05-06,Ms. M. Wilson,Looking to the future,165,1.0,205,3.38153,3.30531,1.02306
2026-05-06#t2716w0,2026-05-06,Mr. M. LeBlanc,Looking to the future,56,1.0,68,3.32636,3.17012,1.04929
2026-05-06#t2719w0,2026-05-06,Ms. M. Wilson,Looking to the future,289,1.0,351,3.6718,3.32245,1.10515
2026-05-06#t2720w0,2026-05-06,Mr. Coon,Looking to the future,345,0.728,420,2.76928,2.67729,1.03436
2026-05-06#t2720w1,2026-05-06,Mr. Coon,Looking to the future,158,0.671,183,3.08001,3.18456,0.96717
2026-05-06#t2721w0,2026-05-06,Mr. Weir,Looking to the future,211,1.0,271,3.00448,3.03044,0.99144
2026-05-06#t2721w1,2026-05-06,Mr. Weir,Looking to the future,345,1.0,441,2.95173,2.9886,0.98767
2026-05-06#t2722w0,2026-05-06,Mr. Coon,Looking to the future,152,1.0,179,2.92954,3.08522,0.94954
2026-05-06#t2723w0,2026-05-06,Mr. Hogan,Looking to the future,273,1.0,342,2.88843,2.93251,0.98497
2026-05-06#t2723w1,2026-05-06,Mr. Hogan,Looking to the future,301,1.0,419,2.7958,2.752,1.01592
2026-05-06#t2723w2,2026-05-06,Mr. Hogan,Looking to the future,332,1.0,407,2.82817,2.79575,1.0116
2026-05-06#t2723w3,2026-05-06,Mr. Hogan,Looking to the future,129,1.0,169,3.13412,3.04463,1.02939
2026-05-06#t2726w0,2026-05-06,Mr. Hogan,Looking to the future,211,1.0,260,3.26678,3.42051,0.95505
2026-05-06#t2726w1,2026-05-06,Mr. Hogan,Looking to the future,210,1.0,249,3.11893,3.16876,0.98427
2026-05-06#t2726w2,2026-05-06,Mr. Hogan,Looking to the future,322,1.0,412,2.59075,2.70843,0.95655
2026-05-06#t2726w3,2026-05-06,Mr. Hogan,Looking to the future,237,1.0,282,3.18564,3.08222,1.03355
2026-05-06#t2726w4,2026-05-06,Mr. Hogan,Looking to the future,262,1.0,333,2.98524,2.8872,1.03396
2026-05-06#t2726w5,2026-05-06,Mr. Hogan,Looking to the future,295,1.0,359,3.02165,3.1274,0.96619
2026-05-06#t2727w0,2026-05-06,Mr. Hogan,Looking to the future,360,1.0,453,3.32245,3.24725,1.02316
2026-05-06#t2728w0,2026-05-06,Mr. Austin,Looking to the future,177,1.0,210,3.25949,3.37969,0.96443
2026-05-06#t2729w0,2026-05-06,Mr. Austin,Looking to the future,333,1.0,434,3.07792,3.06386,1.00459
2026-05-06#t2729w1,2026-05-06,Mr. Austin,Looking to the future,312,1.0,404,3.16568,2.9906,1.05854
2026-05-06#t2729w2,2026-05-06,Mr. Austin,Looking to the future,351,1.0,420,2.9661,3.05285,0.97158
2026-05-06#t2729w3,2026-05-06,Mr. Austin,Looking to the future,315,1.0,384,3.33851,3.10303,1.07588
2026-05-06#t2729w4,2026-05-06,Mr. Austin,Looking to the future,176,1.0,220,3.14468,3.28763,0.95652
2026-05-06#t2730w0,2026-05-06,Mr. Austin,Looking to the future,186,1.0,225,3.25536,3.32673,0.97855
2026-05-06#t2731w0,2026-05-06,Mr. Austin,Looking to the future,209,1.0,253,3.16176,3.25314,0.97191
2026-05-06#t2732w0,2026-05-06,Mr. M. LeBlanc,Looking to the future,66,1.0,79,2.49174,2.57934,0.96604
2026-05-06#t2733w0,2026-05-06,Madam Speaker,Looking to the future,59,1.0,75,3.5858,3.97282,0.90258
2026-05-06#t2735w0,2026-05-06,Mr. Austin,Looking to the future,181,1.0,219,2.8915,3.50841,0.82416
2026-05-06#t2736w0,2026-05-06,Mr. Austin,Looking to the future,229,1.0,284,2.81658,3.09401,0.91033
2026-05-06#t2736w1,2026-05-06,Mr. Austin,Looking to the future,245,1.0,293,2.92277,3.18826,0.91673
2026-05-06#t2736w2,2026-05-06,Mr. Austin,Looking to the future,311,1.0,380,3.14331,3.17718,0.98934
2026-05-06#t2739w0,2026-05-06,Hon. Mr. Randall,Looking to the future,296,0.446,366,2.82137,2.86978,0.98313
2026-05-06#t2739w1,2026-05-06,Hon. Mr. Randall,Looking to the future,343,0.615,397,2.67387,2.87586,0.92976
2026-05-06#t2740w0,2026-05-06,Mr. Ames,Looking to the future,134,1.0,161,3.088,3.24421,0.95185
2026-05-06#t2741w0,2026-05-06,Ms. Mitton,Looking to the future,341,0.633,414,2.65431,2.572,1.032
2026-05-06#t2741w1,2026-05-06,Ms. Mitton,Looking to the future,303,0.568,382,2.52638,2.57825,0.97988
2026-05-06#t2741w2,2026-05-06,Ms. Mitton,Looking to the future,132,0.0,152,3.18612,3.82228,0.83356
2026-05-06#t2742w0,2026-05-06,Mr. Monahan,Looking to the future,338,0.515,404,2.78924,2.7978,0.99694
2026-05-06#t2742w1,2026-05-06,Mr. Monahan,Looking to the future,318,0.717,357,3.03169,3.05249,0.99319
2026-05-06#t2742w2,2026-05-06,Mr. Monahan,Looking to the future,181,1.0,213,3.63957,3.6396,0.99999
2026-05-06#t2743w0,2026-05-06,Mr. Monahan,Looking to the future,340,0.765,438,3.27842,3.26079,1.0054
2026-05-06#t2743w1,2026-05-06,Mr. Monahan,Looking to the future,324,0.506,388,3.38686,3.22189,1.0512
2026-05-06#t2743w2,2026-05-06,Mr. Monahan,Looking to the future,355,0.561,423,3.00741,3.04029,0.98918
2026-05-06#t2743w3,2026-05-06,Mr. Monahan,Looking to the future,332,0.536,387,3.272,3.12213,1.048
2026-05-06#t2743w4,2026-05-06,Mr. Monahan,Looking to the future,95,0.958,111,2.94001,3.29491,0.89229
2026-05-06#t2744w0,2026-05-06,Ms. Mitton,Looking to the future,349,1.0,418,2.62105,2.91049,0.90055
2026-05-06#t2744w1,2026-05-06,Ms. Mitton,Looking to the future,311,1.0,375,3.08507,2.9886,1.03228
2026-05-06#t2745w0,2026-05-06,Mr. Hogan,Looking to the future,291,1.0,356,3.06817,2.96333,1.03538
2026-05-06#t2745w1,2026-05-06,Mr. Hogan,Looking to the future,353,1.0,440,2.71727,2.81041,0.96686
2026-05-06#t2745w2,2026-05-06,Mr. Hogan,Looking to the future,354,1.0,430,3.21609,3.06115,1.05061
2026-05-07#t2747w0,2026-05-07,Hon. Ms. Holt,Looking to the future,311,0.894,359,2.78534,2.95326,0.94314
2026-05-07#t2748w0,2026-05-07,Ms. Scott-Wallace,Looking to the future,326,1.0,390,3.2606,3.15393,1.03382
2026-05-07#t2749w0,2026-05-07,Mr. Coon,Looking to the future,172,0.977,208,2.96283,3.14652,0.94162
2026-05-07#t2753w0,2026-05-07,Mr. Robichaud,Looking to the future,156,0.0,205,2.98774,3.14373,0.95038
2026-05-07#t2754w0,2026-05-07,Madam Speaker,Looking to the future,201,0.711,243,2.35699,2.74261,0.8594
2026-05-07#t2755w0,2026-05-07,Hon. Mr. Gauvin,Looking to the future,236,0.0,311,2.79431,2.91368,0.95903
2026-05-07#t2756w0,2026-05-07,Ms. Scott-Wallace,Looking to the future,169,1.0,215,2.94093,3.11375,0.9445
2026-05-07#t2757w0,2026-05-07,Ms. M. Johnson,Looking to the future,204,1.0,252,3.37255,3.0629,1.1011
2026-05-07#t2758w0,2026-05-07,Mr. Austin,Looking to the future,256,1.0,360,2.58063,2.87297,0.89825
2026-05-07#t2759w0,2026-05-07,Ms. Bockus,Looking to the future,159,1.0,208,3.04851,3.04544,1.00101
2026-05-07#t2760w0,2026-05-07,Mr. J. LeBlanc,Looking to the future,132,0.0,155,3.26808,3.31191,0.98677
2026-05-07#t2761w0,2026-05-07,Mr. Coon,Looking to the future,172,0.977,219,3.24272,3.10114,1.04565
2026-05-07#t2762w0,2026-05-07,Mr. Doucet,Looking to the future,167,0.12,217,2.85614,2.82102,1.01245
2026-05-07#t2763w0,2026-05-07,Ms. Mitton,Looking to the future,168,1.0,201,2.42029,2.86295,0.84538
2026-05-07#t2764w0,2026-05-07,Hon. C. Johnson,Looking to the future,165,0.0,230,2.52912,2.88166,0.87766
2026-05-07#t2766w0,2026-05-07,Mr. Robichaud,Looking to the future,248,0.0,292,3.11767,3.10229,1.00496
2026-05-07#t2767w0,2026-05-07,Mr. Monahan,Looking to the future,148,1.0,168,3.20816,3.50481,0.91536
2026-05-07#t2769w0,2026-05-07,Mr. Coon,Looking to the future,171,0.977,215,3.31171,3.21718,1.02938
2026-05-07#t2770w0,2026-05-07,Mr. Doucet,Looking to the future,163,0.0,214,3.28488,3.24811,1.01132
2026-05-07#t2771w0,2026-05-07,Ms. S. Wilson,Looking to the future,154,1.0,181,3.29022,3.29822,0.99758
2026-05-07#t2772w0,2026-05-07,Ms. Vautour,Looking to the future,115,0.0,159,2.94074,2.71911,1.08151
2026-05-07#t2773w0,2026-05-07,Mr. Ames,Looking to the future,154,1.0,184,3.51943,3.33304,1.05592
2026-05-07#t2774w0,2026-05-07,Mr. M. LeBlanc,Looking to the future,152,0.0,182,3.13469,3.12237,1.00395
2026-05-07#t2775w0,2026-05-07,Mr. Austin,Looking to the future,182,1.0,220,3.26781,3.30296,0.98936
2026-05-07#t2776w0,2026-05-07,Ms. Wilcott,Looking to the future,97,0.784,143,3.42375,3.2811,1.04348
2026-05-07#t2777w0,2026-05-07,Ms. Scott-Wallace,Looking to the future,138,1.0,166,3.41323,3.23283,1.0558
2026-05-07#t2778w0,2026-05-07,Mr. Savoie,Looking to the future,170,0.953,215,3.74151,3.76116,0.99478
2026-05-07#t2779w0,2026-05-07,Hon. Ms. Holt,Looking to the future,181,1.0,202,3.09034,3.08167,1.00281
2026-05-07#t2780w0,2026-05-07,Mr. Savoie,Looking to the future,133,1.0,160,3.68032,3.46079,1.06343
2026-05-07#t2781w0,2026-05-07,Hon. M. Finnigan,Looking to the future,113,0.929,140,3.36587,3.46717,0.97078
2026-05-07#t2782w0,2026-05-07,Mr. Savoie,Looking to the future,118,1.0,144,3.4757,3.47676,0.99969
2026-05-07#t2783w0,2026-05-07,Hon. M. Finnigan,Looking to the future,105,0.0,123,3.1976,3.17362,1.00756
2026-05-07#t2784w0,2026-05-07,Mr. Savoie,Looking to the future,149,0.913,180,3.60196,3.44488,1.0456
2026-05-07#t2785w0,2026-05-07,Hon. M. Finnigan,Looking to the future,140,0.957,171,3.26284,3.35443,0.9727
2026-05-07#t2786w0,2026-05-07,Mr. Savoie,Looking to the future,99,1.0,121,3.42669,3.31865,1.03256
2026-05-07#t2787w0,2026-05-07,Hon. M. Finnigan,Looking to the future,121,0.0,140,3.48145,3.5581,0.97846
2026-05-07#t2788w0,2026-05-07,Mr. Savoie,Looking to the future,154,1.0,187,3.70214,3.56586,1.03822
2026-05-07#t2789w0,2026-05-07,Hon. M. Finnigan,Looking to the future,133,0.94,160,3.39561,3.40117,0.99837
2026-05-07#t2790w0,2026-05-07,Mr. Savoie,Looking to the future,182,1.0,221,3.51907,3.70088,0.95087
2026-05-07#t2791w0,2026-05-07,Hon. M. Finnigan,Looking to the future,135,0.0,165,3.38913,3.37926,1.00292
2026-05-07#t2792w0,2026-05-07,Mr. Savoie,Looking to the future,163,1.0,190,3.5518,3.16365,1.12269
2026-05-07#t2793w0,2026-05-07,Hon. M. Finnigan,Looking to the future,142,0.972,179,3.09989,3.18217,0.97415
2026-05-07#t2794w0,2026-05-07,Mr. Savoie,Looking to the future,122,0.951,154,2.43969,2.46691,0.98897
2026-05-07#t2795w0,2026-05-07,Hon. M. Finnigan,Looking to the future,97,0.0,124,3.05488,3.0183,1.01212
2026-05-07#t2796w0,2026-05-07,Mr. Savoie,Looking to the future,136,1.0,172,3.53148,3.45331,1.02263
2026-05-07#t2797w0,2026-05-07,Hon. M. Finnigan,Looking to the future,117,0.932,150,3.04635,3.11539,0.97784
2026-05-07#t2798w0,2026-05-07,Mr. Coon,Looking to the future,171,0.977,217,3.19799,3.27393,0.9768
2026-05-07#t2799w0,2026-05-07,Hon. Mr. Herron,Looking to the future,61,1.0,76,3.93401,3.40732,1.15457
2026-05-07#t2800w0,2026-05-07,Mr. Coon,Looking to the future,156,1.0,190,3.36402,3.52364,0.9547
2026-05-07#t2801w0,2026-05-07,Hon. K. Chiasson,Looking to the future,145,1.0,174,2.85882,3.09539,0.92357
2026-05-07#t2802w0,2026-05-07,Ms. Scott-Wallace,Looking to the future,178,1.0,204,3.35639,3.41086,0.98403
2026-05-07#t2803w0,2026-05-07,Hon. Mr. Finnigan,Looking to the future,135,0.941,153,3.12286,3.4142,0.91467
2026-05-07#t2804w0,2026-05-07,Ms. Scott-Wallace,Looking to the future,187,1.0,215,4.24789,3.62826,1.17078
2026-05-07#t2805w0,2026-05-07,Hon. Mr. Finnigan,Looking to the future,121,0.0,152,3.80923,3.31726,1.1483
2026-05-07#t2806w0,2026-05-07,Ms. Scott-Wallace,Looking to the future,197,1.0,235,3.71092,3.53001,1.05125
2026-05-07#t2807w0,2026-05-07,Hon. Mr. Finnigan,Looking to the future,103,0.0,124,3.15293,3.17634,0.99263
2026-05-07#t2808w0,2026-05-07,Mr. Savoie,Looking to the future,142,1.0,164,3.50295,3.528,0.9929
2026-05-07#t2809w0,2026-05-07,Hon. Ms. Holt,Looking to the future,160,1.0,184,3.31047,3.34552,0.98952
2026-05-07#t2811w0,2026-05-07,Hon. Mr. Hickey,Looking to the future,241,0.751,298,3.09773,3.24597,0.95433
2026-05-07#t2812w0,2026-05-07,Ms. Conroy,Looking to the future,238,1.0,295,3.38677,3.17611,1.06632
2026-05-07#t2813w0,2026-05-07,Mr. Coon,Looking to the future,286,1.0,336,3.21241,3.08356,1.04179
2026-05-07#t2814w0,2026-05-07,Hon. Ms. Miles,Looking to the future,155,0.761,186,2.43198,2.60857,0.9323
2026-05-07#t2815w0,2026-05-07,Ms. M. Johnson,Looking to the future,173,1.0,203,2.38201,2.3486,1.01423
2026-05-07#t2816w0,2026-05-07,Ms. Mitton,Looking to the future,134,1.0,154,2.97363,3.03851,0.97865
2026-05-07#t2817w0,2026-05-07,Hon. Mr. Dornan,Looking to the future,228,0.925,295,3.18245,3.09985,1.02665
2026-05-07#t2818w0,2026-05-07,Mr. Hogan,Looking to the future,261,0.835,344,2.98076,3.14155,0.94882
2026-05-07#t2819w0,2026-05-07,Mr. Coon,Looking to the future,281,1.0,342,2.95173,2.88736,1.02229
2026-05-07#t2820w0,2026-05-07,Hon. Mr. Gauvin,Looking to the future,331,0.489,405,2.96537,2.86074,1.03657
2026-05-07#t2820w1,2026-05-07,Hon. Mr. Gauvin,Looking to the future,77,0.662,92,3.42579,3.59666,0.95249
2026-05-07#t2821w0,2026-05-07,Mr. Ames,Looking to the future,189,1.0,250,3.17456,3.0292,1.04798
2026-05-07#t2822w0,2026-05-07,Ms. Mitton,Looking to the future,295,1.0,347,2.93987,3.00271,0.97907
2026-05-07#t2822w1,2026-05-07,Ms. Mitton,Looking to the future,112,1.0,130,2.93745,3.39853,0.86433
2026-05-07#t2823w0,2026-05-07,Madam Speaker,Looking to the future,337,0.629,456,2.94835,2.81706,1.04661
2026-05-07#t2823w1,2026-05-07,Madam Speaker,Looking to the future,148,1.0,180,2.79942,3.08724,0.90677
2026-05-07#t2829w0,2026-05-07,Madam Speaker,Looking to the future,310,0.965,435,2.66741,2.8194,0.94609
2026-05-07#t2830w0,2026-05-07,Mr. Lee,Looking to the future,332,1.0,415,2.31441,2.53876,0.91163
2026-05-07#t2830w1,2026-05-07,Mr. Lee,Looking to the future,302,1.0,370,2.95983,3.15818,0.93719
2026-05-07#t2830w2,2026-05-07,Mr. Lee,Looking to the future,315,1.0,380,2.67224,2.67218,1.00002
2026-05-07#t2830w3,2026-05-07,Mr. Lee,Looking to the future,353,1.0,425,2.46691,2.84497,0.86711
2026-05-07#t2830w4,2026-05-07,Mr. Lee,Looking to the future,291,1.0,351,2.71678,2.75767,0.98517
2026-05-07#t2830w5,2026-05-07,Mr. Lee,Looking to the future,288,1.0,336,2.56949,2.91949,0.88011
2026-05-07#t2830w6,2026-05-07,Mr. Lee,Looking to the future,245,1.0,304,2.8053,3.13584,0.89459
2026-05-07#t2832w0,2026-05-07,Hon. Mr. Dornan,Looking to the future,298,0.93,373,3.10636,2.9767,1.04356
2026-05-07#t2832w1,2026-05-07,Hon. Mr. Dornan,Looking to the future,304,0.931,378,3.13361,2.9477,1.06307
2026-05-07#t2832w2,2026-05-07,Hon. Mr. Dornan,Looking to the future,302,1.0,374,3.32504,3.24783,1.02377
2026-05-07#t2832w3,2026-05-07,Hon. Mr. Dornan,Looking to the future,340,0.944,412,2.98777,2.88316,1.03628
2026-05-07#t2832w4,2026-05-07,Hon. Mr. Dornan,Looking to the future,183,1.0,213,3.22696,3.50932,0.91954
2026-05-07#t2834w0,2026-05-07,Mr. Hogan,Looking to the future,304,1.0,390,2.59984,2.60527,0.99792
2026-05-07#t2834w1,2026-05-07,Mr. Hogan,Looking to the future,321,1.0,421,2.73454,2.82118,0.96929
2026-05-07#t2834w2,2026-05-07,Mr. Hogan,Looking to the future,201,1.0,280,3.02004,3.10836,0.97159
2026-05-07#t2835w0,2026-05-07,Mr. Hogan,Looking to the future,274,1.0,328,3.06274,3.13214,0.97784
2026-05-07#t2835w1,2026-05-07,Mr. Hogan,Looking to the future,355,1.0,457,2.55421,2.7234,0.93787
2026-05-07#t2835w2,2026-05-07,Mr. Hogan,Looking to the future,359,1.0,445,3.18603,3.11227,1.0237
2026-05-07#t2838w0,2026-05-07,Hon. Mr. Legacy,Looking to the future,257,0.0,326,2.95938,2.98639,0.99096
2026-05-07#t2838w1,2026-05-07,Hon. Mr. Legacy,Looking to the future,253,0.0,299,3.21613,3.26078,0.98631
2026-05-07#t2838w2,2026-05-07,Hon. Mr. Legacy,Looking to the future,359,0.0,452,2.86239,2.85842,1.00139
2026-05-07#t2838w3,2026-05-07,Hon. Mr. Legacy,Looking to the future,342,0.0,425,3.12069,3.03043,1.02978
2026-05-07#t2839w0,2026-05-07,Hon. Mr. Legacy,Looking to the future,223,0.552,270,3.01664,3.17636,0.94972
2026-05-07#t2847w0,2026-05-07,Mr. Coon,Looking to the future,313,1.0,379,3.31313,3.26271,1.01545
2026-05-07#t2847w1,2026-05-07,Mr. Coon,Looking to the future,297,1.0,382,3.10703,3.03731,1.02296
2026-05-07#t2847w2,2026-05-07,Mr. Coon,Looking to the future,231,1.0,268,2.94103,3.08544,0.9532
2026-05-07#t2847w3,2026-05-07,Mr. Coon,Looking to the future,297,1.0,348,3.29332,3.27984,1.00411
2026-05-07#t2847w4,2026-05-07,Mr. Coon,Looking to the future,331,1.0,402,3.17519,3.25763,0.97469
2026-05-07#t2848w0,2026-05-07,Mr. Savoie,Looking to the future,281,0.822,359,2.93265,3.05084,0.96126
2026-05-07#t2849w0,2026-05-07,Mr. Savoie,Looking to the future,331,1.0,398,3.24166,3.30334,0.98133
2026-05-07#t2849w1,2026-05-07,Mr. Savoie,Looking to the future,289,1.0,349,3.02942,3.07222,0.98607
2026-05-07#t2850w0,2026-05-07,Mr. Savoie,Looking to the future,289,1.0,344,2.85035,3.11395,0.91535
2026-05-07#t2850w1,2026-05-07,Mr. Savoie,Looking to the future,264,1.0,312,3.30257,3.28458,1.00548
2026-05-07#t2850w2,2026-05-07,Mr. Savoie,Looking to the future,319,1.0,375,3.28901,3.21371,1.02343
2026-05-07#t2850w3,2026-05-07,Mr. Savoie,Looking to the future,360,1.0,417,2.94215,3.04668,0.96569
2026-05-07#t2850w4,2026-05-07,Mr. Savoie,Looking to the future,123,1.0,148,2.76042,3.06961,0.89927
2026-05-07#t2851w0,2026-05-07,Ms. Wilcott,Looking to the future,250,0.896,302,3.19423,3.27992,0.97388
2026-05-07#t2851w1,2026-05-07,Ms. Wilcott,Looking to the future,226,1.0,289,2.83385,3.15307,0.89876
2026-05-07#t2851w2,2026-05-07,Ms. Wilcott,Looking to the future,147,1.0,198,2.5733,2.63625,0.97612
2026-05-07#t2852w0,2026-05-07,Ms. Wilcott,Looking to the future,360,0.714,452,2.6837,2.62558,1.02214
2026-05-07#t2852w1,2026-05-07,Ms. Wilcott,Looking to the future,351,0.624,415,3.03147,3.14368,0.96431
2026-05-07#t2852w2,2026-05-07,Ms. Wilcott,Looking to the future,156,1.0,197,2.80124,3.24485,0.86329
2026-05-07#t2853w0,2026-05-07,Ms. Mitton,Looking to the future,353,1.0,428,2.992,3.05401,0.97969
2026-05-07#t2853w1,2026-05-07,Ms. Mitton,Looking to the future,173,0.971,211,3.21392,3.37069,0.95349
2026-05-07#t2854w0,2026-05-07,Mr. Lee,Looking to the future,325,1.0,394,2.72275,2.93925,0.92634
2026-05-07#t2855w0,2026-05-07,,Looking to the future,351,0.96,420,3.17164,3.1404,1.00995
2026-05-07#t2855w1,2026-05-07,,Looking to the future,343,1.0,470,2.58594,2.68832,0.96191
2026-05-07#t2856w0,2026-05-07,Ms. M. Wilson,Looking to the future,272,1.0,320,2.80934,3.01227,0.93263
2026-05-07#t2856w1,2026-05-07,Ms. M. Wilson,Looking to the future,345,1.0,482,2.49272,2.48362,1.00367
2026-05-07#t2856w2,2026-05-07,Ms. M. Wilson,Looking to the future,357,1.0,418,3.32847,3.26219,1.02032
2026-05-07#t2856w3,2026-05-07,Ms. M. Wilson,Looking to the future,291,1.0,352,2.95122,2.84863,1.03601
2026-05-07#t2856w4,2026-05-07,Ms. M. Wilson,Looking to the future,279,1.0,329,3.52005,3.28751,1.07073
2026-05-07#t2856w5,2026-05-07,Ms. M. Wilson,Looking to the future,262,1.0,301,3.40894,3.21872,1.0591
2026-05-07#t2856w6,2026-05-07,Ms. M. Wilson,Looking to the future,317,1.0,370,3.21821,3.0607,1.05146
2026-05-07#t2856w7,2026-05-07,Ms. M. Wilson,Looking to the future,329,1.0,442,2.70238,2.68604,1.00608
2026-05-07#t2856w8,2026-05-07,Ms. M. Wilson,Looking to the future,249,1.0,286,2.93872,3.00341,0.97846
2026-05-07#t2857w0,2026-05-07,Hon. Mr. Kennedy,Looking to the future,338,0.885,414,2.81566,2.87311,0.98
2026-05-07#t2857w1,2026-05-07,Hon. Mr. Kennedy,Looking to the future,349,0.883,408,3.08547,2.95949,1.04257
2026-05-07#t2862w0,2026-05-07,Mr. M. LeBlanc,Looking to the future,67,1.0,75,3.28442,3.56345,0.9217
2026-05-07#t2864w0,2026-05-07,Hon. Mr. Kennedy,Looking to the future,117,0.718,154,3.40484,3.17728,1.07162
2026-05-07#t2866w0,2026-05-07,Hon. Mr. Kennedy,Looking to the future,286,1.0,366,3.25356,3.46291,0.93955
2026-05-07#t2866w1,2026-05-07,Hon. Mr. Kennedy,Looking to the future,315,1.0,406,3.36347,3.21105,1.04747
2026-05-07#t2866w2,2026-05-07,Hon. Mr. Kennedy,Looking to the future,287,1.0,340,3.08304,3.06109,1.00717
2026-05-07#t2867w0,2026-05-07,Ms. M. Wilson,Looking to the future,50,1.0,67,3.49956,3.49872,1.00024
2026-05-07#t2868w0,2026-05-07,Mr. M. LeBlanc,Looking to the future,72,1.0,87,3.70485,3.72934,0.99343
2026-05-07#t2870w0,2026-05-07,Hon. Mr. Kennedy,Looking to the future,339,1.0,402,2.79101,2.83057,0.98602
2026-05-07#t2870w1,2026-05-07,Hon. Mr. Kennedy,Looking to the future,100,1.0,123,3.42644,2.98712,1.14707
2026-05-07#t2871w0,2026-05-07,Mr. Lee,Looking to the future,343,1.0,429,3.12014,3.13645,0.9948
2026-05-07#t2871w1,2026-05-07,Mr. Lee,Looking to the future,322,1.0,397,2.59668,3.05957,0.84871
2026-05-07#t2871w2,2026-05-07,Mr. Lee,Looking to the future,299,1.0,370,2.69429,3.12467,0.86226
2026-05-07#t2871w3,2026-05-07,Mr. Lee,Looking to the future,337,1.0,395,2.47761,2.89649,0.85538
2026-05-07#t2871w4,2026-05-07,Mr. Lee,Looking to the future,351,1.0,443,2.79528,2.82242,0.99038
2026-05-07#t2871w5,2026-05-07,Mr. Lee,Looking to the future,274,1.0,449,1.6676,1.89602,0.87952
2026-05-07#t2873w0,2026-05-07,Mr. Doucet,Looking to the future,286,0.031,351,3.17188,2.97785,1.06516
2026-05-07#t2873w1,2026-05-07,Mr. Doucet,Looking to the future,318,0.0,414,3.23036,3.31933,0.9732
2026-05-07#t2873w2,2026-05-07,Mr. Doucet,Looking to the future,317,0.744,413,3.08116,3.16824,0.97251
2026-05-07#t2873w3,2026-05-07,Mr. Doucet,Looking to the future,207,0.928,242,3.22408,3.2685,0.98641
2026-05-07#t2874w0,2026-05-07,Mr. Doucet,Looking to the future,357,0.0,469,2.79763,2.99169,0.93513
2026-05-07#t2874w1,2026-05-07,Mr. Doucet,Looking to the future,204,0.0,246,3.34505,3.16918,1.05549
2026-05-07#t2875w0,2026-05-07,Mr. Doucet,Looking to the future,138,0.0,184,3.44031,3.52484,0.97602
2026-05-07#t2876w0,2026-05-07,Ms. S. Wilson,Looking to the future,136,1.0,168,3.22182,3.35827,0.95937
2026-05-07#t2878w0,2026-05-07,Mr. M. LeBlanc,Looking to the future,111,1.0,143,3.38304,3.40495,0.99357
2026-05-07#t2880w0,2026-05-07,Ms. S. Wilson,Looking to the future,219,1.0,265,3.11498,3.08687,1.00911
2026-05-07#t2881w0,2026-05-07,Ms. S. Wilson,Looking to the future,123,1.0,144,3.88436,3.56635,1.08917
2026-05-07#t2883w0,2026-05-07,Mr. M. LeBlanc,Looking to the future,51,1.0,60,4.03687,3.86508,1.04445
2026-05-07#t2885w0,2026-05-07,Ms. S. Wilson,Looking to the future,117,1.0,146,3.25653,3.23916,1.00536
2026-05-08#t2887w0,2026-05-08,Mr. M. LeBlanc,Looking to the future,72,1.0,85,3.29706,2.94422,1.11984
2026-05-08#t2889w0,2026-05-08,Mr. Russell,Looking to the future,106,1.0,134,3.32958,3.51268,0.94787
2026-05-08#t2890w0,2026-05-08,Mr. Bourque,Looking to the future,329,0.0,440,2.67708,2.93042,0.91355
2026-05-08#t2891w0,2026-05-08,Ms. M. Johnson,Looking to the future,226,0.982,281,2.65645,2.90252,0.91522
2026-05-08#t2892w0,2026-05-08,Ms. M. Wilson,Looking to the future,137,1.0,172,3.05011,3.25347,0.93749
2026-05-08#t2893w0,2026-05-08,Hon. Ms. Boudreau,Looking to the future,126,0.444,157,3.02112,3.35457,0.9006
2026-05-08#t2894w0,2026-05-08,Mr. Hogan,Looking to the future,142,1.0,181,2.55293,3.0255,0.8438
2026-05-08#t2895w0,2026-05-08,Mr. Coon,Looking to the future,144,0.972,211,2.7991,2.732,1.02456
2026-05-08#t2896w0,2026-05-08,Hon. Ms. Miles,Looking to the future,184,1.0,268,2.5967,2.74712,0.94524
2026-05-08#t2897w0,2026-05-08,Ms. M. Johnson,Looking to the future,157,1.0,197,2.60442,2.70179,0.96396
2026-05-08#t2898w0,2026-05-08,Ms. Mitton,Looking to the future,141,1.0,190,2.92621,2.9245,1.00058
2026-05-08#t2899w0,2026-05-08,Mr. M. LeBlanc,Looking to the future,203,0.0,288,2.66906,2.73083,0.97738
2026-05-08#t2900w0,2026-05-08,Mr. Lee,Looking to the future,144,1.0,167,3.73004,3.87107,0.96357
2026-05-08#t2901w0,2026-05-08,Ms. Mitton,Looking to the future,165,1.0,207,3.07929,3.17988,0.96837
2026-05-08#t2902w0,2026-05-08,Mr. Mallet,Looking to the future,131,0.0,170,3.0464,3.0563,0.99676
2026-05-08#t2903w0,2026-05-08,Mr. Cullins,Looking to the future,137,1.0,163,3.92967,3.88757,1.01083
2026-05-08#t2905w0,2026-05-08,Mr. Johnston,Looking to the future,154,0.578,196,3.27695,3.32071,0.98682
2026-05-08#t2906w0,2026-05-08,Ms. M. Wilson,Looking to the future,145,1.0,179,2.83589,3.33858,0.84943
2026-05-08#t2907w0,2026-05-08,Mr. J. LeBlanc,Looking to the future,145,0.538,176,3.24511,3.32161,0.97697
2026-05-08#t2908w0,2026-05-08,Ms. Conroy,Looking to the future,140,1.0,172,3.19985,3.34128,0.95767
2026-05-08#t2909w0,2026-05-08,Mr. Robichaud,Looking to the future,153,0.373,197,2.77513,3.03282,0.91503
2026-05-08#t2910w0,2026-05-08,Mr. Hogan,Looking to the future,127,1.0,158,2.94071,3.1458,0.93481
2026-05-08#t2911w0,2026-05-08,Mr. Savoie,Looking to the future,124,0.919,167,3.42983,3.14135,1.09183
2026-05-08#t2912w0,2026-05-08,Hon. Mr. D’Amours,Looking to the future,186,0.0,225,2.75585,2.8619,0.96294
2026-05-08#t2913w0,2026-05-08,Mr. Savoie,Looking to the future,103,1.0,135,3.54828,3.57238,0.99325
2026-05-08#t2914w0,2026-05-08,Hon. Mr. D’Amours,Looking to the future,196,0.245,232,2.52837,2.60987,0.96877
2026-05-08#t2915w0,2026-05-08,Mr. Savoie,Looking to the future,120,1.0,159,3.31856,3.4483,0.96238
2026-05-08#t2916w0,2026-05-08,Hon. Mr. Randall,Looking to the future,113,1.0,148,3.65927,3.25531,1.12409
2026-05-08#t2917w0,2026-05-08,Mr. Savoie,Looking to the future,157,1.0,212,3.58758,3.5078,1.02274
2026-05-08#t2918w0,2026-05-08,Hon. Mr. Randall,Looking to the future,152,1.0,184,3.04626,3.03598,1.00339
2026-05-08#t2919w0,2026-05-08,Mr. Savoie,Looking to the future,75,1.0,88,3.80157,3.81731,0.99588
2026-05-08#t2920w0,2026-05-08,Hon. Mr. Randall,Looking to the future,147,1.0,183,3.35206,3.28134,1.02155
2026-05-08#t2921w0,2026-05-08,Mr. Savoie,Looking to the future,159,1.0,189,3.68087,3.67696,1.00106
2026-05-08#t2922w0,2026-05-08,Hon. Mr. Finnigan,Looking to the future,107,0.963,130,3.40628,3.39664,1.00284
2026-05-08#t2923w0,2026-05-08,Mr. Savoie,Looking to the future,112,1.0,133,4.02688,3.57777,1.12553
2026-05-08#t2924w0,2026-05-08,Hon. Mr. Finnigan,Looking to the future,111,0.0,141,3.06411,3.17887,0.9639
2026-05-08#t2925w0,2026-05-08,Mr. Savoie,Looking to the future,91,1.0,114,3.60452,3.59964,1.00136
2026-05-08#t2926w0,2026-05-08,Hon. Mr. Finnigan,Looking to the future,137,0.942,161,3.01188,3.31333,0.90902
2026-05-08#t2927w0,2026-05-08,Mr. Savoie,Looking to the future,139,1.0,166,3.3805,3.43513,0.9841
2026-05-08#t2928w0,2026-05-08,Hon. Mr. Finnigan,Looking to the future,140,0.0,167,3.46518,3.34695,1.03532
2026-05-08#t2929w0,2026-05-08,Mr. Savoie,Looking to the future,167,1.0,213,3.49149,3.40771,1.02459
2026-05-08#t2930w0,2026-05-08,Hon. Mr. Finnigan,Looking to the future,109,0.927,129,3.62102,3.32366,1.08947
2026-05-08#t2931w0,2026-05-08,Mr. Savoie,Looking to the future,132,1.0,162,3.66681,3.45323,1.06185
2026-05-08#t2932w0,2026-05-08,Hon. Mr. Finnigan,Looking to the future,124,0.952,149,3.52565,3.50845,1.0049
2026-05-08#t2933w0,2026-05-08,Ms. M. Johnson,Looking to the future,121,1.0,143,3.64541,3.28694,1.10906
2026-05-08#t2934w0,2026-05-08,Hon. Ms. Miles,Looking to the future,172,1.0,215,2.97731,3.17066,0.93902
2026-05-08#t2935w0,2026-05-08,Ms. M. Johnson,Looking to the future,166,1.0,208,3.57209,3.22323,1.10823
2026-05-08#t2936w0,2026-05-08,Hon. Ms. Miles,Looking to the future,167,1.0,202,3.47197,3.31721,1.04666
2026-05-08#t2937w0,2026-05-08,Ms. M. Johnson,Looking to the future,178,1.0,206,3.90382,3.9051,0.99967
2026-05-08#t2938w0,2026-05-08,Hon. Ms. Miles,Looking to the future,139,1.0,171,2.93919,3.08671,0.95221
2026-05-08#t2939w0,2026-05-08,Mr. Hogan,Looking to the future,98,1.0,118,3.26903,3.3606,0.97275
2026-05-08#t2940w0,2026-05-08,Hon. Mr. Dornan,Looking to the future,175,1.0,210,3.20098,3.26418,0.98064
2026-05-08#t2941w0,2026-05-08,Mr. Hogan,Looking to the future,175,1.0,215,3.21924,3.33077,0.96652
2026-05-08#t2942w0,2026-05-08,Hon. Mr. Dornan,Looking to the future,146,1.0,167,3.11927,3.22613,0.96688
2026-05-08#t2944w0,2026-05-08,Madam Speaker,Looking to the future,108,1.0,121,2.81766,3.16084,0.89143
2026-05-08#t2945w0,2026-05-08,Hon. Mr. Kennedy,Looking to the future,126,0.714,155,2.7879,3.00326,0.92829
2026-05-08#t2946w0,2026-05-08,Mr. Russell,Looking to the future,188,1.0,212,3.00727,3.06418,0.98143
2026-05-08#t2947w0,2026-05-08,Mr. Coon,Looking to the future,155,0.974,185,3.26876,3.16677,1.0322
2026-05-08#t2948w0,2026-05-08,Hon. Mr. Randall,Looking to the future,248,0.863,291,2.73933,2.88733,0.94874
2026-05-08#t2949w0,2026-05-08,Mr. Russell,Looking to the future,278,1.0,330,3.01669,3.07041,0.9825
2026-05-08#t2950w0,2026-05-08,Ms. Mitton,Looking to the future,236,1.0,285,2.92638,3.104,0.94278
2026-05-08#t2951w0,2026-05-08,Hon. Mr. Legacy,Looking to the future,304,0.257,416,2.87281,2.84276,1.01057
2026-05-08#t2951w1,2026-05-08,Hon. Mr. Legacy,Looking to the future,188,0.979,218,3.08371,3.12819,0.98578
2026-05-08#t2952w0,2026-05-08,Mr. Savoie,Looking to the future,349,0.983,411,3.15851,3.01186,1.04869
2026-05-08#t2952w1,2026-05-08,Mr. Savoie,Looking to the future,143,1.0,163,3.4045,3.65668,0.93104
2026-05-08#t2953w0,2026-05-08,Ms. Mitton,Looking to the future,266,0.985,308,2.97044,3.23016,0.91959
2026-05-08#t2953w1,2026-05-08,Ms. Mitton,Looking to the future,101,1.0,120,2.83899,3.30355,0.85938
2026-05-08#t2954w0,2026-05-08,Hon. Mr. Dornan,Looking to the future,158,0.835,192,2.98601,2.94932,1.01244
2026-05-08#t2955w0,2026-05-08,Mr. Hogan,Looking to the future,207,1.0,244,3.11564,2.9911,1.04164
2026-05-08#t2956w0,2026-05-08,Mr. Coon,Looking to the future,225,1.0,292,3.0038,2.9487,1.01869
2026-05-08#t2958w0,2026-05-08,Mr. M. LeBlanc,Looking to the future,347,0.386,481,2.49739,2.58959,0.9644
2026-05-08#t2958w1,2026-05-08,Mr. M. LeBlanc,Looking to the future,292,1.0,360,2.39556,2.4544,0.97603
2026-05-08#t2959w0,2026-05-08,Mr. M. LeBlanc,Looking to the future,210,0.733,315,2.51365,2.42026,1.03859
2026-05-08#t2962w0,2026-05-08,Mr. Hogan,Looking to the future,76,0.724,106,3.27351,3.2774,0.99881
2026-05-08#t2963w0,2026-05-08,Madam Speaker,Looking to the future,336,1.0,420,2.9674,2.94186,1.00868
2026-05-08#t2963w1,2026-05-08,Madam Speaker,Looking to the future,312,1.0,380,3.05735,3.19112,0.95808
2026-05-08#t2963w2,2026-05-08,Madam Speaker,Looking to the future,91,1.0,122,3.17753,2.91856,1.08873
2026-05-08#t2965w0,2026-05-08,Mr. Hogan,Looking to the future,347,1.0,436,3.27699,3.16384,1.03576
2026-05-08#t2965w1,2026-05-08,Mr. Hogan,Looking to the future,73,1.0,88,3.78338,3.69984,1.02258
2026-05-08#t2966w0,2026-05-08,Mr. Hogan,Looking to the future,136,1.0,173,3.33672,3.18147,1.0488
2026-05-08#t2968w0,2026-05-08,Mr. Hogan,Looking to the future,61,1.0,70,3.66229,3.67923,0.99539
2026-05-08#t2974w0,2026-05-08,Mr. Hogan,Looking to the future,122,1.0,156,3.10156,3.28558,0.94399
2026-05-08#t2975w0,2026-05-08,Mr. Hogan,Looking to the future,51,1.0,65,3.37034,3.15022,1.06987
2026-05-08#t2976w0,2026-05-08,Mr. Hogan,Looking to the future,263,1.0,322,3.14029,3.39292,0.92554
2026-05-08#t2976w1,2026-05-08,Mr. Hogan,Looking to the future,107,1.0,127,3.74246,3.56116,1.05091
2026-05-08#t2977w0,2026-05-08,Mr. M. LeBlanc,Looking to the future,64,1.0,76,3.29956,3.36,0.98201
2026-05-08#t2979w0,2026-05-08,Mr. Hogan,Looking to the future,60,1.0,72,3.61916,3.45125,1.04865
2026-05-08#t2981w0,2026-05-08,Mr. Hogan,Looking to the future,66,1.0,81,4.11116,3.89802,1.05468
2026-05-08#t2983w0,2026-05-08,Mr. M. LeBlanc,Looking to the future,69,1.0,79,3.59859,3.55304,1.01282
2026-05-08#t2991w0,2026-05-08,Mr. Hogan,Looking to the future,205,1.0,284,2.81475,3.13675,0.89735
2026-05-08#t2992w0,2026-05-08,Mr. M. LeBlanc,Looking to the future,61,0.754,90,2.99631,2.88475,1.03867
2026-05-13#t2993w0,2026-05-13,Hon. Mr. Finnigan,Looking to the future,256,0.512,316,2.93406,3.00131,0.97759
2026-05-13#t2995w0,2026-05-13,Mr. Bourque,Looking to the future,195,0.0,246,2.96647,3.0269,0.98004
2026-05-13#t2996w0,2026-05-13,Hon. Mr. Herron,Looking to the future,159,1.0,184,3.29687,3.1258,1.05473
2026-05-13#t2997w0,2026-05-13,Hon. Ms. Holt,Looking to the future,134,0.955,155,3.38465,3.23371,1.04668
2026-05-13#t2998w0,2026-05-13,Hon. Ms. Holt,Looking to the future,269,1.0,346,2.38275,2.76889,0.86054
2026-05-13#t2999w0,2026-05-13,Ms. M. Wilson,Looking to the future,149,1.0,196,2.78695,2.97045,0.93822
2026-05-13#t3000w0,2026-05-13,Mr. Coon,Looking to the future,150,1.0,191,2.75141,3.00413,0.91588
2026-05-13#t3001w0,2026-05-13,Mr. Bourque,Looking to the future,193,0.0,294,2.70749,2.82484,0.95846
2026-05-13#t3002w0,2026-05-13,Mr. Hogan,Looking to the future,161,1.0,205,2.44463,2.80429,0.87175
2026-05-13#t3004w0,2026-05-13,Mr. Hogan,Looking to the future,146,1.0,189,2.73442,2.97525,0.91906
2026-05-13#t3007w0,2026-05-13,Hon. Ms. Thériault,Looking to the future,293,0.0,392,2.59135,2.64073,0.9813
2026-05-13#t3008w0,2026-05-13,Hon. Ms. Boudreau,Looking to the future,144,0.0,189,2.67974,3.24945,0.82468
2026-05-13#t3009w0,2026-05-13,Mr. Ames,Looking to the future,131,1.0,165,2.84212,2.96073,0.95994
2026-05-13#t3010w0,2026-05-13,Ms. Mitton,Looking to the future,159,1.0,196,2.7788,3.25837,0.85282
2026-05-13#t3011w0,2026-05-13,Ms. Scott-Wallace,Looking to the future,156,1.0,188,3.70224,3.59362,1.03022
2026-05-13#t3012w0,2026-05-13,Ms. Mitton,Looking to the future,162,1.0,186,2.97826,3.13719,0.94934
2026-05-13#t3013w0,2026-05-13,Mr. Doucet,Looking to the future,179,0.0,227,2.96475,3.29459,0.89989
2026-05-13#t3014w0,2026-05-13,Mr. Russell,Looking to the future,177,1.0,237,3.1657,3.48224,0.9091
2026-05-13#t3015w0,2026-05-13,Mr. J. LeBlanc,Looking to the future,153,0.549,176,2.86101,3.14877,0.90861
2026-05-13#t3016w0,2026-05-13,Mr. Weir,Looking to the future,144,1.0,173,3.19039,3.21427,0.99257
2026-05-13#t3017w0,2026-05-13,Ms. Vautour,Looking to the future,132,0.0,159,3.03166,3.42852,0.88425
2026-05-13#t3018w0,2026-05-13,Mr. Cullins,Looking to the future,139,1.0,193,3.58694,3.48912,1.02804
2026-05-13#t3019w0,2026-05-13,Mr. Robichaud,Looking to the future,161,0.298,193,2.98285,3.00689,0.99201
2026-05-13#t3020w0,2026-05-13,Mr. Monahan,Looking to the future,137,1.0,185,3.10685,3.11323,0.99795
2026-05-13#t3021w0,2026-05-13,Mr. Savoie,Looking to the future,174,0.943,206,3.34012,3.26333,1.02353
2026-05-13#t3022w0,2026-05-13,Hon. Mr. Randall,Looking to the future,109,1.0,129,3.47626,3.18881,1.09015
2026-05-13#t3023w0,2026-05-13,Mr. Savoie,Looking to the future,203,1.0,257,3.27506,3.17737,1.03075
2026-05-13#t3024w0,2026-05-13,Hon. Mr. Randall,Looking to the future,159,1.0,203,3.06546,3.26193,0.93977
2026-05-13#t3025w0,2026-05-13,Mr. Savoie,Looking to the future,176,1.0,206,3.76265,3.61767,1.04008
2026-05-13#t3026w0,2026-05-13,Hon. Mr. Randall,Looking to the future,82,1.0,105,3.83738,3.59599,1.06713
2026-05-13#t3027w0,2026-05-13,Mr. Savoie,Looking to the future,186,1.0,218,3.03639,2.91498,1.04165
2026-05-13#t3029w0,2026-05-13,Hon. Mr. Randall,Looking to the future,81,1.0,102,3.97855,3.65873,1.08741
2026-05-13#t3030w0,2026-05-13,Mr. Savoie,Looking to the future,205,1.0,252,3.34244,3.2742,1.02084
2026-05-13#t3031w0,2026-05-13,Hon. Mr. Randall,Looking to the future,144,1.0,183,3.25106,3.09349,1.05094
2026-05-13#t3032w0,2026-05-13,Mr. Savoie,Looking to the future,173,1.0,217,3.45777,3.37943,1.02318
2026-05-13#t3033w0,2026-05-13,Hon. Mr. Randall,Looking to the future,141,1.0,182,3.33381,3.31853,1.00461
2026-05-13#t3034w0,2026-05-13,Mr. Savoie,Looking to the future,167,1.0,210,3.51234,3.67632,0.9554
2026-05-13#t3036w0,2026-05-13,Mr. Hogan,Looking to the future,90,1.0,119,3.26201,3.00515,1.08547
2026-05-13#t3037w0,2026-05-13,Hon. Mr. Dornan,Looking to the future,125,1.0,152,3.20187,3.1538,1.01524
2026-05-13#t3038w0,2026-05-13,Mr. Hogan,Looking to the future,122,1.0,146,3.44127,3.19121,1.07836
2026-05-13#t3039w0,2026-05-13,Hon. Mr. Dornan,Looking to the future,138,1.0,173,3.05056,3.11259,0.98007
2026-05-13#t3040w0,2026-05-13,Mr. Hogan,Looking to the future,160,1.0,199,3.02523,3.01809,1.00237
2026-05-13#t3041w0,2026-05-13,Hon. Mr. Dornan,Looking to the future,118,1.0,143,3.45997,3.33277,1.03817
2026-05-13#t3042w0,2026-05-13,Ms. Mitton,Looking to the future,121,1.0,151,2.90531,3.20803,0.90564
2026-05-13#t3043w0,2026-05-13,Hon. Ms. Holt,Looking to the future,190,1.0,226,2.95128,2.90237,1.01685
2026-05-13#t3044w0,2026-05-13,Ms. Mitton,Looking to the future,153,1.0,179,3.0494,3.51595,0.8673
2026-05-13#t3045w0,2026-05-13,Hon. C. Johnson,Looking to the future,148,1.0,168,2.9265,3.29635,0.8878
2026-05-13#t3046w0,2026-05-13,Ms. Mitton,Looking to the future,175,1.0,196,3.47738,3.52298,0.98705
2026-05-13#t3047w0,2026-05-13,L’hon. C. Johnson,Looking to the future,140,0.0,172,2.86645,3.1571,0.90794
2026-05-13#t3048w0,2026-05-13,Mr. Monahan,Looking to the future,156,1.0,181,3.63282,3.64234,0.99739
2026-05-13#t3049w0,2026-05-13,Hon. Mr. Legacy,Looking to the future,198,1.0,236,3.24034,3.2739,0.98975
2026-05-13#t3050w0,2026-05-13,M. Monahan,Looking to the future,135,0.0,158,3.49309,3.70438,0.94296
2026-05-13#t3051w0,2026-05-13,L’hon. M. Legacy,Looking to the future,170,0.0,198,3.18321,3.27987,0.97053
2026-05-13#t3052w0,2026-05-13,Mr. Monahan,Looking to the future,174,1.0,201,3.47805,3.36772,1.03276
2026-05-13#t3053w0,2026-05-13,Hon. Mr. Legacy,Looking to the future,169,1.0,214,3.24099,3.08384,1.05096
2026-05-13#t3055w0,2026-05-13,Hon. Mr. Gauvin,Looking to the future,221,0.0,283,3.28401,3.24236,1.01284
2026-05-13#t3056w0,2026-05-13,Mr. Savoie,Looking to the future,79,0.0,99,3.41794,3.30688,1.03358
2026-05-13#t3057w0,2026-05-13,Hon. Mr. Gauvin,Looking to the future,203,0.379,240,2.18058,2.44692,0.89115
2026-05-13#t3058w0,2026-05-13,Mr. Ames,Looking to the future,126,1.0,150,2.09355,2.67458,0.78276
2026-05-13#t3059w0,2026-05-13,Mr. Coon,Looking to the future,224,0.911,267,2.91728,2.84604,1.02503
2026-05-13#t3060w0,2026-05-13,Hon. Mr. McKee,Looking to the future,132,0.538,167,2.88974,2.90209,0.99574
2026-05-13#t3061w0,2026-05-13,Mr. Weir,Looking to the future,137,1.0,171,3.0561,3.36232,0.90893
2026-05-13#t3062w0,2026-05-13,Mr. Coon,Looking to the future,151,1.0,200,3.25184,3.09487,1.05072
2026-05-13#t3063w0,2026-05-13,Hon. C. Chiasson,Looking to the future,309,0.731,376,2.18225,2.58579,0.84394
2026-05-13#t3064w0,2026-05-13,Mr. Oliver,Looking to the future,147,1.0,163,2.8979,3.10562,0.93312
2026-05-13#t3065w0,2026-05-13,Mr. Coon,Looking to the future,218,0.982,277,2.97016,2.95901,1.00377
2026-05-13#t3067w0,2026-05-13,Hon. Mr. Herron,Looking to the future,138,0.761,184,2.97174,2.96071,1.00373
2026-05-13#t3068w0,2026-05-13,Ms. M. Johnson,Looking to the future,88,1.0,123,3.01101,3.03869,0.99089
2026-05-13#t3069w0,2026-05-13,Mr. M. LeBlanc,Looking to the future,332,0.843,430,2.68889,2.73073,0.98468
2026-05-13#t3069w1,2026-05-13,Mr. M. LeBlanc,Looking to the future,355,1.0,421,3.2069,3.09362,1.03662
2026-05-13#t3069w2,2026-05-13,Mr. M. LeBlanc,Looking to the future,324,1.0,382,3.18296,3.19954,0.99482
2026-05-13#t3069w3,2026-05-13,Mr. M. LeBlanc,Looking to the future,274,1.0,326,3.36101,3.24503,1.03574
2026-05-13#t3069w4,2026-05-13,Mr. M. LeBlanc,Looking to the future,245,1.0,287,3.35603,3.20417,1.04739
2026-05-13#t3070w0,2026-05-13,Ms. M. Johnson,Looking to the future,260,1.0,316,3.62949,3.37906,1.07411
2026-05-13#t3070w1,2026-05-13,Ms. M. Johnson,Looking to the future,328,1.0,395,2.93818,2.93689,1.00044
2026-05-13#t3070w2,2026-05-13,Ms. M. Johnson,Looking to the future,348,1.0,413,3.23044,3.20537,1.00782
2026-05-13#t3070w3,2026-05-13,Ms. M. Johnson,Looking to the future,131,1.0,154,3.60474,3.36259,1.07201
2026-05-13#t3071w0,2026-05-13,Mr. Cullins,Looking to the future,262,1.0,302,2.97176,3.00409,0.98924
2026-05-13#t3071w1,2026-05-13,Mr. Cullins,Looking to the future,300,1.0,340,3.1515,3.15007,1.00046
2026-05-13#t3071w2,2026-05-13,Mr. Cullins,Looking to the future,357,1.0,412,3.69605,3.51077,1.05278
2026-05-13#t3071w3,2026-05-13,Mr. Cullins,Looking to the future,131,1.0,158,3.22383,3.26639,0.98697
2026-05-13#t3072w0,2026-05-13,Mr. Ames,Looking to the future,290,1.0,351,2.58836,2.69109,0.96183
2026-05-13#t3072w1,2026-05-13,Mr. Ames,Looking to the future,351,1.0,412,3.11673,3.01716,1.033
2026-05-13#t3072w2,2026-05-13,Mr. Ames,Looking to the future,284,1.0,343,3.72503,3.4004,1.09547
2026-05-13#t3072w3,2026-05-13,Mr. Ames,Looking to the future,138,1.0,174,3.39644,3.3185,1.02348
2026-05-13#t3075w0,2026-05-13,Mr. Ames,Looking to the future,272,1.0,328,2.79838,2.79662,1.00063
2026-05-13#t3075w1,2026-05-13,Mr. Ames,Looking to the future,160,1.0,192,3.0294,3.01165,1.00589
2026-05-13#t3076w0,2026-05-13,Mr. Ames,Looking to the future,257,1.0,306,3.64275,3.44783,1.05654
2026-05-13#t3076w1,2026-05-13,Mr. Ames,Looking to the future,340,1.0,404,3.68763,3.31616,1.11202
2026-05-13#t3076w2,2026-05-13,Mr. Ames,Looking to the future,352,1.0,422,3.37922,3.26543,1.03485
2026-05-13#t3076w3,2026-05-13,Mr. Ames,Looking to the future,286,1.0,348,3.66052,3.3621,1.08876
2026-05-13#t3077w0,2026-05-13,Mr. Monahan,Looking to the future,349,0.862,419,2.57724,2.75246,0.93634
2026-05-13#t3077w1,2026-05-13,Mr. Monahan,Looking to the future,115,1.0,137,3.00168,3.28246,0.91446
2026-05-13#t3078w0,2026-05-13,Mr. Monahan,Looking to the future,61,1.0,77,3.4232,3.67279,0.93204
2026-05-13#t3079w0,2026-05-13,Mr. Monahan,Looking to the future,343,0.778,408,3.1187,3.10328,1.00497
2026-05-13#t3079w1,2026-05-13,Mr. Monahan,Looking to the future,281,0.801,352,3.28494,3.14927,1.04308
2026-05-13#t3079w2,2026-05-13,Mr. Monahan,Looking to the future,268,1.0,318,3.15446,2.9894,1.05522
2026-05-13#t3081w0,2026-05-13,Mr. Monahan,Looking to the future,76,1.0,88,3.44658,3.58005,0.96272
2026-05-13#t3082w0,2026-05-13,Mr. Monahan,Looking to the future,100,1.0,116,2.84582,3.46289,0.82181
2026-05-13#t3083w0,2026-05-13,Mr. Monahan,Looking to the future,294,0.789,348,3.21546,3.2425,0.99166
2026-05-13#t3083w1,2026-05-13,Mr. Monahan,Looking to the future,349,1.0,439,3.06426,3.02878,1.01171
2026-05-13#t3083w2,2026-05-13,Mr. Monahan,Looking to the future,241,0.913,296,3.33724,3.46819,0.96224
2026-05-13#t3084w0,2026-05-13,Mr. Monahan,Looking to the future,336,0.807,388,2.85939,2.98921,0.95657
2026-05-13#t3084w1,2026-05-13,Mr. Monahan,Looking to the future,358,0.885,424,3.3691,3.22345,1.04519
2026-05-13#t3084w2,2026-05-13,Mr. Monahan,Looking to the future,121,1.0,157,3.72813,3.44226,1.08305
2026-05-13#t3085w0,2026-05-13,Mr. Monahan,Looking to the future,309,0.738,386,3.4042,3.17765,1.07129
2026-05-13#t3086w0,2026-05-13,Mr. Weir,Looking to the future,360,1.0,450,2.9032,2.92556,0.99236
2026-05-13#t3086w1,2026-05-13,Mr. Weir,Looking to the future,343,1.0,397,3.1746,3.12679,1.01529
2026-05-13#t3086w2,2026-05-13,Mr. Weir,Looking to the future,314,1.0,398,3.12269,3.11672,1.00191
2026-05-13#t3086w3,2026-05-13,Mr. Weir,Looking to the future,337,1.0,418,3.03463,2.95815,1.02585
2026-05-13#t3086w4,2026-05-13,Mr. Weir,Looking to the future,286,1.0,345,3.28104,3.21296,1.02119
2026-05-13#t3086w5,2026-05-13,Mr. Weir,Looking to the future,358,1.0,428,3.14375,3.06932,1.02425
2026-05-13#t3086w6,2026-05-13,Mr. Weir,Looking to the future,320,1.0,409,2.93886,2.97674,0.98727
2026-05-13#t3086w7,2026-05-13,Mr. Weir,Looking to the future,327,1.0,396,3.22998,3.27405,0.98654
2026-05-13#t3086w8,2026-05-13,Mr. Weir,Looking to the future,319,1.0,399,2.75179,2.72056,1.01148
2026-05-13#t3086w9,2026-05-13,Mr. Weir,Looking to the future,335,1.0,404,2.97839,3.15781,0.94318
2026-05-13#t3086w10,2026-05-13,Mr. Weir,Looking to the future,353,1.0,429,3.07495,3.1043,0.99054
2026-05-13#t3086w11,2026-05-13,Mr. Weir,Looking to the future,302,1.0,351,2.92566,2.96363,0.98719
2026-05-13#t3086w12,2026-05-13,Mr. Weir,Looking to the future,331,1.0,382,3.03851,3.21669,0.94461
2026-05-13#t3086w13,2026-05-13,Mr. Weir,Looking to the future,308,1.0,370,3.16529,3.35475,0.94352
2026-05-13#t3086w14,2026-05-13,Mr. Weir,Looking to the future,248,1.0,292,2.78087,3.07147,0.90539
2026-05-13#t3087w0,2026-05-13,Mr. Weir,Looking to the future,301,1.0,376,3.02654,2.95787,1.02322
2026-05-13#t3087w1,2026-05-13,Mr. Weir,Looking to the future,92,1.0,113,3.56751,3.11864,1.14393
2026-05-13#t3088w0,2026-05-13,Mr. Weir,Looking to the future,335,1.0,400,3.30491,3.2715,1.01021
2026-05-13#t3090w0,2026-05-13,Mr. M. LeBlanc,Looking to the future,323,1.0,359,2.78665,3.14862,0.88504
2026-05-13#t3090w1,2026-05-13,Mr. M. LeBlanc,Looking to the future,194,1.0,231,2.97231,3.14536,0.94498
2026-05-13#t3092w0,2026-05-13,Mr. Deputy Speaker,Looking to the future,118,1.0,133,3.2287,3.36095,0.96065
2026-05-13#t3093w0,2026-05-13,Mr. M. LeBlanc,Looking to the future,355,1.0,438,2.72064,2.83346,0.96018
2026-05-13#t3093w1,2026-05-13,Mr. M. LeBlanc,Looking to the future,337,1.0,403,3.0916,3.07886,1.00414
2026-05-13#t3093w2,2026-05-13,Mr. M. LeBlanc,Looking to the future,113,1.0,135,3.10041,3.3405,0.92813
2026-05-13#t3094w0,2026-05-13,Mr. M. LeBlanc,Looking to the future,135,1.0,168,3.49417,3.53479,0.98851
2026-05-13#t3095w0,2026-05-13,,Looking to the future,354,0.63,430,2.47882,2.78071,0.89143
2026-05-13#t3095w1,2026-05-13,,Looking to the future,358,1.0,413,3.22832,3.23637,0.99751
2026-05-13#t3095w2,2026-05-13,,Looking to the future,344,0.587,405,2.89707,2.92376,0.99087
2026-05-13#t3095w3,2026-05-13,,Looking to the future,292,0.123,343,2.97752,3.20308,0.92958
2026-05-13#t3095w4,2026-05-13,,Looking to the future,263,1.0,310,2.74685,2.98191,0.92117
2026-05-13#t3095w5,2026-05-13,,Looking to the future,187,1.0,239,2.30787,2.88455,0.80008
2026-05-14#t3096w0,2026-05-14,Hon. Mr. Herron,Looking to the future,133,0.759,167,3.75787,3.48147,1.07939
2026-05-14#t3097w0,2026-05-14,Mr. Bourque,Looking to the future,180,0.0,312,2.54473,2.68447,0.94795
2026-05-14#t3098w0,2026-05-14,Hon. C. Chiasson,Looking to the future,318,1.0,440,2.65956,2.58368,1.02937
2026-05-14#t3099w0,2026-05-14,Mr. Robichaud,Looking to the future,189,0.0,251,3.27518,3.36474,0.97338
2026-05-14#t3100w0,2026-05-14,Mr. Weir,Looking to the future,148,0.858,205,3.01622,3.02883,0.99584
2026-05-14#t3101w0,2026-05-14,Mr. Coon,Looking to the future,177,1.0,233,2.84222,2.92864,0.97049
2026-05-14#t3102w0,2026-05-14,Mr. Mallet,Looking to the future,151,0.0,207,3.08121,3.31227,0.93024
2026-05-14#t3103w0,2026-05-14,Mr. Russell,Looking to the future,150,1.0,191,3.06064,3.28191,0.93258
2026-05-14#t3104w0,2026-05-14,Ms. Mitton,Looking to the future,165,1.0,209,2.89702,3.23082,0.89668
2026-05-14#t3105w0,2026-05-14,Mr. Monahan,Looking to the future,147,1.0,169,3.03289,3.19095,0.95047
2026-05-14#t3106w0,2026-05-14,Ms. Scott-Wallace,Looking to the future,198,1.0,237,3.02313,2.95743,1.02222
2026-05-14#t3107w0,2026-05-14,Ms. Conroy,Looking to the future,160,1.0,195,3.20266,3.38853,0.94515
2026-05-14#t3108w0,2026-05-14,Mr. Coon,Looking to the future,177,0.977,234,3.01064,3.1159,0.96622
2026-05-14#t3109w0,2026-05-14,Mr. Doucet,Looking to the future,170,0.0,219,3.03274,3.06844,0.98837
2026-05-14#t3110w0,2026-05-14,Mr. Oliver,Looking to the future,155,1.0,189,3.58937,3.53415,1.01562
2026-05-14#t3111w0,2026-05-14,Ms. Vautour,Looking to the future,155,0.0,186,2.75277,3.06001,0.89959
2026-05-14#t3112w0,2026-05-14,Mr. Weir,Looking to the future,159,1.0,188,3.43273,3.66198,0.9374
2026-05-14#t3113w0,2026-05-14,Mr. M. LeBlanc,Looking to the future,146,0.0,178,3.13612,3.23894,0.96825
2026-05-14#t3114w0,2026-05-14,Ms. M. Johnson,Looking to the future,164,1.0,236,2.92629,3.19535,0.9158
2026-05-14#t3115w0,2026-05-14,Mr. Mallet,Looking to the future,101,0.0,122,2.87413,3.28318,0.87541
2026-05-14#t3116w0,2026-05-14,Mr. Monahan,Looking to the future,138,1.0,172,3.80554,3.60452,1.05577
2026-05-14#t3117w0,2026-05-14,Mr. Savoie,Looking to the future,191,0.927,241,3.31409,3.15706,1.04974
2026-05-14#t3118w0,2026-05-14,Hon. Ms. Holt,Looking to the future,77,0.948,92,3.07548,3.25235,0.94562
2026-05-14#t3119w0,2026-05-14,Hon. Ms. Holt,Looking to the future,124,0.71,162,3.21798,3.1677,1.01587
2026-05-14#t3120w0,2026-05-14,Mr. Savoie,Looking to the future,164,1.0,198,3.69101,3.59939,1.02545
2026-05-14#t3121w0,2026-05-14,Hon. Ms. Holt,Looking to the future,199,1.0,231,2.98128,3.27273,0.91095
2026-05-14#t3122w0,2026-05-14,Mr. Savoie,Looking to the future,159,1.0,200,3.22462,3.35994,0.95972
2026-05-14#t3123w0,2026-05-14,Hon. Ms. Holt,Looking to the future,206,1.0,252,2.7421,2.97249,0.92249
2026-05-14#t3124w0,2026-05-14,Mr. Savoie,Looking to the future,177,1.0,224,3.65728,3.56234,1.02665
2026-05-14#t3125w0,2026-05-14,Hon. Ms. Holt,Looking to the future,142,0.0,168,3.52241,3.36495,1.0468
2026-05-14#t3126w0,2026-05-14,Mr. Savoie,Looking to the future,187,0.914,233,3.3962,3.20064,1.0611
2026-05-14#t3127w0,2026-05-14,Hon. Ms. Holt,Looking to the future,201,1.0,249,2.86028,3.02344,0.94603
2026-05-14#t3128w0,2026-05-14,Mr. Savoie,Looking to the future,176,1.0,212,3.37949,3.1626,1.06858
2026-05-14#t3129w0,2026-05-14,Hon. Ms. Holt,Looking to the future,188,1.0,221,3.08944,3.20225,0.96477
2026-05-14#t3130w0,2026-05-14,Mr. Lee,Looking to the future,147,1.0,184,2.82574,2.79872,1.00966
2026-05-14#t3131w0,2026-05-14,Hon. C. Johnson,Looking to the future,120,1.0,144,2.87749,3.18976,0.9021
2026-05-14#t3132w0,2026-05-14,Mr. Lee,Looking to the future,155,1.0,198,3.57773,3.27842,1.0913
2026-05-14#t3133w0,2026-05-14,Hon. C. Johnson,Looking to the future,80,0.0,97,3.32618,3.39725,0.97908
2026-05-14#t3134w0,2026-05-14,Mr. Lee,Looking to the future,143,1.0,174,3.36531,3.35035,1.00446
2026-05-14#t3135w0,2026-05-14,Hon. C. Johnson,Looking to the future,126,1.0,154,3.04726,3.17561,0.95958
2026-05-14#t3136w0,2026-05-14,Mr. Coon,Looking to the future,147,1.0,200,2.92286,3.02305,0.96686
2026-05-14#t3137w0,2026-05-14,Hon. Mr. Legacy,Looking to the future,137,1.0,171,3.54283,3.57372,0.99136
2026-05-14#t3138w0,2026-05-14,M. Coon,Looking to the future,136,0.066,155,2.88576,3.31144,0.87145
2026-05-14#t3139w0,2026-05-14,Hon. Ms. Miles,Looking to the future,151,1.0,187,3.41469,3.33359,1.02433
2026-05-14#t3140w0,2026-05-14,Mr. Austin,Looking to the future,137,1.0,171,2.97859,3.16878,0.93998
2026-05-14#t3141w0,2026-05-14,Hon. Mr. Legacy,Looking to the future,179,1.0,211,3.25506,3.39347,0.95921
2026-05-14#t3142w0,2026-05-14,Mr. Austin,Looking to the future,163,1.0,192,3.12996,3.32331,0.94182
2026-05-14#t3143w0,2026-05-14,Hon. Mr. Legacy,Looking to the future,96,1.0,128,3.16829,3.39652,0.93281
2026-05-14#t3144w0,2026-05-14,Mr. Austin,Looking to the future,150,1.0,182,4.27239,3.75614,1.13744
2026-05-14#t3145w0,2026-05-14,Hon. Mr. Legacy,Looking to the future,143,1.0,181,3.50353,3.12305,1.12183
2026-05-14#t3146w0,2026-05-14,Mr. Savoie,Looking to the future,182,1.0,226,3.14174,3.48351,0.90189
2026-05-14#t3147w0,2026-05-14,Hon. Ms. Holt,Looking to the future,204,1.0,248,3.2877,3.12207,1.05305
2026-05-14#t3149w0,2026-05-14,Hon. Ms. Thériault,Looking to the future,296,0.0,367,2.99379,3.00526,0.99618
2026-05-14#t3150w0,2026-05-14,Ms. M. Wilson,Looking to the future,254,1.0,312,2.78578,2.75615,1.01075
2026-05-14#t3151w0,2026-05-14,Mr. Coon,Looking to the future,127,0.118,159,2.96413,3.14818,0.94154
2026-05-14#t3152w0,2026-05-14,Hon. C. Chiasson,Looking to the future,73,0.877,91,3.88024,3.54048,1.09596
2026-05-14#t3153w0,2026-05-14,Hon. C. Chiasson,Looking to the future,101,1.0,125,3.53661,3.38786,1.04391
2026-05-14#t3155w0,2026-05-14,Mr. Oliver,Looking to the future,185,1.0,230,3.24176,3.36151,0.96438
2026-05-14#t3156w0,2026-05-14,Ms. Mitton,Looking to the future,203,1.0,241,3.29861,3.27883,1.00603
2026-05-14#t3157w0,2026-05-14,Hon. Mr. Herron,Looking to the future,347,0.813,412,2.53555,2.79954,0.9057
2026-05-14#t3157w1,2026-05-14,Hon. Mr. Herron,Looking to the future,97,1.0,116,3.23373,3.05253,1.05936
2026-05-14#t3158w0,2026-05-14,Mr. Austin,Looking to the future,235,1.0,279,3.08817,3.15801,0.97788
2026-05-14#t3158w1,2026-05-14,Mr. Austin,Looking to the future,277,1.0,337,2.73895,2.90594,0.94253
2026-05-14#t3159w0,2026-05-14,Mr. Coon,Looking to the future,289,0.986,370,3.13233,3.14838,0.9949
2026-05-14#t3159w1,2026-05-14,Mr. Coon,Looking to the future,168,1.0,207,3.2477,3.28482,0.9887
2026-05-14#t3160w0,2026-05-14,Hon. Mr. Randall,Looking to the future,185,0.805,214,2.8219,2.80777,1.00503
2026-05-14#t3161w0,2026-05-14,Ms. Conroy,Looking to the future,169,1.0,201,2.59034,2.80052,0.92495
2026-05-14#t3162w0,2026-05-14,Mr. Coon,Looking to the future,187,0.979,233,3.2488,3.15031,1.03126
2026-05-14#t3164w0,2026-05-14,Ms. M. Johnson,Looking to the future,220,0.773,281,3.20968,3.15878,1.01611
2026-05-14#t3165w0,2026-05-14,Ms. M. Johnson,Looking to the future,86,1.0,116,2.93393,2.84881,1.02988
2026-05-14#t3166w0,2026-05-14,Mr. M. LeBlanc,Looking to the future,339,1.0,500,2.49821,2.60122,0.9604
2026-05-14#t3166w1,2026-05-14,Mr. M. LeBlanc,Looking to the future,360,1.0,409,3.13236,3.13365,0.99959
2026-05-14#t3166w2,2026-05-14,Mr. M. LeBlanc,Looking to the future,289,1.0,352,3.53047,3.37852,1.04497
2026-05-14#t3166w3,2026-05-14,Mr. M. LeBlanc,Looking to the future,223,1.0,267,3.02339,3.02845,0.99833
2026-05-14#t3166w4,2026-05-14,Mr. M. LeBlanc,Looking to the future,260,1.0,304,3.07805,3.1526,0.97635
2026-05-14#t3167w0,2026-05-14,Ms. Mitton,Looking to the future,308,0.948,366,2.8753,2.988,0.96228
2026-05-14#t3167w1,2026-05-14,Ms. Mitton,Looking to the future,327,1.0,384,3.11162,3.39447,0.91667
2026-05-14#t3167w2,2026-05-14,Ms. Mitton,Looking to the future,335,1.0,416,2.95705,2.99583,0.98706
2026-05-14#t3167w3,2026-05-14,Ms. Mitton,Looking to the future,350,0.994,415,3.17228,3.17639,0.99871
2026-05-14#t3169w0,2026-05-14,Mr. Bourque,Looking to the future,356,0.0,428,2.98194,2.81321,1.05998
2026-05-14#t3169w1,2026-05-14,Mr. Bourque,Looking to the future,344,0.032,455,2.82323,2.79159,1.01134
2026-05-14#t3169w2,2026-05-14,Mr. Bourque,Looking to the future,353,0.048,444,2.67614,2.80777,0.95312
2026-05-14#t3169w3,2026-05-14,Mr. Bourque,Looking to the future,127,0.0,156,3.52908,3.4271,1.02975
2026-05-14#t3170w0,2026-05-14,Mr. Bourque,Looking to the future,156,0.0,197,3.07195,3.29772,0.93154
2026-05-14#t3171w0,2026-05-14,Ms. M. Wilson,Looking to the future,233,1.0,291,3.21048,3.30062,0.97269
2026-05-14#t3172w0,2026-05-14,Ms. M. Wilson,Looking to the future,352,1.0,494,2.86495,2.83037,1.01222
2026-05-14#t3172w1,2026-05-14,Ms. M. Wilson,Looking to the future,337,1.0,402,3.34229,3.16845,1.05487
2026-05-14#t3172w2,2026-05-14,Ms. M. Wilson,Looking to the future,99,1.0,117,4.20078,3.65474,1.1494
2026-05-14#t3173w0,2026-05-14,Ms. M. Wilson,Looking to the future,60,1.0,77,4.06091,3.84343,1.05658
2026-05-14#t3176w0,2026-05-14,Ms. M. Wilson,Looking to the future,162,1.0,187,2.96735,3.15551,0.94037
2026-05-14#t3180w0,2026-05-14,Ms. M. Wilson,Looking to the future,110,1.0,129,3.42302,3.55499,0.96288
2026-05-14#t3185w0,2026-05-14,Hon. Mr. Hickey,Looking to the future,111,1.0,136,3.34165,3.48234,0.9596
2026-05-14#t3186w0,2026-05-14,Ms. Scott-Wallace,Looking to the future,133,1.0,154,3.44739,3.32992,1.03528
2026-05-14#t3187w0,2026-05-14,Madam Speaker,Looking to the future,340,0.968,416,2.79129,2.89401,0.96451
2026-05-14#t3187w1,2026-05-14,Madam Speaker,Looking to the future,57,0.807,70,3.32036,3.81099,0.87126
2026-05-14#t3188w0,2026-05-14,Ms. Scott-Wallace,Looking to the future,261,1.0,315,3.45384,3.27966,1.05311
2026-05-14#t3188w1,2026-05-14,Ms. Scott-Wallace,Looking to the future,329,1.0,388,3.46804,3.21474,1.07879
2026-05-14#t3188w2,2026-05-14,Ms. Scott-Wallace,Looking to the future,349,1.0,421,3.22609,3.06133,1.05382
2026-05-14#t3188w3,2026-05-14,Ms. Scott-Wallace,Looking to the future,323,1.0,370,3.479,3.11519,1.11679
2026-05-14#t3188w4,2026-05-14,Ms. Scott-Wallace,Looking to the future,333,1.0,398,3.12838,3.13805,0.99692
2026-05-14#t3190w0,2026-05-14,Hon. Mr. Finnigan,Looking to the future,336,0.625,400,2.87878,2.92019,0.98582
2026-05-14#t3191w0,2026-05-14,Hon. Mr. Finnigan,Looking to the future,303,0.875,341,2.99923,3.38055,0.8872
2026-05-14#t3191w1,2026-05-14,Hon. Mr. Finnigan,Looking to the future,350,0.497,410,2.86699,2.9612,0.96818
2026-05-14#t3191w2,2026-05-14,Hon. Mr. Finnigan,Looking to the future,245,0.784,292,2.9668,2.89245,1.0257
2026-05-14#t3192w0,2026-05-14,Ms. M. Johnson,Looking to the future,333,1.0,395,3.00077,3.08315,0.97328
2026-05-14#t3192w1,2026-05-14,Ms. M. Johnson,Looking to the future,313,1.0,391,3.32621,3.03205,1.09702
2026-05-14#t3192w2,2026-05-14,Ms. M. Johnson,Looking to the future,342,1.0,396,3.26129,3.26666,0.99835
2026-05-14#t3192w3,2026-05-14,Ms. M. Johnson,Looking to the future,353,1.0,429,3.04093,2.93591,1.03577
2026-05-14#t3192w4,2026-05-14,Ms. M. Johnson,Looking to the future,338,1.0,401,3.14666,3.01501,1.04366
2026-05-14#t3192w5,2026-05-14,Ms. M. Johnson,Looking to the future,330,1.0,390,3.55692,3.21349,1.10687
2026-05-14#t3192w6,2026-05-14,Ms. M. Johnson,Looking to the future,91,1.0,115,3.60065,3.45395,1.04247
2026-05-14#t3193w0,2026-05-14,Mr. J. LeBlanc,Looking to the future,250,1.0,301,2.80787,2.73968,1.02489
2026-05-14#t3193w1,2026-05-14,Mr. J. LeBlanc,Looking to the future,325,1.0,380,2.83725,3.20684,0.88475
2026-05-14#t3193w2,2026-05-14,Mr. J. LeBlanc,Looking to the future,355,1.0,404,3.11804,2.94838,1.05754
2026-05-14#t3193w3,2026-05-14,Mr. J. LeBlanc,Looking to the future,104,1.0,141,2.61972,2.96114,0.8847
2026-05-14#t3195w0,2026-05-14,Mr. J. LeBlanc,Looking to the future,339,0.271,399,3.01454,3.10407,0.97116
2026-05-14#t3195w1,2026-05-14,Mr. J. LeBlanc,Looking to the future,345,0.0,404,2.62762,2.83262,0.92763
2026-05-14#t3196w0,2026-05-14,Mr. Austin,Looking to the future,342,1.0,405,2.78162,2.9774,0.93424
2026-05-14#t3196w1,2026-05-14,Mr. Austin,Looking to the future,346,1.0,412,2.86674,2.79139,1.02699
2026-05-14#t3196w2,2026-05-14,Mr. Austin,Looking to the future,356,1.0,452,2.78171,2.96397,0.93851
2026-05-14#t3196w3,2026-05-14,Mr. Austin,Looking to the future,342,1.0,411,3.2242,3.16533,1.0186
2026-05-14#t3196w4,2026-05-14,Mr. Austin,Looking to the future,300,1.0,358,2.78141,3.09035,0.90003
2026-05-14#t3196w5,2026-05-14,Mr. Austin,Looking to the future,244,1.0,289,3.22839,3.082,1.0475
2026-05-14#t3196w6,2026-05-14,Mr. Austin,Looking to the future,191,1.0,235,3.16917,3.13118,1.01213
2026-05-14#t3197w0,2026-05-14,Mr. Coon,Looking to the future,359,1.0,448,3.23981,3.16424,1.02388
2026-05-14#t3197w1,2026-05-14,Mr. Coon,Looking to the future,358,1.0,438,3.25079,3.2706,0.99394
2026-05-14#t3197w2,2026-05-14,Mr. Coon,Looking to the future,332,1.0,402,3.19909,3.44459,0.92873
2026-05-14#t3198w0,2026-05-14,Mr. Coon,Looking to the future,338,1.0,405,3.052,3.26014,0.93615
2026-05-14#t3198w1,2026-05-14,Mr. Coon,Looking to the future,334,1.0,394,3.12852,3.11175,1.00539
2026-05-14#t3199w0,2026-05-14,Ms. Vautour,Looking to the future,323,0.285,377,2.72731,2.80324,0.97291
2026-05-14#t3199w1,2026-05-14,Ms. Vautour,Looking to the future,346,0.934,402,2.94661,2.95756,0.9963
2026-05-14#t3199w2,2026-05-14,Ms. Vautour,Looking to the future,332,0.19,376,3.07453,2.95982,1.03875
2026-05-14#t3199w3,2026-05-14,Ms. Vautour,Looking to the future,359,0.0,411,2.73703,2.86553,0.95516
2026-05-14#t3199w4,2026-05-14,Ms. Vautour,Looking to the future,318,0.0,367,2.65289,2.90136,0.91436
2026-05-14#t3199w5,2026-05-14,Ms. Vautour,Looking to the future,63,0.0,75,3.06056,3.32274,0.92109
2026-05-14#t3200w0,2026-05-14,Mr. Oliver,Looking to the future,272,1.0,327,2.90657,2.92373,0.99413
2026-05-14#t3201w0,2026-05-14,Mr. Oliver,Looking to the future,326,1.0,395,2.884,2.84681,1.01306
2026-05-14#t3201w1,2026-05-14,Mr. Oliver,Looking to the future,353,1.0,423,2.94678,3.1126,0.94673
2026-05-14#t3201w2,2026-05-14,Mr. Oliver,Looking to the future,96,1.0,116,2.92331,3.41501,0.85602
2026-05-14#t3202w0,2026-05-14,Ms. Scott-Wallace,Looking to the future,339,1.0,407,3.10619,3.17857,0.97723
2026-05-14#t3202w1,2026-05-14,Ms. Scott-Wallace,Looking to the future,309,1.0,374,3.66857,3.50828,1.04569
2026-05-14#t3202w2,2026-05-14,Ms. Scott-Wallace,Looking to the future,339,1.0,395,3.55942,3.41853,1.04121
2026-05-14#t3203w0,2026-05-14,,Looking to the future,173,0.936,221,3.24604,2.99458,1.08397
2026-05-14#t3204w0,2026-05-14,Ms. M. Wilson,Looking to the future,334,1.0,395,2.43743,2.71233,0.89865
2026-05-14#t3204w1,2026-05-14,Ms. M. Wilson,Looking to the future,291,1.0,360,2.9059,2.89724,1.00299
2026-05-14#t3204w2,2026-05-14,Ms. M. Wilson,Looking to the future,356,1.0,438,3.12956,2.97292,1.05269
2026-05-14#t3204w3,2026-05-14,Ms. M. Wilson,Looking to the future,332,1.0,429,2.76548,2.82019,0.9806
2026-05-14#t3204w4,2026-05-14,Ms. M. Wilson,Looking to the future,290,1.0,356,3.26286,3.19163,1.02232
2026-05-14#t3204w5,2026-05-14,Ms. M. Wilson,Looking to the future,336,1.0,390,3.07708,3.15669,0.97478
2026-05-14#t3204w6,2026-05-14,Ms. M. Wilson,Looking to the future,289,1.0,336,3.29571,3.32022,0.99262
2019-03-19#t1w0,2019-03-19,,BY CONSTITUENCY,59,1.0,103,3.18956,3.25974,0.97847
2019-03-19#t3w0,2019-03-19,Hon. Mr. Steeves,Government Motions re Business of House,158,0.747,234,2.49815,2.7483,0.90898
2019-03-19#t4w0,2019-03-19,Hon. Mr. Steeves,Debate on Motion—Budget Address,358,0.975,436,2.9791,2.88444,1.03282
2019-03-19#t4w1,2019-03-19,Hon. Mr. Steeves,Debate on Motion—Budget Address,357,0.961,419,2.60618,2.80297,0.92979
2019-03-19#t4w2,2019-03-19,Hon. Mr. Steeves,Debate on Motion—Budget Address,76,1.0,90,3.9592,3.57079,1.10878
2019-03-19#t5w0,2019-03-19,,Economic and fiscal conditions,320,1.0,421,2.74621,2.8192,0.97411
2019-03-19#t5w1,2019-03-19,,Economic and fiscal conditions,292,0.966,358,2.93956,2.93377,1.00197
2019-03-19#t5w2,2019-03-19,,Economic and fiscal conditions,283,1.0,336,2.76213,2.89049,0.95559
2019-03-19#t5w3,2019-03-19,,Economic and fiscal conditions,332,0.988,393,3.07368,2.96469,1.03676
2019-03-19#t5w4,2019-03-19,,Economic and fiscal conditions,339,0.982,417,3.00471,3.06313,0.98093
2019-03-19#t5w5,2019-03-19,,Economic and fiscal conditions,335,1.0,380,3.14531,3.00996,1.04497
2019-03-19#t5w6,2019-03-19,,Economic and fiscal conditions,342,1.0,407,2.6597,2.76677,0.9613
2019-03-19#t5w7,2019-03-19,,Economic and fiscal conditions,330,0.988,374,2.88221,3.01772,0.95509
2019-03-19#t5w8,2019-03-19,,Economic and fiscal conditions,337,1.0,399,2.86415,2.97946,0.9613
2019-03-19#t5w9,2019-03-19,,Economic and fiscal conditions,338,0.985,377,3.16561,3.18792,0.993
2019-03-19#t5w10,2019-03-19,,Economic and fiscal conditions,333,1.0,417,2.90434,2.83981,1.02272
2019-03-19#t5w11,2019-03-19,,Economic and fiscal conditions,200,0.865,241,2.58014,2.94056,0.87743
2019-03-19#t6w0,2019-03-19,,Government Motions re Business of House,78,1.0,97,3.21311,3.75911,0.85475
2019-03-19#t7w0,2019-03-19,Mr. Speaker,Government Motions re Business of House,157,1.0,243,2.32749,2.36815,0.98283
2019-03-29#t8w0,2019-03-29,,BY CONSTITUENCY,59,1.0,103,3.12834,3.23518,0.96698
2019-03-29#t9w0,2019-03-29,,Debate on Motion 23 — Budget Debate,328,0.872,385,2.43325,2.53104,0.96136
2019-03-29#t9w1,2019-03-29,,Debate on Motion 23 — Budget Debate,306,0.941,348,3.08408,2.85408,1.08059
2019-03-29#t9w2,2019-03-29,,Debate on Motion 23 — Budget Debate,319,0.661,360,3.14463,3.09581,1.01577
2019-03-29#t9w3,2019-03-29,,Debate on Motion 23 — Budget Debate,292,0.901,349,2.86353,3.02841,0.94556
2019-03-29#t9w4,2019-03-29,,Debate on Motion 23 — Budget Debate,301,0.874,366,2.6812,3.08837,0.86816
2019-03-29#t9w5,2019-03-29,,Debate on Motion 23 — Budget Debate,317,0.82,375,3.0202,3.20668,0.94185
2019-03-29#t9w6,2019-03-29,,Debate on Motion 23 — Budget Debate,341,1.0,396,3.22716,3.20199,1.00786
2019-03-29#t9w7,2019-03-29,,Debate on Motion 23 — Budget Debate,317,1.0,408,2.95633,3.07228,0.96226
2019-03-29#t9w8,2019-03-29,,Debate on Motion 23 — Budget Debate,328,1.0,379,2.45757,2.90422,0.84621
2019-03-29#t9w9,2019-03-29,,Debate on Motion 23 — Budget Debate,307,1.0,343,2.73954,2.94854,0.92912
2019-03-29#t9w10,2019-03-29,,Debate on Motion 23 — Budget Debate,248,0.879,293,2.6557,2.87366,0.92415
2019-03-29#t9w11,2019-03-29,,Debate on Motion 23 — Budget Debate,307,1.0,370,2.70453,2.86028,0.94555
2019-03-29#t9w12,2019-03-29,,Debate on Motion 23 — Budget Debate,287,1.0,324,2.50537,2.79066,0.89777
2019-03-29#t9w13,2019-03-29,,Debate on Motion 23 — Budget Debate,326,1.0,368,2.77186,3.04038,0.91168
2019-03-29#t9w14,2019-03-29,,Debate on Motion 23 — Budget Debate,279,1.0,321,2.88608,2.81672,1.02463
2019-03-29#t9w15,2019-03-29,,Debate on Motion 23 — Budget Debate,297,0.822,340,3.01644,3.09828,0.97358
2019-03-29#t9w16,2019-03-29,,Debate on Motion 23 — Budget Debate,344,1.0,404,2.58819,2.75196,0.94049
2019-03-29#t9w17,2019-03-29,,Debate on Motion 23 — Budget Debate,358,0.858,412,2.62864,2.82464,0.93061
2019-03-29#t9w18,2019-03-29,,Debate on Motion 23 — Budget Debate,308,0.883,350,2.91141,2.92598,0.99502
2019-03-29#t9w19,2019-03-29,,Debate on Motion 23 — Budget Debate,326,1.0,379,3.05725,3.20696,0.95332
2019-03-29#t9w20,2019-03-29,,Debate on Motion 23 — Budget Debate,95,1.0,124,3.07133,2.91555,1.05343
2019-03-29#t10w0,2019-03-29,,Committee of Supply,79,0.468,113,3.0025,3.48321,0.86199
2019-03-29#t11w0,2019-03-29,Mr. Chairman,Committee of Supply,211,0.313,290,2.48947,2.57359,0.96731
2019-03-29#t15w0,2019-03-29,Mr. Speaker addressed His Honour as follows,Committee of Supply,99,0.0,126,2.92376,2.80841,1.04107
2019-03-29#t18w0,2019-03-29,, His Honour the Administrator retired.,193,0.176,246,2.86036,2.93973,0.973
2019-03-29#t19w0,2019-03-29,Mr. Speaker, His Honour the Administrator retired.,59,1.0,73,3.34465,3.53855,0.9452
2019-03-29#t21w0,2019-03-29,, His Honour the Administrator retired.,113,1.0,183,2.87495,2.41015,1.19285
2019-05-10#t22w0,2019-05-10,,BY CONSTITUENCY,59,1.0,103,3.12834,3.23518,0.96698
2019-05-10#t23w0,2019-05-10,Hon. Mr. Stewart,Introduction of Guests,247,1.0,295,3.21823,3.13094,1.02788
2019-05-10#t24w0,2019-05-10,Mr. Coon,Introduction of Guests,99,1.0,117,4.0332,3.85053,1.04744
2019-05-10#t25w0,2019-05-10,Hon. Mr. Gauvin,Statements of Condolence and Congratulation,141,0.0,215,2.71066,2.84044,0.95431
2019-05-10#t26w0,2019-05-10,Mr. D. Landry,Statements of Condolence and Congratulation,106,1.0,151,2.42451,2.98828,0.81134
2019-05-10#t27w0,2019-05-10,Mr. Austin,Statements of Condolence and Congratulation,201,1.0,281,3.18385,3.23088,0.98544
2019-05-10#t28w0,2019-05-10,Hon. Mrs. Anderson-Mason,Statements of Condolence and Congratulation,223,1.0,304,2.69739,2.86589,0.94121
2019-05-10#t29w0,2019-05-10,Mrs. Harris,Statements of Condolence and Congratulation,188,1.0,271,2.93639,3.13501,0.93664
2019-05-10#t30w0,2019-05-10,Hon. S. Wilson,Statements of Condolence and Congratulation,224,1.0,289,2.46962,3.05328,0.80884
2019-05-10#t31w0,2019-05-10,Ms. Thériault,Statements of Condolence and Congratulation,170,0.0,227,2.95859,3.11509,0.94976
2019-05-10#t32w0,2019-05-10,Ms. Mitton,Statements of Condolence and Congratulation,154,0.981,199,2.38417,2.91964,0.8166
2019-05-10#t33w0,2019-05-10,Mr. LePage,Statements by Members,170,0.0,192,3.29,3.34487,0.9836
2019-05-10#t34w0,2019-05-10,Mr. Coon,Statements by Members,178,1.0,220,2.97053,2.94771,1.00774
2019-05-10#t35w0,2019-05-10,Mr. Austin,Statements by Members,218,1.0,246,3.35982,3.17445,1.0584
2019-05-10#t36w0,2019-05-10,Mr. Fitch,Statements by Members,180,0.967,216,3.79408,3.50916,1.08119
2019-05-10#t37w0,2019-05-10,Mr. C. Chiasson,Statements by Members,170,1.0,200,3.37498,3.3393,1.01068
2019-05-10#t38w0,2019-05-10,Mrs. Conroy,Statements by Members,185,1.0,241,3.28859,3.01041,1.09241
2019-05-10#t39w0,2019-05-10,Ms. Mitton,Statements by Members,223,1.0,267,2.41731,2.76996,0.87269
2019-05-10#t40w0,2019-05-10,Mr. Northrup,Statements by Members,178,1.0,207,3.22313,3.43587,0.93808
2019-05-10#t41w0,2019-05-10,Mr. K. Chiasson,Statements by Members,159,0.0,203,3.66981,3.48858,1.05195
2019-05-10#t42w0,2019-05-10,Mr. K. Arseneau,Statements by Members,153,0.0,188,3.43634,3.37336,1.01867
2019-05-10#t43w0,2019-05-10,Mr. DeSaulniers,Statements by Members,158,1.0,182,3.05801,3.26106,0.93773
2019-05-10#t44w0,2019-05-10,Mr. Crossman,Statements by Members,165,1.0,195,3.38695,3.3326,1.01631
2019-05-10#t45w0,2019-05-10,Mr. D. Landry,Statements by Members,119,0.0,131,2.77977,2.97072,0.93572
2019-05-10#t46w0,2019-05-10,Hon. Mr. Higgs,Statements by Members,186,1.0,213,3.31531,3.13259,1.05833
2019-05-10#t47w0,2019-05-10,Mr. D. Landry,Statements by Members,136,0.0,157,3.15764,3.45274,0.91453
2019-05-10#t48w0,2019-05-10,Hon. Mr. Higgs,Statements by Members,237,1.0,274,3.07251,3.06897,1.00115
2019-05-10#t49w0,2019-05-10,Mr. D. Landry,Statements by Members,67,0.0,84,3.2293,3.4036,0.94879
2019-05-10#t50w0,2019-05-10,Hon. Mr. Higgs,Statements by Members,252,1.0,286,3.25281,3.42692,0.9492
2019-05-10#t52w0,2019-05-10,Hon. Mr. Holder,Statements by Members,58,1.0,70,3.22944,3.34173,0.9664
2019-05-10#t53w0,2019-05-10,Hon. Mr. Holder,Statements by Members,55,1.0,71,3.74338,3.80989,0.98254
2019-05-10#t54w0,2019-05-10,Mr. Harvey,Statements by Members,101,1.0,122,2.93243,3.41952,0.85755
2019-05-10#t55w0,2019-05-10,Hon. Mr. Holder,Statements by Members,69,1.0,82,3.49459,3.34126,1.04589
2019-05-10#t57w0,2019-05-10,Mr. Harvey,Statements by Members,90,1.0,104,3.11419,3.49098,0.89207
2019-05-10#t58w0,2019-05-10,Hon. Mr. Holder,Statements by Members,148,1.0,174,3.25014,3.28304,0.98998
2019-05-10#t59w0,2019-05-10,Mr. C. Chiasson,Statements by Members,65,1.0,78,3.85652,3.64502,1.05802
2019-05-10#t60w0,2019-05-10,Hon. S. Wilson,Statements by Members,78,1.0,95,2.92253,3.23897,0.9023
2019-05-10#t61w0,2019-05-10,Mr. C. Chiasson,Statements by Members,74,1.0,88,3.37618,3.68565,0.91603
2019-05-10#t62w0,2019-05-10,Hon. S. Wilson,Statements by Members,122,1.0,140,2.73304,3.13971,0.87048
2019-05-10#t63w0,2019-05-10,Mr. C. Chiasson,Statements by Members,114,1.0,141,3.32013,3.51693,0.94404
2019-05-10#t64w0,2019-05-10,Hon. S. Wilson,Statements by Members,63,1.0,76,2.73504,3.18365,0.85909
2019-05-10#t65w0,2019-05-10,Mr. D’Amours,Statements by Members,75,0.0,82,3.25769,3.2639,0.9981
2019-05-10#t66w0,2019-05-10,Hon. Mr. Flemming,Statements by Members,135,1.0,157,3.12038,3.08059,1.01292
2019-05-10#t67w0,2019-05-10,Mr. D’Amours,Statements by Members,139,1.0,165,3.08409,3.25838,0.94651
2019-05-10#t68w0,2019-05-10,Hon. Mr. Flemming,Statements by Members,117,1.0,137,2.73488,3.09865,0.8826
2019-05-10#t69w0,2019-05-10,Mr. Bourque,Statements by Members,141,1.0,177,3.89705,3.45865,1.12676
2019-05-10#t70w0,2019-05-10,Hon. Mr. Higgs,Statements by Members,255,1.0,288,3.17269,3.08522,1.02835
2019-05-10#t71w0,2019-05-10,Mr. Bourque,Statements by Members,177,1.0,215,3.58998,3.55572,1.00964
2019-05-10#t72w0,2019-05-10,Hon. Mr. Higgs,Statements by Members,252,1.0,294,2.9306,3.03055,0.96702
2019-05-10#t73w0,2019-05-10,Mr. Austin,Statements by Members,113,1.0,128,3.35457,3.25661,1.03008
2019-05-10#t74w0,2019-05-10,Hon. Mr. Higgs,Statements by Members,201,1.0,238,3.06957,3.0878,0.99409
2019-05-10#t75w0,2019-05-10,Mr. Austin,Statements by Members,132,1.0,152,2.96711,3.10572,0.95537
2019-05-10#t76w0,2019-05-10,Hon. Mr. Higgs,Statements by Members,259,1.0,295,3.27138,3.23282,1.01192
2019-05-10#t77w0,2019-05-10,Mr. K. Arseneau,Statements by Members,175,1.0,212,3.09304,3.19871,0.96696
2019-05-10#t78w0,2019-05-10,Hon. Mr. Stewart,Statements by Members,168,1.0,210,3.1957,3.26563,0.97859
2019-05-10#t79w0,2019-05-10,Mr. K. Arseneau,Statements by Members,176,1.0,209,3.54369,3.44182,1.0296
2019-05-10#t80w0,2019-05-10,Hon. Mr. Stewart,Statements by Members,212,1.0,254,3.07001,3.04277,1.00895
2019-05-10#t81w0,2019-05-10,Mr. Horsman,Statements by Members,178,1.0,233,3.95416,3.24782,1.21748
2019-05-10#t82w0,2019-05-10,Hon. Mr. Higgs,Statements by Members,170,1.0,192,3.26075,3.29662,0.98912
2019-05-10#t87w0,2019-05-10,Hon. S. Wilson,Statements by Ministers,143,1.0,171,2.68364,2.73811,0.98011
2019-05-10#t88w0,2019-05-10,Mrs. M. LeBlanc,Statements by Ministers,134,0.0,158,3.15077,3.11492,1.01151
2019-05-10#t89w0,2019-05-10,Ms. Mitton,Statements by Ministers,141,1.0,161,2.75185,3.1815,0.86495
2019-05-10#t90w0,2019-05-10,Mrs. Conroy,Statements by Ministers,202,1.0,224,2.56388,2.85684,0.89745
2019-05-10#t91w0,2019-05-10,Hon. Mr. Cardy,Statements by Ministers,236,0.801,294,2.42274,2.65033,0.91413
2019-05-10#t92w0,2019-05-10,Mr. C. Chiasson,Statements by Ministers,200,0.905,236,2.67374,2.8735,0.93048
2019-05-10#t93w0,2019-05-10,Ms. Mitton,Statements by Ministers,204,0.853,246,2.47029,2.77373,0.8906
2019-05-10#t94w0,2019-05-10,Mr. Austin,Statements by Ministers,119,1.0,145,2.96223,3.18223,0.93087
2019-05-10#t95w0,2019-05-10,Hon. Mr. Stewart,Statements by Ministers,234,1.0,282,2.32229,2.67586,0.86787
2019-05-10#t96w0,2019-05-10,Mrs. Harris,Statements by Ministers,266,1.0,295,2.83369,2.91789,0.97114
2019-05-10#t97w0,2019-05-10,Mr. K. Arseneau,Statements by Ministers,156,1.0,182,3.48518,3.39358,1.02699
2019-05-10#t99w0,2019-05-10,Mr. Austin,Statements by Ministers,148,1.0,169,3.05282,3.11815,0.97905
2019-05-10#t100w0,2019-05-10,Hon. Mr. Gauvin,Statements by Ministers,81,0.0,122,2.66224,2.99192,0.88981
2019-05-10#t101w0,2019-05-10,Mr. J. LeBlanc,Statements by Ministers,55,0.0,71,3.45204,3.61215,0.95568
2019-05-10#t103w0,2019-05-10,Hon. Mr. Stewart,Statements by Ministers,276,1.0,309,2.74778,2.87449,0.95592
2019-05-10#t104w0,2019-05-10,Mrs. Harris,Statements by Ministers,255,1.0,294,3.36873,3.37929,0.99688
2019-05-10#t105w0,2019-05-10,Ms. Mitton,Statements by Ministers,245,1.0,290,3.21,3.2038,1.00194
2019-05-10#t106w0,2019-05-10,Mr. DeSaulniers,Statements by Ministers,113,1.0,130,3.41239,3.27694,1.04134
2019-05-10#t107w0,2019-05-10,Mr. Coon,Statements by Ministers,252,1.0,318,2.56186,2.79726,0.91584
2019-05-10#t108w0,2019-05-10,,Introduction and First Reading of Bills,359,0.905,441,2.85111,2.71392,1.05055
2019-05-10#t108w1,2019-05-10,,Introduction and First Reading of Bills,268,0.836,329,2.70702,2.72272,0.99423
2019-05-10#t109w0,2019-05-10,,Notices of Motion,329,0.568,435,2.31825,2.51085,0.92329
2019-05-10#t109w1,2019-05-10,,Notices of Motion,216,0.833,303,2.22765,2.26217,0.98474
2019-05-10#t110w0,2019-05-10,Mr. G. Arseneault,Point of Order,222,1.0,261,2.71974,2.96318,0.91784
2019-05-10#t111w0,2019-05-10,Mr. Savoie,Point of Order,129,1.0,148,2.8336,3.0894,0.9172
2019-05-10#t112w0,2019-05-10,Mr. Savoie,Point of Order,85,1.0,126,2.94045,3.0643,0.95958
2019-11-19#t113w0,2019-11-19,,BY CONSTITUENCY,120,0.9,184,3.08465,3.21428,0.95967
2019-11-19#t114w0,2019-11-19,Mr. Speaker,BY CONSTITUENCY,81,0.704,135,3.81448,3.7199,1.02543
2019-11-19#t116w0,2019-11-19,,Speech from the Throne,331,0.795,450,3.17732,3.12725,1.01601
2019-11-19#t116w1,2019-11-19,,Speech from the Throne,352,1.0,510,3.39022,3.45542,0.98113
2019-11-19#t116w2,2019-11-19,,Speech from the Throne,347,0.553,415,2.71529,2.96877,0.91462
2019-11-19#t116w3,2019-11-19,,Speech from the Throne,359,0.805,446,2.76289,2.96655,0.93135
2019-11-19#t116w4,2019-11-19,,Speech from the Throne,354,0.749,462,2.6169,2.85554,0.91643
2019-11-19#t116w5,2019-11-19,,Speech from the Throne,323,0.913,394,2.92981,3.153,0.92921
2019-11-19#t116w6,2019-11-19,,Speech from the Throne,314,1.0,386,2.87543,2.92523,0.98297
2019-11-19#t116w7,2019-11-19,,Speech from the Throne,323,0.554,382,2.4918,2.83903,0.8777
2019-11-19#t116w8,2019-11-19,,Speech from the Throne,330,0.788,389,3.0139,2.93405,1.02721
2019-11-19#t116w9,2019-11-19,,Speech from the Throne,320,0.641,356,2.88948,2.99274,0.9655
2019-11-19#t116w10,2019-11-19,,Speech from the Throne,325,0.831,411,2.50412,2.61545,0.95744
2019-11-19#t116w11,2019-11-19,,Speech from the Throne,349,0.857,384,2.86665,3.14246,0.91223
2019-11-19#t116w12,2019-11-19,,Speech from the Throne,357,0.829,418,2.94878,3.11792,0.94575
2019-11-19#t116w13,2019-11-19,,Speech from the Throne,281,0.623,322,2.96637,3.07691,0.96408
2019-11-19#t117w0,2019-11-19,,Vibrant and Sustainable Communities,315,0.898,360,2.93459,3.09905,0.94693
2019-11-19#t117w1,2019-11-19,,Vibrant and Sustainable Communities,341,0.912,419,2.45679,2.68051,0.91654
2019-11-19#t117w2,2019-11-19,,Vibrant and Sustainable Communities,328,0.64,376,2.79605,3.04297,0.91885
2019-11-19#t118w0,2019-11-19,,Affordable and Responsive Government,359,0.688,403,2.5985,2.8837,0.9011
2019-11-19#t118w1,2019-11-19,,Affordable and Responsive Government,360,0.714,402,3.00375,3.11497,0.96429
2019-11-19#t120w0,2019-11-19,Mr. Speaker,Introduction and First Reading of Bills,153,0.033,191,2.87311,2.76167,1.04035
2019-11-19#t121w0,2019-11-19,,Mover of Address in Reply,351,1.0,422,2.89165,2.9091,0.994
2019-11-19#t121w1,2019-11-19,,Mover of Address in Reply,325,1.0,408,3.30535,3.23146,1.02287
2019-11-19#t121w2,2019-11-19,,Mover of Address in Reply,347,1.0,402,2.6343,2.86953,0.91802
2019-11-19#t121w3,2019-11-19,,Mover of Address in Reply,106,1.0,123,2.61514,2.93516,0.89097
2019-11-19#t122w0,2019-11-19,"Mr. Crossman, as seconder, spoke as follows",Seconder of Address in Reply,264,1.0,326,3.07058,3.08861,0.99416
2019-11-19#t122w1,2019-11-19,"Mr. Crossman, as seconder, spoke as follows",Seconder of Address in Reply,314,1.0,374,3.17595,3.44825,0.92103
2019-11-19#t122w2,2019-11-19,"Mr. Crossman, as seconder, spoke as follows",Seconder of Address in Reply,326,1.0,380,3.3058,3.32927,0.99295
2019-11-19#t122w3,2019-11-19,"Mr. Crossman, as seconder, spoke as follows",Seconder of Address in Reply,305,0.921,413,2.94059,2.98302,0.98577
2019-11-19#t122w4,2019-11-19,"Mr. Crossman, as seconder, spoke as follows",Seconder of Address in Reply,96,1.0,166,2.26265,1.82317,1.24105
2019-11-27#t123w0,2019-11-27,,BY CONSTITUENCY,59,0.746,104,3.08626,3.20508,0.96293
2019-11-27#t124w0,2019-11-27,Mr. D’Amours,Introduction of Guests,151,0.377,191,2.60299,2.93325,0.88741
2019-11-27#t125w0,2019-11-27,Hon. Mr. Gauvin,Introduction of Guests,99,0.96,127,2.9363,3.20492,0.91619
2019-11-27#t126w0,2019-11-27,Hon. Mr. Urquhart,Statements of Condolence and Congratulation,222,1.0,272,3.13144,3.2275,0.97024
2019-11-27#t127w0,2019-11-27,Mr. Harvey,Statements of Condolence and Congratulation,196,1.0,246,2.36005,2.94792,0.80058
2019-11-27#t128w0,2019-11-27,Mr. Coon,Statements of Condolence and Congratulation,175,1.0,243,3.17262,3.02639,1.04832
2019-11-27#t129w0,2019-11-27,Mr. Fairgrieve,Statements of Condolence and Congratulation,117,1.0,143,3.00527,2.70458,1.11118
2019-11-27#t130w0,2019-11-27,Mr. Horsman,Statements of Condolence and Congratulation,180,1.0,225,2.77069,3.1604,0.87669
2019-11-27#t131w0,2019-11-27,Hon. Mr. Stewart,Statements of Condolence and Congratulation,183,1.0,223,2.85355,3.16685,0.90107
2019-11-27#t132w0,2019-11-27,Ms. Thériault,Statements of Condolence and Congratulation,140,0.0,186,2.74249,3.22541,0.85028
2019-11-27#t133w0,2019-11-27,Ms. Mitton,Statements of Condolence and Congratulation,104,0.0,123,2.615,3.08976,0.84634
2019-11-27#t135w0,2019-11-27,Ms. Mitton,Statements of Condolence and Congratulation,152,0.974,201,2.3661,2.68077,0.88262
2019-11-27#t136w0,2019-11-27,Mrs. M. LeBlanc,Statements by Members,123,0.0,148,3.01025,3.04915,0.98724
2019-11-27#t137w0,2019-11-27,Mr. Coon,Statements by Members,147,1.0,187,3.06707,2.92639,1.04807
2019-11-27#t138w0,2019-11-27,Mr. Austin,Statements by Members,172,1.0,201,3.17298,3.13188,1.01312
2019-11-27#t139w0,2019-11-27,Mr. Northrup,Statements by Members,167,1.0,202,3.4915,3.34342,1.04429
2019-11-27#t140w0,2019-11-27,Mr. Harvey,Statements by Members,159,1.0,186,3.01603,3.32072,0.90825
2019-11-27#t141w0,2019-11-27,Ms. Mitton,Statements by Members,169,1.0,218,3.40642,3.00984,1.13176
2019-11-27#t142w0,2019-11-27,Mr. Fairgrieve,Statements by Members,107,1.0,123,4.60132,3.77745,1.2181
2019-11-27#t143w0,2019-11-27,Mr. Horsman,Statements by Members,158,1.0,179,3.30885,3.1764,1.0417
2019-11-27#t144w0,2019-11-27,Mr. DeSaulniers,Statements by Members,131,1.0,151,3.01366,3.00886,1.00159
2019-11-27#t145w0,2019-11-27,Mr. Savoie,Statements by Members,137,1.0,160,3.22409,3.41521,0.94404
2019-11-27#t146w0,2019-11-27,Mr. D. Landry,Statements by Members,117,0.359,139,3.49141,3.22956,1.08108
2019-11-27#t147w0,2019-11-27,Hon. Mr. Holder,Statements by Members,125,1.0,143,3.04605,3.15416,0.96572
2019-11-27#t148w0,2019-11-27,Mr. D. Landry,Statements by Members,65,1.0,79,4.06471,3.91199,1.03904
2019-11-27#t149w0,2019-11-27,Hon. Mr. Holder,Statements by Members,125,1.0,143,3.51226,3.35306,1.04748
2019-11-27#t150w0,2019-11-27,Mr. D. Landry,Statements by Members,66,0.0,78,3.9551,3.62906,1.08984
2019-11-27#t151w0,2019-11-27,Hon. Mr. Holder,Statements by Members,182,1.0,216,3.00556,3.00639,0.99972
2019-11-27#t152w0,2019-11-27,Mr. G. Arseneault,Statements by Members,141,1.0,167,3.37761,3.29949,1.02368
2019-11-27#t153w0,2019-11-27,Hon. Mr. Holder,Statements by Members,198,1.0,226,2.99611,3.14246,0.95343
2019-11-27#t154w0,2019-11-27,Mr. G. Arseneault,Statements by Members,67,0.448,79,3.60038,3.67683,0.97921
2019-11-27#t155w0,2019-11-27,Hon. Mr. Holder,Statements by Members,208,1.0,233,2.85258,2.95662,0.96481
2019-11-27#t156w0,2019-11-27,Mr. G. Arseneault,Statements by Members,154,1.0,186,2.96236,3.16064,0.93727
2019-11-27#t157w0,2019-11-27,Hon. Mr. Holder,Statements by Members,232,0.953,265,3.38729,3.39621,0.99737
2019-11-27#t158w0,2019-11-27,Mr. LePage,Statements by Members,139,0.0,166,3.23162,3.55512,0.909
2019-11-27#t159w0,2019-11-27,Hon. Mrs. Shephard,Statements by Members,120,1.0,135,3.7545,3.76537,0.99711
2019-11-27#t160w0,2019-11-27,Mr. LePage,Statements by Members,132,0.0,146,3.20716,3.30274,0.97106
2019-11-27#t161w0,2019-11-27,Hon. Mr. Higgs,Statements by Members,249,1.0,274,3.02954,3.24122,0.93469
2019-11-27#t162w0,2019-11-27,Mr. LePage,Statements by Members,125,0.248,146,3.35267,3.15674,1.06207
2019-11-27#t163w0,2019-11-27,Hon. Mrs. Shephard,Statements by Members,137,1.0,154,3.54381,3.4299,1.03321
2019-11-27#t164w0,2019-11-27,Mrs. Conroy,Statements by Members,128,1.0,154,3.21987,2.91906,1.10305
2019-11-27#t165w0,2019-11-27,Hon. Mr. Holland,Statements by Members,182,1.0,210,3.16693,3.19008,0.99274
2019-11-27#t166w0,2019-11-27,Mrs. Conroy,Statements by Members,76,1.0,83,3.36596,3.35875,1.00215
2019-11-27#t167w0,2019-11-27,Hon. Mr. Holland,Statements by Members,214,1.0,245,3.14416,3.29756,0.95348
2019-11-27#t168w0,2019-11-27,Ms. Mitton,Statements by Members,153,1.0,196,2.60391,2.70797,0.96157
2019-11-27#t169w0,2019-11-27,Hon. Mr. Holder,Statements by Members,170,1.0,186,2.86838,3.00859,0.9534
2019-11-27#t170w0,2019-11-27,Ms. Mitton,Statements by Members,166,1.0,191,3.1896,3.021,1.05581
2019-11-27#t171w0,2019-11-27,Hon. Mr. Holder,Statements by Members,149,1.0,165,2.88927,3.15164,0.91675
2019-11-27#t172w0,2019-11-27,Mrs. Harris,Statements by Members,60,1.0,66,3.45155,3.7926,0.91008
2019-11-27#t173w0,2019-11-27,Hon. Mr. Wetmore,Statements by Members,110,1.0,125,3.12629,3.15891,0.98968
2019-11-27#t174w0,2019-11-27,Mrs. Harris,Statements by Members,222,1.0,259,3.28439,3.57025,0.91993
2019-11-27#t175w0,2019-11-27,Hon. Mr. Higgs,Statements by Members,189,1.0,217,3.01309,2.94368,1.02358
2019-11-27#t176w0,2019-11-27,Mrs. Harris,Statements by Members,115,1.0,135,2.9601,3.23805,0.91416
2019-11-27#t177w0,2019-11-27,Hon. Mr. Higgs,Statements by Members,178,1.0,202,3.27362,3.23001,1.0135
2019-11-27#t178w0,2019-11-27,Mr. Bourque,Statements by Members,101,1.0,118,3.08789,3.53693,0.87304
2019-11-27#t179w0,2019-11-27,Hon. Mr. Carr,Statements by Members,148,1.0,158,3.95874,3.40678,1.16202
2019-11-27#t180w0,2019-11-27,Ms. Rogers,Statements by Members,96,1.0,112,2.80571,2.97395,0.94343
2019-11-27#t182w0,2019-11-27,Mr. Horsman,Introduction of Guests,60,0.767,75,3.30726,3.12455,1.05848
2019-11-27#t183w0,2019-11-27,Hon. Mr. Holland,Statements by Ministers,163,1.0,188,2.80106,3.16919,0.88384
2019-11-27#t184w0,2019-11-27,Mr. Bourque,Statements by Ministers,142,1.0,155,2.86441,3.31512,0.86404
2019-11-27#t185w0,2019-11-27,Mr. Austin,Statements by Ministers,108,1.0,126,2.65532,3.21281,0.82648
2019-11-27#t187w0,2019-11-27,Mr. Crossman,Introduction of Guests,107,1.0,137,3.66158,3.76535,0.97244
2019-11-27#t188w0,2019-11-27,Hon. Mr. Carr,Statements by Ministers,205,1.0,233,2.79862,2.97662,0.9402
2019-11-27#t189w0,2019-11-27,Ms. Rogers,Statements by Ministers,116,1.0,135,3.31959,3.16449,1.04901
2019-11-27#t190w0,2019-11-27,Mr. Coon,Statements by Ministers,220,1.0,263,2.75494,2.95424,0.93254
2019-11-27#t191w0,2019-11-27,Hon. Mr. Gauvin,Statements by Ministers,206,0.0,253,2.63873,2.65729,0.99302
2019-11-27#t192w0,2019-11-27,Mr. Bourque,Statements by Ministers,196,0.842,222,2.65926,2.86565,0.92798
2019-11-27#t193w0,2019-11-27,Mr. Coon,Statements by Ministers,127,1.0,151,3.18577,3.12039,1.02095
2019-11-27#t194w0,2019-11-27,Mr. DeSaulniers,Statements by Ministers,117,1.0,147,3.28353,3.20517,1.02445
2019-11-27#t195w0,2019-11-27,Hon. Mr. Stewart,Statements by Ministers,247,1.0,288,2.69859,2.94895,0.9151
2019-11-27#t196w0,2019-11-27,Mrs. Harris,Statements by Ministers,113,1.0,128,3.15907,3.37833,0.9351
2019-11-27#t197w0,2019-11-27,Mr. Coon,Statements by Ministers,147,1.0,166,2.4116,2.96557,0.8132
2019-11-27#t198w0,2019-11-27,Mrs. Conroy,Statements by Ministers,124,1.0,147,2.51512,3.16233,0.79533
2019-11-27#t200w0,2019-11-27,Hon. S. Wilson,Introduction and First Reading of Bills,55,1.0,69,4.23365,4.0326,1.04986
2019-11-27#t202w0,2019-11-27,Mr. Speaker,Introduction and First Reading of Bills,318,0.943,405,2.80141,2.93148,0.95563
2019-11-27#t202w1,2019-11-27,Mr. Speaker,Introduction and First Reading of Bills,342,0.573,427,2.41353,2.6003,0.92817
2019-11-27#t203w0,2019-11-27,,Notices of Motion,352,1.0,463,3.1353,3.05362,1.02675
2019-11-27#t203w1,2019-11-27,,Notices of Motion,77,1.0,92,3.88952,3.50397,1.11003
2019-11-27#t205w0,2019-11-27,Mr. Savoie,Government Motions re Business of House,66,1.0,88,3.02744,3.0283,0.99972
2019-11-27#t206w0,2019-11-27,,Debate on Second Reading of Bill 4,307,0.743,354,2.76693,2.67981,1.03251
2019-11-27#t207w0,2019-11-27,Mr. McKee,Debate on Second Reading of Bill 4,104,1.0,121,2.84623,3.18997,0.89224
2019-11-27#t208w0,2019-11-27,Mr. Coon,Debate on Second Reading of Bill 4,112,1.0,132,3.32342,3.25032,1.02249
2019-11-27#t209w0,2019-11-27,Mrs. M. LeBlanc,Debate on Second Reading of Bill 4,123,0.187,155,3.3228,3.18959,1.04176
2019-11-27#t212w0,2019-11-27,,Debate on Second Reading of Bill 5,273,0.861,327,2.59382,2.57579,1.007
2019-11-27#t213w0,2019-11-27,Mr. Melanson,Debate on Second Reading of Bill 5,66,1.0,78,3.74857,3.62584,1.03385
2019-11-27#t214w0,2019-11-27,Mr. Coon,Debate on Second Reading of Bill 5,87,1.0,101,2.91563,3.53218,0.82545
2019-11-27#t216w0,2019-11-27,,Debate on Second Reading of Bill 6,342,1.0,388,2.12133,2.27897,0.93083
2019-11-27#t216w1,2019-11-27,,Debate on Second Reading of Bill 6,132,1.0,145,2.84729,3.34037,0.85239
2019-11-27#t217w0,2019-11-27,Mr. McKee,Debate on Second Reading of Bill 6,133,1.0,157,3.24752,3.32688,0.97614
2019-11-27#t218w0,2019-11-27,Mr. Coon,Debate on Second Reading of Bill 6,160,0.869,185,2.77198,2.86229,0.96845
2019-11-27#t219w0,2019-11-27,,Debate on Second Reading of Bill 9,226,0.925,272,3.08572,3.01418,1.02374
2019-11-27#t220w0,2019-11-27,Mr. Melanson,Debate on Second Reading of Bill 9,144,1.0,166,3.06617,3.17309,0.9663
2019-11-27#t221w0,2019-11-27,Mr. Coon,Debate on Second Reading of Bill 9,92,1.0,110,2.74341,2.70287,1.015
2019-11-27#t222w0,2019-11-27,,Debate on Second Reading of Bill 12,304,1.0,357,2.58544,2.8172,0.91773
2019-11-27#t223w0,2019-11-27,M. D’Amours,Debate on Second Reading of Bill 12,298,0.691,364,2.79551,2.74292,1.01917
2019-11-27#t223w1,2019-11-27,M. D’Amours,Debate on Second Reading of Bill 12,189,0.0,220,3.1986,3.06784,1.04262
2019-11-27#t224w0,2019-11-27,Mr. Speaker,Debate on Second Reading of Bill 12,64,1.0,78,2.54194,3.55078,0.71588
2019-11-27#t228w0,2019-11-27,Mr. D’Amours,Debate on Second Reading of Bill 12,343,0.531,410,3.08723,3.32894,0.92739
2019-11-27#t228w1,2019-11-27,Mr. D’Amours,Debate on Second Reading of Bill 12,260,0.0,327,3.14635,3.02115,1.04144
2019-11-27#t229w0,2019-11-27,Ms. Mitton,Debate on Second Reading of Bill 12,194,1.0,226,2.74578,2.73839,1.0027
2019-11-27#t230w0,2019-11-27,Mr. Austin,Debate on Second Reading of Bill 12,332,1.0,397,3.10315,3.12882,0.99179
2019-11-27#t230w1,2019-11-27,Mr. Austin,Debate on Second Reading of Bill 12,316,1.0,355,3.02647,3.11421,0.97183
2019-11-27#t230w2,2019-11-27,Mr. Austin,Debate on Second Reading of Bill 12,241,1.0,271,2.36066,2.70164,0.87379
2019-11-27#t230w3,2019-11-27,Mr. Austin,Debate on Second Reading of Bill 12,349,1.0,407,2.64078,2.76339,0.95563
2019-11-27#t230w4,2019-11-27,Mr. Austin,Debate on Second Reading of Bill 12,322,1.0,377,2.91153,2.90635,1.00178
2019-11-27#t230w5,2019-11-27,Mr. Austin,Debate on Second Reading of Bill 12,339,1.0,382,3.11034,3.07169,1.01258
2019-11-27#t230w6,2019-11-27,Mr. Austin,Debate on Second Reading of Bill 12,294,1.0,334,2.90046,3.20368,0.90535
2019-11-27#t230w7,2019-11-27,Mr. Austin,Debate on Second Reading of Bill 12,338,1.0,388,3.02012,3.17109,0.95239
2019-11-27#t230w8,2019-11-27,Mr. Austin,Debate on Second Reading of Bill 12,331,1.0,409,2.72992,3.14288,0.8686
2019-11-27#t230w9,2019-11-27,Mr. Austin,Debate on Second Reading of Bill 12,349,1.0,428,2.76126,2.97419,0.92841
2019-11-27#t230w10,2019-11-27,Mr. Austin,Debate on Second Reading of Bill 12,338,1.0,395,2.84203,2.85636,0.99498
2019-11-27#t230w11,2019-11-27,Mr. Austin,Debate on Second Reading of Bill 12,355,1.0,403,2.75085,2.871,0.95815
2019-11-27#t230w12,2019-11-27,Mr. Austin,Debate on Second Reading of Bill 12,323,1.0,384,3.12163,3.04621,1.02476
2019-11-27#t230w13,2019-11-27,Mr. Austin,Debate on Second Reading of Bill 12,113,1.0,128,2.32373,2.84814,0.81588
2019-11-27#t231w0,2019-11-27,Mr. C. Chiasson,Debate on Second Reading of Bill 12,160,0.762,192,2.65199,2.76007,0.96084
2019-11-27#t232w0,2019-11-27,Mr. C. Chiasson,Debate on Second Reading of Bill 12,360,0.739,412,2.96339,3.15027,0.94068
2019-11-27#t232w1,2019-11-27,Mr. C. Chiasson,Debate on Second Reading of Bill 12,353,0.538,453,3.20365,3.15512,1.01538
2019-11-27#t232w2,2019-11-27,Mr. C. Chiasson,Debate on Second Reading of Bill 12,340,0.462,416,3.01997,3.10413,0.97289
2019-11-27#t232w3,2019-11-27,Mr. C. Chiasson,Debate on Second Reading of Bill 12,352,0.773,436,3.33845,3.29456,1.01332
2019-11-27#t232w4,2019-11-27,Mr. C. Chiasson,Debate on Second Reading of Bill 12,347,0.948,512,2.12426,2.30646,0.92101
2019-11-27#t232w5,2019-11-27,Mr. C. Chiasson,Debate on Second Reading of Bill 12,340,0.924,419,3.13037,3.37175,0.92841
2019-11-27#t232w6,2019-11-27,Mr. C. Chiasson,Debate on Second Reading of Bill 12,146,1.0,178,3.12305,3.20356,0.97487
2019-11-27#t234w0,2019-11-27,Mr. Savoie,Point of Order,92,1.0,103,3.51025,3.63787,0.96492
2019-11-27#t235w0,2019-11-27,Mr. G. Arseneault,Point of Order,104,1.0,119,3.46325,3.36272,1.0299
2019-11-27#t236w0,2019-11-27,Mr. Speaker,Point of Order,96,1.0,115,3.45449,3.87823,0.89074
2019-11-27#t237w0,2019-11-27,Mr. C. Chiasson,Point of Order,298,0.735,359,3.48759,3.33868,1.0446
2019-11-27#t237w1,2019-11-27,Mr. C. Chiasson,Point of Order,340,0.753,406,3.30071,3.40487,0.96941
2019-11-27#t237w2,2019-11-27,Mr. C. Chiasson,Point of Order,285,1.0,328,2.88596,3.18307,0.90666
2019-11-27#t237w3,2019-11-27,Mr. C. Chiasson,Point of Order,342,0.371,404,3.84798,3.52687,1.09105
2019-11-27#t237w4,2019-11-27,Mr. C. Chiasson,Point of Order,353,1.0,408,2.82092,3.03773,0.92863
2019-11-27#t237w5,2019-11-27,Mr. C. Chiasson,Point of Order,154,1.0,202,3.61952,3.53917,1.0227
2019-11-27#t238w0,2019-11-27,Ms. Mitton,Point of Order,304,0.763,392,2.6702,2.7681,0.96464
2019-11-27#t238w1,2019-11-27,Ms. Mitton,Point of Order,356,0.601,426,3.05197,3.17271,0.96195
2019-11-27#t238w2,2019-11-27,Ms. Mitton,Point of Order,302,0.907,358,2.84999,2.99413,0.95186
2019-11-27#t238w3,2019-11-27,Ms. Mitton,Point of Order,334,0.746,384,2.83587,2.90089,0.97759
2019-11-27#t238w4,2019-11-27,Ms. Mitton,Point of Order,263,0.745,304,3.19491,3.23465,0.98771
2019-11-27#t238w5,2019-11-27,Ms. Mitton,Point of Order,240,1.0,278,2.58258,2.81773,0.91655
2019-11-27#t238w6,2019-11-27,Ms. Mitton,Point of Order,335,0.815,377,2.67936,2.92525,0.91594
2019-11-27#t238w7,2019-11-27,Ms. Mitton,Point of Order,355,0.789,389,3.20759,3.24156,0.98952
2019-11-27#t238w8,2019-11-27,Ms. Mitton,Point of Order,315,1.0,375,2.88696,2.94315,0.98091
2019-11-27#t238w9,2019-11-27,Ms. Mitton,Point of Order,304,0.391,347,3.02956,3.04445,0.99511
2019-11-27#t238w10,2019-11-27,Ms. Mitton,Point of Order,346,1.0,406,2.7626,3.01983,0.91482
2019-11-27#t238w11,2019-11-27,Ms. Mitton,Point of Order,359,0.76,442,2.58718,2.83056,0.91402
2019-11-27#t238w12,2019-11-27,Ms. Mitton,Point of Order,279,1.0,336,2.72038,3.01295,0.9029
2019-11-27#t238w13,2019-11-27,Ms. Mitton,Point of Order,202,1.0,232,3.41874,3.38433,1.01017
2019-11-27#t238w14,2019-11-27,Ms. Mitton,Point of Order,193,0.984,228,2.75474,3.17429,0.86783
2019-11-27#t239w0,2019-11-27,Mr. DeSaulniers,Point of Order,325,1.0,401,2.84297,2.99976,0.94773
2019-11-27#t239w1,2019-11-27,Mr. DeSaulniers,Point of Order,303,1.0,357,3.18285,3.22597,0.98663
2019-11-27#t239w2,2019-11-27,Mr. DeSaulniers,Point of Order,337,1.0,382,3.01503,3.02573,0.99647
2019-11-27#t239w3,2019-11-27,Mr. DeSaulniers,Point of Order,295,1.0,341,3.04686,3.17559,0.95947
2019-11-27#t239w4,2019-11-27,Mr. DeSaulniers,Point of Order,232,1.0,270,2.92926,3.13961,0.933
2019-11-27#t239w5,2019-11-27,Mr. DeSaulniers,Point of Order,259,1.0,330,3.32572,3.51287,0.94672
2019-11-27#t240w0,2019-11-27,Mr. G. Arseneault,Point of Order,77,1.0,94,3.6684,3.65698,1.00312
2019-11-27#t242w0,2019-11-27,Mr. DeSaulniers,Point of Order,272,1.0,313,2.79025,3.15127,0.88544
2019-11-27#t243w0,2019-11-27,Hon. Mr. Carr,Point of Order,319,1.0,371,2.65564,2.82617,0.93966
2019-11-27#t243w1,2019-11-27,Hon. Mr. Carr,Point of Order,326,1.0,374,3.3983,3.15631,1.07667
2019-11-27#t243w2,2019-11-27,Hon. Mr. Carr,Point of Order,359,1.0,413,2.97922,3.06282,0.97271
2019-11-27#t243w3,2019-11-27,Hon. Mr. Carr,Point of Order,172,1.0,214,2.74457,2.89931,0.94663
2019-11-27#t244w0,2019-11-27,Hon. Mr. Carr,Point of Order,102,1.0,124,2.8225,3.09695,0.91138
2019-11-27#t245w0,2019-11-27,Hon. Mr. Carr,Point of Order,351,1.0,400,2.8608,3.086,0.92703
2019-11-27#t245w1,2019-11-27,Hon. Mr. Carr,Point of Order,290,1.0,345,2.80202,2.88993,0.96958
2019-11-27#t246w0,2019-11-27,Hon. Mr. Carr,Point of Order,320,1.0,379,3.25279,3.12621,1.04049
2019-11-27#t246w1,2019-11-27,Hon. Mr. Carr,Point of Order,252,1.0,285,3.10121,3.29708,0.94059
2019-11-27#t246w2,2019-11-27,Hon. Mr. Carr,Point of Order,258,1.0,305,3.27305,3.13853,1.04286
2019-11-27#t246w3,2019-11-27,Hon. Mr. Carr,Point of Order,359,1.0,435,3.1283,3.23784,0.96617
2019-11-27#t246w4,2019-11-27,Hon. Mr. Carr,Point of Order,235,1.0,286,3.28106,3.22124,1.01857
2019-11-27#t246w5,2019-11-27,Hon. Mr. Carr,Point of Order,220,1.0,246,2.98106,3.0773,0.96873
2019-11-27#t247w0,2019-11-27,Hon. Mr. Carr,Point of Order,335,1.0,415,3.15933,3.19738,0.9881
2019-11-27#t247w1,2019-11-27,Hon. Mr. Carr,Point of Order,352,1.0,410,2.91218,3.08666,0.94347
2019-11-27#t247w2,2019-11-27,Hon. Mr. Carr,Point of Order,330,1.0,380,3.09894,3.05331,1.01495
2019-11-27#t247w3,2019-11-27,Hon. Mr. Carr,Point of Order,291,1.0,346,3.14154,3.12962,1.00381
2019-11-27#t247w4,2019-11-27,Hon. Mr. Carr,Point of Order,336,1.0,392,2.94053,3.08322,0.95372
2019-11-27#t249w0,2019-11-27,Hon. Mr. Carr,Point of Order,329,1.0,380,2.95409,3.20881,0.92062
2019-11-27#t249w1,2019-11-27,Hon. Mr. Carr,Point of Order,51,1.0,59,3.23153,3.60778,0.89571
2019-11-27#t250w0,2019-11-27,Mr. K. Chiasson,Point of Order,349,0.418,404,2.67604,2.9602,0.90401
2019-11-27#t250w1,2019-11-27,Mr. K. Chiasson,Point of Order,149,0.0,188,3.12321,3.1148,1.0027
2019-11-27#t251w0,2019-11-27,,Point of Order,345,0.0,425,2.9781,3.01781,0.98684
2019-11-27#t252w0,2019-11-27,Mr. K. Chiasson,Point of Order,344,0.0,417,2.61547,2.90577,0.90009
2019-11-27#t252w1,2019-11-27,Mr. K. Chiasson,Point of Order,346,0.0,410,3.02667,2.86999,1.05459
2019-11-27#t252w2,2019-11-27,Mr. K. Chiasson,Point of Order,339,0.0,419,2.86089,2.74106,1.04372
2019-11-27#t252w3,2019-11-27,Mr. K. Chiasson,Point of Order,51,0.176,66,3.46623,3.86813,0.8961
2019-11-27#t253w0,2019-11-27,Mr. K. Chiasson,Point of Order,340,0.0,423,2.97518,3.20693,0.92773
2019-11-27#t253w1,2019-11-27,Mr. K. Chiasson,Point of Order,286,0.0,345,3.07652,3.11325,0.9882
2019-11-27#t253w2,2019-11-27,Mr. K. Chiasson,Point of Order,273,0.0,330,2.77041,3.22201,0.85984
2019-11-27#t253w3,2019-11-27,Mr. K. Chiasson,Point of Order,309,0.0,355,2.99747,3.2116,0.93333
2019-11-27#t253w4,2019-11-27,Mr. K. Chiasson,Point of Order,323,0.065,384,2.87484,3.05098,0.94227
2019-11-27#t253w5,2019-11-27,Mr. K. Chiasson,Point of Order,289,0.0,328,2.79255,2.97151,0.93978
2019-11-27#t253w6,2019-11-27,Mr. K. Chiasson,Point of Order,176,0.0,217,2.89676,3.20662,0.90337
2019-11-27#t254w0,2019-11-27,Mr. K. Chiasson,Point of Order,258,0.0,338,2.89453,2.97422,0.97321
2019-11-27#t254w1,2019-11-27,Mr. K. Chiasson,Point of Order,224,0.054,270,3.21432,3.34377,0.96129
2019-11-27#t256w0,2019-11-27,Mr. K. Chiasson,Point of Order,178,1.0,202,2.83054,3.5504,0.79725
2019-11-27#t257w0,2019-11-27,Mr. K. Chiasson,Point of Order,76,1.0,86,2.95806,3.46332,0.85411
2019-11-27#t258w0,2019-11-27,Mr. K. Chiasson,Point of Order,168,1.0,188,2.7865,3.26579,0.85324
2019-11-27#t259w0,2019-11-27,Hon. Mr. Cardy,Point of Order,357,1.0,407,2.72523,2.96353,0.91959
2019-11-27#t259w1,2019-11-27,Hon. Mr. Cardy,Point of Order,322,1.0,379,2.88199,2.86364,1.0064
2019-11-27#t259w2,2019-11-27,Hon. Mr. Cardy,Point of Order,298,1.0,354,3.5118,3.33348,1.05349
2019-11-27#t259w3,2019-11-27,Hon. Mr. Cardy,Point of Order,277,1.0,308,3.30212,3.0114,1.09654
2019-11-27#t259w4,2019-11-27,Hon. Mr. Cardy,Point of Order,311,1.0,350,3.10763,3.079,1.0093
2019-11-27#t259w5,2019-11-27,Hon. Mr. Cardy,Point of Order,272,1.0,314,3.39408,3.47483,0.97676
2019-11-27#t260w0,2019-11-27,Hon. Mr. Cardy,Point of Order,324,1.0,377,3.61211,3.33607,1.08274
2019-11-27#t260w1,2019-11-27,Hon. Mr. Cardy,Point of Order,199,1.0,236,2.93549,3.00953,0.9754
2019-11-27#t260w2,2019-11-27,Hon. Mr. Cardy,Point of Order,355,1.0,405,3.13236,3.15462,0.99295
2019-11-27#t260w3,2019-11-27,Hon. Mr. Cardy,Point of Order,78,1.0,90,4.20519,3.8169,1.10173
2019-11-27#t261w0,2019-11-27,Hon. Mr. Cardy,Point of Order,270,1.0,305,3.46647,3.33356,1.03987
2019-11-27#t261w1,2019-11-27,Hon. Mr. Cardy,Point of Order,297,1.0,335,3.2222,3.24572,0.99275
2019-11-27#t261w2,2019-11-27,Hon. Mr. Cardy,Point of Order,356,1.0,388,3.08629,3.18624,0.96863
2019-11-27#t261w3,2019-11-27,Hon. Mr. Cardy,Point of Order,297,1.0,324,3.15847,3.19328,0.9891
2019-11-27#t261w4,2019-11-27,Hon. Mr. Cardy,Point of Order,350,1.0,391,3.09979,3.18713,0.9726
2019-11-27#t261w5,2019-11-27,Hon. Mr. Cardy,Point of Order,324,1.0,359,2.89559,2.89727,0.99942
2019-11-27#t261w6,2019-11-27,Hon. Mr. Cardy,Point of Order,289,1.0,338,3.24401,3.10185,1.04583
2019-11-27#t261w7,2019-11-27,Hon. Mr. Cardy,Point of Order,154,1.0,165,3.05241,3.26896,0.93376
2019-11-27#t261w8,2019-11-27,Hon. Mr. Cardy,Point of Order,266,1.0,290,3.30882,2.99554,1.10458
2019-11-27#t261w9,2019-11-27,Hon. Mr. Cardy,Point of Order,313,1.0,353,3.41026,3.29041,1.03642
2019-11-27#t261w10,2019-11-27,Hon. Mr. Cardy,Point of Order,308,1.0,352,3.15461,3.22156,0.97922
2019-11-27#t261w11,2019-11-27,Hon. Mr. Cardy,Point of Order,248,1.0,279,2.85384,3.09952,0.92074
2019-11-27#t261w12,2019-11-27,Hon. Mr. Cardy,Point of Order,284,1.0,322,3.13055,3.07264,1.01885
2019-11-27#t261w13,2019-11-27,Hon. Mr. Cardy,Point of Order,320,1.0,364,3.09481,3.19136,0.96975
2019-11-27#t261w14,2019-11-27,Hon. Mr. Cardy,Point of Order,264,1.0,301,3.07927,3.30245,0.93242
2019-11-27#t261w15,2019-11-27,Hon. Mr. Cardy,Point of Order,208,0.827,240,2.93611,3.02907,0.96931
2019-11-27#t262w0,2019-11-27,Mr. Horsman,Point of Order,323,1.0,400,3.08979,3.11852,0.99079
2019-11-27#t262w1,2019-11-27,Mr. Horsman,Point of Order,287,1.0,354,3.55124,3.46481,1.02495
2019-11-27#t262w2,2019-11-27,Mr. Horsman,Point of Order,279,1.0,316,3.30518,3.33409,0.99133
2019-11-27#t262w3,2019-11-27,Mr. Horsman,Point of Order,295,1.0,341,3.09583,3.22529,0.95986
2019-11-27#t262w4,2019-11-27,Mr. Horsman,Point of Order,316,1.0,382,2.84078,3.01091,0.94349
2019-11-27#t262w5,2019-11-27,Mr. Horsman,Point of Order,293,1.0,364,3.25593,3.19225,1.01995
2019-11-27#t262w6,2019-11-27,Mr. Horsman,Point of Order,208,1.0,267,2.62816,3.06629,0.85711
2019-11-27#t263w0,2019-11-27,Mr. Horsman,Point of Order,195,1.0,232,3.25224,3.38188,0.96167
2019-11-27#t264w0,2019-11-27,Mr. Horsman,Point of Order,347,1.0,409,3.08332,3.23419,0.95335
2019-11-27#t264w1,2019-11-27,Mr. Horsman,Point of Order,323,1.0,376,3.31928,3.3412,0.99344
2019-11-27#t265w0,2019-11-27,Mr. Horsman,Point of Order,59,1.0,70,4.63756,4.17643,1.11041
2019-11-27#t266w0,2019-11-27,Mr. Horsman,Point of Order,162,1.0,184,3.10338,3.32526,0.93327
2019-11-27#t267w0,2019-11-27,Mr. Horsman,Point of Order,245,1.0,297,3.41238,3.33175,1.0242
2019-11-27#t267w1,2019-11-27,Mr. Horsman,Point of Order,346,1.0,391,3.18998,3.13239,1.01839
2019-11-27#t267w2,2019-11-27,Mr. Horsman,Point of Order,291,1.0,339,3.30434,3.26189,1.01301
2019-11-27#t267w3,2019-11-27,Mr. Horsman,Point of Order,344,1.0,415,3.35287,3.33219,1.00621
2019-11-27#t267w4,2019-11-27,Mr. Horsman,Point of Order,276,1.0,323,2.75091,3.16118,0.87022
2019-11-27#t267w5,2019-11-27,Mr. Horsman,Point of Order,314,1.0,395,3.03042,3.17359,0.95489
2019-11-27#t267w6,2019-11-27,Mr. Horsman,Point of Order,307,1.0,367,2.94338,3.15432,0.93313
2019-11-27#t267w7,2019-11-27,Mr. Horsman,Point of Order,248,1.0,289,3.13599,3.2026,0.9792
2019-11-27#t267w8,2019-11-27,Mr. Horsman,Point of Order,349,1.0,397,3.0907,3.34606,0.92369
2019-11-27#t267w9,2019-11-27,Mr. Horsman,Point of Order,74,1.0,105,3.62636,3.572,1.01522
2019-11-27#t268w0,2019-11-27,Mr. Horsman,Point of Order,242,1.0,287,2.97197,3.02801,0.98149
2019-11-27#t269w0,2019-11-27,Mr. Speaker,Point of Order,298,1.0,512,2.27107,2.19971,1.03244
2019-12-12#t270w0,2019-12-12,,BY CONSTITUENCY,59,1.0,104,3.09579,3.20547,0.96578
2019-12-12#t271w0,2019-12-12,Hon. Mr. Stewart,Statements of Condolence and Congratulation,277,1.0,391,2.94069,3.05916,0.96127
2019-12-12#t272w0,2019-12-12,Ms. Rogers,Statements of Condolence and Congratulation,235,0.749,304,3.33698,3.18662,1.04718
2019-12-12#t273w0,2019-12-12,Mr. Coon,Statements of Condolence and Congratulation,172,1.0,226,2.17911,2.37828,0.91625
2019-12-12#t274w0,2019-12-12,Mr. DeSaulniers,Statements of Condolence and Congratulation,165,1.0,208,2.64395,2.95291,0.89537
2019-12-12#t275w0,2019-12-12,Ms. Thériault,Statements of Condolence and Congratulation,134,0.0,207,4.07911,3.8946,1.04738
2019-12-12#t276w0,2019-12-12,Mr. K. Arseneau,Statements of Condolence and Congratulation,169,1.0,220,2.56991,2.67555,0.96052
2019-12-12#t277w0,2019-12-12,Ms. Mitton,Statements of Condolence and Congratulation,133,0.0,178,3.41777,3.06931,1.11353
2019-12-12#t278w0,2019-12-12,Mrs. Harris,Statements of Condolence and Congratulation,195,1.0,274,2.63934,3.02367,0.87289
2019-12-12#t279w0,2019-12-12,Mr. D’Amours,Statements by Members,152,0.086,193,3.18439,2.97507,1.07036
2019-12-12#t280w0,2019-12-12,Mr. Coon,Statements by Members,173,0.809,202,2.95133,3.11181,0.94843
2019-12-12#t281w0,2019-12-12,Mr. Austin,Statements by Members,150,1.0,187,3.19008,3.29498,0.96816
2019-12-12#t282w0,2019-12-12,Mr. Fairgrieve,Statements by Members,143,1.0,166,3.05337,3.30819,0.92297
2019-12-12#t283w0,2019-12-12,Mrs. F. Landry,Statements by Members,125,0.0,148,3.4411,3.32381,1.03529
2019-12-12#t284w0,2019-12-12,Mr. K. Arseneau,Statements by Members,134,0.0,164,2.90523,3.2197,0.90233
2019-12-12#t285w0,2019-12-12,Mrs. Conroy,Statements by Members,175,1.0,209,2.90678,3.10161,0.93718
2019-12-12#t286w0,2019-12-12,Mr. Northrup,Statements by Members,145,1.0,165,3.16936,3.34492,0.94751
2019-12-12#t287w0,2019-12-12,Mr. McKee,Statements by Members,158,1.0,182,3.6513,3.11183,1.17336
2019-12-12#t288w0,2019-12-12,Ms. Mitton,Statements by Members,186,0.984,233,3.38675,3.27638,1.03369
2019-12-12#t289w0,2019-12-12,Mr. DeSaulniers,Statements by Members,161,1.0,192,3.73485,3.53824,1.05557
2019-12-12#t290w0,2019-12-12,Mr. Savoie,Statements by Members,127,1.0,147,3.56848,3.25194,1.09734
2019-12-12#t291w0,2019-12-12,Mr. D. Landry,Statements by Members,135,0.0,172,2.43778,2.74772,0.8872
2019-12-12#t292w0,2019-12-12,Hon. Mrs. Shephard,Statements by Members,173,1.0,207,2.84543,2.88019,0.98793
2019-12-12#t293w0,2019-12-12,Mr. D. Landry,Statements by Members,117,0.0,130,3.07419,3.21604,0.95589
2019-12-12#t294w0,2019-12-12,Hon. Mrs. Shephard,Statements by Members,159,1.0,202,2.80783,3.16724,0.88652
2019-12-12#t295w0,2019-12-12,Mr. D. Landry,Statements by Members,160,0.0,188,3.17097,3.32759,0.95293
2019-12-12#t296w0,2019-12-12,Hon. Mrs. Shephard,Statements by Members,211,1.0,254,2.73102,2.95055,0.9256
2019-12-12#t297w0,2019-12-12,Ms. Rogers,Statements by Members,153,1.0,190,3.33671,3.18665,1.04709
2019-12-12#t298w0,2019-12-12,Hon. Mrs. Shephard,Statements by Members,176,1.0,216,3.2143,3.20602,1.00258
2019-12-12#t299w0,2019-12-12,Ms. Rogers,Statements by Members,141,1.0,160,3.12149,3.48591,0.89546
2019-12-12#t300w0,2019-12-12,Hon. Mrs. Shephard,Statements by Members,171,1.0,200,3.5095,3.27996,1.06998
2019-12-12#t301w0,2019-12-12,Mr. LePage,Statements by Members,105,0.305,118,3.32259,3.17963,1.04496
2019-12-12#t302w0,2019-12-12,Hon. Mrs. Shephard,Statements by Members,103,1.0,122,3.0274,3.19455,0.94768
2019-12-12#t303w0,2019-12-12,Mr. LePage,Statements by Members,135,0.474,166,3.77012,3.47541,1.0848
2019-12-12#t304w0,2019-12-12,Hon. Mrs. Shephard,Statements by Members,170,1.0,200,3.15376,3.19609,0.98676
2019-12-12#t305w0,2019-12-12,Mr. LePage,Statements by Members,132,0.492,154,3.80234,3.66086,1.03865
2019-12-12#t307w0,2019-12-12,Hon. Mrs. Shephard,Statements by Members,136,1.0,159,2.89758,3.30195,0.87754
2019-12-12#t308w0,2019-12-12,Mr. K. Arseneau,Statements by Members,142,1.0,169,3.43847,3.46608,0.99204
2019-12-12#t309w0,2019-12-12,Hon. Mr. Wetmore,Statements by Members,131,1.0,150,3.07417,3.37978,0.90958
2019-12-12#t310w0,2019-12-12,Mr. K. Arseneau,Statements by Members,140,0.164,153,3.63231,3.45521,1.05126
2019-12-12#t311w0,2019-12-12,Hon. Mr. Wetmore,Statements by Members,148,1.0,173,3.22097,3.24085,0.99387
2019-12-12#t312w0,2019-12-12,Mr. Austin,Statements by Members,183,1.0,219,2.79289,2.91535,0.95799
2019-12-12#t313w0,2019-12-12,Hon. Mr. Flemming,Statements by Members,171,1.0,196,2.79687,3.13749,0.89144
2019-12-12#t314w0,2019-12-12,Mr. Austin,Statements by Members,58,1.0,74,3.13683,3.51804,0.89164
2019-12-12#t315w0,2019-12-12,Hon. Mr. Flemming,Statements by Members,167,1.0,204,3.3822,3.36085,1.00635
2019-12-12#t316w0,2019-12-12,Mrs. F. Landry,Statements by Members,116,0.0,138,3.44467,3.55937,0.96778
2019-12-12#t317w0,2019-12-12,Hon. Mr. Oliver,Statements by Members,129,1.0,146,2.90398,2.95724,0.98199
2019-12-12#t318w0,2019-12-12,Mrs. F. Landry,Statements by Members,123,0.902,143,3.72137,3.93583,0.94551
2019-12-12#t319w0,2019-12-12,Hon. Mr. Oliver,Statements by Members,106,1.0,123,3.102,3.30342,0.93903
2019-12-12#t320w0,2019-12-12,Mrs. F. Landry,Statements by Members,56,0.0,70,3.61425,3.65424,0.98906
2019-12-12#t321w0,2019-12-12,Hon. Mr. Oliver,Statements by Members,90,1.0,101,2.95973,3.55166,0.83334
2019-12-12#t322w0,2019-12-12,Mr. Harvey,Statements by Members,138,1.0,171,3.22013,3.38193,0.95216
2019-12-12#t324w0,2019-12-12,Hon. Mr. Oliver,Statements by Members,144,1.0,155,3.11896,3.57715,0.87191
2019-12-12#t326w0,2019-12-12,Mr. J. LeBlanc,Introduction of Guests,301,0.013,361,2.84443,2.86464,0.99295
2019-12-12#t327w0,2019-12-12,Mr. Savoie,Introduction of Guests,168,1.0,211,3.2808,3.30376,0.99305
2019-12-12#t328w0,2019-12-12,Hon. Mr. Gauvin,Statements by Ministers,204,0.0,251,2.69553,2.95319,0.91275
2019-12-12#t329w0,2019-12-12,Mr. J. LeBlanc,Statements by Ministers,114,0.0,139,3.00049,3.13059,0.95844
2019-12-12#t330w0,2019-12-12,Mr. K. Arseneau,Statements by Ministers,165,0.806,210,3.00125,2.93957,1.02099
2019-12-12#t331w0,2019-12-12,,Introduction and First Reading of Bills,98,0.857,136,2.79083,2.8336,0.9849
2019-12-12#t333w0,2019-12-12,Mr. Savoie,Government Motions re Business of House,111,1.0,151,2.93724,2.74889,1.06852
2019-12-12#t336w0,2019-12-12,Mr. Savoie,Government Motions re Business of House,98,1.0,133,2.97204,2.97087,1.0004
2019-12-12#t337w0,2019-12-12,,Debate on Second Reading of Bill 28,307,1.0,367,2.48647,2.73128,0.91037
2019-12-12#t337w1,2019-12-12,,Debate on Second Reading of Bill 28,263,1.0,302,2.82759,3.02208,0.93564
2019-12-12#t337w2,2019-12-12,,Debate on Second Reading of Bill 28,235,1.0,296,3.08136,3.4642,0.88949
2019-12-12#t338w0,2019-12-12,Ms. Thériault,Debate on Second Reading of Bill 28,281,0.036,342,2.78275,2.88719,0.96383
2019-12-12#t338w1,2019-12-12,Ms. Thériault,Debate on Second Reading of Bill 28,317,0.035,371,3.29481,3.26815,1.00816
2019-12-12#t338w2,2019-12-12,Ms. Thériault,Debate on Second Reading of Bill 28,264,0.0,329,3.20659,3.19297,1.00426
2019-12-12#t338w3,2019-12-12,Ms. Thériault,Debate on Second Reading of Bill 28,349,0.0,430,3.10334,3.21696,0.96468
2019-12-12#t339w0,2019-12-12,Mr. K. Arseneau,Debate on Second Reading of Bill 28,320,0.0,383,3.1988,2.99075,1.06956
2019-12-12#t339w1,2019-12-12,Mr. K. Arseneau,Debate on Second Reading of Bill 28,191,0.0,212,3.46796,3.32797,1.04207
2019-12-12#t340w0,2019-12-12,Mr. K. Chiasson,Debate on Second Reading of Bill 28,278,0.04,342,2.77997,2.9024,0.95782
2019-12-12#t340w1,2019-12-12,Mr. K. Chiasson,Debate on Second Reading of Bill 28,340,0.0,424,3.00104,3.12149,0.96141
2019-12-12#t340w2,2019-12-12,Mr. K. Chiasson,Debate on Second Reading of Bill 28,152,0.164,186,3.3132,3.18974,1.03871
2019-12-12#t341w0,2019-12-12,,Debate on Second Reading of Bill 29,294,1.0,358,2.94358,2.88139,1.02159
2019-12-12#t341w1,2019-12-12,,Debate on Second Reading of Bill 29,323,1.0,391,2.66875,2.60034,1.02631
2019-12-12#t341w2,2019-12-12,,Debate on Second Reading of Bill 29,59,1.0,72,3.53265,3.74396,0.94356
2019-12-12#t342w0,2019-12-12,Ms. Thériault,Debate on Second Reading of Bill 29,311,0.0,366,2.96523,3.10975,0.95353
2019-12-12#t342w1,2019-12-12,Ms. Thériault,Debate on Second Reading of Bill 29,239,0.084,279,3.23225,3.20311,1.0091
2019-12-12#t342w2,2019-12-12,Ms. Thériault,Debate on Second Reading of Bill 29,354,0.0,421,3.03421,3.08295,0.98419
2019-12-12#t342w3,2019-12-12,Ms. Thériault,Debate on Second Reading of Bill 29,352,0.0,434,3.58027,3.53194,1.01368
2019-12-12#t342w4,2019-12-12,Ms. Thériault,Debate on Second Reading of Bill 29,346,0.072,432,2.99762,3.08824,0.97066
2019-12-12#t344w0,2019-12-12,Hon. Mr. Gauvin,Introduction of Guests,94,0.0,143,3.68614,3.27271,1.12633
2019-12-12#t345w0,2019-12-12,Ms. Thériault,Introduction of Guests,295,0.0,396,2.59751,2.74013,0.94795
2019-12-12#t346w0,2019-12-12,Mr. K. Chiasson,Introduction of Guests,112,0.0,132,3.22286,3.50932,0.91837
2019-12-12#t348w0,2019-12-12,,Debate on Second Reading of Bill 29,299,0.057,358,3.15021,3.07795,1.02348
2019-12-12#t348w1,2019-12-12,,Debate on Second Reading of Bill 29,246,0.0,307,3.27325,3.16142,1.03537
2019-12-12#t349w0,2019-12-12,Mr. K. Chiasson,Debate on Second Reading of Bill 29,352,0.0,436,2.92054,2.88886,1.01097
2019-12-12#t349w1,2019-12-12,Mr. K. Chiasson,Debate on Second Reading of Bill 29,251,0.0,293,3.09673,3.09687,0.99995
2019-12-12#t354w0,2019-12-12,,Debate on Second Reading of Bill 11,305,1.0,378,3.02596,3.1474,0.96142
2019-12-12#t355w0,2019-12-12,Mr. Savoie,Point of Order,63,1.0,75,3.43411,3.67642,0.93409
2019-12-12#t357w0,2019-12-12,Mr. C. Chiasson,Debate on Second Reading of Bill 11,314,1.0,366,2.96589,3.26728,0.90775
2019-12-12#t357w1,2019-12-12,Mr. C. Chiasson,Debate on Second Reading of Bill 11,157,1.0,188,2.93127,3.20264,0.91527
2019-12-12#t358w0,2019-12-12,Mr. Coon,Debate on Second Reading of Bill 11,323,1.0,374,2.6359,2.88552,0.91349
2019-12-12#t358w1,2019-12-12,Mr. Coon,Debate on Second Reading of Bill 11,341,1.0,438,2.81616,2.76271,1.01935
2019-12-12#t358w2,2019-12-12,Mr. Coon,Debate on Second Reading of Bill 11,344,1.0,403,2.92821,2.93783,0.99672
2019-12-12#t358w3,2019-12-12,Mr. Coon,Debate on Second Reading of Bill 11,303,1.0,361,3.49421,3.32238,1.05172
2019-12-12#t358w4,2019-12-12,Mr. Coon,Debate on Second Reading of Bill 11,324,1.0,400,3.09518,3.14817,0.98317
2019-12-12#t358w5,2019-12-12,Mr. Coon,Debate on Second Reading of Bill 11,303,1.0,351,2.94525,3.02427,0.97387
2019-12-12#t358w6,2019-12-12,Mr. Coon,Debate on Second Reading of Bill 11,262,1.0,291,3.19057,3.35113,0.95209
2019-12-12#t358w7,2019-12-12,Mr. Coon,Debate on Second Reading of Bill 11,343,1.0,397,2.86387,3.00222,0.95392
2019-12-12#t358w8,2019-12-12,Mr. Coon,Debate on Second Reading of Bill 11,262,1.0,321,2.96449,3.04334,0.97409
2019-12-12#t358w9,2019-12-12,Mr. Coon,Debate on Second Reading of Bill 11,274,1.0,332,2.98436,2.9781,1.0021
2019-12-12#t359w0,2019-12-12,Mrs. Conroy,Debate on Second Reading of Bill 11,258,1.0,305,3.24246,3.28869,0.98594
2019-12-12#t359w1,2019-12-12,Mrs. Conroy,Debate on Second Reading of Bill 11,327,1.0,367,3.10044,3.28663,0.94335
2019-12-12#t359w2,2019-12-12,Mrs. Conroy,Debate on Second Reading of Bill 11,58,1.0,64,2.90414,3.62356,0.80146
2019-12-12#t360w0,2019-12-12,Mr. McKee,Debate on Second Reading of Bill 11,349,1.0,405,2.91726,2.86306,1.01893
2019-12-12#t360w1,2019-12-12,Mr. McKee,Debate on Second Reading of Bill 11,289,1.0,344,2.98103,2.96097,1.00678
2019-12-12#t360w2,2019-12-12,Mr. McKee,Debate on Second Reading of Bill 11,325,1.0,417,3.17755,3.08087,1.03138
2019-12-12#t360w3,2019-12-12,Mr. McKee,Debate on Second Reading of Bill 11,213,1.0,256,3.43665,3.59468,0.95604
2019-12-12#t360w4,2019-12-12,Mr. McKee,Debate on Second Reading of Bill 11,321,1.0,354,3.16699,3.17367,0.9979
2019-12-12#t360w5,2019-12-12,Mr. McKee,Debate on Second Reading of Bill 11,359,1.0,402,3.13271,3.13003,1.00086
2019-12-12#t361w0,2019-12-12,Ms. Mitton,Debate on Second Reading of Bill 11,320,1.0,383,2.46347,2.71948,0.90586
2019-12-12#t361w1,2019-12-12,Ms. Mitton,Debate on Second Reading of Bill 11,352,1.0,415,2.68922,3.05551,0.88012
2019-12-12#t361w2,2019-12-12,Ms. Mitton,Debate on Second Reading of Bill 11,294,1.0,364,3.07123,3.15818,0.97247
2019-12-12#t361w3,2019-12-12,Ms. Mitton,Debate on Second Reading of Bill 11,196,1.0,230,3.49225,3.27473,1.06642
2019-12-12#t362w0,2019-12-12,,7. Educate children and youth.,348,1.0,396,2.94999,2.99632,0.98454
2019-12-12#t362w1,2019-12-12,,7. Educate children and youth.,360,1.0,422,3.12184,3.13542,0.99567
2019-12-12#t362w2,2019-12-12,,7. Educate children and youth.,252,1.0,289,2.88826,3.08527,0.93615
2019-12-12#t362w3,2019-12-12,,7. Educate children and youth.,358,1.0,411,2.95752,2.88529,1.02503
2019-12-12#t362w4,2019-12-12,,7. Educate children and youth.,211,1.0,237,2.852,3.00921,0.94776
2019-12-12#t364w0,2019-12-12,Mr. Speaker,7. Educate children and youth.,164,1.0,212,3.19931,3.26159,0.98091
2019-12-12#t365w0,2019-12-12,Ms. Rogers,Debate on Motion,322,1.0,380,2.87245,3.01008,0.95428
2019-12-12#t365w1,2019-12-12,Ms. Rogers,Debate on Motion,348,1.0,402,3.17293,3.00173,1.05703
2019-12-12#t365w2,2019-12-12,Ms. Rogers,Debate on Motion,274,1.0,328,3.09015,2.90635,1.06324
2019-12-12#t365w3,2019-12-12,Ms. Rogers,Debate on Motion,301,1.0,349,3.41835,3.13951,1.08882
2019-12-12#t365w4,2019-12-12,Ms. Rogers,Debate on Motion,325,1.0,388,3.35801,3.09575,1.08471
2019-12-12#t365w5,2019-12-12,Ms. Rogers,Debate on Motion,321,1.0,367,3.08945,3.24081,0.9533
2019-12-12#t365w6,2019-12-12,Ms. Rogers,Debate on Motion,70,1.0,81,3.32608,3.47289,0.95772
2019-12-12#t366w0,2019-12-12,Mr. Coon,Debate on Motion,311,1.0,383,2.85826,2.96834,0.96291
2019-12-12#t366w1,2019-12-12,Mr. Coon,Debate on Motion,290,1.0,326,3.46841,3.29686,1.05203
2019-12-12#t366w2,2019-12-12,Mr. Coon,Debate on Motion,292,1.0,337,3.38264,3.51578,0.96213
2019-12-12#t366w3,2019-12-12,Mr. Coon,Debate on Motion,360,1.0,419,2.86801,2.92067,0.98197
2019-12-12#t366w4,2019-12-12,Mr. Coon,Debate on Motion,335,1.0,399,2.93499,3.06973,0.95611
2019-12-12#t366w5,2019-12-12,Mr. Coon,Debate on Motion,305,1.0,399,3.10281,2.93261,1.05804
2019-12-12#t368w0,2019-12-12,Mr. LePage,Introduction of Guests,107,0.364,167,3.36634,3.34378,1.00675
2019-12-12#t371w0,2019-12-12,Mr. McKee,Debate on Proposed Amendment,239,1.0,269,3.10131,3.21453,0.96478
2019-12-12#t374w0,2019-12-12,Mr. K. Arseneau,Debate on Proposed Amendment,354,0.062,453,3.44553,3.25676,1.05796
2019-12-12#t374w1,2019-12-12,Mr. K. Arseneau,Debate on Proposed Amendment,304,0.0,377,3.49506,3.14297,1.11203
2019-12-12#t374w2,2019-12-12,Mr. K. Arseneau,Debate on Proposed Amendment,61,0.0,75,3.63587,3.84876,0.94468
2019-12-12#t376w0,2019-12-12,Ms. Mitton,Debate on Proposed Amendment,292,1.0,348,2.75822,2.75927,0.99962
2019-12-12#t376w1,2019-12-12,Ms. Mitton,Debate on Proposed Amendment,210,1.0,239,2.9193,3.08114,0.94747
2019-12-12#t379w0,2019-12-12,Ms. Mitton,Debate on Proposed Amendment,168,1.0,191,3.04125,3.01217,1.00965
2019-12-12#t380w0,2019-12-12,Mr. G. Arseneault,Debate on Proposed Amendment,241,1.0,289,2.97597,3.15627,0.94288
2019-12-12#t382w0,2019-12-12,Mr. Austin,Debate on Proposed Amendment,135,1.0,158,3.32281,3.42887,0.96907
2019-12-12#t383w0,2019-12-12,Mr. Speaker,Debate on Proposed Amendment,51,1.0,65,4.00107,3.97163,1.00741
2019-12-12#t385w0,2019-12-12,Hon. Mr. Holland,Debate on Motion 3,313,1.0,355,3.06303,3.0618,1.0004
2019-12-12#t385w1,2019-12-12,Hon. Mr. Holland,Debate on Motion 3,310,1.0,344,3.3249,3.23977,1.02628
2019-12-12#t385w2,2019-12-12,Hon. Mr. Holland,Debate on Motion 3,332,1.0,368,3.15153,3.25602,0.96791
2019-12-12#t385w3,2019-12-12,Hon. Mr. Holland,Debate on Motion 3,343,1.0,372,3.04412,3.07406,0.99026
2019-12-12#t385w4,2019-12-12,Hon. Mr. Holland,Debate on Motion 3,301,1.0,342,3.26385,3.26629,0.99925
2019-12-12#t385w5,2019-12-12,Hon. Mr. Holland,Debate on Motion 3,316,1.0,353,3.12153,3.10714,1.00463
2019-12-12#t385w6,2019-12-12,Hon. Mr. Holland,Debate on Motion 3,238,1.0,267,3.1187,3.21649,0.9696
2019-12-12#t385w7,2019-12-12,Hon. Mr. Holland,Debate on Motion 3,303,1.0,373,3.18166,3.16647,1.00479
2019-12-12#t391w0,2019-12-12,Mr. Harvey,Debate on Proposed Amendment to Motion 3,283,1.0,336,2.78424,2.98879,0.93156
2019-12-12#t391w1,2019-12-12,Mr. Harvey,Debate on Proposed Amendment to Motion 3,326,1.0,376,2.94841,2.93245,1.00544
2019-12-12#t392w0,2019-12-12,Mr. Harvey,Debate on Proposed Amendment to Motion 3,288,1.0,351,2.97712,3.05667,0.97398
2019-12-12#t392w1,2019-12-12,Mr. Harvey,Debate on Proposed Amendment to Motion 3,319,1.0,362,2.93527,3.15443,0.93052
2019-12-12#t392w2,2019-12-12,Mr. Harvey,Debate on Proposed Amendment to Motion 3,301,1.0,362,3.02594,3.01551,1.00346
2019-12-12#t392w3,2019-12-12,Mr. Harvey,Debate on Proposed Amendment to Motion 3,292,1.0,335,3.0961,3.04349,1.01729
2019-12-12#t392w4,2019-12-12,Mr. Harvey,Debate on Proposed Amendment to Motion 3,356,1.0,447,3.00826,2.99471,1.00452
2019-12-12#t396w0,2019-12-12,Mr. Speaker,Debate on Proposed Subamendment,127,1.0,164,3.21445,3.16486,1.01567
2019-12-12#t398w0,2019-12-12,Hon. Mr. Carr,Debate on Proposed Subamendment,235,1.0,290,2.95351,3.14682,0.93857
2019-12-12#t398w1,2019-12-12,Hon. Mr. Carr,Debate on Proposed Subamendment,256,1.0,290,3.34151,3.26142,1.02456
2019-12-12#t398w2,2019-12-12,Hon. Mr. Carr,Debate on Proposed Subamendment,299,1.0,345,3.05501,3.28797,0.92915
2019-12-12#t398w3,2019-12-12,Hon. Mr. Carr,Debate on Proposed Subamendment,345,1.0,397,3.0635,2.98459,1.02644
2019-12-12#t398w4,2019-12-12,Hon. Mr. Carr,Debate on Proposed Subamendment,234,1.0,267,3.13802,3.22702,0.97242
2019-12-12#t400w0,2019-12-12,Hon. Mr. Carr,Debate on Proposed Subamendment,321,1.0,382,3.24442,3.28252,0.98839
2019-12-12#t400w1,2019-12-12,Hon. Mr. Carr,Debate on Proposed Subamendment,253,1.0,286,3.00031,3.2317,0.9284
2019-12-12#t404w0,2019-12-12,Hon. Mr. Carr,Debate on Motion 3,132,1.0,155,3.55968,3.24885,1.09567
2019-12-12#t405w0,2019-12-12,Mr. Bourque,Debate on Motion 3,345,0.0,409,3.11629,3.10433,1.00385
2019-12-12#t405w1,2019-12-12,Mr. Bourque,Debate on Motion 3,302,0.0,367,2.85947,3.097,0.9233
2019-12-12#t406w0,2019-12-12,Ms. Rogers,Debate on Motion 3,339,1.0,386,3.09361,2.91278,1.06208
2019-12-12#t406w1,2019-12-12,Ms. Rogers,Debate on Motion 3,328,1.0,371,3.20992,3.25747,0.9854
2019-12-12#t406w2,2019-12-12,Ms. Rogers,Debate on Motion 3,330,1.0,381,3.13197,3.00556,1.04206
2019-12-12#t407w0,2019-12-12,Mr. Speaker read the amended motion as follows,Debate on Motion 3,173,1.0,218,2.90198,2.99351,0.96942
2019-12-12#t410w0,2019-12-12,,Debate on Motion 4,348,1.0,403,2.80077,2.93869,0.95307
2019-12-12#t410w1,2019-12-12,,Debate on Motion 4,249,1.0,280,2.94919,3.01075,0.97955
2019-12-12#t412w0,2019-12-12,Mr. D’Amours,Debate on Motion 4,358,0.0,417,3.02356,2.93367,1.03064
2019-12-12#t412w1,2019-12-12,Mr. D’Amours,Debate on Motion 4,341,0.0,410,2.85197,2.7558,1.0349
