seg_id,date,speaker,section,n_words,orig_frac,n_tok,logppl,xppl,score
2025-10-21#t0w0,2025-10-21,,,78,1.0,115,2.83276,3.05891,0.92607
2025-10-21#t2w0,2025-10-21,Her Honour,Her Honour entered the Chamber.,358,0.712,464,2.37465,2.36881,1.00247
2025-10-21#t2w1,2025-10-21,Her Honour,Her Honour entered the Chamber.,316,0.275,404,2.54079,2.75865,0.92103
2025-10-21#t2w2,2025-10-21,Her Honour,Her Honour entered the Chamber.,329,0.787,419,2.37471,2.3843,0.99598
2025-10-21#t2w3,2025-10-21,Her Honour,Her Honour entered the Chamber.,350,0.537,416,2.27115,2.34208,0.96972
2025-10-21#t2w4,2025-10-21,Her Honour,Her Honour entered the Chamber.,355,0.487,438,2.29446,2.28017,1.00627
2025-10-21#t2w5,2025-10-21,Her Honour,Her Honour entered the Chamber.,334,0.449,423,2.47123,2.49514,0.99042
2025-10-21#t2w6,2025-10-21,Her Honour,Her Honour entered the Chamber.,358,0.617,429,2.62414,2.58092,1.01674
2025-10-21#t3w0,2025-10-21,,Seniors and long-term care,267,0.479,331,2.70728,2.47372,1.09442
2025-10-21#t4w0,2025-10-21,,Affordability and housing,354,0.582,416,2.54043,2.49968,1.0163
2025-10-21#t4w1,2025-10-21,,Affordability and housing,300,0.753,392,2.50338,2.54291,0.98445
2025-10-21#t4w2,2025-10-21,,Affordability and housing,339,0.425,429,2.7094,2.62145,1.03355
2025-10-21#t4w3,2025-10-21,,Affordability and housing,349,0.504,424,2.45022,2.46046,0.99584
2025-10-21#t4w4,2025-10-21,,Affordability and housing,337,0.457,434,2.41703,2.4419,0.98982
2025-10-21#t4w5,2025-10-21,,Affordability and housing,287,0.53,358,2.54513,2.56374,0.99274
2025-10-21#t4w6,2025-10-21,,Affordability and housing,357,0.476,425,2.57639,2.55921,1.00671
2025-10-21#t4w7,2025-10-21,,Affordability and housing,342,0.48,413,2.59268,2.61507,0.99144
2025-10-21#t4w8,2025-10-21,,Affordability and housing,315,0.511,376,2.33218,2.48192,0.93967
2025-10-21#t4w9,2025-10-21,,Affordability and housing,338,0.595,403,2.41198,2.56116,0.94175
2025-10-21#t4w10,2025-10-21,,Affordability and housing,330,0.512,386,2.38877,2.36186,1.01139
2025-10-21#t4w11,2025-10-21,,Affordability and housing,151,0.219,194,2.63468,2.50631,1.05122
2025-10-21#t5w0,2025-10-21,Madam Speaker,Affordability and housing,315,0.238,419,2.09098,2.2506,0.92907
2025-10-21#t5w1,2025-10-21,Madam Speaker,Affordability and housing,256,0.164,322,2.16767,2.14487,1.01063
2025-10-21#t5w2,2025-10-21,Madam Speaker,Affordability and housing,333,0.066,443,2.60465,2.39061,1.08953
2025-10-21#t5w3,2025-10-21,Madam Speaker,Affordability and housing,326,0.313,406,2.41372,2.5663,0.94055
2025-10-21#t5w4,2025-10-21,Madam Speaker,Affordability and housing,350,0.0,457,2.4936,2.54798,0.97866
2025-10-21#t5w5,2025-10-21,Madam Speaker,Affordability and housing,341,0.22,430,2.67561,2.58092,1.03669
2025-10-21#t5w6,2025-10-21,Madam Speaker,Affordability and housing,264,0.125,323,2.45919,2.63052,0.93487
2025-10-21#t6w0,2025-10-21,"Ms. Vautour, as seconder, spoke as follows",Affordability and housing,299,0.217,348,2.39153,2.39567,0.99827
2025-10-21#t6w1,2025-10-21,"Ms. Vautour, as seconder, spoke as follows",Affordability and housing,329,0.231,424,2.37278,2.44542,0.97029
2025-10-21#t6w2,2025-10-21,"Ms. Vautour, as seconder, spoke as follows",Affordability and housing,321,0.0,382,2.65434,2.73325,0.97113
2025-10-21#t6w3,2025-10-21,"Ms. Vautour, as seconder, spoke as follows",Affordability and housing,335,0.352,405,2.58276,2.65966,0.97108
2025-10-21#t6w4,2025-10-21,"Ms. Vautour, as seconder, spoke as follows",Affordability and housing,272,0.044,319,2.82651,2.88431,0.97996
2025-10-21#t6w5,2025-10-21,"Ms. Vautour, as seconder, spoke as follows",Affordability and housing,284,0.056,339,2.89329,2.86065,1.01141
2025-10-21#t6w6,2025-10-21,"Ms. Vautour, as seconder, spoke as follows",Affordability and housing,145,0.324,193,2.30192,2.30123,1.0003
2025-10-21#t7w0,2025-10-21,,Affordability and housing,61,0.574,90,2.55792,2.7472,0.9311
2025-10-22#t8w0,2025-10-22,Hon. Ms. Thériault,Affordability and housing,178,0.0,260,2.59816,2.57183,1.01024
2025-10-22#t9w0,2025-10-22,Hon. Mr. Gauvin,Affordability and housing,212,0.0,294,2.49243,2.35513,1.0583
2025-10-22#t10w0,2025-10-22,Ms. Bockus,Affordability and housing,275,1.0,357,2.29375,2.18236,1.05104
2025-10-22#t11w0,2025-10-22,Mr. Coon,Affordability and housing,184,0.978,235,2.19419,2.35931,0.93001
2025-10-22#t12w0,2025-10-22,Mr. Doucet,Affordability and housing,153,0.0,194,3.2068,3.00517,1.06709
2025-10-22#t13w0,2025-10-22,Mr. Savoie,Affordability and housing,183,0.951,225,2.2771,2.28314,0.99735
2025-10-22#t14w0,2025-10-22,Ms. Mitton,Affordability and housing,132,1.0,170,1.91162,2.12779,0.89841
2025-10-22#t15w0,2025-10-22,Hon. Ms. Thériault,Affordability and housing,184,0.0,228,2.80175,2.82141,0.99303
2025-10-22#t16w0,2025-10-22,Mr. Savoie,Affordability and housing,131,1.0,159,2.17881,2.13714,1.0195
2025-10-22#t17w0,2025-10-22,Mr. Johnston,Affordability and housing,219,0.932,284,2.22177,2.23694,0.99322
2025-10-22#t18w0,2025-10-22,Mr. Russell,Affordability and housing,144,1.0,169,2.02661,2.27758,0.88981
2025-10-22#t19w0,2025-10-22,Mr. Coon,Affordability and housing,166,0.976,195,2.57008,2.57499,0.99809
2025-10-22#t20w0,2025-10-22,Ms. Sodhi,Affordability and housing,164,1.0,194,2.32507,2.29678,1.01232
2025-10-22#t21w0,2025-10-22,Mr. Oliver,Affordability and housing,135,0.97,165,2.69495,2.6796,1.00573
2025-10-22#t22w0,2025-10-22,Mr. Arseneault,Affordability and housing,146,0.596,187,2.17782,2.18301,0.99762
2025-10-22#t23w0,2025-10-22,Ms. Scott-Wallace,Affordability and housing,129,1.0,155,2.82978,2.59254,1.09151
2025-10-22#t24w0,2025-10-22,Mr. Doucet,Affordability and housing,99,0.0,126,2.69111,2.4739,1.0878
2025-10-22#t25w0,2025-10-22,Mr. Cullins,Affordability and housing,143,1.0,164,3.05469,2.68511,1.13764
2025-10-22#t26w0,2025-10-22,Mr. Mallet,Affordability and housing,120,0.0,146,2.73572,2.63465,1.03836
2025-10-22#t27w0,2025-10-22,Ms. S. Wilson,Affordability and housing,140,1.0,183,3.06069,3.07509,0.99532
2025-10-22#t28w0,2025-10-22,Mr. M. LeBlanc,Affordability and housing,56,1.0,71,2.86268,3.23466,0.885
2025-10-22#t32w0,2025-10-22,Mr. Savoie,Affordability and housing,162,1.0,202,2.50307,2.6482,0.9452
2025-10-22#t33w0,2025-10-22,Hon. Ms. Holt,Affordability and housing,180,0.0,211,2.49156,2.73122,0.91226
2025-10-22#t34w0,2025-10-22,Mr. Savoie,Affordability and housing,192,1.0,233,2.40539,2.4799,0.96995
2025-10-22#t35w0,2025-10-22,Hon. Ms. Holt,Affordability and housing,188,0.968,225,2.5346,2.35333,1.07702
2025-10-22#t36w0,2025-10-22,Mr. Savoie,Affordability and housing,182,1.0,220,2.76158,2.61212,1.05722
2025-10-22#t37w0,2025-10-22,Hon. Ms. Holt,Affordability and housing,214,1.0,252,2.52437,2.52532,0.99962
2025-10-22#t38w0,2025-10-22,Mr. Savoie,Affordability and housing,186,1.0,231,2.91496,2.66121,1.09535
2025-10-22#t39w0,2025-10-22,Hon. Ms. Holt,Affordability and housing,192,0.719,233,2.63237,2.58156,1.01968
2025-10-22#t40w0,2025-10-22,Mr. Savoie,Affordability and housing,104,1.0,123,2.87148,2.83744,1.012
2025-10-22#t41w0,2025-10-22,Hon. Ms. Holt,Affordability and housing,174,0.0,204,2.49072,2.57332,0.9679
2025-10-22#t42w0,2025-10-22,Mr. Savoie,Affordability and housing,160,1.0,190,3.08645,2.8866,1.06923
2025-10-22#t43w0,2025-10-22,Hon. Ms. Holt,Affordability and housing,176,1.0,196,2.5924,2.58142,1.00425
2025-10-22#t44w0,2025-10-22,Mr. Savoie,Affordability and housing,159,1.0,204,2.35373,2.4846,0.94733
2025-10-22#t45w0,2025-10-22,Hon. Ms. Holt,Affordability and housing,185,1.0,220,2.73685,2.72196,1.00547
2025-10-22#t46w0,2025-10-22,Mr. Savoie,Affordability and housing,108,1.0,126,2.75783,2.7238,1.0125
2025-10-22#t47w0,2025-10-22,Hon. C. Johnson,Affordability and housing,102,1.0,122,2.51141,2.73947,0.91675
2025-10-22#t48w0,2025-10-22,Mr. Savoie,Affordability and housing,169,1.0,209,2.62385,2.74402,0.9562
2025-10-22#t49w0,2025-10-22,Hon. C. Johnson,Affordability and housing,108,1.0,134,2.65499,2.56477,1.03517
2025-10-22#t50w0,2025-10-22,Mr. Savoie,Affordability and housing,136,1.0,151,3.01059,3.12813,0.96242
2025-10-22#t51w0,2025-10-22,L’hon. C. Johnson,Affordability and housing,135,0.0,153,2.23483,2.49699,0.89501
2025-10-22#t52w0,2025-10-22,Mr. Savoie,Affordability and housing,148,1.0,193,2.66627,2.56558,1.03925
2025-10-22#t53w0,2025-10-22,Hon. C. Johnson,Affordability and housing,143,1.0,185,2.67427,2.46896,1.08316
2025-10-22#t54w0,2025-10-22,Mr. Savoie,Affordability and housing,184,1.0,223,2.62709,2.64491,0.99326
2025-10-22#t55w0,2025-10-22,Hon. Ms. Holt,Affordability and housing,214,1.0,240,3.1135,3.1463,0.98958
2025-10-22#t56w0,2025-10-22,Mr. Savoie,Affordability and housing,174,1.0,212,2.70354,2.51035,1.07696
2025-10-22#t57w0,2025-10-22,Hon. C. Johnson,Affordability and housing,137,0.0,163,3.0418,2.94945,1.03131
2025-10-22#t58w0,2025-10-22,Mr. Savoie,Affordability and housing,102,1.0,121,2.44069,2.41609,1.01018
2025-10-22#t59w0,2025-10-22,Hon. C. Johnson,Affordability and housing,155,1.0,194,2.31517,2.20176,1.05151
2025-10-22#t60w0,2025-10-22,Mr. Coon,Affordability and housing,165,1.0,197,2.23599,2.33322,0.95833
2025-10-22#t61w0,2025-10-22,Hon. Mr. Dornan,Affordability and housing,111,1.0,128,2.93837,2.55309,1.1509
2025-10-22#t62w0,2025-10-22,Mr. Coon,Affordability and housing,127,0.0,155,2.46803,2.3117,1.06762
2025-10-22#t63w0,2025-10-22,Hon. Mr. Dornan,Affordability and housing,140,1.0,172,2.78272,2.76934,1.00483
2025-10-22#t64w0,2025-10-22,Ms. Mitton,Affordability and housing,141,1.0,174,2.72106,2.64431,1.02902
2025-10-22#t65w0,2025-10-22,Hon. Mr. Legacy,Affordability and housing,150,0.0,179,2.62188,2.79702,0.93738
2025-10-22#t66w0,2025-10-22,Ms. Mitton,Affordability and housing,163,1.0,203,2.97987,3.01806,0.98735
2025-10-22#t67w0,2025-10-22,Hon. Mr. Legacy,Affordability and housing,138,0.0,177,2.87223,2.87049,1.00061
2025-10-22#t68w0,2025-10-22,Mr. Savoie,Affordability and housing,76,1.0,97,2.91176,2.66522,1.09251
2025-10-22#t69w0,2025-10-22,Hon. C. Johnson,Affordability and housing,151,0.0,173,2.79656,2.697,1.03691
2025-10-22#t70w0,2025-10-22,Mr. Savoie,Affordability and housing,117,1.0,147,2.7839,2.82741,0.98461
2025-10-22#t71w0,2025-10-22,Hon. C. Johnson,Affordability and housing,98,1.0,124,2.69971,2.72723,0.98991
2025-10-22#t72w0,2025-10-22,Mr. Savoie,Affordability and housing,124,1.0,141,2.32858,2.43172,0.95759
2025-10-22#t73w0,2025-10-22,Hon. C. Johnson,Affordability and housing,119,1.0,141,3.06074,2.78865,1.09757
2025-10-22#t74w0,2025-10-22,Mr. Savoie,Affordability and housing,145,1.0,170,2.38946,2.3158,1.03181
2025-10-22#t75w0,2025-10-22,Hon. Ms. Holt,Affordability and housing,195,0.769,221,2.55575,2.53567,1.00792
2025-10-22#t78w0,2025-10-22,Mr. Johnston,Affordability and housing,109,0.881,149,2.76795,2.68936,1.02922
2025-10-22#t80w0,2025-10-22,Hon. Mr. Dornan,Affordability and housing,231,0.701,280,2.14229,2.30662,0.92876
2025-10-22#t81w0,2025-10-22,Mr. Savoie,Affordability and housing,291,1.0,350,2.30848,2.54876,0.90573
2025-10-22#t81w1,2025-10-22,Mr. Savoie,Affordability and housing,87,1.0,99,3.67467,3.71033,0.99039
2025-10-22#t82w0,2025-10-22,M. Coon,Affordability and housing,293,0.986,348,2.36979,2.42408,0.9776
2025-10-22#t83w0,2025-10-22,Hon. C. Johnson,Affordability and housing,141,0.39,168,2.23795,2.33042,0.96032
2025-10-22#t84w0,2025-10-22,Mr. Lee,Affordability and housing,163,1.0,194,2.55007,2.62383,0.97189
2025-10-22#t85w0,2025-10-22,Ms. Mitton,Affordability and housing,188,0.782,221,2.68995,2.70213,0.99549
2025-10-22#t86w0,2025-10-22,Hon. Mr. Randall,Affordability and housing,252,0.984,305,1.90476,1.98574,0.95922
2025-10-22#t87w0,2025-10-22,Ms. M. Wilson,Affordability and housing,191,1.0,248,2.18758,2.21218,0.98888
2025-10-22#t88w0,2025-10-22,Ms. Mitton,Affordability and housing,343,0.825,413,2.56409,2.44169,1.05013
2025-10-22#t89w0,2025-10-22,Ms. Scott-Wallace,Affordability and housing,207,1.0,243,2.46447,2.58998,0.95154
2025-10-22#t90w0,2025-10-22,Ms. Mitton,Affordability and housing,187,0.663,230,2.26976,2.30317,0.9855
2025-10-22#t91w0,2025-10-22,Hon. Mr. LePage,Affordability and housing,237,0.401,292,2.52757,2.42519,1.04221
2025-10-22#t92w0,2025-10-22,Ms. S. Wilson,Affordability and housing,200,1.0,253,2.27632,2.42922,0.93706
2025-10-22#t93w0,2025-10-22,Ms. Mitton,Affordability and housing,250,0.984,313,1.74565,1.95677,0.89211
2025-10-22#t94w0,2025-10-22,Hon. Mr. Hickey,Affordability and housing,281,0.829,332,2.76366,2.63265,1.04976
2025-10-22#t95w0,2025-10-22,Ms. Conroy,Affordability and housing,253,1.0,304,2.36032,2.37855,0.99234
2025-10-22#t97w0,2025-10-22,Mr. Coon,Affordability and housing,298,0.987,363,2.52671,2.38842,1.0579
2025-10-22#t98w0,2025-10-22,Ms. Mitton,Affordability and housing,290,0.931,366,2.67547,2.66974,1.00214
2025-10-22#t100w0,2025-10-22,Madam Speaker,Affordability and housing,186,0.86,244,2.2093,2.23551,0.98827
2025-10-22#t101w0,2025-10-22,Hon. Mr. Legacy,Affordability and housing,284,0.782,373,2.13443,2.0126,1.06053
2025-10-22#t101w1,2025-10-22,Hon. Mr. Legacy,Affordability and housing,345,0.988,428,2.50662,2.44981,1.02319
2025-10-22#t101w2,2025-10-22,Hon. Mr. Legacy,Affordability and housing,326,1.0,407,2.26554,2.17695,1.0407
2025-10-22#t101w3,2025-10-22,Hon. Mr. Legacy,Affordability and housing,359,0.708,487,2.18392,2.28257,0.95678
2025-10-22#t101w4,2025-10-22,Hon. Mr. Legacy,Affordability and housing,315,1.0,411,2.46289,2.44056,1.00915
2025-10-22#t101w5,2025-10-22,Hon. Mr. Legacy,Affordability and housing,348,1.0,442,2.38742,2.29268,1.04133
2025-10-22#t101w6,2025-10-22,Hon. Mr. Legacy,Affordability and housing,333,1.0,424,2.62339,2.50316,1.04803
2025-10-22#t101w7,2025-10-22,Hon. Mr. Legacy,Affordability and housing,346,1.0,458,2.32404,2.34262,0.99207
2025-10-22#t101w8,2025-10-22,Hon. Mr. Legacy,Affordability and housing,357,1.0,449,2.26252,2.14436,1.0551
2025-10-22#t102w0,2025-10-22,Mr. M. LeBlanc,Affordability and housing,283,0.636,359,2.22385,2.30023,0.9668
2025-10-22#t102w1,2025-10-22,Mr. M. LeBlanc,Affordability and housing,343,1.0,387,2.28414,2.58139,0.88485
2025-10-22#t102w2,2025-10-22,Mr. M. LeBlanc,Affordability and housing,322,0.311,373,2.4271,2.4887,0.97525
2025-10-22#t102w3,2025-10-22,Mr. M. LeBlanc,Affordability and housing,335,0.531,386,2.328,2.556,0.9108
2025-10-22#t102w4,2025-10-22,Mr. M. LeBlanc,Affordability and housing,264,1.0,318,2.56134,2.50165,1.02386
2025-10-22#t102w5,2025-10-22,Mr. M. LeBlanc,Affordability and housing,357,0.734,456,2.71626,2.79484,0.97188
2025-10-22#t102w6,2025-10-22,Mr. M. LeBlanc,Affordability and housing,348,1.0,455,2.75542,2.6983,1.02117
2025-10-22#t102w7,2025-10-22,Mr. M. LeBlanc,Affordability and housing,348,1.0,490,2.41163,2.42773,0.99337
2025-10-22#t102w8,2025-10-22,Mr. M. LeBlanc,Affordability and housing,360,0.339,445,2.8325,2.71474,1.04338
2025-10-22#t102w9,2025-10-22,Mr. M. LeBlanc,Affordability and housing,326,0.54,388,2.93323,2.96524,0.9892
2025-10-22#t102w10,2025-10-22,Mr. M. LeBlanc,Affordability and housing,348,0.546,430,3.06644,3.03237,1.01123
2025-10-22#t102w11,2025-10-22,Mr. M. LeBlanc,Affordability and housing,333,0.859,422,2.80223,2.74577,1.02056
2025-10-22#t102w12,2025-10-22,Mr. M. LeBlanc,Affordability and housing,324,0.0,370,2.73562,2.87015,0.95313
2025-10-22#t102w13,2025-10-22,Mr. M. LeBlanc,Affordability and housing,259,1.0,296,2.65784,2.7268,0.97471
2025-10-22#t102w14,2025-10-22,Mr. M. LeBlanc,Affordability and housing,355,0.645,407,2.66438,2.81785,0.94554
2025-10-22#t102w15,2025-10-22,Mr. M. LeBlanc,Affordability and housing,327,0.63,369,2.99385,2.86154,1.04624
2025-10-22#t102w16,2025-10-22,Mr. M. LeBlanc,Affordability and housing,311,0.685,358,2.64802,2.76693,0.95703
2025-10-22#t102w17,2025-10-22,Mr. M. LeBlanc,Affordability and housing,335,0.734,383,2.56928,2.6427,0.97222
2025-10-22#t102w18,2025-10-22,Mr. M. LeBlanc,Affordability and housing,298,1.0,362,2.75447,2.7648,0.99626
2025-10-23#t104w0,2025-10-23,Madam Speaker,Affordability and housing,100,0.77,136,1.92129,2.17963,0.88148
2025-10-24#t105w0,2025-10-24,Mr. Monahan,Affordability and housing,62,1.0,82,2.55344,2.53937,1.00554
2025-10-24#t106w0,2025-10-24,Madam Speaker,Affordability and housing,177,0.548,231,2.24375,2.31346,0.96987
2025-10-24#t107w0,2025-10-24,Mr. Robichaud,Affordability and housing,167,0.0,225,1.94519,2.07888,0.93569
2025-10-24#t108w0,2025-10-24,Mr. Ames,Affordability and housing,239,1.0,303,2.1684,2.37031,0.91482
2025-10-24#t109w0,2025-10-24,Mr. Monahan,Affordability and housing,172,1.0,225,2.2142,2.40822,0.91944
2025-10-24#t110w0,2025-10-24,Ms. M. Wilson,Affordability and housing,160,1.0,202,2.41867,2.4314,0.99476
2025-10-24#t111w0,2025-10-24,Hon. Ms. Boudreau,Affordability and housing,222,0.054,278,2.40015,2.45901,0.97606
2025-10-24#t112w0,2025-10-24,Ms. S. Wilson,Affordability and housing,156,1.0,200,2.177,2.37632,0.91612
2025-10-24#t113w0,2025-10-24,Mr. Coon,Affordability and housing,176,0.869,228,3.27995,2.9825,1.09973
2025-10-24#t114w0,2025-10-24,Hon. Mr. D’Amours,Affordability and housing,157,0.0,221,2.67838,2.67661,1.00066
2025-10-24#t115w0,2025-10-24,Ms. Mitton,Affordability and housing,177,1.0,228,2.08548,2.22863,0.93577
2025-10-24#t116w0,2025-10-24,Mr. M. LeBlanc,Affordability and housing,176,0.0,248,2.4909,2.50574,0.99408
2025-10-24#t117w0,2025-10-24,Ms. M. Wilson,Affordability and housing,137,1.0,167,2.77536,2.75683,1.00672
2025-10-24#t118w0,2025-10-24,Ms. Mitton,Affordability and housing,142,1.0,192,2.38157,2.22583,1.06997
2025-10-24#t119w0,2025-10-24,Mr. Johnston,Affordability and housing,160,1.0,194,2.07326,2.2599,0.91741
2025-10-24#t120w0,2025-10-24,Mr. Monahan,Affordability and housing,126,1.0,152,2.64556,2.62175,1.00908
2025-10-24#t121w0,2025-10-24,Ms. Vautour,Affordability and housing,149,0.0,176,2.54072,2.65903,0.95551
2025-10-24#t122w0,2025-10-24,Mr. Ames,Affordability and housing,141,1.0,179,2.64739,2.72004,0.97329
2025-10-24#t123w0,2025-10-24,Mr. J. LeBlanc,Affordability and housing,124,0.403,155,2.42961,2.16682,1.12128
2025-10-24#t124w0,2025-10-24,Ms. M. Johnson,Affordability and housing,126,1.0,153,2.75926,2.78901,0.98933
2025-10-24#t125w0,2025-10-24,Mr. Robichaud,Affordability and housing,119,0.412,148,2.4022,2.2633,1.06137
2025-10-24#t126w0,2025-10-24,Mr. Lee,Affordability and housing,123,1.0,152,2.9115,2.91716,0.99806
2025-10-24#t127w0,2025-10-24,Mr. Savoie,Affordability and housing,79,0.899,107,2.59889,2.62237,0.99105
2025-10-24#t128w0,2025-10-24,Hon. Ms. Holt,Affordability and housing,166,0.964,201,2.46658,2.51162,0.98207
2025-10-24#t129w0,2025-10-24,Mr. Savoie,Affordability and housing,180,1.0,219,2.79554,2.71625,1.02919
2025-10-24#t130w0,2025-10-24,Hon. Ms. Holt,Affordability and housing,145,0.131,175,2.90877,2.89936,1.00325
2025-10-24#t131w0,2025-10-24,Mr. Savoie,Affordability and housing,77,1.0,100,2.9292,2.80509,1.04425
2025-10-24#t132w0,2025-10-24,Hon. Ms. Holt,Affordability and housing,133,1.0,172,2.75687,2.69086,1.02453
2025-10-24#t133w0,2025-10-24,Mr. Savoie,Affordability and housing,112,1.0,124,2.82477,2.95339,0.95645
2025-10-24#t134w0,2025-10-24,Hon. Ms. Holt,Affordability and housing,194,1.0,240,2.46683,2.31484,1.06566
2025-10-24#t135w0,2025-10-24,Mr. Savoie,Affordability and housing,77,1.0,98,3.78718,3.13395,1.20844
2025-10-24#t136w0,2025-10-24,Hon. Ms. Holt,Affordability and housing,158,0.0,184,2.79202,2.5738,1.08479
2025-10-24#t137w0,2025-10-24,Mr. Savoie,Affordability and housing,73,1.0,85,3.27167,2.79569,1.17025
2025-10-24#t138w0,2025-10-24,Hon. Mr. Dornan,Affordability and housing,143,1.0,184,2.46993,2.42334,1.01923
2025-10-24#t139w0,2025-10-24,Mr. Austin,Affordability and housing,132,1.0,172,2.94302,2.74539,1.07199
2025-10-24#t140w0,2025-10-24,Hon. Mr. Legacy,Affordability and housing,194,1.0,240,2.70154,2.64565,1.02113
2025-10-24#t141w0,2025-10-24,Mr. Austin,Affordability and housing,161,1.0,196,2.67491,2.67338,1.00057
2025-10-24#t142w0,2025-10-24,Hon. M. Legacy,Affordability and housing,92,0.0,110,2.84806,2.60606,1.09286
2025-10-24#t143w0,2025-10-24,Mr. Austin,Affordability and housing,186,1.0,217,2.42815,2.39425,1.01416
2025-10-24#t144w0,2025-10-24,Hon. Mr. Randall,Affordability and housing,102,1.0,112,2.77707,2.8665,0.9688
2025-10-24#t145w0,2025-10-24,Mr. Lee,Affordability and housing,163,1.0,199,2.91279,2.68735,1.08389
2025-10-24#t146w0,2025-10-24,Hon. C. Johnson,Affordability and housing,135,1.0,158,2.68773,2.6232,1.0246
2025-10-24#t147w0,2025-10-24,Mr. Lee,Affordability and housing,182,1.0,211,2.92871,3.15346,0.92873
2025-10-24#t148w0,2025-10-24,Hon. C. Johnson,Affordability and housing,84,1.0,101,3.0586,3.2211,0.94955
2025-10-24#t149w0,2025-10-24,Mr. Lee,Affordability and housing,154,1.0,183,3.12725,2.89476,1.08031
2025-10-24#t150w0,2025-10-24,Hon. C. Johnson,Affordability and housing,108,1.0,134,2.9533,2.9362,1.00582
2025-10-24#t151w0,2025-10-24,Mr. Monahan,Affordability and housing,180,1.0,244,2.18949,2.39037,0.91596
2025-10-24#t152w0,2025-10-24,Hon. Mr. Randall,Affordability and housing,174,1.0,207,2.59998,2.56874,1.01216
2025-10-24#t153w0,2025-10-24,Mr. Monahan,Affordability and housing,168,0.0,204,2.42816,2.42683,1.00055
2025-10-24#t154w0,2025-10-24,Hon. Mr. Legacy,Affordability and housing,121,0.0,146,2.59509,2.64257,0.98203
2025-10-24#t155w0,2025-10-24,Mr. Ames,Affordability and housing,89,1.0,108,2.7636,2.84385,0.97178
2025-10-24#t156w0,2025-10-24,Hon. Mr. Gauvin,Affordability and housing,198,0.0,236,2.68468,2.62437,1.02298
2025-10-24#t157w0,2025-10-24,Mr. Ames,Affordability and housing,82,1.0,105,2.96568,2.78847,1.06355
2025-10-24#t158w0,2025-10-24,Hon. Mr. Gauvin,Affordability and housing,217,0.0,263,2.94165,2.88417,1.01993
2025-10-24#t159w0,2025-10-24,Mr. Ames,Affordability and housing,55,1.0,67,2.6464,3.07192,0.86148
2025-10-24#t160w0,2025-10-24,Hon. Mr. Gauvin,Affordability and housing,127,0.0,157,2.96827,2.72833,1.08795
2025-10-24#t161w0,2025-10-24,Madam Speaker,Affordability and housing,144,0.958,181,3.02292,3.20253,0.94392
2025-10-24#t162w0,2025-10-24,Hon. Mr. Legacy,Affordability and housing,206,0.073,245,1.80526,2.03447,0.88734
2025-10-24#t163w0,2025-10-24,Mr. Monahan,Affordability and housing,257,1.0,304,2.14604,2.31301,0.92781
2025-10-24#t164w0,2025-10-24,Mr. Coon,Affordability and housing,226,1.0,260,2.48239,2.39434,1.03677
2025-10-24#t165w0,2025-10-24,Hon. Ms. Boudreau,Affordability and housing,184,0.451,225,2.36103,2.31141,1.02147
2025-10-24#t166w0,2025-10-24,Ms. M. Johnson,Affordability and housing,296,1.0,354,2.32985,2.52343,0.92329
2025-10-24#t167w0,2025-10-24,Ms. Mitton,Affordability and housing,327,0.327,401,2.30705,2.46354,0.93648
2025-10-24#t168w0,2025-10-24,Ms. M. Wilson,Affordability and housing,157,1.0,209,2.79445,2.80937,0.99469
2025-10-24#t169w0,2025-10-24,Ms. Mitton,Affordability and housing,132,0.0,172,2.38672,2.51522,0.94891
2025-10-24#t170w0,2025-10-24,Ms. Conroy,Affordability and housing,276,1.0,339,2.38388,2.51376,0.94833
2025-10-24#t171w0,2025-10-24,Mr. M. LeBlanc,Affordability and housing,359,0.618,443,2.41534,2.42339,0.99668
2025-10-24#t171w1,2025-10-24,Mr. M. LeBlanc,Affordability and housing,274,0.938,322,2.62758,2.70098,0.97282
2025-10-24#t171w2,2025-10-24,Mr. M. LeBlanc,Affordability and housing,346,0.962,400,2.33875,2.41222,0.96954
2025-10-24#t171w3,2025-10-24,Mr. M. LeBlanc,Affordability and housing,345,0.82,390,2.38348,2.47416,0.96335
2025-10-24#t171w4,2025-10-24,Mr. M. LeBlanc,Affordability and housing,348,0.989,403,2.22678,2.38584,0.93333
2025-10-24#t172w0,2025-10-24,Mr. Savoie,Affordability and housing,323,1.0,391,2.61486,2.58374,1.01205
2025-10-24#t172w1,2025-10-24,Mr. Savoie,Affordability and housing,289,1.0,370,2.63985,2.64029,0.99983
2025-10-24#t174w0,2025-10-24,Mr. Savoie,Affordability and housing,251,1.0,312,2.77626,2.79008,0.99505
2025-10-24#t174w1,2025-10-24,Mr. Savoie,Affordability and housing,322,1.0,401,2.60814,2.51913,1.03533
2025-10-24#t174w2,2025-10-24,Mr. Savoie,Affordability and housing,317,1.0,386,2.52128,2.56516,0.98289
2025-10-24#t175w0,2025-10-24,Mr. Coon,Affordability and housing,319,1.0,381,2.32676,2.41276,0.96436
2025-10-24#t175w1,2025-10-24,Mr. Coon,Affordability and housing,306,1.0,379,2.25526,2.38765,0.94455
2025-10-24#t175w2,2025-10-24,Mr. Coon,Affordability and housing,335,1.0,409,2.49442,2.4946,0.99993
2025-10-24#t175w3,2025-10-24,Mr. Coon,Affordability and housing,251,1.0,307,2.45821,2.811,0.87449
2025-10-24#t175w4,2025-10-24,Mr. Coon,Affordability and housing,345,1.0,409,2.62347,2.73092,0.96065
2025-10-24#t175w5,2025-10-24,Mr. Coon,Affordability and housing,341,1.0,419,2.7755,2.71839,1.02101
2025-10-24#t175w6,2025-10-24,Mr. Coon,Affordability and housing,221,1.0,260,2.53989,2.73795,0.92766
2025-10-24#t176w0,2025-10-24,Ms. Mitton,Affordability and housing,358,0.989,402,2.17043,2.30711,0.94076
2025-10-24#t176w1,2025-10-24,Ms. Mitton,Affordability and housing,239,1.0,287,2.57898,2.76033,0.9343
2025-10-24#t176w2,2025-10-24,Ms. Mitton,Affordability and housing,358,0.732,426,2.43642,2.40555,1.01283
2025-10-24#t176w3,2025-10-24,Ms. Mitton,Affordability and housing,285,0.582,342,2.59799,2.54843,1.01945
2025-10-24#t177w0,2025-10-24,Ms. Scott-Wallace,Affordability and housing,325,1.0,406,2.46299,2.32797,1.058
2025-10-24#t177w1,2025-10-24,Ms. Scott-Wallace,Affordability and housing,299,1.0,360,2.72226,2.67283,1.0185
2025-10-24#t178w0,2025-10-24,Ms. Mitton,Affordability and housing,300,0.747,355,2.14703,2.08196,1.03125
2025-10-24#t178w1,2025-10-24,Ms. Mitton,Affordability and housing,329,0.988,388,2.16116,2.45421,0.88059
2025-10-24#t179w0,2025-10-24,Mr. Russell,Affordability and housing,268,1.0,316,2.40945,2.60452,0.9251
2025-10-24#t179w1,2025-10-24,Mr. Russell,Affordability and housing,356,0.764,445,2.18817,2.1906,0.99889
2025-10-24#t179w2,2025-10-24,Mr. Russell,Affordability and housing,348,1.0,423,2.37469,2.32128,1.02301
2025-10-24#t179w3,2025-10-24,Mr. Russell,Affordability and housing,184,0.978,230,2.53886,2.64326,0.9605
2025-10-24#t180w0,2025-10-24,Madam Speaker,Affordability and housing,299,0.91,393,2.39222,2.38052,1.00491
2025-10-24#t180w1,2025-10-24,Madam Speaker,Affordability and housing,300,1.0,389,2.42199,2.49469,0.97086
2025-10-24#t180w2,2025-10-24,Madam Speaker,Affordability and housing,290,0.828,395,2.41055,2.38162,1.01215
2025-10-24#t180w3,2025-10-24,Madam Speaker,Affordability and housing,325,0.8,439,2.66375,2.57786,1.03332
2025-10-24#t180w4,2025-10-24,Madam Speaker,Affordability and housing,287,1.0,359,2.569,2.62865,0.97731
2025-10-24#t180w5,2025-10-24,Madam Speaker,Affordability and housing,251,1.0,322,2.49233,2.62438,0.94968
2025-10-24#t180w6,2025-10-24,Madam Speaker,Affordability and housing,352,1.0,417,2.87919,2.75155,1.04639
2025-10-24#t180w7,2025-10-24,Madam Speaker,Affordability and housing,332,0.828,425,2.81624,2.74406,1.0263
2025-10-24#t180w8,2025-10-24,Madam Speaker,Affordability and housing,346,1.0,425,2.57677,2.65238,0.97149
2025-10-24#t180w9,2025-10-24,Madam Speaker,Affordability and housing,322,1.0,396,2.74659,2.75132,0.99828
2025-10-24#t180w10,2025-10-24,Madam Speaker,Affordability and housing,286,1.0,342,2.55331,2.74266,0.93096
2025-10-24#t180w11,2025-10-24,Madam Speaker,Affordability and housing,336,0.81,429,2.50734,2.68168,0.93499
2025-10-24#t180w12,2025-10-24,Madam Speaker,Affordability and housing,226,0.783,283,2.80233,2.71181,1.03338
2025-10-24#t180w13,2025-10-24,Madam Speaker,Affordability and housing,321,1.0,394,2.5569,2.61529,0.97767
2025-10-24#t180w14,2025-10-24,Madam Speaker,Affordability and housing,330,0.855,407,2.68472,2.71535,0.98872
2025-10-24#t180w15,2025-10-24,Madam Speaker,Affordability and housing,216,0.81,251,2.82351,2.86134,0.98678
2025-10-24#t180w16,2025-10-24,Madam Speaker,Affordability and housing,292,0.89,355,2.53267,2.52849,1.00166
2025-10-24#t180w17,2025-10-24,Madam Speaker,Affordability and housing,168,0.958,197,2.78212,2.79893,0.994
2025-10-24#t182w0,2025-10-24,Hon. Mr. Dornan,Affordability and housing,251,0.92,328,2.37859,2.39715,0.99226
2025-10-24#t182w1,2025-10-24,Hon. Mr. Dornan,Affordability and housing,352,0.881,438,2.51903,2.45014,1.02812
2025-10-24#t182w2,2025-10-24,Hon. Mr. Dornan,Affordability and housing,350,0.914,429,2.73155,2.67031,1.02293
2025-10-24#t182w3,2025-10-24,Hon. Mr. Dornan,Affordability and housing,303,0.931,371,2.77895,2.68378,1.03546
2025-10-24#t182w4,2025-10-24,Hon. Mr. Dornan,Affordability and housing,283,0.958,328,2.69937,2.68495,1.00537
2025-10-24#t182w5,2025-10-24,Hon. Mr. Dornan,Affordability and housing,230,0.939,284,2.89495,2.66957,1.08442
2025-10-24#t186w0,2025-10-24,Mr. Russell,Affordability and housing,284,1.0,341,2.39107,2.42589,0.98565
2025-10-24#t186w1,2025-10-24,Mr. Russell,Affordability and housing,338,1.0,404,2.69661,2.5753,1.04711
2025-10-24#t186w2,2025-10-24,Mr. Russell,Affordability and housing,305,1.0,376,2.79035,2.80403,0.99512
2025-10-24#t186w3,2025-10-24,Mr. Russell,Affordability and housing,270,1.0,329,2.4476,2.3533,1.04007
2025-10-24#t188w0,2025-10-24,Hon. Mr. Hickey,Affordability and housing,347,1.0,427,2.34318,2.34598,0.9988
2025-10-24#t188w1,2025-10-24,Hon. Mr. Hickey,Affordability and housing,347,1.0,403,2.48898,2.52698,0.98496
2025-10-24#t188w2,2025-10-24,Hon. Mr. Hickey,Affordability and housing,282,1.0,337,2.75709,2.85394,0.96606
2025-10-24#t188w3,2025-10-24,Hon. Mr. Hickey,Affordability and housing,334,1.0,413,2.42097,2.42976,0.99638
2025-10-24#t188w4,2025-10-24,Hon. Mr. Hickey,Affordability and housing,359,0.88,486,2.55129,2.61875,0.97424
2025-10-24#t188w5,2025-10-24,Hon. Mr. Hickey,Affordability and housing,217,1.0,259,2.75292,2.6023,1.05788
2025-10-24#t188w6,2025-10-24,Hon. Mr. Hickey,Affordability and housing,326,1.0,403,2.54673,2.55478,0.99685
2025-10-24#t188w7,2025-10-24,Hon. Mr. Hickey,Affordability and housing,257,0.887,316,2.3583,2.42177,0.97379
2025-10-24#t188w8,2025-10-24,Hon. Mr. Hickey,Affordability and housing,354,1.0,419,2.70897,2.70196,1.0026
2025-10-24#t188w9,2025-10-24,Hon. Mr. Hickey,Affordability and housing,343,0.898,415,2.52674,2.53432,0.99701
2025-10-24#t188w10,2025-10-24,Hon. Mr. Hickey,Affordability and housing,50,1.0,61,3.12006,3.23848,0.96343
2025-10-24#t189w0,2025-10-24,Hon. Mr. Hickey,Affordability and housing,279,1.0,336,2.59321,2.64754,0.97948
2025-10-24#t189w1,2025-10-24,Hon. Mr. Hickey,Affordability and housing,157,1.0,180,2.98155,2.66909,1.11707
2025-10-24#t189w2,2025-10-24,Hon. Mr. Hickey,Affordability and housing,283,1.0,325,2.71236,2.71103,1.00049
2025-10-24#t189w3,2025-10-24,Hon. Mr. Hickey,Affordability and housing,325,1.0,404,2.53825,2.66154,0.95368
2025-10-24#t189w4,2025-10-24,Hon. Mr. Hickey,Affordability and housing,236,1.0,275,2.65485,2.73357,0.9712
2025-10-24#t191w0,2025-10-24,Mr. Monahan,Affordability and housing,349,1.0,429,2.10601,2.16207,0.97407
2025-10-24#t191w1,2025-10-24,Mr. Monahan,Affordability and housing,327,0.654,409,2.11165,2.34651,0.89991
2025-10-24#t191w2,2025-10-24,Mr. Monahan,Affordability and housing,322,0.683,406,2.82272,2.82131,1.0005
2025-10-24#t191w3,2025-10-24,Mr. Monahan,Affordability and housing,326,1.0,402,2.57411,2.62253,0.98154
2025-10-24#t191w4,2025-10-24,Mr. Monahan,Affordability and housing,338,1.0,439,2.83418,2.87196,0.98685
2025-10-24#t191w5,2025-10-24,Mr. Monahan,Affordability and housing,291,0.34,362,2.4261,2.53628,0.95656
2025-10-24#t191w6,2025-10-24,Mr. Monahan,Affordability and housing,120,1.0,168,2.83353,2.91719,0.97132
2025-10-24#t192w0,2025-10-24,Mr. Monahan,Affordability and housing,288,1.0,397,2.68901,2.60425,1.03255
2025-10-24#t192w1,2025-10-24,Mr. Monahan,Affordability and housing,340,0.735,460,2.49107,2.47355,1.00708
2025-10-24#t192w2,2025-10-24,Mr. Monahan,Affordability and housing,171,1.0,221,2.72591,2.60223,1.04753
2025-10-24#t193w0,2025-10-24,Mr. Monahan,Affordability and housing,337,0.754,412,2.72019,2.723,0.99897
2025-10-24#t193w1,2025-10-24,Mr. Monahan,Affordability and housing,339,0.655,452,2.56556,2.60447,0.98506
2025-10-24#t193w2,2025-10-24,Mr. Monahan,Affordability and housing,212,0.59,280,2.51705,2.5254,0.99669
2025-10-24#t194w0,2025-10-24,,Affordability and housing,357,1.0,448,2.61741,2.60641,1.00422
2025-10-24#t194w1,2025-10-24,,Affordability and housing,334,0.88,407,2.49836,2.52483,0.98951
2025-10-24#t195w0,2025-10-24,Mr. Doucet,Affordability and housing,338,0.033,412,2.34556,2.40481,0.97536
2025-10-24#t195w1,2025-10-24,Mr. Doucet,Affordability and housing,345,0.0,408,2.68301,2.49996,1.07322
2025-10-24#t195w2,2025-10-24,Mr. Doucet,Affordability and housing,226,0.668,257,2.58973,2.615,0.99034
2025-10-24#t195w3,2025-10-24,Mr. Doucet,Affordability and housing,335,0.137,388,2.75774,2.76458,0.99753
2025-10-24#t195w4,2025-10-24,Mr. Doucet,Affordability and housing,320,0.0,402,2.32587,2.46115,0.94503
2025-10-24#t195w5,2025-10-24,Mr. Doucet,Affordability and housing,233,0.0,290,2.57768,2.5103,1.02684
2025-10-24#t195w6,2025-10-24,Mr. Doucet,Affordability and housing,354,0.0,426,2.53353,2.58379,0.98055
2025-10-24#t195w7,2025-10-24,Mr. Doucet,Affordability and housing,52,0.0,69,3.04935,2.91799,1.04502
2025-10-28#t197w0,2025-10-28,Hon. Mr. Finnigan,Affordability and housing,142,0.0,195,1.93228,2.12846,0.90783
2025-10-28#t198w0,2025-10-28,Mr. Cullins,Affordability and housing,138,1.0,168,1.98665,2.17001,0.9155
2025-10-28#t199w0,2025-10-28,Mr. Weir,Affordability and housing,177,0.949,238,1.97145,2.02298,0.97453
2025-10-28#t200w0,2025-10-28,Ms. Scott-Wallace,Affordability and housing,182,1.0,219,2.48593,2.62983,0.94528
2025-10-28#t201w0,2025-10-28,Ms. Wilcott,Affordability and housing,143,1.0,195,2.85872,2.78298,1.02721
2025-10-28#t202w0,2025-10-28,Ms. M. Wilson,Affordability and housing,136,1.0,173,2.38257,2.38518,0.99891
2025-10-28#t203w0,2025-10-28,Mr. Coon,Affordability and housing,149,0.973,190,2.32722,2.39486,0.97175
2025-10-28#t204w0,2025-10-28,Mr. Arseneault,Affordability and housing,158,0.418,191,2.17621,2.36329,0.92084
2025-10-28#t205w0,2025-10-28,Ms. Mitton,Affordability and housing,165,1.0,211,2.39689,2.43557,0.98412
2025-10-28#t206w0,2025-10-28,Mr. Johnston,Affordability and housing,184,0.94,254,2.90447,2.59383,1.11976
2025-10-28#t207w0,2025-10-28,Mr. Weir,Affordability and housing,146,1.0,193,2.52471,2.36177,1.06899
2025-10-28#t208w0,2025-10-28,Ms. Mitton,Affordability and housing,164,1.0,211,2.51695,2.62328,0.95947
2025-10-28#t209w0,2025-10-28,Mr. J. LeBlanc,Affordability and housing,158,0.222,185,2.33957,2.26567,1.03262
2025-10-28#t210w0,2025-10-28,Ms. Conroy,Affordability and housing,148,1.0,174,2.78964,2.65037,1.05255
2025-10-28#t211w0,2025-10-28,Ms. Vautour,Affordability and housing,141,0.0,168,3.26893,2.87511,1.13698
2025-10-28#t212w0,2025-10-28,Mr. Lee,Affordability and housing,173,1.0,222,3.03076,2.8501,1.06339
2025-10-28#t213w0,2025-10-28,Ms. Wilcott,Affordability and housing,172,1.0,201,2.12318,2.19679,0.96649
2025-10-28#t214w0,2025-10-28,Mr. Monahan,Affordability and housing,147,1.0,185,2.71969,2.50138,1.08728
2025-10-28#t215w0,2025-10-28,Mr. Bourque,Affordability and housing,167,0.503,205,2.04742,2.03863,1.00431
2025-10-28#t216w0,2025-10-28,Mr. Austin,Affordability and housing,144,1.0,189,2.54917,2.57948,0.98825
2025-10-28#t217w0,2025-10-28,Mr. Savoie,Affordability and housing,148,0.946,194,2.53934,2.52369,1.0062
2025-10-28#t218w0,2025-10-28,Hon. Mr. Kennedy,Affordability and housing,179,1.0,222,2.39936,2.40149,0.99911
2025-10-28#t219w0,2025-10-28,Mr. Savoie,Affordability and housing,143,0.958,183,2.32099,2.4181,0.95984
2025-10-28#t220w0,2025-10-28,Hon. Mr. Kennedy,Affordability and housing,198,1.0,248,2.32778,2.41954,0.96208
2025-10-28#t222w0,2025-10-28,Mr. Savoie,Affordability and housing,173,1.0,216,2.89283,2.79211,1.03607
2025-10-28#t223w0,2025-10-28,Hon. Mr. Kennedy,Affordability and housing,162,1.0,201,2.54844,2.62611,0.97043
2025-10-28#t224w0,2025-10-28,Mr. Savoie,Affordability and housing,101,1.0,135,2.76798,2.53414,1.09227
2025-10-28#t225w0,2025-10-28,Hon. Mr. Kennedy,Affordability and housing,192,1.0,231,2.57133,2.44625,1.05113
2025-10-28#t226w0,2025-10-28,Mr. Savoie,Affordability and housing,175,1.0,225,2.50828,2.50982,0.99939
2025-10-28#t227w0,2025-10-28,Hon. Mr. Kennedy,Affordability and housing,178,1.0,238,2.37125,2.27833,1.04078
2025-10-28#t228w0,2025-10-28,Mr. Savoie,Affordability and housing,188,1.0,228,2.6987,2.62379,1.02855
2025-10-28#t229w0,2025-10-28,Hon. Mr. Kennedy,Affordability and housing,186,1.0,236,2.88298,2.63579,1.09378
2025-10-28#t230w0,2025-10-28,Mr. Lee,Affordability and housing,150,1.0,171,2.85455,2.83094,1.00834
2025-10-28#t231w0,2025-10-28,Hon. C. Johnson,Affordability and housing,114,1.0,138,2.31283,2.53258,0.91323
2025-10-28#t232w0,2025-10-28,Mr. Lee,Affordability and housing,143,1.0,171,2.84449,2.80779,1.01307
2025-10-28#t233w0,2025-10-28,Hon. C. Johnson,Affordability and housing,117,1.0,143,2.98516,2.97361,1.00388
2025-10-28#t234w0,2025-10-28,Mr. Lee,Affordability and housing,161,1.0,200,2.85167,2.88377,0.98887
2025-10-28#t235w0,2025-10-28,Hon. C. Johnson,Affordability and housing,65,0.0,79,2.55926,2.89491,0.88406
2025-10-28#t236w0,2025-10-28,Mr. Austin,Affordability and housing,125,1.0,156,2.63145,2.41741,1.08854
2025-10-28#t237w0,2025-10-28,Hon. Mr. Herron,Affordability and housing,143,1.0,180,2.37267,2.51938,0.94176
2025-10-28#t238w0,2025-10-28,Mr. Austin,Affordability and housing,152,1.0,195,3.02082,2.96761,1.01793
2025-10-28#t239w0,2025-10-28,Hon. Mr. Randall,Affordability and housing,139,1.0,185,2.37017,2.3019,1.02966
2025-10-28#t240w0,2025-10-28,Mr. Austin,Affordability and housing,172,1.0,201,2.98856,2.89348,1.03286
2025-10-28#t241w0,2025-10-28,Hon. Mr. Herron,Affordability and housing,159,1.0,195,2.7108,2.51895,1.07617
2025-10-28#t242w0,2025-10-28,Mr. Coon,Affordability and housing,173,1.0,201,2.46235,2.44787,1.00591
2025-10-28#t243w0,2025-10-28,Hon. C. Johnson,Affordability and housing,129,1.0,154,2.66686,2.62921,1.01432
2025-10-28#t244w0,2025-10-28,Mr. Coon,Affordability and housing,160,1.0,197,2.47801,2.34209,1.05803
2025-10-28#t245w0,2025-10-28,Hon. C. Johnson,Affordability and housing,120,0.0,142,2.56525,2.63706,0.97277
2025-10-28#t246w0,2025-10-28,Ms. Scott-Wallace,Affordability and housing,162,1.0,191,2.52693,2.52536,1.00062
2025-10-28#t247w0,2025-10-28,Hon. Mr. Finnigan,Affordability and housing,135,0.0,170,2.61156,2.60217,1.00361
2025-10-28#t248w0,2025-10-28,Ms. Scott-Wallace,Affordability and housing,166,1.0,204,2.79745,2.63636,1.0611
2025-10-28#t249w0,2025-10-28,Hon. Mr. Finnigan,Affordability and housing,141,0.0,177,2.61399,2.71998,0.96104
2025-10-28#t250w0,2025-10-28,Mr. M. LeBlanc,Affordability and housing,93,1.0,120,2.56055,2.60076,0.98454
2025-10-28#t252w0,2025-10-28,Madam Speaker,Affordability and housing,119,1.0,152,2.83553,2.80958,1.00924
2025-10-28#t254w0,2025-10-28,Mr. Savoie,Affordability and housing,56,1.0,74,2.37139,2.98641,0.79406
2025-10-28#t256w0,2025-10-28,Madam Speaker,Affordability and housing,52,1.0,65,2.88796,3.31811,0.87036
2025-10-28#t262w0,2025-10-28,Hon. Mr. McKee,Affordability and housing,185,0.632,220,2.05791,2.13044,0.96596
2025-10-28#t263w0,2025-10-28,Mr. Weir,Affordability and housing,177,1.0,229,2.2589,2.18025,1.03608
2025-10-28#t264w0,2025-10-28,Mr. Coon,Affordability and housing,160,1.0,202,2.22587,2.33571,0.95298
2025-10-28#t265w0,2025-10-28,Hon. Mr. D’Amours,Affordability and housing,236,0.716,295,2.24687,2.14599,1.04701
2025-10-28#t266w0,2025-10-28,Mr. Cullins,Affordability and housing,307,1.0,386,2.31798,2.30181,1.00703
2025-10-28#t267w0,2025-10-28,Mr. Coon,Affordability and housing,276,0.848,346,2.3673,2.43683,0.97147
2025-10-28#t268w0,2025-10-28,Hon. C. Johnson,Affordability and housing,141,0.504,182,2.12252,2.24843,0.944
2025-10-28#t269w0,2025-10-28,Mr. Lee,Affordability and housing,110,1.0,141,2.76469,2.60439,1.06155
2025-10-28#t270w0,2025-10-28,Ms. Mitton,Affordability and housing,148,0.311,204,2.44954,2.49309,0.98253
2025-10-28#t271w0,2025-10-28,Hon. C. Johnson,Affordability and housing,76,0.211,94,2.60044,2.6895,0.96688
2025-10-28#t272w0,2025-10-28,Hon. Mr. D’Amours,Affordability and housing,328,0.503,419,2.06135,1.97777,1.04226
2025-10-28#t272w1,2025-10-28,Hon. Mr. D’Amours,Affordability and housing,151,0.391,183,2.42497,2.44522,0.99172
2025-10-28#t273w0,2025-10-28,Hon. Mr. McKee,Affordability and housing,116,0.655,144,2.38491,2.27576,1.04796
2025-10-28#t274w0,2025-10-28,Mr. M. LeBlanc,Affordability and housing,250,1.0,307,2.57464,2.43263,1.05838
2025-10-28#t274w1,2025-10-28,Mr. M. LeBlanc,Affordability and housing,320,1.0,379,2.56205,2.57459,0.99513
2025-10-28#t275w0,2025-10-28,Mr. Coon,Affordability and housing,325,1.0,393,2.08076,2.14152,0.97163
2025-10-28#t275w1,2025-10-28,Mr. Coon,Affordability and housing,322,1.0,374,2.57293,2.60883,0.98624
2025-10-28#t275w2,2025-10-28,Mr. Coon,Affordability and housing,103,1.0,125,3.22947,2.773,1.16461
2025-10-28#t278w0,2025-10-28,Mr. Monahan,Affordability and housing,359,0.657,445,2.26894,2.35987,0.96147
2025-10-28#t278w1,2025-10-28,Mr. Monahan,Affordability and housing,314,0.478,386,2.58623,2.56406,1.00865
2025-10-28#t278w2,2025-10-28,Mr. Monahan,Affordability and housing,345,0.507,414,3.02999,3.04053,0.99653
2025-10-28#t278w3,2025-10-28,Mr. Monahan,Affordability and housing,302,0.609,356,2.91568,3.00007,0.97187
2025-10-28#t278w4,2025-10-28,Mr. Monahan,Affordability and housing,348,0.802,424,2.53587,2.47716,1.0237
2025-10-28#t278w5,2025-10-28,Mr. Monahan,Affordability and housing,331,0.456,395,2.85872,2.91141,0.9819
2025-10-28#t278w6,2025-10-28,Mr. Monahan,Affordability and housing,360,0.269,441,2.59441,2.69791,0.96164
2025-10-28#t278w7,2025-10-28,Mr. Monahan,Affordability and housing,357,0.65,432,2.62303,2.80424,0.93538
2025-10-28#t278w8,2025-10-28,Mr. Monahan,Affordability and housing,357,0.815,451,2.43266,2.53532,0.95951
2025-10-28#t279w0,2025-10-28,Ms. Mitton,Affordability and housing,330,0.897,408,2.46899,2.43769,1.01284
2025-10-28#t279w1,2025-10-28,Ms. Mitton,Affordability and housing,342,1.0,434,2.35971,2.44048,0.9669
2025-10-28#t279w2,2025-10-28,Ms. Mitton,Affordability and housing,67,1.0,78,3.17097,3.52276,0.90014
2025-10-28#t280w0,2025-10-28,Mr. Lee,Affordability and housing,352,1.0,433,2.90272,2.9463,0.98521
2025-10-28#t280w1,2025-10-28,Mr. Lee,Affordability and housing,160,1.0,202,3.13291,3.15753,0.9922
2025-10-28#t280w2,2025-10-28,Mr. Lee,Affordability and housing,281,1.0,352,3.04693,2.98609,1.02038
2025-10-28#t280w3,2025-10-28,Mr. Lee,Affordability and housing,338,1.0,409,2.38538,2.63404,0.9056
2025-10-28#t280w4,2025-10-28,Mr. Lee,Affordability and housing,342,1.0,427,2.54382,2.63456,0.96556
2025-10-28#t280w5,2025-10-28,Mr. Lee,Affordability and housing,233,1.0,309,2.67546,2.73582,0.97794
2025-10-28#t280w6,2025-10-28,Mr. Lee,Affordability and housing,285,1.0,367,2.40329,2.49434,0.9635
2025-10-28#t280w7,2025-10-28,Mr. Lee,Affordability and housing,320,1.0,399,2.81533,2.87713,0.97852
2025-10-28#t280w8,2025-10-28,Mr. Lee,Affordability and housing,318,1.0,392,2.78377,2.85627,0.97462
2025-10-28#t280w9,2025-10-28,Mr. Lee,Affordability and housing,317,1.0,402,3.0419,3.05395,0.99606
2025-10-28#t280w10,2025-10-28,Mr. Lee,Affordability and housing,320,1.0,401,2.58306,2.638,0.97917
2025-10-28#t280w11,2025-10-28,Mr. Lee,Affordability and housing,319,1.0,388,2.82739,2.95019,0.95838
2025-10-28#t280w12,2025-10-28,Mr. Lee,Affordability and housing,303,1.0,363,2.56954,2.71792,0.94541
2025-10-28#t280w13,2025-10-28,Mr. Lee,Affordability and housing,360,1.0,470,2.67191,2.6991,0.98993
2025-10-28#t280w14,2025-10-28,Mr. Lee,Affordability and housing,102,0.471,133,2.62795,2.4842,1.05787
2025-10-28#t282w0,2025-10-28,Ms. Mitton,Affordability and housing,260,0.981,324,2.2654,2.30274,0.98378
2025-10-28#t282w1,2025-10-28,Ms. Mitton,Affordability and housing,315,0.8,381,2.41065,2.36415,1.01967
2025-10-28#t282w2,2025-10-28,Ms. Mitton,Affordability and housing,345,1.0,416,2.27013,2.41543,0.93984
2025-10-28#t282w3,2025-10-28,Ms. Mitton,Affordability and housing,283,1.0,337,2.51368,2.60579,0.96465
2025-10-28#t282w4,2025-10-28,Ms. Mitton,Affordability and housing,348,0.727,414,2.47603,2.57605,0.96117
2025-10-28#t282w5,2025-10-28,Ms. Mitton,Affordability and housing,320,0.412,403,2.51018,2.50987,1.00012
2025-10-28#t282w6,2025-10-28,Ms. Mitton,Affordability and housing,324,1.0,400,2.55735,2.61725,0.97711
2025-10-28#t282w7,2025-10-28,Ms. Mitton,Affordability and housing,346,1.0,428,2.50737,2.59947,0.96457
2025-10-28#t282w8,2025-10-28,Ms. Mitton,Affordability and housing,342,1.0,424,2.77207,2.76132,1.00389
2025-10-28#t282w9,2025-10-28,Ms. Mitton,Affordability and housing,282,1.0,345,2.65597,2.73109,0.97249
2025-10-28#t282w10,2025-10-28,Ms. Mitton,Affordability and housing,320,1.0,393,2.62911,2.47837,1.06082
2025-10-28#t282w11,2025-10-28,Ms. Mitton,Affordability and housing,255,1.0,316,2.34578,2.42534,0.96719
2025-10-28#t282w12,2025-10-28,Ms. Mitton,Affordability and housing,359,0.63,425,2.5501,2.70427,0.94299
2025-10-28#t282w13,2025-10-28,Ms. Mitton,Affordability and housing,271,1.0,309,2.63545,2.70131,0.97562
2025-10-28#t282w14,2025-10-28,Ms. Mitton,Affordability and housing,173,0.936,215,2.82217,2.67268,1.05593
2025-10-28#t284w0,2025-10-28,Hon. Mr. Gauvin,Affordability and housing,109,0.0,148,2.59706,2.49112,1.04253
2025-10-28#t286w0,2025-10-28,Mr. Bourque,Affordability and housing,328,0.0,415,2.38028,2.57334,0.92498
2025-10-28#t286w1,2025-10-28,Mr. Bourque,Affordability and housing,276,0.312,350,2.49076,2.47383,1.00684
2025-10-28#t286w2,2025-10-28,Mr. Bourque,Affordability and housing,346,0.0,428,2.38768,2.45812,0.97135
2025-10-28#t286w3,2025-10-28,Mr. Bourque,Affordability and housing,270,0.0,320,2.46006,2.6854,0.91609
2025-10-28#t286w4,2025-10-28,Mr. Bourque,Affordability and housing,359,0.0,418,2.67094,2.75966,0.96785
2025-10-28#t286w5,2025-10-28,Mr. Bourque,Affordability and housing,290,0.069,356,2.68775,2.67537,1.00463
2025-10-28#t286w6,2025-10-28,Mr. Bourque,Affordability and housing,282,0.0,348,2.60287,2.55459,1.0189
2025-10-28#t286w7,2025-10-28,Mr. Bourque,Affordability and housing,290,0.0,357,2.72606,2.74424,0.99338
2025-10-28#t286w8,2025-10-28,Mr. Bourque,Affordability and housing,284,0.0,353,2.5787,2.51709,1.02448
2025-10-28#t286w9,2025-10-28,Mr. Bourque,Affordability and housing,360,0.0,438,2.79939,2.65834,1.05306
2025-10-28#t286w10,2025-10-28,Mr. Bourque,Affordability and housing,333,0.0,434,2.33083,2.54049,0.91747
2025-10-28#t286w11,2025-10-28,Mr. Bourque,Affordability and housing,333,0.0,400,2.51319,2.58106,0.9737
2025-10-28#t286w12,2025-10-28,Mr. Bourque,Affordability and housing,321,0.0,389,2.65395,2.84296,0.93352
2025-10-28#t286w13,2025-10-28,Mr. Bourque,Affordability and housing,307,0.0,371,2.57989,2.77593,0.92938
2025-10-28#t286w14,2025-10-28,Mr. Bourque,Affordability and housing,124,0.0,149,2.50696,2.67331,0.93778
2025-10-28#t288w0,2025-10-28,Ms. Conroy,Affordability and housing,280,1.0,340,2.14656,2.18364,0.98302
2025-10-28#t288w1,2025-10-28,Ms. Conroy,Affordability and housing,273,1.0,354,2.14769,2.245,0.95666
2025-10-28#t288w2,2025-10-28,Ms. Conroy,Affordability and housing,326,1.0,413,2.53723,2.61798,0.96915
2025-10-28#t288w3,2025-10-28,Ms. Conroy,Affordability and housing,252,1.0,308,2.37114,2.51977,0.94101
2025-10-28#t288w4,2025-10-28,Ms. Conroy,Affordability and housing,359,1.0,437,2.35263,2.38708,0.98556
2025-10-28#t288w5,2025-10-28,Ms. Conroy,Affordability and housing,124,1.0,151,2.62418,2.85184,0.92017
2025-10-28#t289w0,2025-10-28,Ms. Conroy,Affordability and housing,357,1.0,445,2.58375,2.61399,0.98843
2025-10-28#t289w1,2025-10-28,Ms. Conroy,Affordability and housing,305,1.0,355,2.43709,2.60571,0.93529
2025-10-28#t289w2,2025-10-28,Ms. Conroy,Affordability and housing,343,1.0,413,2.65395,2.76752,0.95897
2025-10-28#t289w3,2025-10-28,Ms. Conroy,Affordability and housing,261,1.0,314,2.55832,2.4376,1.04952
2025-10-28#t289w4,2025-10-28,Ms. Conroy,Affordability and housing,349,1.0,435,2.42559,2.37009,1.02342
2025-10-28#t289w5,2025-10-28,Ms. Conroy,Affordability and housing,230,1.0,279,2.53799,2.65289,0.95669
2025-10-28#t291w0,2025-10-28,Ms. Conroy,Affordability and housing,111,1.0,149,2.54727,2.8414,0.89648
2025-10-28#t292w0,2025-10-28,Ms. Conroy,Affordability and housing,242,1.0,296,2.82465,2.80802,1.00592
2025-10-28#t293w0,2025-10-28,Ms. Conroy,Affordability and housing,304,1.0,359,2.44586,2.61033,0.93699
2025-10-28#t296w0,2025-10-28,Mr. Deputy Speaker,Affordability and housing,72,1.0,88,2.63413,2.64895,0.99441
2025-10-28#t297w0,2025-10-28,Ms. Conroy,Affordability and housing,317,1.0,378,2.76411,2.74576,1.00668
2025-10-28#t297w1,2025-10-28,Ms. Conroy,Affordability and housing,271,1.0,337,2.74451,2.55572,1.07387
2025-10-28#t297w2,2025-10-28,Ms. Conroy,Affordability and housing,297,1.0,358,2.45676,2.67116,0.91973
2025-10-28#t297w3,2025-10-28,Ms. Conroy,Affordability and housing,342,1.0,431,2.83139,2.76561,1.02378
2025-10-28#t298w0,2025-10-28,,Affordability and housing,348,1.0,427,2.82741,2.86564,0.98666
2025-10-28#t298w1,2025-10-28,,Affordability and housing,294,1.0,350,2.78026,2.67079,1.04099
2025-10-28#t298w2,2025-10-28,,Affordability and housing,187,1.0,241,2.37351,2.48761,0.95413
2025-10-28#t299w0,2025-10-28,Ms. Wilcott,Affordability and housing,284,1.0,370,2.69719,2.57552,1.04724
2025-10-28#t299w1,2025-10-28,Ms. Wilcott,Affordability and housing,300,1.0,356,2.4992,2.55038,0.97993
2025-10-28#t299w2,2025-10-28,Ms. Wilcott,Affordability and housing,345,1.0,459,2.77458,2.79849,0.99146
2025-10-28#t299w3,2025-10-28,Ms. Wilcott,Affordability and housing,351,1.0,445,2.68749,2.77407,0.96879
2025-10-28#t299w4,2025-10-28,Ms. Wilcott,Affordability and housing,304,1.0,379,2.65737,2.63501,1.00849
2025-10-28#t299w5,2025-10-28,Ms. Wilcott,Affordability and housing,315,1.0,385,2.65439,2.63252,1.00831
2025-10-28#t299w6,2025-10-28,Ms. Wilcott,Affordability and housing,215,1.0,285,2.84259,2.78415,1.02099
2025-10-28#t300w0,2025-10-28,Ms. Bockus,Affordability and housing,336,1.0,431,2.50011,2.43802,1.02547
2025-10-28#t300w1,2025-10-28,Ms. Bockus,Affordability and housing,89,1.0,119,3.42119,3.18586,1.07387
2025-10-28#t301w0,2025-10-28,Ms. Bockus,Affordability and housing,341,1.0,448,2.86391,2.82923,1.01226
2025-10-28#t301w1,2025-10-28,Ms. Bockus,Affordability and housing,146,1.0,187,2.42105,2.58819,0.93542
2025-10-29#t304w0,2025-10-29,Mr. Weir,Affordability and housing,173,1.0,220,2.37061,2.25223,1.05256
2025-10-29#t305w0,2025-10-29,Ms. M. Johnson,Affordability and housing,222,1.0,283,1.91539,2.25141,0.85075
2025-10-29#t306w0,2025-10-29,Mr. Johnston,Affordability and housing,100,0.0,130,2.55436,2.3537,1.08526
2025-10-29#t307w0,2025-10-29,Ms. Conroy,Affordability and housing,161,1.0,214,2.2092,2.41798,0.91366
2025-10-29#t308w0,2025-10-29,Mr. Coon,Affordability and housing,147,0.973,196,2.32561,2.24439,1.03619
2025-10-29#t309w0,2025-10-29,Ms. Vautour,Affordability and housing,148,0.0,193,2.66882,2.45389,1.08759
2025-10-29#t310w0,2025-10-29,Mr. Russell,Affordability and housing,132,1.0,178,2.73763,2.72036,1.00635
2025-10-29#t311w0,2025-10-29,Ms. Mitton,Affordability and housing,116,0.0,146,3.0474,2.79296,1.0911
2025-10-29#t312w0,2025-10-29,Hon. Mr. Herron,Affordability and housing,166,1.0,221,2.30998,2.12318,1.08798
2025-10-29#t313w0,2025-10-29,Mr. Robichaud,Affordability and housing,146,0.349,173,2.30094,2.4782,0.92847
2025-10-29#t315w0,2025-10-29,Mr. Savoie,Affordability and housing,89,0.775,110,2.38525,2.44556,0.97534
2025-10-29#t316w0,2025-10-29,Hon. Mr. Gauvin,Affordability and housing,90,0.0,113,2.50043,2.59382,0.964
2025-10-29#t318w0,2025-10-29,Mr. Russell,Affordability and housing,117,1.0,148,3.40571,2.97155,1.14611
2025-10-29#t319w0,2025-10-29,Mr. Coon,Affordability and housing,187,1.0,232,2.49915,2.50295,0.99848
2025-10-29#t320w0,2025-10-29,Ms. Wilcott,Affordability and housing,163,1.0,196,2.52163,2.42607,1.03939
2025-10-29#t321w0,2025-10-29,Mr. Oliver,Affordability and housing,120,1.0,154,2.98601,2.66492,1.12049
2025-10-29#t322w0,2025-10-29,Mr. Mallet,Affordability and housing,166,0.0,189,2.41083,2.44349,0.98663
2025-10-29#t323w0,2025-10-29,Ms. Scott-Wallace,Affordability and housing,151,1.0,187,2.71294,2.75747,0.98385
2025-10-29#t324w0,2025-10-29,Mr. M. LeBlanc,Affordability and housing,166,1.0,197,2.06695,2.14026,0.96574
2025-10-29#t325w0,2025-10-29,Mr. Cullins,Affordability and housing,156,1.0,193,2.4655,2.54925,0.96715
2025-10-29#t326w0,2025-10-29,Mr. Robichaud,Affordability and housing,176,0.239,217,2.47123,2.51524,0.9825
2025-10-29#t327w0,2025-10-29,Ms. S. Wilson,Affordability and housing,142,1.0,189,2.2055,2.30145,0.95831
2025-10-29#t329w0,2025-10-29,Mr. Austin,Affordability and housing,197,1.0,235,2.59853,2.51898,1.03158
2025-10-29#t330w0,2025-10-29,Hon. Mr. McKee,Affordability and housing,110,1.0,138,2.61062,2.53683,1.02909
2025-10-29#t331w0,2025-10-29,Mr. Savoie,Affordability and housing,114,1.0,142,2.45738,2.58575,0.95036
2025-10-29#t332w0,2025-10-29,Hon. Mr. McKee,Affordability and housing,145,1.0,182,2.74482,2.53195,1.08408
2025-10-29#t333w0,2025-10-29,Mr. Savoie,Affordability and housing,88,1.0,107,2.82356,2.85398,0.98934
2025-10-29#t334w0,2025-10-29,Hon. Mr. McKee,Affordability and housing,175,1.0,207,2.66544,2.6066,1.02258
2025-10-29#t335w0,2025-10-29,Mr. Savoie,Affordability and housing,172,1.0,214,2.51412,2.61763,0.96046
2025-10-29#t336w0,2025-10-29,Hon. C. Johnson,Affordability and housing,112,1.0,149,2.68113,2.45919,1.09025
2025-10-29#t337w0,2025-10-29,Mr. Savoie,Affordability and housing,206,1.0,269,2.26313,2.53933,0.89123
2025-10-29#t338w0,2025-10-29,Hon. C. Johnson,Affordability and housing,80,1.0,104,2.87947,2.77372,1.03813
2025-10-29#t339w0,2025-10-29,Mr. Savoie,Affordability and housing,153,1.0,191,2.38549,2.5049,0.95233
2025-10-29#t340w0,2025-10-29,Hon. C. Johnson,Affordability and housing,105,0.0,119,2.7038,2.62947,1.02827
2025-10-29#t341w0,2025-10-29,Mr. Weir,Affordability and housing,117,1.0,140,2.69137,2.5986,1.0357
2025-10-29#t342w0,2025-10-29,Hon. M. McKee,Affordability and housing,173,0.965,206,2.89653,2.97016,0.97521
2025-10-29#t343w0,2025-10-29,Mr. Weir,Affordability and housing,156,1.0,188,2.82494,2.79971,1.00901
2025-10-29#t344w0,2025-10-29,Hon. Mr. McKee,Affordability and housing,153,1.0,189,2.44184,2.51849,0.96957
2025-10-29#t345w0,2025-10-29,Mr. Weir,Affordability and housing,183,1.0,227,3.09739,2.86479,1.08119
2025-10-29#t346w0,2025-10-29,Hon. Mr. McKee,Affordability and housing,174,1.0,207,2.51659,2.58097,0.97506
2025-10-29#t347w0,2025-10-29,Mr. Ames,Affordability and housing,126,1.0,152,2.66163,2.44681,1.0878
2025-10-29#t348w0,2025-10-29,Hon. Mr. Gauvin,Affordability and housing,176,0.0,209,2.66793,2.65198,1.00601
2025-10-29#t349w0,2025-10-29,Mr. Ames,Affordability and housing,63,1.0,92,2.49264,2.41903,1.03043
2025-10-29#t350w0,2025-10-29,Hon. Mr. Gauvin,Affordability and housing,106,0.0,134,2.67137,2.70753,0.98665
2025-10-29#t351w0,2025-10-29,Hon. Mr. Gauvin,Affordability and housing,75,0.0,86,3.37134,3.35424,1.0051
2025-10-29#t352w0,2025-10-29,Mr. Ames,Affordability and housing,61,1.0,86,2.82495,2.67038,1.05788
2025-10-29#t353w0,2025-10-29,Hon. Mr. Gauvin,Affordability and housing,231,0.0,284,2.27062,2.3614,0.96156
2025-10-29#t354w0,2025-10-29,Ms. Mitton,Affordability and housing,141,1.0,184,3.30192,3.07647,1.07328
2025-10-29#t355w0,2025-10-29,Hon. Mr. LePage,Affordability and housing,129,0.0,151,2.96374,2.65976,1.11429
2025-10-29#t356w0,2025-10-29,Ms. Mitton,Affordability and housing,144,1.0,168,3.14867,2.91933,1.07856
2025-10-29#t357w0,2025-10-29,Hon. Mr. LePage,Affordability and housing,138,0.0,172,2.8713,2.73871,1.04841
2025-10-29#t358w0,2025-10-29,Ms. Mitton,Affordability and housing,168,1.0,207,2.70941,2.66313,1.01738
2025-10-29#t359w0,2025-10-29,Hon. Mr. LePage,Affordability and housing,132,0.0,161,2.43775,2.3859,1.02173
2025-10-29#t360w0,2025-10-29,Mr. Monahan,Affordability and housing,154,1.0,176,2.81648,2.68142,1.05037
2025-10-29#t361w0,2025-10-29,Hon. C. Johnson,Affordability and housing,108,0.0,118,2.27982,2.61684,0.87121
2025-10-29#t363w0,2025-10-29,Ms. M. Johnson,Affordability and housing,66,1.0,81,2.60272,2.58124,1.00832
2025-10-29#t365w0,2025-10-29,Hon. K. Chiasson,Affordability and housing,154,0.0,199,2.52068,2.56513,0.98267
2025-10-29#t366w0,2025-10-29,Ms. Conroy,Affordability and housing,100,1.0,123,2.69289,2.64154,1.01944
2025-10-29#t367w0,2025-10-29,Mr. Coon,Affordability and housing,139,0.971,162,2.78922,2.7868,1.00087
2025-10-29#t368w0,2025-10-29,Hon. Mr. Herron,Affordability and housing,192,1.0,235,2.54168,2.61652,0.9714
2025-10-29#t369w0,2025-10-29,Mr. Austin,Affordability and housing,243,1.0,297,2.3719,2.45677,0.96545
2025-10-29#t370w0,2025-10-29,Mr. Coon,Affordability and housing,225,1.0,288,2.49538,2.67565,0.93263
2025-10-29#t371w0,2025-10-29,Hon. Mr. D’Amours,Affordability and housing,199,0.709,260,2.04499,2.16075,0.94643
2025-10-29#t372w0,2025-10-29,Mr. Cullins,Affordability and housing,191,1.0,250,2.34955,2.2696,1.03523
2025-10-29#t373w0,2025-10-29,Ms. Mitton,Affordability and housing,148,0.953,204,2.06313,2.1969,0.93911
2025-10-29#t374w0,2025-10-29,Madam Speaker,Affordability and housing,68,0.0,88,2.75898,2.94908,0.93554
2025-10-29#t375w0,2025-10-29,Ms. M. Johnson,Affordability and housing,89,1.0,119,2.41893,2.24972,1.07521
2025-10-29#t376w0,2025-10-29,Mr. M. LeBlanc,Affordability and housing,87,1.0,119,2.11625,2.07016,1.02226
2025-10-29#t377w0,2025-10-29,Madam Speaker,Affordability and housing,290,1.0,381,2.61482,2.55504,1.0234
2025-10-29#t377w1,2025-10-29,Madam Speaker,Affordability and housing,343,1.0,423,2.75239,2.68517,1.02504
2025-10-29#t377w2,2025-10-29,Madam Speaker,Affordability and housing,353,1.0,415,2.7901,2.84509,0.98067
2025-10-29#t377w3,2025-10-29,Madam Speaker,Affordability and housing,331,1.0,382,2.59382,2.82058,0.9196
2025-10-29#t377w4,2025-10-29,Madam Speaker,Affordability and housing,76,1.0,92,2.53017,2.67392,0.94624
2025-10-29#t378w0,2025-10-29,Mr. M. LeBlanc,Affordability and housing,307,0.0,403,2.33529,2.20841,1.05745
2025-10-29#t378w1,2025-10-29,Mr. M. LeBlanc,Affordability and housing,283,0.0,346,2.31705,2.35291,0.98476
2025-10-29#t378w2,2025-10-29,Mr. M. LeBlanc,Affordability and housing,311,0.322,390,2.11351,2.18977,0.96518
2025-10-29#t378w3,2025-10-29,Mr. M. LeBlanc,Affordability and housing,309,0.537,387,2.59963,2.47837,1.04893
2025-10-29#t378w4,2025-10-29,Mr. M. LeBlanc,Affordability and housing,334,0.659,404,2.71552,2.5884,1.04911
2025-10-29#t378w5,2025-10-29,Mr. M. LeBlanc,Affordability and housing,351,0.202,436,2.41982,2.3452,1.03182
2025-10-29#t378w6,2025-10-29,Mr. M. LeBlanc,Affordability and housing,299,0.753,366,2.44469,2.41475,1.0124
2025-10-29#t378w7,2025-10-29,Mr. M. LeBlanc,Affordability and housing,351,0.712,443,2.55877,2.57648,0.99313
2025-10-29#t378w8,2025-10-29,Mr. M. LeBlanc,Affordability and housing,340,0.706,426,2.19515,2.29842,0.95507
2025-10-29#t378w9,2025-10-29,Mr. M. LeBlanc,Affordability and housing,316,1.0,362,2.57247,2.67692,0.96098
2025-10-29#t378w10,2025-10-29,Mr. M. LeBlanc,Affordability and housing,293,0.778,328,2.64016,2.57249,1.0263
2025-10-29#t379w0,2025-10-29,Mr. M. LeBlanc,Affordability and housing,326,1.0,387,2.64703,2.62633,1.00788
2025-10-29#t379w1,2025-10-29,Mr. M. LeBlanc,Affordability and housing,350,0.874,426,2.47043,2.43991,1.01251
2025-10-29#t379w2,2025-10-29,Mr. M. LeBlanc,Affordability and housing,90,1.0,102,2.96093,2.85273,1.03793
2025-10-29#t382w0,2025-10-29,Mr. M. LeBlanc,Affordability and housing,157,1.0,193,3.075,3.01029,1.0215
2025-10-29#t383w0,2025-10-29,Mr. M. LeBlanc,Affordability and housing,71,1.0,87,3.03014,2.87541,1.05381
2025-10-29#t385w0,2025-10-29,Mr. M. LeBlanc,Affordability and housing,247,0.551,309,2.6389,2.63277,1.00233
2025-10-29#t387w0,2025-10-29,Mr. M. LeBlanc,Affordability and housing,324,1.0,411,2.39247,2.39069,1.00074
2025-10-29#t387w1,2025-10-29,Mr. M. LeBlanc,Affordability and housing,112,1.0,135,2.18086,2.24103,0.97315
2025-10-29#t394w0,2025-10-29,Mr. Johnston,Affordability and housing,189,1.0,256,2.3258,2.37722,0.97837
2025-10-29#t396w0,2025-10-29,Ms. M. Johnson,Affordability and housing,330,1.0,432,2.16173,2.16717,0.99749
2025-10-29#t396w1,2025-10-29,Ms. M. Johnson,Affordability and housing,322,1.0,418,2.59782,2.64145,0.98348
2025-10-29#t396w2,2025-10-29,Ms. M. Johnson,Affordability and housing,306,1.0,358,2.84432,2.84878,0.99844
2025-10-29#t396w3,2025-10-29,Ms. M. Johnson,Affordability and housing,351,1.0,429,2.84484,2.81771,1.00963
2025-10-29#t396w4,2025-10-29,Ms. M. Johnson,Affordability and housing,290,1.0,365,2.81716,2.81504,1.00075
2025-10-29#t396w5,2025-10-29,Ms. M. Johnson,Affordability and housing,354,1.0,446,3.24333,3.11521,1.04113
2025-10-29#t396w6,2025-10-29,Ms. M. Johnson,Affordability and housing,297,1.0,400,2.907,2.85205,1.01927
2025-10-29#t396w7,2025-10-29,Ms. M. Johnson,Affordability and housing,252,1.0,302,2.89544,2.98649,0.96951
2025-10-29#t396w8,2025-10-29,Ms. M. Johnson,Affordability and housing,346,1.0,411,2.98778,2.95142,1.01232
2025-10-29#t396w9,2025-10-29,Ms. M. Johnson,Affordability and housing,254,1.0,327,2.65935,2.601,1.02243
2025-10-29#t396w10,2025-10-29,Ms. M. Johnson,Affordability and housing,337,1.0,432,2.83531,2.81653,1.00667
2025-10-29#t397w0,2025-10-29,Mr. J. LeBlanc,Affordability and housing,338,0.0,411,2.61921,2.53471,1.03334
2025-10-29#t397w1,2025-10-29,Mr. J. LeBlanc,Affordability and housing,294,0.163,351,2.68349,2.63026,1.02024
2025-10-29#t397w2,2025-10-29,Mr. J. LeBlanc,Affordability and housing,305,0.311,385,2.47331,2.56354,0.9648
2025-10-29#t397w3,2025-10-29,Mr. J. LeBlanc,Affordability and housing,349,0.504,435,2.50258,2.70827,0.92405
2025-10-29#t397w4,2025-10-29,Mr. J. LeBlanc,Affordability and housing,244,0.0,291,2.39827,2.43041,0.98678
2025-10-29#t397w5,2025-10-29,Mr. J. LeBlanc,Affordability and housing,348,0.471,425,2.85157,2.9521,0.96594
2025-10-29#t397w6,2025-10-29,Mr. J. LeBlanc,Affordability and housing,306,0.435,362,2.85846,2.83737,1.00743
2025-10-29#t397w7,2025-10-29,Mr. J. LeBlanc,Affordability and housing,313,0.776,393,2.70395,2.73412,0.98896
2025-10-29#t397w8,2025-10-29,Mr. J. LeBlanc,Affordability and housing,318,0.56,394,2.6772,2.74171,0.97647
2025-10-29#t397w9,2025-10-29,Mr. J. LeBlanc,Affordability and housing,352,0.111,417,2.69188,2.68668,1.00194
2025-10-29#t397w10,2025-10-29,Mr. J. LeBlanc,Affordability and housing,303,0.0,359,2.81855,2.74778,1.02575
2025-10-29#t397w11,2025-10-29,Mr. J. LeBlanc,Affordability and housing,282,0.0,320,2.75571,2.8181,0.97786
2025-10-29#t397w12,2025-10-29,Mr. J. LeBlanc,Affordability and housing,257,0.311,309,2.86838,2.71516,1.05643
2025-10-29#t397w13,2025-10-29,Mr. J. LeBlanc,Affordability and housing,299,0.421,368,2.66703,2.80419,0.95109
2025-10-29#t397w14,2025-10-29,Mr. J. LeBlanc,Affordability and housing,330,0.0,415,2.81634,2.68666,1.04827
2025-10-29#t397w15,2025-10-29,Mr. J. LeBlanc,Affordability and housing,346,0.373,419,2.57401,2.60432,0.98836
2025-10-29#t399w0,2025-10-29,Mr. Cullins,Affordability and housing,56,1.0,78,2.74001,2.45682,1.11527
2025-10-29#t400w0,2025-10-29,Mr. Cullins,Affordability and housing,334,1.0,420,2.19359,2.2736,0.96481
2025-10-29#t400w1,2025-10-29,Mr. Cullins,Affordability and housing,318,1.0,391,2.32174,2.386,0.97307
2025-10-29#t400w2,2025-10-29,Mr. Cullins,Affordability and housing,250,1.0,327,2.49874,2.4686,1.01221
2025-10-29#t400w3,2025-10-29,Mr. Cullins,Affordability and housing,264,1.0,309,2.55493,2.61678,0.97637
2025-10-29#t400w4,2025-10-29,Mr. Cullins,Affordability and housing,281,1.0,368,2.60691,2.74414,0.94999
2025-10-29#t400w5,2025-10-29,Mr. Cullins,Affordability and housing,350,1.0,455,2.56688,2.48466,1.03309
2025-10-29#t400w6,2025-10-29,Mr. Cullins,Affordability and housing,357,1.0,448,2.89997,2.82165,1.02776
2025-10-29#t400w7,2025-10-29,Mr. Cullins,Affordability and housing,54,1.0,72,2.67741,2.45388,1.09109
2025-10-29#t401w0,2025-10-29,,Affordability and housing,325,1.0,411,2.67105,2.71042,0.98547
2025-10-29#t401w1,2025-10-29,,Affordability and housing,349,1.0,458,2.64954,2.67522,0.9904
2025-10-29#t401w2,2025-10-29,,Affordability and housing,131,1.0,172,2.79702,2.61067,1.07138
2025-10-29#t403w0,2025-10-29,Madam Speaker,Affordability and housing,344,0.547,402,2.43706,2.55703,0.95308
2025-10-29#t403w1,2025-10-29,Madam Speaker,Affordability and housing,344,0.558,389,2.59446,2.60649,0.99539
2025-10-29#t403w2,2025-10-29,Madam Speaker,Affordability and housing,201,0.726,235,2.55332,2.59502,0.98393
2025-10-29#t404w0,2025-10-29,Mr. Lee,Affordability and housing,195,1.0,231,2.70147,2.61472,1.03318
2025-10-29#t404w1,2025-10-29,Mr. Lee,Affordability and housing,187,1.0,225,2.99923,2.8165,1.06488
2025-10-29#t404w2,2025-10-29,Mr. Lee,Affordability and housing,247,1.0,300,2.4009,2.55394,0.94008
2025-10-29#t404w3,2025-10-29,Mr. Lee,Affordability and housing,315,1.0,379,2.79535,2.82907,0.98808
2025-10-29#t404w4,2025-10-29,Mr. Lee,Affordability and housing,355,1.0,429,2.89966,2.85291,1.01638
2025-10-29#t404w5,2025-10-29,Mr. Lee,Affordability and housing,350,1.0,419,3.23263,3.23814,0.9983
2025-10-29#t404w6,2025-10-29,Mr. Lee,Affordability and housing,101,1.0,130,2.74891,2.72631,1.00829
2025-10-29#t405w0,2025-10-29,Ms. Mitton,Affordability and housing,335,0.866,393,2.64036,2.61165,1.01099
2025-10-29#t405w1,2025-10-29,Ms. Mitton,Affordability and housing,313,0.495,398,2.20496,2.37505,0.92839
2025-10-29#t405w2,2025-10-29,Ms. Mitton,Affordability and housing,359,0.437,408,2.07532,2.25103,0.92194
2025-10-29#t406w0,2025-10-29,Ms. M. Wilson,Affordability and housing,332,1.0,390,2.35031,2.37874,0.98805
2025-10-29#t406w1,2025-10-29,Ms. M. Wilson,Affordability and housing,289,1.0,375,2.55721,2.54939,1.00307
2025-10-29#t406w2,2025-10-29,Ms. M. Wilson,Affordability and housing,305,1.0,394,2.73622,2.78251,0.98336
2025-10-29#t406w3,2025-10-29,Ms. M. Wilson,Affordability and housing,334,1.0,414,2.70154,2.74328,0.98479
2025-10-29#t406w4,2025-10-29,Ms. M. Wilson,Affordability and housing,356,1.0,445,2.60691,2.69183,0.96845
2025-10-29#t407w0,2025-10-29,Mr. Coon,Affordability and housing,346,0.887,415,2.38155,2.34271,1.01658
2025-10-29#t407w1,2025-10-29,Mr. Coon,Affordability and housing,328,1.0,403,2.38149,2.40293,0.99108
2025-10-29#t407w2,2025-10-29,Mr. Coon,Affordability and housing,359,0.518,428,2.33314,2.45268,0.95126
2025-10-29#t407w3,2025-10-29,Mr. Coon,Affordability and housing,194,0.345,235,2.14697,2.27227,0.94486
2025-10-29#t408w0,2025-10-29,Mr. Ames,Affordability and housing,350,1.0,437,2.56845,2.65125,0.96877
2025-10-29#t408w1,2025-10-29,Mr. Ames,Affordability and housing,281,1.0,327,2.37322,2.51987,0.9418
2025-10-29#t409w0,2025-10-29,Mr. Coon,Affordability and housing,319,0.987,417,2.63981,2.55615,1.03273
2025-10-29#t409w1,2025-10-29,Mr. Coon,Affordability and housing,315,1.0,397,2.59595,2.61971,0.99093
2025-10-29#t411w0,2025-10-29,Mr. Austin,Affordability and housing,328,1.0,414,2.37229,2.48009,0.95653
2025-10-29#t411w1,2025-10-29,Mr. Austin,Affordability and housing,246,1.0,287,2.80073,2.86114,0.97889
2025-10-29#t411w2,2025-10-29,Mr. Austin,Affordability and housing,318,1.0,380,2.36415,2.53362,0.93311
2025-10-29#t411w3,2025-10-29,Mr. Austin,Affordability and housing,311,0.415,379,2.14829,2.2883,0.93882
2025-10-29#t411w4,2025-10-29,Mr. Austin,Affordability and housing,351,0.519,409,2.48827,2.52704,0.98466
2025-10-29#t411w5,2025-10-29,Mr. Austin,Affordability and housing,267,0.581,323,2.44252,2.4834,0.98354
2025-10-29#t412w0,2025-10-29,Mr. Oliver,Affordability and housing,328,1.0,410,2.42874,2.35802,1.02999
2025-10-29#t412w1,2025-10-29,Mr. Oliver,Affordability and housing,322,1.0,411,2.65481,2.72441,0.97445
2025-10-29#t412w2,2025-10-29,Mr. Oliver,Affordability and housing,270,1.0,321,2.32494,2.47559,0.93915
2025-10-29#t413w0,2025-10-29,Mr. Coon,Affordability and housing,359,1.0,420,2.27824,2.28603,0.99659
2025-10-30#t415w0,2025-10-30,Hon. Mr. Herron,Affordability and housing,77,1.0,89,2.77377,2.70852,1.02409
2025-10-30#t416w0,2025-10-30,Hon. Mr. Herron,Affordability and housing,336,1.0,392,2.25342,2.46056,0.91581
2025-10-30#t416w1,2025-10-30,Hon. Mr. Herron,Affordability and housing,122,1.0,153,3.00045,2.86292,1.04804
2025-10-30#t417w0,2025-10-30,Mr. Savoie,Affordability and housing,225,0.973,264,2.57754,2.51665,1.0242
2025-10-30#t418w0,2025-10-30,Mr. Coon,Affordability and housing,91,0.956,103,2.5586,2.50543,1.02122
2025-10-30#t419w0,2025-10-30,Mr. Coon,Affordability and housing,93,1.0,117,3.13262,3.03702,1.03148
2025-10-30#t420w0,2025-10-30,Ms. Conroy,Affordability and housing,287,1.0,351,2.77876,2.709,1.02575
2025-10-30#t420w1,2025-10-30,Ms. Conroy,Affordability and housing,82,1.0,103,2.7077,2.55608,1.05932
2025-10-30#t421w0,2025-10-30,Mr. Johnston,Affordability and housing,184,0.663,250,2.69898,2.50054,1.07936
2025-10-30#t423w0,2025-10-30,Hon. Ms. Holt,Affordability and housing,336,1.0,413,2.31262,2.27103,1.01831
2025-10-30#t423w1,2025-10-30,Hon. Ms. Holt,Affordability and housing,260,1.0,316,2.38292,2.41286,0.98759
2025-10-30#t425w0,2025-10-30,Mr. Lee,Affordability and housing,330,1.0,432,2.57414,2.49354,1.03232
2025-10-30#t426w0,2025-10-30,Hon. Ms. Thériault,Affordability and housing,195,0.0,304,2.25441,2.40375,0.93787
2025-10-30#t427w0,2025-10-30,Ms. M. Johnson,Affordability and housing,230,1.0,282,1.971,2.30015,0.8569
2025-10-30#t428w0,2025-10-30,Mr. Oliver,Affordability and housing,180,1.0,222,2.52483,2.60747,0.96831
2025-10-30#t430w0,2025-10-30,Ms. Sodhi,Affordability and housing,176,1.0,217,1.61674,2.08752,0.77448
2025-10-30#t431w0,2025-10-30,Ms. Scott-Wallace,Affordability and housing,158,1.0,192,2.63048,2.49444,1.05454
2025-10-30#t432w0,2025-10-30,Mr. Coon,Affordability and housing,141,1.0,173,2.43749,2.57991,0.9448
2025-10-30#t433w0,2025-10-30,Hon. C. Johnson,Affordability and housing,136,0.0,183,2.45389,2.55051,0.96212
2025-10-30#t434w0,2025-10-30,Ms. Mitton,Affordability and housing,126,0.976,155,2.70532,2.48356,1.08929
2025-10-30#t435w0,2025-10-30,Ms. M. Wilson,Affordability and housing,135,1.0,163,2.4968,2.45131,1.01856
2025-10-30#t436w0,2025-10-30,Ms. Mitton,Affordability and housing,154,1.0,198,2.63746,2.50263,1.05388
2025-10-30#t437w0,2025-10-30,Mr. Johnston,Affordability and housing,167,0.898,219,2.63345,2.56014,1.02864
2025-10-30#t438w0,2025-10-30,Mr. Hogan,Affordability and housing,146,1.0,188,2.15822,2.23661,0.96495
2025-10-30#t439w0,2025-10-30,Mr. Arseneault,Affordability and housing,146,0.637,188,2.57172,2.34763,1.09545
2025-10-30#t440w0,2025-10-30,Mr. Ames,Affordability and housing,117,1.0,149,2.46622,2.33103,1.058
2025-10-30#t441w0,2025-10-30,Ms. Sodhi,Affordability and housing,148,1.0,186,2.28754,2.25283,1.01541
2025-10-30#t442w0,2025-10-30,Ms. M. Johnson,Affordability and housing,132,1.0,159,2.60078,2.4175,1.07581
2025-10-30#t443w0,2025-10-30,Mr. Doucet,Affordability and housing,122,1.0,152,2.07981,2.25802,0.92107
2025-10-30#t444w0,2025-10-30,Ms. Conroy,Affordability and housing,133,1.0,159,2.82075,2.74374,1.02807
2025-10-30#t445w0,2025-10-30,Mr. Savoie,Affordability and housing,180,0.956,226,2.40226,2.40809,0.99758
2025-10-30#t446w0,2025-10-30,Hon. Ms. Holt,Affordability and housing,122,1.0,164,2.32247,2.2645,1.0256
2025-10-30#t447w0,2025-10-30,Mr. Savoie,Affordability and housing,142,1.0,163,2.91073,2.7945,1.04159
2025-10-30#t448w0,2025-10-30,Hon. Mr. Legacy,Affordability and housing,164,1.0,195,3.01128,2.94833,1.02135
2025-10-30#t449w0,2025-10-30,Mr. Savoie,Affordability and housing,137,1.0,164,2.80242,2.76634,1.01304
2025-10-30#t450w0,2025-10-30,Hon. Mr. Herron,Affordability and housing,160,1.0,193,2.70186,2.49538,1.08274
2025-10-30#t451w0,2025-10-30,Mr. Savoie,Affordability and housing,93,1.0,117,2.99051,2.92885,1.02105
2025-10-30#t452w0,2025-10-30,Hon. Mr. Herron,Affordability and housing,140,1.0,167,2.77889,2.73878,1.01465
2025-10-30#t453w0,2025-10-30,Mr. Savoie,Affordability and housing,171,1.0,216,2.97811,2.78426,1.06962
2025-10-30#t454w0,2025-10-30,Hon. Mr. Herron,Affordability and housing,118,1.0,147,2.66307,2.90646,0.91626
2025-10-30#t455w0,2025-10-30,Mr. Savoie,Affordability and housing,128,1.0,171,3.26067,3.09445,1.05372
2025-10-30#t457w0,2025-10-30,Mr. Lee,Affordability and housing,128,1.0,167,3.05601,2.89495,1.05564
2025-10-30#t458w0,2025-10-30,Hon. C. Johnson,Affordability and housing,63,1.0,79,2.76834,2.89222,0.95717
2025-10-30#t459w0,2025-10-30,Mr. Lee,Affordability and housing,129,1.0,153,2.90099,2.91252,0.99604
2025-10-30#t460w0,2025-10-30,Hon. C. Johnson,Affordability and housing,74,1.0,89,2.93079,2.76142,1.06133
2025-10-30#t461w0,2025-10-30,Hon. C. Johnson,Affordability and housing,52,1.0,72,3.36979,2.86119,1.17776
2025-10-30#t462w0,2025-10-30,Mr. Lee,Affordability and housing,156,1.0,200,2.86974,2.51944,1.13904
2025-10-30#t464w0,2025-10-30,Hon. C. Johnson,Affordability and housing,110,1.0,140,2.93563,2.89614,1.01363
2025-10-30#t465w0,2025-10-30,Mr. Hogan,Affordability and housing,106,1.0,128,2.14813,2.29098,0.93765
2025-10-30#t466w0,2025-10-30,Hon. Mr. Dornan,Affordability and housing,133,1.0,167,2.73124,2.66643,1.02431
2025-10-30#t467w0,2025-10-30,Mr. Hogan,Affordability and housing,135,1.0,176,2.59208,2.58222,1.00382
2025-10-30#t468w0,2025-10-30,Hon. Mr. Dornan,Affordability and housing,176,1.0,227,2.57867,2.42226,1.06457
2025-10-30#t469w0,2025-10-30,Mr. Hogan,Affordability and housing,139,1.0,178,2.86383,2.73533,1.04698
2025-10-30#t470w0,2025-10-30,Hon. Mr. Dornan,Affordability and housing,130,1.0,173,2.91856,2.74516,1.06317
2025-10-30#t471w0,2025-10-30,Mr. Coon,Affordability and housing,151,0.974,178,2.92678,2.67409,1.09449
2025-10-30#t472w0,2025-10-30,Hon. Mr. LePage,Affordability and housing,124,0.0,150,2.86726,2.93185,0.97797
2025-10-30#t473w0,2025-10-30,Mr. Coon,Affordability and housing,167,1.0,206,2.41014,2.52557,0.9543
2025-10-30#t474w0,2025-10-30,Hon. Mr. LePage,Affordability and housing,134,0.0,158,2.78183,2.72767,1.01986
2025-10-30#t475w0,2025-10-30,Mr. Monahan,Affordability and housing,137,0.0,168,2.77828,2.60929,1.06477
2025-10-30#t476w0,2025-10-30,Hon. Ms. Miles,Affordability and housing,179,1.0,258,2.27192,2.29646,0.98932
2025-10-30#t477w0,2025-10-30,Mr. Monahan,Affordability and housing,160,0.0,189,2.61173,2.4736,1.05585
2025-10-30#t478w0,2025-10-30,Hon. Ms. Holt,Affordability and housing,221,0.837,262,2.27906,2.27771,1.00059
2025-10-30#t480w0,2025-10-30,Hon. Mr. Gauvin,Affordability and housing,152,0.586,183,2.52057,2.48624,1.01381
2025-10-30#t481w0,2025-10-30,Mr. Ames,Affordability and housing,119,1.0,150,2.51537,2.43194,1.03431
2025-10-30#t482w0,2025-10-30,Mr. Coon,Affordability and housing,153,0.752,195,2.17974,2.3858,0.91363
2025-10-30#t483w0,2025-10-30,Hon. Ms. Thériault,Affordability and housing,204,0.441,253,2.48536,2.41314,1.02993
2025-10-30#t485w0,2025-10-30,Ms. M. Wilson,Affordability and housing,260,1.0,314,3.11381,3.03689,1.02533
2025-10-30#t486w0,2025-10-30,Ms. Mitton,Affordability and housing,161,0.975,201,2.49213,2.50332,0.99553
2025-10-30#t487w0,2025-10-30,Hon. C. Johnson,Affordability and housing,193,0.591,257,2.4085,2.35164,1.02418
2025-10-30#t488w0,2025-10-30,Mr. Lee,Affordability and housing,127,1.0,163,2.74197,2.79144,0.98228
2025-10-30#t489w0,2025-10-30,Ms. Mitton,Affordability and housing,256,0.984,302,2.53761,2.52942,1.00324
2025-10-30#t491w0,2025-10-30,Ms. M. Johnson,Affordability and housing,102,1.0,133,2.15515,2.53496,0.85017
2025-10-30#t492w0,2025-10-30,Madam Speaker,Affordability and housing,312,0.897,395,2.33205,2.49657,0.9341
2025-10-30#t493w0,2025-10-30,Ms. M. Johnson,Affordability and housing,94,1.0,127,2.45541,2.24959,1.0915
2025-10-30#t494w0,2025-10-30,Mr. M. LeBlanc,Affordability and housing,235,1.0,283,2.49901,2.38486,1.04787
2025-10-30#t495w0,2025-10-30,Mr. Weir,Affordability and housing,344,1.0,401,2.51179,2.41446,1.04031
2025-10-30#t495w1,2025-10-30,Mr. Weir,Affordability and housing,339,1.0,413,2.46632,2.54525,0.96899
2025-10-30#t495w2,2025-10-30,Mr. Weir,Affordability and housing,345,1.0,416,2.72563,2.72807,0.99911
2025-10-30#t495w3,2025-10-30,Mr. Weir,Affordability and housing,359,1.0,427,2.5983,2.52109,1.03063
2025-10-30#t495w4,2025-10-30,Mr. Weir,Affordability and housing,221,1.0,270,2.43241,2.5201,0.9652
2025-10-30#t495w5,2025-10-30,Mr. Weir,Affordability and housing,330,1.0,439,2.51399,2.43669,1.03172
2025-10-30#t495w6,2025-10-30,Mr. Weir,Affordability and housing,321,1.0,394,2.76281,2.67249,1.03379
2025-10-30#t495w7,2025-10-30,Mr. Weir,Affordability and housing,278,1.0,362,2.44269,2.57455,0.94878
2025-10-30#t495w8,2025-10-30,Mr. Weir,Affordability and housing,311,1.0,410,2.5762,2.72242,0.94629
2025-10-30#t495w9,2025-10-30,Mr. Weir,Affordability and housing,77,1.0,88,2.86958,2.91968,0.98284
2025-10-30#t496w0,2025-10-30,Hon. Mr. McKee,Affordability and housing,340,1.0,421,2.34147,2.32587,1.00671
2025-10-30#t496w1,2025-10-30,Hon. Mr. McKee,Affordability and housing,307,0.27,378,2.44267,2.35783,1.03598
2025-10-30#t496w2,2025-10-30,Hon. Mr. McKee,Affordability and housing,289,1.0,343,2.60372,2.63555,0.98792
2025-10-30#t496w3,2025-10-30,Hon. Mr. McKee,Affordability and housing,298,0.359,374,2.25172,2.42989,0.92668
2025-10-30#t496w4,2025-10-30,Hon. Mr. McKee,Affordability and housing,108,1.0,139,2.77867,2.78142,0.99901
2025-10-30#t499w0,2025-10-30,Hon. Mr. McKee,Affordability and housing,316,1.0,411,2.68295,2.64018,1.0162
2025-10-30#t499w1,2025-10-30,Hon. Mr. McKee,Affordability and housing,348,1.0,448,2.55767,2.55123,1.00252
2025-10-30#t499w2,2025-10-30,Hon. Mr. McKee,Affordability and housing,180,1.0,228,2.73279,2.62786,1.03993
2025-10-30#t503w0,2025-10-30,Mr. Hogan,Affordability and housing,329,1.0,403,2.49033,2.50408,0.99451
2025-10-30#t503w1,2025-10-30,Mr. Hogan,Affordability and housing,337,1.0,421,2.55017,2.46304,1.03538
2025-10-30#t503w2,2025-10-30,Mr. Hogan,Affordability and housing,354,1.0,444,2.22512,2.37493,0.93692
2025-10-30#t503w3,2025-10-30,Mr. Hogan,Affordability and housing,314,1.0,392,2.40386,2.43046,0.98906
2025-10-30#t503w4,2025-10-30,Mr. Hogan,Affordability and housing,313,1.0,400,2.32818,2.37242,0.98135
2025-10-30#t503w5,2025-10-30,Mr. Hogan,Affordability and housing,83,1.0,105,2.54003,2.70373,0.93945
2025-10-30#t505w0,2025-10-30,Ms. Vautour,Affordability and housing,349,0.0,429,2.73391,2.72752,1.00234
2025-10-30#t505w1,2025-10-30,Ms. Vautour,Affordability and housing,290,0.0,331,2.87913,2.77078,1.03911
2025-10-30#t505w2,2025-10-30,Ms. Vautour,Affordability and housing,261,0.0,317,2.85643,2.79121,1.02336
2025-10-30#t507w0,2025-10-30,Mr. Coon,Affordability and housing,229,1.0,286,2.48004,2.54803,0.97332
2025-10-30#t507w1,2025-10-30,Mr. Coon,Affordability and housing,320,1.0,410,2.60611,2.59978,1.00244
2025-10-30#t507w2,2025-10-30,Mr. Coon,Affordability and housing,244,1.0,287,2.80416,2.83365,0.98959
2025-10-30#t507w3,2025-10-30,Mr. Coon,Affordability and housing,272,1.0,322,2.70612,2.60405,1.03919
2025-10-30#t507w4,2025-10-30,Mr. Coon,Affordability and housing,343,1.0,392,2.63683,2.74098,0.962
2025-10-30#t507w5,2025-10-30,Mr. Coon,Affordability and housing,142,1.0,173,2.49289,2.5894,0.96273
2025-10-30#t509w0,2025-10-30,Mr. Russell,Affordability and housing,341,1.0,413,2.84805,2.74604,1.03715
2025-10-30#t509w1,2025-10-30,Mr. Russell,Affordability and housing,332,1.0,385,2.46313,2.50022,0.98516
2025-10-30#t509w2,2025-10-30,Mr. Russell,Affordability and housing,345,1.0,423,2.49401,2.51099,0.99324
2025-10-30#t509w3,2025-10-30,Mr. Russell,Affordability and housing,318,1.0,380,2.709,2.73258,0.99137
2025-10-30#t509w4,2025-10-30,Mr. Russell,Affordability and housing,169,1.0,198,2.19405,2.31536,0.94761
2025-10-30#t511w0,2025-10-30,Ms. Wilcott,Affordability and housing,268,1.0,316,2.75521,2.77742,0.992
2025-10-30#t511w1,2025-10-30,Ms. Wilcott,Affordability and housing,349,1.0,436,2.64423,2.78714,0.94873
2025-10-30#t511w2,2025-10-30,Ms. Wilcott,Affordability and housing,329,1.0,415,2.74362,2.77513,0.98864
2025-10-30#t511w3,2025-10-30,Ms. Wilcott,Affordability and housing,271,1.0,318,2.84667,2.92185,0.97427
2025-10-30#t514w0,2025-10-30,Mr. Deputy Speaker,Affordability and housing,54,1.0,66,3.14231,3.19144,0.9846
2025-10-30#t515w0,2025-10-30,Ms. Wilcott,Affordability and housing,267,1.0,331,2.75284,2.70756,1.01672
2025-10-30#t515w1,2025-10-30,Ms. Wilcott,Affordability and housing,333,1.0,429,2.70668,2.75265,0.9833
2025-10-30#t515w2,2025-10-30,Ms. Wilcott,Affordability and housing,118,1.0,150,3.15289,2.83846,1.11077
2025-10-30#t516w0,2025-10-30,Ms. Wilcott,Affordability and housing,241,1.0,296,2.89445,2.85803,1.01274
2025-10-30#t517w0,2025-10-30,Mr. Deputy Speaker,Affordability and housing,51,1.0,58,2.62725,2.984,0.88044
2025-10-30#t518w0,2025-10-30,Mr. Savoie,Affordability and housing,311,1.0,367,2.46683,2.45712,1.00395
2025-10-30#t518w1,2025-10-30,Mr. Savoie,Affordability and housing,302,1.0,350,2.61576,2.75576,0.9492
2025-10-30#t520w0,2025-10-30,Mr. M. LeBlanc,Affordability and housing,58,1.0,72,2.21514,2.43511,0.90967
2025-10-30#t523w0,2025-10-30,Mr. Deputy Speaker,Affordability and housing,86,1.0,117,2.27005,2.41943,0.93826
2025-10-30#t525w0,2025-10-30,Mr. Savoie,Affordability and housing,161,1.0,205,2.61221,2.71698,0.96144
2025-10-30#t529w0,2025-10-30,Mr. Weir,Affordability and housing,105,1.0,130,3.17886,2.95568,1.07551
2025-10-30#t530w0,2025-10-30,Mr. Weir,Affordability and housing,203,1.0,264,2.92343,2.66835,1.09559
2025-10-30#t531w0,2025-10-30,Mr. Weir,Affordability and housing,294,1.0,376,2.51913,2.82406,0.89202
2025-10-30#t531w1,2025-10-30,Mr. Weir,Affordability and housing,216,1.0,290,2.44752,2.58556,0.94661
2025-10-30#t531w2,2025-10-30,Mr. Weir,Affordability and housing,252,1.0,305,2.72281,2.80614,0.97031
2025-10-30#t531w3,2025-10-30,Mr. Weir,Affordability and housing,254,1.0,301,2.46231,2.45376,1.00348
2025-10-30#t531w4,2025-10-30,Mr. Weir,Affordability and housing,146,1.0,173,3.06205,3.18993,0.95991
2025-10-30#t532w0,2025-10-30,Mr. Deputy Speaker,Affordability and housing,353,1.0,432,2.38509,2.36188,1.00983
2025-10-30#t533w0,2025-10-30,,Affordability and housing,223,0.951,297,2.53657,2.58605,0.98087
2025-10-30#t534w0,2025-10-30,Ms. S. Wilson,Affordability and housing,360,1.0,437,2.26979,2.43281,0.93299
2025-10-30#t534w1,2025-10-30,Ms. S. Wilson,Affordability and housing,300,1.0,360,2.90778,2.8299,1.02752
2025-10-30#t534w2,2025-10-30,Ms. S. Wilson,Affordability and housing,305,1.0,359,2.67581,2.65452,1.00802
2025-10-30#t534w3,2025-10-30,Ms. S. Wilson,Affordability and housing,338,1.0,403,2.8349,2.86851,0.98828
2025-10-30#t534w4,2025-10-30,Ms. S. Wilson,Affordability and housing,309,1.0,365,2.61088,2.76405,0.94458
2025-10-30#t534w5,2025-10-30,Ms. S. Wilson,Affordability and housing,210,1.0,250,2.63199,2.64022,0.99688
2025-10-30#t535w0,2025-10-30,Hon. Mr. McKee,Affordability and housing,329,1.0,407,2.26115,2.30644,0.98036
2025-10-30#t535w1,2025-10-30,Hon. Mr. McKee,Affordability and housing,309,0.583,363,2.55297,2.67488,0.95442
2025-10-30#t535w2,2025-10-30,Hon. Mr. McKee,Affordability and housing,334,0.623,387,2.72839,2.70949,1.00697
2025-10-30#t535w3,2025-10-30,Hon. Mr. McKee,Affordability and housing,357,0.773,431,2.74861,2.73465,1.00511
2025-10-30#t535w4,2025-10-30,Hon. Mr. McKee,Affordability and housing,319,1.0,393,2.69533,2.78472,0.9679
2025-10-30#t535w5,2025-10-30,Hon. Mr. McKee,Affordability and housing,360,1.0,432,2.63774,2.65419,0.9938
2025-10-30#t535w6,2025-10-30,Hon. Mr. McKee,Affordability and housing,133,0.955,183,2.48503,2.48703,0.9992
2025-10-30#t536w0,2025-10-30,Ms. M. Johnson,Affordability and housing,352,1.0,454,2.40539,2.50317,0.96094
2025-10-30#t536w1,2025-10-30,Ms. M. Johnson,Affordability and housing,360,1.0,446,2.88565,2.93522,0.98311
2025-10-30#t536w2,2025-10-30,Ms. M. Johnson,Affordability and housing,333,1.0,407,2.88557,3.06791,0.94056
2025-10-30#t536w3,2025-10-30,Ms. M. Johnson,Affordability and housing,292,1.0,365,2.88065,2.77703,1.03731
2025-10-30#t537w0,2025-10-30,Mr. Bourque,Affordability and housing,329,0.0,414,2.52501,2.50112,1.00955
2025-10-30#t537w1,2025-10-30,Mr. Bourque,Affordability and housing,335,0.0,410,2.46548,2.56129,0.96259
2025-10-30#t537w2,2025-10-30,Mr. Bourque,Affordability and housing,349,0.043,439,2.44951,2.55997,0.95685
2025-10-30#t537w3,2025-10-30,Mr. Bourque,Affordability and housing,349,0.705,424,2.2873,2.41164,0.94844
2025-10-30#t537w4,2025-10-30,Mr. Bourque,Affordability and housing,247,0.571,276,2.32807,2.43923,0.95443
2025-10-30#t537w5,2025-10-30,Mr. Bourque,Affordability and housing,329,0.891,395,2.4646,2.63862,0.93405
2025-10-30#t537w6,2025-10-30,Mr. Bourque,Affordability and housing,254,0.819,310,2.75305,2.63032,1.04666
2025-10-31#t538w0,2025-10-31,Hon. Ms. Holt,Affordability and housing,192,0.958,228,2.54617,2.6222,0.97101
2025-10-31#t538w1,2025-10-31,Hon. Ms. Holt,Affordability and housing,348,0.647,414,2.36401,2.51808,0.93881
2025-10-31#t538w2,2025-10-31,Hon. Ms. Holt,Affordability and housing,250,0.84,317,2.36212,2.44084,0.96775
2025-10-31#t538w3,2025-10-31,Hon. Ms. Holt,Affordability and housing,357,0.672,425,2.47245,2.43585,1.01503
2025-10-31#t538w4,2025-10-31,Hon. Ms. Holt,Affordability and housing,319,0.687,381,2.45376,2.52276,0.97265
2025-10-31#t538w5,2025-10-31,Hon. Ms. Holt,Affordability and housing,212,0.892,269,2.66857,2.78258,0.95902
2025-10-31#t539w0,2025-10-31,Hon. Ms. Holt,Affordability and housing,309,0.583,370,2.70008,2.66659,1.01256
2025-10-31#t539w1,2025-10-31,Hon. Ms. Holt,Affordability and housing,296,1.0,340,2.55781,2.48947,1.02745
2025-10-31#t539w2,2025-10-31,Hon. Ms. Holt,Affordability and housing,312,1.0,358,2.80277,2.76242,1.01461
2025-10-31#t539w3,2025-10-31,Hon. Ms. Holt,Affordability and housing,356,0.461,419,2.55082,2.64654,0.96383
2025-10-31#t539w4,2025-10-31,Hon. Ms. Holt,Affordability and housing,325,1.0,382,2.56188,2.77082,0.92459
2025-10-31#t539w5,2025-10-31,Hon. Ms. Holt,Affordability and housing,330,0.57,394,2.23616,2.38918,0.93595
2025-10-31#t539w6,2025-10-31,Hon. Ms. Holt,Affordability and housing,332,0.717,393,2.72916,2.68347,1.01703
2025-10-31#t539w7,2025-10-31,Hon. Ms. Holt,Affordability and housing,350,0.726,423,2.47098,2.58355,0.95643
2025-10-31#t539w8,2025-10-31,Hon. Ms. Holt,Affordability and housing,196,1.0,222,2.86945,2.81893,1.01792
2025-10-31#t540w0,2025-10-31,Hon. Ms. Holt,Affordability and housing,314,0.764,368,2.60328,2.68759,0.96863
2025-10-31#t540w1,2025-10-31,Hon. Ms. Holt,Affordability and housing,329,0.669,394,2.46051,2.54544,0.96663
2025-10-31#t540w2,2025-10-31,Hon. Ms. Holt,Affordability and housing,219,1.0,267,2.43026,2.71096,0.89646
2025-10-31#t540w3,2025-10-31,Hon. Ms. Holt,Affordability and housing,334,0.734,428,2.78281,2.83003,0.98332
2025-10-31#t540w4,2025-10-31,Hon. Ms. Holt,Affordability and housing,274,0.679,360,2.50148,2.57419,0.97175
2025-11-04#t542w0,2025-11-04,Hon. Mr. Dornan,Affordability and housing,117,1.0,148,2.33277,2.62411,0.88898
2025-11-04#t543w0,2025-11-04,Mr. Savoie,Affordability and housing,89,1.0,107,2.20299,2.38931,0.92202
2025-11-04#t544w0,2025-11-04,Mr. Johnston,Affordability and housing,220,1.0,285,2.43233,2.33319,1.04249
2025-11-04#t545w0,2025-11-04,Mr. Russell,Affordability and housing,132,1.0,170,2.2547,2.26676,0.99468
2025-11-04#t546w0,2025-11-04,Ms. Wilcott,Affordability and housing,351,1.0,426,2.08907,2.37174,0.88082
2025-11-04#t546w1,2025-11-04,Ms. Wilcott,Affordability and housing,71,1.0,92,2.48514,2.81694,0.88221
2025-11-04#t547w0,2025-11-04,Mr. Bourque,Affordability and housing,174,0.54,230,2.17534,2.29906,0.94618
2025-11-04#t548w0,2025-11-04,Ms. Wilcott,Affordability and housing,154,0.857,206,2.83785,2.61543,1.08504
2025-11-04#t550w0,2025-11-04,Mr. Savoie,Affordability and housing,140,0.957,170,2.04905,2.05425,0.99747
2025-11-04#t551w0,2025-11-04,Mr. Coon,Affordability and housing,144,0.0,177,2.01867,2.21842,0.90996
2025-11-04#t552w0,2025-11-04,Ms. M. Johnson,Affordability and housing,186,0.978,243,2.44761,2.49869,0.97956
2025-11-04#t553w0,2025-11-04,Ms. Mitton,Affordability and housing,146,1.0,189,2.16644,2.18185,0.99294
2025-11-04#t554w0,2025-11-04,Ms. M. Wilson,Affordability and housing,128,1.0,175,2.62172,2.61517,1.00251
2025-11-04#t555w0,2025-11-04,Mr. Russell,Affordability and housing,138,1.0,165,2.67174,2.78228,0.96027
2025-11-04#t556w0,2025-11-04,Ms. Mitton,Affordability and housing,154,1.0,209,3.22585,3.10781,1.03798
2025-11-04#t557w0,2025-11-04,Mr. J. LeBlanc,Affordability and housing,155,0.774,189,2.10528,2.21718,0.94953
2025-11-04#t558w0,2025-11-04,Mr. Oliver,Affordability and housing,170,1.0,210,2.80491,2.64659,1.05982
2025-11-04#t559w0,2025-11-04,Mr. Robichaud,Affordability and housing,150,0.413,179,2.16694,2.34908,0.92246
2025-11-04#t560w0,2025-11-04,Ms. Scott-Wallace,Affordability and housing,160,1.0,189,2.77645,2.83312,0.98
2025-11-04#t561w0,2025-11-04,Mr. Johnston,Affordability and housing,150,0.973,180,2.55681,2.53629,1.00809
2025-11-04#t562w0,2025-11-04,Mr. Cullins,Affordability and housing,155,1.0,206,2.57719,2.58697,0.99622
2025-11-04#t563w0,2025-11-04,Mr. Mallet,Affordability and housing,125,0.0,155,2.439,2.47247,0.98646
2025-11-04#t564w0,2025-11-04,Ms. S. Wilson,Affordability and housing,145,1.0,181,2.64133,2.68377,0.98419
2025-11-04#t565w0,2025-11-04,Mr. Savoie,Affordability and housing,56,0.857,68,2.59964,2.68426,0.96848
2025-11-04#t566w0,2025-11-04,Mr. Savoie,Affordability and housing,80,1.0,106,3.13697,3.03249,1.03445
2025-11-04#t567w0,2025-11-04,Hon. Ms. Holt,Affordability and housing,183,1.0,225,2.20512,2.38329,0.92524
2025-11-04#t568w0,2025-11-04,Mr. Savoie,Affordability and housing,120,1.0,154,2.54315,2.76834,0.91866
2025-11-04#t569w0,2025-11-04,Hon. Mr. Herron,Affordability and housing,173,1.0,197,2.9693,3.01159,0.98596
2025-11-04#t570w0,2025-11-04,Mr. Savoie,Affordability and housing,138,1.0,166,2.71933,2.66964,1.01861
2025-11-04#t571w0,2025-11-04,Hon. Mr. Herron,Affordability and housing,85,1.0,98,3.54198,3.19937,1.10709
2025-11-04#t572w0,2025-11-04,Mr. Savoie,Affordability and housing,174,1.0,223,2.79314,2.70745,1.03165
2025-11-04#t573w0,2025-11-04,Hon. Mr. Legacy,Affordability and housing,143,1.0,179,2.70647,2.74911,0.98449
2025-11-04#t574w0,2025-11-04,Mr. Savoie,Affordability and housing,146,1.0,174,2.96043,2.87607,1.02933
2025-11-04#t575w0,2025-11-04,Hon. Ms. Holt,Affordability and housing,150,1.0,175,2.08059,2.20402,0.944
2025-11-04#t576w0,2025-11-04,Mr. Savoie,Affordability and housing,155,1.0,186,2.67426,2.65135,1.00864
2025-11-04#t577w0,2025-11-04,Hon. Mr. Legacy,Affordability and housing,123,1.0,154,3.14293,2.9738,1.05687
2025-11-04#t578w0,2025-11-04,Mr. Lee,Affordability and housing,112,1.0,139,2.69541,2.67144,1.00897
2025-11-04#t579w0,2025-11-04,Hon. C. Johnson,Affordability and housing,82,1.0,97,2.80541,2.68995,1.04292
2025-11-04#t580w0,2025-11-04,Mr. Lee,Affordability and housing,109,1.0,133,3.03448,2.75739,1.10049
2025-11-04#t581w0,2025-11-04,Hon. C. Johnson,Affordability and housing,127,0.0,153,2.52474,2.71878,0.92863
2025-11-04#t582w0,2025-11-04,Mr. Lee,Affordability and housing,94,1.0,125,3.18968,3.30645,0.96468
2025-11-04#t583w0,2025-11-04,Hon. C. Johnson,Affordability and housing,117,1.0,154,2.23177,2.30812,0.96692
2025-11-04#t584w0,2025-11-04,Mr. Weir,Affordability and housing,143,1.0,166,2.60981,2.50536,1.04169
2025-11-04#t585w0,2025-11-04,Hon. Mr. McKee,Affordability and housing,180,1.0,211,2.38919,2.44186,0.97843
2025-11-04#t586w0,2025-11-04,Mr. Weir,Affordability and housing,178,1.0,208,2.83728,2.66946,1.06287
2025-11-04#t587w0,2025-11-04,Hon. Mr. McKee,Affordability and housing,175,1.0,225,2.39561,2.46113,0.97338
2025-11-04#t588w0,2025-11-04,Mr. Weir,Affordability and housing,202,1.0,237,2.90132,2.8813,1.00695
2025-11-04#t589w0,2025-11-04,Hon. Mr. McKee,Affordability and housing,191,1.0,253,2.22062,2.45835,0.9033
2025-11-04#t590w0,2025-11-04,Mr. Coon,Affordability and housing,145,1.0,196,3.2837,3.09722,1.06021
2025-11-04#t591w0,2025-11-04,Hon. Ms. Holt,Affordability and housing,172,0.547,208,2.25674,2.43225,0.92784
2025-11-04#t592w0,2025-11-04,Mr. Coon,Affordability and housing,153,1.0,201,3.01564,2.97886,1.01234
2025-11-04#t593w0,2025-11-04,Hon. Mr. D’Amours,Affordability and housing,159,0.0,182,2.7925,2.79911,0.99764
2025-11-04#t594w0,2025-11-04,Mr. Austin,Affordability and housing,159,1.0,204,2.71857,2.55973,1.06205
2025-11-04#t595w0,2025-11-04,Hon. Mr. Legacy,Affordability and housing,165,1.0,239,2.53345,2.54411,0.99581
2025-11-04#t596w0,2025-11-04,Mr. Austin,Affordability and housing,161,1.0,192,2.52653,2.42373,1.04241
2025-11-04#t597w0,2025-11-04,Hon. Mr. Legacy,Affordability and housing,194,1.0,258,2.71095,2.67094,1.01498
2025-11-04#t599w0,2025-11-04,Hon. Mr. Herron,Affordability and housing,253,0.866,306,2.16765,2.26916,0.95527
2025-11-04#t600w0,2025-11-04,Mr. Austin,Affordability and housing,299,1.0,364,2.45894,2.53022,0.97183
2025-11-04#t601w0,2025-11-04,Mr. Coon,Affordability and housing,312,1.0,373,2.45592,2.46932,0.99458
2025-11-04#t602w0,2025-11-04,Hon. Mr. Dornan,Affordability and housing,199,0.734,247,2.1519,2.13647,1.00722
2025-11-04#t603w0,2025-11-04,Mr. Hogan,Affordability and housing,288,1.0,375,2.15203,2.30766,0.93256
2025-11-04#t604w0,2025-11-04,Mr. Coon,Affordability and housing,235,0.983,285,2.82649,2.76578,1.02195
2025-11-04#t605w0,2025-11-04,Hon. Mr. Gauvin,Affordability and housing,178,0.489,220,2.17933,2.18836,0.99588
2025-11-04#t606w0,2025-11-04,Mr. Ames,Affordability and housing,121,1.0,158,2.24849,2.45685,0.91519
2025-11-04#t607w0,2025-11-04,Ms. Mitton,Affordability and housing,328,0.765,399,2.43764,2.46683,0.98817
2025-11-04#t607w1,2025-11-04,Ms. Mitton,Affordability and housing,250,0.724,320,2.24843,2.32866,0.96555
2025-11-04#t608w0,2025-11-04,Mr. M. LeBlanc,Affordability and housing,312,0.651,390,2.38375,2.32401,1.0257
2025-11-04#t608w1,2025-11-04,Mr. M. LeBlanc,Affordability and housing,58,0.069,70,3.35806,2.90356,1.15653
2025-11-04#t609w0,2025-11-04,Mr. Monahan,Affordability and housing,356,0.0,440,2.46831,2.45936,1.00364
2025-11-04#t609w1,2025-11-04,Mr. Monahan,Affordability and housing,322,0.0,403,2.67379,2.69864,0.99079
2025-11-04#t609w2,2025-11-04,Mr. Monahan,Affordability and housing,85,0.0,107,3.00921,2.92731,1.02798
2025-11-04#t610w0,2025-11-04,Ms. Mitton,Affordability and housing,359,0.393,416,2.24068,2.20985,1.01395
2025-11-04#t610w1,2025-11-04,Ms. Mitton,Affordability and housing,50,0.08,60,3.2747,3.2448,1.00922
2025-11-04#t611w0,2025-11-04,Mr. Monahan,Affordability and housing,346,0.627,402,2.41764,2.44065,0.99057
2025-11-04#t611w1,2025-11-04,Mr. Monahan,Affordability and housing,352,0.616,444,2.81549,2.7869,1.01026
2025-11-04#t611w2,2025-11-04,Mr. Monahan,Affordability and housing,354,0.616,418,2.43626,2.43256,1.00152
2025-11-04#t611w3,2025-11-04,Mr. Monahan,Affordability and housing,209,0.708,258,2.68616,2.68319,1.00111
2025-11-04#t612w0,2025-11-04,Mr. Coon,Affordability and housing,342,0.988,443,2.34392,2.35709,0.99441
2025-11-04#t612w1,2025-11-04,Mr. Coon,Affordability and housing,176,0.5,221,2.4486,2.37807,1.02966
2025-11-04#t613w0,2025-11-04,Mr. Monahan,Affordability and housing,278,0.568,340,2.47361,2.41142,1.02579
2025-11-04#t613w1,2025-11-04,Mr. Monahan,Affordability and housing,311,0.547,383,2.68388,2.67348,1.00389
2025-11-04#t613w2,2025-11-04,Mr. Monahan,Affordability and housing,318,0.0,400,2.75452,2.68004,1.02779
2025-11-04#t613w3,2025-11-04,Mr. Monahan,Affordability and housing,351,0.929,438,2.63131,2.582,1.0191
2025-11-05#t615w0,2025-11-05,Hon. Mr. Gauvin,Affordability and housing,281,0.544,367,2.38828,2.32944,1.02526
2025-11-05#t616w0,2025-11-05,Mr. Austin,Affordability and housing,89,1.0,118,2.69319,2.48934,1.08189
2025-11-05#t617w0,2025-11-05,Mr. Hogan,Affordability and housing,213,1.0,282,2.89098,2.81152,1.02826
2025-11-05#t618w0,2025-11-05,Hon. Mr. Dornan,Affordability and housing,89,1.0,111,3.11156,2.62177,1.18682
2025-11-05#t620w0,2025-11-05,Ms. M. Johnson,Affordability and housing,210,1.0,270,2.00785,2.16478,0.92751
2025-11-05#t621w0,2025-11-05,Mr. Doucet,Affordability and housing,118,1.0,141,2.42313,2.56863,0.94336
2025-11-05#t622w0,2025-11-05,Mr. Ames,Affordability and housing,147,1.0,189,2.4983,2.42697,1.02939
2025-11-05#t623w0,2025-11-05,Mr. Coon,Affordability and housing,147,1.0,179,2.3369,2.19251,1.06585
2025-11-05#t624w0,2025-11-05,Mr. J. LeBlanc,Affordability and housing,172,0.174,215,2.31803,2.46043,0.94212
2025-11-05#t625w0,2025-11-05,Ms. Bockus,Affordability and housing,151,1.0,196,2.30778,2.28362,1.01058
2025-11-05#t626w0,2025-11-05,Ms. Mitton,Affordability and housing,167,0.964,209,2.57586,2.44288,1.05444
2025-11-05#t627w0,2025-11-05,Hon. Mr. D’Amours,Affordability and housing,160,0.0,211,1.95892,2.10179,0.93202
2025-11-05#t628w0,2025-11-05,Mr. Russell,Affordability and housing,123,1.0,155,2.0289,2.2011,0.92176
2025-11-05#t629w0,2025-11-05,Hon. Ms. Thériault,Affordability and housing,169,0.0,237,2.6376,2.4576,1.07324
2025-11-05#t630w0,2025-11-05,Mr. Austin,Affordability and housing,148,1.0,197,2.92926,2.80832,1.04307
2025-11-05#t631w0,2025-11-05,Mr. Coon,Affordability and housing,181,1.0,222,2.49498,2.49785,0.99885
2025-11-05#t632w0,2025-11-05,Mr. Arseneault,Affordability and housing,137,0.759,165,1.88958,2.1294,0.88737
2025-11-05#t633w0,2025-11-05,Ms. Bockus,Affordability and housing,129,1.0,154,2.92292,2.74723,1.06395
2025-11-05#t634w0,2025-11-05,Ms. Sodhi,Affordability and housing,161,1.0,203,2.30913,2.38367,0.96873
2025-11-05#t635w0,2025-11-05,Mr. Ames,Affordability and housing,141,1.0,167,2.34326,2.46297,0.95139
2025-11-05#t636w0,2025-11-05,Mr. M. LeBlanc,Affordability and housing,149,0.0,181,2.78399,2.58231,1.0781
2025-11-05#t637w0,2025-11-05,Ms. M. Johnson,Affordability and housing,142,1.0,162,2.76636,2.78335,0.99389
2025-11-05#t638w0,2025-11-05,Ms. Wilcott,Affordability and housing,113,1.0,139,2.6181,2.61634,1.00067
2025-11-05#t639w0,2025-11-05,Mr. Monahan,Affordability and housing,157,1.0,196,3.24118,2.96183,1.09432
2025-11-05#t640w0,2025-11-05,Mr. Savoie,Affordability and housing,138,0.942,185,2.47895,2.4403,1.01584
2025-11-05#t641w0,2025-11-05,Hon. Mr. Legacy,Affordability and housing,163,0.975,209,2.95541,2.82379,1.04661
2025-11-05#t642w0,2025-11-05,Mr. Savoie,Affordability and housing,176,1.0,233,2.9205,2.62078,1.11436
2025-11-05#t643w0,2025-11-05,Hon. Mr. Legacy,Affordability and housing,160,1.0,202,2.98729,2.88044,1.0371
2025-11-05#t644w0,2025-11-05,Mr. Savoie,Affordability and housing,182,1.0,224,3.03919,2.97044,1.02314
2025-11-05#t645w0,2025-11-05,Hon. Mr. Legacy,Affordability and housing,220,1.0,271,2.95666,2.99592,0.98689
2025-11-05#t646w0,2025-11-05,Mr. Savoie,Affordability and housing,180,1.0,229,2.63879,2.80747,0.93992
2025-11-05#t647w0,2025-11-05,Hon. Mr. Hickey,Affordability and housing,174,1.0,214,2.51521,2.47033,1.01817
2025-11-05#t648w0,2025-11-05,Mr. Savoie,Affordability and housing,149,1.0,195,2.7385,2.79806,0.97872
2025-11-05#t649w0,2025-11-05,Hon. Mr. Hickey,Affordability and housing,146,1.0,168,2.57893,2.53057,1.01911
2025-11-05#t650w0,2025-11-05,Mr. Savoie,Affordability and housing,197,1.0,246,2.67862,2.71373,0.98706
2025-11-05#t651w0,2025-11-05,Hon. Mr. Hickey,Affordability and housing,151,1.0,199,2.66356,2.71386,0.98146
2025-11-05#t652w0,2025-11-05,Ms. Conroy,Affordability and housing,141,1.0,187,2.12739,2.08951,1.01813
2025-11-05#t653w0,2025-11-05,Hon. Mr. Hickey,Affordability and housing,200,1.0,248,2.7924,2.74584,1.01696
2025-11-05#t654w0,2025-11-05,Ms. Conroy,Affordability and housing,168,1.0,196,2.59212,2.63938,0.98209
2025-11-05#t655w0,2025-11-05,Hon. Mr. Hickey,Affordability and housing,176,0.966,220,2.48094,2.63431,0.94178
2025-11-05#t656w0,2025-11-05,Ms. Conroy,Affordability and housing,116,1.0,148,2.84021,2.65552,1.06955
2025-11-05#t657w0,2025-11-05,Hon. Mr. Hickey,Affordability and housing,141,1.0,183,2.59814,2.34785,1.1066
2025-11-05#t658w0,2025-11-05,Ms. Mitton,Affordability and housing,148,1.0,186,3.31427,3.07929,1.07631
2025-11-05#t659w0,2025-11-05,Hon. Ms. Miles,Affordability and housing,197,1.0,235,2.43365,2.44209,0.99654
2025-11-05#t660w0,2025-11-05,Ms. Mitton,Affordability and housing,167,1.0,199,2.74268,2.63583,1.04054
2025-11-05#t661w0,2025-11-05,Hon. Ms. Boudreau,Affordability and housing,154,0.286,184,2.2915,2.37264,0.9658
2025-11-05#t662w0,2025-11-05,Ms. Mitton,Affordability and housing,121,0.157,149,2.71244,2.67525,1.0139
2025-11-05#t663w0,2025-11-05,Hon. Ms. Boudreau,Affordability and housing,171,0.082,207,2.09578,2.3099,0.9073
2025-11-05#t664w0,2025-11-05,Mr. Austin,Affordability and housing,172,1.0,204,2.72375,2.56573,1.06159
2025-11-05#t665w0,2025-11-05,Hon. Mr. Legacy,Affordability and housing,137,0.0,161,3.31549,3.16376,1.04796
2025-11-05#t666w0,2025-11-05,Mr. Austin,Affordability and housing,205,1.0,246,2.6344,2.67479,0.9849
2025-11-05#t667w0,2025-11-05,Hon. Mr. Herron,Affordability and housing,165,1.0,203,2.75538,2.57636,1.06949
2025-11-05#t668w0,2025-11-05,Mr. Monahan,Affordability and housing,140,0.0,169,3.38721,3.13273,1.08123
2025-11-05#t669w0,2025-11-05,Hon. Mr. Kennedy,Affordability and housing,181,1.0,243,2.57492,2.57525,0.99987
2025-11-05#t671w0,2025-11-05,Hon. Ms. Boudreau,Affordability and housing,134,0.388,166,2.38491,2.46431,0.96778
2025-11-05#t672w0,2025-11-05,Ms. Scott-Wallace,Affordability and housing,159,1.0,192,2.38793,2.36461,1.00986
2025-11-05#t673w0,2025-11-05,Ms. Mitton,Affordability and housing,103,0.728,135,2.35299,2.41096,0.97595
2025-11-05#t674w0,2025-11-05,Hon. Mr. LePage,Affordability and housing,201,0.398,239,2.29823,2.30656,0.99639
2025-11-05#t675w0,2025-11-05,Ms. S. Wilson,Affordability and housing,260,1.0,304,2.32934,2.44598,0.95231
2025-11-05#t676w0,2025-11-05,Ms. Mitton,Affordability and housing,246,1.0,285,2.45565,2.44016,1.00635
2025-11-05#t677w0,2025-11-05,Hon. Ms. Thériault,Affordability and housing,191,0.555,260,2.1774,2.18431,0.99684
2025-11-05#t678w0,2025-11-05,Ms. M. Wilson,Affordability and housing,263,1.0,327,2.78336,2.67632,1.04
2025-11-05#t679w0,2025-11-05,Ms. Mitton,Affordability and housing,185,1.0,216,2.57482,2.53619,1.01523
2025-11-05#t680w0,2025-11-05,Ms. Mitton,Affordability and housing,306,1.0,382,2.69949,2.67734,1.00827
2025-11-05#t680w1,2025-11-05,Ms. Mitton,Affordability and housing,307,0.645,391,2.31404,2.31533,0.99944
2025-11-05#t680w2,2025-11-05,Ms. Mitton,Affordability and housing,59,1.0,71,3.38998,3.15578,1.07421
2025-11-05#t681w0,2025-11-05,Ms. M. Johnson,Affordability and housing,106,0.943,141,2.59675,2.39522,1.08414
2025-11-05#t682w0,2025-11-05,Mr. M. LeBlanc,Affordability and housing,93,1.0,122,2.58227,2.49116,1.03657
2025-11-05#t684w0,2025-11-05,Mr. M. LeBlanc,Affordability and housing,315,0.083,396,2.43527,2.48037,0.98182
2025-11-05#t684w1,2025-11-05,Mr. M. LeBlanc,Affordability and housing,297,0.0,366,2.90467,2.59182,1.12071
2025-11-05#t686w0,2025-11-05,Madam Speaker,Affordability and housing,69,0.725,94,2.25185,2.64103,0.85264
2025-11-05#t687w0,2025-11-05,Mr. Monahan,Affordability and housing,354,0.0,434,2.60309,2.59181,1.00435
2025-11-05#t687w1,2025-11-05,Mr. Monahan,Affordability and housing,342,0.535,430,2.11823,2.22752,0.95094
2025-11-05#t687w2,2025-11-05,Mr. Monahan,Affordability and housing,64,0.469,80,2.56512,2.93156,0.875
2025-11-05#t689w0,2025-11-05,Mr. Coon,Affordability and housing,292,1.0,369,2.63497,2.4118,1.09253
2025-11-05#t689w1,2025-11-05,Mr. Coon,Affordability and housing,170,1.0,209,2.57898,2.50955,1.02767
2025-11-05#t690w0,2025-11-05,Ms. Bockus,Affordability and housing,257,1.0,325,2.27303,2.45618,0.92543
2025-11-05#t690w1,2025-11-05,Ms. Bockus,Affordability and housing,302,1.0,385,2.69556,2.48841,1.08324
2025-11-05#t690w2,2025-11-05,Ms. Bockus,Affordability and housing,355,1.0,434,2.63122,2.71095,0.97059
2025-11-05#t690w3,2025-11-05,Ms. Bockus,Affordability and housing,349,1.0,425,2.76878,2.78347,0.99472
2025-11-05#t690w4,2025-11-05,Ms. Bockus,Affordability and housing,353,0.765,441,2.18925,2.25466,0.97099
2025-11-05#t690w5,2025-11-05,Ms. Bockus,Affordability and housing,351,0.59,402,2.55669,2.55347,1.00126
2025-11-05#t690w6,2025-11-05,Ms. Bockus,Affordability and housing,297,0.542,338,2.80338,2.91281,0.96243
2025-11-05#t691w0,2025-11-05,Ms. M. Wilson,Affordability and housing,276,1.0,335,2.22061,2.34133,0.94844
2025-11-05#t691w1,2025-11-05,Ms. M. Wilson,Affordability and housing,261,1.0,330,2.62583,2.76097,0.95105
2025-11-05#t691w2,2025-11-05,Ms. M. Wilson,Affordability and housing,345,1.0,411,2.51834,2.55479,0.98573
2025-11-05#t691w3,2025-11-05,Ms. M. Wilson,Affordability and housing,317,1.0,379,2.67495,2.81214,0.95121
2025-11-05#t691w4,2025-11-05,Ms. M. Wilson,Affordability and housing,315,1.0,386,2.53499,2.56996,0.98639
2025-11-05#t692w0,2025-11-05,Mr. Coon,Affordability and housing,325,1.0,401,2.63286,2.71113,0.97113
2025-11-05#t692w1,2025-11-05,Mr. Coon,Affordability and housing,345,1.0,440,2.73254,2.76071,0.9898
2025-11-05#t692w2,2025-11-05,Mr. Coon,Affordability and housing,338,1.0,426,2.65894,2.65781,1.00042
2025-11-05#t693w0,2025-11-05,Ms. M. Johnson,Affordability and housing,309,1.0,372,2.54323,2.68433,0.94743
2025-11-05#t693w1,2025-11-05,Ms. M. Johnson,Affordability and housing,339,1.0,426,2.48794,2.63573,0.94393
2025-11-05#t693w2,2025-11-05,Ms. M. Johnson,Affordability and housing,279,0.401,337,2.39997,2.42488,0.98973
2025-11-05#t694w0,2025-11-05,Mr. Monahan,Affordability and housing,342,0.526,413,2.28321,2.39893,0.95176
2025-11-05#t694w1,2025-11-05,Mr. Monahan,Affordability and housing,241,0.519,307,2.65207,2.6842,0.98803
2025-11-05#t694w2,2025-11-05,Mr. Monahan,Affordability and housing,347,0.744,424,2.4702,2.6908,0.91802
2025-11-05#t694w3,2025-11-05,Mr. Monahan,Affordability and housing,332,0.398,405,2.91087,2.84773,1.02217
2025-11-05#t694w4,2025-11-05,Mr. Monahan,Affordability and housing,189,0.788,246,2.4798,2.44103,1.01588
2025-11-05#t695w0,2025-11-05,Mr. Hogan,Affordability and housing,72,1.0,92,2.69027,2.64581,1.01681
2025-11-05#t696w0,2025-11-05,Mr. M. LeBlanc,Affordability and housing,84,1.0,93,2.19506,2.51842,0.8716
2025-11-05#t698w0,2025-11-05,Mr. Hogan,Affordability and housing,68,1.0,81,2.60548,2.69887,0.9654
2025-11-05#t701w0,2025-11-05,Mr. M. LeBlanc,Affordability and housing,69,1.0,81,2.24269,2.70108,0.83029
2025-11-05#t703w0,2025-11-05,Mr. Hogan,Affordability and housing,343,1.0,422,2.4233,2.49905,0.96969
2025-11-05#t703w1,2025-11-05,Mr. Hogan,Affordability and housing,294,1.0,365,2.49482,2.61539,0.9539
2025-11-05#t703w2,2025-11-05,Mr. Hogan,Affordability and housing,311,1.0,392,2.67543,2.67847,0.99887
2025-11-05#t703w3,2025-11-05,Mr. Hogan,Affordability and housing,280,1.0,341,2.48863,2.66859,0.93256
2025-11-05#t703w4,2025-11-05,Mr. Hogan,Affordability and housing,354,1.0,450,2.44326,2.59842,0.94029
2025-11-05#t703w5,2025-11-05,Mr. Hogan,Affordability and housing,358,1.0,438,2.59013,2.47876,1.04493
2025-11-05#t703w6,2025-11-05,Mr. Hogan,Affordability and housing,59,1.0,70,3.31029,3.33012,0.99404
2025-11-05#t707w0,2025-11-05,Mr. Hogan,Affordability and housing,106,1.0,163,2.68226,2.50763,1.06964
2025-11-05#t708w0,2025-11-05,Mr. Hogan,Affordability and housing,285,1.0,354,2.42708,2.64557,0.91742
2025-11-05#t708w1,2025-11-05,Mr. Hogan,Affordability and housing,301,1.0,349,2.70526,2.72279,0.99356
2025-11-05#t708w2,2025-11-05,Mr. Hogan,Affordability and housing,109,1.0,136,2.5844,2.76331,0.93526
2025-11-05#t709w0,2025-11-05,Mr. M. LeBlanc,Affordability and housing,93,1.0,112,2.60506,2.41761,1.07754
2025-11-05#t710w0,2025-11-05,Madam Speaker,Affordability and housing,63,1.0,68,3.14437,3.38566,0.92873
2025-11-05#t711w0,2025-11-05,Mr. Hogan,Affordability and housing,129,1.0,166,2.88316,2.69748,1.06883
2025-11-05#t714w0,2025-11-05,Mr. Hogan,Affordability and housing,310,1.0,396,2.42165,2.36119,1.02561
2025-11-05#t714w1,2025-11-05,Mr. Hogan,Affordability and housing,285,1.0,369,2.49674,2.60827,0.95724
2025-11-05#t714w2,2025-11-05,Mr. Hogan,Affordability and housing,122,1.0,157,2.18508,2.47781,0.88186
2025-11-05#t715w0,2025-11-05,Hon. Mr. Legacy,Affordability and housing,345,1.0,418,2.7682,2.62359,1.05512
2025-11-05#t715w1,2025-11-05,Hon. Mr. Legacy,Affordability and housing,331,1.0,397,2.7864,2.89098,0.96383
2025-11-05#t715w2,2025-11-05,Hon. Mr. Legacy,Affordability and housing,71,1.0,85,3.77066,3.18019,1.18567
2025-11-05#t718w0,2025-11-05,Hon. Mr. Legacy,Affordability and housing,170,1.0,198,3.21267,3.09731,1.03725
2025-11-05#t719w0,2025-11-05,Mr. Savoie,Affordability and housing,267,1.0,319,2.45769,2.64371,0.92964
2025-11-05#t719w1,2025-11-05,Mr. Savoie,Affordability and housing,175,1.0,207,2.55277,2.3831,1.0712
2025-11-05#t721w0,2025-11-05,Mr. Savoie,Affordability and housing,135,1.0,165,3.10335,2.81445,1.10265
2025-11-05#t723w0,2025-11-05,Mr. Arseneault,Affordability and housing,90,1.0,105,2.94433,2.96334,0.99358
2025-11-06#t725w0,2025-11-06,Hon. Mr. D’Amours,Affordability and housing,155,0.606,198,2.5546,2.49842,1.02249
2025-11-06#t727w0,2025-11-06,Mr. Coon,Affordability and housing,111,0.964,138,2.84073,2.90406,0.97819
2025-11-06#t728w0,2025-11-06,Hon. Ms. Thériault,Affordability and housing,203,0.463,282,2.82489,2.78114,1.01573
2025-11-06#t729w0,2025-11-06,Ms. M. Johnson,Affordability and housing,294,1.0,376,2.56406,2.64795,0.96832
2025-11-06#t730w0,2025-11-06,Ms. Scott-Wallace,Affordability and housing,162,1.0,204,2.29177,2.39857,0.95547
2025-11-06#t731w0,2025-11-06,Mr. Mallet,Affordability and housing,162,0.0,223,2.63843,2.53695,1.04
2025-11-06#t732w0,2025-11-06,Mr. Lee,Affordability and housing,153,1.0,191,2.76705,2.84049,0.97415
2025-11-06#t733w0,2025-11-06,Mr. Coon,Affordability and housing,151,1.0,208,2.40506,2.33659,1.0293
2025-11-06#t734w0,2025-11-06,Hon. Ms. Boudreau,Affordability and housing,151,0.232,205,2.72181,2.52456,1.07813
2025-11-06#t735w0,2025-11-06,Ms. Bockus,Affordability and housing,154,1.0,190,2.69729,2.66723,1.01127
2025-11-06#t736w0,2025-11-06,Ms. Mitton,Affordability and housing,160,1.0,205,2.2642,2.26961,0.99762
2025-11-06#t737w0,2025-11-06,Hon. Mr. Randall,Affordability and housing,106,0.943,132,2.49715,2.54293,0.982
2025-11-06#t738w0,2025-11-06,Hon. Mr. LePage,Affordability and housing,170,0.0,219,2.7059,2.68183,1.00898
2025-11-06#t739w0,2025-11-06,Mr. Weir,Affordability and housing,144,1.0,177,2.76707,2.65433,1.04247
2025-11-06#t740w0,2025-11-06,Ms. Mitton,Affordability and housing,169,1.0,215,3.23757,3.04435,1.06347
2025-11-06#t741w0,2025-11-06,Mr. Bourque,Affordability and housing,131,0.26,157,2.22829,2.26463,0.98395
2025-11-06#t742w0,2025-11-06,Ms. Conroy,Affordability and housing,200,1.0,270,2.84528,2.70413,1.0522
2025-11-06#t743w0,2025-11-06,Mr. Doucet,Affordability and housing,107,0.0,135,2.70403,2.49955,1.08181
2025-11-06#t744w0,2025-11-06,Mr. Hogan,Affordability and housing,168,1.0,211,2.44585,2.34546,1.0428
2025-11-06#t745w0,2025-11-06,Mr. J. LeBlanc,Affordability and housing,133,1.0,168,2.68045,2.62448,1.02133
2025-11-06#t746w0,2025-11-06,Mr. Lee,Affordability and housing,139,1.0,158,2.80151,2.69439,1.03976
2025-11-06#t747w0,2025-11-06,Mr. Robichaud,Affordability and housing,164,0.299,195,2.34275,2.39931,0.97643
2025-11-06#t748w0,2025-11-06,Ms. M. Wilson,Affordability and housing,139,1.0,177,2.13083,2.19291,0.97169
2025-11-06#t749w0,2025-11-06,Mr. Savoie,Affordability and housing,121,0.934,156,2.66072,2.59349,1.02592
2025-11-06#t750w0,2025-11-06,Hon. Mr. Hickey,Affordability and housing,144,1.0,175,2.44851,2.59115,0.94495
2025-11-06#t751w0,2025-11-06,Mr. Savoie,Affordability and housing,136,1.0,171,3.01155,2.71131,1.11074
2025-11-06#t752w0,2025-11-06,Hon. Mr. Hickey,Affordability and housing,108,1.0,139,2.87483,2.68144,1.07212
2025-11-06#t753w0,2025-11-06,Hon. Mr. Hickey,Affordability and housing,52,1.0,77,2.78849,2.95738,0.94289
2025-11-06#t754w0,2025-11-06,Mr. Savoie,Affordability and housing,167,1.0,220,2.7002,2.69575,1.00165
2025-11-06#t755w0,2025-11-06,Hon. Mr. Hickey,Affordability and housing,83,1.0,120,2.46536,2.4856,0.99185
2025-11-06#t756w0,2025-11-06,Hon. Mr. Hickey,Affordability and housing,92,1.0,124,2.39204,2.64284,0.9051
2025-11-06#t757w0,2025-11-06,Mr. Savoie,Affordability and housing,125,1.0,156,2.78382,2.90861,0.95709
2025-11-06#t758w0,2025-11-06,Hon. Mr. Legacy,Affordability and housing,138,1.0,194,2.83941,2.70378,1.05017
2025-11-06#t759w0,2025-11-06,Mr. Savoie,Affordability and housing,134,1.0,176,2.29995,2.42287,0.94927
2025-11-06#t760w0,2025-11-06,Hon. Mr. LePage,Affordability and housing,154,0.0,181,2.31021,2.33139,0.99092
2025-11-06#t761w0,2025-11-06,Mr. Savoie,Affordability and housing,170,1.0,203,2.50541,2.46805,1.01514
2025-11-06#t762w0,2025-11-06,Hon. Mr. LePage,Affordability and housing,120,0.192,154,2.74573,2.82322,0.97255
2025-11-06#t763w0,2025-11-06,Mr. Savoie,Affordability and housing,174,0.914,232,2.57151,2.50471,1.02667
2025-11-06#t764w0,2025-11-06,Hon. Mr. LePage,Affordability and housing,133,0.0,153,2.53495,2.53812,0.99875
2025-11-06#t765w0,2025-11-06,Mr. Lee,Affordability and housing,110,1.0,126,2.99255,2.91619,1.02619
2025-11-06#t766w0,2025-11-06,Hon. C. Johnson,Affordability and housing,136,1.0,163,2.49351,2.47763,1.00641
2025-11-06#t767w0,2025-11-06,Mr. Lee,Affordability and housing,77,1.0,96,2.66056,2.61808,1.01623
2025-11-06#t768w0,2025-11-06,Hon. C. Johnson,Affordability and housing,96,0.0,116,2.51816,2.43066,1.036
2025-11-06#t769w0,2025-11-06,Mr. Lee,Affordability and housing,150,1.0,172,2.67546,2.64904,1.00997
2025-11-06#t770w0,2025-11-06,Hon. C. Johnson,Affordability and housing,132,1.0,167,2.96232,2.83628,1.04444
2025-11-06#t771w0,2025-11-06,Mr. Coon,Affordability and housing,180,1.0,211,2.84453,2.7471,1.03547
2025-11-06#t772w0,2025-11-06,Hon. Mr. Legacy,Affordability and housing,149,0.0,176,2.74654,2.73016,1.006
2025-11-06#t773w0,2025-11-06,Mr. Coon,Affordability and housing,102,0.0,114,3.37346,3.06718,1.09986
2025-11-06#t774w0,2025-11-06,Hon. Mr. Legacy,Affordability and housing,137,0.0,162,2.81726,2.70458,1.04166
2025-11-06#t775w0,2025-11-06,Mr. Monahan,Affordability and housing,150,1.0,189,2.92677,2.92864,0.99936
2025-11-06#t776w0,2025-11-06,Hon. Mr. Gauvin,Affordability and housing,163,0.0,195,2.53614,2.57415,0.98524
2025-11-06#t777w0,2025-11-06,Mr. Monahan,Affordability and housing,158,1.0,199,2.52802,2.40072,1.05302
2025-11-06#t778w0,2025-11-06,Hon. Mr. Gauvin,Affordability and housing,174,0.0,201,2.82991,2.88673,0.98031
2025-11-06#t779w0,2025-11-06,Mr. Savoie,Affordability and housing,173,1.0,220,2.47531,2.39524,1.03343
2025-11-06#t780w0,2025-11-06,Hon. Mr. Hickey,Affordability and housing,138,1.0,185,2.79267,2.78674,1.00213
2025-11-06#t782w0,2025-11-06,Ms. M. Johnson,Affordability and housing,102,1.0,148,2.26064,2.49624,0.90562
2025-11-06#t783w0,2025-11-06,Madam Speaker,Affordability and housing,104,1.0,141,2.50378,2.9594,0.84604
2025-11-06#t784w0,2025-11-06,Mr. M. LeBlanc,Affordability and housing,162,1.0,205,2.50329,2.56932,0.9743
2025-11-06#t785w0,2025-11-06,Madam Speaker,Affordability and housing,103,1.0,133,2.32068,2.80959,0.82598
2025-11-06#t787w0,2025-11-06,Hon. Mr. D’Amours,Affordability and housing,59,0.373,85,2.21429,2.40008,0.92259
2025-11-06#t788w0,2025-11-06,Hon. Mr. D’Amours,Affordability and housing,218,0.541,250,2.13094,2.27984,0.93469
2025-11-06#t789w0,2025-11-06,Mr. Cullins,Affordability and housing,125,1.0,153,2.16104,2.40368,0.89906
2025-11-06#t790w0,2025-11-06,Mr. Coon,Affordability and housing,179,0.899,220,2.52505,2.51169,1.00532
2025-11-06#t791w0,2025-11-06,Hon. Ms. Thériault,Affordability and housing,345,0.609,441,2.02295,2.17548,0.92989
2025-11-06#t791w1,2025-11-06,Hon. Ms. Thériault,Affordability and housing,112,1.0,135,2.75419,2.57374,1.07011
2025-11-06#t792w0,2025-11-06,Ms. Mitton,Affordability and housing,133,0.549,165,2.18443,2.37559,0.91953
2025-11-06#t793w0,2025-11-06,Hon. Mr. Randall,Affordability and housing,261,0.92,340,2.28172,2.38225,0.9578
2025-11-06#t794w0,2025-11-06,Ms. M. Johnson,Affordability and housing,214,1.0,267,2.66234,2.46447,1.08029
2025-11-06#t795w0,2025-11-06,Ms. Mitton,Affordability and housing,280,1.0,327,2.22771,2.40676,0.92561
2025-11-06#t795w1,2025-11-06,Ms. Mitton,Affordability and housing,142,0.782,189,2.2474,2.38938,0.94058
2025-11-06#t796w0,2025-11-06,Ms. M. Johnson,Affordability and housing,353,0.119,450,2.52647,2.60249,0.97079
2025-11-06#t796w1,2025-11-06,Ms. M. Johnson,Affordability and housing,273,0.0,340,2.44043,2.4976,0.97711
2025-11-06#t797w0,2025-11-06,Mr. Coon,Affordability and housing,304,1.0,385,2.75734,2.66775,1.03358
2025-11-06#t797w1,2025-11-06,Mr. Coon,Affordability and housing,335,1.0,408,2.75925,2.67281,1.03234
2025-11-06#t797w2,2025-11-06,Mr. Coon,Affordability and housing,270,1.0,353,2.96951,2.87918,1.03138
2025-11-06#t797w3,2025-11-06,Mr. Coon,Affordability and housing,310,1.0,384,2.51653,2.62513,0.95863
2025-11-06#t797w4,2025-11-06,Mr. Coon,Affordability and housing,150,1.0,186,2.45122,2.49881,0.98096
2025-11-06#t799w0,2025-11-06,Mr. Lee,Affordability and housing,355,1.0,415,2.4628,2.5713,0.9578
2025-11-06#t799w1,2025-11-06,Mr. Lee,Affordability and housing,349,1.0,447,2.47384,2.46087,1.00527
2025-11-06#t799w2,2025-11-06,Mr. Lee,Affordability and housing,331,1.0,421,2.73544,2.71478,1.00761
2025-11-06#t799w3,2025-11-06,Mr. Lee,Affordability and housing,289,1.0,355,2.77015,2.68169,1.03299
2025-11-06#t799w4,2025-11-06,Mr. Lee,Affordability and housing,233,1.0,278,2.33781,2.30333,1.01497
2025-11-06#t801w0,2025-11-06,Mr. M. LeBlanc,Affordability and housing,282,0.0,348,2.66377,2.54631,1.04613
2025-11-06#t801w1,2025-11-06,Mr. M. LeBlanc,Affordability and housing,304,0.0,386,2.44765,2.55476,0.95807
2025-11-06#t801w2,2025-11-06,Mr. M. LeBlanc,Affordability and housing,320,0.0,391,2.38596,2.36922,1.00707
2025-11-06#t801w3,2025-11-06,Mr. M. LeBlanc,Affordability and housing,349,0.0,438,2.43467,2.42137,1.00549
2025-11-06#t801w4,2025-11-06,Mr. M. LeBlanc,Affordability and housing,335,0.0,419,2.41598,2.33986,1.03253
2025-11-06#t803w0,2025-11-06,Mr. Oliver,Affordability and housing,270,1.0,347,2.0913,2.30141,0.9087
2025-11-06#t803w1,2025-11-06,Mr. Oliver,Affordability and housing,332,1.0,443,2.42228,2.80712,0.86291
2025-11-06#t803w2,2025-11-06,Mr. Oliver,Affordability and housing,233,1.0,307,2.77601,2.78477,0.99686
2025-11-06#t805w0,2025-11-06,Ms. S. Wilson,Affordability and housing,317,1.0,401,2.50996,2.5396,0.98833
2025-11-06#t805w1,2025-11-06,Ms. S. Wilson,Affordability and housing,329,1.0,408,2.50623,2.68603,0.93306
2025-11-06#t805w2,2025-11-06,Ms. S. Wilson,Affordability and housing,333,1.0,411,2.54496,2.59485,0.98077
2025-11-06#t805w3,2025-11-06,Ms. S. Wilson,Affordability and housing,348,1.0,433,2.61815,2.60894,1.00353
2025-11-06#t805w4,2025-11-06,Ms. S. Wilson,Affordability and housing,53,1.0,75,2.01634,2.59167,0.77801
2025-11-06#t808w0,2025-11-06,,Affordability and housing,228,0.952,304,2.48468,2.66468,0.93245
2025-11-06#t809w0,2025-11-06,Ms. M. Johnson,Affordability and housing,328,1.0,430,2.29243,2.35473,0.97354
2025-11-06#t809w1,2025-11-06,Ms. M. Johnson,Affordability and housing,331,1.0,397,2.41667,2.41426,1.001
2025-11-06#t809w2,2025-11-06,Ms. M. Johnson,Affordability and housing,317,1.0,392,2.45687,2.51015,0.97877
2025-11-06#t809w3,2025-11-06,Ms. M. Johnson,Affordability and housing,353,1.0,413,3.01986,2.9884,1.01053
2025-11-06#t809w4,2025-11-06,Ms. M. Johnson,Affordability and housing,335,1.0,417,2.60902,2.71548,0.9608
2025-11-06#t809w5,2025-11-06,Ms. M. Johnson,Affordability and housing,117,1.0,139,2.80137,2.7975,1.00138
2025-11-06#t810w0,2025-11-06,Hon. Ms. Miles,Affordability and housing,354,1.0,420,2.46102,2.55584,0.9629
2025-11-06#t811w0,2025-11-06,Hon. Ms. Miles,Affordability and housing,350,1.0,433,2.72547,2.64231,1.03147
2025-11-06#t811w1,2025-11-06,Hon. Ms. Miles,Affordability and housing,353,1.0,425,2.89737,2.76089,1.04944
2025-11-06#t811w2,2025-11-06,Hon. Ms. Miles,Affordability and housing,306,1.0,366,2.53874,2.70156,0.93973
2025-11-06#t811w3,2025-11-06,Hon. Ms. Miles,Affordability and housing,349,1.0,440,2.56352,2.68497,0.95477
2025-11-06#t811w4,2025-11-06,Hon. Ms. Miles,Affordability and housing,289,1.0,384,2.25866,2.32589,0.97109
2025-11-06#t814w0,2025-11-06,Ms. Conroy,Affordability and housing,326,1.0,437,2.29931,2.24647,1.02352
2025-11-06#t814w1,2025-11-06,Ms. Conroy,Affordability and housing,323,1.0,402,2.53789,2.60895,0.97276
2025-11-06#t814w2,2025-11-06,Ms. Conroy,Affordability and housing,302,1.0,386,2.56292,2.56932,0.99751
2025-11-06#t814w3,2025-11-06,Ms. Conroy,Affordability and housing,303,1.0,374,2.69776,2.51407,1.07306
2025-11-06#t814w4,2025-11-06,Ms. Conroy,Affordability and housing,289,1.0,375,2.75618,2.57715,1.06947
2025-11-06#t814w5,2025-11-06,Ms. Conroy,Affordability and housing,285,1.0,378,2.52986,2.53114,0.99949
2025-11-06#t814w6,2025-11-06,Ms. Conroy,Affordability and housing,121,1.0,174,2.89837,2.77071,1.04607
2025-11-06#t818w0,2025-11-06,Mr. M. LeBlanc,Affordability and housing,96,1.0,127,2.28954,2.25259,1.0164
2025-11-06#t821w0,2025-11-06,Madam Speaker,Affordability and housing,61,0.705,84,2.71065,2.66498,1.01713
2025-11-06#t822w0,2025-11-06,Mr. Doucet,Affordability and housing,278,0.032,341,2.90464,2.66373,1.09044
2025-11-06#t822w1,2025-11-06,Mr. Doucet,Affordability and housing,303,0.0,364,2.55011,2.64007,0.96593
2025-11-06#t822w2,2025-11-06,Mr. Doucet,Affordability and housing,315,0.0,400,2.55547,2.51124,1.01761
2025-11-06#t822w3,2025-11-06,Mr. Doucet,Affordability and housing,156,0.0,191,2.93989,3.05781,0.96144
2025-11-06#t823w0,2025-11-06,Mr. Doucet,Affordability and housing,332,0.015,420,2.56009,2.59588,0.98621
2025-11-06#t823w1,2025-11-06,Mr. Doucet,Affordability and housing,337,0.0,419,2.94139,2.88684,1.0189
2025-11-06#t823w2,2025-11-06,Mr. Doucet,Affordability and housing,120,0.0,150,2.65238,2.47819,1.07029
2025-11-06#t825w0,2025-11-06,Mr. Coon,Affordability and housing,259,1.0,331,2.94343,2.82657,1.04134
2025-11-06#t825w1,2025-11-06,Mr. Coon,Affordability and housing,345,1.0,435,2.80933,2.87189,0.97822
2025-11-06#t825w2,2025-11-06,Mr. Coon,Affordability and housing,325,1.0,406,2.91093,2.76584,1.05246
2025-11-06#t825w3,2025-11-06,Mr. Coon,Affordability and housing,288,1.0,361,2.9214,2.89965,1.0075
2025-11-06#t828w0,2025-11-06,Ms. S. Wilson,Affordability and housing,272,1.0,340,2.68618,2.70342,0.99362
2025-11-06#t828w1,2025-11-06,Ms. S. Wilson,Affordability and housing,319,1.0,376,2.40296,2.59179,0.92715
2025-11-06#t828w2,2025-11-06,Ms. S. Wilson,Affordability and housing,360,1.0,445,2.53355,2.56579,0.98744
2025-11-06#t828w3,2025-11-06,Ms. S. Wilson,Affordability and housing,262,1.0,322,2.7093,2.76679,0.97922
2025-11-06#t831w0,2025-11-06,Mr. M. LeBlanc,Affordability and housing,65,1.0,76,2.88828,3.03173,0.95268
2025-11-06#t833w0,2025-11-06,Ms. S. Wilson,Affordability and housing,61,1.0,83,2.69096,3.00854,0.89444
2025-11-06#t835w0,2025-11-06,Mr. Robichaud,Affordability and housing,358,0.0,448,2.27302,2.5291,0.89875
2025-11-06#t835w1,2025-11-06,Mr. Robichaud,Affordability and housing,317,0.0,383,2.35787,2.48843,0.94753
2025-11-06#t835w2,2025-11-06,Mr. Robichaud,Affordability and housing,216,0.0,276,2.94931,2.95707,0.99737
2025-11-06#t835w3,2025-11-06,Mr. Robichaud,Affordability and housing,350,0.0,418,2.69326,2.7281,0.98723
2025-11-06#t835w4,2025-11-06,Mr. Robichaud,Affordability and housing,89,0.0,103,2.89358,2.95015,0.98083
2025-11-06#t836w0,2025-11-06,,Affordability and housing,355,0.0,419,2.73364,2.8512,0.95877
2025-11-06#t836w1,2025-11-06,,Affordability and housing,334,0.0,408,2.74529,2.78004,0.9875
2025-11-06#t836w2,2025-11-06,,Affordability and housing,255,0.0,309,2.84539,2.77809,1.02423
2025-11-06#t837w0,2025-11-06,Mr. Monahan,Affordability and housing,288,1.0,354,2.47397,2.49714,0.99072
2025-11-06#t837w1,2025-11-06,Mr. Monahan,Affordability and housing,123,1.0,160,2.92579,2.76429,1.05842
2025-11-07#t839w0,2025-11-07,Hon. C. Chiasson,Affordability and housing,195,1.0,256,2.0459,2.1862,0.93582
2025-11-07#t840w0,2025-11-07,Ms. M. Wilson,Affordability and housing,150,1.0,182,2.13039,2.22309,0.9583
2025-11-07#t842w0,2025-11-07,Hon. Mr. Gauvin,Affordability and housing,90,0.0,124,2.62045,2.40098,1.09141
2025-11-07#t843w0,2025-11-07,Mr. Savoie,Affordability and housing,66,0.0,88,2.56297,2.0511,1.24956
2025-11-07#t845w0,2025-11-07,Mr. J. LeBlanc,Affordability and housing,152,0.0,189,2.49813,2.7219,0.91779
2025-11-07#t846w0,2025-11-07,Ms. M. Wilson,Affordability and housing,129,1.0,161,2.81624,2.62983,1.07088
2025-11-07#t847w0,2025-11-07,Mr. Coon,Affordability and housing,166,1.0,213,2.53378,2.44219,1.0375
2025-11-07#t848w0,2025-11-07,Ms. Wilcott,Affordability and housing,132,1.0,160,2.37226,2.26179,1.04884
2025-11-07#t849w0,2025-11-07,Ms. Scott-Wallace,Affordability and housing,166,1.0,220,2.49762,2.2105,1.12989
2025-11-07#t850w0,2025-11-07,Ms. Mitton,Affordability and housing,156,0.987,192,2.09036,2.24217,0.93229
2025-11-07#t852w0,2025-11-07,Hon. Ms. Townsend,Affordability and housing,167,0.988,196,2.31375,2.52336,0.91694
2025-11-07#t853w0,2025-11-07,Mr. Hogan,Affordability and housing,142,1.0,172,2.50565,2.7693,0.9048
2025-11-07#t854w0,2025-11-07,Mr. Russell,Affordability and housing,137,1.0,163,2.51441,2.47656,1.01528
2025-11-07#t855w0,2025-11-07,Mr. Coon,Affordability and housing,160,0.975,187,2.72371,2.66779,1.02096
2025-11-07#t856w0,2025-11-07,Mr. Johnston,Affordability and housing,169,0.852,209,3.05975,2.93408,1.04283
2025-11-07#t857w0,2025-11-07,Mr. Oliver,Affordability and housing,134,1.0,182,2.68407,2.58999,1.03632
2025-11-07#t858w0,2025-11-07,Mr. Arseneault,Affordability and housing,154,0.545,181,2.17074,2.36355,0.91842
2025-11-07#t859w0,2025-11-07,Ms. Scott-Wallace,Affordability and housing,165,1.0,191,2.49215,2.39323,1.04133
2025-11-07#t860w0,2025-11-07,Mr. Mallet,Affordability and housing,136,0.0,162,2.49854,2.43929,1.02429
2025-11-07#t861w0,2025-11-07,Mr. Cullins,Affordability and housing,157,1.0,196,2.06063,2.16005,0.95397
2025-11-07#t862w0,2025-11-07,Ms. Sodhi,Affordability and housing,156,1.0,194,2.32102,2.50153,0.92784
2025-11-07#t863w0,2025-11-07,Ms. S. Wilson,Affordability and housing,142,1.0,183,2.46232,2.53638,0.9708
2025-11-07#t864w0,2025-11-07,Hon. Ms. Holt,Affordability and housing,190,0.568,233,2.29978,2.4329,0.94529
2025-11-07#t865w0,2025-11-07,Hon. Ms. Boudreau,Affordability and housing,260,0.015,324,2.33214,2.45038,0.95175
2025-11-07#t866w0,2025-11-07,Ms. Scott-Wallace,Affordability and housing,102,1.0,122,2.62769,2.51896,1.04316
2025-11-07#t867w0,2025-11-07,Ms. Mitton,Affordability and housing,72,0.458,92,2.22395,2.35319,0.94508
2025-11-07#t868w0,2025-11-07,Mr. Savoie,Affordability and housing,94,0.915,110,2.78152,2.78861,0.99746
2025-11-07#t869w0,2025-11-07,Hon. Ms. Holt,Affordability and housing,156,1.0,193,2.63457,2.671,0.98636
2025-11-07#t870w0,2025-11-07,Mr. Savoie,Affordability and housing,191,1.0,261,2.5883,2.49586,1.03704
2025-11-07#t871w0,2025-11-07,Hon. Ms. Holt,Affordability and housing,169,0.728,217,2.45583,2.4532,1.00107
2025-11-07#t872w0,2025-11-07,Mr. Savoie,Affordability and housing,189,1.0,257,2.66744,2.60911,1.02235
2025-11-07#t873w0,2025-11-07,Hon. Ms. Holt,Affordability and housing,180,1.0,229,2.34671,2.59097,0.90573
2025-11-07#t874w0,2025-11-07,Mr. Savoie,Affordability and housing,189,1.0,240,2.62393,2.63061,0.99746
2025-11-07#t875w0,2025-11-07,Hon. Mr. Dornan,Affordability and housing,140,1.0,179,2.84149,2.56937,1.10591
2025-11-07#t876w0,2025-11-07,Mr. Savoie,Affordability and housing,191,1.0,231,2.94815,2.89439,1.01858
2025-11-07#t877w0,2025-11-07,Hon. Mr. Dornan,Affordability and housing,141,1.0,178,2.75603,2.88391,0.95566
2025-11-07#t878w0,2025-11-07,Mr. Hogan,Affordability and housing,125,0.952,155,2.47611,2.52139,0.98204
2025-11-07#t879w0,2025-11-07,Hon. Mr. Dornan,Affordability and housing,154,1.0,184,2.49055,2.71545,0.91718
2025-11-07#t880w0,2025-11-07,Mr. Hogan,Affordability and housing,92,1.0,114,2.5929,2.77192,0.93542
2025-11-07#t881w0,2025-11-07,Hon. Mr. Dornan,Affordability and housing,155,1.0,185,2.80653,2.71599,1.03334
2025-11-07#t882w0,2025-11-07,Mr. Hogan,Affordability and housing,167,1.0,192,2.59191,2.58685,1.00195
2025-11-07#t883w0,2025-11-07,Hon. Mr. Dornan,Affordability and housing,108,1.0,130,2.78685,2.8073,0.99272
2025-11-07#t884w0,2025-11-07,Ms. Scott-Wallace,Affordability and housing,185,1.0,226,2.94044,2.74133,1.07263
2025-11-07#t885w0,2025-11-07,Hon. Mr. Dornan,Affordability and housing,155,1.0,198,2.85294,2.64618,1.07814
2025-11-07#t886w0,2025-11-07,Ms. Scott-Wallace,Affordability and housing,204,1.0,246,2.74309,2.64607,1.03666
2025-11-07#t887w0,2025-11-07,Hon. Mr. Dornan,Affordability and housing,119,1.0,146,2.79106,2.52097,1.10714
2025-11-07#t888w0,2025-11-07,Ms. Scott-Wallace,Affordability and housing,194,1.0,245,2.77107,2.47892,1.11785
2025-11-07#t889w0,2025-11-07,Hon. Mr. Dornan,Affordability and housing,143,1.0,161,2.82488,2.87422,0.98283
2025-11-07#t890w0,2025-11-07,Ms. S. Wilson,Affordability and housing,130,1.0,152,2.49398,2.40242,1.03811
2025-11-07#t891w0,2025-11-07,Hon. Mr. Gauvin,Affordability and housing,117,0.0,139,2.70405,2.84941,0.94899
2025-11-07#t892w0,2025-11-07,Ms. S. Wilson,Affordability and housing,140,1.0,160,2.58158,2.72693,0.9467
2025-11-07#t893w0,2025-11-07,Hon. Ms. Holt,Affordability and housing,184,1.0,212,2.65167,2.79298,0.94941
2025-11-07#t894w0,2025-11-07,Ms. S. Wilson,Affordability and housing,127,1.0,152,3.14547,2.88246,1.09125
2025-11-07#t895w0,2025-11-07,Hon. Ms. Holt,Affordability and housing,149,0.0,189,2.62619,2.60028,1.00996
2025-11-07#t896w0,2025-11-07,Mr. Savoie,Affordability and housing,206,1.0,260,1.98594,2.17028,0.91506
2025-11-07#t897w0,2025-11-07,Hon. Mr. Dornan,Affordability and housing,110,1.0,147,2.76232,2.60851,1.05896
2025-11-07#t898w0,2025-11-07,Mr. Savoie,Affordability and housing,200,1.0,257,2.56872,2.37462,1.08174
2025-11-07#t899w0,2025-11-07,Hon. Ms. Holt,Affordability and housing,171,1.0,208,2.52472,2.4415,1.03408
2025-11-07#t901w0,2025-11-07,Hon. Ms. Holt,Affordability and housing,340,0.665,421,2.70619,2.52627,1.07122
2025-11-07#t901w1,2025-11-07,Hon. Ms. Holt,Affordability and housing,165,0.745,191,2.34311,2.41971,0.96834
2025-11-07#t902w0,2025-11-07,Mr. Savoie,Affordability and housing,330,0.912,401,2.78868,2.64876,1.05283
2025-11-07#t902w1,2025-11-07,Mr. Savoie,Affordability and housing,104,1.0,134,2.94425,2.94064,1.00123
2025-11-07#t903w0,2025-11-07,Mr. Coon,Affordability and housing,347,0.937,428,2.37371,2.3581,1.00662
2025-11-07#t903w1,2025-11-07,Mr. Coon,Affordability and housing,92,1.0,113,3.03733,2.78545,1.09043
2025-11-07#t904w0,2025-11-07,Hon. Ms. Holt,Affordability and housing,333,0.435,389,2.08168,2.23957,0.9295
2025-11-07#t905w0,2025-11-07,Mr. Savoie,Affordability and housing,269,0.639,309,2.62579,2.6746,0.98175
2025-11-07#t906w0,2025-11-07,Mr. Coon,Affordability and housing,226,0.518,275,2.41001,2.61207,0.92264
2025-11-07#t907w0,2025-11-07,Hon. Mr. D’Amours,Affordability and housing,250,0.396,300,1.83429,1.79442,1.02222
2025-11-07#t910w0,2025-11-07,Ms. M. Wilson,Affordability and housing,283,1.0,372,2.3352,2.36972,0.98543
2025-11-07#t911w0,2025-11-07,Mr. Coon,Affordability and housing,263,0.951,347,2.29185,2.18039,1.05112
2025-11-07#t912w0,2025-11-07,Hon. Mr. Dornan,Affordability and housing,161,0.714,199,1.84336,1.98962,0.92649
2025-11-07#t913w0,2025-11-07,Mr. Hogan,Affordability and housing,213,1.0,266,2.53053,2.5873,0.97806
2025-11-07#t914w0,2025-11-07,Mr. Coon,Affordability and housing,355,0.854,435,2.42253,2.32725,1.04094
2025-11-07#t914w1,2025-11-07,Mr. Coon,Affordability and housing,337,0.353,421,2.05862,2.08763,0.9861
2025-11-07#t915w0,2025-11-07,Hon. Ms. Holt,Affordability and housing,290,0.776,364,2.1892,2.36317,0.92638
2025-11-07#t915w1,2025-11-07,Hon. Ms. Holt,Affordability and housing,300,0.193,358,2.53648,2.5673,0.988
2025-11-07#t915w2,2025-11-07,Hon. Ms. Holt,Affordability and housing,80,0.0,97,3.21161,3.02087,1.06314
2025-11-07#t916w0,2025-11-07,Mr. Savoie,Affordability and housing,299,0.137,372,2.48468,2.46631,1.00745
2025-11-07#t916w1,2025-11-07,Mr. Savoie,Affordability and housing,300,1.0,349,2.36562,2.54893,0.92809
2025-11-07#t916w2,2025-11-07,Mr. Savoie,Affordability and housing,224,0.741,280,2.38452,2.2581,1.05599
2025-11-07#t917w0,2025-11-07,Mr. Coon,Affordability and housing,313,0.61,386,2.59775,2.51524,1.0328
2025-11-07#t919w0,2025-11-07,Hon. Ms. Holt,Affordability and housing,158,0.253,205,2.62087,2.49224,1.05161
2025-11-18#t922w0,2025-11-18,Hon. Mr. McKee,Affordability and housing,91,0.615,112,1.96525,2.26637,0.86714
2025-11-18#t925w0,2025-11-18,Ms. M. Wilson,Affordability and housing,59,1.0,77,3.0315,2.51754,1.20415
2025-11-18#t930w0,2025-11-18,Hon. Mr. Finnigan,Affordability and housing,95,0.0,138,2.70261,2.34406,1.15296
2025-11-18#t931w0,2025-11-18,Hon. C. Chiasson,Affordability and housing,341,1.0,428,2.10729,2.21987,0.94928
2025-11-18#t932w0,2025-11-18,Mr. Hogan,Affordability and housing,137,1.0,166,2.68402,2.60011,1.03227
2025-11-18#t933w0,2025-11-18,Ms. Vautour,Affordability and housing,141,0.0,185,2.65549,2.73955,0.96932
2025-11-18#t934w0,2025-11-18,Mr. Savoie,Affordability and housing,152,0.961,181,2.4798,2.42258,1.02362
2025-11-18#t935w0,2025-11-18,Mr. Coon,Affordability and housing,161,1.0,196,2.26142,2.31336,0.97755
2025-11-18#t936w0,2025-11-18,Hon. Ms. Thériault,Affordability and housing,124,0.0,175,2.83367,2.74145,1.03364
2025-11-18#t937w0,2025-11-18,Ms. Conroy,Affordability and housing,179,1.0,232,2.52268,2.49775,1.00998
2025-11-18#t938w0,2025-11-18,Ms. Mitton,Affordability and housing,162,1.0,193,2.0725,2.2532,0.9198
2025-11-18#t939w0,2025-11-18,Hon. Mr. Finnigan,Affordability and housing,130,0.0,170,2.56967,2.51612,1.02128
2025-11-18#t940w0,2025-11-18,Mr. Weir,Affordability and housing,164,1.0,211,2.26335,2.48205,0.91189
2025-11-18#t941w0,2025-11-18,Ms. M. Wilson,Affordability and housing,146,1.0,187,2.59983,2.74712,0.94639
2025-11-18#t942w0,2025-11-18,Mr. Coon,Affordability and housing,165,1.0,214,3.14229,2.93336,1.07123
2025-11-18#t943w0,2025-11-18,Mr. M. LeBlanc,Affordability and housing,143,1.0,172,2.54854,2.4486,1.04081
2025-11-18#t944w0,2025-11-18,Ms. Bockus,Affordability and housing,142,1.0,179,2.57937,2.64324,0.97584
2025-11-18#t945w0,2025-11-18,Mr. Johnston,Affordability and housing,177,1.0,254,3.34157,3.14358,1.06298
2025-11-18#t946w0,2025-11-18,Mr. Ames,Affordability and housing,151,1.0,200,2.59153,2.49065,1.04051
2025-11-18#t947w0,2025-11-18,Mr. Bourque,Affordability and housing,181,0.0,223,2.78569,2.55504,1.09027
2025-11-18#t948w0,2025-11-18,Ms. M. Johnson,Affordability and housing,144,1.0,175,2.52481,2.46973,1.0223
2025-11-18#t949w0,2025-11-18,Mr. Doucet,Affordability and housing,125,0.0,149,2.61742,2.42164,1.08085
2025-11-18#t950w0,2025-11-18,Mr. Monahan,Affordability and housing,219,1.0,282,2.56977,2.55377,1.00627
2025-11-18#t951w0,2025-11-18,Hon. Ms. Holt,Affordability and housing,148,1.0,175,2.30403,2.61439,0.88129
2025-11-18#t953w0,2025-11-18,Hon. Ms. Holt,Affordability and housing,138,1.0,171,2.77683,2.64012,1.05178
2025-11-18#t954w0,2025-11-18,Mr. Savoie,Affordability and housing,50,1.0,66,3.36808,3.07153,1.09655
2025-11-18#t955w0,2025-11-18,Hon. Ms. Holt,Affordability and housing,118,1.0,133,2.91749,2.58633,1.12804
2025-11-18#t956w0,2025-11-18,Mr. Savoie,Affordability and housing,189,1.0,237,2.56789,2.54328,1.00968
2025-11-18#t957w0,2025-11-18,Hon. Ms. Holt,Affordability and housing,132,0.045,158,2.85523,2.80852,1.01663
2025-11-18#t958w0,2025-11-18,Mr. Savoie,Affordability and housing,135,1.0,170,2.36922,2.48196,0.95457
2025-11-18#t959w0,2025-11-18,Hon. Ms. Holt,Affordability and housing,189,1.0,242,2.6266,2.55746,1.02703
2025-11-18#t960w0,2025-11-18,Mr. Savoie,Affordability and housing,178,1.0,229,2.46976,2.39914,1.02943
2025-11-18#t961w0,2025-11-18,Hon. Ms. Holt,Affordability and housing,198,1.0,250,2.37329,2.30905,1.02782
2025-11-18#t962w0,2025-11-18,Mr. Savoie,Affordability and housing,159,1.0,212,2.53669,2.35106,1.07896
2025-11-18#t963w0,2025-11-18,Hon. Ms. Holt,Affordability and housing,203,1.0,244,2.403,2.35119,1.02204
2025-11-18#t964w0,2025-11-18,Mr. Savoie,Affordability and housing,165,1.0,198,2.55183,2.40961,1.05902
2025-11-18#t965w0,2025-11-18,Hon. Ms. Holt,Affordability and housing,195,1.0,263,2.50782,2.68886,0.93267
2025-11-18#t966w0,2025-11-18,Mr. Savoie,Affordability and housing,188,1.0,226,2.74158,2.57964,1.06278
2025-11-18#t967w0,2025-11-18,Hon. Ms. Holt,Affordability and housing,159,0.0,191,2.50335,2.72047,0.92019
2025-11-18#t968w0,2025-11-18,Mr. Savoie,Affordability and housing,83,1.0,105,3.00631,2.79609,1.07518
2025-11-18#t969w0,2025-11-18,Hon. Ms. Holt,Affordability and housing,177,1.0,211,2.68622,2.64178,1.01682
2025-11-18#t970w0,2025-11-18,Mr. Savoie,Affordability and housing,121,1.0,145,2.61439,2.46661,1.05991
2025-11-18#t971w0,2025-11-18,Hon. Mr. Hickey,Affordability and housing,203,1.0,230,2.6919,2.79939,0.9616
2025-11-18#t972w0,2025-11-18,Mr. Savoie,Affordability and housing,102,1.0,120,2.90807,2.86158,1.01625
2025-11-18#t973w0,2025-11-18,Hon. Mr. Hickey,Affordability and housing,180,1.0,213,2.711,2.85501,0.94956
2025-11-18#t974w0,2025-11-18,Mr. Savoie,Affordability and housing,153,1.0,192,2.68791,2.63917,1.01847
2025-11-18#t975w0,2025-11-18,Hon. Ms. Holt,Affordability and housing,193,1.0,232,2.52066,2.51326,1.00294
2025-11-18#t976w0,2025-11-18,Ms. Mitton,Affordability and housing,135,1.0,159,3.10553,3.0936,1.00385
2025-11-18#t977w0,2025-11-18,Hon. Mr. Dornan,Affordability and housing,146,1.0,174,2.52537,2.64593,0.95444
2025-11-18#t978w0,2025-11-18,Ms. Mitton,Affordability and housing,141,0.106,166,2.88143,2.81504,1.02358
2025-11-18#t979w0,2025-11-18,Hon. Ms. Boudreau,Affordability and housing,178,0.197,227,2.17972,2.42395,0.89924
2025-11-18#t980w0,2025-11-18,Mr. Savoie,Affordability and housing,194,1.0,255,2.52923,2.55525,0.98982
2025-11-18#t981w0,2025-11-18,Hon. Mr. Dornan,Affordability and housing,128,1.0,165,2.93545,2.66148,1.10294
2025-11-18#t982w0,2025-11-18,Mr. Savoie,Affordability and housing,192,1.0,235,2.59339,2.40578,1.07798
2025-11-18#t983w0,2025-11-18,Hon. Ms. Holt,Affordability and housing,192,1.0,240,2.51746,2.55881,0.98384
2025-11-18#t990w0,2025-11-18,Ms. M. Wilson,Affordability and housing,324,1.0,395,2.55035,2.45335,1.03954
2025-11-18#t990w1,2025-11-18,Ms. M. Wilson,Affordability and housing,135,1.0,168,2.77181,2.753,1.00683
2025-11-18#t992w0,2025-11-18,Hon. Ms. Miles,Affordability and housing,166,0.729,198,2.4652,2.47712,0.99519
2025-11-18#t993w0,2025-11-18,Ms. M. Johnson,Affordability and housing,192,1.0,217,2.51503,2.50575,1.0037
2025-11-18#t994w0,2025-11-18,Mr. Coon,Affordability and housing,174,1.0,225,2.8712,2.68151,1.07074
2025-11-18#t995w0,2025-11-18,Hon. Mr. McKee,Affordability and housing,244,0.623,290,2.3391,2.467,0.94816
2025-11-18#t996w0,2025-11-18,Mr. Weir,Affordability and housing,284,1.0,358,2.5209,2.53116,0.99595
2025-11-18#t997w0,2025-11-18,Mr. Coon,Affordability and housing,173,1.0,221,2.50053,2.58595,0.96697
2025-11-18#t998w0,2025-11-18,Hon. Mr. Dornan,Affordability and housing,239,0.849,294,2.43288,2.58806,0.94004
2025-11-18#t999w0,2025-11-18,Mr. Hogan,Affordability and housing,243,0.72,286,2.62275,2.54687,1.02979
2025-11-18#t1000w0,2025-11-18,Mr. Coon,Affordability and housing,359,0.858,457,2.64856,2.45285,1.07979
2025-11-18#t1001w0,2025-11-18,Mr. M. LeBlanc,Affordability and housing,62,1.0,89,2.07893,2.00256,1.03813
2025-11-18#t1002w0,2025-11-18,Mr. Coon,Affordability and housing,353,1.0,412,2.44233,2.30563,1.05929
2025-11-18#t1003w0,2025-11-18,Mr. Hogan,Affordability and housing,357,1.0,434,2.38402,2.40159,0.99268
2025-11-18#t1003w1,2025-11-18,Mr. Hogan,Affordability and housing,149,1.0,200,2.41176,2.44611,0.98596
2025-11-18#t1004w0,2025-11-18,,Affordability and housing,342,1.0,435,2.42963,2.49705,0.973
2025-11-18#t1004w1,2025-11-18,,Affordability and housing,348,1.0,430,2.50923,2.5316,0.99116
2025-11-18#t1004w2,2025-11-18,,Affordability and housing,168,0.893,216,2.5182,2.4806,1.01516
2025-11-18#t1008w0,2025-11-18,Mr. Cullins,Affordability and housing,154,1.0,186,2.39643,2.48483,0.96442
2025-11-18#t1010w0,2025-11-18,Mr. M. LeBlanc,Affordability and housing,54,1.0,70,2.59982,2.58384,1.00618
2025-11-18#t1012w0,2025-11-18,Mr. Cullins,Affordability and housing,359,0.758,453,2.2007,2.16033,1.01869
2025-11-18#t1012w1,2025-11-18,Mr. Cullins,Affordability and housing,348,0.408,435,2.42616,2.46933,0.98252
2025-11-18#t1012w2,2025-11-18,Mr. Cullins,Affordability and housing,136,0.831,170,2.26004,2.32259,0.97307
2025-11-18#t1014w0,2025-11-18,Mr. Austin,Affordability and housing,326,1.0,389,2.59297,2.6076,0.99439
2025-11-18#t1014w1,2025-11-18,Mr. Austin,Affordability and housing,322,1.0,373,2.66048,2.69955,0.98553
2025-11-18#t1014w2,2025-11-18,Mr. Austin,Affordability and housing,198,1.0,247,2.50914,2.48665,1.00904
2025-11-18#t1015w0,2025-11-18,,Affordability and housing,356,0.593,442,2.17912,2.24953,0.9687
2025-11-18#t1015w1,2025-11-18,,Affordability and housing,213,0.793,240,2.44473,2.58266,0.9466
2025-11-18#t1016w0,2025-11-18,Madam Speaker,Affordability and housing,82,1.0,113,2.92366,2.69693,1.08407
2025-11-18#t1017w0,2025-11-18,Mr. Ames,Affordability and housing,345,1.0,422,2.42086,2.56516,0.94375
2025-11-18#t1017w1,2025-11-18,Mr. Ames,Affordability and housing,348,0.402,432,2.4416,2.52213,0.96807
2025-11-18#t1017w2,2025-11-18,Mr. Ames,Affordability and housing,344,0.224,392,2.30274,2.27247,1.01332
2025-11-18#t1017w3,2025-11-18,Mr. Ames,Affordability and housing,211,0.166,256,2.17681,2.57281,0.84608
2025-11-18#t1018w0,2025-11-18,Mr. Ames,Affordability and housing,339,1.0,421,2.37708,2.60088,0.91395
2025-11-18#t1018w1,2025-11-18,Mr. Ames,Affordability and housing,72,1.0,91,3.00909,2.99683,1.00409
2025-11-18#t1019w0,2025-11-18,Mr. Coon,Affordability and housing,348,1.0,478,2.31143,2.31729,0.99747
2025-11-18#t1019w1,2025-11-18,Mr. Coon,Affordability and housing,275,1.0,370,2.74998,2.78818,0.9863
2025-11-18#t1019w2,2025-11-18,Mr. Coon,Affordability and housing,328,1.0,411,2.86039,2.86884,0.99706
2025-11-18#t1019w3,2025-11-18,Mr. Coon,Affordability and housing,284,1.0,373,2.92956,2.84077,1.03126
2025-11-18#t1019w4,2025-11-18,Mr. Coon,Affordability and housing,167,1.0,211,2.60922,2.64753,0.98553
2025-11-18#t1020w0,2025-11-18,Mr. Austin,Affordability and housing,280,1.0,343,2.30733,2.45407,0.94021
2025-11-18#t1020w1,2025-11-18,Mr. Austin,Affordability and housing,319,1.0,386,2.6551,2.6895,0.98721
2025-11-18#t1020w2,2025-11-18,Mr. Austin,Affordability and housing,321,1.0,380,2.47604,2.62705,0.94252
2025-11-18#t1020w3,2025-11-18,Mr. Austin,Affordability and housing,295,1.0,354,2.59028,2.71037,0.95569
2025-11-18#t1020w4,2025-11-18,Mr. Austin,Affordability and housing,271,1.0,335,2.47315,2.66257,0.92886
2025-11-18#t1020w5,2025-11-18,Mr. Austin,Affordability and housing,324,0.914,398,2.5636,2.54301,1.0081
2025-11-19#t1023w0,2025-11-19,Hon. Ms. Boudreau,Affordability and housing,171,0.0,218,2.73488,2.64349,1.03457
2025-11-19#t1024w0,2025-11-19,Mr. Russell,Affordability and housing,140,1.0,178,2.32016,2.49142,0.93126
2025-11-19#t1025w0,2025-11-19,Mr. Bourque,Affordability and housing,130,0.0,168,2.61937,2.62294,0.99864
2025-11-19#t1026w0,2025-11-19,Ms. M. Johnson,Affordability and housing,327,1.0,409,2.41696,2.41462,1.00097
2025-11-19#t1027w0,2025-11-19,Hon. Ms. Holt,Affordability and housing,198,1.0,253,2.25789,2.15704,1.04676
2025-11-19#t1028w0,2025-11-19,Ms. Bockus,Affordability and housing,151,1.0,183,2.66885,2.70911,0.98514
2025-11-19#t1029w0,2025-11-19,Mr. Coon,Affordability and housing,144,1.0,197,1.99293,2.19625,0.90742
2025-11-19#t1030w0,2025-11-19,Mr. Johnston,Affordability and housing,136,0.971,192,2.76641,2.66995,1.03613
2025-11-19#t1031w0,2025-11-19,Mr. Oliver,Affordability and housing,146,1.0,190,2.41523,2.31257,1.04439
2025-11-19#t1032w0,2025-11-19,Ms. Mitton,Affordability and housing,162,1.0,210,1.85043,1.98414,0.93261
2025-11-19#t1033w0,2025-11-19,Mr. Weir,Affordability and housing,153,1.0,194,2.4624,2.53491,0.9714
2025-11-19#t1034w0,2025-11-19,Ms. Mitton,Affordability and housing,168,1.0,209,2.44225,2.40947,1.0136
2025-11-19#t1035w0,2025-11-19,Mr. J. LeBlanc,Affordability and housing,105,1.0,130,2.64648,2.58906,1.02218
2025-11-19#t1036w0,2025-11-19,Ms. Conroy,Affordability and housing,153,1.0,202,2.3105,2.18188,1.05895
2025-11-19#t1037w0,2025-11-19,Ms. Vautour,Affordability and housing,147,0.0,177,2.48637,2.74007,0.90741
2025-11-19#t1038w0,2025-11-19,Mr. Hogan,Affordability and housing,148,1.0,190,2.80732,2.63729,1.06447
2025-11-19#t1039w0,2025-11-19,Mr. Robichaud,Affordability and housing,168,0.202,216,2.52947,2.38006,1.06277
2025-11-19#t1040w0,2025-11-19,Mr. Lee,Affordability and housing,157,1.0,196,2.55184,2.72585,0.93616
2025-11-19#t1041w0,2025-11-19,Ms. Wilcott,Affordability and housing,83,0.602,104,2.37489,2.29449,1.03504
2025-11-19#t1042w0,2025-11-19,Mr. Austin,Affordability and housing,184,1.0,230,2.89656,2.69081,1.07646
2025-11-19#t1043w0,2025-11-19,Mr. Savoie,Affordability and housing,110,1.0,130,2.34813,2.29497,1.02317
2025-11-19#t1044w0,2025-11-19,Hon. Ms. Holt,Affordability and housing,154,0.0,192,2.45593,2.43109,1.01021
2025-11-19#t1046w0,2025-11-19,Hon. Mr. McKee,Affordability and housing,156,1.0,204,2.56256,2.32819,1.10067
2025-11-19#t1048w0,2025-11-19,Hon. Mr. McKee,Affordability and housing,67,1.0,89,2.37918,2.47554,0.96108
2025-11-19#t1049w0,2025-11-19,Hon. Mr. McKee,Affordability and housing,93,1.0,119,2.80057,2.57984,1.08556
2025-11-19#t1050w0,2025-11-19,Mr. Savoie,Affordability and housing,168,1.0,212,2.07386,2.1096,0.98306
2025-11-19#t1051w0,2025-11-19,Hon. Mr. Dornan,Affordability and housing,178,1.0,225,2.65335,2.6389,1.00547
2025-11-19#t1052w0,2025-11-19,Mr. Savoie,Affordability and housing,114,1.0,134,2.65296,2.59759,1.02131
2025-11-19#t1053w0,2025-11-19,Hon. Mr. Dornan,Affordability and housing,187,1.0,218,2.47805,2.60111,0.95269
2025-11-19#t1054w0,2025-11-19,Mr. Savoie,Affordability and housing,85,1.0,99,2.48304,2.29784,1.0806
2025-11-19#t1055w0,2025-11-19,Hon. Mr. Dornan,Affordability and housing,148,1.0,180,2.73126,2.70059,1.01135
2025-11-19#t1056w0,2025-11-19,Mr. Savoie,Affordability and housing,72,1.0,92,2.6632,2.65763,1.0021
2025-11-19#t1057w0,2025-11-19,Hon. Mr. Dornan,Affordability and housing,115,1.0,137,2.77546,2.72435,1.01876
2025-11-19#t1058w0,2025-11-19,Mr. Austin,Affordability and housing,185,1.0,226,2.65695,2.53204,1.04933
2025-11-19#t1059w0,2025-11-19,Hon. Mr. Herron,Affordability and housing,104,1.0,123,2.81556,2.53784,1.10943
2025-11-19#t1060w0,2025-11-19,Mr. Austin,Affordability and housing,183,1.0,243,2.22287,2.26324,0.98216
2025-11-19#t1061w0,2025-11-19,Hon. Mr. Herron,Affordability and housing,111,1.0,152,2.20595,2.24086,0.98442
2025-11-19#t1062w0,2025-11-19,Mr. Austin,Affordability and housing,183,1.0,230,2.7015,2.51386,1.07464
2025-11-19#t1063w0,2025-11-19,Hon. Mr. Herron,Affordability and housing,174,1.0,211,2.932,2.76192,1.06158
2025-11-19#t1064w0,2025-11-19,Mr. Monahan,Affordability and housing,155,1.0,197,2.62626,2.44197,1.07547
2025-11-19#t1065w0,2025-11-19,Hon. Mr. McKee,Affordability and housing,151,1.0,199,2.27081,2.2684,1.00106
2025-11-19#t1066w0,2025-11-19,M. Monahan,Affordability and housing,149,0.0,185,2.60332,2.4966,1.04275
2025-11-19#t1067w0,2025-11-19,Hon. Mr. McKee,Affordability and housing,138,0.0,169,2.74669,2.65102,1.03609
2025-11-19#t1068w0,2025-11-19,Mr. Monahan,Affordability and housing,152,1.0,192,3.01993,2.75136,1.09761
2025-11-19#t1069w0,2025-11-19,Hon. Mr. McKee,Affordability and housing,151,1.0,186,2.87517,2.81556,1.02117
2025-11-19#t1070w0,2025-11-19,Mr. Coon,Affordability and housing,150,1.0,181,2.97472,2.89978,1.02584
2025-11-19#t1071w0,2025-11-19,Hon. K. Chiasson,Affordability and housing,107,1.0,132,2.93325,2.88332,1.01732
2025-11-19#t1072w0,2025-11-19,Mr. Coon,Affordability and housing,127,1.0,160,2.78802,2.46758,1.12986
2025-11-19#t1073w0,2025-11-19,Hon. K. Chiasson,Affordability and housing,101,1.0,126,2.65541,2.35861,1.12584
2025-11-19#t1074w0,2025-11-19,Mr. Coon,Affordability and housing,124,0.137,147,2.77199,2.55401,1.08535
2025-11-19#t1075w0,2025-11-19,Hon. K. Chiasson,Affordability and housing,141,0.972,176,2.47015,2.37559,1.0398
2025-11-19#t1076w0,2025-11-19,Mr. Savoie,Affordability and housing,153,1.0,202,2.74261,2.63684,1.04011
2025-11-19#t1077w0,2025-11-19,Hon. Ms. Holt,Affordability and housing,74,0.527,98,2.54888,2.48236,1.0268
2025-11-19#t1079w0,2025-11-19,Hon. Ms. Holt,Affordability and housing,94,1.0,113,2.90127,2.83858,1.02209
2025-11-19#t1081w0,2025-11-19,Mr. J. LeBlanc,Affordability and housing,104,0.0,138,2.75081,2.48499,1.10697
2025-11-19#t1082w0,2025-11-19,Hon. Mr. Herron,Affordability and housing,337,0.772,402,2.20326,2.25212,0.97831
2025-11-19#t1082w1,2025-11-19,Hon. Mr. Herron,Affordability and housing,139,1.0,171,2.78023,2.76016,1.00727
2025-11-19#t1083w0,2025-11-19,Mr. Austin,Affordability and housing,309,1.0,396,2.61906,2.59242,1.01028
2025-11-19#t1083w1,2025-11-19,Mr. Austin,Affordability and housing,280,1.0,351,2.80626,2.7956,1.00382
2025-11-19#t1084w0,2025-11-19,Mr. Coon,Affordability and housing,353,1.0,444,2.47549,2.57384,0.96179
2025-11-19#t1084w1,2025-11-19,Mr. Coon,Affordability and housing,192,1.0,230,3.08961,2.88038,1.07264
2025-11-19#t1085w0,2025-11-19,Hon. Mr. Hickey,Affordability and housing,285,0.775,328,2.33362,2.43342,0.95899
2025-11-19#t1086w0,2025-11-19,Ms. Conroy,Affordability and housing,259,1.0,317,2.37084,2.43087,0.97531
2025-11-19#t1087w0,2025-11-19,Ms. Mitton,Affordability and housing,287,0.829,339,2.53278,2.53329,0.9998
2025-11-19#t1088w0,2025-11-19,Hon. Mr. Dornan,Affordability and housing,163,0.798,190,2.12912,2.15124,0.98972
2025-11-19#t1089w0,2025-11-19,Mr. Hogan,Affordability and housing,207,1.0,242,2.51161,2.41154,1.0415
2025-11-19#t1090w0,2025-11-19,Mr. Coon,Affordability and housing,195,0.851,237,2.47487,2.54765,0.97143
2025-11-19#t1091w0,2025-11-19,Ms. Vautour,Affordability and housing,67,0.0,86,3.21578,3.05529,1.05253
2025-11-19#t1093w0,2025-11-19,Ms. Vautour,Affordability and housing,67,0.0,86,3.21578,3.05529,1.05253
2025-11-19#t1094w0,2025-11-19,Ms. M. Johnson,Affordability and housing,94,0.957,130,2.59643,2.26923,1.14419
2025-11-19#t1096w0,2025-11-19,Madam Speaker,Affordability and housing,286,0.528,370,1.97117,2.04272,0.96497
2025-11-19#t1096w1,2025-11-19,Madam Speaker,Affordability and housing,298,1.0,349,2.55685,2.64005,0.96849
2025-11-19#t1096w2,2025-11-19,Madam Speaker,Affordability and housing,93,1.0,117,2.9187,2.92101,0.99921
2025-11-20#t1098w0,2025-11-20,Mr. Doucet,Affordability and housing,250,1.0,305,2.04806,2.3155,0.8845
2025-11-20#t1099w0,2025-11-20,Ms. Scott-Wallace,Affordability and housing,303,1.0,363,2.27903,2.34202,0.9731
2025-11-20#t1100w0,2025-11-20,Mr. Monahan,Affordability and housing,176,1.0,213,2.34624,2.42813,0.96627
2025-11-20#t1101w0,2025-11-20,Mr. J. LeBlanc,Affordability and housing,148,0.372,184,1.94172,2.15275,0.90197
2025-11-20#t1102w0,2025-11-20,Mr. Hogan,Affordability and housing,142,1.0,193,2.31155,2.28931,1.00971
2025-11-20#t1103w0,2025-11-20,Mr. Coon,Affordability and housing,156,1.0,203,2.31609,2.23169,1.03782
2025-11-20#t1104w0,2025-11-20,Ms. Vautour,Affordability and housing,154,0.0,216,2.35122,2.2215,1.05839
2025-11-20#t1105w0,2025-11-20,Ms. S. Wilson,Affordability and housing,250,1.0,310,2.01463,2.22721,0.90455
2025-11-20#t1106w0,2025-11-20,Ms. Mitton,Affordability and housing,161,1.0,210,1.92358,1.97141,0.97574
2025-11-20#t1107w0,2025-11-20,Ms. Wilcott,Affordability and housing,133,1.0,163,2.69065,2.48378,1.08329
2025-11-20#t1108w0,2025-11-20,Mr. Russell,Affordability and housing,138,1.0,161,2.30195,2.26912,1.01447
2025-11-20#t1109w0,2025-11-20,Ms. Mitton,Affordability and housing,161,1.0,195,2.51128,2.34489,1.07096
2025-11-20#t1110w0,2025-11-20,Mr. Johnston,Affordability and housing,157,0.968,182,2.6844,2.68939,0.99814
2025-11-20#t1111w0,2025-11-20,Mr. Oliver,Affordability and housing,153,1.0,183,2.53059,2.58072,0.98057
2025-11-20#t1112w0,2025-11-20,Mr. Mallet,Affordability and housing,124,0.0,155,2.8116,2.62135,1.07258
2025-11-20#t1113w0,2025-11-20,Ms. Scott-Wallace,Affordability and housing,142,1.0,173,2.80533,2.76797,1.0135
2025-11-20#t1114w0,2025-11-20,Ms. Sodhi,Affordability and housing,138,1.0,171,2.38747,2.26383,1.05462
2025-11-20#t1115w0,2025-11-20,Mr. Cullins,Affordability and housing,144,1.0,176,2.99888,2.9519,1.01592
2025-11-20#t1116w0,2025-11-20,Mr. M. LeBlanc,Affordability and housing,184,1.0,221,2.53114,2.49964,1.0126
2025-11-20#t1117w0,2025-11-20,Ms. S. Wilson,Affordability and housing,150,1.0,183,2.67025,2.88719,0.92486
2025-11-20#t1118w0,2025-11-20,Mr. Savoie,Affordability and housing,145,0.89,195,2.34132,2.37868,0.98429
2025-11-20#t1119w0,2025-11-20,Hon. C. Johnson,Affordability and housing,106,1.0,122,2.75286,2.42652,1.13449
2025-11-20#t1120w0,2025-11-20,Mr. Savoie,Affordability and housing,158,1.0,199,2.72834,2.71509,1.00488
2025-11-20#t1121w0,2025-11-20,Hon. Ms. Holt,Affordability and housing,161,0.894,200,2.74249,2.86092,0.9586
2025-11-20#t1122w0,2025-11-20,Mr. Savoie,Affordability and housing,156,1.0,193,2.72174,2.77789,0.97979
2025-11-20#t1123w0,2025-11-20,Hon. C. Johnson,Affordability and housing,101,1.0,116,2.8242,2.67691,1.05502
2025-11-20#t1124w0,2025-11-20,Mr. Savoie,Affordability and housing,178,1.0,221,2.65872,2.56356,1.03712
2025-11-20#t1125w0,2025-11-20,Hon. C. Johnson,Affordability and housing,110,1.0,136,2.94198,2.74084,1.07339
2025-11-20#t1126w0,2025-11-20,Mr. Savoie,Affordability and housing,55,1.0,71,2.3149,2.44283,0.94763
2025-11-20#t1127w0,2025-11-20,Hon. C. Johnson,Affordability and housing,125,0.0,155,2.59991,2.55712,1.01673
2025-11-20#t1128w0,2025-11-20,Mr. Savoie,Affordability and housing,92,1.0,111,2.64139,2.44223,1.08155
2025-11-20#t1129w0,2025-11-20,Hon. C. Johnson,Affordability and housing,111,1.0,130,2.93069,2.74384,1.0681
2025-11-20#t1130w0,2025-11-20,Ms. M. Johnson,Affordability and housing,115,1.0,163,2.4528,2.27807,1.0767
2025-11-20#t1131w0,2025-11-20,Hon. Mr. Hickey,Affordability and housing,183,1.0,224,2.37388,2.31632,1.02485
2025-11-20#t1132w0,2025-11-20,Ms. M. Johnson,Affordability and housing,160,1.0,216,2.64898,2.5194,1.05143
2025-11-20#t1133w0,2025-11-20,Hon. Mr. Hickey,Affordability and housing,179,1.0,216,2.64309,2.54496,1.03856
2025-11-20#t1134w0,2025-11-20,Ms. M. Johnson,Affordability and housing,186,1.0,226,2.89095,2.82029,1.02506
2025-11-20#t1136w0,2025-11-20,Hon. Mr. Hickey,Affordability and housing,149,1.0,175,3.30745,2.94198,1.12422
2025-11-20#t1139w0,2025-11-20,Mr. Cullins,Affordability and housing,72,1.0,84,3.11913,3.39999,0.91739
2025-11-20#t1140w0,2025-11-20,Hon. Mr. Dornan,Affordability and housing,138,1.0,174,3.05683,2.91204,1.04972
2025-11-20#t1141w0,2025-11-20,Mr. Cullins,Affordability and housing,74,1.0,95,2.68916,2.73919,0.98174
2025-11-20#t1142w0,2025-11-20,Hon. Mr. Dornan,Affordability and housing,122,1.0,160,2.69595,2.64197,1.02043
2025-11-20#t1143w0,2025-11-20,Mr. Coon,Affordability and housing,160,1.0,216,2.48735,2.39104,1.04028
2025-11-20#t1144w0,2025-11-20,Hon. Mr. LePage,Affordability and housing,97,0.0,116,3.00788,2.93036,1.02645
2025-11-20#t1145w0,2025-11-20,Mr. Coon,Affordability and housing,161,1.0,203,2.84747,2.69284,1.05742
2025-11-20#t1146w0,2025-11-20,Hon. K. Chiasson,Affordability and housing,147,1.0,181,2.5689,2.53773,1.01228
2025-11-20#t1147w0,2025-11-20,Mr. Austin,Affordability and housing,144,1.0,162,2.54971,2.42752,1.05034
2025-11-20#t1148w0,2025-11-20,Hon. Mr. Herron,Affordability and housing,157,1.0,184,2.99592,3.00976,0.9954
2025-11-20#t1149w0,2025-11-20,Mr. Austin,Affordability and housing,175,1.0,206,2.85825,2.61366,1.09358
2025-11-20#t1150w0,2025-11-20,Hon. Mr. Herron,Affordability and housing,165,1.0,197,2.55337,2.44675,1.04358
2025-11-20#t1152w0,2025-11-20,Mr. Lee,Affordability and housing,134,1.0,158,2.84835,2.66666,1.06813
2025-11-20#t1153w0,2025-11-20,Hon. C. Johnson,Affordability and housing,120,1.0,152,2.68529,2.4174,1.11082
2025-11-20#t1154w0,2025-11-20,Mr. Lee,Affordability and housing,111,1.0,145,2.73867,2.70243,1.01341
2025-11-20#t1155w0,2025-11-20,Hon. C. Johnson,Affordability and housing,72,1.0,85,2.84248,2.9219,0.97282
2025-11-20#t1157w0,2025-11-20,Hon. Ms. Boudreau,Affordability and housing,167,0.251,227,2.24053,2.17876,1.02835
2025-11-20#t1158w0,2025-11-20,Ms. Scott-Wallace,Affordability and housing,208,1.0,254,2.43356,2.55193,0.95361
2025-11-20#t1159w0,2025-11-20,Ms. Mitton,Affordability and housing,164,0.884,212,2.24338,2.18035,1.02891
2025-11-20#t1161w0,2025-11-20,Hon. Mr. Randall,Affordability and housing,246,0.894,304,2.32525,2.40137,0.9683
2025-11-20#t1162w0,2025-11-20,Mr. Russell,Affordability and housing,129,1.0,156,2.40856,2.45512,0.98104
2025-11-20#t1163w0,2025-11-20,Mr. Coon,Affordability and housing,280,1.0,348,2.67746,2.75277,0.97264
2025-11-20#t1164w0,2025-11-20,Hon. Mr. Finnigan,Affordability and housing,242,0.645,300,2.10096,2.16956,0.96838
2025-11-20#t1165w0,2025-11-20,Ms. Scott-Wallace,Affordability and housing,242,1.0,296,2.53786,2.44724,1.03703
2025-11-20#t1166w0,2025-11-20,Ms. Mitton,Affordability and housing,242,0.938,282,2.63196,2.70433,0.97324
2025-11-20#t1168w0,2025-11-20,Hon. Mr. Dornan,Affordability and housing,294,0.874,352,2.46475,2.40657,1.02418
2025-11-20#t1170w0,2025-11-20,Mr. Hogan,Affordability and housing,299,1.0,357,2.46275,2.44367,1.00781
2025-11-20#t1170w1,2025-11-20,Mr. Hogan,Affordability and housing,85,1.0,120,2.54683,2.56292,0.99372
2025-11-20#t1171w0,2025-11-20,Mr. Coon,Affordability and housing,316,1.0,386,2.639,2.54667,1.03625
2025-11-20#t1172w0,2025-11-20,Mr. Deputy Speaker,Affordability and housing,347,0.767,440,2.20497,2.29652,0.96014
2025-11-20#t1173w0,2025-11-20,Ms. M. Johnson,Affordability and housing,52,1.0,76,3.05067,2.60177,1.17254
2025-11-20#t1174w0,2025-11-20,Mr. Deputy Speaker,Affordability and housing,327,0.398,420,2.44021,2.54146,0.96016
2025-11-20#t1174w1,2025-11-20,Mr. Deputy Speaker,Affordability and housing,325,0.745,395,2.31908,2.42109,0.95787
2025-11-20#t1174w2,2025-11-20,Mr. Deputy Speaker,Affordability and housing,84,1.0,108,2.94245,2.88749,1.01903
2025-11-20#t1177w0,2025-11-20,Mr. M. LeBlanc,Affordability and housing,60,1.0,76,2.96825,2.9264,1.0143
2025-11-20#t1180w0,2025-11-20,Mr. Deputy Speaker,Affordability and housing,103,1.0,130,2.97622,2.84775,1.04511
2025-11-20#t1188w0,2025-11-20,Ms. M. Johnson,Affordability and housing,323,1.0,407,2.27206,2.49227,0.91164
2025-11-20#t1188w1,2025-11-20,Ms. M. Johnson,Affordability and housing,313,1.0,380,2.82494,2.79719,1.00992
2025-11-20#t1188w2,2025-11-20,Ms. M. Johnson,Affordability and housing,354,1.0,433,2.4193,2.44562,0.98924
2025-11-20#t1188w3,2025-11-20,Ms. M. Johnson,Affordability and housing,292,1.0,346,2.47454,2.41635,1.02408
2025-11-20#t1189w0,2025-11-20,Mr. M. LeBlanc,Affordability and housing,203,1.0,256,2.69679,2.5772,1.0464
2025-11-20#t1191w0,2025-11-20,Mr. Deputy Speaker,Affordability and housing,344,1.0,453,2.31695,2.32272,0.99752
2025-11-20#t1191w1,2025-11-20,Mr. Deputy Speaker,Affordability and housing,317,1.0,421,2.39428,2.42271,0.98827
2025-11-20#t1192w0,2025-11-20,Mr. Weir,Affordability and housing,331,1.0,405,2.52729,2.63633,0.95864
2025-11-20#t1192w1,2025-11-20,Mr. Weir,Affordability and housing,355,1.0,421,2.39545,2.65187,0.90331
2025-11-20#t1192w2,2025-11-20,Mr. Weir,Affordability and housing,334,1.0,421,2.71563,2.60163,1.04382
2025-11-20#t1192w3,2025-11-20,Mr. Weir,Affordability and housing,360,1.0,428,2.67194,2.66038,1.00434
2025-11-20#t1192w4,2025-11-20,Mr. Weir,Affordability and housing,261,1.0,315,2.56139,2.66627,0.96066
2025-11-20#t1192w5,2025-11-20,Mr. Weir,Affordability and housing,266,1.0,335,2.68314,2.6811,1.00076
2025-11-20#t1192w6,2025-11-20,Mr. Weir,Affordability and housing,253,1.0,321,2.64341,2.5747,1.02669
2025-11-20#t1192w7,2025-11-20,Mr. Weir,Affordability and housing,352,1.0,445,2.44401,2.58357,0.94598
2025-11-20#t1192w8,2025-11-20,Mr. Weir,Affordability and housing,355,1.0,452,2.48694,2.51275,0.98973
2025-11-20#t1194w0,2025-11-20,Hon. Mr. McKee,Affordability and housing,327,0.896,391,2.15526,2.29531,0.93899
2025-11-20#t1194w1,2025-11-20,Hon. Mr. McKee,Affordability and housing,318,1.0,415,3.0927,2.9208,1.05885
2025-11-20#t1194w2,2025-11-20,Hon. Mr. McKee,Affordability and housing,347,1.0,427,2.58388,2.60885,0.99043
2025-11-20#t1194w3,2025-11-20,Hon. Mr. McKee,Affordability and housing,319,0.834,395,2.6563,2.71004,0.98017
2025-11-20#t1194w4,2025-11-20,Hon. Mr. McKee,Affordability and housing,318,0.283,386,2.74278,2.75001,0.99737
2025-11-20#t1194w5,2025-11-20,Hon. Mr. McKee,Affordability and housing,298,1.0,372,2.27778,2.46878,0.92263
2025-11-20#t1198w0,2025-11-20,Mr. Hogan,Affordability and housing,346,1.0,416,2.44713,2.47541,0.98857
2025-11-20#t1198w1,2025-11-20,Mr. Hogan,Affordability and housing,287,1.0,363,2.49924,2.62711,0.95133
2025-11-20#t1199w0,2025-11-20,Mr. Hogan,Affordability and housing,336,1.0,423,2.32826,2.51987,0.92396
2025-11-20#t1199w1,2025-11-20,Mr. Hogan,Affordability and housing,337,1.0,435,2.34974,2.50378,0.93848
2025-11-20#t1199w2,2025-11-20,Mr. Hogan,Affordability and housing,231,1.0,297,2.44947,2.25931,1.08417
2025-11-20#t1202w0,2025-11-20,Mr. M. LeBlanc,Affordability and housing,73,1.0,100,2.76548,2.60512,1.06156
2025-11-20#t1203w0,2025-11-20,Mr. Deputy Speaker,Affordability and housing,77,1.0,97,3.26817,3.52946,0.92597
2025-11-20#t1204w0,2025-11-20,Ms. Sodhi,Affordability and housing,316,1.0,394,2.4166,2.37677,1.01676
2025-11-20#t1204w1,2025-11-20,Ms. Sodhi,Affordability and housing,252,1.0,331,2.86907,2.76683,1.03695
2025-11-20#t1204w2,2025-11-20,Ms. Sodhi,Affordability and housing,313,1.0,395,2.53507,2.5794,0.98281
2025-11-20#t1205w0,2025-11-20,Ms. M. Wilson,Affordability and housing,336,1.0,425,2.4461,2.55776,0.95635
2025-11-20#t1205w1,2025-11-20,Ms. M. Wilson,Affordability and housing,346,1.0,418,2.73507,2.67771,1.02142
2025-11-20#t1205w2,2025-11-20,Ms. M. Wilson,Affordability and housing,340,1.0,407,2.63476,2.5288,1.0419
2025-11-20#t1205w3,2025-11-20,Ms. M. Wilson,Affordability and housing,291,1.0,379,2.7508,2.6627,1.03309
2025-11-20#t1205w4,2025-11-20,Ms. M. Wilson,Affordability and housing,265,1.0,344,2.24915,2.26626,0.99245
2025-11-20#t1205w5,2025-11-20,Ms. M. Wilson,Affordability and housing,262,1.0,312,2.47636,2.57471,0.9618
2025-11-20#t1205w6,2025-11-20,Ms. M. Wilson,Affordability and housing,341,1.0,425,2.59711,2.59456,1.00098
2025-11-20#t1205w7,2025-11-20,Ms. M. Wilson,Affordability and housing,202,1.0,242,2.61482,2.47943,1.0546
2025-11-20#t1206w0,2025-11-20,Ms. Mitton,Affordability and housing,321,1.0,398,2.28041,2.32847,0.97936
2025-11-20#t1206w1,2025-11-20,Ms. Mitton,Affordability and housing,359,1.0,446,2.3218,2.35599,0.98549
2025-11-20#t1206w2,2025-11-20,Ms. Mitton,Affordability and housing,231,1.0,280,2.72113,2.77456,0.98074
2025-11-20#t1206w3,2025-11-20,Ms. Mitton,Affordability and housing,335,1.0,403,2.46246,2.49335,0.98761
2025-11-20#t1206w4,2025-11-20,Ms. Mitton,Affordability and housing,307,1.0,372,2.35069,2.41035,0.97525
2025-11-20#t1208w0,2025-11-20,Mr. Robichaud,Affordability and housing,339,0.0,406,2.41359,2.36947,1.01862
2025-11-20#t1208w1,2025-11-20,Mr. Robichaud,Affordability and housing,332,0.0,418,2.50529,2.5127,0.99705
2025-11-20#t1208w2,2025-11-20,Mr. Robichaud,Affordability and housing,331,0.0,390,2.54699,2.60831,0.97649
2025-11-20#t1208w3,2025-11-20,Mr. Robichaud,Affordability and housing,249,0.0,300,2.77584,2.77914,0.99881
2025-11-20#t1208w4,2025-11-20,Mr. Robichaud,Affordability and housing,329,0.0,406,3.07591,2.88323,1.06683
2025-11-20#t1208w5,2025-11-20,Mr. Robichaud,Affordability and housing,303,0.0,380,2.97236,2.89486,1.02677
2025-11-20#t1208w6,2025-11-20,Mr. Robichaud,Affordability and housing,147,0.0,182,2.89587,2.89654,0.99977
2025-11-20#t1209w0,2025-11-20,Mr. Oliver,Affordability and housing,214,1.0,276,2.62119,2.53326,1.03471
2025-11-20#t1210w0,2025-11-20,Mr. Weir,Affordability and housing,50,1.0,65,3.06262,3.0216,1.01357
2025-11-20#t1212w0,2025-11-20,Mr. M. LeBlanc,Affordability and housing,69,1.0,81,2.59615,3.04364,0.85297
2025-11-20#t1213w0,2025-11-20,Mr. Weir,Affordability and housing,359,1.0,453,2.58363,2.73835,0.9435
2025-11-20#t1213w1,2025-11-20,Mr. Weir,Affordability and housing,131,1.0,159,3.06846,2.92023,1.05076
2025-11-20#t1214w0,2025-11-20,Mr. Weir,Affordability and housing,333,1.0,431,2.55201,2.56675,0.99426
2025-11-20#t1214w1,2025-11-20,Mr. Weir,Affordability and housing,120,1.0,156,2.64417,2.75498,0.95978
2025-11-20#t1215w0,2025-11-20,Mr. Weir,Affordability and housing,272,1.0,364,2.54759,2.66901,0.95451
2025-11-20#t1215w1,2025-11-20,Mr. Weir,Affordability and housing,130,1.0,166,2.76957,2.6565,1.04256
2025-11-20#t1216w0,2025-11-20,Mr. Deputy Speaker,Affordability and housing,351,0.889,471,2.30354,2.31325,0.9958
2025-11-20#t1216w1,2025-11-20,Mr. Deputy Speaker,Affordability and housing,147,1.0,182,2.65525,2.50245,1.06106
2025-11-21#t1218w0,2025-11-21,Mr. Russell,Affordability and housing,152,1.0,213,2.6051,2.56081,1.01729
2025-11-21#t1219w0,2025-11-21,Hon. Mr. McKee,Affordability and housing,123,0.967,144,2.27379,2.38559,0.95314
2025-11-21#t1220w0,2025-11-21,Hon. Ms. Holt,Affordability and housing,239,1.0,309,2.07404,2.26264,0.91665
2025-11-21#t1221w0,2025-11-21,Mr. Russell,Affordability and housing,133,1.0,179,2.3463,2.41653,0.97094
2025-11-21#t1222w0,2025-11-21,Hon. C. Chiasson,Affordability and housing,174,0.0,213,2.31799,2.48045,0.9345
2025-11-21#t1223w0,2025-11-21,Mr. Oliver,Affordability and housing,183,1.0,231,2.82497,2.84167,0.99412
2025-11-21#t1225w0,2025-11-21,Hon. Mr. Finnigan,Affordability and housing,292,0.986,364,2.4061,2.50315,0.96123
2025-11-21#t1226w0,2025-11-21,Ms. Wilcott,Affordability and housing,132,1.0,166,2.96865,3.09847,0.9581
2025-11-21#t1227w0,2025-11-21,Ms. Bockus,Affordability and housing,170,1.0,203,2.32826,2.55461,0.9114
2025-11-21#t1228w0,2025-11-21,Ms. Mitton,Affordability and housing,151,1.0,191,2.12665,2.30044,0.92445
2025-11-21#t1229w0,2025-11-21,Mr. Lee,Affordability and housing,123,1.0,188,2.92052,2.7575,1.05912
2025-11-21#t1230w0,2025-11-21,Mr. Coon,Affordability and housing,172,1.0,237,2.35023,2.39193,0.98257
2025-11-21#t1231w0,2025-11-21,Ms. Bockus,Affordability and housing,157,1.0,176,2.65604,2.60978,1.01772
2025-11-21#t1232w0,2025-11-21,Mr. Coon,Affordability and housing,156,1.0,193,2.74051,2.52486,1.08541
2025-11-21#t1233w0,2025-11-21,Mr. Bourque,Affordability and housing,129,0.0,156,2.81654,2.55195,1.10368
2025-11-21#t1234w0,2025-11-21,Mr. Monahan,Affordability and housing,141,1.0,183,2.60614,2.70039,0.9651
2025-11-21#t1235w0,2025-11-21,Ms. Wilcott,Affordability and housing,102,0.725,118,2.49,2.77805,0.89631
2025-11-21#t1236w0,2025-11-21,Ms. M. Johnson,Affordability and housing,140,1.0,178,2.78799,2.90972,0.95816
2025-11-21#t1237w0,2025-11-21,Mr. Doucet,Affordability and housing,182,0.341,222,2.34914,2.45999,0.95494
2025-11-21#t1238w0,2025-11-21,Ms. M. Wilson,Affordability and housing,159,1.0,199,2.64353,2.67463,0.98837
2025-11-21#t1239w0,2025-11-21,Mr. J. LeBlanc,Affordability and housing,124,0.46,162,2.65607,2.71641,0.97779
2025-11-21#t1240w0,2025-11-21,Mr. Ames,Affordability and housing,156,1.0,186,2.60835,2.79713,0.93251
2025-11-21#t1241w0,2025-11-21,Mr. Savoie,Affordability and housing,149,0.919,180,2.78638,2.47971,1.12367
2025-11-21#t1242w0,2025-11-21,Hon. C. Chiasson,Affordability and housing,79,1.0,92,2.25274,2.33342,0.96543
2025-11-21#t1244w0,2025-11-21,Hon. C. Chiasson,Affordability and housing,87,1.0,104,2.38161,2.16012,1.10254
2025-11-21#t1245w0,2025-11-21,Mr. Savoie,Affordability and housing,66,1.0,92,2.45464,2.40413,1.02101
2025-11-21#t1246w0,2025-11-21,Hon. C. Chiasson,Affordability and housing,120,1.0,143,2.24238,2.42958,0.92295
2025-11-21#t1247w0,2025-11-21,Mr. Savoie,Affordability and housing,194,1.0,236,2.69774,2.66459,1.01244
2025-11-21#t1248w0,2025-11-21,Hon. C. Johnson,Affordability and housing,127,1.0,158,2.35841,2.45994,0.95873
2025-11-21#t1249w0,2025-11-21,Mr. Savoie,Affordability and housing,98,1.0,125,2.45325,2.45973,0.99737
2025-11-21#t1250w0,2025-11-21,Hon. Mr. Herron,Affordability and housing,130,1.0,154,2.65062,2.39951,1.10465
2025-11-21#t1251w0,2025-11-21,Mr. Savoie,Affordability and housing,110,1.0,133,2.51482,2.30465,1.09119
2025-11-21#t1252w0,2025-11-21,Hon. Ms. Holt,Affordability and housing,101,1.0,131,2.44861,2.35084,1.04159
2025-11-21#t1253w0,2025-11-21,Mr. Savoie,Affordability and housing,91,1.0,112,3.30959,2.81208,1.17692
2025-11-21#t1254w0,2025-11-21,Hon. Ms. Holt,Affordability and housing,129,1.0,161,2.64771,2.77123,0.95543
2025-11-21#t1255w0,2025-11-21,Mr. Savoie,Affordability and housing,80,1.0,102,3.14009,2.80525,1.11936
2025-11-21#t1256w0,2025-11-21,Hon. Mr. Herron,Affordability and housing,142,1.0,168,3.15288,2.70832,1.16415
2025-11-21#t1257w0,2025-11-21,Mr. Lee,Affordability and housing,152,1.0,192,3.00265,2.60447,1.15289
2025-11-21#t1258w0,2025-11-21,Hon. C. Johnson,Affordability and housing,158,1.0,199,2.54045,2.40265,1.05735
2025-11-21#t1259w0,2025-11-21,Mr. Lee,Affordability and housing,185,1.0,252,2.76493,2.66942,1.03578
2025-11-21#t1260w0,2025-11-21,Hon. C. Johnson,Affordability and housing,134,0.0,154,2.75886,2.78239,0.99154
2025-11-21#t1261w0,2025-11-21,Mr. Lee,Affordability and housing,191,1.0,223,2.90653,2.63858,1.10155
2025-11-21#t1262w0,2025-11-21,Hon. C. Johnson,Affordability and housing,61,1.0,75,2.44606,2.48662,0.98369
2025-11-21#t1263w0,2025-11-21,Mr. Monahan,Affordability and housing,152,1.0,194,2.44855,2.42756,1.00865
2025-11-21#t1264w0,2025-11-21,Hon. Mr. Legacy,Affordability and housing,164,1.0,222,2.2079,2.40952,0.91632
2025-11-21#t1265w0,2025-11-21,Mr. Monahan,Affordability and housing,188,1.0,227,3.03739,2.71658,1.1181
2025-11-21#t1266w0,2025-11-21,Hon. Mr. Legacy,Affordability and housing,163,1.0,222,2.89219,2.70053,1.07097
2025-11-21#t1267w0,2025-11-21,Mr. Monahan,Affordability and housing,145,0.0,174,2.79971,2.8007,0.99965
2025-11-21#t1268w0,2025-11-21,Hon. Mr. Legacy,Affordability and housing,163,0.0,204,2.4369,2.48503,0.98063
2025-11-21#t1269w0,2025-11-21,Mr. Austin,Affordability and housing,142,1.0,195,2.51472,2.47059,1.01786
2025-11-21#t1270w0,2025-11-21,Hon. Mr. Legacy,Affordability and housing,163,1.0,199,3.06768,2.82712,1.08509
2025-11-21#t1271w0,2025-11-21,Mr. Austin,Affordability and housing,188,1.0,246,2.5245,2.59694,0.97211
2025-11-21#t1272w0,2025-11-21,Hon. Mr. Legacy,Affordability and housing,113,1.0,143,2.62612,2.65952,0.98744
2025-11-21#t1273w0,2025-11-21,Mr. Austin,Affordability and housing,180,1.0,231,2.78695,2.65864,1.04826
2025-11-21#t1274w0,2025-11-21,Hon. Mr. Legacy,Affordability and housing,116,1.0,144,2.92573,2.77732,1.05344
2025-11-21#t1275w0,2025-11-21,Mr. Savoie,Affordability and housing,138,1.0,196,2.20918,2.25255,0.98074
2025-11-21#t1276w0,2025-11-21,Hon. Ms. Holt,Affordability and housing,164,1.0,205,2.47565,2.40349,1.03002
2025-11-21#t1277w0,2025-11-21,Ms. M. Wilson,Affordability and housing,84,1.0,102,2.61418,2.65562,0.9844
2025-11-21#t1280w0,2025-11-21,Hon. Mr. Hickey,Affordability and housing,214,0.935,265,2.26103,2.15111,1.0511
2025-11-21#t1281w0,2025-11-21,Ms. Conroy,Affordability and housing,291,1.0,392,2.40112,2.39995,1.00049
2025-11-21#t1281w1,2025-11-21,Ms. Conroy,Affordability and housing,87,1.0,103,2.4914,2.77893,0.89653
2025-11-21#t1282w0,2025-11-21,Mr. Coon,Affordability and housing,290,1.0,369,2.47214,2.50194,0.98809
2025-11-21#t1283w0,2025-11-21,Hon. Ms. Boudreau,Affordability and housing,169,0.373,215,2.71291,2.44678,1.10877
2025-11-21#t1284w0,2025-11-21,Ms. M. Johnson,Affordability and housing,170,1.0,207,2.62978,2.55423,1.02958
2025-11-21#t1285w0,2025-11-21,Ms. Mitton,Affordability and housing,174,0.805,210,2.39476,2.41448,0.99183
2025-11-21#t1286w0,2025-11-21,Hon. Ms. Miles,Affordability and housing,176,0.989,207,2.3822,2.3222,1.02584
2025-11-21#t1287w0,2025-11-21,Ms. M. Johnson,Affordability and housing,183,1.0,216,2.63975,2.62799,1.00447
2025-11-21#t1288w0,2025-11-21,Ms. Mitton,Affordability and housing,146,0.973,167,2.38163,2.3779,1.00157
2025-11-21#t1289w0,2025-11-21,Hon. Ms. Boudreau,Affordability and housing,175,0.269,223,2.09114,2.06307,1.0136
2025-11-21#t1290w0,2025-11-21,Ms. Scott-Wallace,Affordability and housing,190,1.0,230,2.18873,2.30519,0.94948
2025-11-21#t1291w0,2025-11-21,Mr. Coon,Affordability and housing,356,0.862,449,2.14908,2.22622,0.96535
2025-11-21#t1292w0,2025-11-21,Hon. Mr. McKee,Affordability and housing,104,1.0,148,2.00119,2.15673,0.92788
2025-12-02#t1295w0,2025-12-02,Hon. Ms. Miles,Affordability and housing,153,1.0,217,2.45781,2.35446,1.0439
2025-12-02#t1296w0,2025-12-02,Hon. Ms. Holt,Affordability and housing,269,1.0,344,2.24593,2.3785,0.94426
2025-12-02#t1299w0,2025-12-02,Mr. Monahan,Affordability and housing,269,1.0,320,2.4096,2.34016,1.02967
2025-12-02#t1300w0,2025-12-02,Hon. Mr. Randall,Affordability and housing,214,1.0,259,2.46299,2.62678,0.93765
2025-12-02#t1301w0,2025-12-02,Mr. Cullins,Affordability and housing,178,1.0,234,2.14891,2.23304,0.96232
2025-12-02#t1302w0,2025-12-02,Mr. Russell,Affordability and housing,161,1.0,218,2.14274,2.29386,0.93412
2025-12-02#t1303w0,2025-12-02,Hon. Ms. Miles,Affordability and housing,202,1.0,253,2.93938,2.69609,1.09024
2025-12-02#t1304w0,2025-12-02,Mr. Hogan,Affordability and housing,151,1.0,192,2.50019,2.51426,0.9944
2025-12-02#t1305w0,2025-12-02,Mr. Coon,Affordability and housing,130,1.0,179,2.61352,2.66907,0.97919
2025-12-02#t1306w0,2025-12-02,Ms. Vautour,Affordability and housing,140,0.0,205,2.99752,3.02786,0.98998
2025-12-02#t1307w0,2025-12-02,Mr. Weir,Affordability and housing,156,1.0,189,2.86773,3.04686,0.94121
2025-12-02#t1308w0,2025-12-02,Ms. Mitton,Affordability and housing,161,1.0,201,2.67771,2.53151,1.05775
2025-12-02#t1309w0,2025-12-02,Mr. J. LeBlanc,Affordability and housing,143,0.0,176,2.46487,2.54298,0.96928
2025-12-02#t1310w0,2025-12-02,Ms. Bockus,Affordability and housing,146,1.0,181,2.60175,2.57529,1.01028
2025-12-02#t1311w0,2025-12-02,Mr. Robichaud,Affordability and housing,132,0.0,170,2.58232,2.41466,1.06943
2025-12-02#t1312w0,2025-12-02,Mr. Hogan,Affordability and housing,163,1.0,204,2.58712,2.634,0.9822
2025-12-02#t1313w0,2025-12-02,Ms. Vautour,Affordability and housing,136,0.0,172,2.57576,2.44007,1.05561
2025-12-02#t1314w0,2025-12-02,Mr. Lee,Affordability and housing,163,1.0,222,2.41086,2.31812,1.04001
2025-12-02#t1315w0,2025-12-02,Mr. Johnston,Affordability and housing,171,0.947,210,2.65964,2.40014,1.10811
2025-12-02#t1316w0,2025-12-02,Mr. Austin,Affordability and housing,327,1.0,406,2.37054,2.3758,0.99779
2025-12-02#t1317w0,2025-12-02,Hon. Ms. Holt,Affordability and housing,151,1.0,183,2.35273,2.38029,0.98842
2025-12-02#t1318w0,2025-12-02,Mr. Savoie,Affordability and housing,124,1.0,168,3.04425,2.90423,1.04821
2025-12-02#t1319w0,2025-12-02,Hon. Ms. Holt,Affordability and housing,194,1.0,232,2.53172,2.51287,1.0075
2025-12-02#t1320w0,2025-12-02,Mr. Savoie,Affordability and housing,161,1.0,236,1.97975,2.08024,0.95169
2025-12-02#t1321w0,2025-12-02,Hon. Ms. Holt,Affordability and housing,213,1.0,256,2.72664,2.70888,1.00655
2025-12-02#t1322w0,2025-12-02,Mr. Savoie,Affordability and housing,142,0.958,185,2.55616,2.32804,1.09799
2025-12-02#t1323w0,2025-12-02,Hon. Ms. Holt,Affordability and housing,136,0.0,169,2.48444,2.50704,0.99098
2025-12-02#t1324w0,2025-12-02,Mr. Savoie,Affordability and housing,146,1.0,174,3.07843,2.85265,1.07915
2025-12-02#t1325w0,2025-12-02,Hon. C. Chiasson,Affordability and housing,153,1.0,177,2.63122,2.74899,0.95716
2025-12-02#t1326w0,2025-12-02,Mr. Savoie,Affordability and housing,91,1.0,112,2.70994,2.56404,1.0569
2025-12-02#t1327w0,2025-12-02,Hon. C. Chiasson,Affordability and housing,121,1.0,155,2.24765,2.40253,0.93554
2025-12-02#t1328w0,2025-12-02,Mr. Savoie,Affordability and housing,124,1.0,146,2.7437,2.64201,1.03849
2025-12-02#t1329w0,2025-12-02,Hon. C. Chiasson,Affordability and housing,154,1.0,189,2.61645,2.71397,0.96407
2025-12-02#t1330w0,2025-12-02,Mr. Lee,Affordability and housing,116,1.0,147,2.92949,2.74974,1.06537
2025-12-02#t1331w0,2025-12-02,Hon. C. Chiasson,Affordability and housing,145,1.0,190,2.33884,2.5748,0.90836
2025-12-02#t1332w0,2025-12-02,Mr. Lee,Affordability and housing,187,1.0,250,2.96685,2.78729,1.06442
2025-12-02#t1333w0,2025-12-02,Hon. C. Chiasson,Affordability and housing,161,1.0,207,2.42617,2.70926,0.89551
2025-12-02#t1334w0,2025-12-02,Mr. Oliver,Affordability and housing,129,1.0,166,2.6661,2.34899,1.135
2025-12-02#t1335w0,2025-12-02,Hon. C. Chiasson,Affordability and housing,142,1.0,170,2.62141,2.83817,0.92363
2025-12-02#t1336w0,2025-12-02,Mr. Oliver,Affordability and housing,145,1.0,173,2.48519,2.40512,1.03329
2025-12-02#t1337w0,2025-12-02,Hon. Mr. McKee,Affordability and housing,179,1.0,211,2.44227,2.56067,0.95376
2025-12-02#t1338w0,2025-12-02,Mr. Oliver,Affordability and housing,123,1.0,151,2.7809,2.56172,1.08556
2025-12-02#t1339w0,2025-12-02,Hon. C. Chiasson,Affordability and housing,145,1.0,180,2.46092,2.7341,0.90009
2025-12-02#t1340w0,2025-12-02,Mr. Coon,Affordability and housing,151,1.0,189,2.72932,2.7261,1.00118
2025-12-02#t1342w0,2025-12-02,Mr. Coon,Affordability and housing,147,1.0,183,2.97863,2.80703,1.06113
2025-12-02#t1343w0,2025-12-02,Hon. Mr. Herron,Affordability and housing,56,1.0,71,2.93124,2.71116,1.08118
2025-12-02#t1344w0,2025-12-02,Mr. Austin,Affordability and housing,149,1.0,186,2.80808,2.62188,1.07102
2025-12-02#t1345w0,2025-12-02,Hon. Ms. Holt,Affordability and housing,156,1.0,194,2.38479,2.60247,0.91636
2025-12-02#t1346w0,2025-12-02,Mr. Austin,Affordability and housing,190,1.0,249,2.55942,2.57886,0.99246
2025-12-02#t1347w0,2025-12-02,Hon. Ms. Holt,Affordability and housing,225,1.0,276,2.50803,2.52169,0.99458
2025-12-02#t1348w0,2025-12-02,Mr. Austin,Affordability and housing,178,1.0,230,2.63486,2.45214,1.07452
2025-12-02#t1349w0,2025-12-02,Hon. Ms. Holt,Affordability and housing,166,1.0,214,2.05968,2.17376,0.94752
2025-12-02#t1350w0,2025-12-02,Mr. M. LeBlanc,Affordability and housing,52,1.0,62,2.64948,2.96735,0.89288
2025-12-02#t1355w0,2025-12-02,Hon. Mr. McKee,Affordability and housing,233,0.592,261,2.42704,2.51204,0.96616
2025-12-02#t1356w0,2025-12-02,Mr. Weir,Affordability and housing,265,1.0,315,2.71357,2.60175,1.04298
2025-12-02#t1357w0,2025-12-02,Mr. Coon,Affordability and housing,251,0.984,304,2.51838,2.30367,1.0932
2025-12-02#t1358w0,2025-12-02,Hon. Mr. Dornan,Affordability and housing,179,0.832,209,2.30467,2.36473,0.9746
2025-12-02#t1359w0,2025-12-02,Mr. Hogan,Affordability and housing,197,1.0,246,2.71137,2.65993,1.01934
2025-12-02#t1360w0,2025-12-02,Ms. Mitton,Affordability and housing,172,1.0,215,2.78815,2.57574,1.08247
2025-12-02#t1361w0,2025-12-02,Hon. Mr. McKee,Affordability and housing,220,0.586,264,2.16679,2.29312,0.94491
2025-12-02#t1362w0,2025-12-02,Mr. Weir,Affordability and housing,117,1.0,153,2.36588,2.3423,1.01006
2025-12-02#t1363w0,2025-12-02,Mr. Weir,Affordability and housing,114,1.0,138,3.56795,3.29873,1.08161
2025-12-02#t1364w0,2025-12-02,Mr. Coon,Affordability and housing,228,0.982,284,2.5051,2.61667,0.95736
2025-12-02#t1365w0,2025-12-02,Hon. Ms. Thériault,Affordability and housing,143,0.343,183,2.06494,2.37048,0.8711
2025-12-02#t1366w0,2025-12-02,Ms. M. Wilson,Affordability and housing,156,1.0,185,2.77731,2.62593,1.05765
2025-12-02#t1367w0,2025-12-02,Ms. Mitton,Affordability and housing,355,0.304,482,2.41175,2.32926,1.03541
2025-12-02#t1367w1,2025-12-02,Ms. Mitton,Affordability and housing,204,0.696,269,2.35496,2.42836,0.96977
2025-12-02#t1368w0,2025-12-02,Hon. Mr. Legacy,Affordability and housing,107,0.374,151,2.58559,2.40813,1.07369
2025-12-02#t1369w0,2025-12-02,Hon. Mr. Legacy,Affordability and housing,331,0.574,426,2.35732,2.33681,1.00877
2025-12-02#t1369w1,2025-12-02,Hon. Mr. Legacy,Affordability and housing,332,0.587,432,2.32013,2.377,0.97608
2025-12-02#t1369w2,2025-12-02,Hon. Mr. Legacy,Affordability and housing,355,0.513,431,2.52752,2.43567,1.03771
2025-12-02#t1369w3,2025-12-02,Hon. Mr. Legacy,Affordability and housing,355,0.462,466,2.44143,2.38672,1.02292
2025-12-02#t1370w0,2025-12-02,Hon. Mr. Legacy,Affordability and housing,281,0.591,353,2.59797,2.6032,0.99799
2025-12-02#t1370w1,2025-12-02,Hon. Mr. Legacy,Affordability and housing,343,0.805,428,2.49055,2.43496,1.02283
2025-12-02#t1370w2,2025-12-02,Hon. Mr. Legacy,Affordability and housing,160,0.494,203,2.42461,2.44899,0.99005
2025-12-02#t1371w0,2025-12-02,Mr. Monahan,Affordability and housing,320,1.0,398,2.63732,2.7454,0.96063
2025-12-02#t1371w1,2025-12-02,Mr. Monahan,Affordability and housing,174,1.0,210,2.57297,2.68533,0.95816
2025-12-02#t1372w0,2025-12-02,Ms. Mitton,Affordability and housing,301,1.0,345,2.41023,2.49248,0.967
2025-12-02#t1372w1,2025-12-02,Ms. Mitton,Affordability and housing,358,1.0,411,2.50487,2.47243,1.01312
2025-12-02#t1372w2,2025-12-02,Ms. Mitton,Affordability and housing,267,1.0,325,2.76592,2.73601,1.01093
2025-12-02#t1372w3,2025-12-02,Ms. Mitton,Affordability and housing,279,1.0,354,2.51248,2.58407,0.9723
2025-12-02#t1372w4,2025-12-02,Ms. Mitton,Affordability and housing,260,0.904,323,2.45997,2.69081,0.91421
2025-12-02#t1374w0,2025-12-02,Madam Speaker,Affordability and housing,59,1.0,76,2.04936,1.85815,1.1029
2025-12-02#t1375w0,2025-12-02,Mr. M. LeBlanc,Affordability and housing,351,0.63,470,1.82438,1.93838,0.94119
2025-12-02#t1375w1,2025-12-02,Mr. M. LeBlanc,Affordability and housing,97,0.454,130,2.08148,2.39645,0.86857
2025-12-02#t1376w0,2025-12-02,Mr. M. LeBlanc,Affordability and housing,356,0.621,428,2.13107,2.23747,0.95245
2025-12-02#t1377w0,2025-12-02,Mr. Austin,Affordability and housing,336,1.0,404,2.38769,2.33273,1.02356
2025-12-02#t1377w1,2025-12-02,Mr. Austin,Affordability and housing,57,1.0,71,2.62777,2.72173,0.96548
2025-12-02#t1378w0,2025-12-02,Ms. Mitton,Affordability and housing,328,0.86,397,2.48903,2.54126,0.97945
2025-12-02#t1379w0,2025-12-02,Mr. Weir,Affordability and housing,350,0.989,418,2.50761,2.64629,0.94759
2025-12-03#t1381w0,2025-12-03,Hon. C. Johnson,Affordability and housing,51,0.0,71,2.5987,2.42231,1.07282
2025-12-03#t1383w0,2025-12-03,Hon. Mr. McKee,Affordability and housing,162,0.549,218,2.17294,2.28937,0.94915
2025-12-03#t1384w0,2025-12-03,Mr. Hogan,Affordability and housing,159,1.0,202,2.24089,2.20682,1.01544
2025-12-03#t1385w0,2025-12-03,Ms. Scott-Wallace,Affordability and housing,143,1.0,185,2.14124,2.22024,0.96442
2025-12-03#t1386w0,2025-12-03,Hon. Mr. Gauvin,Affordability and housing,98,0.0,138,2.25121,2.48567,0.90568
2025-12-03#t1387w0,2025-12-03,Ms. Scott-Wallace,Affordability and housing,119,1.0,163,2.94142,3.09919,0.94909
2025-12-03#t1388w0,2025-12-03,Mr. Coon,Affordability and housing,156,1.0,207,1.89976,2.03013,0.93578
2025-12-03#t1389w0,2025-12-03,Ms. Vautour,Affordability and housing,131,0.0,157,2.42697,2.48351,0.97723
2025-12-03#t1390w0,2025-12-03,Mr. Russell,Affordability and housing,97,1.0,117,2.31264,2.46917,0.9366
2025-12-03#t1391w0,2025-12-03,Mr. Doucet,Affordability and housing,148,0.122,191,2.60104,2.46034,1.05719
2025-12-03#t1392w0,2025-12-03,Mr. Lee,Affordability and housing,171,1.0,209,3.16429,2.87654,1.10003
2025-12-03#t1393w0,2025-12-03,Mr. Coon,Affordability and housing,158,0.975,196,2.92728,2.75988,1.06065
2025-12-03#t1394w0,2025-12-03,Mr. Mallet,Affordability and housing,109,0.0,136,2.38973,2.57757,0.92713
2025-12-03#t1395w0,2025-12-03,Mr. Oliver,Affordability and housing,152,0.974,197,2.54796,2.64546,0.96314
2025-12-03#t1396w0,2025-12-03,Ms. Sodhi,Affordability and housing,130,1.0,160,2.08904,2.22594,0.9385
2025-12-03#t1397w0,2025-12-03,Ms. Scott-Wallace,Affordability and housing,165,1.0,206,3.06623,2.78246,1.10198
2025-12-03#t1398w0,2025-12-03,Mr. M. LeBlanc,Affordability and housing,152,0.0,195,2.3808,2.50419,0.95073
2025-12-03#t1399w0,2025-12-03,Mr. Cullins,Affordability and housing,163,1.0,187,2.56121,2.68913,0.95243
2025-12-03#t1400w0,2025-12-03,Mr. Bourque,Affordability and housing,110,0.0,145,2.58669,2.63313,0.98236
2025-12-03#t1401w0,2025-12-03,Ms. S. Wilson,Affordability and housing,133,1.0,174,2.66882,2.65124,1.00663
2025-12-03#t1402w0,2025-12-03,Mr. Savoie,Affordability and housing,175,0.943,211,2.59636,2.54544,1.02
2025-12-03#t1403w0,2025-12-03,Hon. Mr. Herron,Affordability and housing,133,1.0,157,2.72045,2.61067,1.04205
2025-12-03#t1404w0,2025-12-03,Mr. Savoie,Affordability and housing,132,1.0,173,2.48955,2.48877,1.00031
2025-12-03#t1405w0,2025-12-03,Hon. Mr. Herron,Affordability and housing,145,1.0,172,2.8923,2.8243,1.02408
2025-12-03#t1406w0,2025-12-03,Mr. Savoie,Affordability and housing,66,1.0,81,2.68293,2.61053,1.02774
2025-12-03#t1407w0,2025-12-03,Hon. Mr. Herron,Affordability and housing,139,1.0,166,2.80221,2.83168,0.98959
2025-12-03#t1408w0,2025-12-03,Mr. Savoie,Affordability and housing,90,1.0,118,2.3341,2.38328,0.97937
2025-12-03#t1409w0,2025-12-03,Hon. Mr. Herron,Affordability and housing,153,1.0,176,3.18503,3.04279,1.04675
2025-12-03#t1410w0,2025-12-03,Mr. Savoie,Affordability and housing,154,1.0,182,2.90793,2.68972,1.08113
2025-12-03#t1411w0,2025-12-03,Hon. Mr. Herron,Affordability and housing,149,1.0,184,3.02672,2.67549,1.13128
2025-12-03#t1412w0,2025-12-03,Mr. Savoie,Affordability and housing,171,1.0,205,2.86621,2.78473,1.02926
2025-12-03#t1413w0,2025-12-03,Hon. Mr. Herron,Affordability and housing,150,1.0,174,3.00193,2.86958,1.04612
2025-12-03#t1414w0,2025-12-03,Mr. Monahan,Affordability and housing,167,1.0,205,2.49822,2.39971,1.04105
2025-12-03#t1415w0,2025-12-03,Hon. Mr. Legacy,Affordability and housing,178,1.0,219,2.57147,2.51111,1.02404
2025-12-03#t1416w0,2025-12-03,M. Monahan,Affordability and housing,146,0.0,172,2.80547,2.67381,1.04924
2025-12-03#t1417w0,2025-12-03,L’hon. M. Legacy,Affordability and housing,187,0.0,233,2.734,2.76056,0.99038
2025-12-03#t1418w0,2025-12-03,Mr. Monahan,Affordability and housing,165,1.0,199,3.07607,2.88742,1.06533
2025-12-03#t1419w0,2025-12-03,Hon. Mr. Legacy,Affordability and housing,173,1.0,222,2.55619,2.48378,1.02915
2025-12-03#t1420w0,2025-12-03,Mr. Austin,Affordability and housing,170,1.0,200,2.70608,2.52723,1.07077
2025-12-03#t1421w0,2025-12-03,Hon. Mr. Legacy,Affordability and housing,185,1.0,225,2.5252,2.55374,0.98882
2025-12-03#t1422w0,2025-12-03,Mr. Austin,Affordability and housing,128,1.0,147,2.8202,2.72477,1.03502
2025-12-03#t1423w0,2025-12-03,Hon. Mr. Legacy,Affordability and housing,125,1.0,156,3.00253,2.85042,1.05337
2025-12-03#t1424w0,2025-12-03,Mr. Austin,Affordability and housing,143,1.0,176,2.47087,2.48667,0.99365
2025-12-03#t1425w0,2025-12-03,Hon. Mr. Legacy,Affordability and housing,150,1.0,196,2.94721,2.86675,1.02807
2025-12-03#t1426w0,2025-12-03,Ms. Mitton,Affordability and housing,141,1.0,174,2.87658,2.51634,1.14316
2025-12-03#t1427w0,2025-12-03,Hon. C. Chiasson,Affordability and housing,149,1.0,182,2.74102,2.78866,0.98292
2025-12-03#t1428w0,2025-12-03,Ms. Mitton,Affordability and housing,166,1.0,207,3.07886,2.91381,1.05664
2025-12-03#t1429w0,2025-12-03,Hon. C. Chiasson,Affordability and housing,124,1.0,155,2.88863,2.94499,0.98086
2025-12-03#t1430w0,2025-12-03,Ms. Mitton,Affordability and housing,147,1.0,174,2.70759,2.78238,0.97312
2025-12-03#t1431w0,2025-12-03,Hon. C. Chiasson,Affordability and housing,166,1.0,219,2.44297,2.57094,0.95023
2025-12-03#t1432w0,2025-12-03,Mr. Savoie,Affordability and housing,169,1.0,216,2.35617,2.4583,0.95845
2025-12-03#t1433w0,2025-12-03,Hon. Mr. Herron,Affordability and housing,120,1.0,141,2.72937,2.56495,1.0641
2025-12-03#t1435w0,2025-12-03,Hon. Mr. Gauvin,Affordability and housing,121,0.0,162,2.74604,2.60918,1.05245
2025-12-03#t1436w0,2025-12-03,Ms. Wilcott,Affordability and housing,72,0.0,93,2.71879,2.69998,1.00697
2025-12-03#t1437w0,2025-12-03,Hon. Mr. D’Amours,Affordability and housing,245,0.322,303,2.1393,2.18617,0.97856
2025-12-03#t1438w0,2025-12-03,Mr. Cullins,Affordability and housing,101,1.0,121,2.08896,2.19072,0.95355
2025-12-03#t1439w0,2025-12-03,Mr. Coon,Affordability and housing,238,0.895,282,2.01279,2.24469,0.89669
2025-12-03#t1440w0,2025-12-03,Hon. Mr. Randall,Affordability and housing,197,0.929,252,3.08607,2.85024,1.08274
2025-12-03#t1441w0,2025-12-03,Mr. Russell,Affordability and housing,215,1.0,248,2.19775,2.58323,0.85078
2025-12-03#t1442w0,2025-12-03,Ms. Mitton,Affordability and housing,199,1.0,258,2.3841,2.49827,0.9543
2025-12-03#t1443w0,2025-12-03,Hon. Ms. Miles,Affordability and housing,204,0.887,241,2.08712,2.09765,0.99498
2025-12-03#t1444w0,2025-12-03,Mr. Savoie,Affordability and housing,271,1.0,328,2.42007,2.49233,0.97101
2025-12-03#t1445w0,2025-12-03,Ms. Mitton,Affordability and housing,117,0.0,139,2.5558,2.62841,0.97237
2025-12-03#t1446w0,2025-12-03,Mr. Weir,Affordability and housing,332,1.0,392,2.39454,2.50438,0.95614
2025-12-03#t1447w0,2025-12-03,Mr. Oliver,Affordability and housing,81,1.0,109,2.45457,2.38571,1.02886
2025-12-03#t1448w0,2025-12-03,Mr. M. LeBlanc,Affordability and housing,356,0.817,460,2.34573,2.44164,0.96072
2025-12-03#t1448w1,2025-12-03,Mr. M. LeBlanc,Affordability and housing,323,0.941,408,2.54133,2.47597,1.0264
2025-12-03#t1448w2,2025-12-03,Mr. M. LeBlanc,Affordability and housing,135,1.0,154,2.63356,2.73024,0.96459
2025-12-03#t1449w0,2025-12-03,Mr. Ames,Affordability and housing,171,1.0,214,2.60931,2.6523,0.98379
2025-12-03#t1450w0,2025-12-03,Madam Speaker,Affordability and housing,310,0.797,379,2.31333,2.25603,1.0254
2025-12-03#t1450w1,2025-12-03,Madam Speaker,Affordability and housing,336,1.0,409,2.33195,2.42288,0.96247
2025-12-03#t1450w2,2025-12-03,Madam Speaker,Affordability and housing,286,1.0,347,2.62095,2.69501,0.97252
2025-12-03#t1450w3,2025-12-03,Madam Speaker,Affordability and housing,295,1.0,363,2.48467,2.58336,0.9618
2025-12-03#t1450w4,2025-12-03,Madam Speaker,Affordability and housing,306,1.0,411,2.19833,2.2323,0.98478
2025-12-03#t1450w5,2025-12-03,Madam Speaker,Affordability and housing,303,1.0,385,2.27016,2.30851,0.98338
2025-12-03#t1450w6,2025-12-03,Madam Speaker,Affordability and housing,316,1.0,422,2.36488,2.52865,0.93523
2025-12-03#t1450w7,2025-12-03,Madam Speaker,Affordability and housing,89,1.0,117,2.04886,2.02568,1.01144
2025-12-03#t1454w0,2025-12-03,Mr. Chair,Affordability and housing,339,0.708,431,2.42717,2.4543,0.98894
2025-12-03#t1454w1,2025-12-03,Mr. Chair,Affordability and housing,335,0.701,400,2.13975,2.32158,0.92168
2025-12-03#t1454w2,2025-12-03,Mr. Chair,Affordability and housing,91,0.637,130,2.67183,2.76139,0.96757
2025-12-03#t1455w0,2025-12-03,Hon. C. Johnson,Affordability and housing,354,0.565,466,2.5072,2.5562,0.98083
2025-12-03#t1455w1,2025-12-03,Hon. C. Johnson,Affordability and housing,282,0.915,401,2.84612,2.79397,1.01866
2025-12-03#t1455w2,2025-12-03,Hon. C. Johnson,Affordability and housing,326,0.647,400,2.82404,2.68259,1.05273
2025-12-03#t1456w0,2025-12-03,Mr. Chair,Affordability and housing,94,0.734,125,2.90629,2.79677,1.03916
2025-12-04#t1458w0,2025-12-04,Ms. Mitton,Affordability and housing,125,0.84,157,2.3478,2.39416,0.98063
2025-12-04#t1459w0,2025-12-04,Hon. Mr. Hickey,Affordability and housing,109,1.0,143,2.17724,2.16267,1.00673
2025-12-04#t1460w0,2025-12-04,Mr. Savoie,Affordability and housing,139,1.0,165,2.17352,2.42687,0.89561
2025-12-04#t1461w0,2025-12-04,Mr. Johnston,Affordability and housing,137,0.0,182,2.31742,2.29502,1.00976
2025-12-04#t1462w0,2025-12-04,Hon. Mr. Gauvin,Affordability and housing,110,0.0,143,2.23951,2.37247,0.94396
2025-12-04#t1463w0,2025-12-04,Mr. Weir,Affordability and housing,145,1.0,180,2.66261,2.73481,0.9736
2025-12-04#t1464w0,2025-12-04,Mr. Coon,Affordability and housing,156,0.974,200,2.32482,2.39391,0.97114
2025-12-04#t1465w0,2025-12-04,Hon. Ms. Boudreau,Affordability and housing,185,0.2,252,2.4987,2.54886,0.98032
2025-12-04#t1466w0,2025-12-04,Mr. Monahan,Affordability and housing,159,1.0,202,2.388,2.52972,0.94398
2025-12-04#t1467w0,2025-12-04,Ms. Mitton,Affordability and housing,155,1.0,200,2.42928,2.40334,1.01079
2025-12-04#t1468w0,2025-12-04,Hon. Ms. Thériault,Affordability and housing,107,0.0,139,2.60997,2.46085,1.06059
2025-12-04#t1469w0,2025-12-04,Ms. Bockus,Affordability and housing,175,1.0,218,2.61289,2.65143,0.98546
2025-12-04#t1470w0,2025-12-04,Mr. Savoie,Affordability and housing,123,0.967,154,1.79352,1.98577,0.90319
2025-12-04#t1471w0,2025-12-04,Ms. M. Wilson,Affordability and housing,148,1.0,183,2.7507,2.53982,1.08303
2025-12-04#t1472w0,2025-12-04,Ms. Mitton,Affordability and housing,178,1.0,211,2.5533,2.31157,1.10457
2025-12-04#t1473w0,2025-12-04,Mr. Doucet,Affordability and housing,153,0.0,215,2.4458,2.16423,1.1301
2025-12-04#t1474w0,2025-12-04,Ms. Bockus,Affordability and housing,147,1.0,172,2.4036,2.48955,0.96548
2025-12-04#t1475w0,2025-12-04,Ms. Vautour,Affordability and housing,149,0.0,183,2.64588,2.58028,1.02543
2025-12-04#t1476w0,2025-12-04,Mr. Ames,Affordability and housing,135,1.0,166,2.58946,2.55231,1.01456
2025-12-04#t1477w0,2025-12-04,Mr. Robichaud,Affordability and housing,136,0.0,174,2.09403,2.36382,0.88587
2025-12-04#t1478w0,2025-12-04,Mr. Russell,Affordability and housing,133,1.0,170,2.85295,2.87566,0.9921
2025-12-04#t1479w0,2025-12-04,Ms. Wilcott,Affordability and housing,141,1.0,173,2.52351,2.45362,1.02849
2025-12-04#t1480w0,2025-12-04,Mr. Monahan,Affordability and housing,138,1.0,171,2.64131,2.73564,0.96552
2025-12-04#t1482w0,2025-12-04,Hon. Mr. Hickey,Affordability and housing,155,1.0,195,2.45266,2.46555,0.99477
2025-12-04#t1483w0,2025-12-04,Mr. Savoie,Affordability and housing,126,1.0,165,2.72005,2.50887,1.08418
2025-12-04#t1484w0,2025-12-04,Hon. Mr. Hickey,Affordability and housing,173,1.0,207,2.5342,2.51962,1.00579
2025-12-04#t1485w0,2025-12-04,Mr. Savoie,Affordability and housing,110,1.0,130,2.392,2.4619,0.97161
2025-12-04#t1486w0,2025-12-04,Hon. Mr. Hickey,Affordability and housing,182,1.0,237,2.47332,2.54825,0.97059
2025-12-04#t1487w0,2025-12-04,Mr. Savoie,Affordability and housing,180,1.0,238,2.59569,2.48688,1.04376
2025-12-04#t1488w0,2025-12-04,Hon. Mr. Hickey,Affordability and housing,199,1.0,238,2.79607,2.75121,1.01631
2025-12-04#t1489w0,2025-12-04,Mr. Savoie,Affordability and housing,117,1.0,147,2.8133,2.82535,0.99574
2025-12-04#t1490w0,2025-12-04,Hon. Mr. Hickey,Affordability and housing,159,1.0,188,2.58589,2.48337,1.04128
2025-12-04#t1492w0,2025-12-04,Mr. Savoie,Affordability and housing,83,1.0,96,2.92278,2.78077,1.05107
2025-12-04#t1493w0,2025-12-04,Hon. Mr. McKee,Affordability and housing,178,1.0,222,2.31409,2.39969,0.96433
2025-12-04#t1494w0,2025-12-04,Mr. Savoie,Affordability and housing,154,1.0,186,2.85248,2.82861,1.00844
2025-12-04#t1495w0,2025-12-04,Hon. Mr. Gauvin,Affordability and housing,189,0.0,224,2.50149,2.47982,1.00874
2025-12-04#t1496w0,2025-12-04,Mr. Hogan,Affordability and housing,132,1.0,160,2.21746,2.48909,0.89087
2025-12-04#t1497w0,2025-12-04,Hon. Mr. Dornan,Affordability and housing,144,1.0,170,2.67308,2.69106,0.99332
2025-12-04#t1498w0,2025-12-04,Mr. Hogan,Affordability and housing,172,1.0,210,2.61621,2.51716,1.03935
2025-12-04#t1499w0,2025-12-04,Hon. Mr. Dornan,Affordability and housing,140,1.0,169,2.61589,2.54245,1.02888
2025-12-04#t1500w0,2025-12-04,Mr. Hogan,Affordability and housing,148,1.0,187,2.88572,2.88018,1.00192
2025-12-04#t1501w0,2025-12-04,Hon. Mr. Dornan,Affordability and housing,166,1.0,197,3.17899,2.7386,1.16081
2025-12-04#t1502w0,2025-12-04,Ms. Conroy,Affordability and housing,116,1.0,140,2.31597,2.23263,1.03733
2025-12-04#t1503w0,2025-12-04,Hon. Mr. Dornan,Affordability and housing,159,1.0,197,2.47967,2.50242,0.99091
2025-12-04#t1504w0,2025-12-04,Ms. Conroy,Affordability and housing,133,1.0,170,2.60828,2.54246,1.02589
2025-12-04#t1505w0,2025-12-04,Hon. Mr. Dornan,Affordability and housing,149,1.0,187,2.49935,2.44873,1.02067
2025-12-04#t1506w0,2025-12-04,Ms. Conroy,Affordability and housing,181,1.0,222,2.56992,2.51447,1.02205
2025-12-04#t1507w0,2025-12-04,Hon. Mr. Dornan,Affordability and housing,179,1.0,219,2.79208,2.63121,1.06114
2025-12-04#t1508w0,2025-12-04,Mr. Coon,Affordability and housing,153,1.0,199,2.23567,2.26334,0.98777
2025-12-04#t1509w0,2025-12-04,Hon. Mr. Gauvin,Affordability and housing,169,0.0,204,2.41875,2.45689,0.98448
2025-12-04#t1510w0,2025-12-04,Mr. Coon,Affordability and housing,177,1.0,227,3.01442,2.75552,1.09396
2025-12-04#t1511w0,2025-12-04,Hon. Mr. Gauvin,Affordability and housing,200,0.0,244,2.53426,2.4492,1.03473
2025-12-04#t1512w0,2025-12-04,Mr. Austin,Affordability and housing,165,1.0,210,2.74526,2.54125,1.08028
2025-12-04#t1513w0,2025-12-04,Hon. Mr. Legacy,Affordability and housing,169,1.0,220,2.96472,2.74101,1.08162
2025-12-04#t1515w0,2025-12-04,Hon. Mr. D’Amours,Affordability and housing,331,0.453,394,2.36032,2.44968,0.96352
2025-12-04#t1516w0,2025-12-04,Ms. M. Wilson,Affordability and housing,285,1.0,330,2.39893,2.60615,0.92049
2025-12-04#t1516w1,2025-12-04,Ms. M. Wilson,Affordability and housing,90,1.0,101,2.7259,3.06043,0.89069
2025-12-04#t1517w0,2025-12-04,Mr. Coon,Affordability and housing,287,1.0,336,2.60055,2.60518,0.99822
2025-12-04#t1518w0,2025-12-04,Hon. Ms. Boudreau,Affordability and housing,137,0.234,170,2.3185,2.22787,1.04068
2025-12-04#t1519w0,2025-12-04,Mr. Savoie,Affordability and housing,185,0.762,240,2.58052,2.59925,0.9928
2025-12-04#t1520w0,2025-12-04,Ms. Mitton,Affordability and housing,140,1.0,175,2.84698,2.77209,1.02701
2025-12-04#t1521w0,2025-12-04,Hon. Mr. Dornan,Affordability and housing,199,0.879,243,2.38893,2.35546,1.01421
2025-12-04#t1522w0,2025-12-04,Mr. Hogan,Affordability and housing,278,0.817,347,2.46717,2.51727,0.9801
2025-12-04#t1523w0,2025-12-04,Mr. Coon,Affordability and housing,230,0.983,282,2.47254,2.63406,0.93868
2025-12-04#t1524w0,2025-12-04,Hon. Mr. D’Amours,Affordability and housing,354,0.223,468,2.31023,2.19313,1.0534
2025-12-04#t1524w1,2025-12-04,Hon. Mr. D’Amours,Affordability and housing,50,1.0,60,2.77418,2.33579,1.18769
2025-12-04#t1525w0,2025-12-04,Mr. Oliver,Affordability and housing,324,1.0,405,2.44224,2.29741,1.06304
2025-12-04#t1525w1,2025-12-04,Mr. Oliver,Affordability and housing,357,1.0,453,2.40934,2.47042,0.97527
2025-12-04#t1525w2,2025-12-04,Mr. Oliver,Affordability and housing,339,1.0,423,2.51954,2.54763,0.98897
2025-12-04#t1525w3,2025-12-04,Mr. Oliver,Affordability and housing,301,1.0,368,2.56113,2.65842,0.9634
2025-12-04#t1525w4,2025-12-04,Mr. Oliver,Affordability and housing,249,1.0,317,2.44606,2.52316,0.96944
2025-12-04#t1525w5,2025-12-04,Mr. Oliver,Affordability and housing,171,1.0,219,2.4167,2.57223,0.93954
2025-12-04#t1526w0,2025-12-04,Hon. Mr. McKee,Affordability and housing,294,0.612,366,2.12723,2.26751,0.93813
2025-12-04#t1526w1,2025-12-04,Hon. Mr. McKee,Affordability and housing,343,0.519,407,2.48156,2.39911,1.03437
2025-12-04#t1526w2,2025-12-04,Hon. Mr. McKee,Affordability and housing,302,0.384,378,2.71064,2.60489,1.0406
2025-12-04#t1526w3,2025-12-04,Hon. Mr. McKee,Affordability and housing,354,0.472,439,2.54826,2.49775,1.02022
2025-12-04#t1526w4,2025-12-04,Hon. Mr. McKee,Affordability and housing,305,0.852,374,2.45505,2.55013,0.96271
2025-12-04#t1526w5,2025-12-04,Hon. Mr. McKee,Affordability and housing,326,1.0,403,2.8427,2.65857,1.06926
2025-12-04#t1532w0,2025-12-04,Mr. Hogan,Affordability and housing,333,0.973,416,2.53075,2.48324,1.01913
2025-12-04#t1532w1,2025-12-04,Mr. Hogan,Affordability and housing,307,1.0,372,2.55934,2.52959,1.01176
2025-12-04#t1532w2,2025-12-04,Mr. Hogan,Affordability and housing,254,1.0,302,2.4902,2.73967,0.90894
2025-12-04#t1532w3,2025-12-04,Mr. Hogan,Affordability and housing,345,1.0,437,2.45379,2.46626,0.99494
2025-12-04#t1532w4,2025-12-04,Mr. Hogan,Affordability and housing,250,1.0,298,2.34434,2.39142,0.98031
2025-12-04#t1532w5,2025-12-04,Mr. Hogan,Affordability and housing,189,1.0,238,2.05561,2.26355,0.90814
2025-12-04#t1534w0,2025-12-04,Ms. Vautour,Affordability and housing,331,0.0,417,2.64204,2.67776,0.98666
2025-12-04#t1534w1,2025-12-04,Ms. Vautour,Affordability and housing,345,0.0,421,2.96562,2.87164,1.03272
2025-12-04#t1534w2,2025-12-04,Ms. Vautour,Affordability and housing,332,0.0,398,3.17012,2.91621,1.08707
2025-12-04#t1534w3,2025-12-04,Ms. Vautour,Affordability and housing,252,0.0,319,2.72618,2.73923,0.99523
2025-12-04#t1536w0,2025-12-04,Mr. Austin,Affordability and housing,248,1.0,293,2.43267,2.45131,0.99239
2025-12-04#t1536w1,2025-12-04,Mr. Austin,Affordability and housing,272,1.0,327,2.54618,2.65131,0.96035
2025-12-04#t1536w2,2025-12-04,Mr. Austin,Affordability and housing,262,1.0,318,2.53736,2.55196,0.99428
2025-12-04#t1536w3,2025-12-04,Mr. Austin,Affordability and housing,349,1.0,461,2.47596,2.54031,0.97467
2025-12-04#t1536w4,2025-12-04,Mr. Austin,Affordability and housing,279,1.0,325,2.29113,2.44429,0.93734
2025-12-04#t1536w5,2025-12-04,Mr. Austin,Affordability and housing,358,1.0,470,2.36163,2.38489,0.99025
2025-12-04#t1536w6,2025-12-04,Mr. Austin,Affordability and housing,339,1.0,422,2.26487,2.28385,0.99169
2025-12-04#t1538w0,2025-12-04,Mr. Johnston,Affordability and housing,353,1.0,433,3.02699,2.85835,1.059
2025-12-04#t1538w1,2025-12-04,Mr. Johnston,Affordability and housing,326,1.0,428,2.623,2.74551,0.95538
2025-12-04#t1538w2,2025-12-04,Mr. Johnston,Affordability and housing,325,1.0,413,2.8682,2.80046,1.02419
2025-12-04#t1538w3,2025-12-04,Mr. Johnston,Affordability and housing,351,1.0,424,3.06869,2.85318,1.07553
2025-12-04#t1538w4,2025-12-04,Mr. Johnston,Affordability and housing,240,1.0,290,2.91694,2.77113,1.05262
2025-12-04#t1538w5,2025-12-04,Mr. Johnston,Affordability and housing,343,1.0,422,2.94937,2.91292,1.01251
2025-12-04#t1538w6,2025-12-04,Mr. Johnston,Affordability and housing,264,1.0,298,2.92075,2.93437,0.99536
2025-12-04#t1540w0,2025-12-04,Mr. Coon,Affordability and housing,70,1.0,96,2.58243,2.53647,1.01812
2025-12-04#t1541w0,2025-12-04,,Why Is This Important?,357,1.0,433,2.50037,2.65223,0.94274
2025-12-04#t1541w1,2025-12-04,,Why Is This Important?,353,1.0,425,2.27869,2.40667,0.94682
2025-12-04#t1541w2,2025-12-04,,Why Is This Important?,102,1.0,121,2.54547,2.72926,0.93266
2025-12-04#t1542w0,2025-12-04,,community based addiction and mental health programs,311,1.0,366,2.46349,2.52636,0.97511
2025-12-04#t1542w1,2025-12-04,,community based addiction and mental health programs,278,1.0,355,2.74361,2.50698,1.09439
2025-12-04#t1542w2,2025-12-04,,community based addiction and mental health programs,296,1.0,361,2.56607,2.58511,0.99264
2025-12-04#t1542w3,2025-12-04,,community based addiction and mental health programs,234,1.0,282,2.26776,2.3046,0.98402
2025-12-04#t1544w0,2025-12-04,Mr. Savoie,community based addiction and mental health programs,332,0.705,398,2.27659,2.42492,0.93883
2025-12-04#t1544w1,2025-12-04,Mr. Savoie,community based addiction and mental health programs,236,1.0,273,2.45788,2.49934,0.98341
2025-12-04#t1544w2,2025-12-04,Mr. Savoie,community based addiction and mental health programs,329,1.0,386,2.67349,2.73043,0.97915
2025-12-04#t1544w3,2025-12-04,Mr. Savoie,community based addiction and mental health programs,94,1.0,113,2.91561,3.00328,0.97081
2025-12-04#t1546w0,2025-12-04,Mr. Ames,community based addiction and mental health programs,355,1.0,444,2.37333,2.49453,0.95141
2025-12-04#t1546w1,2025-12-04,Mr. Ames,community based addiction and mental health programs,344,1.0,408,2.63146,2.63372,0.99914
2025-12-04#t1546w2,2025-12-04,Mr. Ames,community based addiction and mental health programs,340,1.0,405,2.64688,2.89867,0.91314
2025-12-04#t1546w3,2025-12-04,Mr. Ames,community based addiction and mental health programs,266,1.0,331,2.60987,2.77715,0.93977
2025-12-04#t1547w0,2025-12-04,Mr. Deputy Speaker,community based addiction and mental health programs,339,1.0,433,2.42155,2.36825,1.02251
2025-12-04#t1547w1,2025-12-04,Mr. Deputy Speaker,community based addiction and mental health programs,279,1.0,355,2.52572,2.52168,1.0016
2025-12-04#t1548w0,2025-12-04,Mr. Austin,community based addiction and mental health programs,329,1.0,402,2.43512,2.39885,1.01512
2025-12-04#t1548w1,2025-12-04,Mr. Austin,community based addiction and mental health programs,351,1.0,413,2.61428,2.59801,1.00626
2025-12-04#t1548w2,2025-12-04,Mr. Austin,community based addiction and mental health programs,325,1.0,394,2.48145,2.4713,1.00411
2025-12-04#t1548w3,2025-12-04,Mr. Austin,community based addiction and mental health programs,347,1.0,434,2.34876,2.42769,0.96749
2025-12-04#t1548w4,2025-12-04,Mr. Austin,community based addiction and mental health programs,309,1.0,385,2.38152,2.41196,0.98738
2025-12-04#t1548w5,2025-12-04,Mr. Austin,community based addiction and mental health programs,332,1.0,427,2.59602,2.49944,1.03864
2025-12-04#t1548w6,2025-12-04,Mr. Austin,community based addiction and mental health programs,349,1.0,440,2.81945,2.71167,1.03975
2025-12-04#t1548w7,2025-12-04,Mr. Austin,community based addiction and mental health programs,348,1.0,428,2.63058,2.69688,0.97541
2025-12-04#t1548w8,2025-12-04,Mr. Austin,community based addiction and mental health programs,149,1.0,187,2.87284,2.78749,1.03062
2025-12-04#t1550w0,2025-12-04,Hon. Mr. McKee,community based addiction and mental health programs,300,0.813,356,2.29519,2.20544,1.0407
2025-12-04#t1550w1,2025-12-04,Hon. Mr. McKee,community based addiction and mental health programs,306,1.0,357,2.26729,2.37487,0.9547
2025-12-04#t1550w2,2025-12-04,Hon. Mr. McKee,community based addiction and mental health programs,298,1.0,351,2.69361,2.78482,0.96725
2025-12-04#t1550w3,2025-12-04,Hon. Mr. McKee,community based addiction and mental health programs,351,0.584,412,2.95597,2.97683,0.99299
2025-12-04#t1550w4,2025-12-04,Hon. Mr. McKee,community based addiction and mental health programs,338,0.882,398,2.5219,2.55335,0.98768
2025-12-04#t1550w5,2025-12-04,Hon. Mr. McKee,community based addiction and mental health programs,340,0.876,404,2.6844,2.79573,0.96018
2025-12-04#t1550w6,2025-12-04,Hon. Mr. McKee,community based addiction and mental health programs,79,1.0,93,2.95464,3.07533,0.96076
2025-12-04#t1552w0,2025-12-04,Mr. Hogan,community based addiction and mental health programs,349,1.0,423,2.6511,2.63674,1.00545
2025-12-04#t1552w1,2025-12-04,Mr. Hogan,community based addiction and mental health programs,352,1.0,444,2.48382,2.57708,0.96381
2025-12-04#t1553w0,2025-12-04,Mr. Hogan,community based addiction and mental health programs,345,1.0,428,2.26271,2.46858,0.91661
2025-12-04#t1554w0,2025-12-04,Mr. Hogan,community based addiction and mental health programs,336,1.0,416,2.53493,2.48249,1.02112
2025-12-04#t1554w1,2025-12-04,Mr. Hogan,community based addiction and mental health programs,219,1.0,276,2.44747,2.52393,0.96971
2025-12-04#t1556w0,2025-12-04,Ms. Wilcott,community based addiction and mental health programs,285,1.0,344,2.50413,2.38557,1.0497
2025-12-04#t1556w1,2025-12-04,Ms. Wilcott,community based addiction and mental health programs,178,1.0,205,2.69133,2.68263,1.00324
2025-12-04#t1557w0,2025-12-04,,community based addiction and mental health programs,341,1.0,406,2.52747,2.57451,0.98173
2025-12-04#t1557w1,2025-12-04,,community based addiction and mental health programs,298,1.0,370,2.95976,2.83752,1.04308
2025-12-04#t1557w2,2025-12-04,,community based addiction and mental health programs,318,1.0,376,2.81752,2.79829,1.00687
2025-12-04#t1557w3,2025-12-04,,community based addiction and mental health programs,353,1.0,443,2.48273,2.60276,0.95388
2025-12-04#t1558w0,2025-12-04,Ms. Bockus,community based addiction and mental health programs,280,1.0,353,2.43,2.48651,0.97728
2025-12-04#t1558w1,2025-12-04,Ms. Bockus,community based addiction and mental health programs,317,1.0,379,2.78783,2.7073,1.02974
2025-12-04#t1558w2,2025-12-04,Ms. Bockus,community based addiction and mental health programs,351,1.0,435,2.99739,2.94597,1.01745
2025-12-04#t1558w3,2025-12-04,Ms. Bockus,community based addiction and mental health programs,334,1.0,411,3.12611,3.0041,1.04061
2025-12-05#t1560w0,2025-12-05,Hon. Ms. Miles,community based addiction and mental health programs,214,1.0,290,2.41706,2.42473,0.99684
2025-12-05#t1561w0,2025-12-05,Mr. Lee,community based addiction and mental health programs,173,1.0,217,2.31346,2.19617,1.05341
2025-12-05#t1562w0,2025-12-05,Ms. M. Wilson,community based addiction and mental health programs,181,1.0,238,2.04959,2.31281,0.88619
2025-12-05#t1563w0,2025-12-05,Mr. Oliver,community based addiction and mental health programs,195,1.0,240,2.46214,2.59197,0.94991
2025-12-05#t1564w0,2025-12-05,Mr. Doucet,community based addiction and mental health programs,170,1.0,210,2.28885,2.4076,0.95068
2025-12-05#t1565w0,2025-12-05,Mr. Russell,community based addiction and mental health programs,146,1.0,186,2.53974,2.55091,0.99562
2025-12-05#t1566w0,2025-12-05,Mr. Coon,community based addiction and mental health programs,133,1.0,171,2.10728,2.13625,0.98644
2025-12-05#t1567w0,2025-12-05,Mr. J. LeBlanc,community based addiction and mental health programs,138,0.0,192,2.46598,2.66297,0.92602
2025-12-05#t1568w0,2025-12-05,Ms. Mitton,community based addiction and mental health programs,154,1.0,212,2.21537,2.28024,0.97155
2025-12-05#t1569w0,2025-12-05,Ms. Vautour,community based addiction and mental health programs,144,0.0,180,2.45859,2.65361,0.92651
2025-12-05#t1570w0,2025-12-05,Madam Speaker,community based addiction and mental health programs,165,0.679,210,2.53468,2.52995,1.00187
2025-12-05#t1571w0,2025-12-05,Mr. Weir,community based addiction and mental health programs,139,0.835,196,2.66298,2.47453,1.07616
2025-12-05#t1572w0,2025-12-05,Ms. Mitton,community based addiction and mental health programs,152,1.0,182,2.33087,2.29266,1.01666
2025-12-05#t1573w0,2025-12-05,Mr. Johnston,community based addiction and mental health programs,146,1.0,170,2.21658,2.25998,0.98079
2025-12-05#t1574w0,2025-12-05,Ms. Conroy,community based addiction and mental health programs,165,1.0,201,2.17696,2.43657,0.89345
2025-12-05#t1575w0,2025-12-05,Mr. J. LeBlanc,community based addiction and mental health programs,158,1.0,193,2.08165,2.29044,0.90884
2025-12-05#t1576w0,2025-12-05,Mr. Hogan,community based addiction and mental health programs,144,1.0,182,2.74026,2.59651,1.05536
2025-12-05#t1577w0,2025-12-05,Mr. Mallet,community based addiction and mental health programs,88,0.0,101,2.73914,2.65306,1.03245
2025-12-05#t1578w0,2025-12-05,Mr. Lee,community based addiction and mental health programs,167,1.0,217,2.84319,2.84775,0.9984
2025-12-05#t1579w0,2025-12-05,Ms. Sodhi,community based addiction and mental health programs,112,1.0,148,2.32582,2.28796,1.01654
2025-12-05#t1580w0,2025-12-05,Mr. Austin,community based addiction and mental health programs,146,1.0,180,2.27234,2.43675,0.93253
2025-12-05#t1581w0,2025-12-05,Mr. Savoie,community based addiction and mental health programs,122,0.934,148,2.13278,2.242,0.95129
2025-12-05#t1582w0,2025-12-05,Hon. Mr. Gauvin,community based addiction and mental health programs,188,0.0,231,2.30506,2.335,0.98718
2025-12-05#t1583w0,2025-12-05,Mr. Savoie,community based addiction and mental health programs,140,0.607,179,2.64545,2.50637,1.05549
2025-12-05#t1584w0,2025-12-05,Hon. Mr. Gauvin,community based addiction and mental health programs,155,0.0,185,2.69944,2.72447,0.99081
2025-12-05#t1585w0,2025-12-05,Mr. Savoie,community based addiction and mental health programs,94,0.883,127,2.51402,2.32286,1.0823
2025-12-05#t1586w0,2025-12-05,Hon. Ms. Miles,community based addiction and mental health programs,166,1.0,209,2.30144,2.32176,0.99125
2025-12-05#t1587w0,2025-12-05,Mr. Savoie,community based addiction and mental health programs,177,1.0,217,2.44517,2.41587,1.01213
2025-12-05#t1588w0,2025-12-05,Hon. Ms. Miles,community based addiction and mental health programs,192,1.0,224,2.46197,2.63186,0.93545
2025-12-05#t1589w0,2025-12-05,Mr. Savoie,community based addiction and mental health programs,144,1.0,187,2.51297,2.53826,0.99003
2025-12-05#t1590w0,2025-12-05,Hon. Mr. Hickey,community based addiction and mental health programs,186,1.0,224,2.63742,2.61046,1.01033
2025-12-05#t1591w0,2025-12-05,Mr. Savoie,community based addiction and mental health programs,192,1.0,254,2.24111,2.29004,0.97863
2025-12-05#t1592w0,2025-12-05,Hon. Mr. Herron,community based addiction and mental health programs,153,1.0,189,2.75542,2.53511,1.0869
2025-12-05#t1593w0,2025-12-05,Mr. Savoie,community based addiction and mental health programs,165,1.0,199,2.46859,2.53881,0.97234
2025-12-05#t1594w0,2025-12-05,Hon. Mr. Herron,community based addiction and mental health programs,141,1.0,176,3.02993,2.81252,1.0773
2025-12-05#t1595w0,2025-12-05,Mr. Austin,community based addiction and mental health programs,189,1.0,258,2.10431,2.44076,0.86215
2025-12-05#t1596w0,2025-12-05,Hon. Ms. Holt,community based addiction and mental health programs,186,0.978,255,2.24434,2.20506,1.01781
2025-12-05#t1597w0,2025-12-05,Mr. Austin,community based addiction and mental health programs,185,1.0,236,2.58837,2.4736,1.0464
2025-12-05#t1598w0,2025-12-05,Hon. Mr. Herron,community based addiction and mental health programs,66,1.0,84,3.19973,2.87111,1.11445
2025-12-05#t1599w0,2025-12-05,Mr. Austin,community based addiction and mental health programs,96,1.0,113,2.96991,2.88209,1.03047
2025-12-05#t1600w0,2025-12-05,Hon. Mr. Herron,community based addiction and mental health programs,133,1.0,158,3.07757,2.98963,1.02941
2025-12-05#t1601w0,2025-12-05,Ms. Bockus,community based addiction and mental health programs,81,1.0,104,2.76984,2.67041,1.03723
2025-12-05#t1602w0,2025-12-05,Hon. Mr. Randall,community based addiction and mental health programs,115,1.0,139,2.94599,2.98636,0.98648
2025-12-05#t1603w0,2025-12-05,Ms. Bockus,community based addiction and mental health programs,84,1.0,103,2.52845,2.68296,0.94241
2025-12-05#t1604w0,2025-12-05,Hon. Mr. Randall,community based addiction and mental health programs,142,1.0,161,2.60253,2.52199,1.03194
2025-12-05#t1605w0,2025-12-05,Ms. Bockus,community based addiction and mental health programs,89,1.0,103,2.62587,2.75523,0.95305
2025-12-05#t1606w0,2025-12-05,Hon. Mr. Randall,community based addiction and mental health programs,154,1.0,194,2.7003,2.83618,0.95209
2025-12-05#t1607w0,2025-12-05,Mr. Monahan,community based addiction and mental health programs,153,1.0,180,2.56813,2.39414,1.07267
2025-12-05#t1608w0,2025-12-05,Hon. Ms. Holt,community based addiction and mental health programs,174,1.0,220,2.31445,2.36851,0.97717
2025-12-05#t1609w0,2025-12-05,Mr. Monahan,community based addiction and mental health programs,151,0.0,179,2.67722,2.41554,1.10833
2025-12-05#t1610w0,2025-12-05,Hon. Mr. Legacy,community based addiction and mental health programs,122,0.0,141,3.42753,3.07115,1.11604
2025-12-05#t1611w0,2025-12-05,Mr. Hogan,community based addiction and mental health programs,88,1.0,107,2.39255,2.40494,0.99485
2025-12-05#t1612w0,2025-12-05,Hon. Ms. Holt,community based addiction and mental health programs,178,1.0,203,2.83282,2.62245,1.08022
2025-12-05#t1614w0,2025-12-05,Hon. Ms. Boudreau,community based addiction and mental health programs,161,0.342,202,2.28778,2.08801,1.09568
2025-12-05#t1615w0,2025-12-05,Ms. Scott-Wallace,community based addiction and mental health programs,174,1.0,228,2.54276,2.53812,1.00183
2025-12-05#t1616w0,2025-12-05,Ms. Mitton,community based addiction and mental health programs,160,0.975,196,2.37012,2.28425,1.0376
2025-12-05#t1617w0,2025-12-05,Hon. Mr. Randall,community based addiction and mental health programs,263,0.985,321,2.27083,2.34175,0.96971
2025-12-05#t1618w0,2025-12-05,Mr. Russell,community based addiction and mental health programs,279,1.0,352,2.44105,2.49809,0.97717
2025-12-05#t1619w0,2025-12-05,Mr. Coon,community based addiction and mental health programs,322,0.988,416,2.43228,2.38322,1.02058
2025-12-05#t1619w1,2025-12-05,Mr. Coon,community based addiction and mental health programs,339,0.858,432,2.69321,2.71043,0.99365
2025-12-05#t1619w2,2025-12-05,Mr. Coon,community based addiction and mental health programs,95,1.0,124,2.35554,2.31052,1.01949
2025-12-05#t1620w0,2025-12-05,Hon. Mr. Legacy,community based addiction and mental health programs,73,0.151,108,2.14257,2.10542,1.01764
2025-12-05#t1622w0,2025-12-05,Mr. M. LeBlanc,community based addiction and mental health programs,337,0.552,398,2.33333,2.372,0.9837
2025-12-05#t1622w1,2025-12-05,Mr. M. LeBlanc,community based addiction and mental health programs,224,1.0,275,2.19729,2.40056,0.91532
2025-12-05#t1622w2,2025-12-05,Mr. M. LeBlanc,community based addiction and mental health programs,349,1.0,421,2.33917,2.43194,0.96185
2025-12-05#t1622w3,2025-12-05,Mr. M. LeBlanc,community based addiction and mental health programs,360,1.0,434,2.35724,2.48833,0.94732
2025-12-05#t1622w4,2025-12-05,Mr. M. LeBlanc,community based addiction and mental health programs,317,0.893,379,2.86535,2.84759,1.00624
2025-12-05#t1622w5,2025-12-05,Mr. M. LeBlanc,community based addiction and mental health programs,226,1.0,264,2.49558,2.49957,0.9984
2025-12-05#t1623w0,2025-12-05,Mr. Chair,community based addiction and mental health programs,77,0.753,104,2.89228,3.0166,0.95879
2025-12-09#t1625w0,2025-12-09,Mr. Russell,community based addiction and mental health programs,159,1.0,204,1.942,2.22871,0.87136
2025-12-09#t1627w0,2025-12-09,Hon. Ms. Holt,community based addiction and mental health programs,232,0.134,310,2.50028,2.40251,1.0407
2025-12-09#t1628w0,2025-12-09,Hon. Mr. Legacy,community based addiction and mental health programs,144,0.104,195,2.71357,2.68816,1.00945
2025-12-09#t1629w0,2025-12-09,Mr. Oliver,community based addiction and mental health programs,161,1.0,203,2.50757,2.46307,1.01807
2025-12-09#t1630w0,2025-12-09,Hon. Ms. Boudreau,community based addiction and mental health programs,178,0.101,242,2.85183,2.61643,1.08997
2025-12-09#t1631w0,2025-12-09,Ms. Bockus,community based addiction and mental health programs,161,1.0,203,3.1346,2.84998,1.09987
2025-12-09#t1632w0,2025-12-09,Mr. Robichaud,community based addiction and mental health programs,132,0.0,169,2.44739,2.59473,0.94322
2025-12-09#t1633w0,2025-12-09,Mr. Ames,community based addiction and mental health programs,166,1.0,231,2.5225,2.51993,1.00102
2025-12-09#t1634w0,2025-12-09,Ms. Vautour,community based addiction and mental health programs,132,0.0,167,2.54153,2.62319,0.96887
2025-12-09#t1635w0,2025-12-09,Mr. Russell,community based addiction and mental health programs,141,1.0,166,2.47145,2.51941,0.98096
2025-12-09#t1636w0,2025-12-09,Ms. Mitton,community based addiction and mental health programs,108,0.0,143,2.52163,2.38909,1.05548
2025-12-09#t1637w0,2025-12-09,Ms. Wilcott,community based addiction and mental health programs,120,1.0,147,2.62353,2.36032,1.11151
2025-12-09#t1638w0,2025-12-09,Ms. Scott-Wallace,community based addiction and mental health programs,131,1.0,172,2.93398,2.7821,1.05459
2025-12-09#t1639w0,2025-12-09,Mr. Robichaud,community based addiction and mental health programs,138,0.0,168,2.94295,2.70717,1.0871
2025-12-09#t1640w0,2025-12-09,Mr. Oliver,community based addiction and mental health programs,112,1.0,138,2.49952,2.41011,1.0371
2025-12-09#t1641w0,2025-12-09,Ms. Sodhi,community based addiction and mental health programs,138,1.0,169,2.0798,2.21992,0.93688
2025-12-09#t1642w0,2025-12-09,Mr. Cullins,community based addiction and mental health programs,147,1.0,191,2.53762,2.4728,1.02621
2025-12-09#t1643w0,2025-12-09,Ms. Vautour,community based addiction and mental health programs,147,0.0,188,2.37997,2.36692,1.00551
2025-12-09#t1644w0,2025-12-09,Ms. S. Wilson,community based addiction and mental health programs,130,1.0,158,2.48365,2.36213,1.05144
2025-12-09#t1645w0,2025-12-09,Mr. Savoie,community based addiction and mental health programs,155,0.948,191,2.40843,2.3891,1.00809
2025-12-09#t1646w0,2025-12-09,Hon. Ms. Holt,community based addiction and mental health programs,210,1.0,259,2.47298,2.40738,1.02725
2025-12-09#t1647w0,2025-12-09,Mr. Savoie,community based addiction and mental health programs,196,1.0,246,2.51494,2.63102,0.95588
2025-12-09#t1648w0,2025-12-09,Hon. Mr. Herron,community based addiction and mental health programs,134,1.0,159,3.00015,2.97551,1.00828
2025-12-09#t1649w0,2025-12-09,Mr. Savoie,community based addiction and mental health programs,140,1.0,173,2.55644,2.56608,0.99624
2025-12-09#t1650w0,2025-12-09,Hon. Mr. Herron,community based addiction and mental health programs,145,1.0,171,2.87279,2.74401,1.04693
2025-12-09#t1651w0,2025-12-09,Mr. Savoie,community based addiction and mental health programs,113,1.0,138,3.5069,3.15186,1.11265
2025-12-09#t1652w0,2025-12-09,Hon. Mr. Herron,community based addiction and mental health programs,140,1.0,161,3.03145,2.96388,1.0228
2025-12-09#t1653w0,2025-12-09,Mr. Savoie,community based addiction and mental health programs,198,1.0,259,2.403,2.56731,0.936
2025-12-09#t1654w0,2025-12-09,Hon. Mr. Herron,community based addiction and mental health programs,168,1.0,213,2.88938,2.84121,1.01695
2025-12-09#t1655w0,2025-12-09,Mr. Savoie,community based addiction and mental health programs,143,1.0,175,2.76161,2.54053,1.08702
2025-12-09#t1656w0,2025-12-09,Hon. Mr. Herron,community based addiction and mental health programs,157,1.0,200,3.11407,2.63245,1.18296
2025-12-09#t1657w0,2025-12-09,Mr. Austin,community based addiction and mental health programs,161,1.0,198,2.46988,2.52846,0.97683
2025-12-09#t1658w0,2025-12-09,Hon. Mr. Herron,community based addiction and mental health programs,159,1.0,191,2.93022,2.60741,1.12381
2025-12-09#t1659w0,2025-12-09,Mr. Austin,community based addiction and mental health programs,133,1.0,178,2.53285,2.56186,0.98868
2025-12-09#t1661w0,2025-12-09,Hon. Mr. Herron,community based addiction and mental health programs,147,1.0,186,2.92741,2.80701,1.04289
2025-12-09#t1662w0,2025-12-09,Mr. Austin,community based addiction and mental health programs,196,1.0,244,2.48753,2.60274,0.95574
2025-12-09#t1663w0,2025-12-09,Hon. Mr. Herron,community based addiction and mental health programs,182,1.0,229,2.91061,2.87119,1.01373
2025-12-09#t1664w0,2025-12-09,Mr. Coon,community based addiction and mental health programs,150,0.973,177,2.75786,2.6378,1.04551
2025-12-09#t1665w0,2025-12-09,Hon. Mr. Hickey,community based addiction and mental health programs,182,1.0,203,2.68017,2.57291,1.04169
2025-12-09#t1666w0,2025-12-09,Mr. Coon,community based addiction and mental health programs,147,1.0,180,3.07799,2.8127,1.09432
2025-12-09#t1667w0,2025-12-09,Hon. Mr. Hickey,community based addiction and mental health programs,186,1.0,214,2.65156,2.58376,1.02624
2025-12-09#t1668w0,2025-12-09,Mr. Hogan,community based addiction and mental health programs,150,1.0,177,2.57162,2.7644,0.93026
2025-12-09#t1669w0,2025-12-09,Hon. Mr. Dornan,community based addiction and mental health programs,196,1.0,233,2.94133,2.83067,1.03909
2025-12-09#t1670w0,2025-12-09,Mr. Hogan,community based addiction and mental health programs,123,1.0,146,3.03612,2.936,1.0341
2025-12-09#t1672w0,2025-12-09,Hon. Mr. Dornan,community based addiction and mental health programs,198,1.0,234,2.76596,2.93053,0.94384
2025-12-09#t1673w0,2025-12-09,Mr. Hogan,community based addiction and mental health programs,137,1.0,167,2.50957,2.68499,0.93467
2025-12-09#t1674w0,2025-12-09,Hon. Mr. Dornan,community based addiction and mental health programs,181,1.0,218,3.10966,2.89338,1.07475
2025-12-09#t1675w0,2025-12-09,Mr. Savoie,community based addiction and mental health programs,154,1.0,194,2.40729,2.3099,1.04216
2025-12-09#t1676w0,2025-12-09,Hon. Mr. Legacy,community based addiction and mental health programs,168,1.0,201,2.67071,2.60192,1.02644
2025-12-09#t1678w0,2025-12-09,Hon. Ms. Holt,Déclarations ds ministres / Statements by Ministers,351,0.741,432,2.31146,2.21876,1.04178
2025-12-09#t1680w0,2025-12-09,Mr. Hogan,Déclarations ds ministres / Statements by Ministers,61,1.0,80,3.22084,2.95472,1.09007
2025-12-09#t1681w0,2025-12-09,Mr. Hogan,Déclarations ds ministres / Statements by Ministers,216,1.0,277,2.8294,2.81548,1.00494
2025-12-09#t1682w0,2025-12-09,Mr. Coon,Déclarations ds ministres / Statements by Ministers,297,0.987,360,2.56644,2.42969,1.05628
2025-12-09#t1683w0,2025-12-09,Hon. Ms. Thériault,Déclarations ds ministres / Statements by Ministers,181,0.414,213,2.4076,2.32864,1.03391
2025-12-09#t1684w0,2025-12-09,Ms. M. Wilson,Déclarations ds ministres / Statements by Ministers,245,1.0,301,2.47864,2.35952,1.05048
2025-12-09#t1685w0,2025-12-09,Ms. Mitton,Déclarations ds ministres / Statements by Ministers,103,0.544,123,2.50613,2.44117,1.02661
2025-12-09#t1686w0,2025-12-09,Hon. C. Johnson,Déclarations ds ministres / Statements by Ministers,267,0.483,324,2.39877,2.29728,1.04418
2025-12-09#t1687w0,2025-12-09,Mr. Lee,Déclarations ds ministres / Statements by Ministers,185,1.0,237,2.78541,2.54149,1.09598
2025-12-09#t1688w0,2025-12-09,Ms. Mitton,Déclarations ds ministres / Statements by Ministers,270,0.863,318,2.52383,2.54962,0.98988
2025-12-09#t1689w0,2025-12-09,Hon. Mr. Hickey,Déclarations ds ministres / Statements by Ministers,286,0.92,351,2.47781,2.46186,1.00648
2025-12-09#t1690w0,2025-12-09,Ms. Conroy,Déclarations ds ministres / Statements by Ministers,348,1.0,443,2.28952,2.34874,0.97479
2025-12-09#t1691w0,2025-12-09,Mr. Coon,Déclarations ds ministres / Statements by Ministers,358,0.891,463,2.82173,2.6369,1.07009
2025-12-09#t1691w1,2025-12-09,Mr. Coon,Déclarations ds ministres / Statements by Ministers,343,0.708,433,2.26261,2.30304,0.98244
2025-12-09#t1691w2,2025-12-09,Mr. Coon,Déclarations ds ministres / Statements by Ministers,113,1.0,144,2.21479,2.30171,0.96224
2025-12-09#t1692w0,2025-12-09,Mr. M. LeBlanc,Déclarations ds ministres / Statements by Ministers,346,0.922,424,2.53468,2.53737,0.99894
2025-12-09#t1692w1,2025-12-09,Mr. M. LeBlanc,Déclarations ds ministres / Statements by Ministers,349,0.848,430,2.24035,2.33271,0.96041
2025-12-09#t1692w2,2025-12-09,Mr. M. LeBlanc,Déclarations ds ministres / Statements by Ministers,133,0.865,188,2.50657,2.50438,1.00087
2025-12-09#t1693w0,2025-12-09,Hon. Mr. Dornan,Déclarations ds ministres / Statements by Ministers,251,0.693,303,2.56157,2.76276,0.92718
2025-12-09#t1696w0,2025-12-09,Mr. Monahan,Déclarations ds ministres / Statements by Ministers,115,1.0,150,2.66109,2.51267,1.05907
2025-12-09#t1697w0,2025-12-09,Hon. Mr. Legacy,Déclarations ds ministres / Statements by Ministers,94,1.0,136,3.13636,3.13037,1.00191
2025-12-09#t1698w0,2025-12-09,Mr. Monahan,Déclarations ds ministres / Statements by Ministers,85,1.0,107,2.9356,2.93095,1.00159
2025-12-09#t1699w0,2025-12-09,Hon. Mr. Legacy,Déclarations ds ministres / Statements by Ministers,207,1.0,284,2.66382,2.60481,1.02265
2025-12-09#t1701w0,2025-12-09,Hon. Mr. Legacy,Déclarations ds ministres / Statements by Ministers,79,1.0,109,2.92126,3.07035,0.95144
2025-12-09#t1702w0,2025-12-09,Mr. Monahan,Déclarations ds ministres / Statements by Ministers,96,0.479,119,2.88509,2.52793,1.14128
2025-12-09#t1703w0,2025-12-09,Hon. Mr. Legacy,Déclarations ds ministres / Statements by Ministers,165,1.0,229,2.60599,2.66136,0.97919
2025-12-09#t1704w0,2025-12-09,Ms. Bockus,Déclarations ds ministres / Statements by Ministers,107,1.0,138,2.39983,2.49607,0.96145
2025-12-09#t1705w0,2025-12-09,Hon. Mr. Legacy,Déclarations ds ministres / Statements by Ministers,89,1.0,116,3.35405,3.3523,1.00052
2025-12-09#t1706w0,2025-12-09,Ms. Bockus,Déclarations ds ministres / Statements by Ministers,116,1.0,148,2.77899,2.69295,1.03195
2025-12-09#t1709w0,2025-12-09,Hon. Mr. Legacy,Déclarations ds ministres / Statements by Ministers,68,1.0,82,4.06967,3.68828,1.1034
2025-12-09#t1711w0,2025-12-09,Hon. Mr. Legacy,Déclarations ds ministres / Statements by Ministers,75,1.0,92,3.62008,3.19991,1.13131
2025-12-09#t1713w0,2025-12-09,Hon. Mr. Legacy,Déclarations ds ministres / Statements by Ministers,90,0.0,102,3.0554,2.64687,1.15434
2025-12-09#t1715w0,2025-12-09,Hon. Mr. Legacy,Déclarations ds ministres / Statements by Ministers,134,0.0,173,2.88028,2.91399,0.98843
2025-12-09#t1716w0,2025-12-09,Mr. Monahan,Déclarations ds ministres / Statements by Ministers,148,0.0,186,2.90276,2.8961,1.0023
2025-12-09#t1717w0,2025-12-09,Hon. Mr. Legacy,Déclarations ds ministres / Statements by Ministers,243,0.0,306,3.03108,2.87486,1.05434
2025-12-09#t1719w0,2025-12-09,Mr. Chair,Déclarations ds ministres / Statements by Ministers,336,0.643,431,1.12468,1.28072,0.87816
2025-12-09#t1720w0,2025-12-09,Mr. Chair,Déclarations ds ministres / Statements by Ministers,87,1.0,110,2.98199,3.18592,0.93599
2025-12-10#t1722w0,2025-12-10,Mr. Cullins,Déclarations ds ministres / Statements by Ministers,154,1.0,195,2.19687,2.41914,0.90812
2025-12-10#t1723w0,2025-12-10,Mr. Austin,Déclarations ds ministres / Statements by Ministers,162,1.0,199,2.60207,2.65625,0.9796
2025-12-10#t1725w0,2025-12-10,Mr. Mallet,Déclarations ds ministres / Statements by Ministers,119,0.0,170,2.36625,2.35836,1.00335
2025-12-10#t1726w0,2025-12-10,Mr. Bourque,Déclarations ds ministres / Statements by Ministers,171,0.094,211,2.42837,2.46989,0.98319
2025-12-10#t1727w0,2025-12-10,Mr. Savoie,Déclarations ds ministres / Statements by Ministers,175,0.966,212,2.33726,2.4275,0.96283
2025-12-10#t1728w0,2025-12-10,Mr. Coon,Déclarations ds ministres / Statements by Ministers,162,0.975,193,2.37988,2.34343,1.01556
2025-12-10#t1729w0,2025-12-10,Hon. Mr. Finnigan,Déclarations ds ministres / Statements by Ministers,133,0.308,187,3.1702,3.143,1.00865
2025-12-10#t1730w0,2025-12-10,Mr. Weir,Déclarations ds ministres / Statements by Ministers,142,0.775,180,2.38797,2.55398,0.935
2025-12-10#t1731w0,2025-12-10,Ms. Mitton,Déclarations ds ministres / Statements by Ministers,152,1.0,184,2.20828,2.25106,0.981
2025-12-10#t1732w0,2025-12-10,Mr. Johnston,Déclarations ds ministres / Statements by Ministers,185,1.0,264,2.90445,2.81363,1.03228
2025-12-10#t1733w0,2025-12-10,Ms. Vautour,Déclarations ds ministres / Statements by Ministers,135,0.0,183,2.46773,2.35691,1.04702
2025-12-10#t1734w0,2025-12-10,Ms. M. Wilson,Déclarations ds ministres / Statements by Ministers,172,1.0,230,2.2377,2.34293,0.95509
2025-12-10#t1735w0,2025-12-10,Mr. Coon,Déclarations ds ministres / Statements by Ministers,160,1.0,188,3.10199,2.98809,1.03812
2025-12-10#t1736w0,2025-12-10,Mr. J. LeBlanc,Déclarations ds ministres / Statements by Ministers,143,0.392,176,1.9392,2.12661,0.91187
2025-12-10#t1737w0,2025-12-10,Ms. Bockus,Déclarations ds ministres / Statements by Ministers,187,1.0,207,2.62484,2.6248,1.00001
2025-12-10#t1738w0,2025-12-10,Mr. Mallet,Déclarations ds ministres / Statements by Ministers,132,0.0,164,3.10214,2.76358,1.12251
2025-12-10#t1739w0,2025-12-10,Mr. Ames,Déclarations ds ministres / Statements by Ministers,172,1.0,207,2.77277,2.79171,0.99321
2025-12-10#t1740w0,2025-12-10,Mr. Bourque,Déclarations ds ministres / Statements by Ministers,175,0.0,228,2.61014,2.36461,1.10383
2025-12-10#t1741w0,2025-12-10,Mr. Russell,Déclarations ds ministres / Statements by Ministers,126,1.0,150,2.50656,2.50695,0.99985
2025-12-10#t1742w0,2025-12-10,Mr. Doucet,Déclarations ds ministres / Statements by Ministers,151,1.0,174,2.09239,2.20502,0.94892
2025-12-10#t1743w0,2025-12-10,Mr. Monahan,Déclarations ds ministres / Statements by Ministers,160,1.0,212,2.26906,2.6754,0.84812
2025-12-10#t1744w0,2025-12-10,Mr. Savoie,Déclarations ds ministres / Statements by Ministers,72,0.0,90,1.64671,1.93566,0.85073
2025-12-10#t1745w0,2025-12-10,Hon. Mr. Dornan,Déclarations ds ministres / Statements by Ministers,178,1.0,213,2.79574,2.72952,1.02426
2025-12-10#t1746w0,2025-12-10,Mr. Savoie,Déclarations ds ministres / Statements by Ministers,108,1.0,128,2.67069,2.85386,0.93582
2025-12-10#t1747w0,2025-12-10,Hon. Mr. Dornan,Déclarations ds ministres / Statements by Ministers,145,1.0,192,2.84943,2.70038,1.0552
2025-12-10#t1748w0,2025-12-10,Mr. Savoie,Déclarations ds ministres / Statements by Ministers,155,1.0,206,2.71161,2.67597,1.01332
2025-12-10#t1749w0,2025-12-10,Hon. Mr. Dornan,Déclarations ds ministres / Statements by Ministers,139,1.0,177,2.52928,2.59653,0.9741
2025-12-10#t1750w0,2025-12-10,Mr. Savoie,Déclarations ds ministres / Statements by Ministers,157,1.0,183,2.26526,2.29078,0.98886
2025-12-10#t1751w0,2025-12-10,Hon. Mr. Dornan,Déclarations ds ministres / Statements by Ministers,126,1.0,164,2.71122,2.72995,0.99314
2025-12-10#t1752w0,2025-12-10,Ms. Conroy,Déclarations ds ministres / Statements by Ministers,211,1.0,259,2.66919,2.654,1.00572
2025-12-10#t1753w0,2025-12-10,Hon. Ms. Miles,Déclarations ds ministres / Statements by Ministers,176,1.0,233,2.36151,2.45035,0.96375
2025-12-10#t1754w0,2025-12-10,Ms. Conroy,Déclarations ds ministres / Statements by Ministers,136,1.0,172,2.71443,2.53888,1.06914
2025-12-10#t1755w0,2025-12-10,Hon. Ms. Miles,Déclarations ds ministres / Statements by Ministers,194,1.0,230,2.41634,2.5526,0.94662
2025-12-10#t1756w0,2025-12-10,Ms. Conroy,Déclarations ds ministres / Statements by Ministers,205,1.0,248,2.6106,2.70376,0.96554
2025-12-10#t1757w0,2025-12-10,Hon. Ms. Miles,Déclarations ds ministres / Statements by Ministers,178,1.0,224,2.4236,2.43788,0.99414
2025-12-10#t1758w0,2025-12-10,Ms. Scott-Wallace,Déclarations ds ministres / Statements by Ministers,167,1.0,195,2.78572,2.63893,1.05562
2025-12-10#t1759w0,2025-12-10,Hon. Mr. Hickey,Déclarations ds ministres / Statements by Ministers,180,1.0,205,2.32297,2.56534,0.90552
2025-12-10#t1760w0,2025-12-10,Ms. Scott-Wallace,Déclarations ds ministres / Statements by Ministers,189,1.0,219,3.00638,2.76046,1.08908
2025-12-10#t1761w0,2025-12-10,Hon. Mr. Hickey,Déclarations ds ministres / Statements by Ministers,96,0.958,116,2.95125,2.65836,1.11018
2025-12-10#t1762w0,2025-12-10,Hon. Mr. Hickey,Déclarations ds ministres / Statements by Ministers,68,1.0,89,2.62214,2.81173,0.93257
2025-12-10#t1763w0,2025-12-10,Ms. Scott-Wallace,Déclarations ds ministres / Statements by Ministers,187,1.0,218,3.00838,3.02335,0.99505
2025-12-10#t1764w0,2025-12-10,Hon. Mr. Hickey,Déclarations ds ministres / Statements by Ministers,165,1.0,201,2.71429,2.72581,0.99577
2025-12-10#t1765w0,2025-12-10,Ms. Mitton,Déclarations ds ministres / Statements by Ministers,133,0.0,151,2.54352,2.43142,1.04611
2025-12-10#t1766w0,2025-12-10,Hon. Ms. Boudreau,Déclarations ds ministres / Statements by Ministers,111,0.306,127,2.19399,2.46426,0.89032
2025-12-10#t1767w0,2025-12-10,Ms. Mitton,Déclarations ds ministres / Statements by Ministers,123,1.0,144,2.78103,2.70733,1.02722
2025-12-10#t1768w0,2025-12-10,Hon. Ms. Boudreau,Déclarations ds ministres / Statements by Ministers,141,0.028,162,2.43035,2.64417,0.91913
2025-12-10#t1769w0,2025-12-10,Ms. Mitton,Déclarations ds ministres / Statements by Ministers,179,1.0,220,2.79624,2.63174,1.0625
2025-12-10#t1770w0,2025-12-10,Hon. Ms. Boudreau,Déclarations ds ministres / Statements by Ministers,180,0.0,208,2.52581,2.50417,1.00864
2025-12-10#t1771w0,2025-12-10,Mr. Monahan,Déclarations ds ministres / Statements by Ministers,121,1.0,172,2.52374,2.46368,1.02437
2025-12-10#t1772w0,2025-12-10,Hon. Mr. McKee,Déclarations ds ministres / Statements by Ministers,178,1.0,219,2.03576,2.27041,0.89665
2025-12-10#t1773w0,2025-12-10,Mr. Monahan,Déclarations ds ministres / Statements by Ministers,145,0.0,188,2.45595,2.69598,0.91097
2025-12-10#t1774w0,2025-12-10,Hon. Mr. LePage,Déclarations ds ministres / Statements by Ministers,141,0.0,168,2.87807,3.03723,0.9476
2025-12-10#t1775w0,2025-12-10,Mr. Monahan,Déclarations ds ministres / Statements by Ministers,128,1.0,173,2.74259,2.61187,1.05005
2025-12-10#t1776w0,2025-12-10,Hon. Ms. Holt,Déclarations ds ministres / Statements by Ministers,185,0.735,214,2.40869,2.52525,0.95384
2025-12-10#t1778w0,2025-12-10,Hon. Mr. Dornan,Déclarations ds ministres / Statements by Ministers,149,0.631,193,2.52018,2.50541,1.00589
2025-12-10#t1779w0,2025-12-10,Mr. Hogan,Déclarations ds ministres / Statements by Ministers,167,0.838,203,2.60191,2.68843,0.96782
2025-12-10#t1781w0,2025-12-10,Mr. Coon,Déclarations ds ministres / Statements by Ministers,236,1.0,278,2.67114,2.56478,1.04147
2025-12-10#t1782w0,2025-12-10,Hon. Mr. Randall,Déclarations ds ministres / Statements by Ministers,260,0.827,346,2.61668,2.64706,0.98853
2025-12-10#t1783w0,2025-12-10,Mr. Russell,Déclarations ds ministres / Statements by Ministers,261,1.0,308,2.03562,2.50785,0.8117
2025-12-10#t1784w0,2025-12-10,Ms. Mitton,Déclarations ds ministres / Statements by Ministers,205,1.0,237,2.57441,2.526,1.01916
2025-12-10#t1785w0,2025-12-10,Mr. Mallet,Déclarations ds ministres / Statements by Ministers,159,0.0,216,2.25614,2.22656,1.01329
2025-12-10#t1786w0,2025-12-10,Hon. Mr. McKee,Déclarations ds ministres / Statements by Ministers,211,0.701,264,2.10799,2.24819,0.93764
2025-12-10#t1788w0,2025-12-10,Madam Speaker,Déclarations ds ministres / Statements by Ministers,78,0.808,116,2.35464,2.27598,1.03456
2025-12-10#t1790w0,2025-12-10,Ms. Mitton,Déclarations ds ministres / Statements by Ministers,69,0.768,93,2.04931,2.20679,0.92864
2025-12-11#t1792w0,2025-12-11,Hon. Ms. Boudreau,Déclarations ds ministres / Statements by Ministers,166,0.0,239,1.9961,2.1466,0.92989
2025-12-11#t1793w0,2025-12-11,Mr. Hogan,Déclarations ds ministres / Statements by Ministers,137,1.0,183,2.47997,2.56031,0.96862
2025-12-11#t1794w0,2025-12-11,Mr. Coon,Déclarations ds ministres / Statements by Ministers,217,0.982,304,2.19158,2.4102,0.90929
2025-12-11#t1795w0,2025-12-11,Mr. Russell,Déclarations ds ministres / Statements by Ministers,156,0.974,208,2.34754,2.44744,0.95918
2025-12-11#t1797w0,2025-12-11,Hon. C. Johnson,Déclarations ds ministres / Statements by Ministers,68,1.0,86,2.67676,2.74291,0.97588
2025-12-11#t1798w0,2025-12-11,Mr. Hogan,Déclarations ds ministres / Statements by Ministers,93,1.0,123,2.44337,2.3241,1.05132
2025-12-11#t1799w0,2025-12-11,Mr. Doucet,Déclarations ds ministres / Statements by Ministers,119,0.0,176,2.156,2.08809,1.03252
2025-12-11#t1800w0,2025-12-11,Mr. Cullins,Déclarations ds ministres / Statements by Ministers,163,1.0,218,2.48257,2.42741,1.02272
2025-12-11#t1801w0,2025-12-11,Ms. Mitton,Déclarations ds ministres / Statements by Ministers,160,1.0,187,2.53446,2.44791,1.03535
2025-12-11#t1802w0,2025-12-11,Ms. Wilcott,Déclarations ds ministres / Statements by Ministers,147,1.0,176,2.51878,2.41649,1.04233
2025-12-11#t1803w0,2025-12-11,Mr. Russell,Déclarations ds ministres / Statements by Ministers,168,0.958,221,1.97252,2.14769,0.91844
2025-12-11#t1804w0,2025-12-11,Mr. Mallet,Déclarations ds ministres / Statements by Ministers,114,0.0,145,2.5808,2.43007,1.06202
2025-12-11#t1805w0,2025-12-11,Mr. Weir,Déclarations ds ministres / Statements by Ministers,151,0.762,181,2.76927,2.65017,1.04494
2025-12-11#t1806w0,2025-12-11,Ms. Mitton,Déclarations ds ministres / Statements by Ministers,163,1.0,208,2.70255,2.62635,1.02901
2025-12-11#t1807w0,2025-12-11,Mr. Johnston,Déclarations ds ministres / Statements by Ministers,235,0.6,306,2.5472,2.41712,1.05381
2025-12-11#t1807w1,2025-12-11,Mr. Johnston,Déclarations ds ministres / Statements by Ministers,134,1.0,170,2.62455,2.59271,1.01228
2025-12-11#t1808w0,2025-12-11,Ms. Wilcott,Déclarations ds ministres / Statements by Ministers,151,1.0,182,2.65653,2.55488,1.03979
2025-12-11#t1809w0,2025-12-11,Mr. Hogan,Déclarations ds ministres / Statements by Ministers,170,1.0,205,2.84605,2.84303,1.00106
2025-12-11#t1813w0,2025-12-11,Mr. Robichaud,Déclarations ds ministres / Statements by Ministers,151,0.0,198,2.28158,2.34102,0.97461
2025-12-11#t1814w0,2025-12-11,Mr. Lee,Déclarations ds ministres / Statements by Ministers,149,1.0,185,3.17392,3.01745,1.05185
2025-12-11#t1815w0,2025-12-11,Mr. M. LeBlanc,Déclarations ds ministres / Statements by Ministers,166,1.0,203,2.71131,2.62888,1.03136
2025-12-11#t1816w0,2025-12-11,Mr. Austin,Déclarations ds ministres / Statements by Ministers,217,1.0,269,2.44697,2.59421,0.94324
2025-12-11#t1817w0,2025-12-11,Mr. Savoie,Déclarations ds ministres / Statements by Ministers,205,0.961,249,2.26994,2.38088,0.9534
2025-12-11#t1818w0,2025-12-11,Hon. Mr. McKee,Déclarations ds ministres / Statements by Ministers,187,1.0,229,2.44016,2.55682,0.95437
2025-12-11#t1819w0,2025-12-11,Mr. Savoie,Déclarations ds ministres / Statements by Ministers,228,1.0,274,2.21579,2.48494,0.89169
2025-12-11#t1820w0,2025-12-11,Hon. Mr. McKee,Déclarations ds ministres / Statements by Ministers,203,0.97,252,2.15421,2.40194,0.89686
2025-12-11#t1821w0,2025-12-11,Mr. Savoie,Déclarations ds ministres / Statements by Ministers,201,0.97,234,2.5085,2.6992,0.92935
2025-12-11#t1822w0,2025-12-11,Hon. Mr. McKee,Déclarations ds ministres / Statements by Ministers,201,0.98,245,2.38344,2.41933,0.98517
2025-12-11#t1823w0,2025-12-11,Mr. Savoie,Déclarations ds ministres / Statements by Ministers,203,1.0,264,2.46168,2.48174,0.99192
2025-12-11#t1824w0,2025-12-11,Hon. Mr. McKee,Déclarations ds ministres / Statements by Ministers,166,1.0,223,2.54387,2.42993,1.04689
2025-12-11#t1825w0,2025-12-11,Mr. Savoie,Déclarations ds ministres / Statements by Ministers,176,1.0,210,2.8792,2.69449,1.06855
2025-12-11#t1826w0,2025-12-11,Hon. Mr. McKee,Déclarations ds ministres / Statements by Ministers,156,0.0,184,2.63908,2.69553,0.97906
2025-12-11#t1827w0,2025-12-11,Mr. Savoie,Déclarations ds ministres / Statements by Ministers,225,1.0,291,2.34128,2.25834,1.03672
2025-12-11#t1828w0,2025-12-11,Hon. Mr. McKee,Déclarations ds ministres / Statements by Ministers,172,0.506,223,2.38207,2.52972,0.94163
2025-12-11#t1829w0,2025-12-11,Ms. Scott-Wallace,Déclarations ds ministres / Statements by Ministers,174,1.0,209,2.62384,2.51955,1.04139
2025-12-11#t1830w0,2025-12-11,Hon. Ms. Boudreau,Déclarations ds ministres / Statements by Ministers,149,0.0,178,2.68521,2.70272,0.99352
2025-12-11#t1831w0,2025-12-11,Ms. Scott-Wallace,Déclarations ds ministres / Statements by Ministers,136,1.0,167,2.91084,2.5398,1.14609
2025-12-11#t1832w0,2025-12-11,Hon. Ms. Boudreau,Déclarations ds ministres / Statements by Ministers,176,0.0,207,2.6466,2.73823,0.96654
2025-12-11#t1833w0,2025-12-11,Ms. Scott-Wallace,Déclarations ds ministres / Statements by Ministers,128,1.0,151,3.192,2.98948,1.06775
2025-12-11#t1834w0,2025-12-11,Hon. Ms. Boudreau,Déclarations ds ministres / Statements by Ministers,172,0.0,202,2.97632,2.67114,1.11425
2025-12-11#t1835w0,2025-12-11,Mr. Coon,Déclarations ds ministres / Statements by Ministers,170,1.0,208,2.42365,2.38666,1.0155
2025-12-11#t1836w0,2025-12-11,Hon. K. Chiasson,Déclarations ds ministres / Statements by Ministers,163,1.0,198,2.56572,2.68646,0.95506
2025-12-11#t1837w0,2025-12-11,Mr. Coon,Déclarations ds ministres / Statements by Ministers,105,0.0,128,2.57764,2.65141,0.97218
2025-12-11#t1838w0,2025-12-11,L’hon. K. Chiasson,Déclarations ds ministres / Statements by Ministers,176,0.0,201,2.52318,2.52449,0.99948
2025-12-11#t1839w0,2025-12-11,Ms. Bockus,Déclarations ds ministres / Statements by Ministers,103,1.0,132,2.64518,2.74391,0.96402
2025-12-11#t1840w0,2025-12-11,Hon. Mr. Dornan,Déclarations ds ministres / Statements by Ministers,83,1.0,105,2.85249,2.60874,1.09344
2025-12-11#t1841w0,2025-12-11,Ms. Bockus,Déclarations ds ministres / Statements by Ministers,114,1.0,143,2.80667,2.76633,1.01458
2025-12-11#t1846w0,2025-12-11,Hon. Mr. Dornan,Déclarations ds ministres / Statements by Ministers,112,1.0,139,2.91244,2.97155,0.98011
2025-12-11#t1847w0,2025-12-11,Ms. Bockus,Déclarations ds ministres / Statements by Ministers,118,1.0,136,2.53392,2.62893,0.96386
2025-12-11#t1848w0,2025-12-11,Hon. Mr. Dornan,Déclarations ds ministres / Statements by Ministers,143,1.0,175,2.90137,2.67973,1.08271
2025-12-11#t1849w0,2025-12-11,Mr. Savoie,Déclarations ds ministres / Statements by Ministers,172,1.0,219,2.14987,2.28084,0.94257
2025-12-11#t1850w0,2025-12-11,Hon. Mr. McKee,Déclarations ds ministres / Statements by Ministers,157,0.975,187,2.64108,2.45849,1.07427
2025-12-11#t1852w0,2025-12-11,Hon. Mr. Dornan,Déclarations ds ministres / Statements by Ministers,157,0.624,197,2.62401,2.47323,1.06097
2025-12-11#t1853w0,2025-12-11,Mr. Hogan,Déclarations ds ministres / Statements by Ministers,248,0.714,310,2.58188,2.70376,0.95492
2025-12-11#t1855w0,2025-12-11,Mr. Coon,Déclarations ds ministres / Statements by Ministers,233,1.0,278,2.64029,2.53286,1.04241
2025-12-11#t1856w0,2025-12-11,Hon. C. Johnson,Déclarations ds ministres / Statements by Ministers,223,0.673,280,2.30863,2.29383,1.00645
2025-12-11#t1857w0,2025-12-11,Mr. Lee,Déclarations ds ministres / Statements by Ministers,116,1.0,136,2.66305,2.76433,0.96336
2025-12-11#t1858w0,2025-12-11,Ms. Mitton,Déclarations ds ministres / Statements by Ministers,237,0.983,281,2.36907,2.36558,1.00148
2025-12-11#t1859w0,2025-12-11,Hon. Mr. Randall,Déclarations ds ministres / Statements by Ministers,333,0.817,396,2.20829,2.31597,0.95351
2025-12-11#t1860w0,2025-12-11,Mr. Russell,Déclarations ds ministres / Statements by Ministers,288,1.0,335,2.44119,2.63362,0.92693
2025-12-11#t1861w0,2025-12-11,Ms. Mitton,Déclarations ds ministres / Statements by Ministers,320,0.988,381,2.33547,2.36521,0.98742
2025-12-11#t1862w0,2025-12-11,Hon. C. Johnson,Déclarations ds ministres / Statements by Ministers,354,0.684,438,2.12053,2.15623,0.98344
2025-12-11#t1863w0,2025-12-11,Mr. Lee,Déclarations ds ministres / Statements by Ministers,224,1.0,282,2.84507,2.92216,0.97362
2025-12-11#t1864w0,2025-12-11,Ms. Mitton,Déclarations ds ministres / Statements by Ministers,355,0.614,424,2.26753,2.35726,0.96193
2025-12-11#t1865w0,2025-12-11,Hon. Ms. Townsend,Déclarations ds ministres / Statements by Ministers,173,0.977,197,2.3209,2.23091,1.04034
2025-12-11#t1866w0,2025-12-11,Mr. Cullins,Déclarations ds ministres / Statements by Ministers,255,1.0,323,2.41183,2.46153,0.97981
2025-12-11#t1867w0,2025-12-11,Mr. Coon,Déclarations ds ministres / Statements by Ministers,199,0.98,236,2.43971,2.44637,0.99728
2025-12-11#t1868w0,2025-12-11,Hon. Ms. Boudreau,Déclarations ds ministres / Statements by Ministers,162,0.0,204,2.77129,2.55887,1.08301
2025-12-11#t1869w0,2025-12-11,Ms. Scott-Wallace,Déclarations ds ministres / Statements by Ministers,160,1.0,197,2.5851,2.68146,0.96407
2025-12-11#t1870w0,2025-12-11,Mr. Coon,Déclarations ds ministres / Statements by Ministers,174,0.649,223,2.64278,2.64964,0.99741
2025-12-11#t1873w0,2025-12-11,Mr. M. LeBlanc,Déclarations ds ministres / Statements by Ministers,58,1.0,69,2.56338,2.32658,1.10178
2025-12-11#t1875w0,2025-12-11,Hon. Ms. Miles,Déclarations ds ministres / Statements by Ministers,102,1.0,131,2.5826,2.80491,0.92074
2025-12-11#t1876w0,2025-12-11,Ms. Conroy,Déclarations ds ministres / Statements by Ministers,159,1.0,183,2.57475,2.48981,1.03411
2025-12-11#t1877w0,2025-12-11,Madam Speaker,Déclarations ds ministres / Statements by Ministers,341,0.762,449,2.0035,2.0341,0.98495
2025-12-11#t1877w1,2025-12-11,Madam Speaker,Déclarations ds ministres / Statements by Ministers,333,0.703,442,2.06149,2.03054,1.01524
2025-12-11#t1877w2,2025-12-11,Madam Speaker,Déclarations ds ministres / Statements by Ministers,119,0.479,142,2.20004,2.536,0.86753
2025-12-11#t1880w0,2025-12-11,Madam Speaker,Déclarations ds ministres / Statements by Ministers,331,1.0,429,2.63801,2.78118,0.94852
2025-12-11#t1880w1,2025-12-11,Madam Speaker,Déclarations ds ministres / Statements by Ministers,267,1.0,316,2.51735,2.60121,0.96776
2025-12-11#t1880w2,2025-12-11,Madam Speaker,Déclarations ds ministres / Statements by Ministers,244,1.0,295,2.89199,2.87909,1.00448
2025-12-11#t1880w3,2025-12-11,Madam Speaker,Déclarations ds ministres / Statements by Ministers,276,1.0,329,2.78013,2.69632,1.03108
2025-12-11#t1880w4,2025-12-11,Madam Speaker,Déclarations ds ministres / Statements by Ministers,329,1.0,423,2.95743,2.81236,1.05158
2025-12-11#t1880w5,2025-12-11,Madam Speaker,Déclarations ds ministres / Statements by Ministers,58,1.0,79,3.13089,2.83221,1.10546
2025-12-11#t1885w0,2025-12-11,Mr. Austin,Déclarations ds ministres / Statements by Ministers,92,1.0,110,2.82586,2.65956,1.06253
2025-12-11#t1886w0,2025-12-11,Ms. Mitton,Déclarations ds ministres / Statements by Ministers,69,1.0,89,2.50699,2.5551,0.98117
2025-12-11#t1889w0,2025-12-11,Mr. Savoie,Déclarations ds ministres / Statements by Ministers,100,1.0,121,2.87417,2.53512,1.13374
2025-12-11#t1890w0,2025-12-11,Mr. Deputy Speaker,Déclarations ds ministres / Statements by Ministers,61,1.0,91,2.38603,2.66751,0.89448
2025-12-11#t1891w0,2025-12-11,Mr. Deputy Speaker,Déclarations ds ministres / Statements by Ministers,210,0.838,244,2.33308,2.44113,0.95574
2025-12-11#t1893w0,2025-12-11,Mr. Bourque,Déclarations ds ministres / Statements by Ministers,299,1.0,385,2.40451,2.47151,0.97289
2025-12-11#t1893w1,2025-12-11,Mr. Bourque,Déclarations ds ministres / Statements by Ministers,173,1.0,214,2.57171,2.6236,0.98022
2025-12-11#t1895w0,2025-12-11,Mr. Bourque,Déclarations ds ministres / Statements by Ministers,111,1.0,148,2.68745,2.69364,0.9977
2025-12-11#t1896w0,2025-12-11,Mr. Bourque,Déclarations ds ministres / Statements by Ministers,96,1.0,116,2.75023,2.85818,0.96223
2025-12-11#t1899w0,2025-12-11,Mr. M. LeBlanc,Déclarations ds ministres / Statements by Ministers,82,1.0,120,2.62827,2.55975,1.02677
2025-12-11#t1900w0,2025-12-11,Mr. Deputy Speaker,Déclarations ds ministres / Statements by Ministers,144,0.986,172,2.68397,2.70414,0.99254
2025-12-11#t1903w0,2025-12-11,Mr. M. LeBlanc,Déclarations ds ministres / Statements by Ministers,54,1.0,69,3.56298,3.16023,1.12744
2025-12-11#t1904w0,2025-12-11,Mr. Savoie,Déclarations ds ministres / Statements by Ministers,92,1.0,114,2.72547,2.67539,1.01872
2025-12-11#t1907w0,2025-12-11,Mr. Bourque,Déclarations ds ministres / Statements by Ministers,322,0.953,390,2.44009,2.59177,0.94148
2025-12-11#t1907w1,2025-12-11,Mr. Bourque,Déclarations ds ministres / Statements by Ministers,173,0.954,210,2.485,2.62994,0.94489
2025-12-11#t1908w0,2025-12-11,Mr. Austin,Déclarations ds ministres / Statements by Ministers,307,1.0,395,2.50869,2.50296,1.00229
2025-12-11#t1908w1,2025-12-11,Mr. Austin,Déclarations ds ministres / Statements by Ministers,129,1.0,153,2.93093,2.73226,1.07271
2025-12-11#t1910w0,2025-12-11,Mr. M. LeBlanc,Déclarations ds ministres / Statements by Ministers,109,1.0,139,2.97639,2.91493,1.02109
2025-12-11#t1911w0,2025-12-11,Hon. Mr. Herron,Déclarations ds ministres / Statements by Ministers,107,1.0,132,2.59489,2.37189,1.09402
2025-12-11#t1912w0,2025-12-11,Mr. Deputy Speaker,Déclarations ds ministres / Statements by Ministers,75,1.0,89,2.68133,2.67006,1.00422
2025-12-11#t1913w0,2025-12-11,Mr. Austin,Déclarations ds ministres / Statements by Ministers,339,1.0,405,2.53558,2.42402,1.04602
2025-12-11#t1913w1,2025-12-11,Mr. Austin,Déclarations ds ministres / Statements by Ministers,357,1.0,439,2.61688,2.58383,1.01279
2025-12-11#t1914w0,2025-12-11,Mr. Deputy Speaker,Déclarations ds ministres / Statements by Ministers,348,1.0,452,2.21681,2.28145,0.97167
2025-12-11#t1914w1,2025-12-11,Mr. Deputy Speaker,Déclarations ds ministres / Statements by Ministers,268,1.0,340,2.52547,2.48774,1.01516
2025-12-11#t1915w0,2025-12-11,Mr. Austin,Déclarations ds ministres / Statements by Ministers,177,1.0,208,2.36043,2.49864,0.94469
2025-12-11#t1916w0,2025-12-11,,Déclarations ds ministres / Statements by Ministers,347,1.0,416,2.47109,2.59952,0.9506
2025-12-11#t1916w1,2025-12-11,,Déclarations ds ministres / Statements by Ministers,308,1.0,386,2.53435,2.51859,1.00626
2025-12-11#t1916w2,2025-12-11,,Déclarations ds ministres / Statements by Ministers,298,1.0,398,2.44561,2.48543,0.98398
2025-12-11#t1916w3,2025-12-11,,Déclarations ds ministres / Statements by Ministers,298,1.0,381,2.35329,2.44975,0.96062
2025-12-11#t1916w4,2025-12-11,,Déclarations ds ministres / Statements by Ministers,242,1.0,278,2.72284,2.92597,0.93058
2025-12-11#t1916w5,2025-12-11,,Déclarations ds ministres / Statements by Ministers,300,1.0,378,2.51392,2.46102,1.02149
2025-12-11#t1916w6,2025-12-11,,Déclarations ds ministres / Statements by Ministers,359,1.0,416,2.41325,2.55119,0.94593
2025-12-11#t1916w7,2025-12-11,,Déclarations ds ministres / Statements by Ministers,314,1.0,362,2.67853,2.54976,1.0505
2025-12-11#t1916w8,2025-12-11,,Déclarations ds ministres / Statements by Ministers,92,1.0,132,2.47932,2.85992,0.86692
2025-12-11#t1917w0,2025-12-11,Mr. Austin,Déclarations ds ministres / Statements by Ministers,146,1.0,176,2.97446,2.91176,1.02153
2025-12-11#t1918w0,2025-12-11,Hon. Mr. Herron,Déclarations ds ministres / Statements by Ministers,272,1.0,315,2.73141,2.54999,1.07114
2025-12-11#t1918w1,2025-12-11,Hon. Mr. Herron,Déclarations ds ministres / Statements by Ministers,286,1.0,338,2.50644,2.72979,0.91818
2025-12-11#t1918w2,2025-12-11,Hon. Mr. Herron,Déclarations ds ministres / Statements by Ministers,349,1.0,428,2.51943,2.65106,0.95035
2025-12-11#t1918w3,2025-12-11,Hon. Mr. Herron,Déclarations ds ministres / Statements by Ministers,351,1.0,431,2.75212,2.73567,1.00601
2025-12-11#t1918w4,2025-12-11,Hon. Mr. Herron,Déclarations ds ministres / Statements by Ministers,326,1.0,401,2.73137,2.68756,1.0163
2025-12-11#t1918w5,2025-12-11,Hon. Mr. Herron,Déclarations ds ministres / Statements by Ministers,325,1.0,410,2.78183,2.74927,1.01184
2025-12-11#t1920w0,2025-12-11,Mr. Savoie,Déclarations ds ministres / Statements by Ministers,274,0.905,343,2.45669,2.66465,0.92196
2025-12-11#t1920w1,2025-12-11,Mr. Savoie,Déclarations ds ministres / Statements by Ministers,321,1.0,386,2.70392,2.75216,0.98247
2025-12-11#t1920w2,2025-12-11,Mr. Savoie,Déclarations ds ministres / Statements by Ministers,240,1.0,300,2.48938,2.79203,0.8916
2025-12-11#t1921w0,2025-12-11,Mr. Savoie,Déclarations ds ministres / Statements by Ministers,264,1.0,345,2.74613,2.78118,0.9874
2025-12-11#t1921w1,2025-12-11,Mr. Savoie,Déclarations ds ministres / Statements by Ministers,336,1.0,418,2.77234,2.78083,0.99695
2025-12-11#t1921w2,2025-12-11,Mr. Savoie,Déclarations ds ministres / Statements by Ministers,261,1.0,319,2.77191,2.89602,0.95714
2025-12-11#t1921w3,2025-12-11,Mr. Savoie,Déclarations ds ministres / Statements by Ministers,187,1.0,219,2.40439,2.49329,0.96435
2025-12-11#t1923w0,2025-12-11,Mr. Savoie,Déclarations ds ministres / Statements by Ministers,56,1.0,74,3.2405,2.91312,1.11238
2025-12-11#t1925w0,2025-12-11,Mr. Savoie,Déclarations ds ministres / Statements by Ministers,301,1.0,372,2.68953,2.72298,0.98772
2025-12-11#t1925w1,2025-12-11,Mr. Savoie,Déclarations ds ministres / Statements by Ministers,245,1.0,292,2.55456,2.53783,1.00659
2025-12-11#t1926w0,2025-12-11,Mr. M. LeBlanc,Déclarations ds ministres / Statements by Ministers,335,1.0,410,2.48707,2.35538,1.05591
2025-12-11#t1926w1,2025-12-11,Mr. M. LeBlanc,Déclarations ds ministres / Statements by Ministers,357,1.0,454,2.45506,2.51106,0.9777
2025-12-11#t1926w2,2025-12-11,Mr. M. LeBlanc,Déclarations ds ministres / Statements by Ministers,353,1.0,448,2.60341,2.61896,0.99406
2025-12-11#t1926w3,2025-12-11,Mr. M. LeBlanc,Déclarations ds ministres / Statements by Ministers,357,1.0,458,2.46571,2.4301,1.01466
2025-12-11#t1926w4,2025-12-11,Mr. M. LeBlanc,Déclarations ds ministres / Statements by Ministers,262,1.0,329,2.63856,2.71651,0.9713
2025-12-11#t1926w5,2025-12-11,Mr. M. LeBlanc,Déclarations ds ministres / Statements by Ministers,289,1.0,345,2.77544,2.74995,1.00927
2025-12-11#t1926w6,2025-12-11,Mr. M. LeBlanc,Déclarations ds ministres / Statements by Ministers,98,1.0,120,2.1212,2.22734,0.95235
2025-12-11#t1930w0,2025-12-11,Hon. Mr. Hickey,Déclarations ds ministres / Statements by Ministers,115,1.0,147,2.3837,2.61606,0.91118
2025-12-11#t1931w0,2025-12-11,Ms. Mitton,Déclarations ds ministres / Statements by Ministers,265,1.0,346,2.39868,2.37068,1.01181
2025-12-11#t1931w1,2025-12-11,Ms. Mitton,Déclarations ds ministres / Statements by Ministers,318,1.0,403,2.42643,2.58454,0.93882
2025-12-11#t1931w2,2025-12-11,Ms. Mitton,Déclarations ds ministres / Statements by Ministers,356,1.0,439,2.35179,2.47344,0.95082
2025-12-11#t1931w3,2025-12-11,Ms. Mitton,Déclarations ds ministres / Statements by Ministers,308,1.0,371,2.78002,2.74238,1.01372
2025-12-11#t1933w0,2025-12-11,Ms. Mitton,Déclarations ds ministres / Statements by Ministers,299,1.0,360,2.39194,2.65187,0.90198
2025-12-11#t1933w1,2025-12-11,Ms. Mitton,Déclarations ds ministres / Statements by Ministers,352,1.0,425,2.4053,2.46609,0.97535
2025-12-11#t1934w0,2025-12-11,Mr. Cullins,Déclarations ds ministres / Statements by Ministers,330,1.0,413,2.53112,2.49468,1.01461
2025-12-12#t1939w0,2025-12-12,Mr. Bourque,Déclarations ds ministres / Statements by Ministers,163,0.785,209,2.45165,2.57497,0.95211
2025-12-12#t1940w0,2025-12-12,Hon. Ms. Holt,Déclarations ds ministres / Statements by Ministers,164,0.963,221,3.11254,2.85018,1.09205
2025-12-12#t1941w0,2025-12-12,Hon. Ms. Thériault,Déclarations ds ministres / Statements by Ministers,112,0.0,143,2.32703,2.29493,1.01399
2025-12-12#t1942w0,2025-12-12,Mr. J. LeBlanc,Déclarations ds ministres / Statements by Ministers,164,0.506,217,2.38345,2.35043,1.01405
2025-12-12#t1943w0,2025-12-12,Mr. Monahan,Déclarations ds ministres / Statements by Ministers,144,1.0,180,2.34748,2.54794,0.92132
2025-12-12#t1944w0,2025-12-12,Mr. Coon,Déclarations ds ministres / Statements by Ministers,177,1.0,224,2.41186,2.35103,1.02588
2025-12-12#t1945w0,2025-12-12,Mr. Bourque,Déclarations ds ministres / Statements by Ministers,186,0.0,257,2.38266,2.29846,1.03663
2025-12-12#t1946w0,2025-12-12,Ms. S. Wilson,Déclarations ds ministres / Statements by Ministers,213,1.0,252,2.69137,2.70869,0.99361
2025-12-12#t1947w0,2025-12-12,Ms. Mitton,Déclarations ds ministres / Statements by Ministers,159,1.0,209,2.72004,2.4897,1.09252
2025-12-12#t1948w0,2025-12-12,Mr. Johnston,Déclarations ds ministres / Statements by Ministers,175,1.0,231,2.90652,2.61854,1.10998
2025-12-12#t1949w0,2025-12-12,Mr. Lee,Déclarations ds ministres / Statements by Ministers,121,1.0,153,2.78986,2.80016,0.99632
2025-12-12#t1950w0,2025-12-12,Mr. Ames,Déclarations ds ministres / Statements by Ministers,198,1.0,255,3.34604,3.07151,1.08938
2025-12-12#t1951w0,2025-12-12,Mr. Johnston,Déclarations ds ministres / Statements by Ministers,173,0.965,222,2.89499,2.67037,1.08411
2025-12-12#t1952w0,2025-12-12,Mr. Russell,Déclarations ds ministres / Statements by Ministers,175,1.0,219,2.57456,2.69121,0.95666
2025-12-12#t1953w0,2025-12-12,Mr. Coon,Déclarations ds ministres / Statements by Ministers,165,0.976,211,2.50725,2.51061,0.99866
2025-12-12#t1954w0,2025-12-12,Ms. Sodhi,Déclarations ds ministres / Statements by Ministers,167,1.0,209,2.43799,2.4282,1.00403
2025-12-12#t1955w0,2025-12-12,Mr. Oliver,Déclarations ds ministres / Statements by Ministers,221,1.0,250,2.44133,2.45252,0.99544
2025-12-12#t1956w0,2025-12-12,Ms. Vautour,Déclarations ds ministres / Statements by Ministers,182,0.429,209,2.53486,2.45082,1.03429
2025-12-12#t1957w0,2025-12-12,Ms. Scott-Wallace,Déclarations ds ministres / Statements by Ministers,199,1.0,225,2.46458,2.50192,0.98508
2025-12-12#t1958w0,2025-12-12,Mr. Doucet,Déclarations ds ministres / Statements by Ministers,149,0.0,178,2.58841,2.47156,1.04728
2025-12-12#t1959w0,2025-12-12,Mr. Cullins,Déclarations ds ministres / Statements by Ministers,159,1.0,189,2.01598,2.21845,0.90874
2025-12-12#t1960w0,2025-12-12,Mr. M. LeBlanc,Déclarations ds ministres / Statements by Ministers,179,0.978,222,2.38224,2.27043,1.04925
2025-12-12#t1961w0,2025-12-12,Ms. S. Wilson,Déclarations ds ministres / Statements by Ministers,188,1.0,219,3.10532,2.8784,1.07883
2025-12-12#t1962w0,2025-12-12,Mr. Savoie,Déclarations ds ministres / Statements by Ministers,144,0.944,175,2.11502,2.47911,0.85314
2025-12-12#t1963w0,2025-12-12,Hon. Mr. Dornan,Déclarations ds ministres / Statements by Ministers,181,1.0,213,2.5514,2.55411,0.99894
2025-12-12#t1964w0,2025-12-12,Mr. Savoie,Déclarations ds ministres / Statements by Ministers,197,1.0,240,2.24202,2.31639,0.96789
2025-12-12#t1965w0,2025-12-12,Hon. Mr. Dornan,Déclarations ds ministres / Statements by Ministers,175,1.0,210,2.71098,2.51863,1.07637
2025-12-12#t1966w0,2025-12-12,Mr. Savoie,Déclarations ds ministres / Statements by Ministers,132,1.0,167,2.50014,2.60339,0.96034
2025-12-12#t1967w0,2025-12-12,Hon. Ms. Holt,Déclarations ds ministres / Statements by Ministers,204,0.902,241,2.3349,2.41338,0.96748
2025-12-12#t1968w0,2025-12-12,Mr. Savoie,Déclarations ds ministres / Statements by Ministers,166,1.0,214,2.84378,2.81252,1.01112
2025-12-12#t1969w0,2025-12-12,Hon. Ms. Holt,Déclarations ds ministres / Statements by Ministers,182,1.0,217,2.46311,2.41439,1.02018
2025-12-12#t1970w0,2025-12-12,Mr. Savoie,Déclarations ds ministres / Statements by Ministers,120,1.0,144,3.01004,2.92698,1.02838
2025-12-12#t1971w0,2025-12-12,Mr. Savoie,Déclarations ds ministres / Statements by Ministers,58,1.0,69,3.09569,3.06588,1.00972
2025-12-12#t1972w0,2025-12-12,Hon. Mr. D’Amours,Déclarations ds ministres / Statements by Ministers,134,0.0,173,2.48238,2.24501,1.10574
2025-12-12#t1973w0,2025-12-12,Mr. Savoie,Déclarations ds ministres / Statements by Ministers,141,1.0,178,2.64656,2.59049,1.02164
2025-12-12#t1974w0,2025-12-12,Hon. Mr. Herron,Déclarations ds ministres / Statements by Ministers,160,1.0,193,2.83142,2.6224,1.0797
2025-12-12#t1975w0,2025-12-12,Mr. Cullins,Déclarations ds ministres / Statements by Ministers,143,1.0,186,2.12073,2.05807,1.03045
2025-12-12#t1976w0,2025-12-12,Hon. Ms. Townsend,Déclarations ds ministres / Statements by Ministers,98,1.0,133,3.08571,2.82967,1.09048
2025-12-12#t1977w0,2025-12-12,Mr. Cullins,Déclarations ds ministres / Statements by Ministers,120,1.0,157,2.61308,2.32038,1.12614
2025-12-12#t1978w0,2025-12-12,Hon. Mr. Randall,Déclarations ds ministres / Statements by Ministers,210,1.0,263,2.62456,2.45796,1.06778
2025-12-12#t1980w0,2025-12-12,Mr. Cullins,Déclarations ds ministres / Statements by Ministers,129,1.0,160,2.57282,2.60331,0.98829
2025-12-12#t1981w0,2025-12-12,Hon. Ms. Miles,Déclarations ds ministres / Statements by Ministers,191,1.0,231,2.43012,2.37072,1.02506
2025-12-12#t1982w0,2025-12-12,Mr. Hogan,Déclarations ds ministres / Statements by Ministers,166,1.0,208,2.60737,2.76361,0.94346
2025-12-12#t1983w0,2025-12-12,Hon. C. Johnson,Déclarations ds ministres / Statements by Ministers,150,0.0,175,2.60166,2.52824,1.02904
2025-12-12#t1984w0,2025-12-12,Mr. Hogan,Déclarations ds ministres / Statements by Ministers,146,1.0,197,3.04848,2.77352,1.09914
2025-12-12#t1985w0,2025-12-12,Hon. Mr. Hickey,Déclarations ds ministres / Statements by Ministers,133,1.0,159,2.38256,2.47908,0.96107
2025-12-12#t1987w0,2025-12-12,Mr. Hogan,Déclarations ds ministres / Statements by Ministers,107,1.0,149,2.80421,2.78423,1.00718
2025-12-12#t1988w0,2025-12-12,Hon. Ms. Thériault,Déclarations ds ministres / Statements by Ministers,222,0.0,281,2.43377,2.59816,0.93673
2025-12-12#t1989w0,2025-12-12,Mr. Oliver,Déclarations ds ministres / Statements by Ministers,178,1.0,230,2.61484,2.75135,0.95039
2025-12-12#t1990w0,2025-12-12,Hon. Mr. Gauvin,Déclarations ds ministres / Statements by Ministers,148,1.0,179,3.04452,2.93677,1.03669
2025-12-12#t1991w0,2025-12-12,Mr. Oliver,Déclarations ds ministres / Statements by Ministers,115,1.0,143,2.83278,2.77598,1.02046
2025-12-12#t1992w0,2025-12-12,Hon. Mr. Kennedy,Déclarations ds ministres / Statements by Ministers,105,1.0,142,3.13522,2.84104,1.10355
2025-12-12#t1993w0,2025-12-12,Mr. Oliver,Déclarations ds ministres / Statements by Ministers,131,1.0,165,3.01593,2.73083,1.1044
2025-12-12#t1994w0,2025-12-12,Hon. Ms. Holt,Déclarations ds ministres / Statements by Ministers,177,0.678,208,2.72294,2.61835,1.03994
2025-12-12#t1995w0,2025-12-12,Madam Speaker,Déclarations ds ministres / Statements by Ministers,86,1.0,115,3.10569,3.07793,1.00902
2025-12-12#t1998w0,2025-12-12,Ms. Mitton,Déclarations ds ministres / Statements by Ministers,355,0.837,474,4.14942,4.01508,1.03346
2025-12-12#t1998w1,2025-12-12,Ms. Mitton,Déclarations ds ministres / Statements by Ministers,354,1.0,425,4.06888,3.89207,1.04543
2025-12-12#t1998w2,2025-12-12,Ms. Mitton,Déclarations ds ministres / Statements by Ministers,66,1.0,97,5.56804,4.80458,1.1589
2025-12-12#t1999w0,2025-12-12,Madam Speaker,Déclarations ds ministres / Statements by Ministers,360,0.908,445,3.93494,3.74921,1.04954
2025-12-12#t1999w1,2025-12-12,Madam Speaker,Déclarations ds ministres / Statements by Ministers,341,1.0,415,4.92969,4.85941,1.01446
2025-12-12#t1999w2,2025-12-12,Madam Speaker,Déclarations ds ministres / Statements by Ministers,358,0.76,440,4.12169,4.0089,1.02814
2025-12-12#t2001w0,2025-12-12,Hon. Ms. Holt,Déclarations ds ministres / Statements by Ministers,347,0.821,439,2.31449,2.27653,1.01667
2025-12-12#t2001w1,2025-12-12,Hon. Ms. Holt,Déclarations ds ministres / Statements by Ministers,219,0.507,274,2.5937,2.69117,0.96378
2025-12-12#t2002w0,2025-12-12,Mr. Savoie,Déclarations ds ministres / Statements by Ministers,303,0.934,373,2.31199,2.41997,0.95538
2025-12-12#t2002w1,2025-12-12,Mr. Savoie,Déclarations ds ministres / Statements by Ministers,309,1.0,389,2.57608,2.56305,1.00509
2025-12-12#t2002w2,2025-12-12,Mr. Savoie,Déclarations ds ministres / Statements by Ministers,139,1.0,175,2.47429,2.37959,1.03979
2025-12-12#t2003w0,2025-12-12,Mr. Coon,Déclarations ds ministres / Statements by Ministers,316,0.962,388,2.58647,2.57739,1.00352
2025-12-12#t2003w1,2025-12-12,Mr. Coon,Déclarations ds ministres / Statements by Ministers,259,1.0,305,2.6471,2.67016,0.99137
2025-12-12#t2004w0,2025-12-12,Hon. Mr. Legacy,Déclarations ds ministres / Statements by Ministers,357,0.748,431,1.95795,2.0948,0.93467
2025-12-12#t2004w1,2025-12-12,Hon. Mr. Legacy,Déclarations ds ministres / Statements by Ministers,64,0.938,79,2.25257,2.28284,0.98674
2025-12-12#t2005w0,2025-12-12,Mr. Austin,Déclarations ds ministres / Statements by Ministers,318,1.0,425,2.38249,2.43565,0.97817
2025-12-12#t2005w1,2025-12-12,Mr. Austin,Déclarations ds ministres / Statements by Ministers,126,1.0,174,2.7257,2.53891,1.07357
2025-12-12#t2006w0,2025-12-12,Mr. Coon,Déclarations ds ministres / Statements by Ministers,286,1.0,346,2.6254,2.55538,1.0274
2025-12-12#t2007w0,2025-12-12,Hon. K. Chiasson,Déclarations ds ministres / Statements by Ministers,255,0.58,320,2.19592,2.25112,0.97548
2025-12-12#t2008w0,2025-12-12,Ms. Conroy,Déclarations ds ministres / Statements by Ministers,276,1.0,338,2.47498,2.61458,0.94661
2025-12-12#t2009w0,2025-12-12,Mr. M. LeBlanc,Déclarations ds ministres / Statements by Ministers,105,0.0,129,2.71888,2.97556,0.91373
2025-12-12#t2011w0,2025-12-12,Mr. Coon,Déclarations ds ministres / Statements by Ministers,225,1.0,297,2.44081,2.58494,0.94424
2025-12-12#t2012w0,2025-12-12,Madam Speaker,Déclarations ds ministres / Statements by Ministers,63,0.714,81,3.3135,3.08224,1.07503
2025-12-12#t2013w0,2025-12-12,Mr. Coon,Déclarations ds ministres / Statements by Ministers,155,0.974,187,2.74216,2.79061,0.98264
2025-12-12#t2014w0,2025-12-12,Mr. Coon,Déclarations ds ministres / Statements by Ministers,318,0.987,362,2.499,2.54789,0.98081
2025-12-12#t2014w1,2025-12-12,Mr. Coon,Déclarations ds ministres / Statements by Ministers,245,0.616,340,2.14133,2.10823,1.0157
2025-12-12#t2017w0,2025-12-12,Madam Speaker addressed Her Honour as follows,Déclarations ds ministres / Statements by Ministers,264,0.42,378,1.61541,1.71181,0.94368
2025-12-12#t2018w0,2025-12-12,Her Honour,Déclarations ds ministres / Statements by Ministers,72,0.403,110,2.17514,2.47699,0.87814
2025-12-12#t2021w0,2025-12-12,Mr. Coon,Her Honour and aide retired from the Chamber.,321,0.785,375,2.25924,2.52095,0.89619
2025-12-12#t2021w1,2025-12-12,Mr. Coon,Her Honour and aide retired from the Chamber.,352,0.858,422,2.65894,2.55622,1.04018
2025-12-12#t2021w2,2025-12-12,Mr. Coon,Her Honour and aide retired from the Chamber.,292,0.767,354,2.42529,2.5203,0.9623
2025-12-12#t2021w3,2025-12-12,Mr. Coon,Her Honour and aide retired from the Chamber.,132,0.97,152,2.22467,2.28453,0.9738
2025-12-12#t2025w0,2025-12-12,Hon. Mr. Dornan,Her Honour and aide retired from the Chamber.,77,0.0,119,3.03195,2.79273,1.08566
2025-12-12#t2026w0,2025-12-12,Mr. Savoie,Her Honour and aide retired from the Chamber.,340,0.703,410,2.34415,2.36153,0.99264
2025-12-12#t2026w1,2025-12-12,Mr. Savoie,Her Honour and aide retired from the Chamber.,303,1.0,351,2.23503,2.57685,0.86735
2025-12-12#t2026w2,2025-12-12,Mr. Savoie,Her Honour and aide retired from the Chamber.,297,0.896,342,2.54877,2.59587,0.98185
2025-12-12#t2026w3,2025-12-12,Mr. Savoie,Her Honour and aide retired from the Chamber.,208,0.909,248,2.43346,2.54954,0.95447
2025-12-12#t2027w0,2025-12-12,Hon. Ms. Holt,Her Honour and aide retired from the Chamber.,320,0.588,395,2.58102,2.61687,0.9863
2025-12-12#t2027w1,2025-12-12,Hon. Ms. Holt,Her Honour and aide retired from the Chamber.,352,0.759,432,2.74351,2.71203,1.01161
2025-12-12#t2027w2,2025-12-12,Hon. Ms. Holt,Her Honour and aide retired from the Chamber.,325,0.637,399,2.67668,2.61067,1.02528
2025-12-12#t2027w3,2025-12-12,Hon. Ms. Holt,Her Honour and aide retired from the Chamber.,333,0.748,398,2.45739,2.45055,1.00279
2025-12-12#t2028w0,2025-12-12,Madam Speaker,Her Honour and aide retired from the Chamber.,351,0.735,430,2.90718,3.01677,0.96367
2025-12-12#t2028w1,2025-12-12,Madam Speaker,Her Honour and aide retired from the Chamber.,199,0.462,251,2.40998,2.59889,0.92731
2025-12-12#t2029w0,2025-12-12,Madam Speaker,Her Honour and aide retired from the Chamber.,77,0.896,118,2.08174,2.31679,0.89854
2026-03-17#t2030w0,2026-03-17,Hon. Mr. Legacy,Her Honour and aide retired from the Chamber.,129,0.38,186,2.26068,2.27381,0.99422
2026-03-17#t2031w0,2026-03-17,Hon. Mr. Legacy,Her Honour and aide retired from the Chamber.,339,0.537,442,2.30153,2.20032,1.046
2026-03-17#t2031w1,2026-03-17,Hon. Mr. Legacy,Her Honour and aide retired from the Chamber.,209,0.699,259,2.62586,2.67246,0.98256
2026-03-17#t2032w0,2026-03-17,,Investing in health care,316,0.718,401,2.18638,2.15585,1.01416
2026-03-17#t2032w1,2026-03-17,,Investing in health care,355,0.459,416,2.35521,2.3861,0.98705
2026-03-17#t2032w2,2026-03-17,,Investing in health care,325,0.572,415,2.36025,2.33076,1.01265
2026-03-17#t2032w3,2026-03-17,,Investing in health care,300,0.433,357,2.26531,2.39001,0.94783
2026-03-17#t2033w0,2026-03-17,,"Investing in affordability, housing and social supports",348,0.629,431,2.19502,2.18563,1.0043
2026-03-17#t2033w1,2026-03-17,,"Investing in affordability, housing and social supports",149,1.0,182,2.52457,2.3432,1.0774
2026-03-17#t2034w0,2026-03-17,,Investing in education and children,319,0.467,377,2.25114,2.37427,0.94814
2026-03-17#t2035w0,2026-03-17,,Investing in New Brunswick,331,0.785,393,2.60753,2.6701,0.97657
2026-03-17#t2035w1,2026-03-17,,Investing in New Brunswick,337,0.519,414,2.42646,2.47217,0.98151
2026-03-17#t2035w2,2026-03-17,,Investing in New Brunswick,323,0.467,389,2.3602,2.48325,0.95045
2026-03-17#t2035w3,2026-03-17,,Investing in New Brunswick,188,0.745,229,2.71035,2.82348,0.95994
2026-03-17#t2036w0,2026-03-17,,Looking to the future,324,0.324,389,2.50003,2.4779,1.00893
2026-03-17#t2036w1,2026-03-17,,Looking to the future,354,0.613,438,2.5558,2.60606,0.98071
2026-03-17#t2036w2,2026-03-17,,Looking to the future,328,0.671,388,2.74134,2.68437,1.02122
2026-03-17#t2036w3,2026-03-17,,Looking to the future,306,0.35,358,2.69888,2.5492,1.05872
2026-03-17#t2036w4,2026-03-17,,Looking to the future,351,0.766,411,2.64474,2.61118,1.01285
2026-03-17#t2036w5,2026-03-17,,Looking to the future,117,0.462,153,2.30942,2.48201,0.93046
2026-03-17#t2037w0,2026-03-17,,Looking to the future,61,1.0,96,2.16924,2.04674,1.05985
2026-03-18#t2038w0,2026-03-18,Hon. Ms. Holt,Looking to the future,75,0.147,91,2.43967,2.16523,1.12675
2026-03-18#t2040w0,2026-03-18,Hon. Mr. Dornan,Looking to the future,330,1.0,408,2.28475,2.41793,0.94492
2026-03-18#t2040w1,2026-03-18,Hon. Mr. Dornan,Looking to the future,337,1.0,452,2.5942,2.58494,1.00358
2026-03-18#t2041w0,2026-03-18,Hon. Mr. D’Amours,Looking to the future,163,0.975,196,2.1474,2.23016,0.96289
2026-03-18#t2042w0,2026-03-18,Mr. Coon,Looking to the future,102,1.0,139,2.61707,2.5759,1.01598
2026-03-18#t2043w0,2026-03-18,Mr. J. LeBlanc,Looking to the future,315,0.59,370,1.84158,2.17988,0.84481
2026-03-18#t2044w0,2026-03-18,Mr. Ames,Looking to the future,139,1.0,217,1.93646,2.00533,0.96566
2026-03-18#t2047w0,2026-03-18,Hon. Mr. Dornan,Looking to the future,282,1.0,355,2.59455,2.57854,1.00621
2026-03-18#t2047w1,2026-03-18,Hon. Mr. Dornan,Looking to the future,129,1.0,159,2.68521,2.55561,1.05071
2026-03-18#t2048w0,2026-03-18,Ms. Bockus,Looking to the future,169,1.0,210,2.42924,2.52944,0.96039
2026-03-18#t2049w0,2026-03-18,Mr. Doucet,Looking to the future,123,0.285,154,2.2598,2.11849,1.06671
2026-03-18#t2050w0,2026-03-18,Ms. M. Johnson,Looking to the future,199,1.0,250,2.42087,2.36908,1.02186
2026-03-18#t2051w0,2026-03-18,Mr. Coon,Looking to the future,160,0.975,209,1.76721,1.84686,0.95688
2026-03-18#t2052w0,2026-03-18,Hon. Mr. D’Amours,Looking to the future,136,0.0,176,2.39542,2.46373,0.97227
2026-03-18#t2053w0,2026-03-18,Mr. Monahan,Looking to the future,162,1.0,239,2.48774,2.36356,1.05254
2026-03-18#t2056w0,2026-03-18,Ms. Mitton,Looking to the future,154,1.0,201,2.49742,2.47204,1.01027
2026-03-18#t2057w0,2026-03-18,Ms. M. Wilson,Looking to the future,150,1.0,195,2.57569,2.49439,1.03259
2026-03-18#t2058w0,2026-03-18,Mr. Coon,Looking to the future,160,1.0,202,2.83719,2.90321,0.97726
2026-03-18#t2059w0,2026-03-18,Mr. M. LeBlanc,Looking to the future,153,0.0,194,2.28722,2.22486,1.02803
2026-03-18#t2060w0,2026-03-18,Mr. Lee,Looking to the future,173,1.0,213,2.82159,2.82114,1.00016
2026-03-18#t2061w0,2026-03-18,Ms. Wilcott,Looking to the future,131,1.0,160,2.56845,2.72743,0.94171
2026-03-18#t2062w0,2026-03-18,Ms. Bockus,Looking to the future,155,1.0,192,2.69531,2.58262,1.04363
2026-03-18#t2063w0,2026-03-18,Mr. Bourque,Looking to the future,164,0.598,199,2.54769,2.54588,1.00071
2026-03-18#t2064w0,2026-03-18,Mr. Cullins,Looking to the future,131,1.0,175,2.52754,2.38776,1.05854
2026-03-18#t2065w0,2026-03-18,Mr. Doucet,Looking to the future,172,0.0,228,2.71178,2.78383,0.97412
2026-03-18#t2066w0,2026-03-18,Mr. Monahan,Looking to the future,236,1.0,303,2.7153,2.72897,0.99499
2026-03-18#t2069w0,2026-03-18,Mr. Savoie,Looking to the future,141,0.929,174,2.67702,2.55292,1.04861
2026-03-18#t2070w0,2026-03-18,Hon. Ms. Holt,Looking to the future,185,1.0,215,2.20763,2.30351,0.95838
2026-03-18#t2071w0,2026-03-18,Mr. Savoie,Looking to the future,115,1.0,162,2.74779,2.6101,1.05276
2026-03-18#t2072w0,2026-03-18,Hon. Ms. Holt,Looking to the future,173,0.0,219,2.51187,2.40788,1.04319
2026-03-18#t2073w0,2026-03-18,Mr. Savoie,Looking to the future,163,1.0,205,2.59845,2.61953,0.99195
2026-03-18#t2074w0,2026-03-18,Hon. Ms. Holt,Looking to the future,192,1.0,244,2.31718,2.37641,0.97508
2026-03-18#t2075w0,2026-03-18,Mr. Savoie,Looking to the future,173,1.0,213,2.36205,2.32717,1.01499
2026-03-18#t2076w0,2026-03-18,Hon. Ms. Holt,Looking to the future,158,0.0,189,2.62266,2.58627,1.01407
2026-03-18#t2077w0,2026-03-18,Mr. Savoie,Looking to the future,167,1.0,224,2.66166,2.61126,1.0193
2026-03-18#t2078w0,2026-03-18,Hon. Ms. Holt,Looking to the future,224,1.0,259,2.39419,2.44006,0.9812
2026-03-18#t2079w0,2026-03-18,Mr. Savoie,Looking to the future,115,1.0,147,2.87093,2.70782,1.06024
2026-03-18#t2080w0,2026-03-18,Hon. Mr. D’Amours,Looking to the future,143,0.0,180,2.33327,2.32556,1.00332
2026-03-18#t2081w0,2026-03-18,Mr. Savoie,Looking to the future,189,0.878,222,2.97174,2.7147,1.09468
2026-03-18#t2082w0,2026-03-18,Hon. Mr. D’Amours,Looking to the future,168,0.0,209,2.54852,2.39932,1.06218
2026-03-18#t2083w0,2026-03-18,Mr. Savoie,Looking to the future,158,1.0,200,2.46557,2.55038,0.96675
2026-03-18#t2084w0,2026-03-18,Hon. Mr. D’Amours,Looking to the future,165,0.0,197,2.33036,2.49343,0.9346
2026-03-18#t2085w0,2026-03-18,Mr. Savoie,Looking to the future,172,0.703,232,2.6068,2.40179,1.08536
2026-03-18#t2086w0,2026-03-18,Hon. Mr. Legacy,Looking to the future,170,0.0,220,2.77338,2.69078,1.0307
2026-03-18#t2087w0,2026-03-18,Mr. Savoie,Looking to the future,198,1.0,252,2.49256,2.57138,0.96935
2026-03-18#t2088w0,2026-03-18,Hon. Mr. Legacy,Looking to the future,207,0.0,256,2.84848,2.87091,0.99219
2026-03-18#t2089w0,2026-03-18,Mr. Savoie,Looking to the future,125,0.6,154,2.79594,2.60988,1.07129
2026-03-18#t2090w0,2026-03-18,Hon. Mr. Legacy,Looking to the future,109,1.0,144,2.65919,2.77959,0.95669
2026-03-18#t2091w0,2026-03-18,Mr. Savoie,Looking to the future,160,1.0,206,2.69901,2.59961,1.03824
2026-03-18#t2092w0,2026-03-18,Hon. Mr. Legacy,Looking to the future,180,1.0,228,2.40217,2.45413,0.97883
2026-03-18#t2093w0,2026-03-18,Mr. Savoie,Looking to the future,184,1.0,240,2.43889,2.53951,0.96038
2026-03-18#t2094w0,2026-03-18,Hon. Mr. Legacy,Looking to the future,145,1.0,192,2.67282,2.68747,0.99455
2026-03-18#t2095w0,2026-03-18,Ms. M. Johnson,Looking to the future,75,1.0,87,3.02241,2.82008,1.07175
2026-03-18#t2096w0,2026-03-18,Hon. Ms. Boudreau,Looking to the future,135,0.0,151,2.7476,2.62285,1.04756
2026-03-18#t2097w0,2026-03-18,Ms. M. Johnson,Looking to the future,62,1.0,79,3.12461,3.30902,0.94427
2026-03-18#t2098w0,2026-03-18,Hon. Ms. Boudreau,Looking to the future,175,0.0,198,2.53839,2.55756,0.99251
2026-03-18#t2099w0,2026-03-18,Ms. M. Johnson,Looking to the future,165,1.0,189,2.6453,2.52793,1.04643
2026-03-18#t2100w0,2026-03-18,Hon. Ms. Boudreau,Looking to the future,171,0.0,211,2.71683,2.56708,1.05833
2026-03-18#t2101w0,2026-03-18,Mr. Coon,Looking to the future,140,1.0,164,2.50563,2.6135,0.95873
2026-03-18#t2102w0,2026-03-18,Hon. Mr. D’Amours,Looking to the future,132,0.0,161,2.47568,2.39877,1.03206
2026-03-18#t2103w0,2026-03-18,Mr. Coon,Looking to the future,155,1.0,198,2.75999,2.80652,0.98342
2026-03-18#t2104w0,2026-03-18,Hon. Mr. D’Amours,Looking to the future,171,0.0,199,2.32076,2.44224,0.95026
2026-03-18#t2105w0,2026-03-18,Ms. Mitton,Looking to the future,143,1.0,181,2.62363,2.84001,0.92381
2026-03-18#t2106w0,2026-03-18,Hon. Mr. Legacy,Looking to the future,178,1.0,222,2.7401,2.61843,1.04646
2026-03-18#t2107w0,2026-03-18,Ms. Mitton,Looking to the future,156,1.0,191,3.05614,2.72752,1.12048
2026-03-18#t2108w0,2026-03-18,Hon. Mr. Legacy,Looking to the future,159,1.0,206,2.71055,2.7283,0.99349
2026-03-18#t2109w0,2026-03-18,Mr. Hogan,Looking to the future,152,1.0,203,2.67792,2.41293,1.10982
2026-03-18#t2110w0,2026-03-18,Hon. Mr. Dornan,Looking to the future,162,1.0,199,2.88123,2.71774,1.06016
2026-03-18#t2111w0,2026-03-18,Mr. Hogan,Looking to the future,150,1.0,197,2.71633,2.54665,1.06663
2026-03-18#t2112w0,2026-03-18,Hon. Ms. Holt,Looking to the future,181,0.978,217,2.34547,2.36624,0.99122
2026-03-18#t2114w0,2026-03-18,Hon. C. Johnson,Looking to the future,226,0.0,285,2.49215,2.36104,1.05553
2026-03-18#t2115w0,2026-03-18,Mr. Lee,Looking to the future,116,1.0,136,2.38495,2.37585,1.00383
2026-03-18#t2116w0,2026-03-18,Ms. Mitton,Looking to the future,150,0.0,184,2.24709,2.31772,0.96953
2026-03-18#t2117w0,2026-03-18,Hon. Mr. Herron,Looking to the future,356,0.851,413,2.26776,2.44176,0.92874
2026-03-18#t2118w0,2026-03-18,Mr. Austin,Looking to the future,222,1.0,301,2.41619,2.47417,0.97657
2026-03-18#t2119w0,2026-03-18,Mr. Coon,Looking to the future,287,1.0,354,2.57908,2.56813,1.00426
2026-03-18#t2119w1,2026-03-18,Mr. Coon,Looking to the future,134,1.0,166,3.01064,2.87108,1.04861
2026-03-18#t2120w0,2026-03-18,Hon. Mr. Dornan,Looking to the future,152,0.855,195,2.61161,2.39847,1.08887
2026-03-18#t2122w0,2026-03-18,Mr. Hogan,Looking to the future,254,1.0,314,2.45991,2.50335,0.98265
2026-03-18#t2123w0,2026-03-18,Mr. Coon,Looking to the future,271,1.0,346,2.75154,2.73766,1.00507
2026-03-18#t2124w0,2026-03-18,Hon. Mr. Dornan,Looking to the future,244,0.734,286,2.6273,2.57577,1.02001
2026-03-18#t2125w0,2026-03-18,Mr. Hogan,Looking to the future,298,1.0,376,2.24253,2.36442,0.94845
2026-03-18#t2126w0,2026-03-18,Mr. Coon,Looking to the future,328,0.921,386,2.26517,2.28072,0.99318
2026-03-18#t2128w0,2026-03-18,Hon. Ms. Boudreau,Looking to the future,192,0.365,255,2.94425,2.9321,1.00414
2026-03-18#t2129w0,2026-03-18,Ms. Mitton,Looking to the future,99,0.333,112,2.03955,2.33384,0.87391
2026-03-18#t2130w0,2026-03-18,Hon. Ms. Townsend,Looking to the future,94,1.0,109,2.46466,2.46583,0.99953
2026-03-18#t2133w0,2026-03-18,Mr. Monahan,Looking to the future,192,1.0,248,2.53758,2.58597,0.98129
2026-03-18#t2134w0,2026-03-18,Mr. J. LeBlanc,Looking to the future,354,0.421,459,1.94525,2.12221,0.91662
2026-03-18#t2134w1,2026-03-18,Mr. J. LeBlanc,Looking to the future,340,0.668,411,2.10853,2.09576,1.00609
2026-03-18#t2134w2,2026-03-18,Mr. J. LeBlanc,Looking to the future,257,0.957,337,2.13728,2.21591,0.96452
2026-03-18#t2135w0,2026-03-18,Mr. M. LeBlanc,Looking to the future,334,0.611,424,2.26991,2.37009,0.95773
2026-03-18#t2135w1,2026-03-18,Mr. M. LeBlanc,Looking to the future,353,0.836,432,2.47538,2.50967,0.98634
2026-03-18#t2135w2,2026-03-18,Mr. M. LeBlanc,Looking to the future,358,0.718,410,2.1609,2.28724,0.94476
2026-03-18#t2135w3,2026-03-18,Mr. M. LeBlanc,Looking to the future,321,0.773,370,2.77416,2.87929,0.96349
2026-03-18#t2135w4,2026-03-18,Mr. M. LeBlanc,Looking to the future,352,0.594,452,2.49054,2.49048,1.00002
2026-03-18#t2135w5,2026-03-18,Mr. M. LeBlanc,Looking to the future,313,1.0,402,2.55311,2.4783,1.03019
2026-03-18#t2135w6,2026-03-18,Mr. M. LeBlanc,Looking to the future,310,0.694,387,2.45279,2.47806,0.9898
2026-03-18#t2135w7,2026-03-18,Mr. M. LeBlanc,Looking to the future,308,0.643,372,2.83348,2.79931,1.01221
2026-03-18#t2135w8,2026-03-18,Mr. M. LeBlanc,Looking to the future,323,0.796,424,2.77172,2.61277,1.06083
2026-03-18#t2135w9,2026-03-18,Mr. M. LeBlanc,Looking to the future,328,0.744,376,2.65768,2.54146,1.04573
2026-03-18#t2135w10,2026-03-18,Mr. M. LeBlanc,Looking to the future,321,1.0,370,2.68466,2.72691,0.98451
2026-03-18#t2135w11,2026-03-18,Mr. M. LeBlanc,Looking to the future,341,0.578,438,2.5833,2.65145,0.9743
2026-03-18#t2135w12,2026-03-18,Mr. M. LeBlanc,Looking to the future,344,0.852,401,2.3639,2.49552,0.94726
2026-03-18#t2135w13,2026-03-18,Mr. M. LeBlanc,Looking to the future,243,0.564,305,2.64371,2.68737,0.98375
2026-03-18#t2135w14,2026-03-18,Mr. M. LeBlanc,Looking to the future,298,0.668,372,2.82103,2.67511,1.05455
2026-03-18#t2135w15,2026-03-18,Mr. M. LeBlanc,Looking to the future,271,0.583,322,2.94103,2.82921,1.03952
2026-03-18#t2135w16,2026-03-18,Mr. M. LeBlanc,Looking to the future,346,1.0,472,2.55502,2.60127,0.98222
2026-03-18#t2135w17,2026-03-18,Mr. M. LeBlanc,Looking to the future,273,1.0,344,3.09991,2.86329,1.08264
2026-03-18#t2135w18,2026-03-18,Mr. M. LeBlanc,Looking to the future,300,0.813,355,2.54362,2.69462,0.94396
2026-03-18#t2135w19,2026-03-18,Mr. M. LeBlanc,Looking to the future,339,0.708,415,2.75039,2.65328,1.0366
2026-03-18#t2135w20,2026-03-18,Mr. M. LeBlanc,Looking to the future,298,0.628,377,2.75423,2.76883,0.99473
2026-03-18#t2135w21,2026-03-18,Mr. M. LeBlanc,Looking to the future,277,1.0,347,2.98042,2.74226,1.08685
2026-03-18#t2135w22,2026-03-18,Mr. M. LeBlanc,Looking to the future,209,0.526,252,3.16278,2.90916,1.08718
2026-03-18#t2135w23,2026-03-18,Mr. M. LeBlanc,Looking to the future,346,1.0,427,3.00586,2.91225,1.03214
2026-03-18#t2135w24,2026-03-18,Mr. M. LeBlanc,Looking to the future,336,0.818,393,2.92319,2.7762,1.05295
2026-03-18#t2135w25,2026-03-18,Mr. M. LeBlanc,Looking to the future,301,0.405,369,2.93925,2.86627,1.02546
2026-03-18#t2135w26,2026-03-18,Mr. M. LeBlanc,Looking to the future,355,0.741,422,2.92861,2.78374,1.05204
2026-03-18#t2135w27,2026-03-18,Mr. M. LeBlanc,Looking to the future,326,0.617,402,2.79245,2.71693,1.0278
2026-03-18#t2135w28,2026-03-18,Mr. M. LeBlanc,Looking to the future,278,0.673,328,2.56015,2.54693,1.00519
2026-03-18#t2135w29,2026-03-18,Mr. M. LeBlanc,Looking to the future,272,0.89,321,2.64692,2.59904,1.01842
2026-03-19#t2136w0,2026-03-19,Mr. M. LeBlanc,Looking to the future,54,0.389,85,1.99747,2.48224,0.8047
2026-03-20#t2137w0,2026-03-20,Ms. Vautour,Looking to the future,83,0.0,116,2.36328,2.36538,0.99911
2026-03-20#t2140w0,2026-03-20,Ms. Mitton,Looking to the future,65,0.0,85,1.87357,2.13685,0.87679
2026-03-20#t2141w0,2026-03-20,Mr. Savoie,Looking to the future,85,0.0,105,2.70995,2.31364,1.1713
2026-03-20#t2143w0,2026-03-20,Hon. Ms. Miles,Looking to the future,249,1.0,328,2.29198,2.38813,0.95974
2026-03-20#t2144w0,2026-03-20,Mr. Savoie,Looking to the future,120,0.95,150,1.69467,2.05775,0.82356
2026-03-20#t2145w0,2026-03-20,Mr. Johnston,Looking to the future,113,0.0,162,2.11926,2.04201,1.03783
2026-03-20#t2146w0,2026-03-20,Ms. M. Johnson,Looking to the future,251,1.0,317,2.13816,2.24168,0.95382
2026-03-20#t2147w0,2026-03-20,Ms. Vautour,Looking to the future,203,0.0,272,2.23644,2.19107,1.02071
2026-03-20#t2148w0,2026-03-20,Mr. Monahan,Looking to the future,148,1.0,217,2.53844,2.38123,1.06602
2026-03-20#t2149w0,2026-03-20,Hon. Mr. Gauvin,Looking to the future,124,0.0,167,2.56196,2.45038,1.04553
2026-03-20#t2150w0,2026-03-20,Ms. Bockus,Looking to the future,156,1.0,191,2.4941,2.4133,1.03348
2026-03-20#t2151w0,2026-03-20,Mr. Coon,Looking to the future,156,0.974,224,1.85649,1.79198,1.036
2026-03-20#t2152w0,2026-03-20,Ms. Mitton,Looking to the future,208,1.0,285,2.26312,2.24701,1.00717
2026-03-20#t2153w0,2026-03-20,Ms. Scott-Wallace,Looking to the future,128,1.0,165,2.81833,2.65035,1.06338
2026-03-20#t2154w0,2026-03-20,Ms. Mitton,Looking to the future,162,1.0,190,3.04036,2.69013,1.13019
2026-03-20#t2155w0,2026-03-20,Mr. J. LeBlanc,Looking to the future,154,0.0,183,2.34206,2.40536,0.97369
2026-03-20#t2156w0,2026-03-20,Mr. Weir,Looking to the future,143,1.0,175,2.28376,2.29743,0.99405
2026-03-20#t2157w0,2026-03-20,Ms. Vautour,Looking to the future,164,0.0,201,2.47972,2.60739,0.95103
2026-03-20#t2158w0,2026-03-20,Ms. Conroy,Looking to the future,153,1.0,199,2.45716,2.38531,1.03012
2026-03-20#t2159w0,2026-03-20,Mr. Robichaud,Looking to the future,127,0.425,168,2.38793,2.54649,0.93774
2026-03-20#t2160w0,2026-03-20,Mr. Austin,Looking to the future,138,1.0,179,2.38638,2.52329,0.94574
2026-03-20#t2161w0,2026-03-20,Mr. Johnston,Looking to the future,147,1.0,192,2.29113,2.26473,1.01166
2026-03-20#t2162w0,2026-03-20,Mr. Hogan,Looking to the future,142,1.0,165,2.62958,2.4878,1.05699
2026-03-20#t2163w0,2026-03-20,Mr. Savoie,Looking to the future,145,0.945,191,2.50781,2.77593,0.90341
2026-03-20#t2164w0,2026-03-20,Hon. Ms. Holt,Looking to the future,166,1.0,204,2.38233,2.41052,0.98831
2026-03-20#t2165w0,2026-03-20,Mr. Savoie,Looking to the future,136,1.0,165,2.69692,2.57568,1.04707
2026-03-20#t2166w0,2026-03-20,Hon. Ms. Holt,Looking to the future,179,0.0,206,2.35517,2.51464,0.93658
2026-03-20#t2167w0,2026-03-20,Mr. Savoie,Looking to the future,153,0.771,185,2.58223,2.61511,0.98743
2026-03-20#t2168w0,2026-03-20,Hon. Ms. Holt,Looking to the future,190,1.0,228,2.50214,2.41502,1.03608
2026-03-20#t2169w0,2026-03-20,Mr. Savoie,Looking to the future,126,1.0,146,2.96037,2.83194,1.04535
2026-03-20#t2170w0,2026-03-20,Hon. Mr. Finnigan,Looking to the future,134,0.0,173,2.66772,2.50809,1.06365
2026-03-20#t2171w0,2026-03-20,Mr. Savoie,Looking to the future,149,1.0,179,2.79822,2.61049,1.07192
2026-03-20#t2172w0,2026-03-20,Hon. Mr. Finnigan,Looking to the future,163,0.975,196,2.62709,2.60373,1.00897
2026-03-20#t2173w0,2026-03-20,Mr. Savoie,Looking to the future,155,1.0,197,2.37861,2.30835,1.03043
2026-03-20#t2174w0,2026-03-20,Hon. Mr. Finnigan,Looking to the future,166,1.0,205,2.68518,2.82994,0.94885
2026-03-20#t2175w0,2026-03-20,Ms. Scott-Wallace,Looking to the future,174,1.0,204,3.26,2.98853,1.09084
2026-03-20#t2176w0,2026-03-20,Hon. Mr. Finnigan,Looking to the future,137,0.985,184,2.75235,2.76596,0.99508
2026-03-20#t2177w0,2026-03-20,Ms. Scott-Wallace,Looking to the future,207,1.0,247,2.81934,2.69899,1.04459
2026-03-20#t2178w0,2026-03-20,Hon. Mr. McKee,Looking to the future,142,1.0,172,2.21843,2.45062,0.90525
2026-03-20#t2181w0,2026-03-20,Ms. Scott-Wallace,Looking to the future,173,1.0,208,3.15273,2.96672,1.0627
2026-03-20#t2182w0,2026-03-20,Hon. Mr. Gauvin,Looking to the future,186,0.0,224,2.85553,2.87888,0.99189
2026-03-20#t2183w0,2026-03-20,Mr. Hogan,Looking to the future,137,1.0,179,2.49038,2.48102,1.00377
2026-03-20#t2184w0,2026-03-20,Hon. Mr. Dornan,Looking to the future,115,1.0,151,2.13631,2.17267,0.98326
2026-03-20#t2185w0,2026-03-20,Mr. Hogan,Looking to the future,160,1.0,202,3.48164,3.14145,1.10829
2026-03-20#t2186w0,2026-03-20,Hon. Mr. Dornan,Looking to the future,73,1.0,87,2.57981,2.81185,0.91748
2026-03-20#t2187w0,2026-03-20,Mr. Hogan,Looking to the future,94,1.0,121,2.76794,2.55298,1.0842
2026-03-20#t2188w0,2026-03-20,Hon. Mr. Dornan,Looking to the future,64,1.0,82,3.08503,2.81346,1.09653
2026-03-20#t2189w0,2026-03-20,Mr. Lee,Looking to the future,165,1.0,198,3.01197,2.87064,1.04923
2026-03-20#t2190w0,2026-03-20,Hon. C. Johnson,Looking to the future,83,1.0,106,2.76487,2.71719,1.01755
2026-03-20#t2191w0,2026-03-20,Mr. Lee,Looking to the future,143,1.0,177,3.13442,2.98305,1.05074
2026-03-20#t2192w0,2026-03-20,Hon. C. Johnson,Looking to the future,132,0.0,158,2.36423,2.41782,0.97783
2026-03-20#t2193w0,2026-03-20,Mr. Lee,Looking to the future,166,1.0,204,2.41851,2.5577,0.94558
2026-03-20#t2195w0,2026-03-20,Mr. Monahan,Looking to the future,156,1.0,184,2.55727,2.66543,0.95942
2026-03-20#t2196w0,2026-03-20,Hon. Ms. Holt,Looking to the future,214,1.0,246,2.73315,2.80243,0.97528
2026-03-20#t2198w0,2026-03-20,Hon. Ms. Thériault,Looking to the future,153,0.373,191,2.40064,2.28967,1.04846
2026-03-20#t2199w0,2026-03-20,Ms. M. Wilson,Looking to the future,172,1.0,198,2.31566,2.64199,0.87648
2026-03-20#t2200w0,2026-03-20,Ms. Mitton,Looking to the future,155,1.0,178,2.27206,2.50787,0.90597
2026-03-20#t2201w0,2026-03-20,Hon. Ms. Miles,Looking to the future,170,0.829,206,2.16719,2.22678,0.97324
2026-03-20#t2202w0,2026-03-20,Ms. M. Johnson,Looking to the future,198,0.97,232,2.82741,2.73827,1.03255
2026-03-20#t2203w0,2026-03-20,Mr. Coon,Looking to the future,187,0.979,231,2.3531,2.35298,1.00005
2026-03-20#t2204w0,2026-03-20,Hon. Mr. Gauvin,Looking to the future,159,0.0,199,1.93365,2.05655,0.94024
2026-03-20#t2205w0,2026-03-20,Mr. Hogan,Looking to the future,107,0.0,136,2.23857,2.25035,0.99476
2026-03-20#t2206w0,2026-03-20,Ms. Mitton,Looking to the future,165,0.448,225,2.43364,2.25712,1.07821
2026-03-20#t2207w0,2026-03-20,Mr. M. LeBlanc,Looking to the future,282,0.135,373,2.23984,2.33971,0.95731
2026-03-20#t2207w1,2026-03-20,Mr. M. LeBlanc,Looking to the future,339,0.0,418,2.2579,2.26542,0.99668
2026-03-20#t2208w0,2026-03-20,Ms. Scott-Wallace,Looking to the future,333,1.0,396,2.53163,2.57861,0.98178
2026-03-20#t2208w1,2026-03-20,Ms. Scott-Wallace,Looking to the future,245,1.0,287,2.97179,2.7571,1.07787
2026-03-20#t2208w2,2026-03-20,Ms. Scott-Wallace,Looking to the future,255,1.0,288,2.89919,2.91284,0.99531
2026-03-20#t2208w3,2026-03-20,Ms. Scott-Wallace,Looking to the future,357,1.0,423,2.79384,2.71525,1.02894
2026-03-20#t2208w4,2026-03-20,Ms. Scott-Wallace,Looking to the future,163,1.0,196,3.19766,2.98143,1.07253
2026-03-20#t2209w0,2026-03-20,Mr. Coon,Looking to the future,272,1.0,339,2.28465,2.23747,1.02109
2026-03-20#t2209w1,2026-03-20,Mr. Coon,Looking to the future,341,1.0,431,2.4415,2.43138,1.00416
2026-03-20#t2209w2,2026-03-20,Mr. Coon,Looking to the future,350,0.806,465,2.07354,2.07279,1.00036
2026-03-20#t2209w3,2026-03-20,Mr. Coon,Looking to the future,317,0.896,426,2.68755,2.62554,1.02362
2026-03-20#t2209w4,2026-03-20,Mr. Coon,Looking to the future,331,0.849,395,2.46861,2.47486,0.99747
2026-03-20#t2209w5,2026-03-20,Mr. Coon,Looking to the future,301,0.917,362,2.268,2.39617,0.94651
2026-03-20#t2210w0,2026-03-20,Mr. Hogan,Looking to the future,339,1.0,432,2.45961,2.54362,0.96697
2026-03-20#t2210w1,2026-03-20,Mr. Hogan,Looking to the future,97,1.0,110,3.11271,2.88065,1.08056
2026-03-20#t2211w0,2026-03-20,Mr. Coon,Looking to the future,310,0.987,389,2.40431,2.39906,1.00219
2026-03-20#t2211w1,2026-03-20,Mr. Coon,Looking to the future,332,1.0,419,2.21969,2.26767,0.97884
2026-03-20#t2211w2,2026-03-20,Mr. Coon,Looking to the future,217,1.0,274,2.5883,2.70938,0.95531
2026-03-20#t2212w0,2026-03-20,Mr. Coon,Looking to the future,122,1.0,159,2.52561,2.63621,0.95805
2026-03-20#t2214w0,2026-03-20,Madam Speaker,Looking to the future,313,0.859,394,2.41942,2.59175,0.93351
2026-03-20#t2214w1,2026-03-20,Madam Speaker,Looking to the future,316,0.873,399,2.91816,2.83201,1.03042
2026-03-20#t2214w2,2026-03-20,Madam Speaker,Looking to the future,260,0.927,327,2.78007,2.74556,1.01257
2026-03-20#t2214w3,2026-03-20,Madam Speaker,Looking to the future,338,0.861,426,2.38641,2.44224,0.97714
2026-03-20#t2214w4,2026-03-20,Madam Speaker,Looking to the future,310,1.0,373,2.78202,2.84347,0.97839
2026-03-20#t2214w5,2026-03-20,Madam Speaker,Looking to the future,348,1.0,451,2.79146,2.70588,1.03163
2026-03-20#t2214w6,2026-03-20,Madam Speaker,Looking to the future,336,1.0,434,2.46595,2.52559,0.97638
2026-03-20#t2214w7,2026-03-20,Madam Speaker,Looking to the future,316,0.684,375,2.32975,2.47528,0.94121
2026-03-20#t2214w8,2026-03-20,Madam Speaker,Looking to the future,322,1.0,395,2.58819,2.52095,1.02667
2026-03-20#t2214w9,2026-03-20,Madam Speaker,Looking to the future,331,0.867,394,2.60826,2.6132,0.99811
2026-03-20#t2214w10,2026-03-20,Madam Speaker,Looking to the future,301,0.817,379,2.62246,2.51196,1.04399
2026-03-20#t2214w11,2026-03-20,Madam Speaker,Looking to the future,342,1.0,424,2.70484,2.56792,1.05332
2026-03-20#t2214w12,2026-03-20,Madam Speaker,Looking to the future,304,1.0,367,2.74705,2.70299,1.0163
2026-03-20#t2214w13,2026-03-20,Madam Speaker,Looking to the future,312,1.0,393,2.66044,2.61928,1.01571
2026-03-20#t2214w14,2026-03-20,Madam Speaker,Looking to the future,270,0.985,346,2.41556,2.47365,0.97652
2026-03-20#t2216w0,2026-03-20,Hon. Mr. Dornan,Looking to the future,348,0.945,423,2.39404,2.30152,1.0402
2026-03-20#t2216w1,2026-03-20,Hon. Mr. Dornan,Looking to the future,349,0.903,444,2.21421,2.2311,0.99243
2026-03-20#t2216w2,2026-03-20,Hon. Mr. Dornan,Looking to the future,289,0.955,336,2.63094,2.69842,0.975
2026-03-20#t2216w3,2026-03-20,Hon. Mr. Dornan,Looking to the future,235,1.0,308,2.70365,2.72411,0.99249
2026-03-20#t2216w4,2026-03-20,Hon. Mr. Dornan,Looking to the future,325,0.954,387,2.63215,2.55166,1.03154
2026-03-20#t2216w5,2026-03-20,Hon. Mr. Dornan,Looking to the future,354,0.963,427,2.47109,2.61687,0.94429
2026-03-20#t2216w6,2026-03-20,Hon. Mr. Dornan,Looking to the future,302,0.914,383,2.8113,2.63165,1.06827
2026-03-20#t2216w7,2026-03-20,Hon. Mr. Dornan,Looking to the future,291,0.883,349,2.50829,2.56248,0.97885
2026-03-20#t2216w8,2026-03-20,Hon. Mr. Dornan,Looking to the future,241,1.0,291,2.89004,2.95589,0.97772
2026-03-20#t2216w9,2026-03-20,Hon. Mr. Dornan,Looking to the future,333,1.0,408,2.52716,2.56099,0.98679
2026-03-20#t2216w10,2026-03-20,Hon. Mr. Dornan,Looking to the future,345,0.881,419,2.43732,2.39659,1.017
2026-03-20#t2217w0,2026-03-20,Mr. Savoie,Looking to the future,319,0.746,393,2.38917,2.34301,1.0197
2026-03-20#t2217w1,2026-03-20,Mr. Savoie,Looking to the future,226,1.0,274,2.76627,2.69176,1.02768
2026-03-20#t2217w2,2026-03-20,Mr. Savoie,Looking to the future,232,1.0,278,2.84871,2.92454,0.97407
2026-03-20#t2217w3,2026-03-20,Mr. Savoie,Looking to the future,328,1.0,417,2.6193,2.71064,0.9663
2026-03-20#t2217w4,2026-03-20,Mr. Savoie,Looking to the future,273,1.0,333,2.96312,2.83358,1.04572
2026-03-20#t2218w0,2026-03-20,Mr. Doucet,Looking to the future,59,0.0,77,2.8229,2.65474,1.06334
2026-03-20#t2221w0,2026-03-20,Mr. Deputy Speaker,Looking to the future,56,0.0,73,2.67357,2.85681,0.93586
2026-03-20#t2222w0,2026-03-20,Mr. Savoie,Looking to the future,87,1.0,116,2.93691,2.70689,1.08497
2026-03-20#t2223w0,2026-03-20,M. Savoie,Looking to the future,260,0.988,319,2.85037,2.91711,0.97712
2026-03-20#t2223w1,2026-03-20,M. Savoie,Looking to the future,333,1.0,424,2.69294,2.72276,0.98905
2026-03-20#t2223w2,2026-03-20,M. Savoie,Looking to the future,230,1.0,310,2.48587,2.63799,0.94233
2026-03-20#t2223w3,2026-03-20,M. Savoie,Looking to the future,328,1.0,427,2.72871,2.82977,0.96429
2026-03-20#t2223w4,2026-03-20,M. Savoie,Looking to the future,284,1.0,353,2.44801,2.51118,0.97484
2026-03-20#t2223w5,2026-03-20,M. Savoie,Looking to the future,337,1.0,427,2.59258,2.60041,0.99699
2026-03-20#t2223w6,2026-03-20,M. Savoie,Looking to the future,336,1.0,443,3.01414,2.83634,1.06269
2026-03-20#t2223w7,2026-03-20,M. Savoie,Looking to the future,297,1.0,393,2.55447,2.59858,0.98302
2026-03-20#t2223w8,2026-03-20,M. Savoie,Looking to the future,302,1.0,385,2.61495,2.66707,0.98046
2026-03-20#t2223w9,2026-03-20,M. Savoie,Looking to the future,209,1.0,276,2.63957,2.79024,0.946
2026-03-20#t2224w0,2026-03-20,Mr. Savoie,Looking to the future,348,1.0,452,2.78237,2.74703,1.01287
2026-03-20#t2224w1,2026-03-20,Mr. Savoie,Looking to the future,306,1.0,392,2.83421,2.78896,1.01622
2026-03-20#t2224w2,2026-03-20,Mr. Savoie,Looking to the future,304,1.0,374,2.80248,2.66805,1.05039
2026-03-20#t2224w3,2026-03-20,Mr. Savoie,Looking to the future,348,1.0,429,2.78324,2.67486,1.04052
2026-03-20#t2224w4,2026-03-20,Mr. Savoie,Looking to the future,187,1.0,225,2.51633,2.5585,0.98352
2026-03-20#t2226w0,2026-03-20,Mr. Savoie,Looking to the future,116,1.0,152,2.83706,2.63462,1.07684
2026-03-20#t2228w0,2026-03-20,Hon. Ms. Miles,Looking to the future,327,1.0,386,2.23751,2.31629,0.96599
2026-03-20#t2228w1,2026-03-20,Hon. Ms. Miles,Looking to the future,339,0.829,388,2.24437,2.33701,0.96036
2026-03-20#t2228w2,2026-03-20,Hon. Ms. Miles,Looking to the future,353,1.0,413,2.47079,2.47678,0.99758
2026-03-20#t2228w3,2026-03-20,Hon. Ms. Miles,Looking to the future,249,0.799,293,2.38344,2.29864,1.03689
2026-03-20#t2228w4,2026-03-20,Hon. Ms. Miles,Looking to the future,352,1.0,424,2.17803,2.29337,0.94971
2026-03-20#t2228w5,2026-03-20,Hon. Ms. Miles,Looking to the future,272,0.838,328,2.25233,2.46177,0.91493
2026-03-20#t2229w0,2026-03-20,Hon. Ms. Miles,Looking to the future,286,0.731,348,2.30548,2.38103,0.96827
2026-03-20#t2229w1,2026-03-20,Hon. Ms. Miles,Looking to the future,154,1.0,184,2.4736,2.44937,1.00989
2026-03-20#t2230w0,2026-03-20,Hon. Ms. Miles,Looking to the future,240,1.0,289,2.2853,2.34983,0.97254
2026-03-20#t2232w0,2026-03-20,Ms. M. Johnson,Looking to the future,78,1.0,98,2.89479,2.84082,1.019
2026-03-20#t2233w0,2026-03-20,Ms. M. Johnson,Looking to the future,185,1.0,223,2.51453,2.58156,0.97403
2026-03-20#t2234w0,2026-03-20,Ms. M. Johnson,Looking to the future,281,1.0,360,2.48611,2.59578,0.95775
2026-03-20#t2234w1,2026-03-20,Ms. M. Johnson,Looking to the future,350,0.843,442,2.46092,2.37011,1.03832
2026-03-20#t2234w2,2026-03-20,Ms. M. Johnson,Looking to the future,328,1.0,380,2.66486,2.70187,0.9863
2026-03-20#t2234w3,2026-03-20,Ms. M. Johnson,Looking to the future,338,1.0,443,2.76341,2.82952,0.97663
2026-03-20#t2234w4,2026-03-20,Ms. M. Johnson,Looking to the future,332,0.714,404,2.89909,2.71902,1.06622
2026-03-20#t2234w5,2026-03-20,Ms. M. Johnson,Looking to the future,337,1.0,408,2.83166,2.76633,1.02362
2026-03-20#t2234w6,2026-03-20,Ms. M. Johnson,Looking to the future,284,1.0,354,2.72927,2.68853,1.01515
2026-03-20#t2234w7,2026-03-20,Ms. M. Johnson,Looking to the future,292,0.729,349,2.75427,2.71373,1.01494
2026-03-20#t2234w8,2026-03-20,Ms. M. Johnson,Looking to the future,320,1.0,383,2.24465,2.33303,0.96212
2026-03-20#t2234w9,2026-03-20,Ms. M. Johnson,Looking to the future,311,1.0,363,2.7438,2.72277,1.00772
2026-03-20#t2235w0,2026-03-20,Ms. M. Johnson,Looking to the future,319,1.0,387,2.30428,2.45997,0.93671
2026-03-20#t2235w1,2026-03-20,Ms. M. Johnson,Looking to the future,327,1.0,387,2.56038,2.54,1.00802
2026-03-20#t2235w2,2026-03-20,Ms. M. Johnson,Looking to the future,352,0.611,444,2.60985,2.53451,1.02973
2026-03-20#t2235w3,2026-03-20,Ms. M. Johnson,Looking to the future,327,1.0,390,2.42302,2.34732,1.03225
2026-03-20#t2235w4,2026-03-20,Ms. M. Johnson,Looking to the future,315,1.0,375,2.33491,2.34611,0.99523
2026-03-20#t2235w5,2026-03-20,Ms. M. Johnson,Looking to the future,154,1.0,183,2.97815,2.97327,1.00164
2026-03-20#t2236w0,2026-03-20,Ms. Vautour,Looking to the future,358,0.061,421,2.59148,2.63818,0.9823
2026-03-20#t2236w1,2026-03-20,Ms. Vautour,Looking to the future,314,0.42,371,2.85751,2.94908,0.96895
2026-03-20#t2236w2,2026-03-20,Ms. Vautour,Looking to the future,295,0.098,356,2.52262,2.56735,0.98258
2026-03-20#t2236w3,2026-03-20,Ms. Vautour,Looking to the future,281,0.0,338,2.43237,2.54107,0.95722
2026-03-20#t2236w4,2026-03-20,Ms. Vautour,Looking to the future,321,0.495,382,2.44512,2.64068,0.92594
2026-03-20#t2236w5,2026-03-20,Ms. Vautour,Looking to the future,352,0.0,436,2.60481,2.66225,0.97843
2026-03-20#t2236w6,2026-03-20,Ms. Vautour,Looking to the future,310,0.0,385,2.57997,2.60588,0.99006
2026-03-20#t2236w7,2026-03-20,Ms. Vautour,Looking to the future,339,0.0,414,2.79611,2.81293,0.99402
2026-03-20#t2236w8,2026-03-20,Ms. Vautour,Looking to the future,145,0.0,175,3.37641,3.05783,1.10419
2026-03-24#t2238w0,2026-03-24,Hon. Mr. Gauvin,Looking to the future,153,1.0,188,2.47717,2.60557,0.95072
2026-03-24#t2239w0,2026-03-24,Mr. Austin,Looking to the future,151,1.0,197,2.57781,2.68223,0.96107
2026-03-24#t2240w0,2026-03-24,Hon. Mr. McKee,Looking to the future,164,1.0,212,2.32225,2.23986,1.03678
2026-03-24#t2241w0,2026-03-24,Ms. Wilcott,Looking to the future,143,1.0,180,2.39717,2.43044,0.98631
2026-03-24#t2242w0,2026-03-24,Mr. Bourque,Looking to the future,56,1.0,72,2.85742,2.8667,0.99676
2026-03-24#t2243w0,2026-03-24,Hon. Mr. Gauvin,Looking to the future,271,1.0,330,2.26621,2.33363,0.97111
2026-03-24#t2244w0,2026-03-24,Ms. M. Johnson,Looking to the future,274,0.993,346,2.1742,2.32911,0.93349
2026-03-24#t2245w0,2026-03-24,Mr. Coon,Looking to the future,173,0.977,239,2.18228,2.20491,0.98974
2026-03-24#t2246w0,2026-03-24,Hon. Ms. Miles,Looking to the future,241,1.0,305,2.20136,2.35567,0.93449
2026-03-24#t2247w0,2026-03-24,Ms. Conroy,Looking to the future,271,1.0,359,2.00863,2.16923,0.92596
2026-03-24#t2248w0,2026-03-24,Mr. Johnston,Looking to the future,212,0.981,286,2.43828,2.27457,1.07198
2026-03-24#t2249w0,2026-03-24,Mr. Monahan,Looking to the future,171,1.0,228,2.14554,2.35142,0.91244
2026-03-24#t2250w0,2026-03-24,Hon. C. Johnson,Looking to the future,126,0.0,165,2.10224,2.36432,0.88915
2026-03-24#t2251w0,2026-03-24,Mr. Russell,Looking to the future,132,1.0,171,2.26793,2.28896,0.99081
2026-03-24#t2252w0,2026-03-24,Ms. Mitton,Looking to the future,163,1.0,203,2.52542,2.3979,1.05318
2026-03-24#t2253w0,2026-03-24,Mr. Russell,Looking to the future,146,1.0,173,2.97889,2.80073,1.06361
2026-03-24#t2254w0,2026-03-24,Ms. Mitton,Looking to the future,165,1.0,205,2.86747,2.49274,1.15033
2026-03-24#t2255w0,2026-03-24,Ms. Sodhi,Looking to the future,131,1.0,156,2.91307,2.6901,1.08289
2026-03-24#t2256w0,2026-03-24,Ms. M. Johnson,Looking to the future,205,1.0,249,2.93388,2.76851,1.05973
2026-03-24#t2257w0,2026-03-24,Ms. Wilcott,Looking to the future,157,1.0,198,2.63104,2.55657,1.02913
2026-03-24#t2258w0,2026-03-24,Mr. Austin,Looking to the future,161,1.0,198,2.66219,2.57142,1.0353
2026-03-24#t2259w0,2026-03-24,Mr. Bourque,Looking to the future,148,0.0,181,2.19686,2.35994,0.9309
2026-03-24#t2260w0,2026-03-24,Mr. Cullins,Looking to the future,159,0.975,195,2.05529,2.24478,0.91558
2026-03-24#t2261w0,2026-03-24,Mr. Mallet,Looking to the future,138,0.0,178,2.5766,2.48431,1.03715
2026-03-24#t2262w0,2026-03-24,Ms. S. Wilson,Looking to the future,149,0.973,197,2.66217,2.76077,0.96429
2026-03-24#t2263w0,2026-03-24,Mr. Savoie,Looking to the future,181,0.956,209,2.77125,2.67402,1.03636
2026-03-24#t2264w0,2026-03-24,Hon. Ms. Holt,Looking to the future,199,1.0,245,2.14357,2.14106,1.00118
2026-03-24#t2265w0,2026-03-24,Mr. Savoie,Looking to the future,132,1.0,173,2.56517,2.59765,0.9875
2026-03-24#t2266w0,2026-03-24,Hon. Ms. Holt,Looking to the future,157,0.0,203,2.74667,2.69983,1.01735
2026-03-24#t2267w0,2026-03-24,Mr. Savoie,Looking to the future,169,1.0,208,2.39796,2.397,1.0004
2026-03-24#t2268w0,2026-03-24,Hon. Mr. Finnigan,Looking to the future,138,0.971,160,2.81248,2.83053,0.99363
2026-03-24#t2269w0,2026-03-24,Mr. Savoie,Looking to the future,112,0.893,132,2.61292,2.60246,1.00402
2026-03-24#t2270w0,2026-03-24,Hon. Mr. Finnigan,Looking to the future,135,0.941,169,2.51806,2.56458,0.98186
2026-03-24#t2271w0,2026-03-24,Mr. Savoie,Looking to the future,165,1.0,192,2.99807,2.87439,1.04303
2026-03-24#t2272w0,2026-03-24,Hon. Mr. Finnigan,Looking to the future,117,0.051,145,2.25343,2.36039,0.95469
2026-03-24#t2273w0,2026-03-24,Mr. Savoie,Looking to the future,168,1.0,187,2.7567,2.88742,0.95473
2026-03-24#t2274w0,2026-03-24,Hon. Mr. Finnigan,Looking to the future,112,0.0,133,3.10605,3.03784,1.02245
2026-03-24#t2275w0,2026-03-24,Mr. Austin,Looking to the future,167,1.0,200,2.24081,2.3001,0.97422
2026-03-24#t2276w0,2026-03-24,Hon. C. Chiasson,Looking to the future,166,1.0,200,2.65285,2.58365,1.02678
2026-03-24#t2277w0,2026-03-24,Mr. Austin,Looking to the future,150,1.0,191,2.85221,2.80398,1.0172
2026-03-24#t2278w0,2026-03-24,Hon. C. Chiasson,Looking to the future,159,1.0,201,2.74476,2.78432,0.98579
2026-03-24#t2279w0,2026-03-24,Mr. Austin,Looking to the future,232,1.0,288,2.58073,2.55067,1.01179
2026-03-24#t2280w0,2026-03-24,Hon. C. Chiasson,Looking to the future,143,1.0,176,2.74457,2.62178,1.04684
2026-03-24#t2281w0,2026-03-24,Ms. Scott-Wallace,Looking to the future,161,1.0,184,2.93814,2.90185,1.01251
2026-03-24#t2282w0,2026-03-24,Hon. Mr. Finnigan,Looking to the future,143,0.559,166,2.68101,2.5431,1.05423
2026-03-24#t2283w0,2026-03-24,Ms. Scott-Wallace,Looking to the future,185,1.0,214,3.55942,3.26063,1.09164
2026-03-24#t2284w0,2026-03-24,Hon. K. Chiasson,Looking to the future,138,1.0,168,3.07211,2.97635,1.03217
2026-03-24#t2285w0,2026-03-24,Ms. Scott-Wallace,Looking to the future,189,1.0,231,2.95126,2.86383,1.03053
2026-03-24#t2286w0,2026-03-24,Hon. Mr. Hickey,Looking to the future,145,1.0,177,2.84562,2.85953,0.99514
2026-03-24#t2288w0,2026-03-24,Mr. Coon,Looking to the future,145,1.0,174,2.55512,2.60425,0.98114
2026-03-24#t2289w0,2026-03-24,Hon. Mr. LePage,Looking to the future,144,0.0,168,2.4841,2.52888,0.98229
2026-03-24#t2290w0,2026-03-24,Mr. Coon,Looking to the future,156,1.0,189,2.89587,2.65101,1.09237
2026-03-24#t2291w0,2026-03-24,Hon. Mr. LePage,Looking to the future,142,0.0,166,2.74066,2.61194,1.04928
2026-03-24#t2292w0,2026-03-24,Mr. Monahan,Looking to the future,134,1.0,163,2.58544,2.62174,0.98616
2026-03-24#t2293w0,2026-03-24,Hon. Mr. Kennedy,Looking to the future,186,1.0,236,2.22961,2.32823,0.95764
2026-03-24#t2295w0,2026-03-24,Madam Speaker,Looking to the future,258,0.69,315,2.45031,2.41615,1.01414
2026-03-24#t2295w1,2026-03-24,Madam Speaker,Looking to the future,224,0.888,280,2.55534,2.68974,0.95003
2026-03-24#t2296w0,2026-03-24,Ms. Conroy,Looking to the future,246,1.0,301,2.63462,2.52041,1.04531
2026-03-24#t2297w0,2026-03-24,Ms. Mitton,Looking to the future,332,1.0,392,2.22735,2.23247,0.9977
2026-03-24#t2298w0,2026-03-24,Hon. Mr. Herron,Looking to the future,265,0.811,326,2.46068,2.41221,1.02009
2026-03-24#t2298w1,2026-03-24,Hon. Mr. Herron,Looking to the future,138,0.971,175,2.28772,2.33694,0.97894
2026-03-24#t2299w0,2026-03-24,Mr. Austin,Looking to the future,265,1.0,312,2.51134,2.64406,0.94981
2026-03-24#t2299w1,2026-03-24,Mr. Austin,Looking to the future,248,1.0,302,2.63698,2.68619,0.98168
2026-03-24#t2300w0,2026-03-24,Mr. Coon,Looking to the future,334,1.0,416,2.70938,2.71497,0.99794
2026-03-24#t2300w1,2026-03-24,Mr. Coon,Looking to the future,54,1.0,62,2.90616,3.1606,0.9195
2026-03-24#t2301w0,2026-03-24,Hon. Mr. Dornan,Looking to the future,292,0.877,357,2.5902,2.49505,1.03814
2026-03-24#t2302w0,2026-03-24,Mr. Hogan,Looking to the future,335,1.0,440,2.46958,2.62894,0.93938
2026-03-24#t2303w0,2026-03-24,Mr. Coon,Looking to the future,360,0.989,440,2.3546,2.35043,1.00178
2026-03-24#t2304w0,2026-03-24,Mr. Coon,Looking to the future,327,1.0,406,2.53817,2.43581,1.04202
2026-03-24#t2304w1,2026-03-24,Mr. Coon,Looking to the future,252,0.857,333,2.10483,2.09726,1.00361
2026-03-24#t2305w0,2026-03-24,Mr. M. LeBlanc,Looking to the future,329,0.796,419,2.27607,2.3181,0.98187
2026-03-24#t2305w1,2026-03-24,Mr. M. LeBlanc,Looking to the future,345,1.0,427,2.32121,2.23295,1.03953
2026-03-24#t2305w2,2026-03-24,Mr. M. LeBlanc,Looking to the future,324,1.0,400,2.14114,2.34851,0.9117
2026-03-24#t2305w3,2026-03-24,Mr. M. LeBlanc,Looking to the future,208,0.981,233,2.07056,2.5492,0.81224
2026-03-24#t2306w0,2026-03-24,Mr. Cullins,Looking to the future,356,1.0,417,2.112,2.17696,0.97016
2026-03-24#t2306w1,2026-03-24,Mr. Cullins,Looking to the future,154,1.0,187,3.10932,3.20019,0.97161
2026-03-24#t2307w0,2026-03-24,Ms. Mitton,Looking to the future,282,0.986,352,2.21814,2.30452,0.96252
2026-03-24#t2307w1,2026-03-24,Ms. Mitton,Looking to the future,328,0.637,395,2.32474,2.33442,0.99585
2026-03-24#t2307w2,2026-03-24,Ms. Mitton,Looking to the future,246,0.626,289,2.3925,2.44917,0.97686
2026-03-24#t2308w0,2026-03-24,Mr. Weir,Looking to the future,352,1.0,440,2.70314,2.69095,1.00453
2026-03-24#t2308w1,2026-03-24,Mr. Weir,Looking to the future,266,1.0,325,2.73362,2.70922,1.009
2026-03-24#t2309w0,2026-03-24,Ms. Mitton,Looking to the future,339,0.838,418,2.13741,2.15629,0.99125
2026-03-24#t2309w1,2026-03-24,Ms. Mitton,Looking to the future,320,0.728,379,2.08677,2.33372,0.89418
2026-03-24#t2309w2,2026-03-24,Ms. Mitton,Looking to the future,321,0.234,366,2.25817,2.40168,0.94025
2026-03-24#t2310w0,2026-03-24,Mr. Weir,Looking to the future,303,1.0,379,2.50437,2.52408,0.99219
2026-03-24#t2310w1,2026-03-24,Mr. Weir,Looking to the future,328,1.0,391,2.83939,2.83707,1.00082
2026-03-24#t2310w2,2026-03-24,Mr. Weir,Looking to the future,314,0.911,392,2.95989,2.97777,0.99399
2026-03-24#t2310w3,2026-03-24,Mr. Weir,Looking to the future,294,0.69,349,2.10008,2.1912,0.95842
2026-03-24#t2310w4,2026-03-24,Mr. Weir,Looking to the future,350,0.511,403,2.21892,2.37984,0.93238
2026-03-24#t2311w0,2026-03-24,Mr. Weir,Looking to the future,321,1.0,388,2.52502,2.49188,1.0133
2026-03-24#t2311w1,2026-03-24,Mr. Weir,Looking to the future,324,1.0,393,3.06514,3.04853,1.00545
2026-03-24#t2314w0,2026-03-24,Madam Speaker,Looking to the future,323,0.0,376,2.58196,2.68401,0.96198
2026-03-24#t2314w1,2026-03-24,Madam Speaker,Looking to the future,292,0.0,358,2.46968,2.46363,1.00245
2026-03-24#t2314w2,2026-03-24,Madam Speaker,Looking to the future,292,0.0,385,2.46123,2.63046,0.93567
2026-03-24#t2314w3,2026-03-24,Madam Speaker,Looking to the future,350,0.026,433,2.69055,2.77115,0.97091
2026-03-24#t2314w4,2026-03-24,Madam Speaker,Looking to the future,332,0.0,384,2.82875,2.85797,0.98977
2026-03-24#t2314w5,2026-03-24,Madam Speaker,Looking to the future,359,0.164,439,2.5942,2.65293,0.97786
2026-03-24#t2314w6,2026-03-24,Madam Speaker,Looking to the future,278,0.0,346,2.58279,2.7566,0.93695
2026-03-24#t2314w7,2026-03-24,Madam Speaker,Looking to the future,327,0.0,395,2.65828,2.64215,1.00611
2026-03-24#t2314w8,2026-03-24,Madam Speaker,Looking to the future,91,0.0,116,2.37747,2.44637,0.97183
2026-03-24#t2317w0,2026-03-24,Mr. Austin,Looking to the future,283,1.0,359,2.30234,2.41058,0.9551
2026-03-24#t2317w1,2026-03-24,Mr. Austin,Looking to the future,100,1.0,120,2.51846,2.49354,1.00999
2026-03-24#t2318w0,2026-03-24,Mr. Austin,Looking to the future,272,1.0,358,2.38718,2.50786,0.95188
2026-03-24#t2318w1,2026-03-24,Mr. Austin,Looking to the future,356,1.0,450,2.34431,2.48108,0.94487
2026-03-24#t2318w2,2026-03-24,Mr. Austin,Looking to the future,292,1.0,380,2.63873,2.53242,1.04198
2026-03-24#t2318w3,2026-03-24,Mr. Austin,Looking to the future,291,1.0,363,2.58725,2.61971,0.98761
2026-03-24#t2318w4,2026-03-24,Mr. Austin,Looking to the future,281,1.0,340,2.55687,2.53367,1.00916
2026-03-24#t2318w5,2026-03-24,Mr. Austin,Looking to the future,274,1.0,335,2.74856,2.66462,1.0315
2026-03-24#t2318w6,2026-03-24,Mr. Austin,Looking to the future,273,1.0,360,2.32919,2.51701,0.92538
2026-03-24#t2318w7,2026-03-24,Mr. Austin,Looking to the future,307,1.0,397,2.21128,2.27989,0.96991
2026-03-24#t2318w8,2026-03-24,Mr. Austin,Looking to the future,249,1.0,350,2.16079,2.23638,0.9662
2026-03-24#t2318w9,2026-03-24,Mr. Austin,Looking to the future,216,1.0,265,2.59353,2.47452,1.04809
2026-03-24#t2318w10,2026-03-24,Mr. Austin,Looking to the future,181,1.0,251,2.37338,2.4241,0.97908
2026-03-24#t2319w0,2026-03-24,Mr. Austin,Looking to the future,353,1.0,460,2.27445,2.4062,0.94524
2026-03-24#t2319w1,2026-03-24,Mr. Austin,Looking to the future,271,1.0,354,2.2637,2.35713,0.96036
2026-03-24#t2319w2,2026-03-24,Mr. Austin,Looking to the future,178,1.0,238,2.66682,2.57128,1.03716
2026-03-24#t2320w0,2026-03-24,Mr. Austin,Looking to the future,293,1.0,398,2.40502,2.53664,0.94811
2026-03-24#t2320w1,2026-03-24,Mr. Austin,Looking to the future,215,1.0,257,2.73426,2.72306,1.00411
2026-03-24#t2321w0,2026-03-24,Mr. Austin,Looking to the future,350,1.0,440,2.30319,2.50804,0.91832
2026-03-24#t2321w1,2026-03-24,Mr. Austin,Looking to the future,341,1.0,425,2.60303,2.57535,1.01075
2026-03-24#t2321w2,2026-03-24,Mr. Austin,Looking to the future,321,1.0,394,2.22293,2.42229,0.9177
2026-03-24#t2321w3,2026-03-24,Mr. Austin,Looking to the future,90,1.0,121,2.34183,2.50497,0.93487
2026-03-24#t2322w0,2026-03-24,Ms. Mitton,Looking to the future,242,1.0,304,2.22129,2.4727,0.89832
2026-03-24#t2322w1,2026-03-24,Ms. Mitton,Looking to the future,292,1.0,351,2.43751,2.53485,0.9616
2026-03-24#t2322w2,2026-03-24,Ms. Mitton,Looking to the future,296,1.0,351,2.39556,2.45618,0.97532
2026-03-24#t2322w3,2026-03-24,Ms. Mitton,Looking to the future,338,0.604,422,2.42841,2.54389,0.95461
2026-03-24#t2322w4,2026-03-24,Ms. Mitton,Looking to the future,247,1.0,294,2.40288,2.7178,0.88412
2026-03-24#t2322w5,2026-03-24,Ms. Mitton,Looking to the future,313,0.709,368,2.71276,2.82282,0.96101
2026-03-24#t2322w6,2026-03-24,Ms. Mitton,Looking to the future,338,1.0,407,2.52576,2.63573,0.95828
2026-03-24#t2322w7,2026-03-24,Ms. Mitton,Looking to the future,311,1.0,372,2.5785,2.70459,0.95338
2026-03-24#t2322w8,2026-03-24,Ms. Mitton,Looking to the future,317,1.0,384,2.69748,2.71953,0.99189
2026-03-24#t2322w9,2026-03-24,Ms. Mitton,Looking to the future,338,0.84,399,2.49507,2.53577,0.98395
2026-03-24#t2322w10,2026-03-24,Ms. Mitton,Looking to the future,286,0.846,340,2.74029,2.73433,1.00218
2026-03-24#t2322w11,2026-03-24,Ms. Mitton,Looking to the future,318,1.0,379,2.50406,2.49347,1.00425
2026-03-24#t2322w12,2026-03-24,Ms. Mitton,Looking to the future,329,1.0,398,2.45544,2.61807,0.93788
2026-03-24#t2322w13,2026-03-24,Ms. Mitton,Looking to the future,347,0.896,402,2.32845,2.44527,0.95223
2026-03-24#t2323w0,2026-03-24,Ms. Wilcott,Looking to the future,275,1.0,333,2.21285,2.37356,0.93229
2026-03-24#t2323w1,2026-03-24,Ms. Wilcott,Looking to the future,350,1.0,431,2.6991,2.67964,1.00726
2026-03-24#t2323w2,2026-03-24,Ms. Wilcott,Looking to the future,298,1.0,394,2.87211,2.84008,1.01128
2026-03-24#t2323w3,2026-03-24,Ms. Wilcott,Looking to the future,330,1.0,413,2.48785,2.55532,0.9736
2026-03-24#t2323w4,2026-03-24,Ms. Wilcott,Looking to the future,351,1.0,405,2.59008,2.57635,1.00533
2026-03-24#t2323w5,2026-03-24,Ms. Wilcott,Looking to the future,267,1.0,307,2.38453,2.41656,0.98675
2026-03-24#t2323w6,2026-03-24,Ms. Wilcott,Looking to the future,342,1.0,437,2.64464,2.5494,1.03736
2026-03-24#t2323w7,2026-03-24,Ms. Wilcott,Looking to the future,166,1.0,213,2.56433,2.40874,1.06459
2026-03-24#t2323w8,2026-03-24,Ms. Wilcott,Looking to the future,286,1.0,352,2.60657,2.59546,1.00428
2026-03-24#t2323w9,2026-03-24,Ms. Wilcott,Looking to the future,261,1.0,306,3.0037,2.86704,1.04766
2026-03-24#t2324w0,2026-03-24,Ms. Wilcott,Looking to the future,303,1.0,373,2.595,2.58314,1.00459
2026-03-24#t2324w1,2026-03-24,Ms. Wilcott,Looking to the future,294,1.0,388,2.54349,2.58668,0.9833
2026-03-24#t2324w2,2026-03-24,Ms. Wilcott,Looking to the future,198,0.657,245,2.74036,2.70507,1.01305
2026-03-24#t2325w0,2026-03-24,Ms. S. Wilson,Looking to the future,281,1.0,353,2.33431,2.33669,0.99898
2026-03-24#t2325w1,2026-03-24,Ms. S. Wilson,Looking to the future,326,1.0,391,2.76171,2.74234,1.00706
2026-03-24#t2325w2,2026-03-24,Ms. S. Wilson,Looking to the future,310,1.0,370,2.75016,2.73894,1.0041
2026-03-24#t2325w3,2026-03-24,Ms. S. Wilson,Looking to the future,333,1.0,407,2.79246,2.74437,1.01752
2026-03-24#t2325w4,2026-03-24,Ms. S. Wilson,Looking to the future,347,1.0,425,2.55929,2.72053,0.94073
2026-03-24#t2325w5,2026-03-24,Ms. S. Wilson,Looking to the future,283,1.0,329,2.88337,2.73208,1.05538
2026-03-24#t2326w0,2026-03-24,Ms. S. Wilson,Looking to the future,88,1.0,102,3.20403,3.11702,1.02791
2026-03-24#t2327w0,2026-03-24,,Looking to the future,350,1.0,413,2.60576,2.70101,0.96473
2026-03-24#t2327w1,2026-03-24,,Looking to the future,333,1.0,397,2.82634,2.9515,0.9576
2026-03-24#t2327w2,2026-03-24,,Looking to the future,335,1.0,423,2.71446,2.62744,1.03312
2026-03-24#t2327w3,2026-03-24,,Looking to the future,61,1.0,76,3.41187,3.3258,1.02588
2026-03-24#t2328w0,2026-03-24,Mr. M. LeBlanc,Looking to the future,166,1.0,197,2.29454,2.35294,0.97518
2026-03-24#t2329w0,2026-03-24,Mr. M. LeBlanc,Looking to the future,68,1.0,78,3.53579,3.40262,1.03914
2026-03-24#t2330w0,2026-03-24,Mr. M. LeBlanc,Looking to the future,98,1.0,112,2.52709,2.59801,0.9727
2026-03-24#t2332w0,2026-03-24,Mr. M. LeBlanc,Looking to the future,293,1.0,379,2.41895,2.3143,1.04522
2026-03-24#t2332w1,2026-03-24,Mr. M. LeBlanc,Looking to the future,143,1.0,171,3.44365,3.11878,1.10417
2026-03-24#t2333w0,2026-03-24,Mr. M. LeBlanc,Looking to the future,81,1.0,101,2.89179,2.7303,1.05915
2026-03-25#t2335w0,2026-03-25,Hon. Mr. D’Amours,Looking to the future,161,0.584,188,2.96983,2.71104,1.09546
2026-03-25#t2337w0,2026-03-25,Mr. Doucet,Looking to the future,211,0.0,283,2.25394,2.11825,1.06406
2026-03-25#t2338w0,2026-03-25,Ms. M. Johnson,Looking to the future,214,1.0,257,2.1919,2.29484,0.95514
2026-03-25#t2339w0,2026-03-25,Mr. Coon,Looking to the future,162,1.0,219,2.3193,2.16488,1.07133
2026-03-25#t2340w0,2026-03-25,Ms. Scott-Wallace,Looking to the future,176,1.0,242,2.3159,2.30331,1.00547
2026-03-25#t2341w0,2026-03-25,Hon. Ms. Boudreau,Looking to the future,124,0.194,165,2.54955,2.40781,1.05887
2026-03-25#t2342w0,2026-03-25,Mr. Russell,Looking to the future,129,1.0,155,2.21431,2.2666,0.97693
2026-03-25#t2343w0,2026-03-25,Ms. Mitton,Looking to the future,132,1.0,183,2.26279,2.31794,0.97621
2026-03-25#t2344w0,2026-03-25,Ms. Wilcott,Looking to the future,158,1.0,204,2.6173,2.60496,1.00474
2026-03-25#t2345w0,2026-03-25,Mr. Hogan,Looking to the future,120,0.967,155,2.08247,2.18313,0.95389
2026-03-25#t2346w0,2026-03-25,Mr. Mallet,Looking to the future,288,0.747,354,2.12247,2.15946,0.98287
2026-03-25#t2347w0,2026-03-25,Mr. Ames,Looking to the future,175,1.0,213,2.88079,2.71507,1.06104
2026-03-25#t2348w0,2026-03-25,Mr. Coon,Looking to the future,186,1.0,233,2.82902,3.00111,0.94266
2026-03-25#t2349w0,2026-03-25,Mr. Doucet,Looking to the future,165,1.0,201,2.29619,2.33449,0.9836
2026-03-25#t2350w0,2026-03-25,Ms. M. Wilson,Looking to the future,150,1.0,196,1.83183,2.0807,0.88039
2026-03-25#t2351w0,2026-03-25,Mr. J. LeBlanc,Looking to the future,137,0.54,171,2.56463,2.62726,0.97616
2026-03-25#t2352w0,2026-03-25,Mr. Lee,Looking to the future,186,1.0,267,3.10851,3.06943,1.01273
2026-03-25#t2353w0,2026-03-25,Ms. Vautour,Looking to the future,148,0.439,189,2.43913,2.45572,0.99324
2026-03-25#t2354w0,2026-03-25,Ms. Bockus,Looking to the future,140,1.0,171,2.15352,2.08461,1.03306
2026-03-25#t2355w0,2026-03-25,Mr. Robichaud,Looking to the future,159,0.528,194,2.21526,2.27405,0.97415
2026-03-25#t2356w0,2026-03-25,Mr. Monahan,Looking to the future,138,1.0,178,2.21187,2.3548,0.9393
2026-03-25#t2357w0,2026-03-25,Mr. Savoie,Looking to the future,169,0.953,215,2.51381,2.36624,1.06237
2026-03-25#t2358w0,2026-03-25,Hon. Ms. Holt,Looking to the future,150,1.0,168,2.83651,2.56796,1.10458
2026-03-25#t2359w0,2026-03-25,Mr. Savoie,Looking to the future,157,1.0,188,2.99236,3.06653,0.97581
2026-03-25#t2360w0,2026-03-25,Hon. Ms. Holt,Looking to the future,149,0.0,178,2.62457,2.88287,0.9104
2026-03-25#t2361w0,2026-03-25,Mr. Savoie,Looking to the future,161,0.963,198,2.67205,2.67242,0.99986
2026-03-25#t2362w0,2026-03-25,Hon. Ms. Holt,Looking to the future,169,0.444,199,2.43322,2.68304,0.90689
2026-03-25#t2363w0,2026-03-25,Mr. Hogan,Looking to the future,128,1.0,157,2.75098,2.70275,1.01785
2026-03-25#t2364w0,2026-03-25,Hon. Mr. Dornan,Looking to the future,114,1.0,135,2.88447,2.9283,0.98503
2026-03-25#t2365w0,2026-03-25,Mr. Hogan,Looking to the future,131,1.0,156,2.46147,2.62526,0.93761
2026-03-25#t2366w0,2026-03-25,Hon. Mr. Dornan,Looking to the future,103,1.0,130,2.74757,2.7299,1.00647
2026-03-25#t2367w0,2026-03-25,Mr. Hogan,Looking to the future,154,1.0,192,2.69723,2.53783,1.06281
2026-03-25#t2368w0,2026-03-25,Hon. Mr. Dornan,Looking to the future,104,1.0,137,2.60339,2.8474,0.9143
2026-03-25#t2369w0,2026-03-25,Ms. M. Johnson,Looking to the future,169,1.0,227,2.08261,2.37646,0.87635
2026-03-25#t2370w0,2026-03-25,Hon. Ms. Boudreau,Looking to the future,110,0.0,127,2.65183,2.69649,0.98344
2026-03-25#t2371w0,2026-03-25,Ms. M. Johnson,Looking to the future,125,0.952,161,2.2845,2.45815,0.92936
2026-03-25#t2372w0,2026-03-25,Hon. Ms. Boudreau,Looking to the future,117,0.0,133,2.51466,2.41436,1.04154
2026-03-25#t2373w0,2026-03-25,Ms. M. Johnson,Looking to the future,136,1.0,188,2.54036,2.61906,0.96995
2026-03-25#t2374w0,2026-03-25,Hon. Ms. Boudreau,Looking to the future,157,0.0,180,2.71013,2.836,0.95562
2026-03-25#t2375w0,2026-03-25,Ms. Mitton,Looking to the future,150,1.0,174,2.88357,2.59636,1.11062
2026-03-25#t2376w0,2026-03-25,Hon. Mr. Legacy,Looking to the future,143,1.0,173,2.60567,2.54077,1.02554
2026-03-25#t2378w0,2026-03-25,Ms. Mitton,Looking to the future,158,1.0,190,3.00384,2.94982,1.01831
2026-03-25#t2379w0,2026-03-25,Hon. Mr. Randall,Looking to the future,148,1.0,181,2.82478,2.3743,1.18973
2026-03-25#t2380w0,2026-03-25,Ms. Mitton,Looking to the future,111,0.099,128,3.20318,2.94692,1.08696
2026-03-25#t2381w0,2026-03-25,Hon. Mr. Legacy,Looking to the future,108,0.0,125,2.87289,2.74,1.0485
2026-03-25#t2382w0,2026-03-25,Ms. M. Wilson,Looking to the future,175,1.0,209,2.90196,2.44694,1.18596
2026-03-25#t2383w0,2026-03-25,Hon. Ms. Thériault,Looking to the future,140,0.0,173,2.68167,2.65914,1.00847
2026-03-25#t2384w0,2026-03-25,Ms. M. Wilson,Looking to the future,171,1.0,218,2.849,2.77239,1.02763
2026-03-25#t2385w0,2026-03-25,Hon. Ms. Thériault,Looking to the future,133,0.0,157,2.921,2.74078,1.06576
2026-03-25#t2386w0,2026-03-25,Ms. M. Wilson,Looking to the future,72,1.0,97,2.81124,2.77512,1.01302
2026-03-25#t2387w0,2026-03-25,Hon. Ms. Thériault,Looking to the future,162,0.0,195,2.60066,2.5849,1.0061
2026-03-25#t2388w0,2026-03-25,Mr. Savoie,Looking to the future,151,0.96,182,2.91423,2.71697,1.07261
2026-03-25#t2389w0,2026-03-25,Hon. Ms. Holt,Looking to the future,193,1.0,232,2.89012,2.7629,1.04604
2026-03-25#t2391w0,2026-03-25,Hon. Mr. D’Amours,Looking to the future,270,0.304,322,2.37562,2.53084,0.93867
2026-03-25#t2392w0,2026-03-25,Ms. M. Wilson,Looking to the future,260,1.0,326,2.48115,2.5821,0.96091
2026-03-25#t2393w0,2026-03-25,Mr. Coon,Looking to the future,216,0.931,260,2.32928,2.22791,1.0455
2026-03-25#t2394w0,2026-03-25,Hon. Ms. Boudreau,Looking to the future,181,0.0,224,2.2826,2.40176,0.95039
2026-03-25#t2395w0,2026-03-25,Ms. M. Johnson,Looking to the future,238,0.975,290,2.60925,2.48171,1.05139
2026-03-25#t2396w0,2026-03-25,Ms. Mitton,Looking to the future,209,0.981,254,2.1801,2.20661,0.98798
2026-03-25#t2397w0,2026-03-25,Hon. Mr. Kennedy,Looking to the future,270,0.667,340,2.00266,2.08759,0.95932
2026-03-25#t2398w0,2026-03-25,Mr. Russell,Looking to the future,240,1.0,289,2.24446,2.26788,0.98967
2026-03-25#t2399w0,2026-03-25,Mr. Coon,Looking to the future,221,0.982,282,2.42518,2.59693,0.93387
2026-03-25#t2400w0,2026-03-25,Ms. S. Wilson,Looking to the future,98,1.0,122,2.59862,2.6042,0.99786
2026-03-25#t2401w0,2026-03-25,Ms. S. Wilson read the following,Looking to the future,53,1.0,71,3.56704,3.4142,1.04477
2026-03-25#t2402w0,2026-03-25,Mr. Savoie,Looking to the future,205,0.859,245,2.695,2.68053,1.0054
2026-03-25#t2403w0,2026-03-25,Hon. Mr. D’Amours,Looking to the future,116,0.284,135,2.54345,2.51555,1.01109
2026-03-25#t2405w0,2026-03-25,Ms. Mitton,Looking to the future,87,0.713,115,1.86172,2.10008,0.8865
2026-03-25#t2406w0,2026-03-25,Mr. M. LeBlanc,Looking to the future,318,0.774,382,2.54176,2.57001,0.98901
2026-03-25#t2406w1,2026-03-25,Mr. M. LeBlanc,Looking to the future,139,1.0,179,2.55557,2.58239,0.98962
2026-03-25#t2407w0,2026-03-25,Madam Speaker,Looking to the future,315,0.603,381,2.00286,2.19911,0.91076
2026-03-25#t2407w1,2026-03-25,Madam Speaker,Looking to the future,179,0.497,208,2.3248,2.40308,0.96743
2026-03-25#t2408w0,2026-03-25,Mr. Weir,Looking to the future,312,1.0,373,2.3764,2.43818,0.97466
2026-03-25#t2408w1,2026-03-25,Mr. Weir,Looking to the future,147,1.0,190,2.63408,2.74895,0.95821
2026-03-25#t2409w0,2026-03-25,Mr. Coon,Looking to the future,109,0.963,138,2.63435,2.36545,1.11368
2026-03-25#t2410w0,2026-03-25,Madam Speaker,Looking to the future,356,0.469,432,2.23242,2.289,0.97528
2026-03-25#t2411w0,2026-03-25,Mr. Weir,Looking to the future,345,1.0,411,2.35857,2.39041,0.98668
2026-03-25#t2412w0,2026-03-25,Mr. Coon,Looking to the future,359,1.0,421,2.44905,2.37787,1.02994
2026-03-25#t2412w1,2026-03-25,Mr. Coon,Looking to the future,186,0.355,228,2.01956,2.16562,0.93256
2026-03-25#t2413w0,2026-03-25,Mr. Weir,Looking to the future,315,1.0,400,2.5786,2.59012,0.99555
2026-03-25#t2414w0,2026-03-25,Mr. Coon,Looking to the future,96,0.688,123,2.21063,2.15326,1.02664
2026-03-25#t2417w0,2026-03-25,Madam Speaker,Looking to the future,360,0.156,473,3.20003,3.16636,1.01063
2026-03-25#t2417w1,2026-03-25,Madam Speaker,Looking to the future,351,0.0,448,2.35733,2.40281,0.98107
2026-03-25#t2417w2,2026-03-25,Madam Speaker,Looking to the future,278,0.0,343,2.48129,2.54936,0.9733
2026-03-25#t2417w3,2026-03-25,Madam Speaker,Looking to the future,348,0.0,429,2.57377,2.66284,0.96655
2026-03-25#t2417w4,2026-03-25,Madam Speaker,Looking to the future,320,0.0,416,2.54868,2.62623,0.97047
2026-03-25#t2417w5,2026-03-25,Madam Speaker,Looking to the future,352,0.0,446,2.38933,2.51318,0.95072
2026-03-25#t2417w6,2026-03-25,Madam Speaker,Looking to the future,333,1.0,413,2.51073,2.47418,1.01477
2026-03-25#t2417w7,2026-03-25,Madam Speaker,Looking to the future,230,1.0,314,2.38509,2.46857,0.96618
2026-03-25#t2418w0,2026-03-25,Mr. M. LeBlanc,Looking to the future,291,1.0,361,2.51903,2.59551,0.97053
2026-03-25#t2418w1,2026-03-25,Mr. M. LeBlanc,Looking to the future,302,1.0,374,2.63694,2.77723,0.94949
2026-03-25#t2418w2,2026-03-25,Mr. M. LeBlanc,Looking to the future,280,0.732,345,2.64793,2.57628,1.02781
2026-03-25#t2418w3,2026-03-25,Mr. M. LeBlanc,Looking to the future,256,0.469,317,2.62515,2.60052,1.00947
2026-03-25#t2418w4,2026-03-25,Mr. M. LeBlanc,Looking to the future,289,0.0,395,2.55577,2.56747,0.99544
2026-03-25#t2418w5,2026-03-25,Mr. M. LeBlanc,Looking to the future,329,0.0,407,2.44323,2.42261,1.00851
2026-03-25#t2418w6,2026-03-25,Mr. M. LeBlanc,Looking to the future,345,0.0,433,2.43756,2.56524,0.95023
2026-03-25#t2418w7,2026-03-25,Mr. M. LeBlanc,Looking to the future,50,0.0,73,2.18044,2.31911,0.94021
2026-03-25#t2419w0,2026-03-25,Ms. Scott-Wallace,Looking to the future,260,1.0,330,2.49274,2.60433,0.95715
2026-03-25#t2419w1,2026-03-25,Ms. Scott-Wallace,Looking to the future,287,1.0,372,2.4152,2.38878,1.01106
2026-03-25#t2419w2,2026-03-25,Ms. Scott-Wallace,Looking to the future,261,1.0,334,2.75266,2.70237,1.01861
2026-03-25#t2419w3,2026-03-25,Ms. Scott-Wallace,Looking to the future,290,1.0,360,2.62074,2.49077,1.05218
2026-03-25#t2419w4,2026-03-25,Ms. Scott-Wallace,Looking to the future,338,1.0,408,2.55164,2.69306,0.94749
2026-03-25#t2419w5,2026-03-25,Ms. Scott-Wallace,Looking to the future,176,1.0,204,3.04897,2.91677,1.04532
2026-03-25#t2420w0,2026-03-25,Ms. Scott-Wallace,Looking to the future,302,1.0,374,3.01377,2.98227,1.01056
2026-03-25#t2420w1,2026-03-25,Ms. Scott-Wallace,Looking to the future,333,1.0,404,2.67137,2.62756,1.01667
2026-03-25#t2420w2,2026-03-25,Ms. Scott-Wallace,Looking to the future,292,1.0,354,2.68398,2.89181,0.92813
2026-03-25#t2420w3,2026-03-25,Ms. Scott-Wallace,Looking to the future,305,1.0,367,2.76544,2.80317,0.98654
2026-03-25#t2420w4,2026-03-25,Ms. Scott-Wallace,Looking to the future,344,1.0,440,2.92665,2.82178,1.03716
2026-03-25#t2421w0,2026-03-25,Ms. Scott-Wallace,Looking to the future,282,1.0,333,2.97618,3.0271,0.98318
2026-03-25#t2421w1,2026-03-25,Ms. Scott-Wallace,Looking to the future,330,1.0,404,2.91516,2.85364,1.02156
2026-03-25#t2422w0,2026-03-25,Ms. Scott-Wallace,Looking to the future,313,1.0,388,2.83399,2.84852,0.9949
2026-03-25#t2422w1,2026-03-25,Ms. Scott-Wallace,Looking to the future,275,1.0,329,2.48631,2.69272,0.92335
2026-03-25#t2422w2,2026-03-25,Ms. Scott-Wallace,Looking to the future,340,1.0,440,2.70915,2.644,1.02464
2026-03-25#t2423w0,2026-03-25,Mr. Doucet,Looking to the future,329,0.195,398,2.56468,2.59902,0.98679
2026-03-25#t2423w1,2026-03-25,Mr. Doucet,Looking to the future,334,0.192,424,2.56691,2.70441,0.94916
2026-03-25#t2423w2,2026-03-25,Mr. Doucet,Looking to the future,325,0.0,398,2.65283,2.67949,0.99005
2026-03-25#t2423w3,2026-03-25,Mr. Doucet,Looking to the future,334,0.048,401,2.52024,2.63097,0.95791
2026-03-25#t2423w4,2026-03-25,Mr. Doucet,Looking to the future,348,0.494,433,2.47493,2.50745,0.98703
2026-03-25#t2423w5,2026-03-25,Mr. Doucet,Looking to the future,336,0.491,412,2.53524,2.44156,1.03837
2026-03-25#t2423w6,2026-03-25,Mr. Doucet,Looking to the future,322,0.18,388,2.76156,2.78524,0.9915
2026-03-25#t2423w7,2026-03-25,Mr. Doucet,Looking to the future,320,0.0,398,2.25138,2.26748,0.9929
2026-03-25#t2423w8,2026-03-25,Mr. Doucet,Looking to the future,287,0.369,370,2.79391,2.7631,1.01115
2026-03-25#t2424w0,2026-03-25,Mr. Doucet,Looking to the future,86,0.5,107,3.4576,3.52802,0.98004
2026-03-25#t2425w0,2026-03-25,Mr. Doucet,Looking to the future,359,0.284,436,2.60333,2.65703,0.97979
2026-03-25#t2425w1,2026-03-25,Mr. Doucet,Looking to the future,336,0.128,430,2.60879,2.49876,1.04403
2026-03-25#t2425w2,2026-03-25,Mr. Doucet,Looking to the future,77,0.117,95,3.02747,2.7595,1.09711
2026-03-25#t2426w0,2026-03-25,Mr. Hogan,Looking to the future,61,1.0,74,3.36898,3.04363,1.1069
2026-03-25#t2427w0,2026-03-25,Mr. Hogan,Looking to the future,79,1.0,112,3.25754,3.19102,1.02085
2026-03-25#t2428w0,2026-03-25,Mr. Hogan,Looking to the future,241,1.0,303,2.75782,2.76275,0.99821
2026-03-25#t2428w1,2026-03-25,Mr. Hogan,Looking to the future,281,1.0,347,2.50657,2.6437,0.94813
2026-03-25#t2428w2,2026-03-25,Mr. Hogan,Looking to the future,319,1.0,405,2.46517,2.53891,0.97096
2026-03-25#t2429w0,2026-03-25,Mr. Hogan,Looking to the future,217,1.0,258,2.74278,2.7962,0.98089
2026-03-25#t2430w0,2026-03-25,Mr. Hogan,Looking to the future,56,1.0,73,2.91017,2.90996,1.00007
2026-03-25#t2431w0,2026-03-25,Mr. Hogan,Looking to the future,207,1.0,253,2.72132,2.73421,0.99528
2026-03-25#t2432w0,2026-03-25,Mr. Hogan,Looking to the future,338,1.0,426,2.67264,2.60823,1.02469
2026-03-25#t2432w1,2026-03-25,Mr. Hogan,Looking to the future,253,1.0,308,2.38432,2.48219,0.96057
2026-03-25#t2432w2,2026-03-25,Mr. Hogan,Looking to the future,354,1.0,463,2.22961,2.3268,0.95823
2026-03-25#t2432w3,2026-03-25,Mr. Hogan,Looking to the future,278,1.0,367,2.55981,2.63128,0.97284
2026-03-25#t2432w4,2026-03-25,Mr. Hogan,Looking to the future,88,1.0,121,2.49947,2.5335,0.98657
2026-03-25#t2433w0,2026-03-25,Mr. Hogan,Looking to the future,314,1.0,428,2.46265,2.54158,0.96894
2026-03-25#t2433w1,2026-03-25,Mr. Hogan,Looking to the future,311,1.0,403,2.57985,2.59075,0.99579
2026-03-25#t2433w2,2026-03-25,Mr. Hogan,Looking to the future,120,1.0,153,3.17462,3.14207,1.01036
2026-03-25#t2435w0,2026-03-25,Mr. Hogan,Looking to the future,74,1.0,90,3.38934,3.27717,1.03423
2026-03-25#t2436w0,2026-03-25,Mr. Hogan,Looking to the future,101,1.0,129,2.9887,2.91583,1.02499
2026-03-25#t2440w0,2026-03-25,Mr. Hogan,Looking to the future,132,1.0,177,2.97242,2.87056,1.03549
2026-03-25#t2441w0,2026-03-25,Mr. Hogan,Looking to the future,220,1.0,282,2.90429,2.82333,1.02867
2026-03-25#t2442w0,2026-03-25,Mr. Hogan,Looking to the future,60,1.0,79,2.76432,2.76046,1.0014
2026-03-25#t2444w0,2026-03-25,Hon. Mr. Hickey,Looking to the future,356,0.868,434,2.76808,2.61342,1.05918
2026-03-25#t2444w1,2026-03-25,Hon. Mr. Hickey,Looking to the future,290,0.866,331,2.85874,2.76957,1.0322
2026-03-25#t2444w2,2026-03-25,Hon. Mr. Hickey,Looking to the future,355,0.893,427,2.51367,2.60035,0.96667
2026-03-25#t2444w3,2026-03-25,Hon. Mr. Hickey,Looking to the future,301,0.914,354,2.71227,2.61205,1.03837
2026-03-25#t2444w4,2026-03-25,Hon. Mr. Hickey,Looking to the future,302,1.0,356,2.82279,2.84647,0.99168
2026-03-25#t2444w5,2026-03-25,Hon. Mr. Hickey,Looking to the future,312,0.917,369,2.68264,2.69394,0.99581
2026-03-25#t2444w6,2026-03-25,Hon. Mr. Hickey,Looking to the future,287,0.847,350,2.72933,2.63097,1.03739
2026-03-25#t2444w7,2026-03-25,Hon. Mr. Hickey,Looking to the future,342,1.0,406,2.88101,2.91955,0.9868
2026-03-25#t2444w8,2026-03-25,Hon. Mr. Hickey,Looking to the future,347,0.847,413,2.60991,2.55015,1.02343
2026-03-25#t2444w9,2026-03-25,Hon. Mr. Hickey,Looking to the future,346,1.0,396,2.63635,2.60421,1.01234
2026-03-25#t2444w10,2026-03-25,Hon. Mr. Hickey,Looking to the future,328,1.0,391,2.90968,2.71348,1.07231
2026-03-25#t2444w11,2026-03-25,Hon. Mr. Hickey,Looking to the future,303,0.881,346,2.76294,2.86248,0.96522
2026-03-25#t2444w12,2026-03-25,Hon. Mr. Hickey,Looking to the future,316,1.0,363,2.96599,2.77848,1.06749
2026-03-25#t2444w13,2026-03-25,Hon. Mr. Hickey,Looking to the future,328,1.0,388,2.77565,2.86764,0.96792
2026-03-25#t2444w14,2026-03-25,Hon. Mr. Hickey,Looking to the future,318,1.0,388,2.65039,2.63193,1.00701
2026-03-25#t2444w15,2026-03-25,Hon. Mr. Hickey,Looking to the future,57,1.0,70,2.90685,2.75568,1.05486
2026-03-25#t2446w0,2026-03-25,Ms. Conroy,Looking to the future,333,1.0,394,2.19266,2.17534,1.00796
2026-03-25#t2446w1,2026-03-25,Ms. Conroy,Looking to the future,345,1.0,401,2.26952,2.48005,0.91511
2026-03-25#t2446w2,2026-03-25,Ms. Conroy,Looking to the future,346,1.0,404,2.27478,2.35454,0.96613
2026-03-25#t2446w3,2026-03-25,Ms. Conroy,Looking to the future,307,1.0,388,2.45434,2.4477,1.00272
2026-03-25#t2446w4,2026-03-25,Ms. Conroy,Looking to the future,356,1.0,469,2.4111,2.39667,1.00602
2026-03-25#t2446w5,2026-03-25,Ms. Conroy,Looking to the future,344,1.0,412,2.53477,2.52694,1.0031
2026-03-25#t2446w6,2026-03-25,Ms. Conroy,Looking to the future,329,1.0,403,2.31802,2.44575,0.94778
2026-03-25#t2446w7,2026-03-25,Ms. Conroy,Looking to the future,86,1.0,118,2.27981,2.5312,0.90069
2026-03-25#t2447w0,2026-03-25,Ms. Conroy,Looking to the future,111,1.0,146,3.32815,3.02177,1.10139
2026-03-25#t2448w0,2026-03-25,Ms. Conroy,Looking to the future,211,1.0,244,2.87169,2.87186,0.99994
2026-03-25#t2449w0,2026-03-25,Ms. Conroy,Looking to the future,307,1.0,364,2.65408,2.64893,1.00194
2026-03-25#t2449w1,2026-03-25,Ms. Conroy,Looking to the future,278,1.0,336,2.61243,2.66734,0.97941
2026-03-25#t2449w2,2026-03-25,Ms. Conroy,Looking to the future,352,1.0,434,2.54512,2.59552,0.98058
2026-03-25#t2449w3,2026-03-25,Ms. Conroy,Looking to the future,110,1.0,141,2.82535,2.86498,0.98617
2026-03-25#t2450w0,2026-03-25,Ms. Conroy,Looking to the future,352,1.0,407,2.2862,2.40499,0.95061
2026-03-25#t2451w0,2026-03-25,Ms. Conroy,Looking to the future,249,1.0,294,2.70852,2.75577,0.98286
2026-03-25#t2452w0,2026-03-25,,Looking to the future,217,1.0,257,2.67687,2.85144,0.93878
2026-03-25#t2453w0,2026-03-25,Ms. Conroy,Looking to the future,313,1.0,382,2.64027,2.60863,1.01213
2026-03-25#t2453w1,2026-03-25,Ms. Conroy,Looking to the future,337,1.0,412,2.79522,2.82785,0.98846
2026-03-25#t2453w2,2026-03-25,Ms. Conroy,Looking to the future,324,1.0,375,2.29382,2.26575,1.01239
2026-03-25#t2453w3,2026-03-25,Ms. Conroy,Looking to the future,246,1.0,295,2.35126,2.39662,0.98107
2026-03-25#t2454w0,2026-03-25,Mr. Robichaud,Looking to the future,350,0.169,452,2.33991,2.23765,1.0457
2026-03-25#t2454w1,2026-03-25,Mr. Robichaud,Looking to the future,289,0.159,380,2.52807,2.51472,1.00531
2026-03-25#t2454w2,2026-03-25,Mr. Robichaud,Looking to the future,359,0.0,452,2.61011,2.56318,1.01831
2026-03-25#t2454w3,2026-03-25,Mr. Robichaud,Looking to the future,349,0.0,437,2.60769,2.65484,0.98224
2026-03-25#t2454w4,2026-03-25,Mr. Robichaud,Looking to the future,344,0.0,466,2.14822,2.34587,0.91575
2026-03-25#t2454w5,2026-03-25,Mr. Robichaud,Looking to the future,69,0.391,101,2.83523,2.71572,1.04401
2026-03-26#t2459w0,2026-03-26,Hon. Mr. Kennedy,Looking to the future,104,1.0,141,2.22088,2.20662,1.00646
2026-03-26#t2460w0,2026-03-26,Hon. Ms. Boudreau,Looking to the future,98,0.0,130,2.21749,2.31485,0.95794
2026-03-26#t2462w0,2026-03-26,Mr. Arseneault,Looking to the future,150,0.0,185,2.05638,2.29604,0.89562
2026-03-26#t2464w0,2026-03-26,Mr. Savoie,Looking to the future,195,1.0,240,2.35437,2.52697,0.9317
2026-03-26#t2465w0,2026-03-26,Hon. Mr. Herron,Looking to the future,353,1.0,447,2.6297,2.62158,1.0031
2026-03-26#t2465w1,2026-03-26,Hon. Mr. Herron,Looking to the future,54,1.0,68,2.83254,3.03164,0.93433
2026-03-26#t2466w0,2026-03-26,Ms. M. Johnson,Looking to the future,231,1.0,302,2.06599,2.26696,0.91135
2026-03-26#t2467w0,2026-03-26,Mr. Oliver,Looking to the future,280,1.0,344,2.4377,2.49906,0.97545
2026-03-26#t2468w0,2026-03-26,Ms. Vautour,Looking to the future,160,0.312,201,2.65292,2.71051,0.97875
2026-03-26#t2469w0,2026-03-26,Ms. Scott-Wallace,Looking to the future,182,1.0,218,2.25632,2.42578,0.93014
2026-03-26#t2470w0,2026-03-26,Mr. Coon,Looking to the future,173,1.0,220,2.27246,2.33036,0.97515
2026-03-26#t2471w0,2026-03-26,Mr. J. LeBlanc,Looking to the future,180,0.556,215,2.07037,2.28446,0.90628
2026-03-26#t2472w0,2026-03-26,Ms. Mitton,Looking to the future,175,1.0,212,2.1699,2.20175,0.98554
2026-03-26#t2473w0,2026-03-26,Ms. Scott-Wallace,Looking to the future,140,0.971,173,2.79316,2.61965,1.06623
2026-03-26#t2474w0,2026-03-26,Ms. Mitton,Looking to the future,187,0.754,229,2.39921,2.47523,0.96929
2026-03-26#t2475w0,2026-03-26,Mr. Johnston,Looking to the future,157,0.726,207,2.76438,2.5934,1.06593
2026-03-26#t2476w0,2026-03-26,Mr. Weir,Looking to the future,166,1.0,204,2.57147,2.26446,1.13558
2026-03-26#t2477w0,2026-03-26,Mr. Arseneault,Looking to the future,148,0.385,186,2.30887,2.49881,0.92399
2026-03-26#t2478w0,2026-03-26,Ms. Conroy,Looking to the future,161,1.0,190,2.62053,2.61507,1.00209
2026-03-26#t2479w0,2026-03-26,Mr. M. LeBlanc,Looking to the future,174,1.0,216,2.57018,2.66933,0.96286
2026-03-26#t2480w0,2026-03-26,Mr. Austin,Looking to the future,151,1.0,192,2.80149,2.51408,1.11432
2026-03-26#t2481w0,2026-03-26,Mr. Doucet,Looking to the future,163,0.252,197,2.50791,2.65556,0.9444
2026-03-26#t2482w0,2026-03-26,Mr. Hogan,Looking to the future,153,1.0,202,3.21129,2.82987,1.13478
2026-03-26#t2483w0,2026-03-26,Mr. Savoie,Looking to the future,93,0.935,108,2.49239,2.60626,0.95631
2026-03-26#t2484w0,2026-03-26,Hon. Mr. Dornan,Looking to the future,150,1.0,190,2.67162,2.63611,1.01347
2026-03-26#t2485w0,2026-03-26,Mr. Savoie,Looking to the future,100,1.0,125,2.79636,2.63939,1.05947
2026-03-26#t2486w0,2026-03-26,Hon. Mr. Dornan,Looking to the future,109,1.0,134,2.64488,2.75456,0.96018
2026-03-26#t2487w0,2026-03-26,Mr. Savoie,Looking to the future,73,1.0,96,3.40766,2.90395,1.17346
2026-03-26#t2488w0,2026-03-26,Hon. Mr. Dornan,Looking to the future,131,1.0,161,2.63225,2.4814,1.06079
2026-03-26#t2489w0,2026-03-26,Mr. Savoie,Looking to the future,70,1.0,84,3.27475,3.02572,1.08231
2026-03-26#t2490w0,2026-03-26,Hon. Mr. Dornan,Looking to the future,116,1.0,131,2.73584,2.66286,1.02741
2026-03-26#t2491w0,2026-03-26,Mr. Savoie,Looking to the future,56,1.0,70,3.6968,3.06966,1.2043
2026-03-26#t2492w0,2026-03-26,Hon. Ms. Holt,Looking to the future,189,1.0,227,2.49479,2.62575,0.95012
2026-03-26#t2493w0,2026-03-26,Mr. Savoie,Looking to the future,86,1.0,120,3.46822,3.09733,1.11975
2026-03-26#t2494w0,2026-03-26,Mr. Savoie,Looking to the future,136,1.0,177,2.9046,2.72291,1.06673
2026-03-26#t2495w0,2026-03-26,Hon. Ms. Holt,Looking to the future,151,0.0,187,2.5963,2.63321,0.98598
2026-03-26#t2496w0,2026-03-26,Mr. Savoie,Looking to the future,133,1.0,162,2.75731,2.6212,1.05193
2026-03-26#t2497w0,2026-03-26,Hon. Ms. Holt,Looking to the future,198,1.0,242,2.53289,2.38891,1.06027
2026-03-26#t2498w0,2026-03-26,Mr. Savoie,Looking to the future,85,1.0,114,3.51189,2.94918,1.1908
2026-03-26#t2499w0,2026-03-26,Hon. Mr. Dornan,Looking to the future,133,1.0,166,2.79596,2.64247,1.05809
2026-03-26#t2500w0,2026-03-26,Mr. Savoie,Looking to the future,106,1.0,130,3.01355,2.92876,1.02895
2026-03-26#t2501w0,2026-03-26,Hon. Ms. Holt,Looking to the future,193,1.0,226,2.88384,2.70237,1.06715
2026-03-26#t2502w0,2026-03-26,Mr. Savoie,Looking to the future,144,1.0,177,3.0194,2.82411,1.06915
2026-03-26#t2503w0,2026-03-26,Hon. Mr. Kennedy,Looking to the future,179,1.0,236,2.47974,2.42762,1.02147
2026-03-26#t2504w0,2026-03-26,Mr. Savoie,Looking to the future,121,1.0,154,2.80591,2.59901,1.07961
2026-03-26#t2505w0,2026-03-26,Hon. Mr. Dornan,Looking to the future,141,1.0,186,2.88425,2.74021,1.05256
2026-03-26#t2506w0,2026-03-26,Mr. Hogan,Looking to the future,129,1.0,165,3.12637,3.15709,0.99027
2026-03-26#t2507w0,2026-03-26,Hon. Mr. Kennedy,Looking to the future,189,0.667,242,2.3216,2.44899,0.94798
2026-03-26#t2508w0,2026-03-26,Mr. Hogan,Looking to the future,162,1.0,217,3.2803,3.03078,1.08233
2026-03-26#t2509w0,2026-03-26,Hon. Mr. Dornan,Looking to the future,178,1.0,219,3.15836,2.96972,1.06352
2026-03-26#t2510w0,2026-03-26,Mr. Hogan,Looking to the future,122,1.0,150,2.92987,2.87282,1.01986
2026-03-26#t2511w0,2026-03-26,Hon. Ms. Holt,Looking to the future,205,1.0,249,2.50073,2.53803,0.9853
2026-03-26#t2512w0,2026-03-26,Mr. Coon,Looking to the future,166,1.0,206,3.13382,2.9291,1.06989
2026-03-26#t2513w0,2026-03-26,Hon. Mr. D’Amours,Looking to the future,131,0.0,156,2.39326,2.58008,0.92759
2026-03-26#t2514w0,2026-03-26,M. Coon,Looking to the future,114,0.0,144,3.04558,2.79204,1.09081
2026-03-26#t2515w0,2026-03-26,Hon. Mr. D’Amours,Looking to the future,193,0.0,238,2.54353,2.49862,1.01797
2026-03-26#t2516w0,2026-03-26,Mr. Monahan,Looking to the future,179,1.0,216,2.65523,2.59986,1.0213
2026-03-26#t2517w0,2026-03-26,Hon. Mr. Legacy,Looking to the future,147,1.0,198,2.90799,2.77336,1.04854
2026-03-26#t2519w0,2026-03-26,Mr. M. LeBlanc,Looking to the future,74,1.0,100,2.34771,2.57772,0.91077
2026-03-26#t2522w0,2026-03-26,Madam Speaker,Looking to the future,67,1.0,76,2.55238,2.76451,0.92327
2026-03-26#t2523w0,2026-03-26,Hon. Mr. Randall,Looking to the future,96,1.0,120,2.67864,2.42526,1.10447
2026-03-26#t2525w0,2026-03-26,Mr. Coon,Looking to the future,119,1.0,162,2.52788,2.57045,0.98344
2026-03-26#t2526w0,2026-03-26,Ms. Mitton,Looking to the future,224,1.0,293,2.39312,2.34317,1.02132
2026-03-26#t2527w0,2026-03-26,Hon. Ms. Boudreau,Looking to the future,236,0.436,296,2.2621,2.33545,0.96859
2026-03-26#t2528w0,2026-03-26,Ms. M. Johnson,Looking to the future,290,1.0,364,2.70027,2.57246,1.04969
2026-03-26#t2528w1,2026-03-26,Ms. M. Johnson,Looking to the future,92,1.0,109,2.84441,3.09022,0.92045
2026-03-26#t2529w0,2026-03-26,Ms. Mitton,Looking to the future,235,0.63,279,2.40946,2.49356,0.96627
2026-03-26#t2530w0,2026-03-26,Hon. Mr. D’Amours,Looking to the future,206,0.126,269,2.00055,2.01052,0.99504
2026-03-26#t2531w0,2026-03-26,Ms. M. Wilson,Looking to the future,236,1.0,297,2.33727,2.36083,0.99002
2026-03-26#t2532w0,2026-03-26,Mr. Coon,Looking to the future,146,0.842,199,2.24723,2.46908,0.91015
2026-03-26#t2533w0,2026-03-26,Hon. Ms. Thériault,Looking to the future,149,0.503,186,2.50121,2.5174,0.99357
2026-03-26#t2534w0,2026-03-26,Ms. M. Wilson,Looking to the future,167,1.0,211,2.5015,2.42879,1.02994
2026-03-26#t2535w0,2026-03-26,Mr. Coon,Looking to the future,168,1.0,205,2.5261,2.38229,1.06037
2026-03-26#t2536w0,2026-03-26,Hon. Mr. Finnigan,Looking to the future,301,0.508,370,2.15781,2.18427,0.98788
2026-03-26#t2537w0,2026-03-26,Ms. Scott-Wallace,Looking to the future,280,1.0,330,2.66168,2.58882,1.02814
2026-03-26#t2538w0,2026-03-26,Ms. Mitton,Looking to the future,262,0.893,306,2.56977,2.54565,1.00948
2026-03-26#t2539w0,2026-03-26,Hon. C. Johnson,Looking to the future,188,0.574,239,2.535,2.35104,1.07824
2026-03-26#t2540w0,2026-03-26,Mr. Lee,Looking to the future,172,1.0,201,2.95229,2.69873,1.09395
2026-03-26#t2541w0,2026-03-26,Ms. Mitton,Looking to the future,162,0.84,184,2.45044,2.54246,0.96381
2026-03-26#t2542w0,2026-03-26,Mr. Ames,Looking to the future,101,1.0,130,2.5882,2.59765,0.99636
2026-03-26#t2543w0,2026-03-26,Ms. Scott-Wallace,Looking to the future,225,1.0,281,2.60436,2.57636,1.01087
2026-03-26#t2544w0,2026-03-26,Mr. Coon,Looking to the future,323,1.0,427,2.39759,2.31183,1.03709
2026-03-26#t2544w1,2026-03-26,Mr. Coon,Looking to the future,340,0.891,463,2.30371,2.25383,1.02213
2026-03-26#t2544w2,2026-03-26,Mr. Coon,Looking to the future,298,1.0,378,2.82722,2.60755,1.08424
2026-03-26#t2544w3,2026-03-26,Mr. Coon,Looking to the future,279,1.0,343,2.77746,2.52031,1.10203
2026-03-26#t2544w4,2026-03-26,Mr. Coon,Looking to the future,334,1.0,400,2.55205,2.52737,1.00976
2026-03-26#t2544w5,2026-03-26,Mr. Coon,Looking to the future,348,1.0,426,2.69982,2.58833,1.04307
2026-03-26#t2544w6,2026-03-26,Mr. Coon,Looking to the future,249,1.0,308,2.91149,2.81891,1.03284
2026-03-26#t2545w0,2026-03-26,Mr. Bourque,Looking to the future,336,0.006,412,2.55976,2.5644,0.99819
2026-03-26#t2545w1,2026-03-26,Mr. Bourque,Looking to the future,314,0.064,380,2.37434,2.51486,0.94412
2026-03-26#t2545w2,2026-03-26,Mr. Bourque,Looking to the future,310,0.0,373,2.64828,2.73114,0.96966
2026-03-26#t2545w3,2026-03-26,Mr. Bourque,Looking to the future,110,0.0,132,2.31395,2.76196,0.83779
2026-03-26#t2546w0,2026-03-26,Mr. Austin,Looking to the future,296,1.0,352,2.475,2.53162,0.97764
2026-03-26#t2546w1,2026-03-26,Mr. Austin,Looking to the future,342,1.0,431,2.54917,2.61659,0.97424
2026-03-26#t2546w2,2026-03-26,Mr. Austin,Looking to the future,308,1.0,394,2.73585,2.6471,1.03353
2026-03-26#t2546w3,2026-03-26,Mr. Austin,Looking to the future,314,1.0,381,2.60022,2.52135,1.03128
2026-03-26#t2546w4,2026-03-26,Mr. Austin,Looking to the future,319,0.893,413,2.45004,2.48932,0.98422
2026-03-26#t2546w5,2026-03-26,Mr. Austin,Looking to the future,304,0.839,379,2.2501,2.43055,0.92576
2026-03-26#t2546w6,2026-03-26,Mr. Austin,Looking to the future,327,0.924,398,2.62053,2.63368,0.99501
2026-03-26#t2546w7,2026-03-26,Mr. Austin,Looking to the future,359,0.844,431,2.66536,2.64837,1.00642
2026-03-26#t2546w8,2026-03-26,Mr. Austin,Looking to the future,301,0.827,343,2.44202,2.48216,0.98383
2026-03-26#t2546w9,2026-03-26,Mr. Austin,Looking to the future,340,1.0,409,2.77132,2.70865,1.02314
2026-03-26#t2546w10,2026-03-26,Mr. Austin,Looking to the future,312,1.0,400,2.58051,2.52854,1.02055
2026-03-26#t2546w11,2026-03-26,Mr. Austin,Looking to the future,305,1.0,353,2.59029,2.56304,1.01063
2026-03-26#t2546w12,2026-03-26,Mr. Austin,Looking to the future,228,1.0,261,2.5464,2.65606,0.95871
2026-03-26#t2548w0,2026-03-26,Hon. Mr. LePage,Looking to the future,316,0.335,372,2.318,2.37654,0.97537
2026-03-26#t2548w1,2026-03-26,Hon. Mr. LePage,Looking to the future,302,0.745,357,2.62687,2.60609,1.00797
2026-03-26#t2548w2,2026-03-26,Hon. Mr. LePage,Looking to the future,320,0.428,377,2.5716,2.61705,0.98264
2026-03-26#t2548w3,2026-03-26,Hon. Mr. LePage,Looking to the future,331,0.535,387,2.77658,2.89404,0.95941
2026-03-26#t2548w4,2026-03-26,Hon. Mr. LePage,Looking to the future,274,0.051,325,2.5288,2.67022,0.94704
2026-03-26#t2548w5,2026-03-26,Hon. Mr. LePage,Looking to the future,141,0.0,171,2.96895,2.91758,1.0176
2026-03-26#t2549w0,2026-03-26,Ms. S. Wilson,Looking to the future,306,1.0,374,2.25919,2.34762,0.96233
2026-03-26#t2549w1,2026-03-26,Ms. S. Wilson,Looking to the future,310,1.0,362,2.89502,2.99118,0.96785
2026-03-26#t2550w0,2026-03-26,Ms. Mitton,Looking to the future,308,0.987,378,2.20908,2.26807,0.97399
2026-03-26#t2550w1,2026-03-26,Ms. Mitton,Looking to the future,339,0.735,390,2.53906,2.56523,0.9898
2026-03-26#t2550w2,2026-03-26,Ms. Mitton,Looking to the future,315,0.898,389,2.89671,2.77955,1.04215
2026-03-26#t2550w3,2026-03-26,Ms. Mitton,Looking to the future,326,0.828,399,2.51925,2.55759,0.98501
2026-03-26#t2550w4,2026-03-26,Ms. Mitton,Looking to the future,211,0.91,271,2.46623,2.43331,1.01353
2026-03-26#t2551w0,2026-03-26,Mr. M. LeBlanc,Looking to the future,300,1.0,357,2.09795,2.39334,0.87658
2026-03-26#t2551w1,2026-03-26,Mr. M. LeBlanc,Looking to the future,334,1.0,392,2.23715,2.48358,0.90078
2026-03-26#t2551w2,2026-03-26,Mr. M. LeBlanc,Looking to the future,348,1.0,414,2.64699,2.79796,0.94605
2026-03-26#t2551w3,2026-03-26,Mr. M. LeBlanc,Looking to the future,220,1.0,264,2.18693,2.18888,0.99911
2026-03-26#t2552w0,2026-03-26,Mr. Savoie,Looking to the future,287,0.631,345,2.3336,2.30301,1.01328
2026-03-26#t2552w1,2026-03-26,Mr. Savoie,Looking to the future,360,1.0,424,2.89463,2.77813,1.04193
2026-03-26#t2552w2,2026-03-26,Mr. Savoie,Looking to the future,326,0.687,397,2.50142,2.66151,0.93985
2026-03-26#t2552w3,2026-03-26,Mr. Savoie,Looking to the future,304,0.855,352,2.40163,2.53845,0.9461
2026-03-26#t2552w4,2026-03-26,Mr. Savoie,Looking to the future,254,1.0,294,2.34096,2.64885,0.88377
2026-03-26#t2552w5,2026-03-26,Mr. Savoie,Looking to the future,305,1.0,366,2.52725,2.60498,0.97016
2026-03-26#t2554w0,2026-03-26,Mr. Coon,Looking to the future,303,0.987,354,2.59935,2.50486,1.03773
2026-03-26#t2554w1,2026-03-26,Mr. Coon,Looking to the future,334,1.0,417,2.75533,2.70639,1.01808
2026-03-26#t2554w2,2026-03-26,Mr. Coon,Looking to the future,342,0.889,410,2.50276,2.57384,0.97238
2026-03-26#t2554w3,2026-03-26,Mr. Coon,Looking to the future,281,1.0,335,2.67639,2.7688,0.96662
2026-03-26#t2554w4,2026-03-26,Mr. Coon,Looking to the future,252,0.984,317,2.43727,2.38441,1.02217
2026-03-26#t2555w0,2026-03-26,Ms. M. Johnson,Looking to the future,350,0.831,466,2.19046,2.36035,0.92802
2026-03-26#t2555w1,2026-03-26,Ms. M. Johnson,Looking to the future,286,0.514,347,2.24094,2.35876,0.95005
2026-03-26#t2555w2,2026-03-26,Ms. M. Johnson,Looking to the future,110,1.0,135,2.80983,2.64441,1.06255
2026-03-27#t2556w0,2026-03-27,Hon. Ms. Holt,Looking to the future,225,0.631,298,2.55809,2.56354,0.99787
2026-03-27#t2556w1,2026-03-27,Hon. Ms. Holt,Looking to the future,256,0.918,331,2.46377,2.35743,1.04511
2026-03-27#t2557w0,2026-03-27,Hon. Ms. Holt,Looking to the future,339,0.732,424,2.47178,2.42803,1.01802
2026-03-27#t2558w0,2026-03-27,Hon. Ms. Holt,Looking to the future,310,0.723,391,2.62292,2.52236,1.03987
2026-03-27#t2558w1,2026-03-27,Hon. Ms. Holt,Looking to the future,301,0.631,356,2.46565,2.50571,0.98401
2026-03-27#t2558w2,2026-03-27,Hon. Ms. Holt,Looking to the future,320,0.872,389,2.3081,2.38394,0.96819
2026-03-27#t2558w3,2026-03-27,Hon. Ms. Holt,Looking to the future,307,0.811,377,2.28193,2.41485,0.94495
2026-03-27#t2558w4,2026-03-27,Hon. Ms. Holt,Looking to the future,260,0.881,308,2.3599,2.53119,0.93233
2026-03-27#t2558w5,2026-03-27,Hon. Ms. Holt,Looking to the future,339,0.749,395,2.71816,2.69425,1.00888
2026-03-27#t2558w6,2026-03-27,Hon. Ms. Holt,Looking to the future,313,0.732,378,2.5375,2.65548,0.95557
2026-03-27#t2558w7,2026-03-27,Hon. Ms. Holt,Looking to the future,302,0.821,356,2.85486,2.72209,1.04878
2026-03-27#t2558w8,2026-03-27,Hon. Ms. Holt,Looking to the future,341,0.889,407,2.55467,2.62713,0.97242
2026-03-27#t2558w9,2026-03-27,Hon. Ms. Holt,Looking to the future,138,0.333,189,2.25428,2.30739,0.97698
2026-03-27#t2559w0,2026-03-27,Madam Speaker,Looking to the future,134,1.0,175,2.51732,2.26297,1.11239
2026-03-27#t2561w0,2026-03-27,Mr. Chair,Looking to the future,351,0.459,502,1.78569,1.92948,0.92548
2026-05-05#t2562w0,2026-05-05,Hon. Mr. Gauvin,Looking to the future,84,0.0,108,2.53195,2.83688,0.89251
2026-05-05#t2563w0,2026-05-05,Hon. Ms. Holt,Looking to the future,294,0.959,375,2.54514,2.53686,1.00326
2026-05-05#t2564w0,2026-05-05,Mr. Austin,Looking to the future,163,1.0,215,1.95308,2.01353,0.96998
2026-05-05#t2565w0,2026-05-05,Mr. Coon,Looking to the future,204,0.98,260,2.21142,2.15552,1.02593
2026-05-05#t2566w0,2026-05-05,Hon. Mr. Kennedy,Looking to the future,191,1.0,246,2.37752,2.37818,0.99972
2026-05-05#t2567w0,2026-05-05,Ms. M. Wilson,Looking to the future,183,1.0,222,2.23934,2.35122,0.95241
2026-05-05#t2568w0,2026-05-05,Hon. Mr. Herron,Looking to the future,350,1.0,425,2.70487,2.77284,0.97549
2026-05-05#t2569w0,2026-05-05,Mr. Hogan,Looking to the future,144,1.0,174,2.15261,2.30323,0.9346
2026-05-05#t2570w0,2026-05-05,Hon. Ms. Holt,Looking to the future,155,0.535,210,1.88847,1.95569,0.96563
2026-05-05#t2572w0,2026-05-05,Mr. Ames,Looking to the future,154,1.0,192,2.03228,2.09636,0.96943
2026-05-05#t2573w0,2026-05-05,Ms. Mitton,Looking to the future,170,1.0,217,2.73779,2.65098,1.03275
2026-05-05#t2574w0,2026-05-05,Mr. Lee,Looking to the future,156,1.0,189,2.98398,2.74146,1.08847
2026-05-05#t2575w0,2026-05-05,Mr. Coon,Looking to the future,154,1.0,196,2.65279,2.43336,1.09018
2026-05-05#t2576w0,2026-05-05,Mr. Robichaud,Looking to the future,154,0.351,191,2.22535,2.2879,0.97266
2026-05-05#t2577w0,2026-05-05,Mr. Cullins,Looking to the future,161,1.0,204,2.45615,2.42933,1.01104
2026-05-05#t2578w0,2026-05-05,Ms. Wilcott,Looking to the future,153,0.641,187,2.40934,2.51713,0.95718
2026-05-05#t2579w0,2026-05-05,Ms. M. Wilson,Looking to the future,134,1.0,173,2.28272,2.16559,1.05409
2026-05-05#t2580w0,2026-05-05,Mr. Bourque,Looking to the future,145,0.49,188,2.28479,2.51397,0.90884
2026-05-05#t2581w0,2026-05-05,Ms. Conroy,Looking to the future,156,1.0,198,2.22585,2.39521,0.92929
2026-05-05#t2582w0,2026-05-05,Mr. Mallet,Looking to the future,115,0.0,145,2.26532,2.45273,0.92359
2026-05-05#t2583w0,2026-05-05,Mr. Hogan,Looking to the future,152,1.0,188,3.00079,3.02439,0.9922
2026-05-05#t2584w0,2026-05-05,Mr. Savoie,Looking to the future,178,0.955,218,2.82912,2.71684,1.04133
2026-05-05#t2585w0,2026-05-05,Hon. Mr. Randall,Looking to the future,78,1.0,95,2.73269,2.54813,1.07243
2026-05-05#t2586w0,2026-05-05,Mr. Savoie,Looking to the future,127,1.0,183,2.4267,2.40898,1.00736
2026-05-05#t2587w0,2026-05-05,Hon. Mr. Randall,Looking to the future,56,1.0,78,2.58212,2.57588,1.00242
2026-05-05#t2588w0,2026-05-05,Mr. Savoie,Looking to the future,128,1.0,163,2.71281,2.83179,0.95798
2026-05-05#t2589w0,2026-05-05,Hon. Ms. Townsend,Looking to the future,122,1.0,150,2.28356,2.35919,0.96794
2026-05-05#t2590w0,2026-05-05,Mr. Savoie,Looking to the future,113,1.0,143,2.60489,2.34012,1.11314
2026-05-05#t2593w0,2026-05-05,Hon. Mr. Randall,Looking to the future,68,1.0,78,2.78143,2.7861,0.99832
2026-05-05#t2594w0,2026-05-05,Mr. Savoie,Looking to the future,114,1.0,138,3.02518,2.76395,1.09451
2026-05-05#t2595w0,2026-05-05,Hon. Mr. Randall,Looking to the future,97,1.0,120,2.75232,2.51166,1.09582
2026-05-05#t2596w0,2026-05-05,Mr. Savoie,Looking to the future,120,1.0,144,3.19234,2.93106,1.08914
2026-05-05#t2597w0,2026-05-05,Hon. Mr. Randall,Looking to the future,99,1.0,121,3.02397,2.73246,1.10669
2026-05-05#t2598w0,2026-05-05,Mr. Savoie,Looking to the future,115,1.0,136,2.85464,2.73659,1.04314
2026-05-05#t2599w0,2026-05-05,Hon. Mr. Randall,Looking to the future,168,1.0,200,2.58967,2.42745,1.06683
2026-05-05#t2600w0,2026-05-05,Mr. Savoie,Looking to the future,159,1.0,199,2.5259,2.57111,0.98241
2026-05-05#t2601w0,2026-05-05,Hon. Mr. Randall,Looking to the future,164,1.0,207,2.57176,2.44256,1.05289
2026-05-05#t2602w0,2026-05-05,Mr. Savoie,Looking to the future,96,1.0,140,2.60333,2.66615,0.97644
2026-05-05#t2603w0,2026-05-05,Hon. Ms. Townsend,Looking to the future,100,1.0,122,2.91413,2.90927,1.00167
2026-05-05#t2604w0,2026-05-05,Ms. Scott-Wallace,Looking to the future,169,1.0,222,2.8336,2.83606,0.99913
2026-05-05#t2605w0,2026-05-05,Hon. Mr. Randall,Looking to the future,155,1.0,193,2.5038,2.36454,1.0589
2026-05-05#t2606w0,2026-05-05,Ms. Scott-Wallace,Looking to the future,177,1.0,233,3.31688,2.90074,1.14346
2026-05-05#t2607w0,2026-05-05,Hon. Mr. Randall,Looking to the future,151,1.0,187,2.97891,2.69962,1.10346
2026-05-05#t2608w0,2026-05-05,Ms. Scott-Wallace,Looking to the future,164,1.0,211,3.19025,3.02026,1.05628
2026-05-05#t2609w0,2026-05-05,Hon. Ms. Townsend,Looking to the future,134,1.0,159,2.69355,2.54498,1.05838
2026-05-05#t2610w0,2026-05-05,Mr. Coon,Looking to the future,158,1.0,188,2.55176,2.50942,1.01687
2026-05-05#t2611w0,2026-05-05,Hon. Mr. Kennedy,Looking to the future,159,1.0,180,2.35297,2.42175,0.9716
2026-05-05#t2612w0,2026-05-05,M. Coon,Looking to the future,107,0.0,128,3.24432,2.84198,1.14157
2026-05-05#t2613w0,2026-05-05,Hon. Mr. Legacy,Looking to the future,144,0.0,173,2.46301,2.4647,0.99931
2026-05-05#t2614w0,2026-05-05,Mr. Hogan,Looking to the future,143,1.0,195,2.69126,2.51731,1.0691
2026-05-05#t2615w0,2026-05-05,Hon. Mr. Dornan,Looking to the future,183,1.0,234,2.98146,2.81256,1.06005
2026-05-05#t2616w0,2026-05-05,Mr. Hogan,Looking to the future,113,1.0,159,2.9437,2.70113,1.0898
2026-05-05#t2617w0,2026-05-05,Hon. Ms. Holt,Looking to the future,177,0.684,210,2.63032,2.54888,1.03195
2026-05-05#t2618w0,2026-05-05,Mr. M. LeBlanc,Looking to the future,60,1.0,75,2.38393,2.48076,0.96097
2026-05-05#t2620w0,2026-05-05,Madam Speaker,Looking to the future,58,0.0,73,3.33005,3.44392,0.96694
2026-05-05#t2622w0,2026-05-05,Hon. Mr. Dornan,Looking to the future,133,0.692,162,2.54281,2.39573,1.06139
2026-05-05#t2623w0,2026-05-05,Mr. Hogan,Looking to the future,166,0.849,212,2.78386,2.6908,1.03459
2026-05-05#t2624w0,2026-05-05,Mr. Coon,Looking to the future,159,0.975,191,2.435,2.39444,1.01694
2026-05-05#t2625w0,2026-05-05,Hon. Ms. Boudreau,Looking to the future,177,0.254,230,2.38591,2.36047,1.01078
2026-05-05#t2626w0,2026-05-05,Ms. Scott-Wallace,Looking to the future,215,1.0,264,2.60938,2.52979,1.03146
2026-05-05#t2627w0,2026-05-05,Ms. Mitton,Looking to the future,167,0.886,218,2.17152,2.14342,1.01311
2026-05-05#t2628w0,2026-05-05,Hon. Mr. McKee,Looking to the future,173,0.595,224,2.10997,2.0622,1.02317
2026-05-05#t2629w0,2026-05-05,Mr. Weir,Looking to the future,191,1.0,242,2.1952,2.12945,1.03088
2026-05-05#t2630w0,2026-05-05,Mr. Coon,Looking to the future,176,0.898,220,2.38778,2.33795,1.02131
2026-05-05#t2632w0,2026-05-05,Hon. Mr. Randall,Looking to the future,346,0.607,480,2.02774,2.03727,0.99532
2026-05-05#t2633w0,2026-05-05,Hon. Mr. Gauvin,Looking to the future,139,0.194,201,2.31928,2.07831,1.11594
2026-05-05#t2634w0,2026-05-05,Madam Speaker,Looking to the future,127,0.717,194,2.24939,2.03101,1.10752
2026-05-05#t2635w0,2026-05-05,Hon. Mr. Legacy,Looking to the future,235,0.868,283,2.79513,2.65389,1.05322
2026-05-05#t2636w0,2026-05-05,Hon. Mr. Legacy,Looking to the future,346,0.5,409,2.52942,2.37436,1.0653
2026-05-05#t2636w1,2026-05-05,Hon. Mr. Legacy,Looking to the future,97,0.804,118,2.69745,2.59168,1.04081
2026-05-05#t2637w0,2026-05-05,Mr. M. LeBlanc,Looking to the future,347,0.452,425,2.23639,2.33551,0.95756
2026-05-05#t2637w1,2026-05-05,Mr. M. LeBlanc,Looking to the future,145,0.517,169,2.93754,2.94813,0.99641
2026-05-05#t2638w0,2026-05-05,Mr. Cullins,Looking to the future,353,1.0,423,2.35648,2.42886,0.9702
2026-05-05#t2638w1,2026-05-05,Mr. Cullins,Looking to the future,251,1.0,303,2.74899,2.74477,1.00154
2026-05-05#t2639w0,2026-05-05,Mr. Coon,Looking to the future,302,0.987,372,2.68064,2.5757,1.04074
2026-05-05#t2639w1,2026-05-05,Mr. Coon,Looking to the future,116,1.0,149,2.85429,2.94544,0.96905
2026-05-06#t2641w0,2026-05-06,Ms. Vautour,Looking to the future,147,0.0,187,2.14789,2.08913,1.02812
2026-05-06#t2642w0,2026-05-06,Ms. Scott-Wallace,Looking to the future,217,1.0,265,2.29178,2.36942,0.96723
2026-05-06#t2643w0,2026-05-06,Hon. Ms. Thériault,Looking to the future,165,0.0,229,2.17244,2.13136,1.01927
2026-05-06#t2644w0,2026-05-06,Ms. M. Wilson,Looking to the future,161,1.0,208,2.13258,2.44652,0.87168
2026-05-06#t2645w0,2026-05-06,Mr. Arseneault,Looking to the future,177,0.0,217,2.07105,2.11058,0.98127
2026-05-06#t2646w0,2026-05-06,Ms. M. Johnson,Looking to the future,209,1.0,252,2.14713,2.40607,0.89238
2026-05-06#t2647w0,2026-05-06,Hon. Mr. D’Amours,Looking to the future,155,0.0,202,2.18005,2.29023,0.95189
2026-05-06#t2648w0,2026-05-06,Ms. S. Wilson,Looking to the future,148,1.0,173,2.52407,2.60358,0.96946
2026-05-06#t2649w0,2026-05-06,Mr. Coon,Looking to the future,169,0.976,252,3.52988,3.44475,1.02471
2026-05-06#t2650w0,2026-05-06,Ms. Mitton,Looking to the future,177,0.881,235,2.06501,2.23219,0.9251
2026-05-06#t2651w0,2026-05-06,Mr. Savoie,Looking to the future,113,1.0,132,2.02591,2.16513,0.9357
2026-05-06#t2652w0,2026-05-06,Ms. Mitton,Looking to the future,169,1.0,211,2.88647,2.73389,1.05581
2026-05-06#t2653w0,2026-05-06,Mr. Johnston,Looking to the future,163,1.0,229,3.14298,2.97488,1.0565
2026-05-06#t2654w0,2026-05-06,Mr. Russell,Looking to the future,146,1.0,185,2.55304,2.36543,1.07931
2026-05-06#t2655w0,2026-05-06,Mr. Doucet,Looking to the future,169,0.284,196,2.55926,2.42435,1.05565
2026-05-06#t2656w0,2026-05-06,Ms. M. Johnson,Looking to the future,145,1.0,195,2.36404,2.10605,1.1225
2026-05-06#t2657w0,2026-05-06,Mr. J. LeBlanc,Looking to the future,146,0.418,177,2.67114,2.91109,0.91757
2026-05-06#t2658w0,2026-05-06,Mr. Weir,Looking to the future,152,1.0,197,2.46168,2.26324,1.08768
2026-05-06#t2659w0,2026-05-06,Ms. Vautour,Looking to the future,135,0.0,161,2.35296,2.40798,0.97715
2026-05-06#t2660w0,2026-05-06,Ms. Bockus,Looking to the future,145,1.0,179,2.89616,2.70612,1.07023
2026-05-06#t2661w0,2026-05-06,Mr. Savoie,Looking to the future,141,0.943,178,2.64399,2.65169,0.9971
2026-05-06#t2662w0,2026-05-06,Hon. Mr. Randall,Looking to the future,135,1.0,176,2.80255,2.79102,1.00413
2026-05-06#t2663w0,2026-05-06,Mr. Savoie,Looking to the future,180,1.0,213,2.51656,2.53453,0.99291
2026-05-06#t2664w0,2026-05-06,Hon. Ms. Holt,Looking to the future,191,1.0,230,2.50036,2.53508,0.98631
2026-05-06#t2665w0,2026-05-06,Mr. Savoie,Looking to the future,169,1.0,203,2.79416,2.95378,0.94596
2026-05-06#t2666w0,2026-05-06,Hon. Mr. Randall,Looking to the future,121,1.0,154,2.97686,2.70025,1.10244
2026-05-06#t2667w0,2026-05-06,Mr. Savoie,Looking to the future,124,1.0,161,2.92647,2.6526,1.10325
2026-05-06#t2668w0,2026-05-06,Hon. Mr. Randall,Looking to the future,153,1.0,176,2.70785,2.58011,1.04951
2026-05-06#t2669w0,2026-05-06,Mr. Savoie,Looking to the future,162,1.0,204,3.06234,2.97309,1.03002
2026-05-06#t2670w0,2026-05-06,Hon. Mr. Randall,Looking to the future,132,1.0,173,2.56311,2.59603,0.98732
2026-05-06#t2671w0,2026-05-06,Mr. Savoie,Looking to the future,148,1.0,183,2.83758,2.80315,1.01228
2026-05-06#t2672w0,2026-05-06,Hon. Mr. Randall,Looking to the future,121,1.0,151,2.7437,2.60008,1.05524
2026-05-06#t2673w0,2026-05-06,Mr. Savoie,Looking to the future,147,1.0,189,2.42199,2.56217,0.94529
2026-05-06#t2674w0,2026-05-06,Hon. Mr. Legacy,Looking to the future,72,1.0,92,2.53874,2.6119,0.97199
2026-05-06#t2675w0,2026-05-06,Mr. Savoie,Looking to the future,165,1.0,236,2.42124,2.51312,0.96344
2026-05-06#t2679w0,2026-05-06,Hon. Mr. Legacy,Looking to the future,96,1.0,121,2.68765,2.58016,1.04166
2026-05-06#t2680w0,2026-05-06,Mr. Savoie,Looking to the future,142,1.0,175,2.69839,2.62309,1.02871
2026-05-06#t2681w0,2026-05-06,Hon. Mr. Legacy,Looking to the future,98,1.0,132,2.82788,2.62068,1.07907
2026-05-06#t2682w0,2026-05-06,Ms. M. Johnson,Looking to the future,128,1.0,172,2.37654,2.36173,1.00627
2026-05-06#t2683w0,2026-05-06,Hon. Ms. Miles,Looking to the future,54,1.0,66,2.45548,2.63152,0.9331
2026-05-06#t2684w0,2026-05-06,Hon. Ms. Miles,Looking to the future,142,1.0,173,2.66561,2.65347,1.00457
2026-05-06#t2685w0,2026-05-06,Ms. M. Johnson,Looking to the future,150,1.0,183,2.61024,2.80552,0.93039
2026-05-06#t2686w0,2026-05-06,Hon. Mr. Dornan,Looking to the future,129,1.0,153,2.75169,2.61864,1.05081
2026-05-06#t2687w0,2026-05-06,Ms. M. Johnson,Looking to the future,102,1.0,122,2.96585,3.05356,0.97128
2026-05-06#t2688w0,2026-05-06,Hon. Ms. Miles,Looking to the future,202,1.0,246,2.35366,2.50342,0.94018
2026-05-06#t2689w0,2026-05-06,Ms. Mitton,Looking to the future,139,1.0,173,2.52001,2.41022,1.04555
2026-05-06#t2690w0,2026-05-06,Hon. Ms. Miles,Looking to the future,164,1.0,202,2.51233,2.51476,0.99903
2026-05-06#t2691w0,2026-05-06,Ms. Mitton,Looking to the future,150,1.0,182,2.76944,2.60125,1.06466
2026-05-06#t2693w0,2026-05-06,Ms. Mitton,Looking to the future,164,1.0,213,2.72295,2.50799,1.08571
2026-05-06#t2694w0,2026-05-06,Hon. Ms. Miles,Looking to the future,165,1.0,212,2.63356,2.39315,1.10046
2026-05-06#t2695w0,2026-05-06,Mr. Savoie,Looking to the future,57,1.0,80,3.01334,3.04711,0.98892
2026-05-06#t2696w0,2026-05-06,Mr. Savoie,Looking to the future,95,1.0,120,3.09116,2.9261,1.05641
2026-05-06#t2697w0,2026-05-06,Hon. Mr. Randall,Looking to the future,134,1.0,156,2.59546,2.57831,1.00665
2026-05-06#t2699w0,2026-05-06,Hon. Mr. D’Amours,Looking to the future,130,0.0,163,1.73498,1.90709,0.90975
2026-05-06#t2700w0,2026-05-06,Ms. M. Wilson,Looking to the future,174,1.0,232,2.09622,2.0251,1.03512
2026-05-06#t2701w0,2026-05-06,Ms. Mitton,Looking to the future,104,0.173,132,1.96048,2.11055,0.92889
2026-05-06#t2702w0,2026-05-06,Hon. Mr. McKee,Looking to the future,176,0.455,206,2.18447,2.27161,0.96164
2026-05-06#t2703w0,2026-05-06,Mr. Weir,Looking to the future,162,1.0,195,2.3051,2.27019,1.01537
2026-05-06#t2704w0,2026-05-06,Mr. Coon,Looking to the future,160,1.0,187,2.49058,2.31518,1.07576
2026-05-06#t2705w0,2026-05-06,Hon. Mr. Herron,Looking to the future,360,0.722,453,2.32299,2.40031,0.96779
2026-05-06#t2705w1,2026-05-06,Hon. Mr. Herron,Looking to the future,114,1.0,137,3.12446,3.10641,1.00581
2026-05-06#t2706w0,2026-05-06,Mr. Austin,Looking to the future,153,1.0,182,2.58045,2.51463,1.02617
2026-05-06#t2707w0,2026-05-06,Mr. Austin,Looking to the future,340,1.0,408,2.35067,2.51907,0.93315
2026-05-06#t2707w1,2026-05-06,Mr. Austin,Looking to the future,214,1.0,248,2.60576,2.63992,0.98706
2026-05-06#t2708w0,2026-05-06,Mr. Coon,Looking to the future,301,0.987,358,2.53507,2.60713,0.97236
2026-05-06#t2708w1,2026-05-06,Mr. Coon,Looking to the future,250,1.0,288,2.61703,2.6612,0.9834
2026-05-06#t2709w0,2026-05-06,Hon. Ms. Boudreau,Looking to the future,194,0.34,252,2.49163,2.42864,1.02594
2026-05-06#t2710w0,2026-05-06,Ms. M. Johnson,Looking to the future,218,0.982,258,2.50141,2.46436,1.01503
2026-05-06#t2711w0,2026-05-06,Ms. Mitton,Looking to the future,139,0.0,171,2.8989,2.59158,1.11858
2026-05-06#t2712w0,2026-05-06,Ms. Mitton,Looking to the future,336,1.0,429,2.33244,2.34913,0.9929
2026-05-06#t2712w1,2026-05-06,Ms. Mitton,Looking to the future,123,0.642,169,2.69827,2.56719,1.05106
2026-05-06#t2713w0,2026-05-06,Ms. M. Johnson,Looking to the future,77,0.948,109,2.41432,2.25617,1.0701
2026-05-06#t2714w0,2026-05-06,Mr. M. LeBlanc,Looking to the future,287,0.453,360,2.10289,2.09818,1.00224
2026-05-06#t2715w0,2026-05-06,Ms. M. Wilson,Looking to the future,283,1.0,342,2.63733,2.4778,1.06439
2026-05-06#t2715w1,2026-05-06,Ms. M. Wilson,Looking to the future,262,1.0,302,3.3371,3.23464,1.03168
2026-05-06#t2715w2,2026-05-06,Ms. M. Wilson,Looking to the future,344,1.0,414,3.21439,3.06838,1.04758
2026-05-06#t2715w3,2026-05-06,Ms. M. Wilson,Looking to the future,165,1.0,205,2.85388,2.66135,1.07235
2026-05-06#t2716w0,2026-05-06,Mr. M. LeBlanc,Looking to the future,56,1.0,66,2.79361,2.66282,1.04912
2026-05-06#t2719w0,2026-05-06,Ms. M. Wilson,Looking to the future,289,1.0,349,3.18913,2.92221,1.09134
2026-05-06#t2720w0,2026-05-06,Mr. Coon,Looking to the future,345,0.728,424,2.24651,2.17304,1.03381
2026-05-06#t2720w1,2026-05-06,Mr. Coon,Looking to the future,158,0.671,184,2.65174,2.60336,1.01858
2026-05-06#t2721w0,2026-05-06,Mr. Weir,Looking to the future,211,1.0,273,2.50849,2.49675,1.0047
2026-05-06#t2721w1,2026-05-06,Mr. Weir,Looking to the future,345,1.0,458,2.3239,2.40889,0.96472
2026-05-06#t2722w0,2026-05-06,Mr. Coon,Looking to the future,152,1.0,184,2.32797,2.50653,0.92876
2026-05-06#t2723w0,2026-05-06,Mr. Hogan,Looking to the future,273,1.0,352,2.40472,2.36892,1.01511
2026-05-06#t2723w1,2026-05-06,Mr. Hogan,Looking to the future,301,1.0,421,2.28856,2.3396,0.97818
2026-05-06#t2723w2,2026-05-06,Mr. Hogan,Looking to the future,332,1.0,416,2.25932,2.31583,0.9756
2026-05-06#t2723w3,2026-05-06,Mr. Hogan,Looking to the future,129,1.0,175,2.72201,2.64327,1.02979
2026-05-06#t2726w0,2026-05-06,Mr. Hogan,Looking to the future,211,1.0,265,2.6313,2.74809,0.9575
2026-05-06#t2726w1,2026-05-06,Mr. Hogan,Looking to the future,210,1.0,266,2.53605,2.53191,1.00163
2026-05-06#t2726w2,2026-05-06,Mr. Hogan,Looking to the future,322,1.0,415,2.25689,2.3608,0.95599
2026-05-06#t2726w3,2026-05-06,Mr. Hogan,Looking to the future,237,1.0,288,2.62939,2.7862,0.94372
2026-05-06#t2726w4,2026-05-06,Mr. Hogan,Looking to the future,262,1.0,342,2.38098,2.37961,1.00058
2026-05-06#t2726w5,2026-05-06,Mr. Hogan,Looking to the future,295,1.0,369,2.5351,2.57496,0.98452
2026-05-06#t2727w0,2026-05-06,Mr. Hogan,Looking to the future,360,1.0,461,2.60186,2.61932,0.99333
2026-05-06#t2728w0,2026-05-06,Mr. Austin,Looking to the future,177,1.0,215,2.83306,2.8342,0.9996
2026-05-06#t2729w0,2026-05-06,Mr. Austin,Looking to the future,333,1.0,436,2.57527,2.75618,0.93436
2026-05-06#t2729w1,2026-05-06,Mr. Austin,Looking to the future,312,1.0,420,2.43424,2.40472,1.01227
2026-05-06#t2729w2,2026-05-06,Mr. Austin,Looking to the future,351,1.0,433,2.36924,2.38505,0.99337
2026-05-06#t2729w3,2026-05-06,Mr. Austin,Looking to the future,315,1.0,397,2.56272,2.47124,1.03702
2026-05-06#t2729w4,2026-05-06,Mr. Austin,Looking to the future,176,1.0,227,2.5747,2.60832,0.98711
2026-05-06#t2730w0,2026-05-06,Mr. Austin,Looking to the future,186,1.0,229,2.72283,2.71839,1.00163
2026-05-06#t2731w0,2026-05-06,Mr. Austin,Looking to the future,209,1.0,254,2.53446,2.57051,0.98598
2026-05-06#t2732w0,2026-05-06,Mr. M. LeBlanc,Looking to the future,66,1.0,80,2.03944,2.17182,0.93904
2026-05-06#t2733w0,2026-05-06,Madam Speaker,Looking to the future,59,1.0,72,3.23579,3.14634,1.02843
2026-05-06#t2735w0,2026-05-06,Mr. Austin,Looking to the future,181,1.0,224,2.64157,2.87779,0.91792
2026-05-06#t2736w0,2026-05-06,Mr. Austin,Looking to the future,229,1.0,293,2.41466,2.5457,0.94852
2026-05-06#t2736w1,2026-05-06,Mr. Austin,Looking to the future,245,1.0,306,2.48947,2.65732,0.93684
2026-05-06#t2736w2,2026-05-06,Mr. Austin,Looking to the future,311,1.0,390,2.49161,2.49025,1.00054
2026-05-06#t2739w0,2026-05-06,Hon. Mr. Randall,Looking to the future,296,0.446,365,2.3389,2.28749,1.02247
2026-05-06#t2739w1,2026-05-06,Hon. Mr. Randall,Looking to the future,343,0.615,396,2.38293,2.42055,0.98446
2026-05-06#t2740w0,2026-05-06,Mr. Ames,Looking to the future,134,1.0,163,2.55604,2.55531,1.00029
2026-05-06#t2741w0,2026-05-06,Ms. Mitton,Looking to the future,341,0.633,411,2.12682,2.01771,1.05407
2026-05-06#t2741w1,2026-05-06,Ms. Mitton,Looking to the future,303,0.568,376,2.33337,2.28868,1.01953
2026-05-06#t2741w2,2026-05-06,Ms. Mitton,Looking to the future,132,0.0,151,3.01024,3.30267,0.91146
2026-05-06#t2742w0,2026-05-06,Mr. Monahan,Looking to the future,338,0.515,401,2.44443,2.44454,0.99995
2026-05-06#t2742w1,2026-05-06,Mr. Monahan,Looking to the future,318,0.717,355,2.58774,2.5403,1.01867
2026-05-06#t2742w2,2026-05-06,Mr. Monahan,Looking to the future,181,1.0,216,3.20329,2.97007,1.07852
2026-05-06#t2743w0,2026-05-06,Mr. Monahan,Looking to the future,340,0.765,440,2.81067,2.77408,1.01319
2026-05-06#t2743w1,2026-05-06,Mr. Monahan,Looking to the future,324,0.506,391,2.92691,2.76647,1.058
2026-05-06#t2743w2,2026-05-06,Mr. Monahan,Looking to the future,355,0.561,427,2.68641,2.64672,1.015
2026-05-06#t2743w3,2026-05-06,Mr. Monahan,Looking to the future,332,0.536,394,2.78893,2.6632,1.04721
2026-05-06#t2743w4,2026-05-06,Mr. Monahan,Looking to the future,95,0.958,111,2.53918,2.63485,0.96369
2026-05-06#t2744w0,2026-05-06,Ms. Mitton,Looking to the future,349,1.0,420,2.2494,2.41012,0.93332
2026-05-06#t2744w1,2026-05-06,Ms. Mitton,Looking to the future,311,1.0,384,2.57265,2.508,1.02578
2026-05-06#t2745w0,2026-05-06,Mr. Hogan,Looking to the future,291,1.0,362,2.51448,2.43358,1.03325
2026-05-06#t2745w1,2026-05-06,Mr. Hogan,Looking to the future,353,1.0,454,2.299,2.3463,0.97984
2026-05-06#t2745w2,2026-05-06,Mr. Hogan,Looking to the future,354,1.0,443,2.67963,2.53726,1.05611
2026-05-07#t2747w0,2026-05-07,Hon. Ms. Holt,Looking to the future,311,0.894,367,2.22268,2.32938,0.95419
2026-05-07#t2748w0,2026-05-07,Ms. Scott-Wallace,Looking to the future,326,1.0,394,2.71448,2.64177,1.02752
2026-05-07#t2749w0,2026-05-07,Mr. Coon,Looking to the future,172,0.977,212,2.35136,2.37176,0.9914
2026-05-07#t2753w0,2026-05-07,Mr. Robichaud,Looking to the future,156,0.0,209,2.30059,2.42107,0.95024
2026-05-07#t2754w0,2026-05-07,Madam Speaker,Looking to the future,201,0.711,241,2.16276,2.27138,0.95218
2026-05-07#t2755w0,2026-05-07,Hon. Mr. Gauvin,Looking to the future,236,0.0,310,2.13352,2.28694,0.93292
2026-05-07#t2756w0,2026-05-07,Ms. Scott-Wallace,Looking to the future,169,1.0,212,2.43715,2.46595,0.98832
2026-05-07#t2757w0,2026-05-07,Ms. M. Johnson,Looking to the future,204,1.0,249,2.47265,2.39183,1.03379
2026-05-07#t2758w0,2026-05-07,Mr. Austin,Looking to the future,256,1.0,364,2.09343,2.24174,0.93384
2026-05-07#t2759w0,2026-05-07,Ms. Bockus,Looking to the future,159,1.0,204,2.6198,2.55368,1.02589
2026-05-07#t2760w0,2026-05-07,Mr. J. LeBlanc,Looking to the future,132,0.0,155,2.68523,2.40573,1.11618
2026-05-07#t2761w0,2026-05-07,Mr. Coon,Looking to the future,172,0.977,222,2.46342,2.44557,1.0073
2026-05-07#t2762w0,2026-05-07,Mr. Doucet,Looking to the future,167,0.12,219,2.32711,2.24913,1.03467
2026-05-07#t2763w0,2026-05-07,Ms. Mitton,Looking to the future,168,1.0,198,1.99264,2.15202,0.92594
2026-05-07#t2764w0,2026-05-07,Hon. C. Johnson,Looking to the future,165,0.0,226,1.90814,2.11368,0.90276
2026-05-07#t2766w0,2026-05-07,Mr. Robichaud,Looking to the future,248,0.0,290,2.52831,2.46992,1.02364
2026-05-07#t2767w0,2026-05-07,Mr. Monahan,Looking to the future,148,1.0,173,2.83521,2.92824,0.96823
2026-05-07#t2769w0,2026-05-07,Mr. Coon,Looking to the future,171,0.977,212,2.72418,2.63491,1.03388
2026-05-07#t2770w0,2026-05-07,Mr. Doucet,Looking to the future,163,0.0,211,2.65469,2.62974,1.00949
2026-05-07#t2771w0,2026-05-07,Ms. S. Wilson,Looking to the future,154,1.0,186,2.56293,2.58852,0.99011
2026-05-07#t2772w0,2026-05-07,Ms. Vautour,Looking to the future,115,0.0,151,2.42449,2.33368,1.03892
2026-05-07#t2773w0,2026-05-07,Mr. Ames,Looking to the future,154,1.0,191,2.7784,2.63132,1.0559
2026-05-07#t2774w0,2026-05-07,Mr. M. LeBlanc,Looking to the future,152,0.0,182,2.54792,2.36402,1.07779
2026-05-07#t2775w0,2026-05-07,Mr. Austin,Looking to the future,182,1.0,229,2.57349,2.56353,1.00388
2026-05-07#t2776w0,2026-05-07,Ms. Wilcott,Looking to the future,97,0.784,143,2.45467,2.34846,1.04522
2026-05-07#t2777w0,2026-05-07,Ms. Scott-Wallace,Looking to the future,138,1.0,170,2.55707,2.58729,0.98832
2026-05-07#t2778w0,2026-05-07,Mr. Savoie,Looking to the future,170,0.953,224,2.9834,2.98406,0.99978
2026-05-07#t2779w0,2026-05-07,Hon. Ms. Holt,Looking to the future,181,1.0,206,2.48187,2.53827,0.97778
2026-05-07#t2780w0,2026-05-07,Mr. Savoie,Looking to the future,133,1.0,162,3.05086,2.9004,1.05188
2026-05-07#t2781w0,2026-05-07,Hon. M. Finnigan,Looking to the future,113,0.929,140,2.81719,2.93591,0.95956
2026-05-07#t2782w0,2026-05-07,Mr. Savoie,Looking to the future,118,1.0,152,2.99757,2.8062,1.06819
2026-05-07#t2783w0,2026-05-07,Hon. M. Finnigan,Looking to the future,105,0.0,122,2.6147,2.69744,0.96933
2026-05-07#t2784w0,2026-05-07,Mr. Savoie,Looking to the future,149,0.913,181,2.91098,2.87048,1.01411
2026-05-07#t2785w0,2026-05-07,Hon. M. Finnigan,Looking to the future,140,0.957,172,2.71405,2.80694,0.96691
2026-05-07#t2786w0,2026-05-07,Mr. Savoie,Looking to the future,99,1.0,121,2.81326,2.72355,1.03294
2026-05-07#t2787w0,2026-05-07,Hon. M. Finnigan,Looking to the future,121,0.0,139,3.10637,3.2078,0.96838
2026-05-07#t2788w0,2026-05-07,Mr. Savoie,Looking to the future,154,1.0,192,3.17979,3.00712,1.05742
2026-05-07#t2789w0,2026-05-07,Hon. M. Finnigan,Looking to the future,133,0.94,162,2.87054,2.72847,1.05207
2026-05-07#t2790w0,2026-05-07,Mr. Savoie,Looking to the future,182,1.0,231,2.92741,2.93469,0.99752
2026-05-07#t2791w0,2026-05-07,Hon. M. Finnigan,Looking to the future,135,0.0,166,2.83912,2.74156,1.03558
2026-05-07#t2792w0,2026-05-07,Mr. Savoie,Looking to the future,163,1.0,189,3.03128,2.63242,1.15152
2026-05-07#t2793w0,2026-05-07,Hon. M. Finnigan,Looking to the future,142,0.972,180,2.62132,2.68004,0.97809
2026-05-07#t2794w0,2026-05-07,Mr. Savoie,Looking to the future,122,0.951,155,2.04773,2.2515,0.90949
2026-05-07#t2795w0,2026-05-07,Hon. M. Finnigan,Looking to the future,97,0.0,126,2.45789,2.44063,1.00707
2026-05-07#t2796w0,2026-05-07,Mr. Savoie,Looking to the future,136,1.0,187,2.66442,2.60722,1.02194
2026-05-07#t2797w0,2026-05-07,Hon. M. Finnigan,Looking to the future,117,0.932,148,2.64795,2.71003,0.97709
2026-05-07#t2798w0,2026-05-07,Mr. Coon,Looking to the future,171,0.977,216,2.52262,2.56414,0.98381
2026-05-07#t2799w0,2026-05-07,Hon. Mr. Herron,Looking to the future,61,1.0,76,2.74786,2.74793,0.99997
2026-05-07#t2800w0,2026-05-07,Mr. Coon,Looking to the future,156,1.0,192,2.85847,2.66575,1.0723
2026-05-07#t2801w0,2026-05-07,Hon. K. Chiasson,Looking to the future,145,1.0,175,2.17823,2.48275,0.87735
2026-05-07#t2802w0,2026-05-07,Ms. Scott-Wallace,Looking to the future,178,1.0,205,2.97617,2.82555,1.05331
2026-05-07#t2803w0,2026-05-07,Hon. Mr. Finnigan,Looking to the future,135,0.941,153,2.7622,2.80745,0.98388
2026-05-07#t2804w0,2026-05-07,Ms. Scott-Wallace,Looking to the future,187,1.0,218,3.21141,2.89528,1.10919
2026-05-07#t2805w0,2026-05-07,Hon. Mr. Finnigan,Looking to the future,121,0.0,155,3.16817,2.69615,1.17507
2026-05-07#t2806w0,2026-05-07,Ms. Scott-Wallace,Looking to the future,197,1.0,233,3.0605,2.8182,1.08598
2026-05-07#t2807w0,2026-05-07,Hon. Mr. Finnigan,Looking to the future,103,0.0,125,2.65389,2.64254,1.0043
2026-05-07#t2808w0,2026-05-07,Mr. Savoie,Looking to the future,142,1.0,166,2.95957,2.86908,1.03154
2026-05-07#t2809w0,2026-05-07,Hon. Ms. Holt,Looking to the future,160,1.0,187,2.93629,2.90196,1.01183
2026-05-07#t2811w0,2026-05-07,Hon. Mr. Hickey,Looking to the future,241,0.751,296,2.70581,2.71287,0.9974
2026-05-07#t2812w0,2026-05-07,Ms. Conroy,Looking to the future,238,1.0,298,2.73142,2.53185,1.07882
2026-05-07#t2813w0,2026-05-07,Mr. Coon,Looking to the future,286,1.0,341,2.52303,2.53931,0.99359
2026-05-07#t2814w0,2026-05-07,Hon. Ms. Miles,Looking to the future,155,0.761,186,2.14289,2.23231,0.95994
2026-05-07#t2815w0,2026-05-07,Ms. M. Johnson,Looking to the future,173,1.0,201,2.09548,2.07617,1.0093
2026-05-07#t2816w0,2026-05-07,Ms. Mitton,Looking to the future,134,1.0,156,2.52921,2.39028,1.05812
2026-05-07#t2817w0,2026-05-07,Hon. Mr. Dornan,Looking to the future,228,0.925,288,2.73215,2.59661,1.0522
2026-05-07#t2818w0,2026-05-07,Mr. Hogan,Looking to the future,261,0.835,350,2.48654,2.64844,0.93887
2026-05-07#t2819w0,2026-05-07,Mr. Coon,Looking to the future,281,1.0,351,2.47668,2.4329,1.01799
2026-05-07#t2820w0,2026-05-07,Hon. Mr. Gauvin,Looking to the future,331,0.489,404,2.49333,2.47519,1.00733
2026-05-07#t2820w1,2026-05-07,Hon. Mr. Gauvin,Looking to the future,77,0.662,96,2.86654,2.83981,1.00941
2026-05-07#t2821w0,2026-05-07,Mr. Ames,Looking to the future,189,1.0,247,2.5007,2.55646,0.97819
2026-05-07#t2822w0,2026-05-07,Ms. Mitton,Looking to the future,295,1.0,351,2.57488,2.49594,1.03163
2026-05-07#t2822w1,2026-05-07,Ms. Mitton,Looking to the future,112,1.0,135,2.50707,2.72748,0.91919
2026-05-07#t2823w0,2026-05-07,Madam Speaker,Looking to the future,337,0.629,453,2.4458,2.43507,1.00441
2026-05-07#t2823w1,2026-05-07,Madam Speaker,Looking to the future,148,1.0,180,2.48037,2.61252,0.94942
2026-05-07#t2829w0,2026-05-07,Madam Speaker,Looking to the future,310,0.965,436,2.28391,2.259,1.01103
2026-05-07#t2830w0,2026-05-07,Mr. Lee,Looking to the future,332,1.0,411,2.1847,2.34265,0.93258
2026-05-07#t2830w1,2026-05-07,Mr. Lee,Looking to the future,302,1.0,368,2.44866,2.49783,0.98031
2026-05-07#t2830w2,2026-05-07,Mr. Lee,Looking to the future,315,1.0,381,2.49734,2.72472,0.91655
2026-05-07#t2830w3,2026-05-07,Mr. Lee,Looking to the future,353,1.0,426,2.3294,2.54497,0.9153
2026-05-07#t2830w4,2026-05-07,Mr. Lee,Looking to the future,291,1.0,345,2.47054,2.5433,0.97139
2026-05-07#t2830w5,2026-05-07,Mr. Lee,Looking to the future,288,1.0,338,2.35741,2.53534,0.92982
2026-05-07#t2830w6,2026-05-07,Mr. Lee,Looking to the future,245,1.0,308,2.46859,2.50877,0.98399
2026-05-07#t2832w0,2026-05-07,Hon. Mr. Dornan,Looking to the future,298,0.93,377,2.59805,2.48173,1.04687
2026-05-07#t2832w1,2026-05-07,Hon. Mr. Dornan,Looking to the future,304,0.931,384,2.70338,2.54723,1.0613
2026-05-07#t2832w2,2026-05-07,Hon. Mr. Dornan,Looking to the future,302,1.0,381,2.78838,2.70683,1.03013
2026-05-07#t2832w3,2026-05-07,Hon. Mr. Dornan,Looking to the future,340,0.944,410,2.50697,2.43651,1.02892
2026-05-07#t2832w4,2026-05-07,Hon. Mr. Dornan,Looking to the future,183,1.0,214,2.76163,2.93224,0.94181
2026-05-07#t2834w0,2026-05-07,Mr. Hogan,Looking to the future,304,1.0,393,2.28372,2.17975,1.0477
2026-05-07#t2834w1,2026-05-07,Mr. Hogan,Looking to the future,321,1.0,427,2.30334,2.3572,0.97715
2026-05-07#t2834w2,2026-05-07,Mr. Hogan,Looking to the future,201,1.0,289,2.5912,2.52206,1.02741
2026-05-07#t2835w0,2026-05-07,Mr. Hogan,Looking to the future,274,1.0,339,2.81076,2.72824,1.03024
2026-05-07#t2835w1,2026-05-07,Mr. Hogan,Looking to the future,355,1.0,459,2.31557,2.42577,0.95457
2026-05-07#t2835w2,2026-05-07,Mr. Hogan,Looking to the future,359,1.0,454,2.77841,2.68428,1.03507
2026-05-07#t2838w0,2026-05-07,Hon. Mr. Legacy,Looking to the future,257,0.0,326,2.65375,2.52903,1.04931
2026-05-07#t2838w1,2026-05-07,Hon. Mr. Legacy,Looking to the future,253,0.0,300,2.74097,2.73211,1.00324
2026-05-07#t2838w2,2026-05-07,Hon. Mr. Legacy,Looking to the future,359,0.0,443,2.65514,2.64337,1.00445
2026-05-07#t2838w3,2026-05-07,Hon. Mr. Legacy,Looking to the future,342,0.0,424,2.77521,2.62587,1.05687
2026-05-07#t2839w0,2026-05-07,Hon. Mr. Legacy,Looking to the future,223,0.552,277,2.66732,2.5926,1.02882
2026-05-07#t2847w0,2026-05-07,Mr. Coon,Looking to the future,313,1.0,388,2.71305,2.69139,1.00805
2026-05-07#t2847w1,2026-05-07,Mr. Coon,Looking to the future,297,1.0,387,2.623,2.60163,1.00821
2026-05-07#t2847w2,2026-05-07,Mr. Coon,Looking to the future,231,1.0,274,2.56726,2.7122,0.94656
2026-05-07#t2847w3,2026-05-07,Mr. Coon,Looking to the future,297,1.0,358,2.74767,2.9032,0.94643
2026-05-07#t2847w4,2026-05-07,Mr. Coon,Looking to the future,331,1.0,408,2.79691,2.75669,1.01459
2026-05-07#t2848w0,2026-05-07,Mr. Savoie,Looking to the future,281,0.822,373,2.4874,2.45697,1.01238
2026-05-07#t2849w0,2026-05-07,Mr. Savoie,Looking to the future,331,1.0,404,2.74255,2.75414,0.99579
2026-05-07#t2849w1,2026-05-07,Mr. Savoie,Looking to the future,289,1.0,355,2.42605,2.52042,0.96256
2026-05-07#t2850w0,2026-05-07,Mr. Savoie,Looking to the future,289,1.0,352,2.45234,2.63148,0.93192
2026-05-07#t2850w1,2026-05-07,Mr. Savoie,Looking to the future,264,1.0,316,2.80514,2.80761,0.99912
2026-05-07#t2850w2,2026-05-07,Mr. Savoie,Looking to the future,319,1.0,375,2.82761,2.72212,1.03876
2026-05-07#t2850w3,2026-05-07,Mr. Savoie,Looking to the future,360,1.0,425,2.48784,2.56332,0.97055
2026-05-07#t2850w4,2026-05-07,Mr. Savoie,Looking to the future,123,1.0,152,2.33726,2.39325,0.97661
2026-05-07#t2851w0,2026-05-07,Ms. Wilcott,Looking to the future,250,0.896,312,2.68021,2.73426,0.98023
2026-05-07#t2851w1,2026-05-07,Ms. Wilcott,Looking to the future,226,1.0,294,2.55111,2.67621,0.95326
2026-05-07#t2851w2,2026-05-07,Ms. Wilcott,Looking to the future,147,1.0,192,2.48694,2.48586,1.00043
2026-05-07#t2852w0,2026-05-07,Ms. Wilcott,Looking to the future,360,0.714,457,2.34507,2.38364,0.98382
2026-05-07#t2852w1,2026-05-07,Ms. Wilcott,Looking to the future,351,0.624,420,2.62206,2.68026,0.97829
2026-05-07#t2852w2,2026-05-07,Ms. Wilcott,Looking to the future,156,1.0,198,2.44215,2.70172,0.90392
2026-05-07#t2853w0,2026-05-07,Ms. Mitton,Looking to the future,353,1.0,431,2.64763,2.5951,1.02024
2026-05-07#t2853w1,2026-05-07,Ms. Mitton,Looking to the future,173,0.971,213,2.90577,2.81565,1.032
2026-05-07#t2854w0,2026-05-07,Mr. Lee,Looking to the future,325,1.0,399,2.44398,2.53199,0.96524
2026-05-07#t2855w0,2026-05-07,,Looking to the future,351,0.96,426,2.67231,2.61273,1.0228
2026-05-07#t2855w1,2026-05-07,,Looking to the future,343,1.0,459,2.32071,2.33267,0.99487
2026-05-07#t2856w0,2026-05-07,Ms. M. Wilson,Looking to the future,272,1.0,316,2.37988,2.44364,0.97391
2026-05-07#t2856w1,2026-05-07,Ms. M. Wilson,Looking to the future,345,1.0,459,2.25558,2.27427,0.99178
2026-05-07#t2856w2,2026-05-07,Ms. M. Wilson,Looking to the future,357,1.0,418,2.88626,2.78909,1.03484
2026-05-07#t2856w3,2026-05-07,Ms. M. Wilson,Looking to the future,291,1.0,351,2.39277,2.38879,1.00167
2026-05-07#t2856w4,2026-05-07,Ms. M. Wilson,Looking to the future,279,1.0,330,2.84358,2.76191,1.02957
2026-05-07#t2856w5,2026-05-07,Ms. M. Wilson,Looking to the future,262,1.0,302,2.87135,2.76785,1.03739
2026-05-07#t2856w6,2026-05-07,Ms. M. Wilson,Looking to the future,317,1.0,374,2.61646,2.60929,1.00275
2026-05-07#t2856w7,2026-05-07,Ms. M. Wilson,Looking to the future,329,1.0,428,2.37928,2.29582,1.03635
2026-05-07#t2856w8,2026-05-07,Ms. M. Wilson,Looking to the future,249,1.0,286,2.36693,2.36714,0.99991
2026-05-07#t2857w0,2026-05-07,Hon. Mr. Kennedy,Looking to the future,338,0.885,417,2.33535,2.41698,0.96623
2026-05-07#t2857w1,2026-05-07,Hon. Mr. Kennedy,Looking to the future,349,0.883,402,2.6225,2.58457,1.01467
2026-05-07#t2862w0,2026-05-07,Mr. M. LeBlanc,Looking to the future,67,1.0,77,2.65159,2.83549,0.93514
2026-05-07#t2864w0,2026-05-07,Hon. Mr. Kennedy,Looking to the future,117,0.718,149,2.8971,2.64475,1.09542
2026-05-07#t2866w0,2026-05-07,Hon. Mr. Kennedy,Looking to the future,286,1.0,377,2.57581,2.66494,0.96656
2026-05-07#t2866w1,2026-05-07,Hon. Mr. Kennedy,Looking to the future,315,1.0,402,2.90559,2.69308,1.07891
2026-05-07#t2866w2,2026-05-07,Hon. Mr. Kennedy,Looking to the future,287,1.0,344,2.47894,2.53255,0.97883
2026-05-07#t2867w0,2026-05-07,Ms. M. Wilson,Looking to the future,50,1.0,68,2.77672,2.64368,1.05032
2026-05-07#t2868w0,2026-05-07,Mr. M. LeBlanc,Looking to the future,72,1.0,93,2.8241,2.82412,0.99999
2026-05-07#t2870w0,2026-05-07,Hon. Mr. Kennedy,Looking to the future,339,1.0,403,2.33871,2.31287,1.01117
2026-05-07#t2870w1,2026-05-07,Hon. Mr. Kennedy,Looking to the future,100,1.0,123,2.62075,2.3799,1.1012
2026-05-07#t2871w0,2026-05-07,Mr. Lee,Looking to the future,343,1.0,429,2.71873,2.81749,0.96495
2026-05-07#t2871w1,2026-05-07,Mr. Lee,Looking to the future,322,1.0,393,2.51719,2.73788,0.91939
2026-05-07#t2871w2,2026-05-07,Mr. Lee,Looking to the future,299,1.0,362,2.67237,2.90333,0.92045
2026-05-07#t2871w3,2026-05-07,Mr. Lee,Looking to the future,337,1.0,406,2.21438,2.53868,0.87226
2026-05-07#t2871w4,2026-05-07,Mr. Lee,Looking to the future,351,1.0,433,2.52012,2.67111,0.94347
2026-05-07#t2871w5,2026-05-07,Mr. Lee,Looking to the future,274,1.0,403,1.7946,1.93046,0.92963
2026-05-07#t2873w0,2026-05-07,Mr. Doucet,Looking to the future,286,0.031,352,2.49694,2.39922,1.04073
2026-05-07#t2873w1,2026-05-07,Mr. Doucet,Looking to the future,318,0.0,414,2.79994,2.76784,1.01159
2026-05-07#t2873w2,2026-05-07,Mr. Doucet,Looking to the future,317,0.744,405,2.75601,2.74695,1.0033
2026-05-07#t2873w3,2026-05-07,Mr. Doucet,Looking to the future,207,0.928,243,2.58962,2.61313,0.99101
2026-05-07#t2874w0,2026-05-07,Mr. Doucet,Looking to the future,357,0.0,449,2.60432,2.62931,0.99049
2026-05-07#t2874w1,2026-05-07,Mr. Doucet,Looking to the future,204,0.0,252,2.80471,2.70503,1.03685
2026-05-07#t2875w0,2026-05-07,Mr. Doucet,Looking to the future,138,0.0,181,3.01309,2.91919,1.03217
2026-05-07#t2876w0,2026-05-07,Ms. S. Wilson,Looking to the future,136,1.0,171,2.76114,2.81409,0.98118
2026-05-07#t2878w0,2026-05-07,Mr. M. LeBlanc,Looking to the future,111,1.0,147,2.76698,2.92103,0.94726
2026-05-07#t2880w0,2026-05-07,Ms. S. Wilson,Looking to the future,219,1.0,270,2.555,2.56011,0.998
2026-05-07#t2881w0,2026-05-07,Ms. S. Wilson,Looking to the future,123,1.0,146,3.26294,3.1659,1.03065
2026-05-07#t2883w0,2026-05-07,Mr. M. LeBlanc,Looking to the future,51,1.0,60,3.21366,3.22325,0.99702
2026-05-07#t2885w0,2026-05-07,Ms. S. Wilson,Looking to the future,117,1.0,146,2.54615,2.54485,1.00051
2026-05-08#t2887w0,2026-05-08,Mr. M. LeBlanc,Looking to the future,72,1.0,86,2.30897,2.38869,0.96662
2026-05-08#t2889w0,2026-05-08,Mr. Russell,Looking to the future,106,1.0,138,2.43427,2.49771,0.9746
2026-05-08#t2890w0,2026-05-08,Mr. Bourque,Looking to the future,329,0.0,436,2.25615,2.41097,0.93578
2026-05-08#t2891w0,2026-05-08,Ms. M. Johnson,Looking to the future,226,0.982,287,2.09324,2.21166,0.94646
2026-05-08#t2892w0,2026-05-08,Ms. M. Wilson,Looking to the future,137,1.0,172,2.35172,2.4823,0.9474
2026-05-08#t2893w0,2026-05-08,Hon. Ms. Boudreau,Looking to the future,126,0.444,158,2.50607,2.51185,0.9977
2026-05-08#t2894w0,2026-05-08,Mr. Hogan,Looking to the future,142,1.0,176,2.09345,2.24308,0.93329
2026-05-08#t2895w0,2026-05-08,Mr. Coon,Looking to the future,144,0.972,205,2.16409,2.08303,1.03892
2026-05-08#t2896w0,2026-05-08,Hon. Ms. Miles,Looking to the future,184,1.0,261,2.45092,2.28779,1.0713
2026-05-08#t2897w0,2026-05-08,Ms. M. Johnson,Looking to the future,157,1.0,196,2.29717,2.27313,1.01057
2026-05-08#t2898w0,2026-05-08,Ms. Mitton,Looking to the future,141,1.0,183,2.48997,2.37918,1.04656
2026-05-08#t2899w0,2026-05-08,Mr. M. LeBlanc,Looking to the future,203,0.0,280,2.12647,2.16722,0.9812
2026-05-08#t2900w0,2026-05-08,Mr. Lee,Looking to the future,144,1.0,170,3.10258,3.15574,0.98315
2026-05-08#t2901w0,2026-05-08,Ms. Mitton,Looking to the future,165,1.0,218,2.40246,2.44285,0.98347
2026-05-08#t2902w0,2026-05-08,Mr. Mallet,Looking to the future,131,0.0,167,2.61681,2.38395,1.09768
2026-05-08#t2903w0,2026-05-08,Mr. Cullins,Looking to the future,137,1.0,164,3.24607,3.04413,1.06634
2026-05-08#t2905w0,2026-05-08,Mr. Johnston,Looking to the future,154,0.578,197,2.66307,2.54712,1.04552
2026-05-08#t2906w0,2026-05-08,Ms. M. Wilson,Looking to the future,145,1.0,183,2.34467,2.66197,0.8808
2026-05-08#t2907w0,2026-05-08,Mr. J. LeBlanc,Looking to the future,145,0.538,177,2.8163,2.62481,1.07296
2026-05-08#t2908w0,2026-05-08,Ms. Conroy,Looking to the future,140,1.0,170,2.7191,2.68008,1.01456
2026-05-08#t2909w0,2026-05-08,Mr. Robichaud,Looking to the future,153,0.373,194,2.38802,2.47882,0.96337
2026-05-08#t2910w0,2026-05-08,Mr. Hogan,Looking to the future,127,1.0,167,2.20613,2.37788,0.92777
2026-05-08#t2911w0,2026-05-08,Mr. Savoie,Looking to the future,124,0.919,168,2.6387,2.59,1.0188
2026-05-08#t2912w0,2026-05-08,Hon. Mr. D’Amours,Looking to the future,186,0.0,231,2.26321,2.36981,0.95502
2026-05-08#t2913w0,2026-05-08,Mr. Savoie,Looking to the future,103,1.0,136,2.83876,2.68727,1.05637
2026-05-08#t2914w0,2026-05-08,Hon. Mr. D’Amours,Looking to the future,196,0.245,234,1.92054,1.94684,0.98649
2026-05-08#t2915w0,2026-05-08,Mr. Savoie,Looking to the future,120,1.0,164,2.61758,2.63113,0.99485
2026-05-08#t2916w0,2026-05-08,Hon. Mr. Randall,Looking to the future,113,1.0,152,2.982,2.64244,1.1285
2026-05-08#t2917w0,2026-05-08,Mr. Savoie,Looking to the future,157,1.0,222,2.60728,2.61597,0.99668
2026-05-08#t2918w0,2026-05-08,Hon. Mr. Randall,Looking to the future,152,1.0,187,2.53356,2.53293,1.00025
2026-05-08#t2919w0,2026-05-08,Mr. Savoie,Looking to the future,75,1.0,89,3.13612,3.14378,0.99756
2026-05-08#t2920w0,2026-05-08,Hon. Mr. Randall,Looking to the future,147,1.0,185,2.81788,2.6583,1.06003
2026-05-08#t2921w0,2026-05-08,Mr. Savoie,Looking to the future,159,1.0,191,3.11538,3.04784,1.02216
2026-05-08#t2922w0,2026-05-08,Hon. Mr. Finnigan,Looking to the future,107,0.963,133,2.82667,2.80279,1.00852
2026-05-08#t2923w0,2026-05-08,Mr. Savoie,Looking to the future,112,1.0,137,3.04924,2.85987,1.06621
2026-05-08#t2924w0,2026-05-08,Hon. Mr. Finnigan,Looking to the future,111,0.0,143,2.60026,2.59508,1.002
2026-05-08#t2925w0,2026-05-08,Mr. Savoie,Looking to the future,91,1.0,120,2.79549,2.72224,1.02691
2026-05-08#t2926w0,2026-05-08,Hon. Mr. Finnigan,Looking to the future,137,0.942,163,2.57418,2.67592,0.96198
2026-05-08#t2927w0,2026-05-08,Mr. Savoie,Looking to the future,139,1.0,172,2.66353,2.66354,1.0
2026-05-08#t2928w0,2026-05-08,Hon. Mr. Finnigan,Looking to the future,140,0.0,168,2.88201,2.78662,1.03423
2026-05-08#t2929w0,2026-05-08,Mr. Savoie,Looking to the future,167,1.0,222,2.68634,2.60209,1.03238
2026-05-08#t2930w0,2026-05-08,Hon. Mr. Finnigan,Looking to the future,109,0.927,129,2.93903,2.89288,1.01595
2026-05-08#t2931w0,2026-05-08,Mr. Savoie,Looking to the future,132,1.0,167,2.64663,2.64626,1.00014
2026-05-08#t2932w0,2026-05-08,Hon. Mr. Finnigan,Looking to the future,124,0.952,151,2.87292,2.95266,0.97299
2026-05-08#t2933w0,2026-05-08,Ms. M. Johnson,Looking to the future,121,1.0,146,2.59034,2.48102,1.04406
2026-05-08#t2934w0,2026-05-08,Hon. Ms. Miles,Looking to the future,172,1.0,226,2.32987,2.39579,0.97248
2026-05-08#t2935w0,2026-05-08,Ms. M. Johnson,Looking to the future,166,1.0,207,3.19633,2.78532,1.14756
2026-05-08#t2936w0,2026-05-08,Hon. Ms. Miles,Looking to the future,167,1.0,208,2.78077,2.58712,1.07485
2026-05-08#t2937w0,2026-05-08,Ms. M. Johnson,Looking to the future,178,1.0,219,2.8571,2.82725,1.01056
2026-05-08#t2938w0,2026-05-08,Hon. Ms. Miles,Looking to the future,139,1.0,177,2.33238,2.28462,1.0209
2026-05-08#t2939w0,2026-05-08,Mr. Hogan,Looking to the future,98,1.0,120,2.3146,2.58773,0.89445
2026-05-08#t2940w0,2026-05-08,Hon. Mr. Dornan,Looking to the future,175,1.0,212,2.8234,2.79075,1.0117
2026-05-08#t2941w0,2026-05-08,Mr. Hogan,Looking to the future,175,1.0,217,2.72646,2.81224,0.9695
2026-05-08#t2942w0,2026-05-08,Hon. Mr. Dornan,Looking to the future,146,1.0,168,2.65011,2.62406,1.00993
2026-05-08#t2944w0,2026-05-08,Madam Speaker,Looking to the future,108,1.0,125,2.3131,2.4931,0.9278
2026-05-08#t2945w0,2026-05-08,Hon. Mr. Kennedy,Looking to the future,126,0.714,155,2.37688,2.25549,1.05382
2026-05-08#t2946w0,2026-05-08,Mr. Russell,Looking to the future,188,1.0,215,2.5459,2.56167,0.99384
2026-05-08#t2947w0,2026-05-08,Mr. Coon,Looking to the future,155,0.974,190,2.58396,2.53802,1.0181
2026-05-08#t2948w0,2026-05-08,Hon. Mr. Randall,Looking to the future,248,0.863,294,2.23287,2.3073,0.96774
2026-05-08#t2949w0,2026-05-08,Mr. Russell,Looking to the future,278,1.0,335,2.60222,2.48677,1.04643
2026-05-08#t2950w0,2026-05-08,Ms. Mitton,Looking to the future,236,1.0,290,2.51909,2.53483,0.99379
2026-05-08#t2951w0,2026-05-08,Hon. Mr. Legacy,Looking to the future,304,0.257,406,2.4699,2.36666,1.04362
2026-05-08#t2951w1,2026-05-08,Hon. Mr. Legacy,Looking to the future,188,0.979,220,2.37594,2.31288,1.02727
2026-05-08#t2952w0,2026-05-08,Mr. Savoie,Looking to the future,349,0.983,412,2.70033,2.56314,1.05352
2026-05-08#t2952w1,2026-05-08,Mr. Savoie,Looking to the future,143,1.0,164,2.82635,2.82919,0.999
2026-05-08#t2953w0,2026-05-08,Ms. Mitton,Looking to the future,266,0.985,313,2.43861,2.63,0.92723
2026-05-08#t2953w1,2026-05-08,Ms. Mitton,Looking to the future,101,1.0,121,2.56299,2.69038,0.95265
2026-05-08#t2954w0,2026-05-08,Hon. Mr. Dornan,Looking to the future,158,0.835,192,2.47738,2.23246,1.10971
2026-05-08#t2955w0,2026-05-08,Mr. Hogan,Looking to the future,207,1.0,243,2.40892,2.42035,0.99528
2026-05-08#t2956w0,2026-05-08,Mr. Coon,Looking to the future,225,1.0,291,2.49012,2.53175,0.98356
2026-05-08#t2958w0,2026-05-08,Mr. M. LeBlanc,Looking to the future,347,0.386,470,2.08318,2.18943,0.95147
2026-05-08#t2958w1,2026-05-08,Mr. M. LeBlanc,Looking to the future,292,1.0,357,2.00888,2.16258,0.92892
2026-05-08#t2959w0,2026-05-08,Mr. M. LeBlanc,Looking to the future,210,0.733,306,2.03595,2.0454,0.99538
2026-05-08#t2962w0,2026-05-08,Mr. Hogan,Looking to the future,76,0.724,107,2.7527,2.8847,0.95424
2026-05-08#t2963w0,2026-05-08,Madam Speaker,Looking to the future,336,1.0,436,2.429,2.4559,0.98905
2026-05-08#t2963w1,2026-05-08,Madam Speaker,Looking to the future,312,1.0,385,2.60378,2.61068,0.99736
2026-05-08#t2963w2,2026-05-08,Madam Speaker,Looking to the future,91,1.0,128,2.48313,2.59607,0.9565
2026-05-08#t2965w0,2026-05-08,Mr. Hogan,Looking to the future,347,1.0,449,2.66511,2.54681,1.04645
2026-05-08#t2965w1,2026-05-08,Mr. Hogan,Looking to the future,73,1.0,90,3.20617,3.17914,1.0085
2026-05-08#t2966w0,2026-05-08,Mr. Hogan,Looking to the future,136,1.0,182,2.6235,2.6249,0.99947
2026-05-08#t2968w0,2026-05-08,Mr. Hogan,Looking to the future,61,1.0,75,2.95096,3.0933,0.95399
2026-05-08#t2974w0,2026-05-08,Mr. Hogan,Looking to the future,122,1.0,166,2.5876,2.68361,0.96422
2026-05-08#t2975w0,2026-05-08,Mr. Hogan,Looking to the future,51,1.0,67,2.76238,2.71669,1.01682
2026-05-08#t2976w0,2026-05-08,Mr. Hogan,Looking to the future,263,1.0,339,2.53683,2.66989,0.95016
2026-05-08#t2976w1,2026-05-08,Mr. Hogan,Looking to the future,107,1.0,133,2.9211,2.92277,0.99943
2026-05-08#t2977w0,2026-05-08,Mr. M. LeBlanc,Looking to the future,64,1.0,77,2.48488,2.66463,0.93254
2026-05-08#t2979w0,2026-05-08,Mr. Hogan,Looking to the future,60,1.0,75,2.99955,2.87715,1.04254
2026-05-08#t2981w0,2026-05-08,Mr. Hogan,Looking to the future,66,1.0,85,3.46348,3.25178,1.0651
2026-05-08#t2983w0,2026-05-08,Mr. M. LeBlanc,Looking to the future,69,1.0,78,3.08159,3.00666,1.02492
2026-05-08#t2991w0,2026-05-08,Mr. Hogan,Looking to the future,205,1.0,289,2.34517,2.69022,0.87174
2026-05-08#t2992w0,2026-05-08,Mr. M. LeBlanc,Looking to the future,61,0.754,91,2.37932,2.42882,0.97962
2026-05-13#t2993w0,2026-05-13,Hon. Mr. Finnigan,Looking to the future,256,0.512,321,2.36718,2.30581,1.02662
2026-05-13#t2995w0,2026-05-13,Mr. Bourque,Looking to the future,195,0.0,246,2.29455,2.42311,0.94694
2026-05-13#t2996w0,2026-05-13,Hon. Mr. Herron,Looking to the future,159,1.0,190,2.6036,2.48194,1.04902
2026-05-13#t2997w0,2026-05-13,Hon. Ms. Holt,Looking to the future,134,0.955,155,2.68613,2.55249,1.05235
2026-05-13#t2998w0,2026-05-13,Hon. Ms. Holt,Looking to the future,269,1.0,345,1.9779,2.31666,0.85377
2026-05-13#t2999w0,2026-05-13,Ms. M. Wilson,Looking to the future,149,1.0,197,2.15931,2.23562,0.96587
2026-05-13#t3000w0,2026-05-13,Mr. Coon,Looking to the future,150,1.0,191,2.22476,2.37139,0.93817
2026-05-13#t3001w0,2026-05-13,Mr. Bourque,Looking to the future,193,0.0,296,2.19158,2.30491,0.95083
2026-05-13#t3002w0,2026-05-13,Mr. Hogan,Looking to the future,161,1.0,205,2.01049,2.16618,0.92813
2026-05-13#t3004w0,2026-05-13,Mr. Hogan,Looking to the future,146,1.0,187,2.17802,2.33154,0.93415
2026-05-13#t3007w0,2026-05-13,Hon. Ms. Thériault,Looking to the future,293,0.0,376,2.26183,2.29751,0.98447
2026-05-13#t3008w0,2026-05-13,Hon. Ms. Boudreau,Looking to the future,144,0.0,183,2.41038,2.60707,0.92456
2026-05-13#t3009w0,2026-05-13,Mr. Ames,Looking to the future,131,1.0,164,2.21154,2.16265,1.0226
2026-05-13#t3010w0,2026-05-13,Ms. Mitton,Looking to the future,159,1.0,199,2.41322,2.48878,0.96964
2026-05-13#t3011w0,2026-05-13,Ms. Scott-Wallace,Looking to the future,156,1.0,196,2.85396,2.67172,1.06821
2026-05-13#t3012w0,2026-05-13,Ms. Mitton,Looking to the future,162,1.0,189,2.53209,2.61397,0.96868
2026-05-13#t3013w0,2026-05-13,Mr. Doucet,Looking to the future,179,0.0,231,2.55232,2.48832,1.02572
2026-05-13#t3014w0,2026-05-13,Mr. Russell,Looking to the future,177,1.0,251,2.40282,2.41697,0.99414
2026-05-13#t3015w0,2026-05-13,Mr. J. LeBlanc,Looking to the future,153,0.549,176,2.55338,2.48363,1.02808
2026-05-13#t3016w0,2026-05-13,Mr. Weir,Looking to the future,144,1.0,176,2.55073,2.50038,1.02014
2026-05-13#t3017w0,2026-05-13,Ms. Vautour,Looking to the future,132,0.0,158,2.8322,3.03299,0.9338
2026-05-13#t3018w0,2026-05-13,Mr. Cullins,Looking to the future,139,1.0,193,2.98933,2.89962,1.03094
2026-05-13#t3019w0,2026-05-13,Mr. Robichaud,Looking to the future,161,0.298,190,2.60243,2.4999,1.04102
2026-05-13#t3020w0,2026-05-13,Mr. Monahan,Looking to the future,137,1.0,187,2.47161,2.45157,1.00817
2026-05-13#t3021w0,2026-05-13,Mr. Savoie,Looking to the future,174,0.943,207,2.65986,2.58699,1.02817
2026-05-13#t3022w0,2026-05-13,Hon. Mr. Randall,Looking to the future,109,1.0,129,2.78186,2.45195,1.13455
2026-05-13#t3023w0,2026-05-13,Mr. Savoie,Looking to the future,203,1.0,259,2.64572,2.42321,1.09182
2026-05-13#t3024w0,2026-05-13,Hon. Mr. Randall,Looking to the future,159,1.0,204,2.64059,2.55399,1.03391
2026-05-13#t3025w0,2026-05-13,Mr. Savoie,Looking to the future,176,1.0,205,3.19757,3.01399,1.06091
2026-05-13#t3026w0,2026-05-13,Hon. Mr. Randall,Looking to the future,82,1.0,106,3.11997,2.89305,1.07844
2026-05-13#t3027w0,2026-05-13,Mr. Savoie,Looking to the future,186,1.0,219,2.45287,2.45375,0.99964
2026-05-13#t3029w0,2026-05-13,Hon. Mr. Randall,Looking to the future,81,1.0,104,3.32707,2.84066,1.17123
2026-05-13#t3030w0,2026-05-13,Mr. Savoie,Looking to the future,205,1.0,256,2.73079,2.63194,1.03756
2026-05-13#t3031w0,2026-05-13,Hon. Mr. Randall,Looking to the future,144,1.0,185,2.45546,2.33088,1.05345
2026-05-13#t3032w0,2026-05-13,Mr. Savoie,Looking to the future,173,1.0,222,2.8346,2.68568,1.05545
2026-05-13#t3033w0,2026-05-13,Hon. Mr. Randall,Looking to the future,141,1.0,192,2.56896,2.62153,0.97995
2026-05-13#t3034w0,2026-05-13,Mr. Savoie,Looking to the future,167,1.0,221,2.81039,2.67391,1.05104
2026-05-13#t3036w0,2026-05-13,Mr. Hogan,Looking to the future,90,1.0,117,2.57246,2.44553,1.0519
2026-05-13#t3037w0,2026-05-13,Hon. Mr. Dornan,Looking to the future,125,1.0,154,2.70396,2.52588,1.0705
2026-05-13#t3038w0,2026-05-13,Mr. Hogan,Looking to the future,122,1.0,150,2.72266,2.51988,1.08047
2026-05-13#t3039w0,2026-05-13,Hon. Mr. Dornan,Looking to the future,138,1.0,171,2.68073,2.52493,1.0617
2026-05-13#t3040w0,2026-05-13,Mr. Hogan,Looking to the future,160,1.0,205,2.42376,2.42173,1.00084
2026-05-13#t3041w0,2026-05-13,Hon. Mr. Dornan,Looking to the future,118,1.0,143,2.96423,2.66712,1.1114
2026-05-13#t3042w0,2026-05-13,Ms. Mitton,Looking to the future,121,1.0,154,2.36608,2.47602,0.9556
2026-05-13#t3043w0,2026-05-13,Hon. Ms. Holt,Looking to the future,190,1.0,230,2.39968,2.33255,1.02878
2026-05-13#t3044w0,2026-05-13,Ms. Mitton,Looking to the future,153,1.0,179,2.83913,3.0188,0.94048
2026-05-13#t3045w0,2026-05-13,Hon. C. Johnson,Looking to the future,148,1.0,171,2.63393,2.66365,0.98884
2026-05-13#t3046w0,2026-05-13,Ms. Mitton,Looking to the future,175,1.0,200,2.99764,2.98909,1.00286
2026-05-13#t3047w0,2026-05-13,L’hon. C. Johnson,Looking to the future,140,0.0,175,2.55298,2.63283,0.96967
2026-05-13#t3048w0,2026-05-13,Mr. Monahan,Looking to the future,156,1.0,187,2.74922,2.91703,0.94247
2026-05-13#t3049w0,2026-05-13,Hon. Mr. Legacy,Looking to the future,198,1.0,244,2.43922,2.61782,0.93178
2026-05-13#t3050w0,2026-05-13,M. Monahan,Looking to the future,135,0.0,164,2.92124,2.95391,0.98894
2026-05-13#t3051w0,2026-05-13,L’hon. M. Legacy,Looking to the future,170,0.0,201,2.67575,2.59391,1.03155
2026-05-13#t3052w0,2026-05-13,Mr. Monahan,Looking to the future,174,1.0,199,2.86873,2.76596,1.03716
2026-05-13#t3053w0,2026-05-13,Hon. Mr. Legacy,Looking to the future,169,1.0,215,2.75437,2.7879,0.98797
2026-05-13#t3055w0,2026-05-13,Hon. Mr. Gauvin,Looking to the future,221,0.0,287,2.78494,2.60923,1.06734
2026-05-13#t3056w0,2026-05-13,Mr. Savoie,Looking to the future,79,0.0,101,2.60539,2.57344,1.01242
2026-05-13#t3057w0,2026-05-13,Hon. Mr. Gauvin,Looking to the future,203,0.379,241,1.84995,2.02668,0.9128
2026-05-13#t3058w0,2026-05-13,Mr. Ames,Looking to the future,126,1.0,151,1.61992,1.86202,0.86998
2026-05-13#t3059w0,2026-05-13,Mr. Coon,Looking to the future,224,0.911,269,2.30098,2.24226,1.02619
2026-05-13#t3060w0,2026-05-13,Hon. Mr. McKee,Looking to the future,132,0.538,168,2.42879,2.26595,1.07186
2026-05-13#t3061w0,2026-05-13,Mr. Weir,Looking to the future,137,1.0,171,2.66617,2.67162,0.99796
2026-05-13#t3062w0,2026-05-13,Mr. Coon,Looking to the future,151,1.0,207,2.58569,2.36938,1.09129
2026-05-13#t3063w0,2026-05-13,Hon. C. Chiasson,Looking to the future,309,0.731,372,1.92891,2.21226,0.87192
2026-05-13#t3064w0,2026-05-13,Mr. Oliver,Looking to the future,147,1.0,164,2.36075,2.45622,0.96113
2026-05-13#t3065w0,2026-05-13,Mr. Coon,Looking to the future,218,0.982,281,2.49039,2.39096,1.04158
2026-05-13#t3067w0,2026-05-13,Hon. Mr. Herron,Looking to the future,138,0.761,181,2.50432,2.52276,0.99269
2026-05-13#t3068w0,2026-05-13,Ms. M. Johnson,Looking to the future,88,1.0,120,2.42405,2.42114,1.0012
2026-05-13#t3069w0,2026-05-13,Mr. M. LeBlanc,Looking to the future,332,0.843,423,2.2863,2.31755,0.98652
2026-05-13#t3069w1,2026-05-13,Mr. M. LeBlanc,Looking to the future,355,1.0,426,2.69982,2.58117,1.04597
2026-05-13#t3069w2,2026-05-13,Mr. M. LeBlanc,Looking to the future,324,1.0,388,2.61222,2.62972,0.99335
2026-05-13#t3069w3,2026-05-13,Mr. M. LeBlanc,Looking to the future,274,1.0,327,2.80186,2.72144,1.02955
2026-05-13#t3069w4,2026-05-13,Mr. M. LeBlanc,Looking to the future,245,1.0,292,2.77593,2.60962,1.06373
2026-05-13#t3070w0,2026-05-13,Ms. M. Johnson,Looking to the future,260,1.0,321,3.08091,2.82454,1.09076
2026-05-13#t3070w1,2026-05-13,Ms. M. Johnson,Looking to the future,328,1.0,398,2.59647,2.46371,1.05389
2026-05-13#t3070w2,2026-05-13,Ms. M. Johnson,Looking to the future,348,1.0,415,2.81182,2.66008,1.05704
2026-05-13#t3070w3,2026-05-13,Ms. M. Johnson,Looking to the future,131,1.0,157,2.91337,2.6265,1.10922
2026-05-13#t3071w0,2026-05-13,Mr. Cullins,Looking to the future,262,1.0,305,2.43185,2.27074,1.07095
2026-05-13#t3071w1,2026-05-13,Mr. Cullins,Looking to the future,300,1.0,342,2.63212,2.62031,1.00451
2026-05-13#t3071w2,2026-05-13,Mr. Cullins,Looking to the future,357,1.0,415,2.96507,2.91069,1.01868
2026-05-13#t3071w3,2026-05-13,Mr. Cullins,Looking to the future,131,1.0,159,2.86082,2.57752,1.10991
2026-05-13#t3072w0,2026-05-13,Mr. Ames,Looking to the future,290,1.0,351,2.18367,2.13457,1.023
2026-05-13#t3072w1,2026-05-13,Mr. Ames,Looking to the future,351,1.0,410,2.69509,2.59738,1.03762
2026-05-13#t3072w2,2026-05-13,Mr. Ames,Looking to the future,284,1.0,344,3.29282,3.0179,1.0911
2026-05-13#t3072w3,2026-05-13,Mr. Ames,Looking to the future,138,1.0,176,3.07244,2.79568,1.09899
2026-05-13#t3075w0,2026-05-13,Mr. Ames,Looking to the future,272,1.0,330,2.36821,2.23119,1.06141
2026-05-13#t3075w1,2026-05-13,Mr. Ames,Looking to the future,160,1.0,191,2.68011,2.63178,1.01837
2026-05-13#t3076w0,2026-05-13,Mr. Ames,Looking to the future,257,1.0,307,3.24471,3.01822,1.07504
2026-05-13#t3076w1,2026-05-13,Mr. Ames,Looking to the future,340,1.0,403,3.21502,2.90705,1.10594
2026-05-13#t3076w2,2026-05-13,Mr. Ames,Looking to the future,352,1.0,429,2.99551,2.82027,1.06214
2026-05-13#t3076w3,2026-05-13,Mr. Ames,Looking to the future,286,1.0,348,3.11277,2.8499,1.09224
2026-05-13#t3077w0,2026-05-13,Mr. Monahan,Looking to the future,349,0.862,420,2.24712,2.31819,0.96934
2026-05-13#t3077w1,2026-05-13,Mr. Monahan,Looking to the future,115,1.0,139,2.5794,2.58711,0.99702
2026-05-13#t3078w0,2026-05-13,Mr. Monahan,Looking to the future,61,1.0,80,3.06651,3.14193,0.976
2026-05-13#t3079w0,2026-05-13,Mr. Monahan,Looking to the future,343,0.778,410,2.61268,2.555,1.02258
2026-05-13#t3079w1,2026-05-13,Mr. Monahan,Looking to the future,281,0.801,361,2.77878,2.68013,1.03681
2026-05-13#t3079w2,2026-05-13,Mr. Monahan,Looking to the future,268,1.0,336,2.49276,2.4066,1.0358
2026-05-13#t3081w0,2026-05-13,Mr. Monahan,Looking to the future,76,1.0,89,3.14309,3.34872,0.9386
2026-05-13#t3082w0,2026-05-13,Mr. Monahan,Looking to the future,100,1.0,118,2.48049,2.76906,0.89579
2026-05-13#t3083w0,2026-05-13,Mr. Monahan,Looking to the future,294,0.789,354,2.84667,2.79674,1.01785
2026-05-13#t3083w1,2026-05-13,Mr. Monahan,Looking to the future,349,1.0,442,2.6062,2.57169,1.01342
2026-05-13#t3083w2,2026-05-13,Mr. Monahan,Looking to the future,241,0.913,303,2.92089,2.95482,0.98852
2026-05-13#t3084w0,2026-05-13,Mr. Monahan,Looking to the future,336,0.807,398,2.37822,2.38987,0.99512
2026-05-13#t3084w1,2026-05-13,Mr. Monahan,Looking to the future,358,0.885,429,2.96448,2.80421,1.05715
2026-05-13#t3084w2,2026-05-13,Mr. Monahan,Looking to the future,121,1.0,158,3.12959,2.83494,1.10394
2026-05-13#t3085w0,2026-05-13,Mr. Monahan,Looking to the future,309,0.738,400,2.75661,2.58773,1.06526
2026-05-13#t3086w0,2026-05-13,Mr. Weir,Looking to the future,360,1.0,449,2.51343,2.36895,1.06099
2026-05-13#t3086w1,2026-05-13,Mr. Weir,Looking to the future,343,1.0,402,2.64561,2.5388,1.04207
2026-05-13#t3086w2,2026-05-13,Mr. Weir,Looking to the future,314,1.0,392,2.82216,2.84504,0.99196
2026-05-13#t3086w3,2026-05-13,Mr. Weir,Looking to the future,337,1.0,429,2.53223,2.54188,0.9962
2026-05-13#t3086w4,2026-05-13,Mr. Weir,Looking to the future,286,1.0,359,2.70826,2.59008,1.04563
2026-05-13#t3086w5,2026-05-13,Mr. Weir,Looking to the future,358,1.0,442,2.67454,2.60345,1.02731
2026-05-13#t3086w6,2026-05-13,Mr. Weir,Looking to the future,320,1.0,425,2.46796,2.4881,0.9919
2026-05-13#t3086w7,2026-05-13,Mr. Weir,Looking to the future,327,1.0,416,2.74,2.69393,1.0171
2026-05-13#t3086w8,2026-05-13,Mr. Weir,Looking to the future,319,1.0,406,2.3347,2.30239,1.01403
2026-05-13#t3086w9,2026-05-13,Mr. Weir,Looking to the future,335,1.0,409,2.56699,2.73801,0.93754
2026-05-13#t3086w10,2026-05-13,Mr. Weir,Looking to the future,353,1.0,440,2.56406,2.70019,0.94959
2026-05-13#t3086w11,2026-05-13,Mr. Weir,Looking to the future,302,1.0,356,2.65664,2.6007,1.02151
2026-05-13#t3086w12,2026-05-13,Mr. Weir,Looking to the future,331,1.0,389,2.53195,2.71785,0.9316
2026-05-13#t3086w13,2026-05-13,Mr. Weir,Looking to the future,308,1.0,379,2.79493,2.97753,0.93867
2026-05-13#t3086w14,2026-05-13,Mr. Weir,Looking to the future,248,1.0,296,2.65192,2.67591,0.99103
2026-05-13#t3087w0,2026-05-13,Mr. Weir,Looking to the future,301,1.0,397,2.37467,2.32694,1.02051
2026-05-13#t3087w1,2026-05-13,Mr. Weir,Looking to the future,92,1.0,117,2.62207,2.38834,1.09786
2026-05-13#t3088w0,2026-05-13,Mr. Weir,Looking to the future,335,1.0,405,2.79144,2.77687,1.00525
2026-05-13#t3090w0,2026-05-13,Mr. M. LeBlanc,Looking to the future,323,1.0,360,2.44459,2.56368,0.95355
2026-05-13#t3090w1,2026-05-13,Mr. M. LeBlanc,Looking to the future,194,1.0,234,2.49288,2.49314,0.99989
2026-05-13#t3092w0,2026-05-13,Mr. Deputy Speaker,Looking to the future,118,1.0,135,2.8428,2.98264,0.95311
2026-05-13#t3093w0,2026-05-13,Mr. M. LeBlanc,Looking to the future,355,1.0,435,2.29456,2.31129,0.99276
2026-05-13#t3093w1,2026-05-13,Mr. M. LeBlanc,Looking to the future,337,1.0,408,2.50432,2.46792,1.01475
2026-05-13#t3093w2,2026-05-13,Mr. M. LeBlanc,Looking to the future,113,1.0,138,2.69086,2.7762,0.96926
2026-05-13#t3094w0,2026-05-13,Mr. M. LeBlanc,Looking to the future,135,1.0,172,2.7919,2.77424,1.00637
2026-05-13#t3095w0,2026-05-13,,Looking to the future,354,0.63,433,2.20487,2.33178,0.94557
2026-05-13#t3095w1,2026-05-13,,Looking to the future,358,1.0,415,2.64614,2.57394,1.02805
2026-05-13#t3095w2,2026-05-13,,Looking to the future,344,0.587,406,2.41998,2.40943,1.00438
2026-05-13#t3095w3,2026-05-13,,Looking to the future,292,0.123,348,2.62508,2.59629,1.01109
2026-05-13#t3095w4,2026-05-13,,Looking to the future,263,1.0,317,2.35735,2.48364,0.94915
2026-05-13#t3095w5,2026-05-13,,Looking to the future,187,1.0,241,2.02116,2.15168,0.93934
2026-05-14#t3096w0,2026-05-14,Hon. Mr. Herron,Looking to the future,133,0.759,170,2.8665,2.73871,1.04666
2026-05-14#t3097w0,2026-05-14,Mr. Bourque,Looking to the future,180,0.0,323,1.91408,2.0922,0.91487
2026-05-14#t3098w0,2026-05-14,Hon. C. Chiasson,Looking to the future,318,1.0,431,2.09643,2.15293,0.97376
2026-05-14#t3099w0,2026-05-14,Mr. Robichaud,Looking to the future,189,0.0,246,2.71088,2.73156,0.99243
2026-05-14#t3100w0,2026-05-14,Mr. Weir,Looking to the future,148,0.858,201,2.58639,2.54951,1.01447
2026-05-14#t3101w0,2026-05-14,Mr. Coon,Looking to the future,177,1.0,226,2.46732,2.49491,0.98894
2026-05-14#t3102w0,2026-05-14,Mr. Mallet,Looking to the future,151,0.0,208,2.59874,2.54861,1.01967
2026-05-14#t3103w0,2026-05-14,Mr. Russell,Looking to the future,150,1.0,184,2.63731,2.67092,0.98742
2026-05-14#t3104w0,2026-05-14,Ms. Mitton,Looking to the future,165,1.0,206,2.73052,2.70594,1.00908
2026-05-14#t3105w0,2026-05-14,Mr. Monahan,Looking to the future,147,1.0,169,2.55241,2.73241,0.93413
2026-05-14#t3106w0,2026-05-14,Ms. Scott-Wallace,Looking to the future,198,1.0,237,2.42355,2.41286,1.00443
2026-05-14#t3107w0,2026-05-14,Ms. Conroy,Looking to the future,160,1.0,203,2.69074,2.57121,1.04649
2026-05-14#t3108w0,2026-05-14,Mr. Coon,Looking to the future,177,0.977,235,2.45654,2.40047,1.02336
2026-05-14#t3109w0,2026-05-14,Mr. Doucet,Looking to the future,170,0.0,222,2.56219,2.40291,1.06629
2026-05-14#t3110w0,2026-05-14,Mr. Oliver,Looking to the future,155,1.0,188,2.72879,2.76917,0.98542
2026-05-14#t3111w0,2026-05-14,Ms. Vautour,Looking to the future,155,0.0,186,2.45377,2.56491,0.95667
2026-05-14#t3112w0,2026-05-14,Mr. Weir,Looking to the future,159,1.0,192,2.73527,2.81376,0.97211
2026-05-14#t3113w0,2026-05-14,Mr. M. LeBlanc,Looking to the future,146,0.0,178,2.55305,2.6286,0.97126
2026-05-14#t3114w0,2026-05-14,Ms. M. Johnson,Looking to the future,164,1.0,255,2.3903,2.48991,0.96
2026-05-14#t3115w0,2026-05-14,Mr. Mallet,Looking to the future,101,0.0,122,2.70928,2.70967,0.99986
2026-05-14#t3116w0,2026-05-14,Mr. Monahan,Looking to the future,138,1.0,176,2.99666,2.94499,1.01754
2026-05-14#t3117w0,2026-05-14,Mr. Savoie,Looking to the future,191,0.927,232,2.7417,2.58255,1.06163
2026-05-14#t3118w0,2026-05-14,Hon. Ms. Holt,Looking to the future,77,0.948,90,2.52632,2.75565,0.91678
2026-05-14#t3119w0,2026-05-14,Hon. Ms. Holt,Looking to the future,124,0.71,160,2.76604,2.66139,1.03932
2026-05-14#t3120w0,2026-05-14,Mr. Savoie,Looking to the future,164,1.0,197,3.1094,2.82685,1.09995
2026-05-14#t3121w0,2026-05-14,Hon. Ms. Holt,Looking to the future,199,1.0,236,2.45523,2.58206,0.95088
2026-05-14#t3122w0,2026-05-14,Mr. Savoie,Looking to the future,159,1.0,204,2.70688,2.61673,1.03445
2026-05-14#t3123w0,2026-05-14,Hon. Ms. Holt,Looking to the future,206,1.0,249,2.45,2.43416,1.00651
2026-05-14#t3124w0,2026-05-14,Mr. Savoie,Looking to the future,177,1.0,225,3.23149,3.09775,1.04318
2026-05-14#t3125w0,2026-05-14,Hon. Ms. Holt,Looking to the future,142,0.0,168,2.97717,2.75547,1.08046
2026-05-14#t3126w0,2026-05-14,Mr. Savoie,Looking to the future,187,0.914,237,2.65434,2.54124,1.04451
2026-05-14#t3127w0,2026-05-14,Hon. Ms. Holt,Looking to the future,201,1.0,249,2.3329,2.42167,0.96334
2026-05-14#t3128w0,2026-05-14,Mr. Savoie,Looking to the future,176,1.0,220,2.48753,2.34558,1.06052
2026-05-14#t3129w0,2026-05-14,Hon. Ms. Holt,Looking to the future,188,1.0,223,2.60792,2.64021,0.98777
2026-05-14#t3130w0,2026-05-14,Mr. Lee,Looking to the future,147,1.0,183,2.27828,2.13833,1.06545
2026-05-14#t3131w0,2026-05-14,Hon. C. Johnson,Looking to the future,120,1.0,144,2.46086,2.57459,0.95583
2026-05-14#t3132w0,2026-05-14,Mr. Lee,Looking to the future,155,1.0,207,2.81861,2.5835,1.091
2026-05-14#t3133w0,2026-05-14,Hon. C. Johnson,Looking to the future,80,0.0,98,2.90376,2.75951,1.05227
2026-05-14#t3134w0,2026-05-14,Mr. Lee,Looking to the future,143,1.0,177,3.00199,2.80457,1.0704
2026-05-14#t3135w0,2026-05-14,Hon. C. Johnson,Looking to the future,126,1.0,160,2.44382,2.51104,0.97323
2026-05-14#t3136w0,2026-05-14,Mr. Coon,Looking to the future,147,1.0,205,2.32854,2.40405,0.96859
2026-05-14#t3137w0,2026-05-14,Hon. Mr. Legacy,Looking to the future,137,1.0,175,2.85294,2.84973,1.00113
2026-05-14#t3138w0,2026-05-14,M. Coon,Looking to the future,136,0.066,157,2.43896,2.69319,0.9056
2026-05-14#t3139w0,2026-05-14,Hon. Ms. Miles,Looking to the future,151,1.0,196,2.90732,2.60592,1.11566
2026-05-14#t3140w0,2026-05-14,Mr. Austin,Looking to the future,137,1.0,172,2.32042,2.47311,0.93826
2026-05-14#t3141w0,2026-05-14,Hon. Mr. Legacy,Looking to the future,179,1.0,223,2.54317,2.65462,0.95802
2026-05-14#t3142w0,2026-05-14,Mr. Austin,Looking to the future,163,1.0,200,2.49979,2.59601,0.96294
2026-05-14#t3143w0,2026-05-14,Hon. Mr. Legacy,Looking to the future,96,1.0,128,2.88763,2.81643,1.02528
2026-05-14#t3144w0,2026-05-14,Mr. Austin,Looking to the future,150,1.0,184,3.30122,2.90098,1.13797
2026-05-14#t3145w0,2026-05-14,Hon. Mr. Legacy,Looking to the future,143,1.0,181,2.67422,2.44376,1.09431
2026-05-14#t3146w0,2026-05-14,Mr. Savoie,Looking to the future,182,1.0,226,2.4849,2.63772,0.94206
2026-05-14#t3147w0,2026-05-14,Hon. Ms. Holt,Looking to the future,204,1.0,255,2.55087,2.46795,1.0336
2026-05-14#t3149w0,2026-05-14,Hon. Ms. Thériault,Looking to the future,296,0.0,363,2.38602,2.42768,0.98284
2026-05-14#t3150w0,2026-05-14,Ms. M. Wilson,Looking to the future,254,1.0,311,2.26383,2.22151,1.01905
2026-05-14#t3151w0,2026-05-14,Mr. Coon,Looking to the future,127,0.118,163,2.43132,2.35287,1.03334
2026-05-14#t3152w0,2026-05-14,Hon. C. Chiasson,Looking to the future,73,0.877,96,2.64561,2.72664,0.97028
2026-05-14#t3153w0,2026-05-14,Hon. C. Chiasson,Looking to the future,101,1.0,123,2.93786,2.75102,1.06792
2026-05-14#t3155w0,2026-05-14,Mr. Oliver,Looking to the future,185,1.0,237,2.53656,2.57013,0.98694
2026-05-14#t3156w0,2026-05-14,Ms. Mitton,Looking to the future,203,1.0,250,2.69871,2.61009,1.03395
2026-05-14#t3157w0,2026-05-14,Hon. Mr. Herron,Looking to the future,347,0.813,418,2.26244,2.36198,0.95786
2026-05-14#t3157w1,2026-05-14,Hon. Mr. Herron,Looking to the future,97,1.0,119,2.57861,2.22806,1.15733
2026-05-14#t3158w0,2026-05-14,Mr. Austin,Looking to the future,235,1.0,281,2.42497,2.46314,0.9845
2026-05-14#t3158w1,2026-05-14,Mr. Austin,Looking to the future,277,1.0,345,2.32987,2.35223,0.99049
2026-05-14#t3159w0,2026-05-14,Mr. Coon,Looking to the future,289,0.986,380,2.59446,2.53247,1.02448
2026-05-14#t3159w1,2026-05-14,Mr. Coon,Looking to the future,168,1.0,210,2.71118,2.67676,1.01286
2026-05-14#t3160w0,2026-05-14,Hon. Mr. Randall,Looking to the future,185,0.805,213,2.34099,2.37639,0.9851
2026-05-14#t3161w0,2026-05-14,Ms. Conroy,Looking to the future,169,1.0,203,2.02641,2.22683,0.91
2026-05-14#t3162w0,2026-05-14,Mr. Coon,Looking to the future,187,0.979,231,2.5544,2.52,1.01365
2026-05-14#t3164w0,2026-05-14,Ms. M. Johnson,Looking to the future,220,0.773,282,2.60563,2.53971,1.02595
2026-05-14#t3165w0,2026-05-14,Ms. M. Johnson,Looking to the future,86,1.0,113,2.45036,2.45336,0.99878
2026-05-14#t3166w0,2026-05-14,Mr. M. LeBlanc,Looking to the future,339,1.0,475,2.18218,2.23324,0.97713
2026-05-14#t3166w1,2026-05-14,Mr. M. LeBlanc,Looking to the future,360,1.0,414,2.72558,2.75433,0.98956
2026-05-14#t3166w2,2026-05-14,Mr. M. LeBlanc,Looking to the future,289,1.0,358,2.87579,2.91105,0.98789
2026-05-14#t3166w3,2026-05-14,Mr. M. LeBlanc,Looking to the future,223,1.0,268,2.47644,2.45954,1.00687
2026-05-14#t3166w4,2026-05-14,Mr. M. LeBlanc,Looking to the future,260,1.0,310,2.46019,2.59033,0.94976
2026-05-14#t3167w0,2026-05-14,Ms. Mitton,Looking to the future,308,0.948,374,2.38405,2.44474,0.97517
2026-05-14#t3167w1,2026-05-14,Ms. Mitton,Looking to the future,327,1.0,390,2.6582,2.75937,0.96333
2026-05-14#t3167w2,2026-05-14,Ms. Mitton,Looking to the future,335,1.0,429,2.42242,2.45387,0.98718
2026-05-14#t3167w3,2026-05-14,Ms. Mitton,Looking to the future,350,0.994,421,2.6525,2.67963,0.98987
2026-05-14#t3169w0,2026-05-14,Mr. Bourque,Looking to the future,356,0.0,439,2.49555,2.38947,1.0444
2026-05-14#t3169w1,2026-05-14,Mr. Bourque,Looking to the future,344,0.032,444,2.52868,2.42128,1.04436
2026-05-14#t3169w2,2026-05-14,Mr. Bourque,Looking to the future,353,0.048,448,2.37245,2.44199,0.97153
2026-05-14#t3169w3,2026-05-14,Mr. Bourque,Looking to the future,127,0.0,159,2.89909,2.85573,1.01518
2026-05-14#t3170w0,2026-05-14,Mr. Bourque,Looking to the future,156,0.0,198,2.68198,2.69388,0.99558
2026-05-14#t3171w0,2026-05-14,Ms. M. Wilson,Looking to the future,233,1.0,297,2.56911,2.61522,0.98237
2026-05-14#t3172w0,2026-05-14,Ms. M. Wilson,Looking to the future,352,1.0,482,2.45597,2.37936,1.0322
2026-05-14#t3172w1,2026-05-14,Ms. M. Wilson,Looking to the future,337,1.0,400,2.90625,2.78424,1.04382
2026-05-14#t3172w2,2026-05-14,Ms. M. Wilson,Looking to the future,99,1.0,118,3.35321,2.87533,1.1662
2026-05-14#t3173w0,2026-05-14,Ms. M. Wilson,Looking to the future,60,1.0,76,3.6656,3.56193,1.0291
2026-05-14#t3176w0,2026-05-14,Ms. M. Wilson,Looking to the future,162,1.0,186,2.66083,2.6132,1.01823
2026-05-14#t3180w0,2026-05-14,Ms. M. Wilson,Looking to the future,110,1.0,129,2.98622,2.72613,1.09541
2026-05-14#t3185w0,2026-05-14,Hon. Mr. Hickey,Looking to the future,111,1.0,138,2.60542,2.57963,1.00999
2026-05-14#t3186w0,2026-05-14,Ms. Scott-Wallace,Looking to the future,133,1.0,156,2.80894,2.7246,1.03095
2026-05-14#t3187w0,2026-05-14,Madam Speaker,Looking to the future,340,0.968,417,2.43637,2.48061,0.98216
2026-05-14#t3187w1,2026-05-14,Madam Speaker,Looking to the future,57,0.807,73,2.96489,3.19402,0.92826
2026-05-14#t3188w0,2026-05-14,Ms. Scott-Wallace,Looking to the future,261,1.0,321,2.7916,2.73286,1.02149
2026-05-14#t3188w1,2026-05-14,Ms. Scott-Wallace,Looking to the future,329,1.0,384,2.78413,2.73781,1.01692
2026-05-14#t3188w2,2026-05-14,Ms. Scott-Wallace,Looking to the future,349,1.0,426,2.66591,2.51834,1.0586
2026-05-14#t3188w3,2026-05-14,Ms. Scott-Wallace,Looking to the future,323,1.0,374,2.89485,2.75591,1.05042
2026-05-14#t3188w4,2026-05-14,Ms. Scott-Wallace,Looking to the future,333,1.0,397,2.65761,2.66153,0.99853
2026-05-14#t3190w0,2026-05-14,Hon. Mr. Finnigan,Looking to the future,336,0.625,399,2.55578,2.5171,1.01537
2026-05-14#t3191w0,2026-05-14,Hon. Mr. Finnigan,Looking to the future,303,0.875,340,2.82897,2.99475,0.94464
2026-05-14#t3191w1,2026-05-14,Hon. Mr. Finnigan,Looking to the future,350,0.497,410,2.56193,2.56524,0.99871
2026-05-14#t3191w2,2026-05-14,Hon. Mr. Finnigan,Looking to the future,245,0.784,294,2.61184,2.54312,1.02702
2026-05-14#t3192w0,2026-05-14,Ms. M. Johnson,Looking to the future,333,1.0,399,2.64013,2.57698,1.0245
2026-05-14#t3192w1,2026-05-14,Ms. M. Johnson,Looking to the future,313,1.0,395,2.73834,2.56168,1.06896
2026-05-14#t3192w2,2026-05-14,Ms. M. Johnson,Looking to the future,342,1.0,403,2.76919,2.71726,1.01911
2026-05-14#t3192w3,2026-05-14,Ms. M. Johnson,Looking to the future,353,1.0,431,2.71018,2.63116,1.03003
2026-05-14#t3192w4,2026-05-14,Ms. M. Johnson,Looking to the future,338,1.0,405,2.631,2.59479,1.01395
2026-05-14#t3192w5,2026-05-14,Ms. M. Johnson,Looking to the future,330,1.0,387,3.00731,2.74002,1.09755
2026-05-14#t3192w6,2026-05-14,Ms. M. Johnson,Looking to the future,91,1.0,115,3.24824,2.96627,1.09506
2026-05-14#t3193w0,2026-05-14,Mr. J. LeBlanc,Looking to the future,250,1.0,302,2.42853,2.24314,1.08265
2026-05-14#t3193w1,2026-05-14,Mr. J. LeBlanc,Looking to the future,325,1.0,381,2.65734,2.79548,0.95059
2026-05-14#t3193w2,2026-05-14,Mr. J. LeBlanc,Looking to the future,355,1.0,403,2.70658,2.57124,1.05263
2026-05-14#t3193w3,2026-05-14,Mr. J. LeBlanc,Looking to the future,104,1.0,139,2.49366,2.74405,0.90875
2026-05-14#t3195w0,2026-05-14,Mr. J. LeBlanc,Looking to the future,339,0.271,408,2.67525,2.59168,1.03225
2026-05-14#t3195w1,2026-05-14,Mr. J. LeBlanc,Looking to the future,345,0.0,406,2.35175,2.43134,0.96726
2026-05-14#t3196w0,2026-05-14,Mr. Austin,Looking to the future,342,1.0,419,2.32152,2.45052,0.94736
2026-05-14#t3196w1,2026-05-14,Mr. Austin,Looking to the future,346,1.0,416,2.28535,2.30332,0.9922
2026-05-14#t3196w2,2026-05-14,Mr. Austin,Looking to the future,356,1.0,445,2.47938,2.5188,0.98435
2026-05-14#t3196w3,2026-05-14,Mr. Austin,Looking to the future,342,1.0,418,2.64786,2.54023,1.04237
2026-05-14#t3196w4,2026-05-14,Mr. Austin,Looking to the future,300,1.0,372,2.40029,2.48008,0.96782
2026-05-14#t3196w5,2026-05-14,Mr. Austin,Looking to the future,244,1.0,295,2.71349,2.60054,1.04343
2026-05-14#t3196w6,2026-05-14,Mr. Austin,Looking to the future,191,1.0,242,2.369,2.48448,0.95352
2026-05-14#t3197w0,2026-05-14,Mr. Coon,Looking to the future,359,1.0,470,2.54464,2.48921,1.02227
2026-05-14#t3197w1,2026-05-14,Mr. Coon,Looking to the future,358,1.0,452,2.68705,2.72228,0.98706
2026-05-14#t3197w2,2026-05-14,Mr. Coon,Looking to the future,332,1.0,413,2.64072,2.67165,0.98842
2026-05-14#t3198w0,2026-05-14,Mr. Coon,Looking to the future,338,1.0,416,2.66831,2.76336,0.9656
2026-05-14#t3198w1,2026-05-14,Mr. Coon,Looking to the future,334,1.0,401,2.45147,2.50236,0.97966
2026-05-14#t3199w0,2026-05-14,Ms. Vautour,Looking to the future,323,0.285,372,2.50136,2.4705,1.01249
2026-05-14#t3199w1,2026-05-14,Ms. Vautour,Looking to the future,346,0.934,405,2.68215,2.71077,0.98944
2026-05-14#t3199w2,2026-05-14,Ms. Vautour,Looking to the future,332,0.19,378,2.76234,2.71471,1.01754
2026-05-14#t3199w3,2026-05-14,Ms. Vautour,Looking to the future,359,0.0,417,2.46683,2.49892,0.98716
2026-05-14#t3199w4,2026-05-14,Ms. Vautour,Looking to the future,318,0.0,369,2.39449,2.5044,0.95611
2026-05-14#t3199w5,2026-05-14,Ms. Vautour,Looking to the future,63,0.0,75,2.66301,2.76537,0.96299
2026-05-14#t3200w0,2026-05-14,Mr. Oliver,Looking to the future,272,1.0,327,2.52463,2.47866,1.01855
2026-05-14#t3201w0,2026-05-14,Mr. Oliver,Looking to the future,326,1.0,400,2.52245,2.46644,1.02271
2026-05-14#t3201w1,2026-05-14,Mr. Oliver,Looking to the future,353,1.0,428,2.67501,2.81905,0.9489
2026-05-14#t3201w2,2026-05-14,Mr. Oliver,Looking to the future,96,1.0,118,2.91834,2.96078,0.98567
2026-05-14#t3202w0,2026-05-14,Ms. Scott-Wallace,Looking to the future,339,1.0,413,2.58062,2.57951,1.00043
2026-05-14#t3202w1,2026-05-14,Ms. Scott-Wallace,Looking to the future,309,1.0,378,3.04598,2.8759,1.05914
2026-05-14#t3202w2,2026-05-14,Ms. Scott-Wallace,Looking to the future,339,1.0,396,2.96662,2.80913,1.05606
2026-05-14#t3203w0,2026-05-14,,Looking to the future,173,0.936,222,2.54465,2.31976,1.09695
2026-05-14#t3204w0,2026-05-14,Ms. M. Wilson,Looking to the future,334,1.0,393,2.11639,2.19619,0.96366
2026-05-14#t3204w1,2026-05-14,Ms. M. Wilson,Looking to the future,291,1.0,362,2.04398,2.12772,0.96064
2026-05-14#t3204w2,2026-05-14,Ms. M. Wilson,Looking to the future,356,1.0,442,2.49004,2.38893,1.04233
2026-05-14#t3204w3,2026-05-14,Ms. M. Wilson,Looking to the future,332,1.0,428,2.35876,2.35707,1.00072
2026-05-14#t3204w4,2026-05-14,Ms. M. Wilson,Looking to the future,290,1.0,358,2.55426,2.47087,1.03375
2026-05-14#t3204w5,2026-05-14,Ms. M. Wilson,Looking to the future,336,1.0,390,2.49519,2.51421,0.99243
2026-05-14#t3204w6,2026-05-14,Ms. M. Wilson,Looking to the future,289,1.0,339,2.72064,2.74771,0.99015
2019-03-19#t1w0,2019-03-19,,BY CONSTITUENCY,59,1.0,105,2.59538,2.8789,0.90152
2019-03-19#t3w0,2019-03-19,Hon. Mr. Steeves,Government Motions re Business of House,158,0.747,230,2.05143,2.15097,0.95372
2019-03-19#t4w0,2019-03-19,Hon. Mr. Steeves,Debate on Motion—Budget Address,358,0.975,439,2.43411,2.35681,1.0328
2019-03-19#t4w1,2019-03-19,Hon. Mr. Steeves,Debate on Motion—Budget Address,357,0.961,422,2.13874,2.26305,0.94507
2019-03-19#t4w2,2019-03-19,Hon. Mr. Steeves,Debate on Motion—Budget Address,76,1.0,91,3.44029,3.1907,1.07822
2019-03-19#t5w0,2019-03-19,,Economic and fiscal conditions,320,1.0,409,2.43482,2.35178,1.03531
2019-03-19#t5w1,2019-03-19,,Economic and fiscal conditions,292,0.966,355,2.46308,2.44782,1.00624
2019-03-19#t5w2,2019-03-19,,Economic and fiscal conditions,283,1.0,334,2.38036,2.40988,0.98775
2019-03-19#t5w3,2019-03-19,,Economic and fiscal conditions,332,0.988,392,2.53101,2.54113,0.99602
2019-03-19#t5w4,2019-03-19,,Economic and fiscal conditions,339,0.982,415,2.59043,2.52304,1.02671
2019-03-19#t5w5,2019-03-19,,Economic and fiscal conditions,335,1.0,376,2.67021,2.6595,1.00403
2019-03-19#t5w6,2019-03-19,,Economic and fiscal conditions,342,1.0,405,2.32513,2.35902,0.98563
2019-03-19#t5w7,2019-03-19,,Economic and fiscal conditions,330,0.988,375,2.40487,2.47005,0.97361
2019-03-19#t5w8,2019-03-19,,Economic and fiscal conditions,337,1.0,394,2.53702,2.44334,1.03834
2019-03-19#t5w9,2019-03-19,,Economic and fiscal conditions,338,0.985,381,2.55225,2.56105,0.99656
2019-03-19#t5w10,2019-03-19,,Economic and fiscal conditions,333,1.0,414,2.45239,2.34784,1.04453
2019-03-19#t5w11,2019-03-19,,Economic and fiscal conditions,200,0.865,241,2.13042,2.26533,0.94044
2019-03-19#t6w0,2019-03-19,,Government Motions re Business of House,78,1.0,98,2.71211,2.98645,0.90814
2019-03-19#t7w0,2019-03-19,Mr. Speaker,Government Motions re Business of House,157,1.0,260,1.96648,2.10454,0.9344
2019-03-29#t8w0,2019-03-29,,BY CONSTITUENCY,59,1.0,105,2.58082,2.88648,0.89411
2019-03-29#t9w0,2019-03-29,,Debate on Motion 23 — Budget Debate,328,0.872,381,2.14996,2.12721,1.01069
2019-03-29#t9w1,2019-03-29,,Debate on Motion 23 — Budget Debate,306,0.941,350,2.36849,2.25525,1.05021
2019-03-29#t9w2,2019-03-29,,Debate on Motion 23 — Budget Debate,319,0.661,366,2.63248,2.5404,1.03625
2019-03-29#t9w3,2019-03-29,,Debate on Motion 23 — Budget Debate,292,0.901,347,2.36637,2.44304,0.96862
2019-03-29#t9w4,2019-03-29,,Debate on Motion 23 — Budget Debate,301,0.874,368,2.34522,2.55872,0.91656
2019-03-29#t9w5,2019-03-29,,Debate on Motion 23 — Budget Debate,317,0.82,375,2.59903,2.74627,0.94639
2019-03-29#t9w6,2019-03-29,,Debate on Motion 23 — Budget Debate,341,1.0,404,2.68221,2.65953,1.00852
2019-03-29#t9w7,2019-03-29,,Debate on Motion 23 — Budget Debate,317,1.0,404,2.41938,2.52393,0.95857
2019-03-29#t9w8,2019-03-29,,Debate on Motion 23 — Budget Debate,328,1.0,377,2.13039,2.32164,0.91762
2019-03-29#t9w9,2019-03-29,,Debate on Motion 23 — Budget Debate,307,1.0,348,2.35661,2.35823,0.99931
2019-03-29#t9w10,2019-03-29,,Debate on Motion 23 — Budget Debate,248,0.879,293,2.14932,2.36404,0.90917
2019-03-29#t9w11,2019-03-29,,Debate on Motion 23 — Budget Debate,307,1.0,369,2.2737,2.21661,1.02576
2019-03-29#t9w12,2019-03-29,,Debate on Motion 23 — Budget Debate,287,1.0,327,2.18435,2.37054,0.92146
2019-03-29#t9w13,2019-03-29,,Debate on Motion 23 — Budget Debate,326,1.0,369,2.40115,2.62377,0.91515
2019-03-29#t9w14,2019-03-29,,Debate on Motion 23 — Budget Debate,279,1.0,322,2.39625,2.41023,0.9942
2019-03-29#t9w15,2019-03-29,,Debate on Motion 23 — Budget Debate,297,0.822,341,2.65033,2.74162,0.9667
2019-03-29#t9w16,2019-03-29,,Debate on Motion 23 — Budget Debate,344,1.0,405,2.20448,2.30163,0.95779
2019-03-29#t9w17,2019-03-29,,Debate on Motion 23 — Budget Debate,358,0.858,413,2.38292,2.48396,0.95932
2019-03-29#t9w18,2019-03-29,,Debate on Motion 23 — Budget Debate,308,0.883,350,2.52472,2.5625,0.98525
2019-03-29#t9w19,2019-03-29,,Debate on Motion 23 — Budget Debate,326,1.0,383,2.57067,2.61146,0.98438
2019-03-29#t9w20,2019-03-29,,Debate on Motion 23 — Budget Debate,95,1.0,123,2.62082,2.55193,1.02699
2019-03-29#t10w0,2019-03-29,,Committee of Supply,79,0.468,113,2.50472,2.59948,0.96355
2019-03-29#t11w0,2019-03-29,Mr. Chairman,Committee of Supply,211,0.313,284,2.11356,2.205,0.95853
2019-03-29#t15w0,2019-03-29,Mr. Speaker addressed His Honour as follows,Committee of Supply,99,0.0,133,2.14149,2.3925,0.89508
2019-03-29#t18w0,2019-03-29,, His Honour the Administrator retired.,193,0.176,242,2.33827,2.38415,0.98075
2019-03-29#t19w0,2019-03-29,Mr. Speaker, His Honour the Administrator retired.,59,1.0,76,2.76223,2.94831,0.93689
2019-03-29#t21w0,2019-03-29,, His Honour the Administrator retired.,113,1.0,189,2.5144,2.34535,1.07208
2019-05-10#t22w0,2019-05-10,,BY CONSTITUENCY,59,1.0,105,2.58082,2.88648,0.89411
2019-05-10#t23w0,2019-05-10,Hon. Mr. Stewart,Introduction of Guests,247,1.0,294,2.5203,2.47179,1.01963
2019-05-10#t24w0,2019-05-10,Mr. Coon,Introduction of Guests,99,1.0,117,3.53281,3.16015,1.11792
2019-05-10#t25w0,2019-05-10,Hon. Mr. Gauvin,Statements of Condolence and Congratulation,141,0.0,210,2.34823,2.51455,0.93386
2019-05-10#t26w0,2019-05-10,Mr. D. Landry,Statements of Condolence and Congratulation,106,1.0,144,2.18954,2.45282,0.89266
2019-05-10#t27w0,2019-05-10,Mr. Austin,Statements of Condolence and Congratulation,201,1.0,274,2.56515,2.66887,0.96114
2019-05-10#t28w0,2019-05-10,Hon. Mrs. Anderson-Mason,Statements of Condolence and Congratulation,223,1.0,290,2.1227,2.33265,0.91
2019-05-10#t29w0,2019-05-10,Mrs. Harris,Statements of Condolence and Congratulation,188,1.0,275,2.23036,2.38289,0.93599
2019-05-10#t30w0,2019-05-10,Hon. S. Wilson,Statements of Condolence and Congratulation,224,1.0,286,2.00643,2.4235,0.82791
2019-05-10#t31w0,2019-05-10,Ms. Thériault,Statements of Condolence and Congratulation,170,0.0,224,2.42422,2.49884,0.97014
2019-05-10#t32w0,2019-05-10,Ms. Mitton,Statements of Condolence and Congratulation,154,0.981,210,1.74742,1.86551,0.9367
2019-05-10#t33w0,2019-05-10,Mr. LePage,Statements by Members,170,0.0,193,2.75486,2.81776,0.97768
2019-05-10#t34w0,2019-05-10,Mr. Coon,Statements by Members,178,1.0,223,2.29786,2.22727,1.03169
2019-05-10#t35w0,2019-05-10,Mr. Austin,Statements by Members,218,1.0,245,2.74616,2.62509,1.04612
2019-05-10#t36w0,2019-05-10,Mr. Fitch,Statements by Members,180,0.967,225,2.90143,2.74752,1.05602
2019-05-10#t37w0,2019-05-10,Mr. C. Chiasson,Statements by Members,170,1.0,202,2.57207,2.59303,0.99191
2019-05-10#t38w0,2019-05-10,Mrs. Conroy,Statements by Members,185,1.0,241,2.6013,2.43374,1.06885
2019-05-10#t39w0,2019-05-10,Ms. Mitton,Statements by Members,223,1.0,269,1.82632,1.92917,0.94669
2019-05-10#t40w0,2019-05-10,Mr. Northrup,Statements by Members,178,1.0,209,2.72347,2.74297,0.99289
2019-05-10#t41w0,2019-05-10,Mr. K. Chiasson,Statements by Members,159,0.0,200,3.09245,2.77747,1.1134
2019-05-10#t42w0,2019-05-10,Mr. K. Arseneau,Statements by Members,153,0.0,188,3.10861,2.78539,1.11604
2019-05-10#t43w0,2019-05-10,Mr. DeSaulniers,Statements by Members,158,1.0,183,2.467,2.44834,1.00762
2019-05-10#t44w0,2019-05-10,Mr. Crossman,Statements by Members,165,1.0,196,2.63609,2.59787,1.01471
2019-05-10#t45w0,2019-05-10,Mr. D. Landry,Statements by Members,119,0.0,133,2.30007,2.48488,0.92562
2019-05-10#t46w0,2019-05-10,Hon. Mr. Higgs,Statements by Members,186,1.0,213,2.71234,2.61481,1.0373
2019-05-10#t47w0,2019-05-10,Mr. D. Landry,Statements by Members,136,0.0,158,2.78413,2.8562,0.97477
2019-05-10#t48w0,2019-05-10,Hon. Mr. Higgs,Statements by Members,237,1.0,276,2.59193,2.66266,0.97344
2019-05-10#t49w0,2019-05-10,Mr. D. Landry,Statements by Members,67,0.0,81,2.80437,2.79169,1.00454
2019-05-10#t50w0,2019-05-10,Hon. Mr. Higgs,Statements by Members,252,1.0,289,2.85941,2.87791,0.99357
2019-05-10#t52w0,2019-05-10,Hon. Mr. Holder,Statements by Members,58,1.0,73,2.60701,2.78097,0.93745
2019-05-10#t53w0,2019-05-10,Hon. Mr. Holder,Statements by Members,55,1.0,71,3.38579,3.16927,1.06832
2019-05-10#t54w0,2019-05-10,Mr. Harvey,Statements by Members,101,1.0,121,2.48874,2.66598,0.93352
2019-05-10#t55w0,2019-05-10,Hon. Mr. Holder,Statements by Members,69,1.0,82,2.58996,2.6737,0.96868
2019-05-10#t57w0,2019-05-10,Mr. Harvey,Statements by Members,90,1.0,106,2.49642,2.75147,0.9073
2019-05-10#t58w0,2019-05-10,Hon. Mr. Holder,Statements by Members,148,1.0,176,2.54061,2.57262,0.98756
2019-05-10#t59w0,2019-05-10,Mr. C. Chiasson,Statements by Members,65,1.0,75,2.87179,2.85232,1.00683
2019-05-10#t60w0,2019-05-10,Hon. S. Wilson,Statements by Members,78,1.0,95,2.3708,2.56835,0.92308
2019-05-10#t61w0,2019-05-10,Mr. C. Chiasson,Statements by Members,74,1.0,89,3.10602,3.08426,1.00705
2019-05-10#t62w0,2019-05-10,Hon. S. Wilson,Statements by Members,122,1.0,140,2.28415,2.57864,0.8858
2019-05-10#t63w0,2019-05-10,Mr. C. Chiasson,Statements by Members,114,1.0,142,2.80127,3.07269,0.91167
2019-05-10#t64w0,2019-05-10,Hon. S. Wilson,Statements by Members,63,1.0,75,2.24387,2.54978,0.88003
2019-05-10#t65w0,2019-05-10,Mr. D’Amours,Statements by Members,75,0.0,82,2.65314,2.82416,0.93944
2019-05-10#t66w0,2019-05-10,Hon. Mr. Flemming,Statements by Members,135,1.0,160,2.48034,2.37524,1.04425
2019-05-10#t67w0,2019-05-10,Mr. D’Amours,Statements by Members,139,1.0,167,2.45842,2.62784,0.93553
2019-05-10#t68w0,2019-05-10,Hon. Mr. Flemming,Statements by Members,117,1.0,137,2.19835,2.52791,0.86963
2019-05-10#t69w0,2019-05-10,Mr. Bourque,Statements by Members,141,1.0,176,3.16387,2.68416,1.17872
2019-05-10#t70w0,2019-05-10,Hon. Mr. Higgs,Statements by Members,255,1.0,286,2.65101,2.56655,1.03291
2019-05-10#t71w0,2019-05-10,Mr. Bourque,Statements by Members,177,1.0,223,2.88656,2.94897,0.97884
2019-05-10#t72w0,2019-05-10,Hon. Mr. Higgs,Statements by Members,252,1.0,293,2.47699,2.49903,0.99118
2019-05-10#t73w0,2019-05-10,Mr. Austin,Statements by Members,113,1.0,128,2.83876,2.71253,1.04654
2019-05-10#t74w0,2019-05-10,Hon. Mr. Higgs,Statements by Members,201,1.0,241,2.55394,2.58798,0.98684
2019-05-10#t75w0,2019-05-10,Mr. Austin,Statements by Members,132,1.0,154,2.40787,2.47489,0.97292
2019-05-10#t76w0,2019-05-10,Hon. Mr. Higgs,Statements by Members,259,1.0,293,2.82685,2.84401,0.99397
2019-05-10#t77w0,2019-05-10,Mr. K. Arseneau,Statements by Members,175,1.0,224,2.52182,2.60427,0.96834
2019-05-10#t78w0,2019-05-10,Hon. Mr. Stewart,Statements by Members,168,1.0,212,2.65872,2.53118,1.05039
2019-05-10#t79w0,2019-05-10,Mr. K. Arseneau,Statements by Members,176,1.0,225,2.7761,2.63832,1.05223
2019-05-10#t80w0,2019-05-10,Hon. Mr. Stewart,Statements by Members,212,1.0,255,2.51061,2.55992,0.98074
2019-05-10#t81w0,2019-05-10,Mr. Horsman,Statements by Members,178,1.0,229,3.21052,2.88842,1.11151
2019-05-10#t82w0,2019-05-10,Hon. Mr. Higgs,Statements by Members,170,1.0,193,2.75949,2.70917,1.01857
2019-05-10#t87w0,2019-05-10,Hon. S. Wilson,Statements by Ministers,143,1.0,171,2.01513,2.00988,1.00261
2019-05-10#t88w0,2019-05-10,Mrs. M. LeBlanc,Statements by Ministers,134,0.0,158,2.54498,2.39893,1.06088
2019-05-10#t89w0,2019-05-10,Ms. Mitton,Statements by Ministers,141,1.0,162,2.36865,2.55629,0.9266
2019-05-10#t90w0,2019-05-10,Mrs. Conroy,Statements by Ministers,202,1.0,224,2.20435,2.26436,0.9735
2019-05-10#t91w0,2019-05-10,Hon. Mr. Cardy,Statements by Ministers,236,0.801,297,1.89353,1.94517,0.97345
2019-05-10#t92w0,2019-05-10,Mr. C. Chiasson,Statements by Ministers,200,0.905,238,2.2762,2.38165,0.95572
2019-05-10#t93w0,2019-05-10,Ms. Mitton,Statements by Ministers,204,0.853,246,2.16083,2.15579,1.00234
2019-05-10#t94w0,2019-05-10,Mr. Austin,Statements by Ministers,119,1.0,146,2.53619,2.49593,1.01613
2019-05-10#t95w0,2019-05-10,Hon. Mr. Stewart,Statements by Ministers,234,1.0,283,2.01537,2.18989,0.92031
2019-05-10#t96w0,2019-05-10,Mrs. Harris,Statements by Ministers,266,1.0,297,2.38882,2.41617,0.98868
2019-05-10#t97w0,2019-05-10,Mr. K. Arseneau,Statements by Ministers,156,1.0,187,2.80898,2.84714,0.9866
2019-05-10#t99w0,2019-05-10,Mr. Austin,Statements by Ministers,148,1.0,170,2.50777,2.60208,0.96375
2019-05-10#t100w0,2019-05-10,Hon. Mr. Gauvin,Statements by Ministers,81,0.0,118,2.34477,2.33285,1.00511
2019-05-10#t101w0,2019-05-10,Mr. J. LeBlanc,Statements by Ministers,55,0.0,71,2.39925,2.73517,0.87718
2019-05-10#t103w0,2019-05-10,Hon. Mr. Stewart,Statements by Ministers,276,1.0,309,2.34014,2.38406,0.98158
2019-05-10#t104w0,2019-05-10,Mrs. Harris,Statements by Ministers,255,1.0,295,2.77397,2.6315,1.05414
2019-05-10#t105w0,2019-05-10,Ms. Mitton,Statements by Ministers,245,1.0,290,2.64144,2.60001,1.01593
2019-05-10#t106w0,2019-05-10,Mr. DeSaulniers,Statements by Ministers,113,1.0,129,2.7575,2.50273,1.1018
2019-05-10#t107w0,2019-05-10,Mr. Coon,Statements by Ministers,252,1.0,328,2.07403,2.19412,0.94527
2019-05-10#t108w0,2019-05-10,,Introduction and First Reading of Bills,359,0.905,445,2.38469,2.26955,1.05073
2019-05-10#t108w1,2019-05-10,,Introduction and First Reading of Bills,268,0.836,330,2.38942,2.34004,1.0211
2019-05-10#t109w0,2019-05-10,,Notices of Motion,329,0.568,423,1.98845,2.12032,0.93781
2019-05-10#t109w1,2019-05-10,,Notices of Motion,216,0.833,276,2.12989,2.07337,1.02726
2019-05-10#t110w0,2019-05-10,Mr. G. Arseneault,Point of Order,222,1.0,258,2.38121,2.48347,0.95882
2019-05-10#t111w0,2019-05-10,Mr. Savoie,Point of Order,129,1.0,148,2.50612,2.63101,0.95253
2019-05-10#t112w0,2019-05-10,Mr. Savoie,Point of Order,85,1.0,124,2.31334,2.42386,0.9544
2019-11-19#t113w0,2019-11-19,,BY CONSTITUENCY,120,0.9,190,2.49913,2.70203,0.92491
2019-11-19#t114w0,2019-11-19,Mr. Speaker,BY CONSTITUENCY,81,0.704,147,2.74666,2.68412,1.0233
2019-11-19#t116w0,2019-11-19,,Speech from the Throne,331,0.795,446,2.69356,2.64977,1.01652
2019-11-19#t116w1,2019-11-19,,Speech from the Throne,352,1.0,507,2.83474,2.90003,0.97748
2019-11-19#t116w2,2019-11-19,,Speech from the Throne,347,0.553,420,2.20046,2.37971,0.92467
2019-11-19#t116w3,2019-11-19,,Speech from the Throne,359,0.805,444,2.3266,2.54994,0.91241
2019-11-19#t116w4,2019-11-19,,Speech from the Throne,354,0.749,454,2.29456,2.4542,0.93495
2019-11-19#t116w5,2019-11-19,,Speech from the Throne,323,0.913,388,2.59068,2.72931,0.94921
2019-11-19#t116w6,2019-11-19,,Speech from the Throne,314,1.0,383,2.52526,2.50448,1.0083
2019-11-19#t116w7,2019-11-19,,Speech from the Throne,323,0.554,390,2.11769,2.28101,0.9284
2019-11-19#t116w8,2019-11-19,,Speech from the Throne,330,0.788,387,2.52344,2.47931,1.0178
2019-11-19#t116w9,2019-11-19,,Speech from the Throne,320,0.641,357,2.56359,2.55971,1.00152
2019-11-19#t116w10,2019-11-19,,Speech from the Throne,325,0.831,397,2.19031,2.24736,0.97462
2019-11-19#t116w11,2019-11-19,,Speech from the Throne,349,0.857,384,2.43762,2.5537,0.95454
2019-11-19#t116w12,2019-11-19,,Speech from the Throne,357,0.829,417,2.52529,2.70064,0.93507
2019-11-19#t116w13,2019-11-19,,Speech from the Throne,281,0.623,328,2.33963,2.49303,0.93847
2019-11-19#t117w0,2019-11-19,,Vibrant and Sustainable Communities,315,0.898,353,2.67116,2.74168,0.97428
2019-11-19#t117w1,2019-11-19,,Vibrant and Sustainable Communities,341,0.912,410,2.2228,2.23544,0.99435
2019-11-19#t117w2,2019-11-19,,Vibrant and Sustainable Communities,328,0.64,379,2.35298,2.4655,0.95436
2019-11-19#t118w0,2019-11-19,,Affordable and Responsive Government,359,0.688,408,2.15743,2.41436,0.89358
2019-11-19#t118w1,2019-11-19,,Affordable and Responsive Government,360,0.714,407,2.43681,2.51048,0.97065
2019-11-19#t120w0,2019-11-19,Mr. Speaker,Introduction and First Reading of Bills,153,0.033,199,1.9597,2.04597,0.95784
2019-11-19#t121w0,2019-11-19,,Mover of Address in Reply,351,1.0,424,2.36513,2.40226,0.98454
2019-11-19#t121w1,2019-11-19,,Mover of Address in Reply,325,1.0,407,2.65212,2.65989,0.99708
2019-11-19#t121w2,2019-11-19,,Mover of Address in Reply,347,1.0,401,2.31126,2.4158,0.95672
2019-11-19#t121w3,2019-11-19,,Mover of Address in Reply,106,1.0,125,2.16218,2.34504,0.92202
2019-11-19#t122w0,2019-11-19,"Mr. Crossman, as seconder, spoke as follows",Seconder of Address in Reply,264,1.0,324,2.55166,2.57129,0.99236
2019-11-19#t122w1,2019-11-19,"Mr. Crossman, as seconder, spoke as follows",Seconder of Address in Reply,314,1.0,368,2.6744,2.84222,0.94095
2019-11-19#t122w2,2019-11-19,"Mr. Crossman, as seconder, spoke as follows",Seconder of Address in Reply,326,1.0,382,2.82116,2.91559,0.96761
2019-11-19#t122w3,2019-11-19,"Mr. Crossman, as seconder, spoke as follows",Seconder of Address in Reply,305,0.921,427,2.46424,2.50218,0.98484
2019-11-19#t122w4,2019-11-19,"Mr. Crossman, as seconder, spoke as follows",Seconder of Address in Reply,96,1.0,176,1.80452,1.81582,0.99377
2019-11-27#t123w0,2019-11-27,,BY CONSTITUENCY,59,0.746,105,2.59235,2.87513,0.90164
2019-11-27#t124w0,2019-11-27,Mr. D’Amours,Introduction of Guests,151,0.377,195,2.28624,2.27121,1.00662
2019-11-27#t125w0,2019-11-27,Hon. Mr. Gauvin,Introduction of Guests,99,0.96,124,2.40363,2.49208,0.96451
2019-11-27#t126w0,2019-11-27,Hon. Mr. Urquhart,Statements of Condolence and Congratulation,222,1.0,273,2.56733,2.59329,0.98999
2019-11-27#t127w0,2019-11-27,Mr. Harvey,Statements of Condolence and Congratulation,196,1.0,244,1.96254,2.21784,0.88489
2019-11-27#t128w0,2019-11-27,Mr. Coon,Statements of Condolence and Congratulation,175,1.0,234,2.53494,2.35802,1.07503
2019-11-27#t129w0,2019-11-27,Mr. Fairgrieve,Statements of Condolence and Congratulation,117,1.0,142,2.09589,2.04849,1.02314
2019-11-27#t130w0,2019-11-27,Mr. Horsman,Statements of Condolence and Congratulation,180,1.0,225,2.26195,2.48738,0.90937
2019-11-27#t131w0,2019-11-27,Hon. Mr. Stewart,Statements of Condolence and Congratulation,183,1.0,224,2.33427,2.51981,0.92637
2019-11-27#t132w0,2019-11-27,Ms. Thériault,Statements of Condolence and Congratulation,140,0.0,182,2.34349,2.69552,0.8694
2019-11-27#t133w0,2019-11-27,Ms. Mitton,Statements of Condolence and Congratulation,104,0.0,122,2.24839,2.26218,0.99391
2019-11-27#t135w0,2019-11-27,Ms. Mitton,Statements of Condolence and Congratulation,152,0.974,204,1.95875,2.11914,0.92431
2019-11-27#t136w0,2019-11-27,Mrs. M. LeBlanc,Statements by Members,123,0.0,145,2.6146,2.59461,1.0077
2019-11-27#t137w0,2019-11-27,Mr. Coon,Statements by Members,147,1.0,187,2.53553,2.25908,1.12238
2019-11-27#t138w0,2019-11-27,Mr. Austin,Statements by Members,172,1.0,202,2.68312,2.63305,1.01902
2019-11-27#t139w0,2019-11-27,Mr. Northrup,Statements by Members,167,1.0,200,2.82565,2.73859,1.03179
2019-11-27#t140w0,2019-11-27,Mr. Harvey,Statements by Members,159,1.0,190,2.49276,2.68704,0.9277
2019-11-27#t141w0,2019-11-27,Ms. Mitton,Statements by Members,169,1.0,207,2.75873,2.51751,1.09581
2019-11-27#t142w0,2019-11-27,Mr. Fairgrieve,Statements by Members,107,1.0,125,3.13939,2.99723,1.04743
2019-11-27#t143w0,2019-11-27,Mr. Horsman,Statements by Members,158,1.0,180,2.59951,2.68449,0.96834
2019-11-27#t144w0,2019-11-27,Mr. DeSaulniers,Statements by Members,131,1.0,153,2.61986,2.38936,1.09647
2019-11-27#t145w0,2019-11-27,Mr. Savoie,Statements by Members,137,1.0,159,2.4564,2.63626,0.93178
2019-11-27#t146w0,2019-11-27,Mr. D. Landry,Statements by Members,117,0.359,139,2.88742,2.67827,1.07809
2019-11-27#t147w0,2019-11-27,Hon. Mr. Holder,Statements by Members,125,1.0,143,2.54329,2.54233,1.00038
2019-11-27#t148w0,2019-11-27,Mr. D. Landry,Statements by Members,65,1.0,78,3.45531,3.35323,1.03044
2019-11-27#t149w0,2019-11-27,Hon. Mr. Holder,Statements by Members,125,1.0,143,2.70139,2.74777,0.98312
2019-11-27#t150w0,2019-11-27,Mr. D. Landry,Statements by Members,66,0.0,78,3.13375,3.07923,1.0177
2019-11-27#t151w0,2019-11-27,Hon. Mr. Holder,Statements by Members,182,1.0,213,2.50944,2.43538,1.03041
2019-11-27#t152w0,2019-11-27,Mr. G. Arseneault,Statements by Members,141,1.0,167,2.89525,2.72282,1.06333
2019-11-27#t153w0,2019-11-27,Hon. Mr. Holder,Statements by Members,198,1.0,226,2.44402,2.43151,1.00515
2019-11-27#t154w0,2019-11-27,Mr. G. Arseneault,Statements by Members,67,0.448,80,2.89005,3.08374,0.93719
2019-11-27#t155w0,2019-11-27,Hon. Mr. Holder,Statements by Members,208,1.0,236,2.3016,2.44255,0.94229
2019-11-27#t156w0,2019-11-27,Mr. G. Arseneault,Statements by Members,154,1.0,192,2.26691,2.1701,1.04461
2019-11-27#t157w0,2019-11-27,Hon. Mr. Holder,Statements by Members,232,0.953,267,2.73687,2.72776,1.00334
2019-11-27#t158w0,2019-11-27,Mr. LePage,Statements by Members,139,0.0,168,2.7924,3.01999,0.92464
2019-11-27#t159w0,2019-11-27,Hon. Mrs. Shephard,Statements by Members,120,1.0,134,3.34915,3.31939,1.00896
2019-11-27#t160w0,2019-11-27,Mr. LePage,Statements by Members,132,0.0,149,2.7367,2.84851,0.96075
2019-11-27#t161w0,2019-11-27,Hon. Mr. Higgs,Statements by Members,249,1.0,275,2.80059,2.79662,1.00142
2019-11-27#t162w0,2019-11-27,Mr. LePage,Statements by Members,125,0.248,144,2.51991,2.59394,0.97146
2019-11-27#t163w0,2019-11-27,Hon. Mrs. Shephard,Statements by Members,137,1.0,154,2.86156,2.80575,1.01989
2019-11-27#t164w0,2019-11-27,Mrs. Conroy,Statements by Members,128,1.0,158,2.45913,2.35202,1.04554
2019-11-27#t165w0,2019-11-27,Hon. Mr. Holland,Statements by Members,182,1.0,211,2.80018,2.74788,1.01903
2019-11-27#t166w0,2019-11-27,Mrs. Conroy,Statements by Members,76,1.0,83,3.14061,2.9565,1.06228
2019-11-27#t167w0,2019-11-27,Hon. Mr. Holland,Statements by Members,214,1.0,250,2.70743,2.75087,0.98421
2019-11-27#t168w0,2019-11-27,Ms. Mitton,Statements by Members,153,1.0,189,2.00539,2.06372,0.97173
2019-11-27#t169w0,2019-11-27,Hon. Mr. Holder,Statements by Members,170,1.0,190,2.44099,2.58454,0.94446
2019-11-27#t170w0,2019-11-27,Ms. Mitton,Statements by Members,166,1.0,194,2.52957,2.44532,1.03445
2019-11-27#t171w0,2019-11-27,Hon. Mr. Holder,Statements by Members,149,1.0,165,2.64571,2.77489,0.95345
2019-11-27#t172w0,2019-11-27,Mrs. Harris,Statements by Members,60,1.0,64,3.15862,3.1651,0.99795
2019-11-27#t173w0,2019-11-27,Hon. Mr. Wetmore,Statements by Members,110,1.0,124,2.55679,2.46268,1.03822
2019-11-27#t174w0,2019-11-27,Mrs. Harris,Statements by Members,222,1.0,257,2.86688,3.0298,0.94623
2019-11-27#t175w0,2019-11-27,Hon. Mr. Higgs,Statements by Members,189,1.0,220,2.41716,2.43657,0.99203
2019-11-27#t176w0,2019-11-27,Mrs. Harris,Statements by Members,115,1.0,135,2.31271,2.48262,0.93156
2019-11-27#t177w0,2019-11-27,Hon. Mr. Higgs,Statements by Members,178,1.0,208,2.54563,2.64189,0.96357
2019-11-27#t178w0,2019-11-27,Mr. Bourque,Statements by Members,101,1.0,117,2.6254,2.78705,0.942
2019-11-27#t179w0,2019-11-27,Hon. Mr. Carr,Statements by Members,148,1.0,158,3.19987,2.77687,1.15233
2019-11-27#t180w0,2019-11-27,Ms. Rogers,Statements by Members,96,1.0,112,2.11874,2.22705,0.95137
2019-11-27#t182w0,2019-11-27,Mr. Horsman,Introduction of Guests,60,0.767,75,2.50034,2.24561,1.11343
2019-11-27#t183w0,2019-11-27,Hon. Mr. Holland,Statements by Ministers,163,1.0,183,2.45055,2.45807,0.99694
2019-11-27#t184w0,2019-11-27,Mr. Bourque,Statements by Ministers,142,1.0,155,2.49326,2.75629,0.90457
2019-11-27#t185w0,2019-11-27,Mr. Austin,Statements by Ministers,108,1.0,125,2.28851,2.67729,0.85479
2019-11-27#t187w0,2019-11-27,Mr. Crossman,Introduction of Guests,107,1.0,136,3.06347,3.06456,0.99964
2019-11-27#t188w0,2019-11-27,Hon. Mr. Carr,Statements by Ministers,205,1.0,235,2.35736,2.37693,0.99177
2019-11-27#t189w0,2019-11-27,Ms. Rogers,Statements by Ministers,116,1.0,137,2.6357,2.41788,1.09009
2019-11-27#t190w0,2019-11-27,Mr. Coon,Statements by Ministers,220,1.0,266,2.37677,2.36492,1.00501
2019-11-27#t191w0,2019-11-27,Hon. Mr. Gauvin,Statements by Ministers,206,0.0,248,2.17034,2.1439,1.01233
2019-11-27#t192w0,2019-11-27,Mr. Bourque,Statements by Ministers,196,0.842,224,2.33536,2.34925,0.99409
2019-11-27#t193w0,2019-11-27,Mr. Coon,Statements by Ministers,127,1.0,148,2.60665,2.42542,1.07472
2019-11-27#t194w0,2019-11-27,Mr. DeSaulniers,Statements by Ministers,117,1.0,144,2.69146,2.57476,1.04532
2019-11-27#t195w0,2019-11-27,Hon. Mr. Stewart,Statements by Ministers,247,1.0,288,2.33504,2.47464,0.94359
2019-11-27#t196w0,2019-11-27,Mrs. Harris,Statements by Ministers,113,1.0,128,2.65078,2.66046,0.99636
2019-11-27#t197w0,2019-11-27,Mr. Coon,Statements by Ministers,147,1.0,165,2.02166,2.41569,0.83689
2019-11-27#t198w0,2019-11-27,Mrs. Conroy,Statements by Ministers,124,1.0,147,2.25604,2.6502,0.85127
2019-11-27#t200w0,2019-11-27,Hon. S. Wilson,Introduction and First Reading of Bills,55,1.0,73,3.11484,3.21689,0.96828
2019-11-27#t202w0,2019-11-27,Mr. Speaker,Introduction and First Reading of Bills,318,0.943,410,2.39375,2.50568,0.95533
2019-11-27#t202w1,2019-11-27,Mr. Speaker,Introduction and First Reading of Bills,342,0.573,423,2.12607,2.23538,0.9511
2019-11-27#t203w0,2019-11-27,,Notices of Motion,352,1.0,448,2.56338,2.60585,0.9837
2019-11-27#t203w1,2019-11-27,,Notices of Motion,77,1.0,94,3.08651,2.80192,1.10157
2019-11-27#t205w0,2019-11-27,Mr. Savoie,Government Motions re Business of House,66,1.0,89,2.44614,2.35936,1.03678
2019-11-27#t206w0,2019-11-27,,Debate on Second Reading of Bill 4,307,0.743,360,2.2806,2.24662,1.01513
2019-11-27#t207w0,2019-11-27,Mr. McKee,Debate on Second Reading of Bill 4,104,1.0,120,2.38467,2.66041,0.89636
2019-11-27#t208w0,2019-11-27,Mr. Coon,Debate on Second Reading of Bill 4,112,1.0,134,2.69253,2.59385,1.03804
2019-11-27#t209w0,2019-11-27,Mrs. M. LeBlanc,Debate on Second Reading of Bill 4,123,0.187,155,2.72779,2.75404,0.99047
2019-11-27#t212w0,2019-11-27,,Debate on Second Reading of Bill 5,273,0.861,326,2.19435,2.12493,1.03267
2019-11-27#t213w0,2019-11-27,Mr. Melanson,Debate on Second Reading of Bill 5,66,1.0,77,3.51793,3.15843,1.11382
2019-11-27#t214w0,2019-11-27,Mr. Coon,Debate on Second Reading of Bill 5,87,1.0,103,2.67277,3.02882,0.88245
2019-11-27#t216w0,2019-11-27,,Debate on Second Reading of Bill 6,342,1.0,389,1.85939,1.96018,0.94859
2019-11-27#t216w1,2019-11-27,,Debate on Second Reading of Bill 6,132,1.0,145,2.55865,2.87339,0.89047
2019-11-27#t217w0,2019-11-27,Mr. McKee,Debate on Second Reading of Bill 6,133,1.0,157,2.57909,2.68312,0.96123
2019-11-27#t218w0,2019-11-27,Mr. Coon,Debate on Second Reading of Bill 6,160,0.869,188,2.30222,2.3907,0.96299
2019-11-27#t219w0,2019-11-27,,Debate on Second Reading of Bill 9,226,0.925,273,2.54278,2.54802,0.99794
2019-11-27#t220w0,2019-11-27,Mr. Melanson,Debate on Second Reading of Bill 9,144,1.0,166,2.68199,2.68362,0.99939
2019-11-27#t221w0,2019-11-27,Mr. Coon,Debate on Second Reading of Bill 9,92,1.0,113,2.27833,2.05143,1.11061
2019-11-27#t222w0,2019-11-27,,Debate on Second Reading of Bill 12,304,1.0,363,2.34585,2.40934,0.97365
2019-11-27#t223w0,2019-11-27,M. D’Amours,Debate on Second Reading of Bill 12,298,0.691,351,2.43784,2.47189,0.98622
2019-11-27#t223w1,2019-11-27,M. D’Amours,Debate on Second Reading of Bill 12,189,0.0,216,2.84644,2.66006,1.07006
2019-11-27#t224w0,2019-11-27,Mr. Speaker,Debate on Second Reading of Bill 12,64,1.0,77,2.45779,3.04898,0.8061
2019-11-27#t228w0,2019-11-27,Mr. D’Amours,Debate on Second Reading of Bill 12,343,0.531,405,2.8827,3.05362,0.94403
2019-11-27#t228w1,2019-11-27,Mr. D’Amours,Debate on Second Reading of Bill 12,260,0.0,332,2.56982,2.6075,0.98555
2019-11-27#t229w0,2019-11-27,Ms. Mitton,Debate on Second Reading of Bill 12,194,1.0,220,2.37399,2.36008,1.00589
2019-11-27#t230w0,2019-11-27,Mr. Austin,Debate on Second Reading of Bill 12,332,1.0,393,2.65717,2.61044,1.0179
2019-11-27#t230w1,2019-11-27,Mr. Austin,Debate on Second Reading of Bill 12,316,1.0,359,2.57219,2.68219,0.95899
2019-11-27#t230w2,2019-11-27,Mr. Austin,Debate on Second Reading of Bill 12,241,1.0,273,2.0955,2.27745,0.92011
2019-11-27#t230w3,2019-11-27,Mr. Austin,Debate on Second Reading of Bill 12,349,1.0,399,2.37679,2.46783,0.96311
2019-11-27#t230w4,2019-11-27,Mr. Austin,Debate on Second Reading of Bill 12,322,1.0,382,2.43836,2.47216,0.98633
2019-11-27#t230w5,2019-11-27,Mr. Austin,Debate on Second Reading of Bill 12,339,1.0,381,2.70668,2.79168,0.96955
2019-11-27#t230w6,2019-11-27,Mr. Austin,Debate on Second Reading of Bill 12,294,1.0,337,2.60809,2.87808,0.90619
2019-11-27#t230w7,2019-11-27,Mr. Austin,Debate on Second Reading of Bill 12,338,1.0,395,2.55222,2.67211,0.95513
2019-11-27#t230w8,2019-11-27,Mr. Austin,Debate on Second Reading of Bill 12,331,1.0,410,2.40957,2.57927,0.93421
2019-11-27#t230w9,2019-11-27,Mr. Austin,Debate on Second Reading of Bill 12,349,1.0,433,2.40101,2.47418,0.97043
2019-11-27#t230w10,2019-11-27,Mr. Austin,Debate on Second Reading of Bill 12,338,1.0,395,2.42675,2.38465,1.01765
2019-11-27#t230w11,2019-11-27,Mr. Austin,Debate on Second Reading of Bill 12,355,1.0,406,2.39079,2.4809,0.96368
2019-11-27#t230w12,2019-11-27,Mr. Austin,Debate on Second Reading of Bill 12,323,1.0,385,2.56574,2.58959,0.99079
2019-11-27#t230w13,2019-11-27,Mr. Austin,Debate on Second Reading of Bill 12,113,1.0,128,1.9233,2.21626,0.86781
2019-11-27#t231w0,2019-11-27,Mr. C. Chiasson,Debate on Second Reading of Bill 12,160,0.762,193,2.16103,2.20076,0.98195
2019-11-27#t232w0,2019-11-27,Mr. C. Chiasson,Debate on Second Reading of Bill 12,360,0.739,412,2.48017,2.51359,0.9867
2019-11-27#t232w1,2019-11-27,Mr. C. Chiasson,Debate on Second Reading of Bill 12,353,0.538,459,2.50154,2.54384,0.98337
2019-11-27#t232w2,2019-11-27,Mr. C. Chiasson,Debate on Second Reading of Bill 12,340,0.462,419,2.6361,2.63589,1.00008
2019-11-27#t232w3,2019-11-27,Mr. C. Chiasson,Debate on Second Reading of Bill 12,352,0.773,429,2.76061,2.74205,1.00677
2019-11-27#t232w4,2019-11-27,Mr. C. Chiasson,Debate on Second Reading of Bill 12,347,0.948,510,1.90734,2.03715,0.93628
2019-11-27#t232w5,2019-11-27,Mr. C. Chiasson,Debate on Second Reading of Bill 12,340,0.924,426,2.53525,2.60259,0.97412
2019-11-27#t232w6,2019-11-27,Mr. C. Chiasson,Debate on Second Reading of Bill 12,146,1.0,178,2.49456,2.47694,1.00711
2019-11-27#t234w0,2019-11-27,Mr. Savoie,Point of Order,92,1.0,103,2.89759,2.9659,0.97697
2019-11-27#t235w0,2019-11-27,Mr. G. Arseneault,Point of Order,104,1.0,122,2.73831,2.57447,1.06364
2019-11-27#t236w0,2019-11-27,Mr. Speaker,Point of Order,96,1.0,121,3.03283,3.06509,0.98948
2019-11-27#t237w0,2019-11-27,Mr. C. Chiasson,Point of Order,298,0.735,363,2.83392,2.70409,1.04801
2019-11-27#t237w1,2019-11-27,Mr. C. Chiasson,Point of Order,340,0.753,410,2.75007,2.84687,0.966
2019-11-27#t237w2,2019-11-27,Mr. C. Chiasson,Point of Order,285,1.0,329,2.36163,2.56454,0.92088
2019-11-27#t237w3,2019-11-27,Mr. C. Chiasson,Point of Order,342,0.371,407,3.22636,3.11045,1.03727
2019-11-27#t237w4,2019-11-27,Mr. C. Chiasson,Point of Order,353,1.0,416,2.35648,2.55877,0.92094
2019-11-27#t237w5,2019-11-27,Mr. C. Chiasson,Point of Order,154,1.0,205,2.96344,2.87418,1.03106
2019-11-27#t238w0,2019-11-27,Ms. Mitton,Point of Order,304,0.763,395,2.23784,2.27333,0.98439
2019-11-27#t238w1,2019-11-27,Ms. Mitton,Point of Order,356,0.601,429,2.60505,2.6716,0.97509
2019-11-27#t238w2,2019-11-27,Ms. Mitton,Point of Order,302,0.907,362,2.39421,2.46285,0.97213
2019-11-27#t238w3,2019-11-27,Ms. Mitton,Point of Order,334,0.746,393,2.28009,2.29264,0.99452
2019-11-27#t238w4,2019-11-27,Ms. Mitton,Point of Order,263,0.745,302,2.7891,2.6647,1.04669
2019-11-27#t238w5,2019-11-27,Ms. Mitton,Point of Order,240,1.0,277,2.25415,2.32996,0.96746
2019-11-27#t238w6,2019-11-27,Ms. Mitton,Point of Order,335,0.815,377,2.32294,2.45224,0.94728
2019-11-27#t238w7,2019-11-27,Ms. Mitton,Point of Order,355,0.789,391,2.72008,2.74836,0.98971
2019-11-27#t238w8,2019-11-27,Ms. Mitton,Point of Order,315,1.0,373,2.36985,2.55298,0.92827
2019-11-27#t238w9,2019-11-27,Ms. Mitton,Point of Order,304,0.391,348,2.53438,2.56413,0.9884
2019-11-27#t238w10,2019-11-27,Ms. Mitton,Point of Order,346,1.0,409,2.34325,2.41703,0.96948
2019-11-27#t238w11,2019-11-27,Ms. Mitton,Point of Order,359,0.76,437,2.36229,2.55921,0.92305
2019-11-27#t238w12,2019-11-27,Ms. Mitton,Point of Order,279,1.0,335,2.25739,2.51581,0.89728
2019-11-27#t238w13,2019-11-27,Ms. Mitton,Point of Order,202,1.0,232,2.63952,2.54932,1.03538
2019-11-27#t238w14,2019-11-27,Ms. Mitton,Point of Order,193,0.984,226,2.33607,2.34579,0.99585
2019-11-27#t239w0,2019-11-27,Mr. DeSaulniers,Point of Order,325,1.0,399,2.35429,2.42875,0.96934
2019-11-27#t239w1,2019-11-27,Mr. DeSaulniers,Point of Order,303,1.0,364,2.68732,2.73,0.98437
2019-11-27#t239w2,2019-11-27,Mr. DeSaulniers,Point of Order,337,1.0,387,2.59035,2.59797,0.99707
2019-11-27#t239w3,2019-11-27,Mr. DeSaulniers,Point of Order,295,1.0,339,2.59945,2.62675,0.98961
2019-11-27#t239w4,2019-11-27,Mr. DeSaulniers,Point of Order,232,1.0,271,2.55485,2.64946,0.96429
2019-11-27#t239w5,2019-11-27,Mr. DeSaulniers,Point of Order,259,1.0,333,2.89201,2.8021,1.03209
2019-11-27#t240w0,2019-11-27,Mr. G. Arseneault,Point of Order,77,1.0,94,3.02836,2.95066,1.02633
2019-11-27#t242w0,2019-11-27,Mr. DeSaulniers,Point of Order,272,1.0,313,2.54481,2.6782,0.95019
2019-11-27#t243w0,2019-11-27,Hon. Mr. Carr,Point of Order,319,1.0,370,2.30546,2.42321,0.95141
2019-11-27#t243w1,2019-11-27,Hon. Mr. Carr,Point of Order,326,1.0,376,2.82889,2.70872,1.04437
2019-11-27#t243w2,2019-11-27,Hon. Mr. Carr,Point of Order,359,1.0,415,2.65303,2.66918,0.99395
2019-11-27#t243w3,2019-11-27,Hon. Mr. Carr,Point of Order,172,1.0,210,2.63881,2.57328,1.02546
2019-11-27#t244w0,2019-11-27,Hon. Mr. Carr,Point of Order,102,1.0,120,2.44867,2.69599,0.90827
2019-11-27#t245w0,2019-11-27,Hon. Mr. Carr,Point of Order,351,1.0,401,2.59767,2.66894,0.9733
2019-11-27#t245w1,2019-11-27,Hon. Mr. Carr,Point of Order,290,1.0,345,2.33921,2.42135,0.96608
2019-11-27#t246w0,2019-11-27,Hon. Mr. Carr,Point of Order,320,1.0,389,2.62878,2.51315,1.04601
2019-11-27#t246w1,2019-11-27,Hon. Mr. Carr,Point of Order,252,1.0,286,2.68463,2.76876,0.96961
2019-11-27#t246w2,2019-11-27,Hon. Mr. Carr,Point of Order,258,1.0,309,2.70291,2.73495,0.98828
2019-11-27#t246w3,2019-11-27,Hon. Mr. Carr,Point of Order,359,1.0,435,2.72675,2.78819,0.97796
2019-11-27#t246w4,2019-11-27,Hon. Mr. Carr,Point of Order,235,1.0,283,2.75198,2.74252,1.00345
2019-11-27#t246w5,2019-11-27,Hon. Mr. Carr,Point of Order,220,1.0,247,2.67581,2.70504,0.9892
2019-11-27#t247w0,2019-11-27,Hon. Mr. Carr,Point of Order,335,1.0,416,2.67785,2.75559,0.97179
2019-11-27#t247w1,2019-11-27,Hon. Mr. Carr,Point of Order,352,1.0,408,2.58732,2.65047,0.97617
2019-11-27#t247w2,2019-11-27,Hon. Mr. Carr,Point of Order,330,1.0,389,2.6837,2.70663,0.99153
2019-11-27#t247w3,2019-11-27,Hon. Mr. Carr,Point of Order,291,1.0,343,2.68357,2.69793,0.99468
2019-11-27#t247w4,2019-11-27,Hon. Mr. Carr,Point of Order,336,1.0,398,2.55597,2.63994,0.96819
2019-11-27#t249w0,2019-11-27,Hon. Mr. Carr,Point of Order,329,1.0,385,2.54382,2.66989,0.95278
2019-11-27#t249w1,2019-11-27,Hon. Mr. Carr,Point of Order,51,1.0,58,3.02789,3.05584,0.99085
2019-11-27#t250w0,2019-11-27,Mr. K. Chiasson,Point of Order,349,0.418,403,2.33619,2.54005,0.91974
2019-11-27#t250w1,2019-11-27,Mr. K. Chiasson,Point of Order,149,0.0,186,2.6107,2.59623,1.00557
2019-11-27#t251w0,2019-11-27,,Point of Order,345,0.0,425,2.47084,2.50054,0.98812
2019-11-27#t252w0,2019-11-27,Mr. K. Chiasson,Point of Order,344,0.0,411,2.30351,2.64311,0.87152
2019-11-27#t252w1,2019-11-27,Mr. K. Chiasson,Point of Order,346,0.0,413,2.57998,2.54385,1.0142
2019-11-27#t252w2,2019-11-27,Mr. K. Chiasson,Point of Order,339,0.0,424,2.21976,2.25228,0.98556
2019-11-27#t252w3,2019-11-27,Mr. K. Chiasson,Point of Order,51,0.176,64,3.01968,3.23406,0.93371
2019-11-27#t253w0,2019-11-27,Mr. K. Chiasson,Point of Order,340,0.0,423,2.61081,2.76411,0.94454
2019-11-27#t253w1,2019-11-27,Mr. K. Chiasson,Point of Order,286,0.0,347,2.58506,2.65425,0.97393
2019-11-27#t253w2,2019-11-27,Mr. K. Chiasson,Point of Order,273,0.0,326,2.5076,2.78381,0.90078
2019-11-27#t253w3,2019-11-27,Mr. K. Chiasson,Point of Order,309,0.0,357,2.59741,2.6687,0.97329
2019-11-27#t253w4,2019-11-27,Mr. K. Chiasson,Point of Order,323,0.065,389,2.53321,2.56437,0.98785
2019-11-27#t253w5,2019-11-27,Mr. K. Chiasson,Point of Order,289,0.0,331,2.46285,2.55494,0.96395
2019-11-27#t253w6,2019-11-27,Mr. K. Chiasson,Point of Order,176,0.0,227,2.47344,2.52698,0.97881
2019-11-27#t254w0,2019-11-27,Mr. K. Chiasson,Point of Order,258,0.0,346,2.33254,2.44794,0.95286
2019-11-27#t254w1,2019-11-27,Mr. K. Chiasson,Point of Order,224,0.054,283,2.78669,2.75637,1.011
2019-11-27#t256w0,2019-11-27,Mr. K. Chiasson,Point of Order,178,1.0,205,2.36863,3.04124,0.77884
2019-11-27#t257w0,2019-11-27,Mr. K. Chiasson,Point of Order,76,1.0,86,2.73571,2.89983,0.9434
2019-11-27#t258w0,2019-11-27,Mr. K. Chiasson,Point of Order,168,1.0,188,2.46363,2.79284,0.88213
2019-11-27#t259w0,2019-11-27,Hon. Mr. Cardy,Point of Order,357,1.0,414,2.39559,2.4903,0.96197
2019-11-27#t259w1,2019-11-27,Hon. Mr. Cardy,Point of Order,322,1.0,378,2.32006,2.40877,0.96317
2019-11-27#t259w2,2019-11-27,Hon. Mr. Cardy,Point of Order,298,1.0,351,2.84725,2.86442,0.99401
2019-11-27#t259w3,2019-11-27,Hon. Mr. Cardy,Point of Order,277,1.0,311,2.71312,2.69457,1.00689
2019-11-27#t259w4,2019-11-27,Hon. Mr. Cardy,Point of Order,311,1.0,352,2.58068,2.64908,0.97418
2019-11-27#t259w5,2019-11-27,Hon. Mr. Cardy,Point of Order,272,1.0,319,2.91365,2.99136,0.97402
2019-11-27#t260w0,2019-11-27,Hon. Mr. Cardy,Point of Order,324,1.0,383,2.93577,2.72751,1.07635
2019-11-27#t260w1,2019-11-27,Hon. Mr. Cardy,Point of Order,199,1.0,241,2.47416,2.6307,0.9405
2019-11-27#t260w2,2019-11-27,Hon. Mr. Cardy,Point of Order,355,1.0,410,2.5882,2.70873,0.9555
2019-11-27#t260w3,2019-11-27,Hon. Mr. Cardy,Point of Order,78,1.0,94,3.09023,3.03284,1.01892
2019-11-27#t261w0,2019-11-27,Hon. Mr. Cardy,Point of Order,270,1.0,311,2.93062,2.94647,0.99462
2019-11-27#t261w1,2019-11-27,Hon. Mr. Cardy,Point of Order,297,1.0,340,2.86377,2.79716,1.02381
2019-11-27#t261w2,2019-11-27,Hon. Mr. Cardy,Point of Order,356,1.0,387,2.70104,2.77165,0.97453
2019-11-27#t261w3,2019-11-27,Hon. Mr. Cardy,Point of Order,297,1.0,331,2.76613,2.83071,0.97719
2019-11-27#t261w4,2019-11-27,Hon. Mr. Cardy,Point of Order,350,1.0,396,2.72516,2.78895,0.97713
2019-11-27#t261w5,2019-11-27,Hon. Mr. Cardy,Point of Order,324,1.0,362,2.41073,2.48938,0.96841
2019-11-27#t261w6,2019-11-27,Hon. Mr. Cardy,Point of Order,289,1.0,339,2.70874,2.72241,0.99498
2019-11-27#t261w7,2019-11-27,Hon. Mr. Cardy,Point of Order,154,1.0,170,2.59282,2.69609,0.9617
2019-11-27#t261w8,2019-11-27,Hon. Mr. Cardy,Point of Order,266,1.0,294,2.77282,2.605,1.06442
2019-11-27#t261w9,2019-11-27,Hon. Mr. Cardy,Point of Order,313,1.0,356,2.77146,2.63201,1.05298
2019-11-27#t261w10,2019-11-27,Hon. Mr. Cardy,Point of Order,308,1.0,351,2.69914,2.88405,0.93589
2019-11-27#t261w11,2019-11-27,Hon. Mr. Cardy,Point of Order,248,1.0,276,2.69078,2.72035,0.98913
2019-11-27#t261w12,2019-11-27,Hon. Mr. Cardy,Point of Order,284,1.0,325,2.76005,2.71238,1.01757
2019-11-27#t261w13,2019-11-27,Hon. Mr. Cardy,Point of Order,320,1.0,362,2.59667,2.64631,0.98124
2019-11-27#t261w14,2019-11-27,Hon. Mr. Cardy,Point of Order,264,1.0,302,2.66889,2.81986,0.94646
2019-11-27#t261w15,2019-11-27,Hon. Mr. Cardy,Point of Order,208,0.827,242,2.35374,2.49066,0.94503
2019-11-27#t262w0,2019-11-27,Mr. Horsman,Point of Order,323,1.0,408,2.58155,2.55389,1.01083
2019-11-27#t262w1,2019-11-27,Mr. Horsman,Point of Order,287,1.0,352,2.97447,2.81055,1.05832
2019-11-27#t262w2,2019-11-27,Mr. Horsman,Point of Order,279,1.0,318,2.71917,2.68292,1.01351
2019-11-27#t262w3,2019-11-27,Mr. Horsman,Point of Order,295,1.0,344,2.40878,2.49235,0.96647
2019-11-27#t262w4,2019-11-27,Mr. Horsman,Point of Order,316,1.0,380,2.41632,2.6068,0.92693
2019-11-27#t262w5,2019-11-27,Mr. Horsman,Point of Order,293,1.0,364,2.68352,2.71142,0.98971
2019-11-27#t262w6,2019-11-27,Mr. Horsman,Point of Order,208,1.0,252,2.37377,2.5448,0.93279
2019-11-27#t263w0,2019-11-27,Mr. Horsman,Point of Order,195,1.0,237,2.63759,2.64981,0.99539
2019-11-27#t264w0,2019-11-27,Mr. Horsman,Point of Order,347,1.0,407,2.53903,2.60284,0.97548
2019-11-27#t264w1,2019-11-27,Mr. Horsman,Point of Order,323,1.0,384,2.68285,2.66603,1.00631
2019-11-27#t265w0,2019-11-27,Mr. Horsman,Point of Order,59,1.0,73,3.71586,3.46822,1.0714
2019-11-27#t266w0,2019-11-27,Mr. Horsman,Point of Order,162,1.0,187,2.52436,2.86413,0.88137
2019-11-27#t267w0,2019-11-27,Mr. Horsman,Point of Order,245,1.0,299,2.7777,2.78721,0.99659
2019-11-27#t267w1,2019-11-27,Mr. Horsman,Point of Order,346,1.0,396,2.58964,2.53456,1.02173
2019-11-27#t267w2,2019-11-27,Mr. Horsman,Point of Order,291,1.0,340,2.8239,2.82545,0.99945
2019-11-27#t267w3,2019-11-27,Mr. Horsman,Point of Order,344,1.0,427,2.46296,2.5395,0.96986
2019-11-27#t267w4,2019-11-27,Mr. Horsman,Point of Order,276,1.0,325,2.46483,2.67103,0.9228
2019-11-27#t267w5,2019-11-27,Mr. Horsman,Point of Order,314,1.0,403,2.60467,2.70043,0.96454
2019-11-27#t267w6,2019-11-27,Mr. Horsman,Point of Order,307,1.0,373,2.52791,2.63689,0.95867
2019-11-27#t267w7,2019-11-27,Mr. Horsman,Point of Order,248,1.0,289,2.69832,2.67051,1.01041
2019-11-27#t267w8,2019-11-27,Mr. Horsman,Point of Order,349,1.0,399,2.66875,2.81222,0.94898
2019-11-27#t267w9,2019-11-27,Mr. Horsman,Point of Order,74,1.0,107,2.63615,2.8458,0.92633
2019-11-27#t268w0,2019-11-27,Mr. Horsman,Point of Order,242,1.0,290,2.603,2.6103,0.9972
2019-11-27#t269w0,2019-11-27,Mr. Speaker,Point of Order,298,1.0,512,2.07493,2.14971,0.96522
2019-12-12#t270w0,2019-12-12,,BY CONSTITUENCY,59,1.0,105,2.60623,2.87419,0.90677
2019-12-12#t271w0,2019-12-12,Hon. Mr. Stewart,Statements of Condolence and Congratulation,277,1.0,390,2.23188,2.20009,1.01445
2019-12-12#t272w0,2019-12-12,Ms. Rogers,Statements of Condolence and Congratulation,235,0.749,294,2.793,2.73694,1.02048
2019-12-12#t273w0,2019-12-12,Mr. Coon,Statements of Condolence and Congratulation,172,1.0,222,1.6967,1.92443,0.88166
2019-12-12#t274w0,2019-12-12,Mr. DeSaulniers,Statements of Condolence and Congratulation,165,1.0,211,2.22949,2.30707,0.96637
2019-12-12#t275w0,2019-12-12,Ms. Thériault,Statements of Condolence and Congratulation,134,0.0,208,3.21301,3.02294,1.06288
2019-12-12#t276w0,2019-12-12,Mr. K. Arseneau,Statements of Condolence and Congratulation,169,1.0,212,2.02157,2.07773,0.97297
2019-12-12#t277w0,2019-12-12,Ms. Mitton,Statements of Condolence and Congratulation,133,0.0,170,2.62841,2.36316,1.11224
2019-12-12#t278w0,2019-12-12,Mrs. Harris,Statements of Condolence and Congratulation,195,1.0,275,2.1466,2.31565,0.927
2019-12-12#t279w0,2019-12-12,Mr. D’Amours,Statements by Members,152,0.086,191,2.45621,2.37849,1.03268
2019-12-12#t280w0,2019-12-12,Mr. Coon,Statements by Members,173,0.809,207,2.51349,2.62514,0.95747
2019-12-12#t281w0,2019-12-12,Mr. Austin,Statements by Members,150,1.0,192,2.43618,2.29222,1.0628
2019-12-12#t282w0,2019-12-12,Mr. Fairgrieve,Statements by Members,143,1.0,171,2.37433,2.46667,0.96256
2019-12-12#t283w0,2019-12-12,Mrs. F. Landry,Statements by Members,125,0.0,151,2.71953,2.63349,1.03267
2019-12-12#t284w0,2019-12-12,Mr. K. Arseneau,Statements by Members,134,0.0,163,2.34317,2.46547,0.9504
2019-12-12#t285w0,2019-12-12,Mrs. Conroy,Statements by Members,175,1.0,207,2.43068,2.57342,0.94453
2019-12-12#t286w0,2019-12-12,Mr. Northrup,Statements by Members,145,1.0,165,2.61217,2.74876,0.95031
2019-12-12#t287w0,2019-12-12,Mr. McKee,Statements by Members,158,1.0,180,2.93346,2.60904,1.12435
2019-12-12#t288w0,2019-12-12,Ms. Mitton,Statements by Members,186,0.984,236,2.78104,2.60272,1.06851
2019-12-12#t289w0,2019-12-12,Mr. DeSaulniers,Statements by Members,161,1.0,190,3.18849,2.99,1.06639
2019-12-12#t290w0,2019-12-12,Mr. Savoie,Statements by Members,127,1.0,150,2.71282,2.55259,1.06277
2019-12-12#t291w0,2019-12-12,Mr. D. Landry,Statements by Members,135,0.0,167,2.10753,2.31909,0.90877
2019-12-12#t292w0,2019-12-12,Hon. Mrs. Shephard,Statements by Members,173,1.0,208,2.39763,2.47955,0.96696
2019-12-12#t293w0,2019-12-12,Mr. D. Landry,Statements by Members,117,0.0,130,2.76292,2.83462,0.9747
2019-12-12#t294w0,2019-12-12,Hon. Mrs. Shephard,Statements by Members,159,1.0,201,2.57575,2.60701,0.98801
2019-12-12#t295w0,2019-12-12,Mr. D. Landry,Statements by Members,160,0.0,185,2.70541,2.68878,1.00619
2019-12-12#t296w0,2019-12-12,Hon. Mrs. Shephard,Statements by Members,211,1.0,248,2.5877,2.72792,0.9486
2019-12-12#t297w0,2019-12-12,Ms. Rogers,Statements by Members,153,1.0,188,2.90558,2.79196,1.0407
2019-12-12#t298w0,2019-12-12,Hon. Mrs. Shephard,Statements by Members,176,1.0,218,2.61868,2.548,1.02774
2019-12-12#t299w0,2019-12-12,Ms. Rogers,Statements by Members,141,1.0,160,2.77408,2.94491,0.94199
2019-12-12#t300w0,2019-12-12,Hon. Mrs. Shephard,Statements by Members,171,1.0,200,2.85838,2.69546,1.06044
2019-12-12#t301w0,2019-12-12,Mr. LePage,Statements by Members,105,0.305,119,2.54538,2.69015,0.94618
2019-12-12#t302w0,2019-12-12,Hon. Mrs. Shephard,Statements by Members,103,1.0,120,2.39917,2.59963,0.92289
2019-12-12#t303w0,2019-12-12,Mr. LePage,Statements by Members,135,0.474,162,3.20499,2.86708,1.11786
2019-12-12#t304w0,2019-12-12,Hon. Mrs. Shephard,Statements by Members,170,1.0,203,2.5884,2.73659,0.94585
2019-12-12#t305w0,2019-12-12,Mr. LePage,Statements by Members,132,0.492,167,3.17745,2.98019,1.06619
2019-12-12#t307w0,2019-12-12,Hon. Mrs. Shephard,Statements by Members,136,1.0,160,2.52813,2.66142,0.94992
2019-12-12#t308w0,2019-12-12,Mr. K. Arseneau,Statements by Members,142,1.0,172,2.68622,2.73412,0.98248
2019-12-12#t309w0,2019-12-12,Hon. Mr. Wetmore,Statements by Members,131,1.0,150,2.7561,2.93938,0.93765
2019-12-12#t310w0,2019-12-12,Mr. K. Arseneau,Statements by Members,140,0.164,153,3.02637,2.87563,1.05242
2019-12-12#t311w0,2019-12-12,Hon. Mr. Wetmore,Statements by Members,148,1.0,176,2.67081,2.7363,0.97607
2019-12-12#t312w0,2019-12-12,Mr. Austin,Statements by Members,183,1.0,229,2.25881,2.34344,0.96389
2019-12-12#t313w0,2019-12-12,Hon. Mr. Flemming,Statements by Members,171,1.0,198,2.42576,2.49691,0.97151
2019-12-12#t314w0,2019-12-12,Mr. Austin,Statements by Members,58,1.0,78,2.49839,2.81893,0.88629
2019-12-12#t315w0,2019-12-12,Hon. Mr. Flemming,Statements by Members,167,1.0,207,2.81197,2.8349,0.99191
2019-12-12#t316w0,2019-12-12,Mrs. F. Landry,Statements by Members,116,0.0,139,2.81154,2.76191,1.01797
2019-12-12#t317w0,2019-12-12,Hon. Mr. Oliver,Statements by Members,129,1.0,146,2.29034,2.42107,0.946
2019-12-12#t318w0,2019-12-12,Mrs. F. Landry,Statements by Members,123,0.902,144,3.22978,3.27814,0.98525
2019-12-12#t319w0,2019-12-12,Hon. Mr. Oliver,Statements by Members,106,1.0,126,2.54748,2.70014,0.94346
2019-12-12#t320w0,2019-12-12,Mrs. F. Landry,Statements by Members,56,0.0,71,2.66781,2.94396,0.9062
2019-12-12#t321w0,2019-12-12,Hon. Mr. Oliver,Statements by Members,90,1.0,101,2.81875,3.09251,0.91148
2019-12-12#t322w0,2019-12-12,Mr. Harvey,Statements by Members,138,1.0,170,2.67432,2.84352,0.9405
2019-12-12#t324w0,2019-12-12,Hon. Mr. Oliver,Statements by Members,144,1.0,156,2.4967,2.9096,0.85809
2019-12-12#t326w0,2019-12-12,Mr. J. LeBlanc,Introduction of Guests,301,0.013,365,2.3052,2.3768,0.96988
2019-12-12#t327w0,2019-12-12,Mr. Savoie,Introduction of Guests,168,1.0,215,2.60599,2.62588,0.99243
2019-12-12#t328w0,2019-12-12,Hon. Mr. Gauvin,Statements by Ministers,204,0.0,247,2.22037,2.33105,0.95252
2019-12-12#t329w0,2019-12-12,Mr. J. LeBlanc,Statements by Ministers,114,0.0,139,2.47558,2.4094,1.02747
2019-12-12#t330w0,2019-12-12,Mr. K. Arseneau,Statements by Ministers,165,0.806,214,2.40857,2.29445,1.04973
2019-12-12#t331w0,2019-12-12,,Introduction and First Reading of Bills,98,0.857,136,2.20355,2.32719,0.94687
2019-12-12#t333w0,2019-12-12,Mr. Savoie,Government Motions re Business of House,111,1.0,144,2.40946,2.28053,1.05654
2019-12-12#t336w0,2019-12-12,Mr. Savoie,Government Motions re Business of House,98,1.0,134,2.35954,2.3748,0.99357
2019-12-12#t337w0,2019-12-12,,Debate on Second Reading of Bill 28,307,1.0,360,2.27454,2.47035,0.92074
2019-12-12#t337w1,2019-12-12,,Debate on Second Reading of Bill 28,263,1.0,294,2.58983,2.69316,0.96163
2019-12-12#t337w2,2019-12-12,,Debate on Second Reading of Bill 28,235,1.0,297,2.6954,2.83219,0.9517
2019-12-12#t338w0,2019-12-12,Ms. Thériault,Debate on Second Reading of Bill 28,281,0.036,347,2.3802,2.36597,1.00601
2019-12-12#t338w1,2019-12-12,Ms. Thériault,Debate on Second Reading of Bill 28,317,0.035,372,2.88006,2.77271,1.03872
2019-12-12#t338w2,2019-12-12,Ms. Thériault,Debate on Second Reading of Bill 28,264,0.0,329,2.84338,2.86454,0.99261
2019-12-12#t338w3,2019-12-12,Ms. Thériault,Debate on Second Reading of Bill 28,349,0.0,433,2.6852,2.71974,0.9873
2019-12-12#t339w0,2019-12-12,Mr. K. Arseneau,Debate on Second Reading of Bill 28,320,0.0,386,2.70314,2.5128,1.07575
2019-12-12#t339w1,2019-12-12,Mr. K. Arseneau,Debate on Second Reading of Bill 28,191,0.0,212,3.06456,2.88492,1.06227
2019-12-12#t340w0,2019-12-12,Mr. K. Chiasson,Debate on Second Reading of Bill 28,278,0.04,346,2.46229,2.56564,0.95972
2019-12-12#t340w1,2019-12-12,Mr. K. Chiasson,Debate on Second Reading of Bill 28,340,0.0,428,2.66462,2.73938,0.97271
2019-12-12#t340w2,2019-12-12,Mr. K. Chiasson,Debate on Second Reading of Bill 28,152,0.164,188,2.8297,2.72182,1.03963
2019-12-12#t341w0,2019-12-12,,Debate on Second Reading of Bill 29,294,1.0,359,2.49986,2.41592,1.03475
2019-12-12#t341w1,2019-12-12,,Debate on Second Reading of Bill 29,323,1.0,379,2.34431,2.23902,1.04702
2019-12-12#t341w2,2019-12-12,,Debate on Second Reading of Bill 29,59,1.0,73,3.09849,2.93219,1.05671
2019-12-12#t342w0,2019-12-12,Ms. Thériault,Debate on Second Reading of Bill 29,311,0.0,366,2.55902,2.64446,0.96769
2019-12-12#t342w1,2019-12-12,Ms. Thériault,Debate on Second Reading of Bill 29,239,0.084,280,2.81754,2.81307,1.00159
2019-12-12#t342w2,2019-12-12,Ms. Thériault,Debate on Second Reading of Bill 29,354,0.0,419,2.71905,2.78743,0.97547
2019-12-12#t342w3,2019-12-12,Ms. Thériault,Debate on Second Reading of Bill 29,352,0.0,434,3.10585,3.10975,0.99875
2019-12-12#t342w4,2019-12-12,Ms. Thériault,Debate on Second Reading of Bill 29,346,0.072,422,2.68596,2.7451,0.97846
2019-12-12#t344w0,2019-12-12,Hon. Mr. Gauvin,Introduction of Guests,94,0.0,145,3.01619,2.52554,1.19427
2019-12-12#t345w0,2019-12-12,Ms. Thériault,Introduction of Guests,295,0.0,398,2.15392,2.15727,0.99845
2019-12-12#t346w0,2019-12-12,Mr. K. Chiasson,Introduction of Guests,112,0.0,137,2.59252,2.72095,0.9528
2019-12-12#t348w0,2019-12-12,,Debate on Second Reading of Bill 29,299,0.057,372,2.54077,2.46007,1.03281
2019-12-12#t348w1,2019-12-12,,Debate on Second Reading of Bill 29,246,0.0,317,2.82441,2.63768,1.07079
2019-12-12#t349w0,2019-12-12,Mr. K. Chiasson,Debate on Second Reading of Bill 29,352,0.0,435,2.51667,2.44783,1.02812
2019-12-12#t349w1,2019-12-12,Mr. K. Chiasson,Debate on Second Reading of Bill 29,251,0.0,301,2.73682,2.62663,1.04195
2019-12-12#t354w0,2019-12-12,,Debate on Second Reading of Bill 11,305,1.0,375,2.51623,2.63344,0.95549
2019-12-12#t355w0,2019-12-12,Mr. Savoie,Point of Order,63,1.0,77,2.80422,2.87637,0.97492
2019-12-12#t357w0,2019-12-12,Mr. C. Chiasson,Debate on Second Reading of Bill 11,314,1.0,372,2.41881,2.68851,0.89968
2019-12-12#t357w1,2019-12-12,Mr. C. Chiasson,Debate on Second Reading of Bill 11,157,1.0,192,2.40077,2.68485,0.89419
2019-12-12#t358w0,2019-12-12,Mr. Coon,Debate on Second Reading of Bill 11,323,1.0,369,2.49085,2.49951,0.99653
2019-12-12#t358w1,2019-12-12,Mr. Coon,Debate on Second Reading of Bill 11,341,1.0,421,2.48243,2.53156,0.9806
2019-12-12#t358w2,2019-12-12,Mr. Coon,Debate on Second Reading of Bill 11,344,1.0,400,2.58192,2.59799,0.99382
2019-12-12#t358w3,2019-12-12,Mr. Coon,Debate on Second Reading of Bill 11,303,1.0,360,2.86215,2.8386,1.0083
2019-12-12#t358w4,2019-12-12,Mr. Coon,Debate on Second Reading of Bill 11,324,1.0,395,2.63627,2.7056,0.97438
2019-12-12#t358w5,2019-12-12,Mr. Coon,Debate on Second Reading of Bill 11,303,1.0,353,2.56515,2.59061,0.99017
2019-12-12#t358w6,2019-12-12,Mr. Coon,Debate on Second Reading of Bill 11,262,1.0,291,2.74162,2.91855,0.93938
2019-12-12#t358w7,2019-12-12,Mr. Coon,Debate on Second Reading of Bill 11,343,1.0,402,2.39745,2.44447,0.98076
2019-12-12#t358w8,2019-12-12,Mr. Coon,Debate on Second Reading of Bill 11,262,1.0,319,2.67116,2.69125,0.99254
2019-12-12#t358w9,2019-12-12,Mr. Coon,Debate on Second Reading of Bill 11,274,1.0,331,2.46952,2.4447,1.01015
2019-12-12#t359w0,2019-12-12,Mrs. Conroy,Debate on Second Reading of Bill 11,258,1.0,309,2.79704,2.77124,1.00931
2019-12-12#t359w1,2019-12-12,Mrs. Conroy,Debate on Second Reading of Bill 11,327,1.0,375,2.63086,2.71991,0.96726
2019-12-12#t359w2,2019-12-12,Mrs. Conroy,Debate on Second Reading of Bill 11,58,1.0,64,2.75361,3.35316,0.8212
2019-12-12#t360w0,2019-12-12,Mr. McKee,Debate on Second Reading of Bill 11,349,1.0,399,2.52578,2.45559,1.02858
2019-12-12#t360w1,2019-12-12,Mr. McKee,Debate on Second Reading of Bill 11,289,1.0,340,2.49046,2.49108,0.99975
2019-12-12#t360w2,2019-12-12,Mr. McKee,Debate on Second Reading of Bill 11,325,1.0,399,2.7746,2.60183,1.06641
2019-12-12#t360w3,2019-12-12,Mr. McKee,Debate on Second Reading of Bill 11,213,1.0,262,2.77199,2.78159,0.99655
2019-12-12#t360w4,2019-12-12,Mr. McKee,Debate on Second Reading of Bill 11,321,1.0,356,2.59273,2.67127,0.9706
2019-12-12#t360w5,2019-12-12,Mr. McKee,Debate on Second Reading of Bill 11,359,1.0,404,2.62137,2.63732,0.99395
2019-12-12#t361w0,2019-12-12,Ms. Mitton,Debate on Second Reading of Bill 11,320,1.0,381,2.29377,2.30434,0.99541
2019-12-12#t361w1,2019-12-12,Ms. Mitton,Debate on Second Reading of Bill 11,352,1.0,416,2.34641,2.56482,0.91484
2019-12-12#t361w2,2019-12-12,Ms. Mitton,Debate on Second Reading of Bill 11,294,1.0,366,2.70737,2.71554,0.99699
2019-12-12#t361w3,2019-12-12,Ms. Mitton,Debate on Second Reading of Bill 11,196,1.0,231,3.02235,2.85657,1.05803
2019-12-12#t362w0,2019-12-12,,7. Educate children and youth.,348,1.0,394,2.67638,2.69423,0.99337
2019-12-12#t362w1,2019-12-12,,7. Educate children and youth.,360,1.0,431,2.6717,2.61074,1.02335
2019-12-12#t362w2,2019-12-12,,7. Educate children and youth.,252,1.0,294,2.52568,2.75137,0.91797
2019-12-12#t362w3,2019-12-12,,7. Educate children and youth.,358,1.0,410,2.61215,2.54186,1.02765
2019-12-12#t362w4,2019-12-12,,7. Educate children and youth.,211,1.0,239,2.6145,2.53054,1.03318
2019-12-12#t364w0,2019-12-12,Mr. Speaker,7. Educate children and youth.,164,1.0,221,2.40308,2.41043,0.99695
2019-12-12#t365w0,2019-12-12,Ms. Rogers,Debate on Motion,322,1.0,382,2.56536,2.49844,1.02678
2019-12-12#t365w1,2019-12-12,Ms. Rogers,Debate on Motion,348,1.0,408,2.72834,2.64468,1.03163
2019-12-12#t365w2,2019-12-12,Ms. Rogers,Debate on Motion,274,1.0,330,2.66721,2.55397,1.04434
2019-12-12#t365w3,2019-12-12,Ms. Rogers,Debate on Motion,301,1.0,356,2.92556,2.7578,1.06083
2019-12-12#t365w4,2019-12-12,Ms. Rogers,Debate on Motion,325,1.0,398,2.79365,2.60564,1.07216
2019-12-12#t365w5,2019-12-12,Ms. Rogers,Debate on Motion,321,1.0,373,2.73379,2.8645,0.95437
2019-12-12#t365w6,2019-12-12,Ms. Rogers,Debate on Motion,70,1.0,81,3.00634,2.99297,1.00447
2019-12-12#t366w0,2019-12-12,Mr. Coon,Debate on Motion,311,1.0,392,2.31706,2.35735,0.98291
2019-12-12#t366w1,2019-12-12,Mr. Coon,Debate on Motion,290,1.0,328,2.96291,2.84563,1.04121
2019-12-12#t366w2,2019-12-12,Mr. Coon,Debate on Motion,292,1.0,348,3.04801,3.04909,0.99965
2019-12-12#t366w3,2019-12-12,Mr. Coon,Debate on Motion,360,1.0,417,2.5525,2.70576,0.94336
2019-12-12#t366w4,2019-12-12,Mr. Coon,Debate on Motion,335,1.0,404,2.73006,2.74752,0.99365
2019-12-12#t366w5,2019-12-12,Mr. Coon,Debate on Motion,305,1.0,407,2.57401,2.47882,1.0384
2019-12-12#t368w0,2019-12-12,Mr. LePage,Introduction of Guests,107,0.364,165,2.90612,2.80715,1.03526
2019-12-12#t371w0,2019-12-12,Mr. McKee,Debate on Proposed Amendment,239,1.0,269,2.76651,2.60623,1.0615
2019-12-12#t374w0,2019-12-12,Mr. K. Arseneau,Debate on Proposed Amendment,354,0.062,473,2.69739,2.64379,1.02027
2019-12-12#t374w1,2019-12-12,Mr. K. Arseneau,Debate on Proposed Amendment,304,0.0,389,2.81357,2.70593,1.03978
2019-12-12#t374w2,2019-12-12,Mr. K. Arseneau,Debate on Proposed Amendment,61,0.0,75,3.27996,3.54051,0.92641
2019-12-12#t376w0,2019-12-12,Ms. Mitton,Debate on Proposed Amendment,292,1.0,357,2.19265,2.17012,1.01038
2019-12-12#t376w1,2019-12-12,Ms. Mitton,Debate on Proposed Amendment,210,1.0,240,2.52016,2.64631,0.95233
2019-12-12#t379w0,2019-12-12,Ms. Mitton,Debate on Proposed Amendment,168,1.0,193,2.53238,2.52416,1.00325
2019-12-12#t380w0,2019-12-12,Mr. G. Arseneault,Debate on Proposed Amendment,241,1.0,296,2.46761,2.51323,0.98185
2019-12-12#t382w0,2019-12-12,Mr. Austin,Debate on Proposed Amendment,135,1.0,163,2.82466,2.6737,1.05646
2019-12-12#t383w0,2019-12-12,Mr. Speaker,Debate on Proposed Amendment,51,1.0,66,3.73545,3.78004,0.98821
2019-12-12#t385w0,2019-12-12,Hon. Mr. Holland,Debate on Motion 3,313,1.0,358,2.53699,2.5933,0.97829
2019-12-12#t385w1,2019-12-12,Hon. Mr. Holland,Debate on Motion 3,310,1.0,344,2.87768,2.7982,1.02841
2019-12-12#t385w2,2019-12-12,Hon. Mr. Holland,Debate on Motion 3,332,1.0,367,2.79919,2.88156,0.97142
2019-12-12#t385w3,2019-12-12,Hon. Mr. Holland,Debate on Motion 3,343,1.0,372,2.73956,2.7308,1.00321
2019-12-12#t385w4,2019-12-12,Hon. Mr. Holland,Debate on Motion 3,301,1.0,343,2.77467,2.86782,0.96752
2019-12-12#t385w5,2019-12-12,Hon. Mr. Holland,Debate on Motion 3,316,1.0,355,2.77725,2.78218,0.99823
2019-12-12#t385w6,2019-12-12,Hon. Mr. Holland,Debate on Motion 3,238,1.0,266,2.80243,2.80953,0.99747
2019-12-12#t385w7,2019-12-12,Hon. Mr. Holland,Debate on Motion 3,303,1.0,381,2.59865,2.55384,1.01754
2019-12-12#t391w0,2019-12-12,Mr. Harvey,Debate on Proposed Amendment to Motion 3,283,1.0,336,2.42909,2.55487,0.95077
2019-12-12#t391w1,2019-12-12,Mr. Harvey,Debate on Proposed Amendment to Motion 3,326,1.0,388,2.3328,2.3626,0.98739
2019-12-12#t392w0,2019-12-12,Mr. Harvey,Debate on Proposed Amendment to Motion 3,288,1.0,351,2.58702,2.61472,0.98941
2019-12-12#t392w1,2019-12-12,Mr. Harvey,Debate on Proposed Amendment to Motion 3,319,1.0,364,2.54613,2.67879,0.95048
2019-12-12#t392w2,2019-12-12,Mr. Harvey,Debate on Proposed Amendment to Motion 3,301,1.0,364,2.68417,2.65753,1.01002
2019-12-12#t392w3,2019-12-12,Mr. Harvey,Debate on Proposed Amendment to Motion 3,292,1.0,341,2.58573,2.55725,1.01114
2019-12-12#t392w4,2019-12-12,Mr. Harvey,Debate on Proposed Amendment to Motion 3,356,1.0,458,2.46971,2.46915,1.00022
2019-12-12#t396w0,2019-12-12,Mr. Speaker,Debate on Proposed Subamendment,127,1.0,169,2.51004,2.68479,0.93491
2019-12-12#t398w0,2019-12-12,Hon. Mr. Carr,Debate on Proposed Subamendment,235,1.0,293,2.37877,2.62816,0.90511
2019-12-12#t398w1,2019-12-12,Hon. Mr. Carr,Debate on Proposed Subamendment,256,1.0,296,2.90275,2.90147,1.00044
2019-12-12#t398w2,2019-12-12,Hon. Mr. Carr,Debate on Proposed Subamendment,299,1.0,352,2.65846,2.67293,0.99459
2019-12-12#t398w3,2019-12-12,Hon. Mr. Carr,Debate on Proposed Subamendment,345,1.0,399,2.6457,2.56987,1.02951
2019-12-12#t398w4,2019-12-12,Hon. Mr. Carr,Debate on Proposed Subamendment,234,1.0,278,2.70903,2.70872,1.00011
2019-12-12#t400w0,2019-12-12,Hon. Mr. Carr,Debate on Proposed Subamendment,321,1.0,385,2.82385,2.7953,1.01022
2019-12-12#t400w1,2019-12-12,Hon. Mr. Carr,Debate on Proposed Subamendment,253,1.0,287,2.57131,2.73912,0.93873
2019-12-12#t404w0,2019-12-12,Hon. Mr. Carr,Debate on Motion 3,132,1.0,158,2.77844,2.48757,1.11693
2019-12-12#t405w0,2019-12-12,Mr. Bourque,Debate on Motion 3,345,0.0,414,2.61431,2.57701,1.01447
2019-12-12#t405w1,2019-12-12,Mr. Bourque,Debate on Motion 3,302,0.0,379,2.53373,2.59964,0.97465
2019-12-12#t406w0,2019-12-12,Ms. Rogers,Debate on Motion 3,339,1.0,393,2.55195,2.43178,1.04941
2019-12-12#t406w1,2019-12-12,Ms. Rogers,Debate on Motion 3,328,1.0,369,2.73976,2.8976,0.94553
2019-12-12#t406w2,2019-12-12,Ms. Rogers,Debate on Motion 3,330,1.0,384,2.66075,2.6054,1.02124
2019-12-12#t407w0,2019-12-12,Mr. Speaker read the amended motion as follows,Debate on Motion 3,173,1.0,224,2.34381,2.34653,0.99884
2019-12-12#t410w0,2019-12-12,,Debate on Motion 4,348,1.0,404,2.49225,2.56861,0.97027
2019-12-12#t410w1,2019-12-12,,Debate on Motion 4,249,1.0,281,2.52411,2.61131,0.96661
2019-12-12#t412w0,2019-12-12,Mr. D’Amours,Debate on Motion 4,358,0.0,434,2.57623,2.36145,1.09095
2019-12-12#t412w1,2019-12-12,Mr. D’Amours,Debate on Motion 4,341,0.0,412,2.48231,2.28383,1.08691
