seg_id,date,speaker,n_words,orig_frac,n_tok,logppl,fastdetect_d,lrr
2025-10-21#t0w0,2025-10-21,,78,1.0,115,2.83303,1.04463,1.9953
2025-10-21#t2w0,2025-10-21,Her Honour,358,0.712,464,2.37493,-0.09557,2.02807
2025-10-21#t2w1,2025-10-21,Her Honour,316,0.275,404,2.54105,1.99684,1.93661
2025-10-21#t2w2,2025-10-21,Her Honour,329,0.787,419,2.37499,0.03904,2.06059
2025-10-21#t2w3,2025-10-21,Her Honour,350,0.537,416,2.27144,0.70148,2.06241
2025-10-21#t2w4,2025-10-21,Her Honour,355,0.487,438,2.29474,-0.22166,2.04863
2025-10-21#t2w5,2025-10-21,Her Honour,334,0.449,423,2.47151,0.18773,2.02482
2025-10-21#t2w6,2025-10-21,Her Honour,358,0.617,429,2.62441,-0.49059,2.01673
2025-10-21#t3w0,2025-10-21,,267,0.479,331,2.70756,-2.26722,1.98227
2025-10-21#t4w0,2025-10-21,,354,0.582,416,2.54071,-0.46327,1.99945
2025-10-21#t4w1,2025-10-21,,300,0.753,392,2.50367,0.33756,2.05666
2025-10-21#t4w2,2025-10-21,,339,0.425,429,2.70969,-0.9726,2.01032
2025-10-21#t4w3,2025-10-21,,349,0.504,424,2.45052,0.05085,2.0485
2025-10-21#t4w4,2025-10-21,,337,0.457,434,2.41731,0.20782,2.0773
2025-10-21#t4w5,2025-10-21,,287,0.53,358,2.54541,0.11485,2.02951
2025-10-21#t4w6,2025-10-21,,357,0.476,425,2.57667,-0.23841,2.01867
2025-10-21#t4w7,2025-10-21,,342,0.48,413,2.59296,0.16537,2.02838
2025-10-21#t4w8,2025-10-21,,315,0.511,376,2.33246,1.41547,2.10939
2025-10-21#t4w9,2025-10-21,,338,0.595,403,2.41226,1.43865,2.06643
2025-10-21#t4w10,2025-10-21,,330,0.512,386,2.38904,-0.34853,2.11362
2025-10-21#t4w11,2025-10-21,,151,0.219,194,2.63497,-0.92802,2.00678
2025-10-21#t5w0,2025-10-21,Madam Speaker,315,0.238,419,2.09126,1.65218,2.13829
2025-10-21#t5w1,2025-10-21,Madam Speaker,256,0.164,322,2.16795,-0.23953,2.13033
2025-10-21#t5w2,2025-10-21,Madam Speaker,333,0.066,443,2.60494,-2.32084,2.03789
2025-10-21#t5w3,2025-10-21,Madam Speaker,326,0.313,406,2.414,1.45346,2.10472
2025-10-21#t5w4,2025-10-21,Madam Speaker,350,0.0,457,2.49388,0.54563,2.04455
2025-10-21#t5w5,2025-10-21,Madam Speaker,341,0.22,430,2.67589,-1.00787,2.03558
2025-10-21#t5w6,2025-10-21,Madam Speaker,264,0.125,323,2.45947,1.47214,2.08698
2025-10-21#t6w0,2025-10-21,"Ms. Vautour, as seconder, spoke as follows",299,0.217,348,2.39182,0.00369,2.14973
2025-10-21#t6w1,2025-10-21,"Ms. Vautour, as seconder, spoke as follows",329,0.231,424,2.37305,0.68453,2.08567
2025-10-21#t6w2,2025-10-21,"Ms. Vautour, as seconder, spoke as follows",321,0.0,382,2.65461,0.71041,2.03444
2025-10-21#t6w3,2025-10-21,"Ms. Vautour, as seconder, spoke as follows",335,0.352,405,2.58305,0.7019,1.98814
2025-10-21#t6w4,2025-10-21,"Ms. Vautour, as seconder, spoke as follows",272,0.044,319,2.82678,0.45467,2.00683
2025-10-21#t6w5,2025-10-21,"Ms. Vautour, as seconder, spoke as follows",284,0.056,339,2.89355,-0.31061,1.96518
2025-10-21#t6w6,2025-10-21,"Ms. Vautour, as seconder, spoke as follows",145,0.324,193,2.30221,-0.01234,2.09651
2025-10-21#t7w0,2025-10-21,,61,0.574,90,2.55821,0.79554,1.97398
2025-10-22#t8w0,2025-10-22,Hon. Ms. Thériault,178,0.0,260,2.59842,-0.19543,1.97015
2025-10-22#t9w0,2025-10-22,Hon. Mr. Gauvin,212,0.0,294,2.49272,-1.1787,1.91206
2025-10-22#t10w0,2025-10-22,Ms. Bockus,275,1.0,357,2.29404,-1.09165,2.05843
2025-10-22#t11w0,2025-10-22,Mr. Coon,184,0.978,235,2.19446,1.26612,2.04325
2025-10-22#t12w0,2025-10-22,Mr. Doucet,153,0.0,194,3.20706,-1.24878,1.82394
2025-10-22#t13w0,2025-10-22,Mr. Savoie,183,0.951,225,2.27738,0.01145,2.13223
2025-10-22#t14w0,2025-10-22,Ms. Mitton,132,1.0,170,1.91189,1.48925,2.10177
2025-10-22#t15w0,2025-10-22,Hon. Ms. Thériault,184,0.0,228,2.80202,0.18323,1.97766
2025-10-22#t16w0,2025-10-22,Mr. Savoie,131,1.0,159,2.17909,-0.27222,2.0569
2025-10-22#t17w0,2025-10-22,Mr. Johnston,219,0.932,284,2.22204,0.10223,2.15496
2025-10-22#t18w0,2025-10-22,Mr. Russell,144,1.0,169,2.0269,1.62183,2.22371
2025-10-22#t19w0,2025-10-22,Mr. Coon,166,0.976,195,2.57034,0.07131,2.03759
2025-10-22#t20w0,2025-10-22,Ms. Sodhi,164,1.0,194,2.32535,-0.18444,2.03228
2025-10-22#t21w0,2025-10-22,Mr. Oliver,135,0.97,165,2.69522,-0.11645,1.93848
2025-10-22#t22w0,2025-10-22,Mr. Arseneault,146,0.596,187,2.1781,0.02724,2.11148
2025-10-22#t23w0,2025-10-22,Ms. Scott-Wallace,129,1.0,155,2.83005,-1.46117,2.06785
2025-10-22#t24w0,2025-10-22,Mr. Doucet,99,0.0,126,2.69138,-1.21516,1.95291
2025-10-22#t25w0,2025-10-22,Mr. Cullins,143,1.0,164,3.05495,-2.14705,1.94797
2025-10-22#t26w0,2025-10-22,Mr. Mallet,120,0.0,146,2.73599,-0.5808,1.98709
2025-10-22#t27w0,2025-10-22,Ms. S. Wilson,140,1.0,183,3.06093,0.10575,1.91914
2025-10-22#t28w0,2025-10-22,Mr. M. LeBlanc,56,1.0,71,2.86293,1.46987,2.10827
2025-10-22#t32w0,2025-10-22,Mr. Savoie,162,1.0,202,2.50334,1.04631,2.04753
2025-10-22#t33w0,2025-10-22,Hon. Ms. Holt,180,0.0,211,2.49183,1.63368,2.14564
2025-10-22#t34w0,2025-10-22,Mr. Savoie,192,1.0,233,2.40566,0.50769,2.09714
2025-10-22#t35w0,2025-10-22,Hon. Ms. Holt,188,0.968,225,2.53487,-1.4352,2.12854
2025-10-22#t36w0,2025-10-22,Mr. Savoie,182,1.0,220,2.76185,-1.10173,2.0134
2025-10-22#t37w0,2025-10-22,Hon. Ms. Holt,214,1.0,252,2.52464,0.00182,2.05661
2025-10-22#t38w0,2025-10-22,Mr. Savoie,186,1.0,231,2.91523,-1.81665,1.96762
2025-10-22#t39w0,2025-10-22,Hon. Ms. Holt,192,0.719,233,2.63264,-0.37474,1.99097
2025-10-22#t40w0,2025-10-22,Mr. Savoie,104,1.0,123,2.87174,-0.17135,2.02056
2025-10-22#t41w0,2025-10-22,Hon. Ms. Holt,174,0.0,204,2.49099,0.57474,2.13031
2025-10-22#t42w0,2025-10-22,Mr. Savoie,160,1.0,190,3.08671,-1.24761,1.90163
2025-10-22#t43w0,2025-10-22,Hon. Ms. Holt,176,1.0,196,2.59267,-0.08259,2.06603
2025-10-22#t44w0,2025-10-22,Mr. Savoie,159,1.0,204,2.354,0.96574,2.1566
2025-10-22#t45w0,2025-10-22,Hon. Ms. Holt,185,1.0,220,2.73712,-0.10629,1.98464
2025-10-22#t46w0,2025-10-22,Mr. Savoie,108,1.0,126,2.75809,-0.18477,1.94147
2025-10-22#t47w0,2025-10-22,Hon. C. Johnson,102,1.0,122,2.51168,1.25945,2.24273
2025-10-22#t48w0,2025-10-22,Mr. Savoie,169,1.0,209,2.62412,0.86742,2.06767
2025-10-22#t49w0,2025-10-22,Hon. C. Johnson,108,1.0,134,2.65526,-0.47023,2.08116
2025-10-22#t50w0,2025-10-22,Mr. Savoie,136,1.0,151,3.01085,0.70558,1.96569
2025-10-22#t51w0,2025-10-22,L’hon. C. Johnson,135,0.0,153,2.2351,1.62518,2.25316
2025-10-22#t52w0,2025-10-22,Mr. Savoie,148,1.0,193,2.66653,-0.72148,2.03581
2025-10-22#t53w0,2025-10-22,Hon. C. Johnson,143,1.0,185,2.67454,-1.46341,2.0665
2025-10-22#t54w0,2025-10-22,Mr. Savoie,184,1.0,223,2.62735,0.14247,2.05998
2025-10-22#t55w0,2025-10-22,Hon. Ms. Holt,214,1.0,240,3.11377,0.20596,1.96293
2025-10-22#t56w0,2025-10-22,Mr. Savoie,174,1.0,212,2.70381,-1.35848,2.04629
2025-10-22#t57w0,2025-10-22,Hon. C. Johnson,137,0.0,163,3.04207,-0.57584,1.90908
2025-10-22#t58w0,2025-10-22,Mr. Savoie,102,1.0,121,2.44098,-0.07831,2.12101
2025-10-22#t59w0,2025-10-22,Hon. C. Johnson,155,1.0,194,2.31544,-0.87071,2.10137
2025-10-22#t60w0,2025-10-22,Mr. Coon,165,1.0,197,2.23627,0.70376,2.05434
2025-10-22#t61w0,2025-10-22,Hon. Mr. Dornan,111,1.0,128,2.93864,-2.13241,1.92668
2025-10-22#t62w0,2025-10-22,Mr. Coon,127,0.0,155,2.4683,-0.95084,2.0023
2025-10-22#t63w0,2025-10-22,Hon. Mr. Dornan,140,1.0,172,2.78298,-0.02123,2.01126
2025-10-22#t64w0,2025-10-22,Ms. Mitton,141,1.0,174,2.72132,-0.43846,2.03913
2025-10-22#t65w0,2025-10-22,Hon. Mr. Legacy,150,0.0,179,2.62215,1.10959,2.04624
2025-10-22#t66w0,2025-10-22,Ms. Mitton,163,1.0,203,2.98012,0.24604,1.96559
2025-10-22#t67w0,2025-10-22,Hon. Mr. Legacy,138,0.0,177,2.8725,0.05026,1.9991
2025-10-22#t68w0,2025-10-22,Mr. Savoie,76,1.0,97,2.91205,-1.03484,1.91785
2025-10-22#t69w0,2025-10-22,Hon. C. Johnson,151,0.0,173,2.79684,-0.72976,2.02841
2025-10-22#t70w0,2025-10-22,Mr. Savoie,117,1.0,147,2.78417,0.32957,2.02736
2025-10-22#t71w0,2025-10-22,Hon. C. Johnson,98,1.0,124,2.69998,0.13379,2.03699
2025-10-22#t72w0,2025-10-22,Mr. Savoie,124,1.0,141,2.32886,0.68206,2.00676
2025-10-22#t73w0,2025-10-22,Hon. C. Johnson,119,1.0,141,3.06101,-1.55744,1.97724
2025-10-22#t74w0,2025-10-22,Mr. Savoie,145,1.0,170,2.38975,-0.47091,2.1595
2025-10-22#t75w0,2025-10-22,Hon. Ms. Holt,195,0.769,221,2.55602,-0.16078,2.05901
2025-10-22#t78w0,2025-10-22,Mr. Johnston,109,0.881,149,2.76823,-0.45921,1.96741
2025-10-22#t80w0,2025-10-22,Hon. Mr. Dornan,231,0.701,280,2.14257,1.4787,2.18373
2025-10-22#t81w0,2025-10-22,Mr. Savoie,291,1.0,350,2.30875,2.20226,2.09267
2025-10-22#t81w1,2025-10-22,Mr. Savoie,87,1.0,99,3.67493,0.21285,1.9017
2025-10-22#t82w0,2025-10-22,M. Coon,293,0.986,348,2.37005,0.49727,2.08888
2025-10-22#t83w0,2025-10-22,Hon. C. Johnson,141,0.39,168,2.23823,0.64042,2.22641
2025-10-22#t84w0,2025-10-22,Mr. Lee,163,1.0,194,2.55034,0.51723,2.02673
2025-10-22#t85w0,2025-10-22,Ms. Mitton,188,0.782,221,2.69021,0.09362,2.02758
2025-10-22#t86w0,2025-10-22,Hon. Mr. Randall,252,0.984,305,1.90505,0.7539,2.16181
2025-10-22#t87w0,2025-10-22,Ms. M. Wilson,191,1.0,248,2.18786,0.13954,2.05571
2025-10-22#t88w0,2025-10-22,Ms. Mitton,343,0.825,413,2.56436,-1.29943,2.01034
2025-10-22#t89w0,2025-10-22,Ms. Scott-Wallace,207,1.0,243,2.46473,1.03279,2.10535
2025-10-22#t90w0,2025-10-22,Ms. Mitton,187,0.663,230,2.27003,0.30187,2.15536
2025-10-22#t91w0,2025-10-22,Hon. Mr. LePage,237,0.401,292,2.52784,-0.90697,2.05552
2025-10-22#t92w0,2025-10-22,Ms. S. Wilson,200,1.0,253,2.2766,1.2506,2.06037
2025-10-22#t93w0,2025-10-22,Ms. Mitton,250,0.984,313,1.74592,2.0368,2.24998
2025-10-22#t94w0,2025-10-22,Hon. Mr. Hickey,281,0.829,332,2.76394,-1.22105,2.01215
2025-10-22#t95w0,2025-10-22,Ms. Conroy,253,1.0,304,2.3606,0.14703,2.17641
2025-10-22#t97w0,2025-10-22,Mr. Coon,298,0.987,363,2.52697,-1.35622,2.11614
2025-10-22#t98w0,2025-10-22,Ms. Mitton,290,0.931,366,2.67574,-0.06119,1.97923
2025-10-22#t100w0,2025-10-22,Madam Speaker,186,0.86,244,2.2096,0.14351,2.03406
2025-10-22#t101w0,2025-10-22,Hon. Mr. Legacy,284,0.782,373,2.13471,-1.23718,1.99074
2025-10-22#t101w1,2025-10-22,Hon. Mr. Legacy,345,0.988,428,2.50689,-0.64085,2.09365
2025-10-22#t101w2,2025-10-22,Hon. Mr. Legacy,326,1.0,407,2.26584,-1.03768,2.06763
2025-10-22#t101w3,2025-10-22,Hon. Mr. Legacy,359,0.708,487,2.18421,1.12964,2.05831
2025-10-22#t101w4,2025-10-22,Hon. Mr. Legacy,315,1.0,411,2.46317,-0.22884,2.04884
2025-10-22#t101w5,2025-10-22,Hon. Mr. Legacy,348,1.0,442,2.38771,-1.03088,2.00483
2025-10-22#t101w6,2025-10-22,Hon. Mr. Legacy,333,1.0,424,2.62368,-1.25521,1.95286
2025-10-22#t101w7,2025-10-22,Hon. Mr. Legacy,346,1.0,458,2.32433,0.2079,2.02279
2025-10-22#t101w8,2025-10-22,Hon. Mr. Legacy,357,1.0,449,2.26281,-1.3694,2.11261
2025-10-22#t102w0,2025-10-22,Mr. M. LeBlanc,283,0.636,359,2.22414,0.72945,2.07375
2025-10-22#t102w1,2025-10-22,Mr. M. LeBlanc,343,1.0,387,2.28443,2.80331,2.15051
2025-10-22#t102w2,2025-10-22,Mr. M. LeBlanc,322,0.311,373,2.42738,0.5488,2.0835
2025-10-22#t102w3,2025-10-22,Mr. M. LeBlanc,335,0.531,386,2.32828,2.10963,2.22823
2025-10-22#t102w4,2025-10-22,Mr. M. LeBlanc,264,1.0,318,2.5616,-0.55161,2.05147
2025-10-22#t102w5,2025-10-22,Mr. M. LeBlanc,357,0.734,456,2.71652,0.75147,2.00333
2025-10-22#t102w6,2025-10-22,Mr. M. LeBlanc,348,1.0,455,2.75569,-0.60552,2.00997
2025-10-22#t102w7,2025-10-22,Mr. M. LeBlanc,348,1.0,490,2.41191,0.16194,2.11064
2025-10-22#t102w8,2025-10-22,Mr. M. LeBlanc,360,0.339,445,2.83276,-1.20411,1.96051
2025-10-22#t102w9,2025-10-22,Mr. M. LeBlanc,326,0.54,388,2.93349,0.26681,1.97267
2025-10-22#t102w10,2025-10-22,Mr. M. LeBlanc,348,0.546,430,3.06671,-0.34831,1.93467
2025-10-22#t102w11,2025-10-22,Mr. M. LeBlanc,333,0.859,422,2.8025,-0.5725,2.00515
2025-10-22#t102w12,2025-10-22,Mr. M. LeBlanc,324,0.0,370,2.73589,1.17108,1.97748
2025-10-22#t102w13,2025-10-22,Mr. M. LeBlanc,259,1.0,296,2.65812,0.54786,2.02605
2025-10-22#t102w14,2025-10-22,Mr. M. LeBlanc,355,0.645,407,2.66465,1.42031,2.04263
2025-10-22#t102w15,2025-10-22,Mr. M. LeBlanc,327,0.63,369,2.99413,-1.16036,1.92631
2025-10-22#t102w16,2025-10-22,Mr. M. LeBlanc,311,0.685,358,2.64829,0.98483,2.04796
2025-10-22#t102w17,2025-10-22,Mr. M. LeBlanc,335,0.734,383,2.56955,0.69592,2.07624
2025-10-22#t102w18,2025-10-22,Mr. M. LeBlanc,298,1.0,362,2.75476,0.05326,1.9793
2025-10-23#t104w0,2025-10-23,Madam Speaker,100,0.77,136,1.92159,1.46284,2.21921
2025-10-24#t105w0,2025-10-24,Mr. Monahan,62,1.0,82,2.55371,0.02213,2.07697
2025-10-24#t106w0,2025-10-24,Madam Speaker,177,0.548,231,2.24403,0.53234,1.9381
2025-10-24#t107w0,2025-10-24,Mr. Robichaud,167,0.0,225,1.94547,1.04131,2.18114
2025-10-24#t108w0,2025-10-24,Mr. Ames,239,1.0,303,2.16869,1.77032,2.12727
2025-10-24#t109w0,2025-10-24,Mr. Monahan,172,1.0,225,2.21448,1.46365,2.04126
2025-10-24#t110w0,2025-10-24,Ms. M. Wilson,160,1.0,202,2.41894,0.06031,2.05567
2025-10-24#t111w0,2025-10-24,Hon. Ms. Boudreau,222,0.054,278,2.40041,0.46152,2.03413
2025-10-24#t112w0,2025-10-24,Ms. S. Wilson,156,1.0,200,2.17725,1.3778,2.03
2025-10-24#t113w0,2025-10-24,Mr. Coon,176,0.869,228,3.28021,-2.0419,1.80525
2025-10-24#t114w0,2025-10-24,Hon. Mr. D’Amours,157,0.0,221,2.67864,0.01356,2.01042
2025-10-24#t115w0,2025-10-24,Ms. Mitton,177,1.0,228,2.08575,1.07946,2.15818
2025-10-24#t116w0,2025-10-24,Mr. M. LeBlanc,176,0.0,248,2.49116,0.13166,2.00448
2025-10-24#t117w0,2025-10-24,Ms. M. Wilson,137,1.0,167,2.77562,-0.08147,1.94637
2025-10-24#t118w0,2025-10-24,Ms. Mitton,142,1.0,192,2.38186,-1.18865,2.12612
2025-10-24#t119w0,2025-10-24,Mr. Johnston,160,1.0,194,2.07354,1.31925,2.14873
2025-10-24#t120w0,2025-10-24,Mr. Monahan,126,1.0,152,2.64582,-0.1152,2.04487
2025-10-24#t121w0,2025-10-24,Ms. Vautour,149,0.0,176,2.54099,0.72584,2.04398
2025-10-24#t122w0,2025-10-24,Mr. Ames,141,1.0,179,2.64765,0.44977,1.90252
2025-10-24#t123w0,2025-10-24,Mr. J. LeBlanc,124,0.403,155,2.4299,-1.67263,2.09148
2025-10-24#t124w0,2025-10-24,Ms. M. Johnson,126,1.0,153,2.75952,0.2151,2.10854
2025-10-24#t125w0,2025-10-24,Mr. Robichaud,119,0.412,148,2.40247,-0.87876,2.03289
2025-10-24#t126w0,2025-10-24,Mr. Lee,123,1.0,152,2.91175,0.01845,2.04063
2025-10-24#t127w0,2025-10-24,Mr. Savoie,79,0.899,107,2.59916,0.11389,2.01772
2025-10-24#t128w0,2025-10-24,Hon. Ms. Holt,166,0.964,201,2.46686,0.3497,2.03557
2025-10-24#t129w0,2025-10-24,Mr. Savoie,180,1.0,219,2.79581,-0.55443,1.97978
2025-10-24#t130w0,2025-10-24,Hon. Ms. Holt,145,0.131,175,2.90903,-0.13955,1.984
2025-10-24#t131w0,2025-10-24,Mr. Savoie,77,1.0,100,2.92948,-0.55891,2.03312
2025-10-24#t132w0,2025-10-24,Hon. Ms. Holt,133,1.0,172,2.75715,-0.42659,2.00112
2025-10-24#t133w0,2025-10-24,Mr. Savoie,112,1.0,124,2.82503,0.66565,2.03255
2025-10-24#t134w0,2025-10-24,Hon. Ms. Holt,194,1.0,240,2.4671,-1.22758,2.12421
2025-10-24#t135w0,2025-10-24,Mr. Savoie,77,1.0,98,3.78743,-2.63132,1.75907
2025-10-24#t136w0,2025-10-24,Hon. Ms. Holt,158,0.0,184,2.79228,-1.44578,1.99154
2025-10-24#t137w0,2025-10-24,Mr. Savoie,73,1.0,85,3.27194,-2.01372,1.95074
2025-10-24#t138w0,2025-10-24,Hon. Mr. Dornan,143,1.0,184,2.4702,-0.33777,2.01094
2025-10-24#t139w0,2025-10-24,Mr. Austin,132,1.0,172,2.94331,-1.23382,1.90683
2025-10-24#t140w0,2025-10-24,Hon. Mr. Legacy,194,1.0,240,2.70181,-0.42019,2.03521
2025-10-24#t141w0,2025-10-24,Mr. Austin,161,1.0,196,2.67518,-0.01397,1.94335
2025-10-24#t142w0,2025-10-24,Hon. M. Legacy,92,0.0,110,2.84833,-1.25139,1.98132
2025-10-24#t143w0,2025-10-24,Mr. Austin,186,1.0,217,2.42843,-0.25199,2.08067
2025-10-24#t144w0,2025-10-24,Hon. Mr. Randall,102,1.0,112,2.77735,0.51473,2.08853
2025-10-24#t145w0,2025-10-24,Mr. Lee,163,1.0,199,2.91305,-1.54638,2.00398
2025-10-24#t146w0,2025-10-24,Hon. C. Johnson,135,1.0,158,2.688,-0.48242,1.95482
2025-10-24#t147w0,2025-10-24,Mr. Lee,182,1.0,211,2.92899,1.36544,1.97938
2025-10-24#t148w0,2025-10-24,Hon. C. Johnson,84,1.0,101,3.05886,0.76889,1.96443
2025-10-24#t149w0,2025-10-24,Mr. Lee,154,1.0,183,3.12751,-1.49315,1.92188
2025-10-24#t150w0,2025-10-24,Hon. C. Johnson,108,1.0,134,2.95356,-0.06395,2.04408
2025-10-24#t151w0,2025-10-24,Mr. Monahan,180,1.0,244,2.18977,1.57512,2.15705
2025-10-24#t152w0,2025-10-24,Hon. Mr. Randall,174,1.0,207,2.60026,-0.24982,2.04162
2025-10-24#t153w0,2025-10-24,Mr. Monahan,168,0.0,204,2.42845,-0.02489,2.12043
2025-10-24#t154w0,2025-10-24,Hon. Mr. Legacy,121,0.0,146,2.59536,0.29958,2.05406
2025-10-24#t155w0,2025-10-24,Mr. Ames,89,1.0,108,2.76387,0.43501,2.03499
2025-10-24#t156w0,2025-10-24,Hon. Mr. Gauvin,198,0.0,236,2.68495,-0.43346,2.06988
2025-10-24#t157w0,2025-10-24,Mr. Ames,82,1.0,105,2.96596,-0.8001,1.97777
2025-10-24#t158w0,2025-10-24,Hon. Mr. Gauvin,217,0.0,263,2.94191,-0.44091,1.94764
2025-10-24#t159w0,2025-10-24,Mr. Ames,55,1.0,67,2.64666,1.45181,1.98369
2025-10-24#t160w0,2025-10-24,Hon. Mr. Gauvin,127,0.0,157,2.96854,-1.41754,1.9228
2025-10-24#t161w0,2025-10-24,Madam Speaker,144,0.958,181,3.02319,1.16361,2.00343
2025-10-24#t162w0,2025-10-24,Hon. Mr. Legacy,206,0.073,245,1.80554,1.99328,2.29729
2025-10-24#t163w0,2025-10-24,Mr. Monahan,257,1.0,304,2.14632,1.4828,2.09501
2025-10-24#t164w0,2025-10-24,Mr. Coon,226,1.0,260,2.48265,-0.70967,2.04751
2025-10-24#t165w0,2025-10-24,Hon. Ms. Boudreau,184,0.451,225,2.36132,-0.39283,2.08972
2025-10-24#t166w0,2025-10-24,Ms. M. Johnson,296,1.0,354,2.33013,1.86901,2.14622
2025-10-24#t167w0,2025-10-24,Ms. Mitton,327,0.327,401,2.30732,1.48759,2.08293
2025-10-24#t168w0,2025-10-24,Ms. M. Wilson,157,1.0,209,2.7947,0.10526,1.9248
2025-10-24#t169w0,2025-10-24,Ms. Mitton,132,0.0,172,2.38699,0.86371,2.07992
2025-10-24#t170w0,2025-10-24,Ms. Conroy,276,1.0,339,2.38416,1.094,2.06654
2025-10-24#t171w0,2025-10-24,Mr. M. LeBlanc,359,0.618,443,2.41563,0.03704,2.0475
2025-10-24#t171w1,2025-10-24,Mr. M. LeBlanc,274,0.938,322,2.62785,0.6255,1.95789
2025-10-24#t171w2,2025-10-24,Mr. M. LeBlanc,346,0.962,400,2.33901,0.68702,2.12841
2025-10-24#t171w3,2025-10-24,Mr. M. LeBlanc,345,0.82,390,2.38376,0.88033,2.05587
2025-10-24#t171w4,2025-10-24,Mr. M. LeBlanc,348,0.989,403,2.22705,1.66251,2.11132
2025-10-24#t172w0,2025-10-24,Mr. Savoie,323,1.0,391,2.61513,-0.37565,2.09262
2025-10-24#t172w1,2025-10-24,Mr. Savoie,289,1.0,370,2.64012,-0.04342,2.109
2025-10-24#t174w0,2025-10-24,Mr. Savoie,251,1.0,312,2.77655,0.10798,2.01951
2025-10-24#t174w1,2025-10-24,Mr. Savoie,322,1.0,401,2.60843,-0.93969,2.00141
2025-10-24#t174w2,2025-10-24,Mr. Savoie,317,1.0,386,2.52156,0.45579,2.02678
2025-10-24#t175w0,2025-10-24,Mr. Coon,319,1.0,381,2.32702,0.81657,2.07603
2025-10-24#t175w1,2025-10-24,Mr. Coon,306,1.0,379,2.25552,1.3115,2.08268
2025-10-24#t175w2,2025-10-24,Mr. Coon,335,1.0,409,2.4947,-0.024,1.98746
2025-10-24#t175w3,2025-10-24,Mr. Coon,251,1.0,307,2.45846,2.75183,2.04742
2025-10-24#t175w4,2025-10-24,Mr. Coon,345,1.0,409,2.62372,1.05965,2.02876
2025-10-24#t175w5,2025-10-24,Mr. Coon,341,1.0,419,2.77577,-0.54947,1.97794
2025-10-24#t175w6,2025-10-24,Mr. Coon,221,1.0,260,2.54015,1.49978,1.98301
2025-10-24#t176w0,2025-10-24,Ms. Mitton,358,0.989,402,2.1707,1.40188,2.16029
2025-10-24#t176w1,2025-10-24,Ms. Mitton,239,1.0,287,2.57925,1.44484,2.01111
2025-10-24#t176w2,2025-10-24,Ms. Mitton,358,0.732,426,2.43669,-0.36006,2.04497
2025-10-24#t176w3,2025-10-24,Ms. Mitton,285,0.582,342,2.59826,-0.46466,2.06317
2025-10-24#t177w0,2025-10-24,Ms. Scott-Wallace,325,1.0,406,2.46325,-1.45311,2.06891
2025-10-24#t177w1,2025-10-24,Ms. Scott-Wallace,299,1.0,360,2.72253,-0.48753,2.06895
2025-10-24#t178w0,2025-10-24,Ms. Mitton,300,0.747,355,2.1473,-0.70063,2.17545
2025-10-24#t178w1,2025-10-24,Ms. Mitton,329,0.988,388,2.16143,2.8404,2.12929
2025-10-24#t179w0,2025-10-24,Mr. Russell,268,1.0,316,2.40972,1.6705,2.13429
2025-10-24#t179w1,2025-10-24,Mr. Russell,356,0.764,445,2.18845,-0.00663,2.07116
2025-10-24#t179w2,2025-10-24,Mr. Russell,348,1.0,423,2.37498,-0.56963,2.06072
2025-10-24#t179w3,2025-10-24,Mr. Russell,184,0.978,230,2.53912,0.74807,1.99938
2025-10-24#t180w0,2025-10-24,Madam Speaker,299,0.91,393,2.3925,-0.17332,2.03722
2025-10-24#t180w1,2025-10-24,Madam Speaker,300,1.0,389,2.42226,0.69245,2.07062
2025-10-24#t180w2,2025-10-24,Madam Speaker,290,0.828,395,2.41081,-0.33645,2.02049
2025-10-24#t180w3,2025-10-24,Madam Speaker,325,0.8,439,2.66402,-0.92079,1.9782
2025-10-24#t180w4,2025-10-24,Madam Speaker,287,1.0,359,2.56926,0.51554,2.01372
2025-10-24#t180w5,2025-10-24,Madam Speaker,251,1.0,322,2.49259,1.10812,1.97411
2025-10-24#t180w6,2025-10-24,Madam Speaker,352,1.0,417,2.87945,-1.24217,2.0015
2025-10-24#t180w7,2025-10-24,Madam Speaker,332,0.828,425,2.81651,-0.65245,1.96984
2025-10-24#t180w8,2025-10-24,Madam Speaker,346,1.0,425,2.57704,0.70789,2.06197
2025-10-24#t180w9,2025-10-24,Madam Speaker,322,1.0,396,2.74685,0.01722,2.052
2025-10-24#t180w10,2025-10-24,Madam Speaker,286,1.0,342,2.55357,1.70189,2.00054
2025-10-24#t180w11,2025-10-24,Madam Speaker,336,0.81,429,2.5076,1.74347,2.04095
2025-10-24#t180w12,2025-10-24,Madam Speaker,226,0.783,283,2.8026,-0.75473,1.93965
2025-10-24#t180w13,2025-10-24,Madam Speaker,321,1.0,394,2.55716,0.54969,2.02617
2025-10-24#t180w14,2025-10-24,Madam Speaker,330,0.855,407,2.68498,0.26012,1.99173
2025-10-24#t180w15,2025-10-24,Madam Speaker,216,0.81,251,2.82379,0.2214,1.97751
2025-10-24#t180w16,2025-10-24,Madam Speaker,292,0.89,355,2.53295,-0.0615,2.11206
2025-10-24#t180w17,2025-10-24,Madam Speaker,168,0.958,197,2.7824,0.09243,2.05142
2025-10-24#t182w0,2025-10-24,Hon. Mr. Dornan,251,0.92,328,2.37886,0.13446,2.09035
2025-10-24#t182w1,2025-10-24,Hon. Mr. Dornan,352,0.881,438,2.51931,-0.76479,2.0468
2025-10-24#t182w2,2025-10-24,Hon. Mr. Dornan,350,0.914,429,2.73183,-0.63784,1.98325
2025-10-24#t182w3,2025-10-24,Hon. Mr. Dornan,303,0.931,371,2.77923,-0.94402,1.99939
2025-10-24#t182w4,2025-10-24,Hon. Mr. Dornan,283,0.958,328,2.69965,-0.18149,1.99794
2025-10-24#t182w5,2025-10-24,Hon. Mr. Dornan,230,0.939,284,2.89523,-1.82656,1.91102
2025-10-24#t186w0,2025-10-24,Mr. Russell,284,1.0,341,2.39134,0.29619,2.12083
2025-10-24#t186w1,2025-10-24,Mr. Russell,338,1.0,404,2.69689,-1.21819,1.97012
2025-10-24#t186w2,2025-10-24,Mr. Russell,305,1.0,376,2.79061,0.07635,1.94868
2025-10-24#t186w3,2025-10-24,Mr. Russell,270,1.0,329,2.44788,-0.84435,2.02232
2025-10-24#t188w0,2025-10-24,Hon. Mr. Hickey,347,1.0,427,2.34345,-0.02224,2.03812
2025-10-24#t188w1,2025-10-24,Hon. Mr. Hickey,347,1.0,403,2.48927,0.35522,2.13309
2025-10-24#t188w2,2025-10-24,Hon. Mr. Hickey,282,1.0,337,2.75736,0.82588,1.99393
2025-10-24#t188w3,2025-10-24,Hon. Mr. Hickey,334,1.0,413,2.42124,0.06246,2.07006
2025-10-24#t188w4,2025-10-24,Hon. Mr. Hickey,359,0.88,486,2.55156,0.70811,2.04247
2025-10-24#t188w5,2025-10-24,Hon. Mr. Hickey,217,1.0,259,2.75321,-1.23521,2.0227
2025-10-24#t188w6,2025-10-24,Hon. Mr. Hickey,326,1.0,403,2.547,0.04772,2.09346
2025-10-24#t188w7,2025-10-24,Hon. Mr. Hickey,257,0.887,316,2.35858,0.53668,2.11858
2025-10-24#t188w8,2025-10-24,Hon. Mr. Hickey,354,1.0,419,2.70924,-0.09437,2.08643
2025-10-24#t188w9,2025-10-24,Hon. Mr. Hickey,343,0.898,415,2.52701,0.04973,2.06731
2025-10-24#t188w10,2025-10-24,Hon. Mr. Hickey,50,1.0,61,3.12033,0.40051,1.80267
2025-10-24#t189w0,2025-10-24,Hon. Mr. Hickey,279,1.0,336,2.59349,0.4662,2.06594
2025-10-24#t189w1,2025-10-24,Hon. Mr. Hickey,157,1.0,180,2.98183,-2.02056,1.92862
2025-10-24#t189w2,2025-10-24,Hon. Mr. Hickey,283,1.0,325,2.71264,-0.02703,1.97772
2025-10-24#t189w3,2025-10-24,Hon. Mr. Hickey,325,1.0,404,2.53854,1.16157,2.07003
2025-10-24#t189w4,2025-10-24,Hon. Mr. Hickey,236,1.0,275,2.65512,0.63237,2.04706
2025-10-24#t191w0,2025-10-24,Mr. Monahan,349,1.0,429,2.10629,0.55699,2.07688
2025-10-24#t191w1,2025-10-24,Mr. Monahan,327,0.654,409,2.11193,2.37905,2.18194
2025-10-24#t191w2,2025-10-24,Mr. Monahan,322,0.683,406,2.823,-0.06068,1.96488
2025-10-24#t191w3,2025-10-24,Mr. Monahan,326,1.0,402,2.57438,0.42728,2.05991
2025-10-24#t191w4,2025-10-24,Mr. Monahan,338,1.0,439,2.83445,0.35909,1.95788
2025-10-24#t191w5,2025-10-24,Mr. Monahan,291,0.34,362,2.42637,1.01176,2.08691
2025-10-24#t191w6,2025-10-24,Mr. Monahan,120,1.0,168,2.83381,0.47786,1.93412
2025-10-24#t192w0,2025-10-24,Mr. Monahan,288,1.0,397,2.68929,-0.8646,1.96666
2025-10-24#t192w1,2025-10-24,Mr. Monahan,340,0.735,460,2.49134,-0.2221,2.05135
2025-10-24#t192w2,2025-10-24,Mr. Monahan,171,1.0,221,2.72618,-0.89655,1.98034
2025-10-24#t193w0,2025-10-24,Mr. Monahan,337,0.754,412,2.72046,0.05935,2.03718
2025-10-24#t193w1,2025-10-24,Mr. Monahan,339,0.655,452,2.56583,0.36227,2.00463
2025-10-24#t193w2,2025-10-24,Mr. Monahan,212,0.59,280,2.51733,0.03162,2.02176
2025-10-24#t194w0,2025-10-24,,357,1.0,448,2.61768,-0.14784,2.01759
2025-10-24#t194w1,2025-10-24,,334,0.88,407,2.49864,0.23803,2.05425
2025-10-24#t195w0,2025-10-24,Mr. Doucet,338,0.033,412,2.34584,0.58832,2.10379
2025-10-24#t195w1,2025-10-24,Mr. Doucet,345,0.0,408,2.68328,-1.92584,2.06929
2025-10-24#t195w2,2025-10-24,Mr. Doucet,226,0.668,257,2.58999,0.15939,2.06644
2025-10-24#t195w3,2025-10-24,Mr. Doucet,335,0.137,388,2.75801,0.03505,2.02886
2025-10-24#t195w4,2025-10-24,Mr. Doucet,320,0.0,402,2.32614,1.33852,2.08576
2025-10-24#t195w5,2025-10-24,Mr. Doucet,233,0.0,290,2.57795,-0.61181,2.01893
2025-10-24#t195w6,2025-10-24,Mr. Doucet,354,0.0,426,2.5338,0.49649,2.06901
2025-10-24#t195w7,2025-10-24,Mr. Doucet,52,0.0,69,3.04963,-0.44062,1.87936
2025-10-28#t197w0,2025-10-28,Hon. Mr. Finnigan,142,0.0,195,1.93256,1.43681,2.08475
2025-10-28#t198w0,2025-10-28,Mr. Cullins,138,1.0,168,1.98691,1.21497,2.04172
2025-10-28#t199w0,2025-10-28,Mr. Weir,177,0.949,238,1.97174,0.39051,2.15192
2025-10-28#t200w0,2025-10-28,Ms. Scott-Wallace,182,1.0,219,2.4862,1.00359,1.98534
2025-10-28#t201w0,2025-10-28,Ms. Wilcott,143,1.0,195,2.85897,-0.46947,1.97054
2025-10-28#t202w0,2025-10-28,Ms. M. Wilson,136,1.0,173,2.38284,0.04318,2.00593
2025-10-28#t203w0,2025-10-28,Mr. Coon,149,0.973,190,2.3275,0.47172,2.03572
2025-10-28#t204w0,2025-10-28,Mr. Arseneault,158,0.418,191,2.17647,1.24029,2.06224
2025-10-28#t205w0,2025-10-28,Ms. Mitton,165,1.0,211,2.39716,0.2989,2.08291
2025-10-28#t206w0,2025-10-28,Mr. Johnston,184,0.94,254,2.90474,-2.3757,1.9788
2025-10-28#t207w0,2025-10-28,Mr. Weir,146,1.0,193,2.52498,-1.07006,1.99196
2025-10-28#t208w0,2025-10-28,Ms. Mitton,164,1.0,211,2.51723,0.75217,2.07444
2025-10-28#t209w0,2025-10-28,Mr. J. LeBlanc,158,0.222,185,2.33985,-0.50667,2.03011
2025-10-28#t210w0,2025-10-28,Ms. Conroy,148,1.0,174,2.7899,-0.84353,2.01598
2025-10-28#t211w0,2025-10-28,Ms. Vautour,141,0.0,168,3.2692,-2.53326,1.91178
2025-10-28#t212w0,2025-10-28,Mr. Lee,173,1.0,222,3.03103,-1.1487,1.87629
2025-10-28#t213w0,2025-10-28,Ms. Wilcott,172,1.0,201,2.12346,0.53627,2.27217
2025-10-28#t214w0,2025-10-28,Mr. Monahan,147,1.0,185,2.71997,-1.46794,1.999
2025-10-28#t215w0,2025-10-28,Mr. Bourque,167,0.503,205,2.04769,-0.04383,2.23185
2025-10-28#t216w0,2025-10-28,Mr. Austin,144,1.0,189,2.54944,0.24486,1.98063
2025-10-28#t217w0,2025-10-28,Mr. Savoie,148,0.946,194,2.53962,-0.06973,2.01203
2025-10-28#t218w0,2025-10-28,Hon. Mr. Kennedy,179,1.0,222,2.39964,0.03723,2.13974
2025-10-28#t219w0,2025-10-28,Mr. Savoie,143,0.958,183,2.32127,0.69079,2.07564
2025-10-28#t220w0,2025-10-28,Hon. Mr. Kennedy,198,1.0,248,2.32806,0.72536,2.11951
2025-10-28#t222w0,2025-10-28,Mr. Savoie,173,1.0,216,2.8931,-0.7084,1.96345
2025-10-28#t223w0,2025-10-28,Hon. Mr. Kennedy,162,1.0,201,2.54872,0.50927,2.05025
2025-10-28#t224w0,2025-10-28,Mr. Savoie,101,1.0,135,2.76825,-1.3541,2.012
2025-10-28#t225w0,2025-10-28,Hon. Mr. Kennedy,192,1.0,231,2.57159,-0.93227,2.09901
2025-10-28#t226w0,2025-10-28,Mr. Savoie,175,1.0,225,2.50855,0.01478,2.12678
2025-10-28#t227w0,2025-10-28,Hon. Mr. Kennedy,178,1.0,238,2.37152,-0.74765,2.07551
2025-10-28#t228w0,2025-10-28,Mr. Savoie,188,1.0,228,2.69896,-0.54209,2.05642
2025-10-28#t229w0,2025-10-28,Hon. Mr. Kennedy,186,1.0,236,2.88325,-1.87574,1.9649
2025-10-28#t230w0,2025-10-28,Mr. Lee,150,1.0,171,2.85482,-0.16202,2.01665
2025-10-28#t231w0,2025-10-28,Hon. C. Johnson,114,1.0,138,2.31309,1.31797,2.11024
2025-10-28#t232w0,2025-10-28,Mr. Lee,143,1.0,171,2.84476,-0.26498,1.94488
2025-10-28#t233w0,2025-10-28,Hon. C. Johnson,117,1.0,143,2.98543,-0.07037,1.91184
2025-10-28#t234w0,2025-10-28,Mr. Lee,161,1.0,200,2.85193,0.19974,1.93591
2025-10-28#t235w0,2025-10-28,Hon. C. Johnson,65,0.0,79,2.55954,1.43563,2.04474
2025-10-28#t236w0,2025-10-28,Mr. Austin,125,1.0,156,2.63172,-1.3117,1.96394
2025-10-28#t237w0,2025-10-28,Hon. Mr. Herron,143,1.0,180,2.37293,0.99836,2.12508
2025-10-28#t238w0,2025-10-28,Mr. Austin,152,1.0,195,3.0211,-0.3726,1.92249
2025-10-28#t239w0,2025-10-28,Hon. Mr. Randall,139,1.0,185,2.37047,-0.49103,2.15219
2025-10-28#t240w0,2025-10-28,Mr. Austin,172,1.0,201,2.98883,-0.64484,1.93466
2025-10-28#t241w0,2025-10-28,Hon. Mr. Herron,159,1.0,195,2.71107,-1.25056,2.02563
2025-10-28#t242w0,2025-10-28,Mr. Coon,173,1.0,201,2.46262,-0.07981,2.11185
2025-10-28#t243w0,2025-10-28,Hon. C. Johnson,129,1.0,154,2.66713,-0.17367,2.0776
2025-10-28#t244w0,2025-10-28,Mr. Coon,160,1.0,197,2.47828,-0.91514,2.03255
2025-10-28#t245w0,2025-10-28,Hon. C. Johnson,120,0.0,142,2.56552,0.47777,2.02204
2025-10-28#t246w0,2025-10-28,Ms. Scott-Wallace,162,1.0,191,2.52721,0.01095,1.96179
2025-10-28#t247w0,2025-10-28,Hon. Mr. Finnigan,135,0.0,170,2.61182,-0.01639,2.01385
2025-10-28#t248w0,2025-10-28,Ms. Scott-Wallace,166,1.0,204,2.79772,-1.04991,2.01283
2025-10-28#t249w0,2025-10-28,Hon. Mr. Finnigan,141,0.0,177,2.61427,0.72326,2.05908
2025-10-28#t250w0,2025-10-28,Mr. M. LeBlanc,93,1.0,120,2.56083,0.17271,2.03887
2025-10-28#t252w0,2025-10-28,Madam Speaker,119,1.0,152,2.83581,-0.1553,2.01555
2025-10-28#t254w0,2025-10-28,Mr. Savoie,56,1.0,74,2.37166,2.40163,2.1916
2025-10-28#t256w0,2025-10-28,Madam Speaker,52,1.0,65,2.88823,1.50161,2.09044
2025-10-28#t262w0,2025-10-28,Hon. Mr. McKee,185,0.632,220,2.05819,0.52558,2.27092
2025-10-28#t263w0,2025-10-28,Mr. Weir,177,1.0,229,2.25917,-0.59255,2.15918
2025-10-28#t264w0,2025-10-28,Mr. Coon,160,1.0,202,2.22613,0.85602,2.11952
2025-10-28#t265w0,2025-10-28,Hon. Mr. D’Amours,236,0.716,295,2.24715,-0.96056,2.10591
2025-10-28#t266w0,2025-10-28,Mr. Cullins,307,1.0,386,2.31826,-0.17219,2.05033
2025-10-28#t267w0,2025-10-28,Mr. Coon,276,0.848,346,2.36757,0.60178,2.0858
2025-10-28#t268w0,2025-10-28,Hon. C. Johnson,141,0.504,182,2.1228,0.91702,2.17035
2025-10-28#t269w0,2025-10-28,Mr. Lee,110,1.0,141,2.76497,-0.94899,2.05242
2025-10-28#t270w0,2025-10-28,Ms. Mitton,148,0.311,204,2.44982,0.28401,2.01558
2025-10-28#t271w0,2025-10-28,Hon. C. Johnson,76,0.211,94,2.60071,0.4486,2.02607
2025-10-28#t272w0,2025-10-28,Hon. Mr. D’Amours,328,0.503,419,2.06164,-0.95182,2.04234
2025-10-28#t272w1,2025-10-28,Hon. Mr. D’Amours,151,0.391,183,2.42524,0.07398,1.99882
2025-10-28#t273w0,2025-10-28,Hon. Mr. McKee,116,0.655,144,2.38518,-0.74159,2.17195
2025-10-28#t274w0,2025-10-28,Mr. M. LeBlanc,250,1.0,307,2.57492,-1.33473,2.00518
2025-10-28#t274w1,2025-10-28,Mr. M. LeBlanc,320,1.0,379,2.56232,0.10349,1.99719
2025-10-28#t275w0,2025-10-28,Mr. Coon,325,1.0,393,2.08104,0.64501,2.15392
2025-10-28#t275w1,2025-10-28,Mr. Coon,322,1.0,374,2.5732,0.31256,2.01822
2025-10-28#t275w2,2025-10-28,Mr. Coon,103,1.0,125,3.22974,-2.45516,1.94767
2025-10-28#t278w0,2025-10-28,Mr. Monahan,359,0.657,445,2.26922,0.91639,2.1059
2025-10-28#t278w1,2025-10-28,Mr. Monahan,314,0.478,386,2.58651,-0.28707,2.00954
2025-10-28#t278w2,2025-10-28,Mr. Monahan,345,0.507,414,3.03025,0.0683,1.94651
2025-10-28#t278w3,2025-10-28,Mr. Monahan,302,0.609,356,2.91594,0.69438,2.03097
2025-10-28#t278w4,2025-10-28,Mr. Monahan,348,0.802,424,2.53615,-0.64447,2.04882
2025-10-28#t278w5,2025-10-28,Mr. Monahan,331,0.456,395,2.859,0.43805,1.93454
2025-10-28#t278w6,2025-10-28,Mr. Monahan,360,0.269,441,2.59469,1.02821,2.03195
2025-10-28#t278w7,2025-10-28,Mr. Monahan,357,0.65,432,2.62329,1.73063,2.03976
2025-10-28#t278w8,2025-10-28,Mr. Monahan,357,0.815,451,2.43294,1.03645,2.03415
2025-10-28#t279w0,2025-10-28,Ms. Mitton,330,0.897,408,2.46925,-0.3398,2.09674
2025-10-28#t279w1,2025-10-28,Ms. Mitton,342,1.0,434,2.36,0.75944,2.07235
2025-10-28#t279w2,2025-10-28,Ms. Mitton,67,1.0,78,3.17123,1.27173,1.90891
2025-10-28#t280w0,2025-10-28,Mr. Lee,352,1.0,433,2.90298,0.37574,2.00627
2025-10-28#t280w1,2025-10-28,Mr. Lee,160,1.0,202,3.13317,0.1419,1.89416
2025-10-28#t280w2,2025-10-28,Mr. Lee,281,1.0,352,3.0472,-0.57086,1.9394
2025-10-28#t280w3,2025-10-28,Mr. Lee,338,1.0,409,2.38565,2.35079,2.07165
2025-10-28#t280w4,2025-10-28,Mr. Lee,342,1.0,427,2.54407,0.83961,1.95943
2025-10-28#t280w5,2025-10-28,Mr. Lee,233,1.0,309,2.67572,0.44585,1.98738
2025-10-28#t280w6,2025-10-28,Mr. Lee,285,1.0,367,2.40357,0.8084,2.0876
2025-10-28#t280w7,2025-10-28,Mr. Lee,320,1.0,399,2.81559,0.53024,1.92765
2025-10-28#t280w8,2025-10-28,Mr. Lee,318,1.0,392,2.78403,0.62592,1.99739
2025-10-28#t280w9,2025-10-28,Mr. Lee,317,1.0,402,3.04217,0.05829,1.91954
2025-10-28#t280w10,2025-10-28,Mr. Lee,320,1.0,401,2.58332,0.45548,1.99463
2025-10-28#t280w11,2025-10-28,Mr. Lee,319,1.0,388,2.82766,1.02553,1.96398
2025-10-28#t280w12,2025-10-28,Mr. Lee,303,1.0,363,2.56981,1.29387,2.03239
2025-10-28#t280w13,2025-10-28,Mr. Lee,360,1.0,470,2.67218,0.23824,1.98426
2025-10-28#t280w14,2025-10-28,Mr. Lee,102,0.471,133,2.62821,-0.73901,2.02374
2025-10-28#t282w0,2025-10-28,Ms. Mitton,260,0.981,324,2.26567,0.31413,2.03331
2025-10-28#t282w1,2025-10-28,Ms. Mitton,315,0.8,381,2.41092,-0.48543,2.14622
2025-10-28#t282w2,2025-10-28,Ms. Mitton,345,1.0,416,2.27041,1.45931,2.06397
2025-10-28#t282w3,2025-10-28,Ms. Mitton,283,1.0,337,2.51395,0.75585,2.10622
2025-10-28#t282w4,2025-10-28,Ms. Mitton,348,0.727,414,2.4763,0.99358,2.10598
2025-10-28#t282w5,2025-10-28,Ms. Mitton,320,0.412,403,2.51045,0.05365,2.04651
2025-10-28#t282w6,2025-10-28,Ms. Mitton,324,1.0,400,2.55761,0.54049,2.08099
2025-10-28#t282w7,2025-10-28,Ms. Mitton,346,1.0,428,2.50763,0.84127,2.0673
2025-10-28#t282w8,2025-10-28,Ms. Mitton,342,1.0,424,2.77234,-0.13214,1.98081
2025-10-28#t282w9,2025-10-28,Ms. Mitton,282,1.0,345,2.65624,0.63182,1.98262
2025-10-28#t282w10,2025-10-28,Ms. Mitton,320,1.0,393,2.62938,-1.50223,2.051
2025-10-28#t282w11,2025-10-28,Ms. Mitton,255,1.0,316,2.34604,0.68229,2.10239
2025-10-28#t282w12,2025-10-28,Ms. Mitton,359,0.63,425,2.55036,1.45674,2.10468
2025-10-28#t282w13,2025-10-28,Ms. Mitton,271,1.0,309,2.63572,0.54273,2.05584
2025-10-28#t282w14,2025-10-28,Ms. Mitton,173,0.936,215,2.82244,-1.00459,1.96171
2025-10-28#t284w0,2025-10-28,Hon. Mr. Gauvin,109,0.0,148,2.59734,-0.59376,1.96756
2025-10-28#t286w0,2025-10-28,Mr. Bourque,328,0.0,415,2.38054,1.91517,2.06476
2025-10-28#t286w1,2025-10-28,Mr. Bourque,276,0.312,350,2.49103,-0.17798,2.02777
2025-10-28#t286w2,2025-10-28,Mr. Bourque,346,0.0,428,2.38795,0.69288,2.08768
2025-10-28#t286w3,2025-10-28,Mr. Bourque,270,0.0,320,2.46032,1.83966,2.13023
2025-10-28#t286w4,2025-10-28,Mr. Bourque,359,0.0,418,2.67121,0.85497,2.00312
2025-10-28#t286w5,2025-10-28,Mr. Bourque,290,0.069,356,2.68803,-0.14134,2.02615
2025-10-28#t286w6,2025-10-28,Mr. Bourque,282,0.0,348,2.60314,-0.47905,2.09624
2025-10-28#t286w7,2025-10-28,Mr. Bourque,290,0.0,357,2.72635,0.14065,2.02835
2025-10-28#t286w8,2025-10-28,Mr. Bourque,284,0.0,353,2.57897,-0.62742,2.02484
2025-10-28#t286w9,2025-10-28,Mr. Bourque,360,0.0,438,2.79966,-1.48386,1.99614
2025-10-28#t286w10,2025-10-28,Mr. Bourque,333,0.0,434,2.33111,2.15569,2.12409
2025-10-28#t286w11,2025-10-28,Mr. Bourque,333,0.0,400,2.51347,0.62769,2.08609
2025-10-28#t286w12,2025-10-28,Mr. Bourque,321,0.0,389,2.65422,1.70639,2.0549
2025-10-28#t286w13,2025-10-28,Mr. Bourque,307,0.0,371,2.58016,1.79689,2.04135
2025-10-28#t286w14,2025-10-28,Mr. Bourque,124,0.0,149,2.50725,1.00291,2.13346
2025-10-28#t288w0,2025-10-28,Ms. Conroy,280,1.0,340,2.14684,0.31074,2.15487
2025-10-28#t288w1,2025-10-28,Ms. Conroy,273,1.0,354,2.14797,0.92804,2.13448
2025-10-28#t288w2,2025-10-28,Ms. Conroy,326,1.0,413,2.53751,0.78584,2.00505
2025-10-28#t288w3,2025-10-28,Ms. Conroy,252,1.0,308,2.37142,1.28654,2.09104
2025-10-28#t288w4,2025-10-28,Ms. Conroy,359,1.0,437,2.3529,0.32153,2.08069
2025-10-28#t288w5,2025-10-28,Ms. Conroy,124,1.0,151,2.62445,1.25167,2.01751
2025-10-28#t289w0,2025-10-28,Ms. Conroy,357,1.0,445,2.58403,0.28788,2.05268
2025-10-28#t289w1,2025-10-28,Ms. Conroy,305,1.0,355,2.43737,1.56543,2.12892
2025-10-28#t289w2,2025-10-28,Ms. Conroy,343,1.0,413,2.65423,1.07429,2.00911
2025-10-28#t289w3,2025-10-28,Ms. Conroy,261,1.0,314,2.5586,-1.12064,2.02278
2025-10-28#t289w4,2025-10-28,Ms. Conroy,349,1.0,435,2.42587,-0.57941,2.05511
2025-10-28#t289w5,2025-10-28,Ms. Conroy,230,1.0,279,2.53826,0.88407,2.0886
2025-10-28#t291w0,2025-10-28,Ms. Conroy,111,1.0,149,2.54753,1.60203,1.98445
2025-10-28#t292w0,2025-10-28,Ms. Conroy,242,1.0,296,2.82492,-0.1626,1.96911
2025-10-28#t293w0,2025-10-28,Ms. Conroy,304,1.0,359,2.44614,1.48057,2.09644
2025-10-28#t296w0,2025-10-28,Mr. Deputy Speaker,72,1.0,88,2.63441,0.15449,2.00525
2025-10-28#t297w0,2025-10-28,Ms. Conroy,317,1.0,378,2.76438,-0.2008,2.00049
2025-10-28#t297w1,2025-10-28,Ms. Conroy,271,1.0,337,2.74478,-1.72599,1.96684
2025-10-28#t297w2,2025-10-28,Ms. Conroy,297,1.0,358,2.45703,1.89665,2.11515
2025-10-28#t297w3,2025-10-28,Ms. Conroy,342,1.0,431,2.83164,-0.66356,1.96621
2025-10-28#t298w0,2025-10-28,,348,1.0,427,2.82768,0.34148,1.97642
2025-10-28#t298w1,2025-10-28,,294,1.0,350,2.78053,-1.00417,1.99545
2025-10-28#t298w2,2025-10-28,,187,1.0,241,2.37378,0.85319,2.06434
2025-10-28#t299w0,2025-10-28,Ms. Wilcott,284,1.0,370,2.69747,-1.1641,2.01805
2025-10-28#t299w1,2025-10-28,Ms. Wilcott,300,1.0,356,2.49949,0.41096,2.10503
2025-10-28#t299w2,2025-10-28,Ms. Wilcott,345,1.0,459,2.77484,0.20584,1.98532
2025-10-28#t299w3,2025-10-28,Ms. Wilcott,351,1.0,445,2.68775,0.77839,1.99429
2025-10-28#t299w4,2025-10-28,Ms. Wilcott,304,1.0,379,2.65764,-0.24455,2.01502
2025-10-28#t299w5,2025-10-28,Ms. Wilcott,315,1.0,385,2.65467,-0.22695,2.03976
2025-10-28#t299w6,2025-10-28,Ms. Wilcott,215,1.0,285,2.84287,-0.47276,2.01693
2025-10-28#t300w0,2025-10-28,Ms. Bockus,336,1.0,431,2.50038,-0.66436,2.0627
2025-10-28#t300w1,2025-10-28,Ms. Bockus,89,1.0,119,3.42146,-1.15191,1.84619
2025-10-28#t301w0,2025-10-28,Ms. Bockus,341,1.0,448,2.86418,-0.37031,1.88547
2025-10-28#t301w1,2025-10-28,Ms. Bockus,146,1.0,187,2.42134,1.0868,1.9537
2025-10-29#t304w0,2025-10-29,Mr. Weir,173,1.0,220,2.37089,-0.87636,2.07484
2025-10-29#t305w0,2025-10-29,Ms. M. Johnson,222,1.0,283,1.91566,2.84169,2.25479
2025-10-29#t306w0,2025-10-29,Mr. Johnston,100,0.0,130,2.55463,-1.13565,2.06855
2025-10-29#t307w0,2025-10-29,Ms. Conroy,161,1.0,214,2.20947,1.50795,2.08908
2025-10-29#t308w0,2025-10-29,Mr. Coon,147,0.973,196,2.32587,-0.52432,1.90711
2025-10-29#t309w0,2025-10-29,Ms. Vautour,148,0.0,193,2.66908,-1.51485,2.01143
2025-10-29#t310w0,2025-10-29,Mr. Russell,132,1.0,178,2.7379,-0.07017,1.90258
2025-10-29#t311w0,2025-10-29,Ms. Mitton,116,0.0,146,3.04766,-1.49861,1.8903
2025-10-29#t312w0,2025-10-29,Hon. Mr. Herron,166,1.0,221,2.31026,-1.48241,1.97283
2025-10-29#t313w0,2025-10-29,Mr. Robichaud,146,0.349,173,2.3012,1.21224,2.09825
2025-10-29#t315w0,2025-10-29,Mr. Savoie,89,0.775,110,2.38553,0.34797,2.1676
2025-10-29#t316w0,2025-10-29,Hon. Mr. Gauvin,90,0.0,113,2.50071,0.53406,2.08404
2025-10-29#t318w0,2025-10-29,Mr. Russell,117,1.0,148,3.40597,-2.36044,1.81437
2025-10-29#t319w0,2025-10-29,Mr. Coon,187,1.0,232,2.49943,0.04921,2.10966
2025-10-29#t320w0,2025-10-29,Ms. Wilcott,163,1.0,196,2.52192,-0.64919,2.08292
2025-10-29#t321w0,2025-10-29,Mr. Oliver,120,1.0,154,2.98628,-1.87769,1.88601
2025-10-29#t322w0,2025-10-29,Mr. Mallet,166,0.0,189,2.41112,0.23912,2.05688
2025-10-29#t323w0,2025-10-29,Ms. Scott-Wallace,151,1.0,187,2.71322,0.29908,1.95828
2025-10-29#t324w0,2025-10-29,Mr. M. LeBlanc,166,1.0,197,2.06725,0.54367,2.22216
2025-10-29#t325w0,2025-10-29,Mr. Cullins,156,1.0,193,2.46576,0.59173,2.01028
2025-10-29#t326w0,2025-10-29,Mr. Robichaud,176,0.239,217,2.47149,0.35365,2.07639
2025-10-29#t327w0,2025-10-29,Ms. S. Wilson,142,1.0,189,2.20577,0.64507,2.05159
2025-10-29#t329w0,2025-10-29,Mr. Austin,197,1.0,235,2.59881,-0.62874,2.0666
2025-10-29#t330w0,2025-10-29,Hon. Mr. McKee,110,1.0,138,2.61089,-0.40974,2.08174
2025-10-29#t331w0,2025-10-29,Mr. Savoie,114,1.0,142,2.45766,0.80604,2.04461
2025-10-29#t332w0,2025-10-29,Hon. Mr. McKee,145,1.0,182,2.74509,-1.37507,1.98331
2025-10-29#t333w0,2025-10-29,Mr. Savoie,88,1.0,107,2.82382,0.13439,1.94292
2025-10-29#t334w0,2025-10-29,Hon. Mr. McKee,175,1.0,207,2.66571,-0.40605,2.02938
2025-10-29#t335w0,2025-10-29,Mr. Savoie,172,1.0,214,2.5144,0.76028,2.01669
2025-10-29#t336w0,2025-10-29,Hon. C. Johnson,112,1.0,149,2.68138,-1.35481,2.01448
2025-10-29#t337w0,2025-10-29,Mr. Savoie,206,1.0,269,2.26341,2.19061,2.11268
2025-10-29#t338w0,2025-10-29,Hon. C. Johnson,80,1.0,104,2.87975,-0.46554,2.00391
2025-10-29#t339w0,2025-10-29,Mr. Savoie,153,1.0,191,2.38576,0.80228,2.19742
2025-10-29#t340w0,2025-10-29,Hon. C. Johnson,105,0.0,119,2.70407,-0.32321,2.08299
2025-10-29#t341w0,2025-10-29,Mr. Weir,117,1.0,140,2.69164,-0.47263,1.94431
2025-10-29#t342w0,2025-10-29,Hon. M. McKee,173,0.965,206,2.89679,0.49133,1.95038
2025-10-29#t343w0,2025-10-29,Mr. Weir,156,1.0,188,2.82521,-0.12898,2.0075
2025-10-29#t344w0,2025-10-29,Hon. Mr. McKee,153,1.0,189,2.44211,0.51991,2.14022
2025-10-29#t345w0,2025-10-29,Mr. Weir,183,1.0,227,3.09766,-1.69171,1.97519
2025-10-29#t346w0,2025-10-29,Hon. Mr. McKee,174,1.0,207,2.51686,0.39439,2.14074
2025-10-29#t347w0,2025-10-29,Mr. Ames,126,1.0,152,2.6619,-1.38123,2.02297
2025-10-29#t348w0,2025-10-29,Hon. Mr. Gauvin,176,0.0,209,2.66821,-0.08531,2.01136
2025-10-29#t349w0,2025-10-29,Mr. Ames,63,1.0,92,2.49291,-0.36223,1.97507
2025-10-29#t350w0,2025-10-29,Hon. Mr. Gauvin,106,0.0,134,2.67165,0.16119,1.95485
2025-10-29#t351w0,2025-10-29,Hon. Mr. Gauvin,75,0.0,86,3.37159,-0.05626,1.88034
2025-10-29#t352w0,2025-10-29,Mr. Ames,61,1.0,86,2.82523,-0.73071,1.94006
2025-10-29#t353w0,2025-10-29,Hon. Mr. Gauvin,231,0.0,284,2.2709,0.78757,2.17974
2025-10-29#t354w0,2025-10-29,Ms. Mitton,141,1.0,184,3.30217,-1.32578,1.88151
2025-10-29#t355w0,2025-10-29,Hon. Mr. LePage,129,0.0,151,2.96401,-1.89378,1.94504
2025-10-29#t356w0,2025-10-29,Ms. Mitton,144,1.0,168,3.14894,-1.3793,1.96943
2025-10-29#t357w0,2025-10-29,Hon. Mr. LePage,138,0.0,172,2.87157,-0.80709,1.94653
2025-10-29#t358w0,2025-10-29,Ms. Mitton,168,1.0,207,2.70968,-0.29967,1.99748
2025-10-29#t359w0,2025-10-29,Hon. Mr. LePage,132,0.0,161,2.43802,-0.29008,2.08043
2025-10-29#t360w0,2025-10-29,Mr. Monahan,154,1.0,176,2.81676,-0.84918,2.08568
2025-10-29#t361w0,2025-10-29,Hon. C. Johnson,108,0.0,118,2.28009,1.73246,2.20712
2025-10-29#t363w0,2025-10-29,Ms. M. Johnson,66,1.0,81,2.603,-0.06799,2.01435
2025-10-29#t365w0,2025-10-29,Hon. K. Chiasson,154,0.0,199,2.52096,0.33406,1.99873
2025-10-29#t366w0,2025-10-29,Ms. Conroy,100,1.0,123,2.69315,-0.21486,1.95662
2025-10-29#t367w0,2025-10-29,Mr. Coon,139,0.971,162,2.78948,0.0374,2.00974
2025-10-29#t368w0,2025-10-29,Hon. Mr. Herron,192,1.0,235,2.54196,0.57954,2.03099
2025-10-29#t369w0,2025-10-29,Mr. Austin,243,1.0,297,2.37217,0.78514,2.09477
2025-10-29#t370w0,2025-10-29,Mr. Coon,225,1.0,288,2.49566,1.46779,2.04212
2025-10-29#t371w0,2025-10-29,Hon. Mr. D’Amours,199,0.709,260,2.04525,0.98611,2.14577
2025-10-29#t372w0,2025-10-29,Mr. Cullins,191,1.0,250,2.34983,-0.63059,2.17168
2025-10-29#t373w0,2025-10-29,Ms. Mitton,148,0.953,204,2.06341,0.9865,2.17465
2025-10-29#t374w0,2025-10-29,Madam Speaker,68,0.0,88,2.75924,0.79564,1.96742
2025-10-29#t375w0,2025-10-29,Ms. M. Johnson,89,1.0,119,2.41924,-0.90765,1.90898
2025-10-29#t376w0,2025-10-29,Mr. M. LeBlanc,87,1.0,119,2.11655,-0.259,2.20884
2025-10-29#t377w0,2025-10-29,Madam Speaker,290,1.0,381,2.6151,-0.6111,1.97774
2025-10-29#t377w1,2025-10-29,Madam Speaker,343,1.0,423,2.75267,-0.7336,2.01776
2025-10-29#t377w2,2025-10-29,Madam Speaker,353,1.0,415,2.79037,0.47511,1.99025
2025-10-29#t377w3,2025-10-29,Madam Speaker,331,1.0,382,2.59409,2.03546,1.99992
2025-10-29#t377w4,2025-10-29,Madam Speaker,76,1.0,92,2.53043,0.6629,2.05034
2025-10-29#t378w0,2025-10-29,Mr. M. LeBlanc,307,0.0,403,2.33558,-1.36212,2.04764
2025-10-29#t378w1,2025-10-29,Mr. M. LeBlanc,283,0.0,346,2.31734,0.30086,2.08839
2025-10-29#t378w2,2025-10-29,Mr. M. LeBlanc,311,0.322,390,2.1138,0.72757,2.06942
2025-10-29#t378w3,2025-10-29,Mr. M. LeBlanc,309,0.537,387,2.59991,-1.26501,1.98641
2025-10-29#t378w4,2025-10-29,Mr. M. LeBlanc,334,0.659,404,2.71581,-1.22338,2.00395
2025-10-29#t378w5,2025-10-29,Mr. M. LeBlanc,351,0.202,436,2.4201,-0.85094,2.03228
2025-10-29#t378w6,2025-10-29,Mr. M. LeBlanc,299,0.753,366,2.44497,-0.29858,2.06472
2025-10-29#t378w7,2025-10-29,Mr. M. LeBlanc,351,0.712,443,2.55905,0.15552,2.01964
2025-10-29#t378w8,2025-10-29,Mr. M. LeBlanc,340,0.706,426,2.19544,1.05832,2.13204
2025-10-29#t378w9,2025-10-29,Mr. M. LeBlanc,316,1.0,362,2.57275,0.91876,2.07053
2025-10-29#t378w10,2025-10-29,Mr. M. LeBlanc,293,0.778,328,2.64043,-0.61158,2.06074
2025-10-29#t379w0,2025-10-29,Mr. M. LeBlanc,326,1.0,387,2.64732,-0.21465,2.06728
2025-10-29#t379w1,2025-10-29,Mr. M. LeBlanc,350,0.874,426,2.47071,-0.34024,2.0959
2025-10-29#t379w2,2025-10-29,Mr. M. LeBlanc,90,1.0,102,2.96121,-0.5253,1.95278
2025-10-29#t382w0,2025-10-29,Mr. M. LeBlanc,157,1.0,193,3.07527,-0.44856,1.95232
2025-10-29#t383w0,2025-10-29,Mr. M. LeBlanc,71,1.0,87,3.03042,-0.64208,2.09358
2025-10-29#t385w0,2025-10-29,Mr. M. LeBlanc,247,0.551,309,2.63918,-0.06887,1.98527
2025-10-29#t387w0,2025-10-29,Mr. M. LeBlanc,324,1.0,411,2.39275,-0.04044,2.06323
2025-10-29#t387w1,2025-10-29,Mr. M. LeBlanc,112,1.0,135,2.18115,0.39273,2.09106
2025-10-29#t394w0,2025-10-29,Mr. Johnston,189,1.0,256,2.32608,0.40587,2.05716
2025-10-29#t396w0,2025-10-29,Ms. M. Johnson,330,1.0,432,2.16202,0.03422,2.15909
2025-10-29#t396w1,2025-10-29,Ms. M. Johnson,322,1.0,418,2.59809,0.40732,2.00312
2025-10-29#t396w2,2025-10-29,Ms. M. Johnson,306,1.0,358,2.8446,-0.01483,1.95635
2025-10-29#t396w3,2025-10-29,Ms. M. Johnson,351,1.0,429,2.84512,-0.30138,1.99024
2025-10-29#t396w4,2025-10-29,Ms. M. Johnson,290,1.0,365,2.81744,-0.05347,1.9753
2025-10-29#t396w5,2025-10-29,Ms. M. Johnson,354,1.0,446,3.2436,-1.23733,1.89693
2025-10-29#t396w6,2025-10-29,Ms. M. Johnson,297,1.0,400,2.90728,-0.56633,1.939
2025-10-29#t396w7,2025-10-29,Ms. M. Johnson,252,1.0,302,2.8957,0.67579,1.98001
2025-10-29#t396w8,2025-10-29,Ms. M. Johnson,346,1.0,411,2.98805,-0.37867,1.96126
2025-10-29#t396w9,2025-10-29,Ms. M. Johnson,254,1.0,327,2.65962,-0.57097,1.972
2025-10-29#t396w10,2025-10-29,Ms. M. Johnson,337,1.0,432,2.8356,-0.20187,1.96407
2025-10-29#t397w0,2025-10-29,Mr. J. LeBlanc,338,0.0,411,2.61949,-0.86578,2.08468
2025-10-29#t397w1,2025-10-29,Mr. J. LeBlanc,294,0.163,351,2.68376,-0.5087,2.07493
2025-10-29#t397w2,2025-10-29,Mr. J. LeBlanc,305,0.311,385,2.47359,0.80225,2.14854
2025-10-29#t397w3,2025-10-29,Mr. J. LeBlanc,349,0.504,435,2.50285,2.02591,2.13956
2025-10-29#t397w4,2025-10-29,Mr. J. LeBlanc,244,0.0,291,2.39856,0.25352,2.1382
2025-10-29#t397w5,2025-10-29,Mr. J. LeBlanc,348,0.471,425,2.85184,0.90775,2.04342
2025-10-29#t397w6,2025-10-29,Mr. J. LeBlanc,306,0.435,362,2.85873,-0.20815,1.98531
2025-10-29#t397w7,2025-10-29,Mr. J. LeBlanc,313,0.776,393,2.70421,0.24928,2.02781
2025-10-29#t397w8,2025-10-29,Mr. J. LeBlanc,318,0.56,394,2.67748,0.58941,2.01697
2025-10-29#t397w9,2025-10-29,Mr. J. LeBlanc,352,0.111,417,2.69216,-0.03343,2.00858
2025-10-29#t397w10,2025-10-29,Mr. J. LeBlanc,303,0.0,359,2.81882,-0.68283,1.99845
2025-10-29#t397w11,2025-10-29,Mr. J. LeBlanc,282,0.0,320,2.75598,0.51148,2.07433
2025-10-29#t397w12,2025-10-29,Mr. J. LeBlanc,257,0.311,309,2.86866,-1.38369,2.01736
2025-10-29#t397w13,2025-10-29,Mr. J. LeBlanc,299,0.421,368,2.6673,1.23326,2.04958
2025-10-29#t397w14,2025-10-29,Mr. J. LeBlanc,330,0.0,415,2.81662,-1.32592,1.97992
2025-10-29#t397w15,2025-10-29,Mr. J. LeBlanc,346,0.373,419,2.5743,0.28567,2.06474
2025-10-29#t399w0,2025-10-29,Mr. Cullins,56,1.0,78,2.7403,-1.23527,2.07794
2025-10-29#t400w0,2025-10-29,Mr. Cullins,334,1.0,420,2.19388,0.83173,2.10563
2025-10-29#t400w1,2025-10-29,Mr. Cullins,318,1.0,391,2.32203,0.58887,2.08526
2025-10-29#t400w2,2025-10-29,Mr. Cullins,250,1.0,327,2.49904,-0.31425,2.00959
2025-10-29#t400w3,2025-10-29,Mr. Cullins,264,1.0,309,2.5552,0.47421,2.11623
2025-10-29#t400w4,2025-10-29,Mr. Cullins,281,1.0,368,2.60718,1.20636,2.01264
2025-10-29#t400w5,2025-10-29,Mr. Cullins,350,1.0,455,2.56715,-0.90551,1.99039
2025-10-29#t400w6,2025-10-29,Mr. Cullins,357,1.0,448,2.90024,-0.81348,1.96779
2025-10-29#t400w7,2025-10-29,Mr. Cullins,54,1.0,72,2.67769,-0.88732,1.91139
2025-10-29#t401w0,2025-10-29,,325,1.0,411,2.67133,0.33887,2.01327
2025-10-29#t401w1,2025-10-29,,349,1.0,458,2.64982,0.22156,1.95786
2025-10-29#t401w2,2025-10-29,,131,1.0,172,2.79729,-1.14172,1.95724
2025-10-29#t403w0,2025-10-29,Madam Speaker,344,0.547,402,2.43733,1.14261,2.08938
2025-10-29#t403w1,2025-10-29,Madam Speaker,344,0.558,389,2.59474,0.07989,2.08114
2025-10-29#t403w2,2025-10-29,Madam Speaker,201,0.726,235,2.55361,0.3251,2.05393
2025-10-29#t404w0,2025-10-29,Mr. Lee,195,1.0,231,2.70174,-0.70245,2.09336
2025-10-29#t404w1,2025-10-29,Mr. Lee,187,1.0,225,2.99951,-1.29062,1.95762
2025-10-29#t404w2,2025-10-29,Mr. Lee,247,1.0,300,2.40121,1.28615,2.16302
2025-10-29#t404w3,2025-10-29,Mr. Lee,315,1.0,379,2.79563,0.27263,1.97714
2025-10-29#t404w4,2025-10-29,Mr. Lee,355,1.0,429,2.89992,-0.4798,1.96905
2025-10-29#t404w5,2025-10-29,Mr. Lee,350,1.0,419,3.2329,0.0199,1.87756
2025-10-29#t404w6,2025-10-29,Mr. Lee,101,1.0,130,2.74919,-0.06247,2.05936
2025-10-29#t405w0,2025-10-29,Ms. Mitton,335,0.866,393,2.64065,-0.29948,2.07962
2025-10-29#t405w1,2025-10-29,Ms. Mitton,313,0.495,398,2.20525,1.76055,2.17193
2025-10-29#t405w2,2025-10-29,Ms. Mitton,359,0.437,408,2.07561,1.82001,2.17273
2025-10-29#t406w0,2025-10-29,Ms. M. Wilson,332,1.0,390,2.35058,0.19489,2.07869
2025-10-29#t406w1,2025-10-29,Ms. M. Wilson,289,1.0,375,2.55749,-0.12678,1.96163
2025-10-29#t406w2,2025-10-29,Ms. M. Wilson,305,1.0,394,2.73649,0.42011,1.95186
2025-10-29#t406w3,2025-10-29,Ms. M. Wilson,334,1.0,414,2.70181,0.39433,2.02184
2025-10-29#t406w4,2025-10-29,Ms. M. Wilson,356,1.0,445,2.60719,0.83811,1.99748
2025-10-29#t407w0,2025-10-29,Mr. Coon,346,0.887,415,2.38183,-0.45115,2.14546
2025-10-29#t407w1,2025-10-29,Mr. Coon,328,1.0,403,2.38177,0.19093,2.16438
2025-10-29#t407w2,2025-10-29,Mr. Coon,359,0.518,428,2.33342,1.24558,2.09096
2025-10-29#t407w3,2025-10-29,Mr. Coon,194,0.345,235,2.14726,1.03225,2.16382
2025-10-29#t408w0,2025-10-29,Mr. Ames,350,1.0,437,2.56873,0.86852,2.06646
2025-10-29#t408w1,2025-10-29,Mr. Ames,281,1.0,327,2.3735,1.29003,2.06404
2025-10-29#t409w0,2025-10-29,Mr. Coon,319,0.987,417,2.64008,-0.87374,2.03276
2025-10-29#t409w1,2025-10-29,Mr. Coon,315,1.0,397,2.59624,0.20372,2.05367
2025-10-29#t411w0,2025-10-29,Mr. Austin,328,1.0,414,2.37257,1.09985,2.10691
2025-10-29#t411w1,2025-10-29,Mr. Austin,246,1.0,287,2.80101,0.46342,2.01301
2025-10-29#t411w2,2025-10-29,Mr. Austin,318,1.0,380,2.36443,1.6039,2.15997
2025-10-29#t411w3,2025-10-29,Mr. Austin,311,0.415,379,2.14858,1.38527,2.20043
2025-10-29#t411w4,2025-10-29,Mr. Austin,351,0.519,409,2.48854,0.35401,2.1972
2025-10-29#t411w5,2025-10-29,Mr. Austin,267,0.581,323,2.4428,0.33125,2.08612
2025-10-29#t412w0,2025-10-29,Mr. Oliver,328,1.0,410,2.42902,-0.75692,2.04319
2025-10-29#t412w1,2025-10-29,Mr. Oliver,322,1.0,411,2.65509,0.64814,1.97824
2025-10-29#t412w2,2025-10-29,Mr. Oliver,270,1.0,321,2.32523,1.3112,2.06
2025-10-29#t413w0,2025-10-29,Mr. Coon,359,1.0,420,2.27851,0.05272,2.11211
2025-10-30#t415w0,2025-10-30,Hon. Mr. Herron,77,1.0,89,2.77406,-0.23773,2.00761
2025-10-30#t416w0,2025-10-30,Hon. Mr. Herron,336,1.0,392,2.25369,2.03349,2.13755
2025-10-30#t416w1,2025-10-30,Hon. Mr. Herron,122,1.0,153,3.00071,-0.73771,1.87888
2025-10-30#t417w0,2025-10-30,Mr. Savoie,225,0.973,264,2.5778,-0.49918,2.03062
2025-10-30#t418w0,2025-10-30,Mr. Coon,91,0.956,103,2.55887,-0.24728,2.06089
2025-10-30#t419w0,2025-10-30,Mr. Coon,93,1.0,117,3.13289,-0.44931,1.98532
2025-10-30#t420w0,2025-10-30,Ms. Conroy,287,1.0,351,2.77903,-0.63349,1.99791
2025-10-30#t420w1,2025-10-30,Ms. Conroy,82,1.0,103,2.70798,-0.71029,1.99652
2025-10-30#t421w0,2025-10-30,Mr. Johnston,184,0.663,250,2.69925,-1.55638,1.97799
2025-10-30#t423w0,2025-10-30,Hon. Ms. Holt,336,1.0,413,2.3129,-0.4542,2.18122
2025-10-30#t423w1,2025-10-30,Hon. Ms. Holt,260,1.0,316,2.38321,0.26164,2.09561
2025-10-30#t425w0,2025-10-30,Mr. Lee,330,1.0,432,2.57442,-0.82434,2.07745
2025-10-30#t426w0,2025-10-30,Hon. Ms. Thériault,195,0.0,304,2.25468,1.25607,1.98987
2025-10-30#t427w0,2025-10-30,Ms. M. Johnson,230,1.0,282,1.97128,2.80119,2.20964
2025-10-30#t428w0,2025-10-30,Mr. Oliver,180,1.0,222,2.52509,0.5623,2.03059
2025-10-30#t430w0,2025-10-30,Ms. Sodhi,176,1.0,217,1.61698,3.4151,2.40461
2025-10-30#t431w0,2025-10-30,Ms. Scott-Wallace,158,1.0,192,2.63075,-0.9286,2.03141
2025-10-30#t432w0,2025-10-30,Mr. Coon,141,1.0,173,2.43775,0.90553,1.93019
2025-10-30#t433w0,2025-10-30,Hon. C. Johnson,136,0.0,183,2.45415,0.60421,2.08089
2025-10-30#t434w0,2025-10-30,Ms. Mitton,126,0.976,155,2.7056,-1.3844,2.00174
2025-10-30#t435w0,2025-10-30,Ms. M. Wilson,135,1.0,163,2.49708,-0.24831,2.0112
2025-10-30#t436w0,2025-10-30,Ms. Mitton,154,1.0,198,2.63774,-1.0373,2.00508
2025-10-30#t437w0,2025-10-30,Mr. Johnston,167,0.898,219,2.63374,-0.56099,2.05228
2025-10-30#t438w0,2025-10-30,Mr. Hogan,146,1.0,188,2.15849,0.49008,2.07426
2025-10-30#t439w0,2025-10-30,Mr. Arseneault,146,0.637,188,2.572,-1.60493,2.0265
2025-10-30#t440w0,2025-10-30,Mr. Ames,117,1.0,149,2.46649,-0.76661,2.02977
2025-10-30#t441w0,2025-10-30,Ms. Sodhi,148,1.0,186,2.28783,-0.24705,2.09227
2025-10-30#t442w0,2025-10-30,Ms. M. Johnson,132,1.0,159,2.60104,-1.16768,2.03221
2025-10-30#t443w0,2025-10-30,Mr. Doucet,122,1.0,152,2.08008,1.18016,2.15288
2025-10-30#t444w0,2025-10-30,Ms. Conroy,133,1.0,159,2.82101,-0.39539,1.94956
2025-10-30#t445w0,2025-10-30,Mr. Savoie,180,0.956,226,2.40254,0.07949,2.00911
2025-10-30#t446w0,2025-10-30,Hon. Ms. Holt,122,1.0,164,2.32275,-0.3529,2.11396
2025-10-30#t447w0,2025-10-30,Mr. Savoie,142,1.0,163,2.91101,-0.6337,1.96816
2025-10-30#t448w0,2025-10-30,Hon. Mr. Legacy,164,1.0,195,3.01154,-0.37384,1.96444
2025-10-30#t449w0,2025-10-30,Mr. Savoie,137,1.0,164,2.80269,-0.16439,1.8897
2025-10-30#t450w0,2025-10-30,Hon. Mr. Herron,160,1.0,193,2.70212,-1.41777,2.06164
2025-10-30#t451w0,2025-10-30,Mr. Savoie,93,1.0,117,2.99077,-0.24783,1.94051
2025-10-30#t452w0,2025-10-30,Hon. Mr. Herron,140,1.0,167,2.77915,-0.1948,1.99012
2025-10-30#t453w0,2025-10-30,Mr. Savoie,171,1.0,216,2.97839,-1.42349,1.88229
2025-10-30#t454w0,2025-10-30,Hon. Mr. Herron,118,1.0,147,2.66333,1.42256,2.05266
2025-10-30#t455w0,2025-10-30,Mr. Savoie,128,1.0,171,3.26094,-0.94301,1.85168
2025-10-30#t457w0,2025-10-30,Mr. Lee,128,1.0,167,3.05627,-0.9551,1.92206
2025-10-30#t458w0,2025-10-30,Hon. C. Johnson,63,1.0,79,2.7686,0.61707,2.03797
2025-10-30#t459w0,2025-10-30,Mr. Lee,129,1.0,153,2.90127,0.06664,1.95634
2025-10-30#t460w0,2025-10-30,Hon. C. Johnson,74,1.0,89,2.93107,-0.82015,2.13232
2025-10-30#t461w0,2025-10-30,Hon. C. Johnson,52,1.0,72,3.37006,-1.94179,1.96692
2025-10-30#t462w0,2025-10-30,Mr. Lee,156,1.0,200,2.87003,-2.49988,1.92237
2025-10-30#t464w0,2025-10-30,Hon. C. Johnson,110,1.0,140,2.93591,-0.2187,1.9957
2025-10-30#t465w0,2025-10-30,Mr. Hogan,106,1.0,128,2.1484,0.81224,2.06979
2025-10-30#t466w0,2025-10-30,Hon. Mr. Dornan,133,1.0,167,2.73151,-0.38997,2.0244
2025-10-30#t467w0,2025-10-30,Mr. Hogan,135,1.0,176,2.59236,-0.04706,2.04811
2025-10-30#t468w0,2025-10-30,Hon. Mr. Dornan,176,1.0,227,2.57894,-1.16588,2.09048
2025-10-30#t469w0,2025-10-30,Mr. Hogan,139,1.0,178,2.86411,-0.82261,1.92862
2025-10-30#t470w0,2025-10-30,Hon. Mr. Dornan,130,1.0,173,2.91884,-1.08871,1.97024
2025-10-30#t471w0,2025-10-30,Mr. Coon,151,0.974,178,2.92705,-1.55003,1.95647
2025-10-30#t472w0,2025-10-30,Hon. Mr. LePage,124,0.0,150,2.86753,0.41029,2.06683
2025-10-30#t473w0,2025-10-30,Mr. Coon,167,1.0,206,2.41041,0.81908,2.09148
2025-10-30#t474w0,2025-10-30,Hon. Mr. LePage,134,0.0,158,2.7821,-0.30027,1.99128
2025-10-30#t475w0,2025-10-30,Mr. Monahan,137,0.0,168,2.77856,-1.03085,1.92701
2025-10-30#t476w0,2025-10-30,Hon. Ms. Miles,179,1.0,258,2.2722,0.15101,2.15048
2025-10-30#t477w0,2025-10-30,Mr. Monahan,160,0.0,189,2.61201,-0.94847,2.02457
2025-10-30#t478w0,2025-10-30,Hon. Ms. Holt,221,0.837,262,2.27934,-0.04189,2.03608
2025-10-30#t480w0,2025-10-30,Hon. Mr. Gauvin,152,0.586,183,2.52085,-0.22092,2.03908
2025-10-30#t481w0,2025-10-30,Mr. Ames,119,1.0,150,2.51565,-0.45158,2.10991
2025-10-30#t482w0,2025-10-30,Mr. Coon,153,0.752,195,2.18,1.39745,2.22014
2025-10-30#t483w0,2025-10-30,Hon. Ms. Thériault,204,0.441,253,2.48566,-0.59305,2.03023
2025-10-30#t485w0,2025-10-30,Ms. M. Wilson,260,1.0,314,3.11407,-0.57398,1.92
2025-10-30#t486w0,2025-10-30,Ms. Mitton,161,0.975,201,2.49239,0.12849,2.04205
2025-10-30#t487w0,2025-10-30,Hon. C. Johnson,193,0.591,257,2.40878,-0.45346,2.07472
2025-10-30#t488w0,2025-10-30,Mr. Lee,127,1.0,163,2.74224,0.34394,2.02318
2025-10-30#t489w0,2025-10-30,Ms. Mitton,256,0.984,302,2.5379,-0.05112,2.05097
2025-10-30#t491w0,2025-10-30,Ms. M. Johnson,102,1.0,133,2.15543,2.14505,2.19726
2025-10-30#t492w0,2025-10-30,Madam Speaker,312,0.897,395,2.33232,1.5244,2.01302
2025-10-30#t493w0,2025-10-30,Ms. M. Johnson,94,1.0,127,2.4557,-1.1261,2.00095
2025-10-30#t494w0,2025-10-30,Mr. M. LeBlanc,235,1.0,283,2.4993,-1.05608,1.99985
2025-10-30#t495w0,2025-10-30,Mr. Weir,344,1.0,401,2.51208,-1.03101,2.11408
2025-10-30#t495w1,2025-10-30,Mr. Weir,339,1.0,413,2.4666,0.76516,2.12973
2025-10-30#t495w2,2025-10-30,Mr. Weir,345,1.0,416,2.72591,0.00706,2.1061
2025-10-30#t495w3,2025-10-30,Mr. Weir,359,1.0,427,2.59858,-0.87302,2.11295
2025-10-30#t495w4,2025-10-30,Mr. Weir,221,1.0,270,2.43271,0.64756,2.10379
2025-10-30#t495w5,2025-10-30,Mr. Weir,330,1.0,439,2.51426,-0.86242,2.0713
2025-10-30#t495w6,2025-10-30,Mr. Weir,321,1.0,394,2.76307,-0.88382,2.04967
2025-10-30#t495w7,2025-10-30,Mr. Weir,278,1.0,362,2.44297,1.21213,2.13094
2025-10-30#t495w8,2025-10-30,Mr. Weir,311,1.0,410,2.57648,1.3816,2.08971
2025-10-30#t495w9,2025-10-30,Mr. Weir,77,1.0,88,2.86986,0.293,1.94865
2025-10-30#t496w0,2025-10-30,Hon. Mr. McKee,340,1.0,421,2.34175,-0.2137,2.09427
2025-10-30#t496w1,2025-10-30,Hon. Mr. McKee,307,0.27,378,2.44296,-0.89626,2.06067
2025-10-30#t496w2,2025-10-30,Hon. Mr. McKee,289,1.0,343,2.604,0.24657,2.09284
2025-10-30#t496w3,2025-10-30,Hon. Mr. McKee,298,0.359,374,2.25201,1.61179,2.20543
2025-10-30#t496w4,2025-10-30,Hon. Mr. McKee,108,1.0,139,2.77894,0.06828,1.94148
2025-10-30#t499w0,2025-10-30,Hon. Mr. McKee,316,1.0,411,2.68323,-0.43956,2.01279
2025-10-30#t499w1,2025-10-30,Hon. Mr. McKee,348,1.0,448,2.55793,-0.07191,2.04683
2025-10-30#t499w2,2025-10-30,Hon. Mr. McKee,180,1.0,228,2.73308,-0.80277,2.00567
2025-10-30#t503w0,2025-10-30,Mr. Hogan,329,1.0,403,2.49062,0.07954,2.15948
2025-10-30#t503w1,2025-10-30,Mr. Hogan,337,1.0,421,2.55045,-0.91914,2.09978
2025-10-30#t503w2,2025-10-30,Mr. Hogan,354,1.0,444,2.22542,1.51621,2.10575
2025-10-30#t503w3,2025-10-30,Mr. Hogan,314,1.0,392,2.40415,0.22586,2.13797
2025-10-30#t503w4,2025-10-30,Mr. Hogan,313,1.0,400,2.32847,0.41097,2.10527
2025-10-30#t503w5,2025-10-30,Mr. Hogan,83,1.0,105,2.54031,0.86049,2.08947
2025-10-30#t505w0,2025-10-30,Ms. Vautour,349,0.0,429,2.73418,-0.10542,2.0079
2025-10-30#t505w1,2025-10-30,Ms. Vautour,290,0.0,331,2.87941,-0.99137,1.91771
2025-10-30#t505w2,2025-10-30,Ms. Vautour,261,0.0,317,2.8567,-0.5565,1.93357
2025-10-30#t507w0,2025-10-30,Mr. Coon,229,1.0,286,2.48033,0.51676,2.06471
2025-10-30#t507w1,2025-10-30,Mr. Coon,320,1.0,410,2.60641,-0.09876,2.06504
2025-10-30#t507w2,2025-10-30,Mr. Coon,244,1.0,287,2.80443,0.21722,2.04846
2025-10-30#t507w3,2025-10-30,Mr. Coon,272,1.0,322,2.70639,-0.942,2.03701
2025-10-30#t507w4,2025-10-30,Mr. Coon,343,1.0,392,2.63711,1.00261,2.11334
2025-10-30#t507w5,2025-10-30,Mr. Coon,142,1.0,173,2.49316,0.61191,2.02724
2025-10-30#t509w0,2025-10-30,Mr. Russell,341,1.0,413,2.84832,-1.03579,1.97785
2025-10-30#t509w1,2025-10-30,Mr. Russell,332,1.0,385,2.46342,0.29467,2.06626
2025-10-30#t509w2,2025-10-30,Mr. Russell,345,1.0,423,2.49429,0.10783,2.04154
2025-10-30#t509w3,2025-10-30,Mr. Russell,318,1.0,380,2.70928,0.17159,2.01892
2025-10-30#t509w4,2025-10-30,Mr. Russell,169,1.0,198,2.19434,0.82832,2.07729
2025-10-30#t511w0,2025-10-30,Ms. Wilcott,268,1.0,316,2.75548,0.1538,1.96296
2025-10-30#t511w1,2025-10-30,Ms. Wilcott,349,1.0,436,2.6445,1.31103,2.03423
2025-10-30#t511w2,2025-10-30,Ms. Wilcott,329,1.0,415,2.74388,0.27606,2.03472
2025-10-30#t511w3,2025-10-30,Ms. Wilcott,271,1.0,318,2.84696,0.59216,2.01289
2025-10-30#t514w0,2025-10-30,Mr. Deputy Speaker,54,1.0,66,3.14258,0.25829,1.96135
2025-10-30#t515w0,2025-10-30,Ms. Wilcott,267,1.0,331,2.7531,-0.41364,2.01815
2025-10-30#t515w1,2025-10-30,Ms. Wilcott,333,1.0,429,2.70694,0.42279,1.98543
2025-10-30#t515w2,2025-10-30,Ms. Wilcott,118,1.0,150,3.15315,-1.82386,1.82166
2025-10-30#t516w0,2025-10-30,Ms. Wilcott,241,1.0,296,2.89474,-0.29642,1.99588
2025-10-30#t517w0,2025-10-30,Mr. Deputy Speaker,51,1.0,58,2.62752,1.33754,2.09345
2025-10-30#t518w0,2025-10-30,Mr. Savoie,311,1.0,367,2.46711,-0.12351,2.1411
2025-10-30#t518w1,2025-10-30,Mr. Savoie,302,1.0,350,2.61605,1.24747,2.02577
2025-10-30#t520w0,2025-10-30,Mr. M. LeBlanc,58,1.0,72,2.21542,0.84186,2.16826
2025-10-30#t523w0,2025-10-30,Mr. Deputy Speaker,86,1.0,117,2.27034,0.82515,2.04213
2025-10-30#t525w0,2025-10-30,Mr. Savoie,161,1.0,205,2.61248,0.67231,2.12235
2025-10-30#t529w0,2025-10-30,Mr. Weir,105,1.0,130,3.17915,-1.16126,1.96984
2025-10-30#t530w0,2025-10-30,Mr. Weir,203,1.0,264,2.92372,-1.97737,2.02081
2025-10-30#t531w0,2025-10-30,Mr. Weir,294,1.0,376,2.51941,2.66088,2.06112
2025-10-30#t531w1,2025-10-30,Mr. Weir,216,1.0,290,2.4478,1.16198,2.08681
2025-10-30#t531w2,2025-10-30,Mr. Weir,252,1.0,305,2.72308,0.67292,2.03221
2025-10-30#t531w3,2025-10-30,Mr. Weir,254,1.0,301,2.46259,-0.0917,2.09845
2025-10-30#t531w4,2025-10-30,Mr. Weir,146,1.0,173,3.06233,0.79941,2.00281
2025-10-30#t532w0,2025-10-30,Mr. Deputy Speaker,353,1.0,432,2.38537,-0.28292,2.06372
2025-10-30#t533w0,2025-10-30,,223,0.951,297,2.53685,0.35463,1.99592
2025-10-30#t534w0,2025-10-30,Ms. S. Wilson,360,1.0,437,2.27007,1.63265,2.09482
2025-10-30#t534w1,2025-10-30,Ms. S. Wilson,300,1.0,360,2.90806,-0.73684,1.95066
2025-10-30#t534w2,2025-10-30,Ms. S. Wilson,305,1.0,359,2.67608,-0.13916,2.03053
2025-10-30#t534w3,2025-10-30,Ms. S. Wilson,338,1.0,403,2.83517,0.32785,1.96517
2025-10-30#t534w4,2025-10-30,Ms. S. Wilson,309,1.0,365,2.61116,1.31793,2.00958
2025-10-30#t534w5,2025-10-30,Ms. S. Wilson,210,1.0,250,2.63227,0.03301,2.02536
2025-10-30#t535w0,2025-10-30,Hon. Mr. McKee,329,1.0,407,2.26143,0.4119,2.09452
2025-10-30#t535w1,2025-10-30,Hon. Mr. McKee,309,0.583,363,2.55324,1.07825,2.06927
2025-10-30#t535w2,2025-10-30,Hon. Mr. McKee,334,0.623,387,2.72866,-0.18604,1.98783
2025-10-30#t535w3,2025-10-30,Hon. Mr. McKee,357,0.773,431,2.74889,-0.17735,1.98217
2025-10-30#t535w4,2025-10-30,Hon. Mr. McKee,319,1.0,393,2.69562,0.84526,1.97583
2025-10-30#t535w5,2025-10-30,Hon. Mr. McKee,360,1.0,432,2.63801,0.13416,2.02076
2025-10-30#t535w6,2025-10-30,Hon. Mr. McKee,133,0.955,183,2.48531,0.06351,2.11129
2025-10-30#t536w0,2025-10-30,Ms. M. Johnson,352,1.0,454,2.40567,1.00896,2.05938
2025-10-30#t536w1,2025-10-30,Ms. M. Johnson,360,1.0,446,2.88593,0.4304,1.9771
2025-10-30#t536w2,2025-10-30,Ms. M. Johnson,333,1.0,407,2.88585,1.67722,1.95569
2025-10-30#t536w3,2025-10-30,Ms. M. Johnson,292,1.0,365,2.88093,-0.94331,1.94981
2025-10-30#t537w0,2025-10-30,Mr. Bourque,329,0.0,414,2.52528,-0.26539,2.04044
2025-10-30#t537w1,2025-10-30,Mr. Bourque,335,0.0,410,2.46574,0.94325,2.04853
2025-10-30#t537w2,2025-10-30,Mr. Bourque,349,0.043,439,2.44979,1.08032,2.08417
2025-10-30#t537w3,2025-10-30,Mr. Bourque,349,0.705,424,2.28759,1.30098,2.16753
2025-10-30#t537w4,2025-10-30,Mr. Bourque,247,0.571,276,2.32836,0.90476,2.13713
2025-10-30#t537w5,2025-10-30,Mr. Bourque,329,0.891,395,2.46488,1.67946,2.11639
2025-10-30#t537w6,2025-10-30,Mr. Bourque,254,0.819,310,2.75332,-1.10592,2.02269
2025-10-31#t538w0,2025-10-31,Hon. Ms. Holt,192,0.958,228,2.54645,0.51306,1.99995
2025-10-31#t538w1,2025-10-31,Hon. Ms. Holt,348,0.647,414,2.36428,1.53424,2.0787
2025-10-31#t538w2,2025-10-31,Hon. Ms. Holt,250,0.84,317,2.36239,0.68966,2.09177
2025-10-31#t538w3,2025-10-31,Hon. Ms. Holt,357,0.672,425,2.47273,-0.41951,2.0804
2025-10-31#t538w4,2025-10-31,Hon. Ms. Holt,319,0.687,381,2.45402,0.63181,2.06709
2025-10-31#t538w5,2025-10-31,Hon. Ms. Holt,212,0.892,269,2.66883,0.88391,2.07185
2025-10-31#t539w0,2025-10-31,Hon. Ms. Holt,309,0.583,370,2.70035,-0.33843,2.10434
2025-10-31#t539w1,2025-10-31,Hon. Ms. Holt,296,1.0,340,2.55809,-0.66134,2.11722
2025-10-31#t539w2,2025-10-31,Hon. Ms. Holt,312,1.0,358,2.80305,-0.40028,2.04397
2025-10-31#t539w3,2025-10-31,Hon. Ms. Holt,356,0.461,419,2.5511,0.9422,2.0995
2025-10-31#t539w4,2025-10-31,Hon. Ms. Holt,325,1.0,382,2.56216,1.87182,2.05302
2025-10-31#t539w5,2025-10-31,Hon. Ms. Holt,330,0.57,394,2.23643,1.5764,2.19408
2025-10-31#t539w6,2025-10-31,Hon. Ms. Holt,332,0.717,393,2.72945,-0.46948,2.06574
2025-10-31#t539w7,2025-10-31,Hon. Ms. Holt,350,0.726,423,2.47127,1.14459,2.14047
2025-10-31#t539w8,2025-10-31,Hon. Ms. Holt,196,1.0,222,2.86973,-0.37148,1.97525
2025-10-31#t540w0,2025-10-31,Hon. Ms. Holt,314,0.764,368,2.60355,0.75182,2.09133
2025-10-31#t540w1,2025-10-31,Hon. Ms. Holt,329,0.669,394,2.46078,0.78674,2.04877
2025-10-31#t540w2,2025-10-31,Hon. Ms. Holt,219,1.0,267,2.43053,2.18652,2.13489
2025-10-31#t540w3,2025-10-31,Hon. Ms. Holt,334,0.734,428,2.78308,0.42304,2.03222
2025-10-31#t540w4,2025-10-31,Hon. Ms. Holt,274,0.679,360,2.50177,0.66465,2.00979
2025-11-04#t542w0,2025-11-04,Hon. Mr. Dornan,117,1.0,148,2.33304,1.67626,2.13683
2025-11-04#t543w0,2025-11-04,Mr. Savoie,89,1.0,107,2.20326,1.01728,2.17998
2025-11-04#t544w0,2025-11-04,Mr. Johnston,220,1.0,285,2.4326,-0.81684,2.04921
2025-11-04#t545w0,2025-11-04,Mr. Russell,132,1.0,170,2.25497,0.10366,2.06216
2025-11-04#t546w0,2025-11-04,Ms. Wilcott,351,1.0,426,2.08935,2.82743,2.10005
2025-11-04#t546w1,2025-11-04,Ms. Wilcott,71,1.0,92,2.48542,1.39643,1.8806
2025-11-04#t547w0,2025-11-04,Mr. Bourque,174,0.54,230,2.17561,0.93379,2.01525
2025-11-04#t548w0,2025-11-04,Ms. Wilcott,154,0.857,206,2.83811,-1.61464,1.89503
2025-11-04#t550w0,2025-11-04,Mr. Savoie,140,0.957,170,2.04933,0.0539,2.19142
2025-11-04#t551w0,2025-11-04,Mr. Coon,144,0.0,177,2.01894,1.39283,2.07115
2025-11-04#t552w0,2025-11-04,Ms. M. Johnson,186,0.978,243,2.44787,0.38616,1.8967
2025-11-04#t553w0,2025-11-04,Ms. Mitton,146,1.0,189,2.16671,0.12245,2.06035
2025-11-04#t554w0,2025-11-04,Ms. M. Wilson,128,1.0,175,2.62198,-0.00587,2.01766
2025-11-04#t555w0,2025-11-04,Mr. Russell,138,1.0,165,2.672,0.68726,1.99471
2025-11-04#t556w0,2025-11-04,Ms. Mitton,154,1.0,209,3.22611,-0.74401,1.81997
2025-11-04#t557w0,2025-11-04,Mr. J. LeBlanc,155,0.774,189,2.10556,0.77762,2.09959
2025-11-04#t558w0,2025-11-04,Mr. Oliver,170,1.0,210,2.80518,-1.04705,1.93939
2025-11-04#t559w0,2025-11-04,Mr. Robichaud,150,0.413,179,2.1672,1.1714,2.10759
2025-11-04#t560w0,2025-11-04,Ms. Scott-Wallace,160,1.0,189,2.7767,0.30332,2.06696
2025-11-04#t561w0,2025-11-04,Mr. Johnston,150,0.973,180,2.55708,-0.14113,1.96952
2025-11-04#t562w0,2025-11-04,Mr. Cullins,155,1.0,206,2.57745,0.10425,2.00444
2025-11-04#t563w0,2025-11-04,Mr. Mallet,125,0.0,155,2.43926,0.23068,2.08058
2025-11-04#t564w0,2025-11-04,Ms. S. Wilson,145,1.0,181,2.6416,0.22998,1.97062
2025-11-04#t565w0,2025-11-04,Mr. Savoie,56,0.857,68,2.59991,0.22567,2.07082
2025-11-04#t566w0,2025-11-04,Mr. Savoie,80,1.0,106,3.13723,-0.37157,1.90515
2025-11-04#t567w0,2025-11-04,Hon. Ms. Holt,183,1.0,225,2.20539,1.34831,2.12899
2025-11-04#t568w0,2025-11-04,Mr. Savoie,120,1.0,154,2.54342,1.29763,2.02354
2025-11-04#t569w0,2025-11-04,Hon. Mr. Herron,173,1.0,197,2.96957,0.3143,1.98743
2025-11-04#t570w0,2025-11-04,Mr. Savoie,138,1.0,166,2.71959,-0.25619,2.03473
2025-11-04#t571w0,2025-11-04,Hon. Mr. Herron,85,1.0,98,3.54224,-1.49114,1.87922
2025-11-04#t572w0,2025-11-04,Mr. Savoie,174,1.0,223,2.79341,-0.58192,1.97622
2025-11-04#t573w0,2025-11-04,Hon. Mr. Legacy,143,1.0,179,2.70673,0.27552,2.05919
2025-11-04#t574w0,2025-11-04,Mr. Savoie,146,1.0,174,2.9607,-0.441,1.96102
2025-11-04#t575w0,2025-11-04,Hon. Ms. Holt,150,1.0,175,2.08088,0.91409,2.26904
2025-11-04#t576w0,2025-11-04,Mr. Savoie,155,1.0,186,2.67453,-0.10132,2.01695
2025-11-04#t577w0,2025-11-04,Hon. Mr. Legacy,123,1.0,154,3.14318,-1.02141,1.90333
2025-11-04#t578w0,2025-11-04,Mr. Lee,112,1.0,139,2.69568,-0.14029,2.0025
2025-11-04#t579w0,2025-11-04,Hon. C. Johnson,82,1.0,97,2.80569,-0.4782,2.00974
2025-11-04#t580w0,2025-11-04,Mr. Lee,109,1.0,133,3.03474,-1.49212,1.85556
2025-11-04#t581w0,2025-11-04,Hon. C. Johnson,127,0.0,153,2.525,1.17486,2.08909
2025-11-04#t582w0,2025-11-04,Mr. Lee,94,1.0,125,3.18993,0.56379,1.88285
2025-11-04#t583w0,2025-11-04,Hon. C. Johnson,117,1.0,154,2.23204,0.56762,2.19721
2025-11-04#t584w0,2025-11-04,Mr. Weir,143,1.0,166,2.61007,-0.6434,1.97914
2025-11-04#t585w0,2025-11-04,Hon. Mr. McKee,180,1.0,211,2.38947,0.38232,2.08238
2025-11-04#t586w0,2025-11-04,Mr. Weir,178,1.0,208,2.83755,-1.23474,2.06926
2025-11-04#t587w0,2025-11-04,Hon. Mr. McKee,175,1.0,225,2.39588,0.4918,2.14407
2025-11-04#t588w0,2025-11-04,Mr. Weir,202,1.0,237,2.90159,-0.14592,2.03637
2025-11-04#t589w0,2025-11-04,Hon. Mr. McKee,191,1.0,253,2.2209,1.87725,2.11331
2025-11-04#t590w0,2025-11-04,Mr. Coon,145,1.0,196,3.28395,-1.13679,1.78697
2025-11-04#t591w0,2025-11-04,Hon. Ms. Holt,172,0.547,208,2.25701,1.2432,2.14568
2025-11-04#t592w0,2025-11-04,Mr. Coon,153,1.0,201,3.0159,-0.22851,1.87998
2025-11-04#t593w0,2025-11-04,Hon. Mr. D’Amours,159,0.0,182,2.79276,-0.00494,2.0513
2025-11-04#t594w0,2025-11-04,Mr. Austin,159,1.0,204,2.71886,-1.14473,1.94165
2025-11-04#t595w0,2025-11-04,Hon. Mr. Legacy,165,1.0,239,2.53371,0.0667,2.06619
2025-11-04#t596w0,2025-11-04,Mr. Austin,161,1.0,192,2.5268,-0.68519,2.06177
2025-11-04#t597w0,2025-11-04,Hon. Mr. Legacy,194,1.0,258,2.71122,-0.31562,2.0517
2025-11-04#t599w0,2025-11-04,Hon. Mr. Herron,253,0.866,306,2.16793,0.90964,2.15641
2025-11-04#t600w0,2025-11-04,Mr. Austin,299,1.0,364,2.45921,0.71518,2.09534
2025-11-04#t601w0,2025-11-04,Mr. Coon,312,1.0,373,2.45619,0.08887,2.06805
2025-11-04#t602w0,2025-11-04,Hon. Mr. Dornan,199,0.734,247,2.15219,-0.14102,2.05731
2025-11-04#t603w0,2025-11-04,Mr. Hogan,288,1.0,375,2.15232,1.51697,2.07212
2025-11-04#t604w0,2025-11-04,Mr. Coon,235,0.983,285,2.82676,-0.57854,1.96705
2025-11-04#t605w0,2025-11-04,Hon. Mr. Gauvin,178,0.489,220,2.1796,0.08449,2.09365
2025-11-04#t606w0,2025-11-04,Mr. Ames,121,1.0,158,2.24876,1.35042,2.17738
2025-11-04#t607w0,2025-11-04,Ms. Mitton,328,0.765,399,2.43792,0.26196,2.00241
2025-11-04#t607w1,2025-11-04,Ms. Mitton,250,0.724,320,2.24872,0.65148,1.99725
2025-11-04#t608w0,2025-11-04,Mr. M. LeBlanc,312,0.651,390,2.38403,-0.68118,2.05006
2025-11-04#t608w1,2025-11-04,Mr. M. LeBlanc,58,0.069,70,3.35833,-1.69184,1.88318
2025-11-04#t609w0,2025-11-04,Mr. Monahan,356,0.0,440,2.46858,-0.14254,2.06851
2025-11-04#t609w1,2025-11-04,Mr. Monahan,322,0.0,403,2.67407,0.19556,2.00925
2025-11-04#t609w2,2025-11-04,Mr. Monahan,85,0.0,107,3.00947,-0.35442,1.85169
2025-11-04#t610w0,2025-11-04,Ms. Mitton,359,0.393,416,2.24096,-0.35863,2.09313
2025-11-04#t610w1,2025-11-04,Ms. Mitton,50,0.08,60,3.27496,0.01917,1.86112
2025-11-04#t611w0,2025-11-04,Mr. Monahan,346,0.627,402,2.41792,0.1824,2.09285
2025-11-04#t611w1,2025-11-04,Mr. Monahan,352,0.616,444,2.81574,-0.31043,1.92398
2025-11-04#t611w2,2025-11-04,Mr. Monahan,354,0.616,418,2.43655,-0.08967,2.02801
2025-11-04#t611w3,2025-11-04,Mr. Monahan,209,0.708,258,2.68643,-0.0214,2.00778
2025-11-04#t612w0,2025-11-04,Mr. Coon,342,0.988,443,2.34419,0.12498,2.10264
2025-11-04#t612w1,2025-11-04,Mr. Coon,176,0.5,221,2.44887,-0.53853,1.99788
2025-11-04#t613w0,2025-11-04,Mr. Monahan,278,0.568,340,2.47388,-0.61495,2.03413
2025-11-04#t613w1,2025-11-04,Mr. Monahan,311,0.547,383,2.68415,-0.14422,2.01931
2025-11-04#t613w2,2025-11-04,Mr. Monahan,318,0.0,400,2.75479,-0.74815,1.98291
2025-11-04#t613w3,2025-11-04,Mr. Monahan,351,0.929,438,2.63158,-0.57138,2.06296
2025-11-05#t615w0,2025-11-05,Hon. Mr. Gauvin,281,0.544,367,2.38855,-0.59467,2.05025
2025-11-05#t616w0,2025-11-05,Mr. Austin,89,1.0,118,2.69346,-1.09406,2.05227
2025-11-05#t617w0,2025-11-05,Mr. Hogan,213,1.0,282,2.89126,-0.66655,1.87014
2025-11-05#t618w0,2025-11-05,Hon. Mr. Dornan,89,1.0,111,3.11184,-2.52505,1.99944
2025-11-05#t620w0,2025-11-05,Ms. M. Johnson,210,1.0,270,2.00813,1.33775,2.14786
2025-11-05#t621w0,2025-11-05,Mr. Doucet,118,1.0,141,2.4234,0.89107,2.0591
2025-11-05#t622w0,2025-11-05,Mr. Ames,147,1.0,189,2.4986,-0.49143,2.06099
2025-11-05#t623w0,2025-11-05,Mr. Coon,147,1.0,179,2.33716,-1.04694,2.00122
2025-11-05#t624w0,2025-11-05,Mr. J. LeBlanc,172,0.174,215,2.3183,1.00087,2.04124
2025-11-05#t625w0,2025-11-05,Ms. Bockus,151,1.0,196,2.30806,-0.23928,2.08548
2025-11-05#t626w0,2025-11-05,Ms. Mitton,167,0.964,209,2.57612,-0.93322,2.06832
2025-11-05#t627w0,2025-11-05,Hon. Mr. D’Amours,160,0.0,211,1.95919,1.05191,2.11718
2025-11-05#t628w0,2025-11-05,Mr. Russell,123,1.0,155,2.02917,1.07428,2.08141
2025-11-05#t629w0,2025-11-05,Hon. Ms. Thériault,169,0.0,237,2.63786,-1.38202,1.94033
2025-11-05#t630w0,2025-11-05,Mr. Austin,148,1.0,197,2.92952,-0.72384,1.87762
2025-11-05#t631w0,2025-11-05,Mr. Coon,181,1.0,222,2.49525,0.05178,2.05353
2025-11-05#t632w0,2025-11-05,Mr. Arseneault,137,0.759,165,1.88986,1.57485,2.25602
2025-11-05#t633w0,2025-11-05,Ms. Bockus,129,1.0,154,2.92317,-0.99329,1.93559
2025-11-05#t634w0,2025-11-05,Ms. Sodhi,161,1.0,203,2.3094,0.53881,2.08341
2025-11-05#t635w0,2025-11-05,Mr. Ames,141,1.0,167,2.34352,0.76568,2.06668
2025-11-05#t636w0,2025-11-05,Mr. M. LeBlanc,149,0.0,181,2.78426,-1.36532,2.03519
2025-11-05#t637w0,2025-11-05,Ms. M. Johnson,142,1.0,162,2.76663,0.10281,2.01923
2025-11-05#t638w0,2025-11-05,Ms. Wilcott,113,1.0,139,2.61836,0.02309,2.04339
2025-11-05#t639w0,2025-11-05,Mr. Monahan,157,1.0,196,3.24146,-1.77496,1.92436
2025-11-05#t640w0,2025-11-05,Mr. Savoie,138,0.942,185,2.47922,-0.24609,1.97006
2025-11-05#t641w0,2025-11-05,Hon. Mr. Legacy,163,0.975,209,2.95568,-0.86572,1.98169
2025-11-05#t642w0,2025-11-05,Mr. Savoie,176,1.0,233,2.92078,-2.25151,1.94497
2025-11-05#t643w0,2025-11-05,Hon. Mr. Legacy,160,1.0,202,2.98755,-0.6832,1.98638
2025-11-05#t644w0,2025-11-05,Mr. Savoie,182,1.0,224,3.03947,-0.49336,1.92063
2025-11-05#t645w0,2025-11-05,Hon. Mr. Legacy,220,1.0,271,2.95692,0.30175,1.91934
2025-11-05#t646w0,2025-11-05,Mr. Savoie,180,1.0,229,2.63907,1.23252,2.06621
2025-11-05#t647w0,2025-11-05,Hon. Mr. Hickey,174,1.0,214,2.51549,-0.32425,2.07393
2025-11-05#t648w0,2025-11-05,Mr. Savoie,149,1.0,195,2.73878,0.40454,2.06905
2025-11-05#t649w0,2025-11-05,Hon. Mr. Hickey,146,1.0,168,2.57921,-0.32444,2.03575
2025-11-05#t650w0,2025-11-05,Mr. Savoie,197,1.0,246,2.67889,0.30518,1.99343
2025-11-05#t651w0,2025-11-05,Hon. Mr. Hickey,151,1.0,199,2.66384,0.34472,2.00348
2025-11-05#t652w0,2025-11-05,Ms. Conroy,141,1.0,187,2.12768,-0.2484,2.14763
2025-11-05#t653w0,2025-11-05,Hon. Mr. Hickey,200,1.0,248,2.79268,-0.38434,2.09425
2025-11-05#t654w0,2025-11-05,Ms. Conroy,168,1.0,196,2.59239,0.3328,2.03241
2025-11-05#t655w0,2025-11-05,Hon. Mr. Hickey,176,0.966,220,2.48121,1.08716,2.10137
2025-11-05#t656w0,2025-11-05,Ms. Conroy,116,1.0,148,2.84048,-1.03511,1.99402
2025-11-05#t657w0,2025-11-05,Hon. Mr. Hickey,141,1.0,183,2.59842,-1.72701,2.14097
2025-11-05#t658w0,2025-11-05,Ms. Mitton,148,1.0,186,3.31453,-1.47911,1.90668
2025-11-05#t659w0,2025-11-05,Hon. Ms. Miles,197,1.0,235,2.43392,0.10543,2.13022
2025-11-05#t660w0,2025-11-05,Ms. Mitton,167,1.0,199,2.74295,-0.74191,2.01906
2025-11-05#t661w0,2025-11-05,Hon. Ms. Boudreau,154,0.286,184,2.29178,0.59048,2.20216
2025-11-05#t662w0,2025-11-05,Ms. Mitton,121,0.157,149,2.71272,-0.19254,2.02878
2025-11-05#t663w0,2025-11-05,Hon. Ms. Boudreau,171,0.082,207,2.09606,1.58507,2.33189
2025-11-05#t664w0,2025-11-05,Mr. Austin,172,1.0,204,2.72402,-1.04407,2.01019
2025-11-05#t665w0,2025-11-05,Hon. Mr. Legacy,137,0.0,161,3.31574,-0.89192,1.91393
2025-11-05#t666w0,2025-11-05,Mr. Austin,205,1.0,246,2.63467,0.27625,1.99424
2025-11-05#t667w0,2025-11-05,Hon. Mr. Herron,165,1.0,203,2.75565,-1.26983,2.06227
2025-11-05#t668w0,2025-11-05,Mr. Monahan,140,0.0,169,3.38747,-1.47261,1.97885
2025-11-05#t669w0,2025-11-05,Hon. Mr. Kennedy,181,1.0,243,2.5752,0.00338,2.02989
2025-11-05#t671w0,2025-11-05,Hon. Ms. Boudreau,134,0.388,166,2.38518,0.57467,2.08302
2025-11-05#t672w0,2025-11-05,Ms. Scott-Wallace,159,1.0,192,2.3882,-0.11947,2.1088
2025-11-05#t673w0,2025-11-05,Ms. Mitton,103,0.728,135,2.35326,0.38646,2.11444
2025-11-05#t674w0,2025-11-05,Hon. Mr. LePage,201,0.398,239,2.29851,0.0629,2.09286
2025-11-05#t675w0,2025-11-05,Ms. S. Wilson,260,1.0,304,2.32961,1.08346,2.12569
2025-11-05#t676w0,2025-11-05,Ms. Mitton,246,1.0,285,2.45592,-0.12504,2.07342
2025-11-05#t677w0,2025-11-05,Hon. Ms. Thériault,191,0.555,260,2.17769,0.08927,2.07428
2025-11-05#t678w0,2025-11-05,Ms. M. Wilson,263,1.0,327,2.78363,-0.9327,2.0163
2025-11-05#t679w0,2025-11-05,Ms. Mitton,185,1.0,216,2.57509,-0.24051,2.12709
2025-11-05#t680w0,2025-11-05,Ms. Mitton,306,1.0,382,2.69976,-0.2069,1.95706
2025-11-05#t680w1,2025-11-05,Ms. Mitton,307,0.645,391,2.31433,-0.03106,2.01971
2025-11-05#t680w2,2025-11-05,Ms. Mitton,59,1.0,71,3.39025,-0.87426,1.77216
2025-11-05#t681w0,2025-11-05,Ms. M. Johnson,106,0.943,141,2.59705,-1.13425,2.00489
2025-11-05#t682w0,2025-11-05,Mr. M. LeBlanc,93,1.0,122,2.58255,-0.50542,2.03603
2025-11-05#t684w0,2025-11-05,Mr. M. LeBlanc,315,0.083,396,2.43555,0.39131,2.06625
2025-11-05#t684w1,2025-11-05,Mr. M. LeBlanc,297,0.0,366,2.90495,-2.89805,2.00632
2025-11-05#t686w0,2025-11-05,Madam Speaker,69,0.725,94,2.25214,1.73881,2.24576
2025-11-05#t687w0,2025-11-05,Mr. Monahan,354,0.0,434,2.60336,-0.11745,2.01873
2025-11-05#t687w1,2025-11-05,Mr. Monahan,342,0.535,430,2.11852,1.11159,2.04852
2025-11-05#t687w2,2025-11-05,Mr. Monahan,64,0.469,80,2.56541,1.40484,1.96035
2025-11-05#t689w0,2025-11-05,Mr. Coon,292,1.0,369,2.63524,-2.22499,2.01865
2025-11-05#t689w1,2025-11-05,Mr. Coon,170,1.0,209,2.57925,-0.46526,2.04825
2025-11-05#t690w0,2025-11-05,Ms. Bockus,257,1.0,325,2.27331,1.64787,2.13721
2025-11-05#t690w1,2025-11-05,Ms. Bockus,302,1.0,385,2.69583,-2.07723,2.02066
2025-11-05#t690w2,2025-11-05,Ms. Bockus,355,1.0,434,2.63149,0.73172,2.0399
2025-11-05#t690w3,2025-11-05,Ms. Bockus,349,1.0,425,2.76906,0.11635,1.9766
2025-11-05#t690w4,2025-11-05,Ms. Bockus,353,0.765,441,2.18954,0.65827,2.04651
2025-11-05#t690w5,2025-11-05,Ms. Bockus,351,0.59,402,2.55698,-0.07733,1.99363
2025-11-05#t690w6,2025-11-05,Ms. Bockus,297,0.542,338,2.80366,0.90709,1.96362
2025-11-05#t691w0,2025-11-05,Ms. M. Wilson,276,1.0,335,2.22089,1.07776,2.21235
2025-11-05#t691w1,2025-11-05,Ms. M. Wilson,261,1.0,330,2.62611,1.14035,1.9941
2025-11-05#t691w2,2025-11-05,Ms. M. Wilson,345,1.0,411,2.5186,0.32518,2.06541
2025-11-05#t691w3,2025-11-05,Ms. M. Wilson,317,1.0,379,2.67521,1.19922,2.0077
2025-11-05#t691w4,2025-11-05,Ms. M. Wilson,315,1.0,386,2.53526,0.31392,1.99111
2025-11-05#t692w0,2025-11-05,Mr. Coon,325,1.0,401,2.63312,0.75535,1.96201
2025-11-05#t692w1,2025-11-05,Mr. Coon,345,1.0,440,2.73282,0.24726,2.06298
2025-11-05#t692w2,2025-11-05,Mr. Coon,338,1.0,426,2.65922,-0.01637,2.0407
2025-11-05#t693w0,2025-11-05,Ms. M. Johnson,309,1.0,372,2.5435,1.28821,2.08569
2025-11-05#t693w1,2025-11-05,Ms. M. Johnson,339,1.0,426,2.48822,1.4443,2.04363
2025-11-05#t693w2,2025-11-05,Ms. M. Johnson,279,0.401,337,2.40024,0.21885,2.07619
2025-11-05#t694w0,2025-11-05,Mr. Monahan,342,0.526,413,2.28348,1.09317,2.09532
2025-11-05#t694w1,2025-11-05,Mr. Monahan,241,0.519,307,2.65235,0.21832,2.04368
2025-11-05#t694w2,2025-11-05,Mr. Monahan,347,0.744,424,2.47046,2.16238,2.0379
2025-11-05#t694w3,2025-11-05,Mr. Monahan,332,0.398,405,2.91115,-0.65038,1.94101
2025-11-05#t694w4,2025-11-05,Mr. Monahan,189,0.788,246,2.48009,-0.35629,2.01699
2025-11-05#t695w0,2025-11-05,Mr. Hogan,72,1.0,92,2.69056,-0.21857,1.85153
2025-11-05#t696w0,2025-11-05,Mr. M. LeBlanc,84,1.0,93,2.19536,1.61048,2.18928
2025-11-05#t698w0,2025-11-05,Mr. Hogan,68,1.0,81,2.60576,0.46552,1.96392
2025-11-05#t701w0,2025-11-05,Mr. M. LeBlanc,69,1.0,81,2.24295,2.04323,2.23091
2025-11-05#t703w0,2025-11-05,Mr. Hogan,343,1.0,422,2.42356,0.75207,2.14033
2025-11-05#t703w1,2025-11-05,Mr. Hogan,294,1.0,365,2.49509,1.12292,2.12819
2025-11-05#t703w2,2025-11-05,Mr. Hogan,311,1.0,392,2.6757,0.00426,1.99427
2025-11-05#t703w3,2025-11-05,Mr. Hogan,280,1.0,341,2.48891,1.58453,2.13173
2025-11-05#t703w4,2025-11-05,Mr. Hogan,354,1.0,450,2.44353,1.58613,2.09419
2025-11-05#t703w5,2025-11-05,Mr. Hogan,358,1.0,438,2.59043,-1.17035,2.07922
2025-11-05#t703w6,2025-11-05,Mr. Hogan,59,1.0,70,3.31056,0.06806,1.88463
2025-11-05#t707w0,2025-11-05,Mr. Hogan,106,1.0,163,2.68253,-1.12546,1.98138
2025-11-05#t708w0,2025-11-05,Mr. Hogan,285,1.0,354,2.42737,1.98529,2.10185
2025-11-05#t708w1,2025-11-05,Mr. Hogan,301,1.0,349,2.70553,0.12149,2.05523
2025-11-05#t708w2,2025-11-05,Mr. Hogan,109,1.0,136,2.58467,0.97081,2.06261
2025-11-05#t709w0,2025-11-05,Mr. M. LeBlanc,93,1.0,112,2.60535,-0.92657,2.1212
2025-11-05#t710w0,2025-11-05,Madam Speaker,63,1.0,68,3.14464,0.88073,1.94549
2025-11-05#t711w0,2025-11-05,Mr. Hogan,129,1.0,166,2.88344,-1.15235,2.00208
2025-11-05#t714w0,2025-11-05,Mr. Hogan,310,1.0,396,2.42193,-0.63459,2.12197
2025-11-05#t714w1,2025-11-05,Mr. Hogan,285,1.0,369,2.49703,1.00915,2.09123
2025-11-05#t714w2,2025-11-05,Mr. Hogan,122,1.0,157,2.18536,1.73811,2.21962
2025-11-05#t715w0,2025-11-05,Hon. Mr. Legacy,345,1.0,418,2.76846,-1.44324,1.986
2025-11-05#t715w1,2025-11-05,Hon. Mr. Legacy,331,1.0,397,2.78667,0.93416,2.0094
2025-11-05#t715w2,2025-11-05,Hon. Mr. Legacy,71,1.0,85,3.77093,-2.47098,1.93905
2025-11-05#t718w0,2025-11-05,Hon. Mr. Legacy,170,1.0,198,3.21294,-0.7225,1.93389
2025-11-05#t719w0,2025-11-05,Mr. Savoie,267,1.0,319,2.45796,1.621,2.1017
2025-11-05#t719w1,2025-11-05,Mr. Savoie,175,1.0,207,2.55305,-1.27022,2.11378
2025-11-05#t721w0,2025-11-05,Mr. Savoie,135,1.0,165,3.10363,-1.89065,1.93828
2025-11-05#t723w0,2025-11-05,Mr. Arseneault,90,1.0,105,2.9446,0.10896,1.94826
2025-11-06#t725w0,2025-11-06,Hon. Mr. D’Amours,155,0.606,198,2.55488,-0.41456,1.93416
2025-11-06#t727w0,2025-11-06,Mr. Coon,111,0.964,138,2.84101,0.38544,1.91462
2025-11-06#t728w0,2025-11-06,Hon. Ms. Thériault,203,0.463,282,2.82516,-0.34584,1.84542
2025-11-06#t729w0,2025-11-06,Ms. M. Johnson,294,1.0,376,2.56434,0.82349,1.92771
2025-11-06#t730w0,2025-11-06,Ms. Scott-Wallace,162,1.0,204,2.29203,0.78373,2.06976
2025-11-06#t731w0,2025-11-06,Mr. Mallet,162,0.0,223,2.63869,-0.73686,1.912
2025-11-06#t732w0,2025-11-06,Mr. Lee,153,1.0,191,2.76732,0.43787,1.97352
2025-11-06#t733w0,2025-11-06,Mr. Coon,151,1.0,208,2.40534,-0.50264,1.97918
2025-11-06#t734w0,2025-11-06,Hon. Ms. Boudreau,151,0.232,205,2.72208,-1.38283,2.01941
2025-11-06#t735w0,2025-11-06,Ms. Bockus,154,1.0,190,2.69755,-0.18649,1.96039
2025-11-06#t736w0,2025-11-06,Ms. Mitton,160,1.0,205,2.26448,-0.00057,2.0114
2025-11-06#t737w0,2025-11-06,Hon. Mr. Randall,106,0.943,132,2.49741,0.26529,2.01347
2025-11-06#t738w0,2025-11-06,Hon. Mr. LePage,170,0.0,219,2.70617,-0.1563,2.0295
2025-11-06#t739w0,2025-11-06,Mr. Weir,144,1.0,177,2.76734,-0.685,2.04959
2025-11-06#t740w0,2025-11-06,Ms. Mitton,169,1.0,215,3.23784,-1.21522,1.85076
2025-11-06#t741w0,2025-11-06,Mr. Bourque,131,0.26,157,2.22856,0.24105,2.09996
2025-11-06#t742w0,2025-11-06,Ms. Conroy,200,1.0,270,2.84555,-1.04044,1.92833
2025-11-06#t743w0,2025-11-06,Mr. Doucet,107,0.0,135,2.70429,-1.16443,2.08908
2025-11-06#t744w0,2025-11-06,Mr. Hogan,168,1.0,211,2.44612,-0.68895,1.99001
2025-11-06#t745w0,2025-11-06,Mr. J. LeBlanc,133,1.0,168,2.68072,-0.32244,2.00937
2025-11-06#t746w0,2025-11-06,Mr. Lee,139,1.0,158,2.80178,-0.59948,1.95978
2025-11-06#t747w0,2025-11-06,Mr. Robichaud,164,0.299,195,2.34304,0.39467,2.03037
2025-11-06#t748w0,2025-11-06,Ms. M. Wilson,139,1.0,177,2.1311,0.44901,2.23752
2025-11-06#t749w0,2025-11-06,Mr. Savoie,121,0.934,156,2.661,-0.36155,1.97224
2025-11-06#t750w0,2025-11-06,Hon. Mr. Hickey,144,1.0,175,2.44878,0.95007,2.12168
2025-11-06#t751w0,2025-11-06,Mr. Savoie,136,1.0,171,3.01182,-1.85661,1.89782
2025-11-06#t752w0,2025-11-06,Hon. Mr. Hickey,108,1.0,139,2.87512,-1.09836,1.93959
2025-11-06#t753w0,2025-11-06,Hon. Mr. Hickey,52,1.0,77,2.78876,0.61503,1.93722
2025-11-06#t754w0,2025-11-06,Mr. Savoie,167,1.0,220,2.70047,0.00516,1.96908
2025-11-06#t755w0,2025-11-06,Hon. Mr. Hickey,83,1.0,120,2.46563,0.04175,2.05532
2025-11-06#t756w0,2025-11-06,Hon. Mr. Hickey,92,1.0,124,2.39232,1.29795,2.15815
2025-11-06#t757w0,2025-11-06,Mr. Savoie,125,1.0,156,2.78409,0.77025,1.90659
2025-11-06#t758w0,2025-11-06,Hon. Mr. Legacy,138,1.0,194,2.83967,-0.90724,2.04686
2025-11-06#t759w0,2025-11-06,Mr. Savoie,134,1.0,176,2.30022,0.85382,2.18344
2025-11-06#t760w0,2025-11-06,Hon. Mr. LePage,154,0.0,181,2.31049,0.18216,2.12597
2025-11-06#t761w0,2025-11-06,Mr. Savoie,170,1.0,203,2.50568,-0.21228,2.01018
2025-11-06#t762w0,2025-11-06,Hon. Mr. LePage,120,0.192,154,2.746,0.46837,2.02884
2025-11-06#t763w0,2025-11-06,Mr. Savoie,174,0.914,232,2.5718,-0.477,2.0973
2025-11-06#t764w0,2025-11-06,Hon. Mr. LePage,133,0.0,153,2.53523,0.06654,2.06964
2025-11-06#t765w0,2025-11-06,Mr. Lee,110,1.0,126,2.99283,-0.40948,1.99717
2025-11-06#t766w0,2025-11-06,Hon. C. Johnson,136,1.0,163,2.49379,-0.05106,2.14652
2025-11-06#t767w0,2025-11-06,Mr. Lee,77,1.0,96,2.66084,-0.22607,2.02845
2025-11-06#t768w0,2025-11-06,Hon. C. Johnson,96,0.0,116,2.51845,-0.42139,2.03542
2025-11-06#t769w0,2025-11-06,Mr. Lee,150,1.0,172,2.67574,-0.18145,2.01461
2025-11-06#t770w0,2025-11-06,Hon. C. Johnson,132,1.0,167,2.96258,-0.77288,2.03846
2025-11-06#t771w0,2025-11-06,Mr. Coon,180,1.0,211,2.84481,-0.75181,1.9526
2025-11-06#t772w0,2025-11-06,Hon. Mr. Legacy,149,0.0,176,2.7468,-0.05142,2.04879
2025-11-06#t773w0,2025-11-06,Mr. Coon,102,0.0,114,3.37372,-1.48759,1.91498
2025-11-06#t774w0,2025-11-06,Hon. Mr. Legacy,137,0.0,162,2.81753,-0.63963,2.07823
2025-11-06#t775w0,2025-11-06,Mr. Monahan,150,1.0,189,2.92705,0.05221,1.9328
2025-11-06#t776w0,2025-11-06,Hon. Mr. Gauvin,163,0.0,195,2.53641,0.284,2.15732
2025-11-06#t777w0,2025-11-06,Mr. Monahan,158,1.0,199,2.52829,-0.85451,1.97146
2025-11-06#t778w0,2025-11-06,Hon. Mr. Gauvin,174,0.0,201,2.83018,0.42786,1.98381
2025-11-06#t779w0,2025-11-06,Mr. Savoie,173,1.0,220,2.47559,-0.6149,2.06947
2025-11-06#t780w0,2025-11-06,Hon. Mr. Hickey,138,1.0,185,2.79294,-0.04632,2.00399
2025-11-06#t782w0,2025-11-06,Ms. M. Johnson,102,1.0,148,2.26092,1.37494,2.14105
2025-11-06#t783w0,2025-11-06,Madam Speaker,104,1.0,141,2.50405,2.32984,2.04064
2025-11-06#t784w0,2025-11-06,Mr. M. LeBlanc,162,1.0,205,2.50356,0.502,2.03606
2025-11-06#t785w0,2025-11-06,Madam Speaker,103,1.0,133,2.32095,2.47426,2.15613
2025-11-06#t787w0,2025-11-06,Hon. Mr. D’Amours,59,0.373,85,2.21457,0.76852,2.18953
2025-11-06#t788w0,2025-11-06,Hon. Mr. D’Amours,218,0.541,250,2.13122,1.28585,2.18165
2025-11-06#t789w0,2025-11-06,Mr. Cullins,125,1.0,153,2.1613,1.60806,2.10834
2025-11-06#t790w0,2025-11-06,Mr. Coon,179,0.899,220,2.52534,-0.07293,2.17454
2025-11-06#t791w0,2025-11-06,Hon. Ms. Thériault,345,0.609,441,2.02323,1.68082,2.1576
2025-11-06#t791w1,2025-11-06,Hon. Ms. Thériault,112,1.0,135,2.75447,-1.04389,2.12306
2025-11-06#t792w0,2025-11-06,Ms. Mitton,133,0.549,165,2.1847,1.31125,2.27217
2025-11-06#t793w0,2025-11-06,Hon. Mr. Randall,261,0.92,340,2.282,0.92992,2.02675
2025-11-06#t794w0,2025-11-06,Ms. M. Johnson,214,1.0,267,2.66261,-1.59812,2.0224
2025-11-06#t795w0,2025-11-06,Ms. Mitton,280,1.0,327,2.22799,1.57778,2.21
2025-11-06#t795w1,2025-11-06,Ms. Mitton,142,0.782,189,2.2477,0.84676,2.0555
2025-11-06#t796w0,2025-11-06,Ms. M. Johnson,353,0.119,450,2.52674,0.77285,2.04016
2025-11-06#t796w1,2025-11-06,Ms. M. Johnson,273,0.0,340,2.4407,0.52897,2.05164
2025-11-06#t797w0,2025-11-06,Mr. Coon,304,1.0,385,2.75761,-0.88167,1.95942
2025-11-06#t797w1,2025-11-06,Mr. Coon,335,1.0,408,2.75952,-0.86683,2.04163
2025-11-06#t797w2,2025-11-06,Mr. Coon,270,1.0,353,2.96978,-0.81869,1.93174
2025-11-06#t797w3,2025-11-06,Mr. Coon,310,1.0,384,2.51681,1.02771,2.04665
2025-11-06#t797w4,2025-11-06,Mr. Coon,150,1.0,186,2.4515,0.36118,2.08778
2025-11-06#t799w0,2025-11-06,Mr. Lee,355,1.0,415,2.46307,1.04648,2.15913
2025-11-06#t799w1,2025-11-06,Mr. Lee,349,1.0,447,2.47412,-0.17581,2.05991
2025-11-06#t799w2,2025-11-06,Mr. Lee,331,1.0,421,2.73572,-0.247,2.00767
2025-11-06#t799w3,2025-11-06,Mr. Lee,289,1.0,355,2.77042,-0.84912,1.9981
2025-11-06#t799w4,2025-11-06,Mr. Lee,233,1.0,278,2.3381,-0.32477,2.09479
2025-11-06#t801w0,2025-11-06,Mr. M. LeBlanc,282,0.0,348,2.66404,-1.13136,1.9987
2025-11-06#t801w1,2025-11-06,Mr. M. LeBlanc,304,0.0,386,2.44792,1.02797,2.03989
2025-11-06#t801w2,2025-11-06,Mr. M. LeBlanc,320,0.0,391,2.38623,-0.20584,2.05955
2025-11-06#t801w3,2025-11-06,Mr. M. LeBlanc,349,0.0,438,2.43497,-0.17403,2.10068
2025-11-06#t801w4,2025-11-06,Mr. M. LeBlanc,335,0.0,419,2.41627,-0.79029,2.04109
2025-11-06#t803w0,2025-11-06,Mr. Oliver,270,1.0,347,2.09158,1.9293,2.20046
2025-11-06#t803w1,2025-11-06,Mr. Oliver,332,1.0,443,2.42255,3.65304,2.09723
2025-11-06#t803w2,2025-11-06,Mr. Oliver,233,1.0,307,2.77629,0.04742,1.92085
2025-11-06#t805w0,2025-11-06,Ms. S. Wilson,317,1.0,401,2.51024,0.27192,2.09807
2025-11-06#t805w1,2025-11-06,Ms. S. Wilson,329,1.0,408,2.50652,1.69636,2.07978
2025-11-06#t805w2,2025-11-06,Ms. S. Wilson,333,1.0,411,2.54524,0.45502,2.01908
2025-11-06#t805w3,2025-11-06,Ms. S. Wilson,348,1.0,433,2.61843,-0.13198,2.00649
2025-11-06#t805w4,2025-11-06,Ms. S. Wilson,53,1.0,75,2.01662,2.258,2.42714
2025-11-06#t808w0,2025-11-06,,228,0.952,304,2.48496,1.49965,1.99507
2025-11-06#t809w0,2025-11-06,Ms. M. Johnson,328,1.0,430,2.29272,0.60152,2.15073
2025-11-06#t809w1,2025-11-06,Ms. M. Johnson,331,1.0,397,2.41695,-0.07071,2.10296
2025-11-06#t809w2,2025-11-06,Ms. M. Johnson,317,1.0,392,2.45715,0.45461,2.06609
2025-11-06#t809w3,2025-11-06,Ms. M. Johnson,353,1.0,413,3.02013,-0.35635,1.96853
2025-11-06#t809w4,2025-11-06,Ms. M. Johnson,335,1.0,417,2.6093,0.99992,2.01321
2025-11-06#t809w5,2025-11-06,Ms. M. Johnson,117,1.0,139,2.80166,-0.01992,1.97791
2025-11-06#t810w0,2025-11-06,Hon. Ms. Miles,354,1.0,420,2.4613,0.92329,2.07258
2025-11-06#t811w0,2025-11-06,Hon. Ms. Miles,350,1.0,433,2.72575,-0.88838,2.00909
2025-11-06#t811w1,2025-11-06,Hon. Ms. Miles,353,1.0,425,2.89765,-1.33562,1.96109
2025-11-06#t811w2,2025-11-06,Hon. Ms. Miles,306,1.0,366,2.53902,1.44038,2.11986
2025-11-06#t811w3,2025-11-06,Hon. Ms. Miles,349,1.0,440,2.56379,1.22143,2.06046
2025-11-06#t811w4,2025-11-06,Hon. Ms. Miles,289,1.0,384,2.25895,0.62712,2.08947
2025-11-06#t814w0,2025-11-06,Ms. Conroy,326,1.0,437,2.2996,-0.62938,2.16171
2025-11-06#t814w1,2025-11-06,Ms. Conroy,323,1.0,402,2.53816,0.66163,2.03422
2025-11-06#t814w2,2025-11-06,Ms. Conroy,302,1.0,386,2.56321,0.00297,2.01845
2025-11-06#t814w3,2025-11-06,Ms. Conroy,303,1.0,374,2.69804,-1.78891,2.0279
2025-11-06#t814w4,2025-11-06,Ms. Conroy,289,1.0,375,2.75646,-1.74154,2.02639
2025-11-06#t814w5,2025-11-06,Ms. Conroy,285,1.0,378,2.53015,-0.04033,2.0237
2025-11-06#t814w6,2025-11-06,Ms. Conroy,121,1.0,174,2.89865,-0.83769,1.86118
2025-11-06#t818w0,2025-11-06,Mr. M. LeBlanc,96,1.0,127,2.28981,-0.17693,1.93385
2025-11-06#t821w0,2025-11-06,Madam Speaker,61,0.705,84,2.71091,-0.16401,1.94225
2025-11-06#t822w0,2025-11-06,Mr. Doucet,278,0.032,341,2.90493,-2.29477,1.95886
2025-11-06#t822w1,2025-11-06,Mr. Doucet,303,0.0,364,2.55038,0.83688,2.01895
2025-11-06#t822w2,2025-11-06,Mr. Doucet,315,0.0,400,2.55576,-0.48287,2.00249
2025-11-06#t822w3,2025-11-06,Mr. Doucet,156,0.0,191,2.94016,0.75712,1.88413
2025-11-06#t823w0,2025-11-06,Mr. Doucet,332,0.015,420,2.56037,0.33624,2.06129
2025-11-06#t823w1,2025-11-06,Mr. Doucet,337,0.0,419,2.94166,-0.53986,1.95668
2025-11-06#t823w2,2025-11-06,Mr. Doucet,120,0.0,150,2.65264,-1.00097,2.03143
2025-11-06#t825w0,2025-11-06,Mr. Coon,259,1.0,331,2.94371,-1.02749,1.96857
2025-11-06#t825w1,2025-11-06,Mr. Coon,345,1.0,435,2.80961,0.5888,2.01159
2025-11-06#t825w2,2025-11-06,Mr. Coon,325,1.0,406,2.91121,-1.39405,1.98261
2025-11-06#t825w3,2025-11-06,Mr. Coon,288,1.0,361,2.92167,-0.18879,1.9597
2025-11-06#t828w0,2025-11-06,Ms. S. Wilson,272,1.0,340,2.68645,0.15631,2.05282
2025-11-06#t828w1,2025-11-06,Ms. S. Wilson,319,1.0,376,2.40323,1.74594,2.10981
2025-11-06#t828w2,2025-11-06,Ms. S. Wilson,360,1.0,445,2.53383,0.29701,2.0803
2025-11-06#t828w3,2025-11-06,Ms. S. Wilson,262,1.0,322,2.70956,0.46009,2.01433
2025-11-06#t831w0,2025-11-06,Mr. M. LeBlanc,65,1.0,76,2.88856,0.60573,1.92399
2025-11-06#t833w0,2025-11-06,Ms. S. Wilson,61,1.0,83,2.69125,1.34774,2.07408
2025-11-06#t835w0,2025-11-06,Mr. Robichaud,358,0.0,448,2.2733,2.60002,2.17001
2025-11-06#t835w1,2025-11-06,Mr. Robichaud,317,0.0,383,2.35816,1.20916,2.20405
2025-11-06#t835w2,2025-11-06,Mr. Robichaud,216,0.0,276,2.94958,0.02375,1.99321
2025-11-06#t835w3,2025-11-06,Mr. Robichaud,350,0.0,418,2.69356,0.30894,2.03398
2025-11-06#t835w4,2025-11-06,Mr. Robichaud,89,0.0,103,2.89386,0.28963,2.00547
2025-11-06#t836w0,2025-11-06,,355,0.0,419,2.73392,1.09443,2.0098
2025-11-06#t836w1,2025-11-06,,334,0.0,408,2.74556,0.31473,1.99125
2025-11-06#t836w2,2025-11-06,,255,0.0,309,2.84567,-0.57935,2.0225
2025-11-06#t837w0,2025-11-06,Mr. Monahan,288,1.0,354,2.47425,0.16484,2.11524
2025-11-06#t837w1,2025-11-06,Mr. Monahan,123,1.0,160,2.92606,-0.9914,1.96817
2025-11-07#t839w0,2025-11-07,Hon. C. Chiasson,195,1.0,256,2.04618,1.162,2.16429
2025-11-07#t840w0,2025-11-07,Ms. M. Wilson,150,1.0,182,2.13066,0.6454,2.11913
2025-11-07#t842w0,2025-11-07,Hon. Mr. Gauvin,90,0.0,124,2.62074,-1.20102,2.03143
2025-11-07#t843w0,2025-11-07,Mr. Savoie,66,0.0,88,2.56325,-2.52036,1.97721
2025-11-07#t845w0,2025-11-07,Mr. J. LeBlanc,152,0.0,189,2.49839,1.3935,1.99745
2025-11-07#t846w0,2025-11-07,Ms. M. Wilson,129,1.0,161,2.8165,-1.13531,1.92234
2025-11-07#t847w0,2025-11-07,Mr. Coon,166,1.0,213,2.53404,-0.63433,2.01703
2025-11-07#t848w0,2025-11-07,Ms. Wilcott,132,1.0,160,2.37252,-0.70461,2.16833
2025-11-07#t849w0,2025-11-07,Ms. Scott-Wallace,166,1.0,220,2.4979,-2.13308,2.06818
2025-11-07#t850w0,2025-11-07,Ms. Mitton,156,0.987,192,2.09063,1.13792,2.16036
2025-11-07#t852w0,2025-11-07,Hon. Ms. Townsend,167,0.988,196,2.31404,1.41547,2.19117
2025-11-07#t853w0,2025-11-07,Mr. Hogan,142,1.0,172,2.50592,1.63153,2.06624
2025-11-07#t854w0,2025-11-07,Mr. Russell,137,1.0,163,2.51468,-0.20379,2.02787
2025-11-07#t855w0,2025-11-07,Mr. Coon,160,0.975,187,2.72398,-0.34539,1.97476
2025-11-07#t856w0,2025-11-07,Mr. Johnston,169,0.852,209,3.06001,-0.82439,1.99612
2025-11-07#t857w0,2025-11-07,Mr. Oliver,134,1.0,182,2.68432,-0.6195,1.93016
2025-11-07#t858w0,2025-11-07,Mr. Arseneault,154,0.545,181,2.17102,1.35252,2.24146
2025-11-07#t859w0,2025-11-07,Ms. Scott-Wallace,165,1.0,191,2.49241,-0.66644,2.04555
2025-11-07#t860w0,2025-11-07,Mr. Mallet,136,0.0,162,2.49882,-0.34667,2.01597
2025-11-07#t861w0,2025-11-07,Mr. Cullins,157,1.0,196,2.06091,0.7321,2.10024
2025-11-07#t862w0,2025-11-07,Ms. Sodhi,156,1.0,194,2.3213,1.28427,2.10655
2025-11-07#t863w0,2025-11-07,Ms. S. Wilson,142,1.0,183,2.46259,0.4718,1.98404
2025-11-07#t864w0,2025-11-07,Hon. Ms. Holt,190,0.568,233,2.30005,0.99343,2.1197
2025-11-07#t865w0,2025-11-07,Hon. Ms. Boudreau,260,0.015,324,2.33242,1.06808,2.07651
2025-11-07#t866w0,2025-11-07,Ms. Scott-Wallace,102,1.0,122,2.62798,-0.53356,2.03926
2025-11-07#t867w0,2025-11-07,Ms. Mitton,72,0.458,92,2.22424,0.63841,2.04874
2025-11-07#t868w0,2025-11-07,Mr. Savoie,94,0.915,110,2.78179,0.06844,1.92787
2025-11-07#t869w0,2025-11-07,Hon. Ms. Holt,156,1.0,193,2.63486,0.24182,2.13504
2025-11-07#t870w0,2025-11-07,Mr. Savoie,191,1.0,261,2.58857,-0.70194,2.09622
2025-11-07#t871w0,2025-11-07,Hon. Ms. Holt,169,0.728,217,2.45612,-0.02586,1.98627
2025-11-07#t872w0,2025-11-07,Mr. Savoie,189,1.0,257,2.66772,-0.45429,2.01457
2025-11-07#t873w0,2025-11-07,Hon. Ms. Holt,180,1.0,229,2.34699,1.80381,2.06838
2025-11-07#t874w0,2025-11-07,Mr. Savoie,189,1.0,240,2.62421,0.09019,2.05084
2025-11-07#t875w0,2025-11-07,Hon. Mr. Dornan,140,1.0,179,2.84177,-1.8847,2.03006
2025-11-07#t876w0,2025-11-07,Mr. Savoie,191,1.0,231,2.94842,-0.31415,1.95755
2025-11-07#t877w0,2025-11-07,Hon. Mr. Dornan,141,1.0,178,2.75629,0.85068,1.99486
2025-11-07#t878w0,2025-11-07,Mr. Hogan,125,0.952,155,2.47638,0.29683,2.08763
2025-11-07#t879w0,2025-11-07,Hon. Mr. Dornan,154,1.0,184,2.49082,1.5309,2.10046
2025-11-07#t880w0,2025-11-07,Mr. Hogan,92,1.0,114,2.59317,0.89077,1.99641
2025-11-07#t881w0,2025-11-07,Hon. Mr. Dornan,155,1.0,185,2.80682,-0.5635,2.15092
2025-11-07#t882w0,2025-11-07,Mr. Hogan,167,1.0,192,2.59218,0.02047,2.07763
2025-11-07#t883w0,2025-11-07,Hon. Mr. Dornan,108,1.0,130,2.78714,0.14902,2.05062
2025-11-07#t884w0,2025-11-07,Ms. Scott-Wallace,185,1.0,226,2.94071,-1.38941,1.97098
2025-11-07#t885w0,2025-11-07,Hon. Mr. Dornan,155,1.0,198,2.85321,-1.3918,2.00806
2025-11-07#t886w0,2025-11-07,Ms. Scott-Wallace,204,1.0,246,2.74336,-0.73009,2.04249
2025-11-07#t887w0,2025-11-07,Hon. Mr. Dornan,119,1.0,146,2.79133,-1.56616,1.99928
2025-11-07#t888w0,2025-11-07,Ms. Scott-Wallace,194,1.0,245,2.77134,-2.16237,2.02142
2025-11-07#t889w0,2025-11-07,Hon. Mr. Dornan,143,1.0,161,2.82514,0.36885,2.10746
2025-11-07#t890w0,2025-11-07,Ms. S. Wilson,130,1.0,152,2.49425,-0.56837,2.04506
2025-11-07#t891w0,2025-11-07,Hon. Mr. Gauvin,117,0.0,139,2.70432,0.86454,2.03041
2025-11-07#t892w0,2025-11-07,Ms. S. Wilson,140,1.0,160,2.58184,0.92331,1.98659
2025-11-07#t893w0,2025-11-07,Hon. Ms. Holt,184,1.0,212,2.65194,0.96394,1.95928
2025-11-07#t894w0,2025-11-07,Ms. S. Wilson,127,1.0,152,3.14573,-1.43354,1.85269
2025-11-07#t895w0,2025-11-07,Hon. Ms. Holt,149,0.0,189,2.62646,-0.26521,2.10631
2025-11-07#t896w0,2025-11-07,Mr. Savoie,206,1.0,260,1.98623,1.56185,2.25568
2025-11-07#t897w0,2025-11-07,Hon. Mr. Dornan,110,1.0,147,2.76259,-0.88765,2.00707
2025-11-07#t898w0,2025-11-07,Mr. Savoie,200,1.0,257,2.569,-1.62852,2.15017
2025-11-07#t899w0,2025-11-07,Hon. Ms. Holt,171,1.0,208,2.525,-0.58157,2.103
2025-11-07#t901w0,2025-11-07,Hon. Ms. Holt,340,0.665,421,2.70646,-1.83043,1.96614
2025-11-07#t901w1,2025-11-07,Hon. Ms. Holt,165,0.745,191,2.34338,0.54557,2.02686
2025-11-07#t902w0,2025-11-07,Mr. Savoie,330,0.912,401,2.78894,-1.35045,1.98394
2025-11-07#t902w1,2025-11-07,Mr. Savoie,104,1.0,134,2.94453,0.00035,1.87255
2025-11-07#t903w0,2025-11-07,Mr. Coon,347,0.937,428,2.37401,-0.18024,2.11198
2025-11-07#t903w1,2025-11-07,Mr. Coon,92,1.0,113,3.0376,-1.18368,1.88797
2025-11-07#t904w0,2025-11-07,Hon. Ms. Holt,333,0.435,389,2.08196,1.65542,2.18534
2025-11-07#t905w0,2025-11-07,Mr. Savoie,269,0.639,309,2.62605,0.44917,1.98779
2025-11-07#t906w0,2025-11-07,Mr. Coon,226,0.518,275,2.41028,1.67505,2.06103
2025-11-07#t907w0,2025-11-07,Hon. Mr. D’Amours,250,0.396,300,1.83457,-0.51405,2.2221
2025-11-07#t910w0,2025-11-07,Ms. M. Wilson,283,1.0,372,2.33546,0.34917,2.05136
2025-11-07#t911w0,2025-11-07,Mr. Coon,263,0.951,347,2.29212,-1.08337,2.10043
2025-11-07#t912w0,2025-11-07,Hon. Mr. Dornan,161,0.714,199,1.84365,1.14243,2.24845
2025-11-07#t913w0,2025-11-07,Mr. Hogan,213,1.0,266,2.5308,0.44399,2.13964
2025-11-07#t914w0,2025-11-07,Mr. Coon,355,0.854,435,2.4228,-1.02526,2.08833
2025-11-07#t914w1,2025-11-07,Mr. Coon,337,0.353,421,2.0589,0.25947,2.12577
2025-11-07#t915w0,2025-11-07,Hon. Ms. Holt,290,0.776,364,2.18947,1.68312,2.09743
2025-11-07#t915w1,2025-11-07,Hon. Ms. Holt,300,0.193,358,2.53675,0.25935,2.04689
2025-11-07#t915w2,2025-11-07,Hon. Ms. Holt,80,0.0,97,3.21188,-0.78514,1.91338
2025-11-07#t916w0,2025-11-07,Mr. Savoie,299,0.137,372,2.48496,-0.21229,2.06189
2025-11-07#t916w1,2025-11-07,Mr. Savoie,300,1.0,349,2.3659,1.64972,2.11305
2025-11-07#t916w2,2025-11-07,Mr. Savoie,224,0.741,280,2.3848,-1.12007,2.17249
2025-11-07#t917w0,2025-11-07,Mr. Coon,313,0.61,386,2.59802,-0.83055,2.03592
2025-11-07#t919w0,2025-11-07,Hon. Ms. Holt,158,0.253,205,2.62115,-0.84016,2.06318
2025-11-18#t922w0,2025-11-18,Hon. Mr. McKee,91,0.615,112,1.96552,1.62133,2.14805
2025-11-18#t925w0,2025-11-18,Ms. M. Wilson,59,1.0,77,3.03177,-2.183,1.91861
2025-11-18#t930w0,2025-11-18,Hon. Mr. Finnigan,95,0.0,138,2.70288,-2.10584,1.99145
2025-11-18#t931w0,2025-11-18,Hon. C. Chiasson,341,1.0,428,2.10757,1.13538,2.1672
2025-11-18#t932w0,2025-11-18,Mr. Hogan,137,1.0,166,2.68428,-0.53898,1.88809
2025-11-18#t933w0,2025-11-18,Ms. Vautour,141,0.0,185,2.65575,0.4964,2.00315
2025-11-18#t934w0,2025-11-18,Mr. Savoie,152,0.961,181,2.48008,-0.3779,1.98745
2025-11-18#t935w0,2025-11-18,Mr. Coon,161,1.0,196,2.26168,0.40582,2.017
2025-11-18#t936w0,2025-11-18,Hon. Ms. Thériault,124,0.0,175,2.83393,-0.55576,1.89499
2025-11-18#t937w0,2025-11-18,Ms. Conroy,179,1.0,232,2.52294,-0.1591,1.98064
2025-11-18#t938w0,2025-11-18,Ms. Mitton,162,1.0,193,2.07278,1.3173,2.25522
2025-11-18#t939w0,2025-11-18,Hon. Mr. Finnigan,130,0.0,170,2.56994,-0.33178,2.02794
2025-11-18#t940w0,2025-11-18,Mr. Weir,164,1.0,211,2.26362,1.62314,2.10282
2025-11-18#t941w0,2025-11-18,Ms. M. Wilson,146,1.0,187,2.60009,0.9006,2.06039
2025-11-18#t942w0,2025-11-18,Mr. Coon,165,1.0,214,3.14255,-1.38703,1.94092
2025-11-18#t943w0,2025-11-18,Mr. M. LeBlanc,143,1.0,172,2.54882,-0.68942,1.97737
2025-11-18#t944w0,2025-11-18,Ms. Bockus,142,1.0,179,2.57964,0.37449,1.98376
2025-11-18#t945w0,2025-11-18,Mr. Johnston,177,1.0,254,3.34183,-1.42713,1.85671
2025-11-18#t946w0,2025-11-18,Mr. Ames,151,1.0,200,2.59181,-0.64671,1.96886
2025-11-18#t947w0,2025-11-18,Mr. Bourque,181,0.0,223,2.78596,-1.66238,1.91391
2025-11-18#t948w0,2025-11-18,Ms. M. Johnson,144,1.0,175,2.5251,-0.42739,2.05218
2025-11-18#t949w0,2025-11-18,Mr. Doucet,125,0.0,149,2.6177,-1.19263,2.02168
2025-11-18#t950w0,2025-11-18,Mr. Monahan,219,1.0,282,2.57006,-0.16539,1.99669
2025-11-18#t951w0,2025-11-18,Hon. Ms. Holt,148,1.0,175,2.3043,2.00264,2.072
2025-11-18#t953w0,2025-11-18,Hon. Ms. Holt,138,1.0,171,2.77711,-0.81121,1.98235
2025-11-18#t954w0,2025-11-18,Mr. Savoie,50,1.0,66,3.36835,-1.0103,1.82728
2025-11-18#t955w0,2025-11-18,Hon. Ms. Holt,118,1.0,133,2.91777,-1.74694,1.94434
2025-11-18#t956w0,2025-11-18,Mr. Savoie,189,1.0,237,2.56817,-0.16381,1.99936
2025-11-18#t957w0,2025-11-18,Hon. Ms. Holt,132,0.045,158,2.8555,-0.21834,1.96938
2025-11-18#t958w0,2025-11-18,Mr. Savoie,135,1.0,170,2.36949,0.80648,2.14463
2025-11-18#t959w0,2025-11-18,Hon. Ms. Holt,189,1.0,242,2.62687,-0.5485,2.0291
2025-11-18#t960w0,2025-11-18,Mr. Savoie,178,1.0,229,2.47003,-0.50331,1.97307
2025-11-18#t961w0,2025-11-18,Hon. Ms. Holt,198,1.0,250,2.37356,-0.57268,2.12272
2025-11-18#t962w0,2025-11-18,Mr. Savoie,159,1.0,212,2.53695,-1.29844,2.14837
2025-11-18#t963w0,2025-11-18,Hon. Ms. Holt,203,1.0,244,2.40328,-0.46192,2.09884
2025-11-18#t964w0,2025-11-18,Mr. Savoie,165,1.0,198,2.55211,-0.95215,2.01346
2025-11-18#t965w0,2025-11-18,Hon. Ms. Holt,195,1.0,263,2.50811,1.40689,2.11427
2025-11-18#t966w0,2025-11-18,Mr. Savoie,188,1.0,226,2.74185,-1.16467,1.93508
2025-11-18#t967w0,2025-11-18,Hon. Ms. Holt,159,0.0,191,2.50362,1.46534,2.04711
2025-11-18#t968w0,2025-11-18,Mr. Savoie,83,1.0,105,3.00657,-0.94768,1.95425
2025-11-18#t969w0,2025-11-18,Hon. Ms. Holt,177,1.0,211,2.68649,-0.26734,2.01911
2025-11-18#t970w0,2025-11-18,Mr. Savoie,121,1.0,145,2.61466,-0.79953,1.98027
2025-11-18#t971w0,2025-11-18,Hon. Mr. Hickey,203,1.0,230,2.69217,0.75295,2.12839
2025-11-18#t972w0,2025-11-18,Mr. Savoie,102,1.0,120,2.90835,-0.19559,2.05976
2025-11-18#t973w0,2025-11-18,Hon. Mr. Hickey,180,1.0,213,2.71126,0.99052,2.00216
2025-11-18#t974w0,2025-11-18,Mr. Savoie,153,1.0,192,2.68819,-0.3283,2.07297
2025-11-18#t975w0,2025-11-18,Hon. Ms. Holt,193,1.0,232,2.52095,-0.09789,1.99422
2025-11-18#t976w0,2025-11-18,Ms. Mitton,135,1.0,159,3.10579,0.00919,1.91172
2025-11-18#t977w0,2025-11-18,Hon. Mr. Dornan,146,1.0,174,2.52564,0.84438,2.10726
2025-11-18#t978w0,2025-11-18,Ms. Mitton,141,0.106,166,2.8817,-0.35253,1.95213
2025-11-18#t979w0,2025-11-18,Hon. Ms. Boudreau,178,0.197,227,2.18,1.92283,2.2254
2025-11-18#t980w0,2025-11-18,Mr. Savoie,194,1.0,255,2.5295,0.24257,2.07806
2025-11-18#t981w0,2025-11-18,Hon. Mr. Dornan,128,1.0,165,2.93572,-1.67793,2.04758
2025-11-18#t982w0,2025-11-18,Mr. Savoie,192,1.0,235,2.59367,-1.41166,2.11833
2025-11-18#t983w0,2025-11-18,Hon. Ms. Holt,192,1.0,240,2.51773,0.31563,2.02961
2025-11-18#t990w0,2025-11-18,Ms. M. Wilson,324,1.0,395,2.55063,-1.02713,2.00522
2025-11-18#t990w1,2025-11-18,Ms. M. Wilson,135,1.0,168,2.7721,-0.07981,2.17098
2025-11-18#t992w0,2025-11-18,Hon. Ms. Miles,166,0.729,198,2.46548,0.09402,2.00104
2025-11-18#t993w0,2025-11-18,Ms. M. Johnson,192,1.0,217,2.51529,-0.02384,2.03467
2025-11-18#t994w0,2025-11-18,Mr. Coon,174,1.0,225,2.87147,-1.38028,1.97528
2025-11-18#t995w0,2025-11-18,Hon. Mr. McKee,244,0.623,290,2.33937,1.06794,2.06161
2025-11-18#t996w0,2025-11-18,Mr. Weir,284,1.0,358,2.52117,0.1145,2.08297
2025-11-18#t997w0,2025-11-18,Mr. Coon,173,1.0,221,2.50079,0.69689,2.03102
2025-11-18#t998w0,2025-11-18,Hon. Mr. Dornan,239,0.849,294,2.43316,1.34688,2.09442
2025-11-18#t999w0,2025-11-18,Mr. Hogan,243,0.72,286,2.62301,-0.59987,2.08309
2025-11-18#t1000w0,2025-11-18,Mr. Coon,359,0.858,457,2.64885,-2.1405,1.99972
2025-11-18#t1001w0,2025-11-18,Mr. M. LeBlanc,62,1.0,89,2.07923,-0.35571,2.1762
2025-11-18#t1002w0,2025-11-18,Mr. Coon,353,1.0,412,2.44261,-1.43805,2.12155
2025-11-18#t1003w0,2025-11-18,Mr. Hogan,357,1.0,434,2.38428,0.14471,2.13928
2025-11-18#t1003w1,2025-11-18,Mr. Hogan,149,1.0,200,2.41205,0.19997,2.05523
2025-11-18#t1004w0,2025-11-18,,342,1.0,435,2.42991,0.69483,2.0678
2025-11-18#t1004w1,2025-11-18,,348,1.0,430,2.5095,0.20439,2.09306
2025-11-18#t1004w2,2025-11-18,,168,0.893,216,2.51848,-0.33125,2.01828
2025-11-18#t1008w0,2025-11-18,Mr. Cullins,154,1.0,186,2.3967,0.53107,2.09091
2025-11-18#t1010w0,2025-11-18,Mr. M. LeBlanc,54,1.0,70,2.60011,-0.0405,2.14827
2025-11-18#t1012w0,2025-11-18,Mr. Cullins,359,0.758,453,2.20099,-0.51016,2.04412
2025-11-18#t1012w1,2025-11-18,Mr. Cullins,348,0.408,435,2.42645,0.46514,2.06323
2025-11-18#t1012w2,2025-11-18,Mr. Cullins,136,0.831,170,2.26031,0.37453,2.05865
2025-11-18#t1014w0,2025-11-18,Mr. Austin,326,1.0,389,2.59324,0.11338,2.08628
2025-11-18#t1014w1,2025-11-18,Mr. Austin,322,1.0,373,2.66075,0.32893,2.03789
2025-11-18#t1014w2,2025-11-18,Mr. Austin,198,1.0,247,2.50941,-0.13451,2.02791
2025-11-18#t1015w0,2025-11-18,,356,0.593,442,2.17941,0.7155,2.06936
2025-11-18#t1015w1,2025-11-18,,213,0.793,240,2.44503,1.04762,2.05896
2025-11-18#t1016w0,2025-11-18,Madam Speaker,82,1.0,113,2.92392,-1.19901,1.91771
2025-11-18#t1017w0,2025-11-18,Mr. Ames,345,1.0,422,2.42113,1.45498,2.07895
2025-11-18#t1017w1,2025-11-18,Mr. Ames,348,0.402,432,2.44188,0.78544,1.98193
2025-11-18#t1017w2,2025-11-18,Mr. Ames,344,0.224,392,2.30302,-0.35069,2.04129
2025-11-18#t1017w3,2025-11-18,Mr. Ames,211,0.166,256,2.17709,2.90597,2.04695
2025-11-18#t1018w0,2025-11-18,Mr. Ames,339,1.0,421,2.37736,2.19663,2.06749
2025-11-18#t1018w1,2025-11-18,Mr. Ames,72,1.0,91,3.00937,0.01524,2.04208
2025-11-18#t1019w0,2025-11-18,Mr. Coon,348,1.0,478,2.31171,0.01823,2.13127
2025-11-18#t1019w1,2025-11-18,Mr. Coon,275,1.0,370,2.75025,0.30399,1.96121
2025-11-18#t1019w2,2025-11-18,Mr. Coon,328,1.0,411,2.86068,0.06127,1.99328
2025-11-18#t1019w3,2025-11-18,Mr. Coon,284,1.0,373,2.92984,-0.84615,1.93427
2025-11-18#t1019w4,2025-11-18,Mr. Coon,167,1.0,211,2.6095,0.2927,2.1182
2025-11-18#t1020w0,2025-11-18,Mr. Austin,280,1.0,343,2.3076,1.33645,2.13608
2025-11-18#t1020w1,2025-11-18,Mr. Austin,319,1.0,386,2.65538,0.30212,2.04237
2025-11-18#t1020w2,2025-11-18,Mr. Austin,321,1.0,380,2.47632,1.4652,2.09454
2025-11-18#t1020w3,2025-11-18,Mr. Austin,295,1.0,354,2.59056,0.99537,2.01319
2025-11-18#t1020w4,2025-11-18,Mr. Austin,271,1.0,335,2.47343,1.64093,2.11084
2025-11-18#t1020w5,2025-11-18,Mr. Austin,324,0.914,398,2.56391,-0.22408,2.04562
2025-11-19#t1023w0,2025-11-19,Hon. Ms. Boudreau,171,0.0,218,2.73516,-0.63036,1.95987
2025-11-19#t1024w0,2025-11-19,Mr. Russell,140,1.0,178,2.32043,1.13105,2.11806
2025-11-19#t1025w0,2025-11-19,Mr. Bourque,130,0.0,168,2.61965,0.02437,1.97541
2025-11-19#t1026w0,2025-11-19,Ms. M. Johnson,327,1.0,409,2.41725,-0.07331,2.06294
2025-11-19#t1027w0,2025-11-19,Hon. Ms. Holt,198,1.0,253,2.25815,-0.84155,2.03357
2025-11-19#t1028w0,2025-11-19,Ms. Bockus,151,1.0,183,2.66912,0.29582,1.90111
2025-11-19#t1029w0,2025-11-19,Mr. Coon,144,1.0,197,1.99319,1.5036,2.14102
2025-11-19#t1030w0,2025-11-19,Mr. Johnston,136,0.971,192,2.76667,-0.61052,1.97043
2025-11-19#t1031w0,2025-11-19,Mr. Oliver,146,1.0,190,2.4155,-0.70472,2.08793
2025-11-19#t1032w0,2025-11-19,Ms. Mitton,162,1.0,210,1.8507,1.05056,2.14672
2025-11-19#t1033w0,2025-11-19,Mr. Weir,153,1.0,194,2.46268,0.55129,2.03076
2025-11-19#t1034w0,2025-11-19,Ms. Mitton,168,1.0,209,2.44253,-0.20971,2.13271
2025-11-19#t1035w0,2025-11-19,Mr. J. LeBlanc,105,1.0,130,2.64676,-0.28046,2.09615
2025-11-19#t1036w0,2025-11-19,Ms. Conroy,153,1.0,202,2.31079,-0.95514,2.01065
2025-11-19#t1037w0,2025-11-19,Ms. Vautour,147,0.0,177,2.48665,1.63596,2.12767
2025-11-19#t1038w0,2025-11-19,Mr. Hogan,148,1.0,190,2.80758,-1.01576,1.98091
2025-11-19#t1039w0,2025-11-19,Mr. Robichaud,168,0.202,216,2.52977,-1.12001,2.11313
2025-11-19#t1040w0,2025-11-19,Mr. Lee,157,1.0,196,2.5521,1.10466,2.01997
2025-11-19#t1041w0,2025-11-19,Ms. Wilcott,83,0.602,104,2.37516,-0.42911,2.09454
2025-11-19#t1042w0,2025-11-19,Mr. Austin,184,1.0,230,2.89683,-1.48826,1.98741
2025-11-19#t1043w0,2025-11-19,Mr. Savoie,110,1.0,130,2.34841,-0.24587,2.0862
2025-11-19#t1044w0,2025-11-19,Hon. Ms. Holt,154,0.0,192,2.45619,-0.19358,2.0186
2025-11-19#t1046w0,2025-11-19,Hon. Mr. McKee,156,1.0,204,2.56283,-1.67075,2.07357
2025-11-19#t1048w0,2025-11-19,Hon. Mr. McKee,67,1.0,89,2.37946,0.37587,2.16502
2025-11-19#t1049w0,2025-11-19,Hon. Mr. McKee,93,1.0,119,2.80085,-1.09689,1.97685
2025-11-19#t1050w0,2025-11-19,Mr. Savoie,168,1.0,212,2.07415,0.32154,2.05809
2025-11-19#t1051w0,2025-11-19,Hon. Mr. Dornan,178,1.0,225,2.65362,-0.06419,2.15177
2025-11-19#t1052w0,2025-11-19,Mr. Savoie,114,1.0,134,2.65324,-0.24478,2.00664
2025-11-19#t1053w0,2025-11-19,Hon. Mr. Dornan,187,1.0,218,2.47832,0.89945,2.10762
2025-11-19#t1054w0,2025-11-19,Mr. Savoie,85,1.0,99,2.48333,-0.84179,1.96552
2025-11-19#t1055w0,2025-11-19,Hon. Mr. Dornan,148,1.0,180,2.73152,-0.22068,2.00512
2025-11-19#t1056w0,2025-11-19,Mr. Savoie,72,1.0,92,2.66347,0.06878,1.91677
2025-11-19#t1057w0,2025-11-19,Hon. Mr. Dornan,115,1.0,137,2.77573,-0.26919,2.02323
2025-11-19#t1058w0,2025-11-19,Mr. Austin,185,1.0,226,2.65721,-0.93479,2.00422
2025-11-19#t1059w0,2025-11-19,Hon. Mr. Herron,104,1.0,123,2.81584,-1.42752,2.0087
2025-11-19#t1060w0,2025-11-19,Mr. Austin,183,1.0,243,2.22313,0.29327,2.10802
2025-11-19#t1061w0,2025-11-19,Hon. Mr. Herron,111,1.0,152,2.20621,0.183,2.1349
2025-11-19#t1062w0,2025-11-19,Mr. Austin,183,1.0,230,2.70178,-1.38939,2.02798
2025-11-19#t1063w0,2025-11-19,Hon. Mr. Herron,174,1.0,211,2.93227,-1.2118,1.89066
2025-11-19#t1064w0,2025-11-19,Mr. Monahan,155,1.0,197,2.62653,-1.3149,2.09068
2025-11-19#t1065w0,2025-11-19,Hon. Mr. McKee,151,1.0,199,2.2711,-0.02678,2.11183
2025-11-19#t1066w0,2025-11-19,M. Monahan,149,0.0,185,2.6036,-0.71861,2.05589
2025-11-19#t1067w0,2025-11-19,Hon. Mr. McKee,138,0.0,169,2.74697,-0.65285,1.96599
2025-11-19#t1068w0,2025-11-19,Mr. Monahan,152,1.0,192,3.02019,-1.7513,1.90589
2025-11-19#t1069w0,2025-11-19,Hon. Mr. McKee,151,1.0,186,2.87544,-0.40885,1.95766
2025-11-19#t1070w0,2025-11-19,Mr. Coon,150,1.0,181,2.975,-0.48255,2.07344
2025-11-19#t1071w0,2025-11-19,Hon. K. Chiasson,107,1.0,132,2.93352,-0.22883,1.93085
2025-11-19#t1072w0,2025-11-19,Mr. Coon,127,1.0,160,2.78831,-2.06848,2.09126
2025-11-19#t1073w0,2025-11-19,Hon. K. Chiasson,101,1.0,126,2.65568,-1.61534,2.04488
2025-11-19#t1074w0,2025-11-19,Mr. Coon,124,0.137,147,2.77226,-1.31039,1.97517
2025-11-19#t1075w0,2025-11-19,Hon. K. Chiasson,141,0.972,176,2.47042,-0.57962,1.9604
2025-11-19#t1076w0,2025-11-19,Mr. Savoie,153,1.0,202,2.74288,-0.72203,1.95073
2025-11-19#t1077w0,2025-11-19,Hon. Ms. Holt,74,0.527,98,2.54915,-0.34138,2.0223
2025-11-19#t1079w0,2025-11-19,Hon. Ms. Holt,94,1.0,113,2.90154,-0.26502,1.94802
2025-11-19#t1081w0,2025-11-19,Mr. J. LeBlanc,104,0.0,138,2.75109,-1.62722,1.98883
2025-11-19#t1082w0,2025-11-19,Hon. Mr. Herron,337,0.772,402,2.20354,0.46418,2.17439
2025-11-19#t1082w1,2025-11-19,Hon. Mr. Herron,139,1.0,171,2.78049,-0.1329,1.96322
2025-11-19#t1083w0,2025-11-19,Mr. Austin,309,1.0,396,2.61933,-0.27831,2.02032
2025-11-19#t1083w1,2025-11-19,Mr. Austin,280,1.0,351,2.80653,-0.05566,1.9819
2025-11-19#t1084w0,2025-11-19,Mr. Coon,353,1.0,444,2.47576,0.96744,2.0785
2025-11-19#t1084w1,2025-11-19,Mr. Coon,192,1.0,230,3.08987,-1.48303,1.94649
2025-11-19#t1085w0,2025-11-19,Hon. Mr. Hickey,285,0.775,328,2.33391,0.94194,2.16166
2025-11-19#t1086w0,2025-11-19,Ms. Conroy,259,1.0,317,2.37113,0.54919,2.11551
2025-11-19#t1087w0,2025-11-19,Ms. Mitton,287,0.829,339,2.53307,-0.00882,2.11993
2025-11-19#t1088w0,2025-11-19,Hon. Mr. Dornan,163,0.798,190,2.1294,0.14508,2.08882
2025-11-19#t1089w0,2025-11-19,Mr. Hogan,207,1.0,242,2.5119,-0.76533,2.05356
2025-11-19#t1090w0,2025-11-19,Mr. Coon,195,0.851,237,2.47514,0.5073,2.11486
2025-11-19#t1091w0,2025-11-19,Ms. Vautour,67,0.0,86,3.21606,-0.59306,1.76764
2025-11-19#t1093w0,2025-11-19,Ms. Vautour,67,0.0,86,3.21606,-0.59306,1.76764
2025-11-19#t1094w0,2025-11-19,Ms. M. Johnson,94,0.957,130,2.59672,-1.82283,1.94059
2025-11-19#t1096w0,2025-11-19,Madam Speaker,286,0.528,370,1.97145,0.67281,2.14743
2025-11-19#t1096w1,2025-11-19,Madam Speaker,298,1.0,349,2.55714,0.74918,2.05027
2025-11-19#t1096w2,2025-11-19,Madam Speaker,93,1.0,117,2.91897,0.04753,1.91844
2025-11-20#t1098w0,2025-11-20,Mr. Doucet,250,1.0,305,2.04835,2.22259,2.17791
2025-11-20#t1099w0,2025-11-20,Ms. Scott-Wallace,303,1.0,363,2.27929,0.61827,2.00436
2025-11-20#t1100w0,2025-11-20,Mr. Monahan,176,1.0,213,2.34652,0.60863,1.97764
2025-11-20#t1101w0,2025-11-20,Mr. J. LeBlanc,148,0.372,184,1.94199,1.48836,2.27264
2025-11-20#t1102w0,2025-11-20,Mr. Hogan,142,1.0,193,2.31182,-0.12623,2.05819
2025-11-20#t1103w0,2025-11-20,Mr. Coon,156,1.0,203,2.31637,-0.63438,2.1273
2025-11-20#t1104w0,2025-11-20,Ms. Vautour,154,0.0,216,2.35149,-0.94323,2.03663
2025-11-20#t1105w0,2025-11-20,Ms. S. Wilson,250,1.0,310,2.0149,1.91235,2.21783
2025-11-20#t1106w0,2025-11-20,Ms. Mitton,161,1.0,210,1.92386,0.35862,2.19403
2025-11-20#t1107w0,2025-11-20,Ms. Wilcott,133,1.0,163,2.69093,-1.29182,2.02696
2025-11-20#t1108w0,2025-11-20,Mr. Russell,138,1.0,161,2.30223,-0.16171,2.17612
2025-11-20#t1109w0,2025-11-20,Ms. Mitton,161,1.0,195,2.51156,-1.19411,2.08651
2025-11-20#t1110w0,2025-11-20,Mr. Johnston,157,0.968,182,2.68467,0.02877,2.01592
2025-11-20#t1111w0,2025-11-20,Mr. Oliver,153,1.0,183,2.53086,0.30605,2.02648
2025-11-20#t1112w0,2025-11-20,Mr. Mallet,124,0.0,155,2.81187,-1.07775,1.98292
2025-11-20#t1113w0,2025-11-20,Ms. Scott-Wallace,142,1.0,173,2.80559,-0.21943,1.99684
2025-11-20#t1114w0,2025-11-20,Ms. Sodhi,138,1.0,171,2.38774,-0.80863,1.99184
2025-11-20#t1115w0,2025-11-20,Mr. Cullins,144,1.0,176,2.99916,-0.24211,1.89857
2025-11-20#t1116w0,2025-11-20,Mr. M. LeBlanc,184,1.0,221,2.53142,-0.20965,1.96026
2025-11-20#t1117w0,2025-11-20,Ms. S. Wilson,150,1.0,183,2.67052,1.33269,2.00529
2025-11-20#t1118w0,2025-11-20,Mr. Savoie,145,0.89,195,2.34159,0.26867,2.00136
2025-11-20#t1119w0,2025-11-20,Hon. C. Johnson,106,1.0,122,2.75313,-1.72918,1.98885
2025-11-20#t1120w0,2025-11-20,Mr. Savoie,158,1.0,199,2.7286,-0.02963,1.94402
2025-11-20#t1121w0,2025-11-20,Hon. Ms. Holt,161,0.894,200,2.74276,0.79207,2.111
2025-11-20#t1122w0,2025-11-20,Mr. Savoie,156,1.0,193,2.722,0.42621,2.03722
2025-11-20#t1123w0,2025-11-20,Hon. C. Johnson,101,1.0,116,2.82448,-0.68833,2.04497
2025-11-20#t1124w0,2025-11-20,Mr. Savoie,178,1.0,221,2.659,-0.6708,2.0364
2025-11-20#t1125w0,2025-11-20,Hon. C. Johnson,110,1.0,136,2.94224,-1.06796,1.98284
2025-11-20#t1126w0,2025-11-20,Mr. Savoie,55,1.0,71,2.31517,0.54382,2.17822
2025-11-20#t1127w0,2025-11-20,Hon. C. Johnson,125,0.0,155,2.60018,-0.20375,2.00862
2025-11-20#t1128w0,2025-11-20,Mr. Savoie,92,1.0,111,2.64167,-0.95905,2.00378
2025-11-20#t1129w0,2025-11-20,Hon. C. Johnson,111,1.0,130,2.93096,-0.97326,1.92993
2025-11-20#t1130w0,2025-11-20,Ms. M. Johnson,115,1.0,163,2.4531,-1.20917,1.98989
2025-11-20#t1131w0,2025-11-20,Hon. Mr. Hickey,183,1.0,224,2.37416,-0.38357,2.09063
2025-11-20#t1132w0,2025-11-20,Ms. M. Johnson,160,1.0,216,2.64928,-0.98939,1.99535
2025-11-20#t1133w0,2025-11-20,Hon. Mr. Hickey,179,1.0,216,2.64336,-0.69026,1.98316
2025-11-20#t1134w0,2025-11-20,Ms. M. Johnson,186,1.0,226,2.89122,-0.50434,2.02335
2025-11-20#t1136w0,2025-11-20,Hon. Mr. Hickey,149,1.0,175,3.30772,-2.40943,1.98095
2025-11-20#t1139w0,2025-11-20,Mr. Cullins,72,1.0,84,3.11938,1.11939,1.88119
2025-11-20#t1140w0,2025-11-20,Hon. Mr. Dornan,138,1.0,174,3.0571,-0.83061,1.98695
2025-11-20#t1141w0,2025-11-20,Mr. Cullins,74,1.0,95,2.68944,0.26913,2.02059
2025-11-20#t1142w0,2025-11-20,Hon. Mr. Dornan,122,1.0,160,2.69622,-0.2621,2.00194
2025-11-20#t1143w0,2025-11-20,Mr. Coon,160,1.0,216,2.48762,-0.67066,1.97375
2025-11-20#t1144w0,2025-11-20,Hon. Mr. LePage,97,0.0,116,3.00814,-0.30768,1.90863
2025-11-20#t1145w0,2025-11-20,Mr. Coon,161,1.0,203,2.84773,-1.04101,1.84784
2025-11-20#t1146w0,2025-11-20,Hon. K. Chiasson,147,1.0,181,2.56917,-0.15846,2.04761
2025-11-20#t1147w0,2025-11-20,Mr. Austin,144,1.0,162,2.54999,-0.69504,2.0503
2025-11-20#t1148w0,2025-11-20,Hon. Mr. Herron,157,1.0,184,2.99617,0.10512,1.91553
2025-11-20#t1149w0,2025-11-20,Mr. Austin,175,1.0,206,2.85853,-1.74926,1.91236
2025-11-20#t1150w0,2025-11-20,Hon. Mr. Herron,165,1.0,197,2.55364,-0.77299,1.99925
2025-11-20#t1152w0,2025-11-20,Mr. Lee,134,1.0,158,2.84863,-1.09821,1.9649
2025-11-20#t1153w0,2025-11-20,Hon. C. Johnson,120,1.0,152,2.68557,-1.56484,2.01484
2025-11-20#t1154w0,2025-11-20,Mr. Lee,111,1.0,145,2.73894,-0.21971,1.96294
2025-11-20#t1155w0,2025-11-20,Hon. C. Johnson,72,1.0,85,2.84275,0.43302,2.02527
2025-11-20#t1157w0,2025-11-20,Hon. Ms. Boudreau,167,0.251,227,2.24081,-0.49991,2.04524
2025-11-20#t1158w0,2025-11-20,Ms. Scott-Wallace,208,1.0,254,2.43382,0.95786,2.21493
2025-11-20#t1159w0,2025-11-20,Ms. Mitton,164,0.884,212,2.24365,-0.45283,2.19008
2025-11-20#t1161w0,2025-11-20,Hon. Mr. Randall,246,0.894,304,2.32554,0.6655,2.00133
2025-11-20#t1162w0,2025-11-20,Mr. Russell,129,1.0,156,2.40884,0.33533,2.02192
2025-11-20#t1163w0,2025-11-20,Mr. Coon,280,1.0,348,2.67774,0.62186,2.0221
2025-11-20#t1164w0,2025-11-20,Hon. Mr. Finnigan,242,0.645,300,2.10124,0.61327,2.08531
2025-11-20#t1165w0,2025-11-20,Ms. Scott-Wallace,242,1.0,296,2.53813,-0.75597,2.08683
2025-11-20#t1166w0,2025-11-20,Ms. Mitton,242,0.938,282,2.63223,0.6495,2.06167
2025-11-20#t1168w0,2025-11-20,Hon. Mr. Dornan,294,0.874,352,2.46503,-0.58759,2.01569
2025-11-20#t1170w0,2025-11-20,Mr. Hogan,299,1.0,357,2.46301,-0.19157,2.1057
2025-11-20#t1170w1,2025-11-20,Mr. Hogan,85,1.0,120,2.54711,0.11978,2.01546
2025-11-20#t1171w0,2025-11-20,Mr. Coon,316,1.0,386,2.63928,-0.89186,2.00393
2025-11-20#t1172w0,2025-11-20,Mr. Deputy Speaker,347,0.767,440,2.20526,0.94733,2.06021
2025-11-20#t1173w0,2025-11-20,Ms. M. Johnson,52,1.0,76,3.05095,-1.7012,1.93944
2025-11-20#t1174w0,2025-11-20,Mr. Deputy Speaker,327,0.398,420,2.44051,0.98934,2.01744
2025-11-20#t1174w1,2025-11-20,Mr. Deputy Speaker,325,0.745,395,2.31936,1.00548,2.1108
2025-11-20#t1174w2,2025-11-20,Mr. Deputy Speaker,84,1.0,108,2.94272,-0.3435,1.93878
2025-11-20#t1177w0,2025-11-20,Mr. M. LeBlanc,60,1.0,76,2.96852,-0.18795,1.87544
2025-11-20#t1180w0,2025-11-20,Mr. Deputy Speaker,103,1.0,130,2.97649,-0.65917,1.93208
2025-11-20#t1188w0,2025-11-20,Ms. M. Johnson,323,1.0,407,2.27234,2.07328,2.16154
2025-11-20#t1188w1,2025-11-20,Ms. M. Johnson,313,1.0,380,2.82521,-0.31847,1.9059
2025-11-20#t1188w2,2025-11-20,Ms. M. Johnson,354,1.0,433,2.41958,0.22565,2.004
2025-11-20#t1188w3,2025-11-20,Ms. M. Johnson,292,1.0,346,2.47482,-0.56087,2.00968
2025-11-20#t1189w0,2025-11-20,Mr. M. LeBlanc,203,1.0,256,2.69706,-0.86092,1.96136
2025-11-20#t1191w0,2025-11-20,Mr. Deputy Speaker,344,1.0,453,2.31725,0.07036,2.05391
2025-11-20#t1191w1,2025-11-20,Mr. Deputy Speaker,317,1.0,421,2.39456,0.27147,2.06986
2025-11-20#t1192w0,2025-11-20,Mr. Weir,331,1.0,405,2.52757,1.06837,2.0339
2025-11-20#t1192w1,2025-11-20,Mr. Weir,355,1.0,421,2.39572,2.52838,2.14479
2025-11-20#t1192w2,2025-11-20,Mr. Weir,334,1.0,421,2.71591,-1.12732,1.99502
2025-11-20#t1192w3,2025-11-20,Mr. Weir,360,1.0,428,2.67221,-0.14207,2.05717
2025-11-20#t1192w4,2025-11-20,Mr. Weir,261,1.0,315,2.56167,0.86063,2.09716
2025-11-20#t1192w5,2025-11-20,Mr. Weir,266,1.0,335,2.68342,-0.07865,2.00237
2025-11-20#t1192w6,2025-11-20,Mr. Weir,253,1.0,321,2.64368,-0.65017,2.01442
2025-11-20#t1192w7,2025-11-20,Mr. Weir,352,1.0,445,2.44428,1.41158,2.14212
2025-11-20#t1192w8,2025-11-20,Mr. Weir,355,1.0,452,2.48722,0.23876,2.09531
2025-11-20#t1194w0,2025-11-20,Hon. Mr. McKee,327,0.896,391,2.15553,1.38427,2.20194
2025-11-20#t1194w1,2025-11-20,Hon. Mr. McKee,318,1.0,415,3.09296,-1.59119,1.87582
2025-11-20#t1194w2,2025-11-20,Hon. Mr. McKee,347,1.0,427,2.58416,0.21612,2.00477
2025-11-20#t1194w3,2025-11-20,Hon. Mr. McKee,319,0.834,395,2.65658,0.48076,1.98707
2025-11-20#t1194w4,2025-11-20,Hon. Mr. McKee,318,0.283,386,2.74306,0.03504,1.99377
2025-11-20#t1194w5,2025-11-20,Hon. Mr. McKee,298,1.0,372,2.27806,1.77695,2.10238
2025-11-20#t1198w0,2025-11-20,Mr. Hogan,346,1.0,416,2.4474,0.25775,2.14592
2025-11-20#t1198w1,2025-11-20,Mr. Hogan,287,1.0,363,2.49952,1.14945,2.0862
2025-11-20#t1199w0,2025-11-20,Mr. Hogan,336,1.0,423,2.32854,1.9372,2.15821
2025-11-20#t1199w1,2025-11-20,Mr. Hogan,337,1.0,435,2.35002,1.56294,2.10376
2025-11-20#t1199w2,2025-11-20,Mr. Hogan,231,1.0,297,2.44976,-1.7481,2.02854
2025-11-20#t1202w0,2025-11-20,Mr. M. LeBlanc,73,1.0,100,2.76576,-0.73611,1.88924
2025-11-20#t1203w0,2025-11-20,Mr. Deputy Speaker,77,1.0,97,3.26844,1.05036,1.89116
2025-11-20#t1204w0,2025-11-20,Ms. Sodhi,316,1.0,394,2.41688,-0.45093,2.10921
2025-11-20#t1204w1,2025-11-20,Ms. Sodhi,252,1.0,331,2.86932,-0.89625,1.94334
2025-11-20#t1204w2,2025-11-20,Ms. Sodhi,313,1.0,395,2.53535,0.39852,2.03329
2025-11-20#t1205w0,2025-11-20,Ms. M. Wilson,336,1.0,425,2.44638,1.07477,2.13457
2025-11-20#t1205w1,2025-11-20,Ms. M. Wilson,346,1.0,418,2.73533,-0.60178,2.00088
2025-11-20#t1205w2,2025-11-20,Ms. M. Wilson,340,1.0,407,2.63505,-1.11103,2.03983
2025-11-20#t1205w3,2025-11-20,Ms. M. Wilson,291,1.0,379,2.75108,-0.8828,1.97936
2025-11-20#t1205w4,2025-11-20,Ms. M. Wilson,265,1.0,344,2.24942,0.11634,2.12498
2025-11-20#t1205w5,2025-11-20,Ms. M. Wilson,262,1.0,312,2.47663,0.80471,2.02709
2025-11-20#t1205w6,2025-11-20,Ms. M. Wilson,341,1.0,425,2.59737,-0.07854,2.03354
2025-11-20#t1205w7,2025-11-20,Ms. M. Wilson,202,1.0,242,2.61511,-1.01659,2.07079
2025-11-20#t1206w0,2025-11-20,Ms. Mitton,321,1.0,398,2.28068,0.45368,2.12931
2025-11-20#t1206w1,2025-11-20,Ms. Mitton,359,1.0,446,2.32208,0.35624,2.05759
2025-11-20#t1206w2,2025-11-20,Ms. Mitton,231,1.0,280,2.7214,0.38777,2.04802
2025-11-20#t1206w3,2025-11-20,Ms. Mitton,335,1.0,403,2.46274,0.27616,2.07758
2025-11-20#t1206w4,2025-11-20,Ms. Mitton,307,1.0,372,2.35098,0.60687,2.18382
2025-11-20#t1208w0,2025-11-20,Mr. Robichaud,339,0.0,406,2.41387,-0.50429,2.10477
2025-11-20#t1208w1,2025-11-20,Mr. Robichaud,332,0.0,418,2.50557,0.05726,2.12841
2025-11-20#t1208w2,2025-11-20,Mr. Robichaud,331,0.0,390,2.54726,0.53814,2.13672
2025-11-20#t1208w3,2025-11-20,Mr. Robichaud,249,0.0,300,2.77611,-0.00848,1.99398
2025-11-20#t1208w4,2025-11-20,Mr. Robichaud,329,0.0,406,3.07618,-1.9008,1.94577
2025-11-20#t1208w5,2025-11-20,Mr. Robichaud,303,0.0,380,2.97264,-0.77067,1.92322
2025-11-20#t1208w6,2025-11-20,Mr. Robichaud,147,0.0,182,2.89615,0.00083,1.99423
2025-11-20#t1209w0,2025-11-20,Mr. Oliver,214,1.0,276,2.62148,-0.71967,2.07238
2025-11-20#t1210w0,2025-11-20,Mr. Weir,50,1.0,65,3.0629,-0.15228,1.9668
2025-11-20#t1212w0,2025-11-20,Mr. M. LeBlanc,69,1.0,81,2.59642,1.82487,2.09203
2025-11-20#t1213w0,2025-11-20,Mr. Weir,359,1.0,453,2.58392,1.49251,2.08262
2025-11-20#t1213w1,2025-11-20,Mr. Weir,131,1.0,159,3.06873,-0.85853,1.9496
2025-11-20#t1214w0,2025-11-20,Mr. Weir,333,1.0,431,2.55229,0.13061,2.04944
2025-11-20#t1214w1,2025-11-20,Mr. Weir,120,1.0,156,2.64445,0.65913,2.01177
2025-11-20#t1215w0,2025-11-20,Mr. Weir,272,1.0,364,2.54786,1.04874,2.05055
2025-11-20#t1215w1,2025-11-20,Mr. Weir,130,1.0,166,2.76983,-0.63382,2.05553
2025-11-20#t1216w0,2025-11-20,Mr. Deputy Speaker,351,0.889,471,2.30383,0.12709,2.05218
2025-11-20#t1216w1,2025-11-20,Mr. Deputy Speaker,147,1.0,182,2.65552,-1.01325,2.05033
2025-11-21#t1218w0,2025-11-21,Mr. Russell,152,1.0,213,2.60537,-0.32359,1.8716
2025-11-21#t1219w0,2025-11-21,Hon. Mr. McKee,123,0.967,144,2.27407,0.70974,2.09173
2025-11-21#t1220w0,2025-11-21,Hon. Ms. Holt,239,1.0,309,2.07431,1.71424,2.11737
2025-11-21#t1221w0,2025-11-21,Mr. Russell,133,1.0,179,2.34657,0.48822,2.00078
2025-11-21#t1222w0,2025-11-21,Hon. C. Chiasson,174,0.0,213,2.31826,1.16966,2.06807
2025-11-21#t1223w0,2025-11-21,Mr. Oliver,183,1.0,231,2.82523,0.07852,1.94845
2025-11-21#t1225w0,2025-11-21,Hon. Mr. Finnigan,292,0.986,364,2.40637,0.92259,2.05303
2025-11-21#t1226w0,2025-11-21,Ms. Wilcott,132,1.0,166,2.96892,0.75283,1.94409
2025-11-21#t1227w0,2025-11-21,Ms. Bockus,170,1.0,203,2.32853,1.57623,2.16363
2025-11-21#t1228w0,2025-11-21,Ms. Mitton,151,1.0,191,2.12692,1.21745,2.15209
2025-11-21#t1229w0,2025-11-21,Mr. Lee,123,1.0,188,2.92078,-1.03825,1.74921
2025-11-21#t1230w0,2025-11-21,Mr. Coon,172,1.0,237,2.3505,0.33552,2.07229
2025-11-21#t1231w0,2025-11-21,Ms. Bockus,157,1.0,176,2.65631,-0.25476,2.051
2025-11-21#t1232w0,2025-11-21,Mr. Coon,156,1.0,193,2.7408,-1.50397,1.932
2025-11-21#t1233w0,2025-11-21,Mr. Bourque,129,0.0,156,2.81682,-1.61294,1.88721
2025-11-21#t1234w0,2025-11-21,Mr. Monahan,141,1.0,183,2.60641,0.52244,2.00971
2025-11-21#t1235w0,2025-11-21,Ms. Wilcott,102,0.725,118,2.49027,1.55057,2.09843
2025-11-21#t1236w0,2025-11-21,Ms. M. Johnson,140,1.0,178,2.78826,0.70591,1.9621
2025-11-21#t1237w0,2025-11-21,Mr. Doucet,182,0.341,222,2.34942,0.84612,2.05269
2025-11-21#t1238w0,2025-11-21,Ms. M. Wilson,159,1.0,199,2.6438,0.25901,2.0527
2025-11-21#t1239w0,2025-11-21,Mr. J. LeBlanc,124,0.46,162,2.65632,0.40504,1.97955
2025-11-21#t1240w0,2025-11-21,Mr. Ames,156,1.0,186,2.60861,1.14119,1.98322
2025-11-21#t1241w0,2025-11-21,Mr. Savoie,149,0.919,180,2.78667,-2.07584,1.99819
2025-11-21#t1242w0,2025-11-21,Hon. C. Chiasson,79,1.0,92,2.25303,0.4571,2.05358
2025-11-21#t1244w0,2025-11-21,Hon. C. Chiasson,87,1.0,104,2.38189,-1.11064,1.93561
2025-11-21#t1245w0,2025-11-21,Mr. Savoie,66,1.0,92,2.45492,-0.18428,1.97208
2025-11-21#t1246w0,2025-11-21,Hon. C. Chiasson,120,1.0,143,2.24267,1.19296,2.06919
2025-11-21#t1247w0,2025-11-21,Mr. Savoie,194,1.0,236,2.69802,-0.21284,2.04766
2025-11-21#t1248w0,2025-11-21,Hon. C. Johnson,127,1.0,158,2.35869,0.70329,2.21466
2025-11-21#t1249w0,2025-11-21,Mr. Savoie,98,1.0,125,2.45352,0.1195,2.00579
2025-11-21#t1250w0,2025-11-21,Hon. Mr. Herron,130,1.0,154,2.6509,-1.539,2.05956
2025-11-21#t1251w0,2025-11-21,Mr. Savoie,110,1.0,133,2.5151,-1.18737,2.02659
2025-11-21#t1252w0,2025-11-21,Hon. Ms. Holt,101,1.0,131,2.44888,-0.56296,1.99762
2025-11-21#t1253w0,2025-11-21,Mr. Savoie,91,1.0,112,3.30987,-2.31495,1.92821
2025-11-21#t1254w0,2025-11-21,Hon. Ms. Holt,129,1.0,161,2.64797,0.76604,2.05571
2025-11-21#t1255w0,2025-11-21,Mr. Savoie,80,1.0,102,3.14037,-1.57494,1.8684
2025-11-21#t1256w0,2025-11-21,Hon. Mr. Herron,142,1.0,168,3.15315,-2.72927,1.9189
2025-11-21#t1257w0,2025-11-21,Mr. Lee,152,1.0,192,3.00292,-2.69138,1.9076
2025-11-21#t1258w0,2025-11-21,Hon. C. Johnson,158,1.0,199,2.54073,-1.0243,2.11537
2025-11-21#t1259w0,2025-11-21,Mr. Lee,185,1.0,252,2.76521,-0.77743,1.9013
2025-11-21#t1260w0,2025-11-21,Hon. C. Johnson,134,0.0,154,2.75914,0.08276,2.10576
2025-11-21#t1261w0,2025-11-21,Mr. Lee,191,1.0,223,2.9068,-1.95831,1.99445
2025-11-21#t1262w0,2025-11-21,Hon. C. Johnson,61,1.0,75,2.44632,0.26574,2.22688
2025-11-21#t1263w0,2025-11-21,Mr. Monahan,152,1.0,194,2.44882,-0.20817,1.98744
2025-11-21#t1264w0,2025-11-21,Hon. Mr. Legacy,164,1.0,222,2.20817,1.47581,2.09265
2025-11-21#t1265w0,2025-11-21,Mr. Monahan,188,1.0,227,3.03766,-2.27044,1.92472
2025-11-21#t1266w0,2025-11-21,Hon. Mr. Legacy,163,1.0,222,2.89247,-1.40433,1.90589
2025-11-21#t1267w0,2025-11-21,Mr. Monahan,145,0.0,174,2.79997,0.03564,2.02343
2025-11-21#t1268w0,2025-11-21,Hon. Mr. Legacy,163,0.0,204,2.43717,0.2889,2.00673
2025-11-21#t1269w0,2025-11-21,Mr. Austin,142,1.0,195,2.51499,-0.33622,2.08363
2025-11-21#t1270w0,2025-11-21,Hon. Mr. Legacy,163,1.0,199,3.06795,-1.71203,1.90193
2025-11-21#t1271w0,2025-11-21,Mr. Austin,188,1.0,246,2.52479,0.51617,2.08622
2025-11-21#t1272w0,2025-11-21,Hon. Mr. Legacy,113,1.0,143,2.6264,0.17745,2.03843
2025-11-21#t1273w0,2025-11-21,Mr. Austin,180,1.0,231,2.78723,-0.96334,1.95907
2025-11-21#t1274w0,2025-11-21,Hon. Mr. Legacy,116,1.0,144,2.926,-0.90526,1.96925
2025-11-21#t1275w0,2025-11-21,Mr. Savoie,138,1.0,196,2.20947,0.35295,2.03801
2025-11-21#t1276w0,2025-11-21,Hon. Ms. Holt,164,1.0,205,2.47592,-0.53487,2.03972
2025-11-21#t1277w0,2025-11-21,Ms. M. Wilson,84,1.0,102,2.61445,0.29326,1.99616
2025-11-21#t1280w0,2025-11-21,Hon. Mr. Hickey,214,0.935,265,2.2613,-0.94631,2.11027
2025-11-21#t1281w0,2025-11-21,Ms. Conroy,291,1.0,392,2.40139,-0.03969,2.09893
2025-11-21#t1281w1,2025-11-21,Ms. Conroy,87,1.0,103,2.49169,1.40275,2.11198
2025-11-21#t1282w0,2025-11-21,Mr. Coon,290,1.0,369,2.4724,0.2544,2.08699
2025-11-21#t1283w0,2025-11-21,Hon. Ms. Boudreau,169,0.373,215,2.71319,-1.98268,1.96361
2025-11-21#t1284w0,2025-11-21,Ms. M. Johnson,170,1.0,207,2.63005,-0.52172,2.11934
2025-11-21#t1285w0,2025-11-21,Ms. Mitton,174,0.805,210,2.39504,0.18153,2.08352
2025-11-21#t1286w0,2025-11-21,Hon. Ms. Miles,176,0.989,207,2.38249,-0.46615,2.08506
2025-11-21#t1287w0,2025-11-21,Ms. M. Johnson,183,1.0,216,2.64004,-0.11884,2.0562
2025-11-21#t1288w0,2025-11-21,Ms. Mitton,146,0.973,167,2.3819,0.02566,2.08478
2025-11-21#t1289w0,2025-11-21,Hon. Ms. Boudreau,175,0.269,223,2.09142,-0.23386,2.14486
2025-11-21#t1290w0,2025-11-21,Ms. Scott-Wallace,190,1.0,230,2.189,0.95936,2.11532
2025-11-21#t1291w0,2025-11-21,Mr. Coon,356,0.862,449,2.14936,0.82984,2.12017
2025-11-21#t1292w0,2025-11-21,Hon. Mr. McKee,104,1.0,148,2.00148,0.96252,2.06486
2025-12-02#t1295w0,2025-12-02,Hon. Ms. Miles,153,1.0,217,2.45809,-0.78819,2.03522
2025-12-02#t1296w0,2025-12-02,Hon. Ms. Holt,269,1.0,344,2.2462,1.22532,2.06091
2025-12-02#t1299w0,2025-12-02,Mr. Monahan,269,1.0,320,2.40988,-0.65833,2.0162
2025-12-02#t1300w0,2025-12-02,Hon. Mr. Randall,214,1.0,259,2.46326,1.29441,2.10893
2025-12-02#t1301w0,2025-12-02,Mr. Cullins,178,1.0,234,2.14919,0.67206,2.05699
2025-12-02#t1302w0,2025-12-02,Mr. Russell,161,1.0,218,2.14301,1.13408,2.09889
2025-12-02#t1303w0,2025-12-02,Hon. Ms. Miles,202,1.0,253,2.93965,-1.85467,1.91599
2025-12-02#t1304w0,2025-12-02,Mr. Hogan,151,1.0,192,2.50045,0.10913,2.00015
2025-12-02#t1305w0,2025-12-02,Mr. Coon,130,1.0,179,2.61378,0.37081,1.93443
2025-12-02#t1306w0,2025-12-02,Ms. Vautour,140,0.0,205,2.99778,0.17827,1.84609
2025-12-02#t1307w0,2025-12-02,Mr. Weir,156,1.0,189,2.86799,1.02496,1.96761
2025-12-02#t1308w0,2025-12-02,Ms. Mitton,161,1.0,201,2.67799,-1.01002,2.04731
2025-12-02#t1309w0,2025-12-02,Mr. J. LeBlanc,143,0.0,176,2.46514,0.51688,2.03182
2025-12-02#t1310w0,2025-12-02,Ms. Bockus,146,1.0,181,2.60203,-0.15095,2.06158
2025-12-02#t1311w0,2025-12-02,Mr. Robichaud,132,0.0,170,2.5826,-1.12085,2.02527
2025-12-02#t1312w0,2025-12-02,Mr. Hogan,163,1.0,204,2.5874,0.35056,2.14819
2025-12-02#t1313w0,2025-12-02,Ms. Vautour,136,0.0,172,2.57605,-0.9566,1.99625
2025-12-02#t1314w0,2025-12-02,Mr. Lee,163,1.0,222,2.41114,-0.70605,2.05762
2025-12-02#t1315w0,2025-12-02,Mr. Johnston,171,0.947,210,2.65991,-1.81401,1.98873
2025-12-02#t1316w0,2025-12-02,Mr. Austin,327,1.0,406,2.37082,0.06238,2.08726
2025-12-02#t1317w0,2025-12-02,Hon. Ms. Holt,151,1.0,183,2.35299,0.21523,2.12207
2025-12-02#t1318w0,2025-12-02,Mr. Savoie,124,1.0,168,3.04451,-0.76525,1.88142
2025-12-02#t1319w0,2025-12-02,Hon. Ms. Holt,194,1.0,232,2.53199,-0.15048,2.05228
2025-12-02#t1320w0,2025-12-02,Mr. Savoie,161,1.0,236,1.98005,0.77494,2.12853
2025-12-02#t1321w0,2025-12-02,Hon. Ms. Holt,213,1.0,256,2.72692,-0.14266,2.04087
2025-12-02#t1322w0,2025-12-02,Mr. Savoie,142,0.958,185,2.55643,-1.40966,2.01122
2025-12-02#t1323w0,2025-12-02,Hon. Ms. Holt,136,0.0,169,2.48473,0.16978,2.12715
2025-12-02#t1324w0,2025-12-02,Mr. Savoie,146,1.0,174,3.0787,-1.39564,1.87244
2025-12-02#t1325w0,2025-12-02,Hon. C. Chiasson,153,1.0,177,2.63149,0.72515,2.03445
2025-12-02#t1326w0,2025-12-02,Mr. Savoie,91,1.0,112,2.71021,-0.68664,1.96418
2025-12-02#t1327w0,2025-12-02,Hon. C. Chiasson,121,1.0,155,2.24793,0.96921,2.09532
2025-12-02#t1328w0,2025-12-02,Mr. Savoie,124,1.0,146,2.74398,-0.63888,2.01143
2025-12-02#t1329w0,2025-12-02,Hon. C. Chiasson,154,1.0,189,2.61674,0.61883,2.0858
2025-12-02#t1330w0,2025-12-02,Mr. Lee,116,1.0,147,2.92977,-1.0139,1.94272
2025-12-02#t1331w0,2025-12-02,Hon. C. Chiasson,145,1.0,190,2.33911,1.6367,2.07449
2025-12-02#t1332w0,2025-12-02,Mr. Lee,187,1.0,250,2.96715,-1.39816,1.94125
2025-12-02#t1333w0,2025-12-02,Hon. C. Chiasson,161,1.0,207,2.42645,1.95337,2.02101
2025-12-02#t1334w0,2025-12-02,Mr. Oliver,129,1.0,166,2.66637,-2.0855,2.03267
2025-12-02#t1335w0,2025-12-02,Hon. C. Chiasson,142,1.0,170,2.62168,1.34091,2.13189
2025-12-02#t1336w0,2025-12-02,Mr. Oliver,145,1.0,173,2.48548,-0.48567,2.08383
2025-12-02#t1337w0,2025-12-02,Hon. Mr. McKee,179,1.0,211,2.44254,0.9042,2.1829
2025-12-02#t1338w0,2025-12-02,Mr. Oliver,123,1.0,151,2.78118,-1.26106,1.97063
2025-12-02#t1339w0,2025-12-02,Hon. C. Chiasson,145,1.0,180,2.46119,1.76268,2.0908
2025-12-02#t1340w0,2025-12-02,Mr. Coon,151,1.0,189,2.7296,-0.0175,1.97777
2025-12-02#t1342w0,2025-12-02,Mr. Coon,147,1.0,183,2.97889,-1.0569,1.88942
2025-12-02#t1343w0,2025-12-02,Hon. Mr. Herron,56,1.0,71,2.93152,-0.82339,2.04007
2025-12-02#t1344w0,2025-12-02,Mr. Austin,149,1.0,186,2.80835,-1.22585,2.0028
2025-12-02#t1345w0,2025-12-02,Hon. Ms. Holt,156,1.0,194,2.38506,1.40961,2.13872
2025-12-02#t1346w0,2025-12-02,Mr. Austin,190,1.0,249,2.55968,0.11865,2.07286
2025-12-02#t1347w0,2025-12-02,Hon. Ms. Holt,225,1.0,276,2.5083,0.10672,2.03107
2025-12-02#t1348w0,2025-12-02,Mr. Austin,178,1.0,230,2.63514,-1.377,2.06185
2025-12-02#t1349w0,2025-12-02,Hon. Ms. Holt,166,1.0,214,2.05996,0.85815,2.11932
2025-12-02#t1350w0,2025-12-02,Mr. M. LeBlanc,52,1.0,62,2.64976,1.25442,2.09966
2025-12-02#t1355w0,2025-12-02,Hon. Mr. McKee,233,0.592,261,2.42731,0.69247,2.09823
2025-12-02#t1356w0,2025-12-02,Mr. Weir,265,1.0,315,2.71384,-0.97499,2.01053
2025-12-02#t1357w0,2025-12-02,Mr. Coon,251,0.984,304,2.51865,-1.9228,2.02521
2025-12-02#t1358w0,2025-12-02,Hon. Mr. Dornan,179,0.832,209,2.30495,0.45714,2.15053
2025-12-02#t1359w0,2025-12-02,Mr. Hogan,197,1.0,246,2.71165,-0.3356,1.9762
2025-12-02#t1360w0,2025-12-02,Ms. Mitton,172,1.0,215,2.78841,-1.51081,1.94824
2025-12-02#t1361w0,2025-12-02,Hon. Mr. McKee,220,0.586,264,2.16707,1.06965,2.1138
2025-12-02#t1362w0,2025-12-02,Mr. Weir,117,1.0,153,2.36614,-0.2201,2.12379
2025-12-02#t1363w0,2025-12-02,Mr. Weir,114,1.0,138,3.56823,-1.28176,1.84395
2025-12-02#t1364w0,2025-12-02,Mr. Coon,228,0.982,284,2.50537,0.87948,2.09656
2025-12-02#t1365w0,2025-12-02,Hon. Ms. Thériault,143,0.343,183,2.06523,2.10675,2.21804
2025-12-02#t1366w0,2025-12-02,Ms. M. Wilson,156,1.0,185,2.7776,-0.94577,2.04356
2025-12-02#t1367w0,2025-12-02,Ms. Mitton,355,0.304,482,2.41204,-0.89046,1.99269
2025-12-02#t1367w1,2025-12-02,Ms. Mitton,204,0.696,269,2.35522,0.56569,2.01025
2025-12-02#t1368w0,2025-12-02,Hon. Mr. Legacy,107,0.374,151,2.58587,-1.15578,2.06827
2025-12-02#t1369w0,2025-12-02,Hon. Mr. Legacy,331,0.574,426,2.35759,-0.27952,2.14526
2025-12-02#t1369w1,2025-12-02,Hon. Mr. Legacy,332,0.587,432,2.32041,0.56066,2.05872
2025-12-02#t1369w2,2025-12-02,Hon. Mr. Legacy,355,0.513,431,2.52781,-1.02956,2.03845
2025-12-02#t1369w3,2025-12-02,Hon. Mr. Legacy,355,0.462,466,2.44171,-0.62111,2.02691
2025-12-02#t1370w0,2025-12-02,Hon. Mr. Legacy,281,0.591,353,2.59825,-0.00945,2.02811
2025-12-02#t1370w1,2025-12-02,Hon. Mr. Legacy,343,0.805,428,2.49084,-0.64151,1.99345
2025-12-02#t1370w2,2025-12-02,Hon. Mr. Legacy,160,0.494,203,2.42489,0.15697,2.04128
2025-12-02#t1371w0,2025-12-02,Mr. Monahan,320,1.0,398,2.63759,1.02546,2.05745
2025-12-02#t1371w1,2025-12-02,Mr. Monahan,174,1.0,210,2.57324,0.78939,2.05202
2025-12-02#t1372w0,2025-12-02,Ms. Mitton,301,1.0,345,2.4105,0.75493,2.12557
2025-12-02#t1372w1,2025-12-02,Ms. Mitton,358,1.0,411,2.50515,-0.31952,2.04975
2025-12-02#t1372w2,2025-12-02,Ms. Mitton,267,1.0,325,2.76619,-0.27032,1.9785
2025-12-02#t1372w3,2025-12-02,Ms. Mitton,279,1.0,354,2.51277,0.63363,2.06337
2025-12-02#t1372w4,2025-12-02,Ms. Mitton,260,0.904,323,2.46025,1.94558,2.07349
2025-12-02#t1374w0,2025-12-02,Madam Speaker,59,1.0,76,2.04968,-1.07751,2.02355
2025-12-02#t1375w0,2025-12-02,Mr. M. LeBlanc,351,0.63,470,1.82469,1.27305,2.17262
2025-12-02#t1375w1,2025-12-02,Mr. M. LeBlanc,97,0.454,130,2.08175,1.7265,1.94226
2025-12-02#t1376w0,2025-12-02,Mr. M. LeBlanc,356,0.621,428,2.13135,1.13236,2.18288
2025-12-02#t1377w0,2025-12-02,Mr. Austin,336,1.0,404,2.38796,-0.63588,2.13827
2025-12-02#t1377w1,2025-12-02,Mr. Austin,57,1.0,71,2.62804,0.49137,2.10632
2025-12-02#t1378w0,2025-12-02,Ms. Mitton,328,0.86,397,2.48931,0.54223,2.10169
2025-12-02#t1379w0,2025-12-02,Mr. Weir,350,0.989,418,2.50788,1.38815,2.12315
2025-12-03#t1381w0,2025-12-03,Hon. C. Johnson,51,0.0,71,2.59896,-0.64273,1.98455
2025-12-03#t1383w0,2025-12-03,Hon. Mr. McKee,162,0.549,218,2.17321,0.85065,2.03881
2025-12-03#t1384w0,2025-12-03,Mr. Hogan,159,1.0,202,2.24117,-0.20969,2.04323
2025-12-03#t1385w0,2025-12-03,Ms. Scott-Wallace,143,1.0,185,2.14152,0.56146,2.05024
2025-12-03#t1386w0,2025-12-03,Hon. Mr. Gauvin,98,0.0,138,2.25148,1.36322,2.13184
2025-12-03#t1387w0,2025-12-03,Ms. Scott-Wallace,119,1.0,163,2.94168,0.98343,1.87398
2025-12-03#t1388w0,2025-12-03,Mr. Coon,156,1.0,207,1.90003,1.04577,2.22384
2025-12-03#t1389w0,2025-12-03,Ms. Vautour,131,0.0,157,2.42724,0.34112,2.05794
2025-12-03#t1390w0,2025-12-03,Mr. Russell,97,1.0,117,2.31291,0.85246,2.25609
2025-12-03#t1391w0,2025-12-03,Mr. Doucet,148,0.122,191,2.60131,-0.94396,1.98387
2025-12-03#t1392w0,2025-12-03,Mr. Lee,171,1.0,209,3.16454,-1.87747,2.00119
2025-12-03#t1393w0,2025-12-03,Mr. Coon,158,0.975,196,2.92754,-1.15182,1.9135
2025-12-03#t1394w0,2025-12-03,Mr. Mallet,109,0.0,136,2.39,1.1232,2.13346
2025-12-03#t1395w0,2025-12-03,Mr. Oliver,152,0.974,197,2.54824,0.65666,2.07746
2025-12-03#t1396w0,2025-12-03,Ms. Sodhi,130,1.0,160,2.08931,0.89991,2.14503
2025-12-03#t1397w0,2025-12-03,Ms. Scott-Wallace,165,1.0,206,3.06649,-1.85614,1.93721
2025-12-03#t1398w0,2025-12-03,Mr. M. LeBlanc,152,0.0,195,2.38107,0.84998,2.08449
2025-12-03#t1399w0,2025-12-03,Mr. Cullins,163,1.0,187,2.56148,0.85753,2.01159
2025-12-03#t1400w0,2025-12-03,Mr. Bourque,110,0.0,145,2.58695,0.28184,2.02122
2025-12-03#t1401w0,2025-12-03,Ms. S. Wilson,133,1.0,174,2.6691,-0.17744,2.02394
2025-12-03#t1402w0,2025-12-03,Mr. Savoie,175,0.943,211,2.59664,-0.33202,1.99975
2025-12-03#t1403w0,2025-12-03,Hon. Mr. Herron,133,1.0,157,2.72072,-0.69692,2.01447
2025-12-03#t1404w0,2025-12-03,Mr. Savoie,132,1.0,173,2.48982,-9e-05,2.02246
2025-12-03#t1405w0,2025-12-03,Hon. Mr. Herron,145,1.0,172,2.89257,-0.3889,1.95315
2025-12-03#t1406w0,2025-12-03,Mr. Savoie,66,1.0,81,2.68319,-0.3183,2.05045
2025-12-03#t1407w0,2025-12-03,Hon. Mr. Herron,139,1.0,166,2.80248,0.13405,1.96024
2025-12-03#t1408w0,2025-12-03,Mr. Savoie,90,1.0,118,2.33438,0.226,1.97938
2025-12-03#t1409w0,2025-12-03,Hon. Mr. Herron,153,1.0,176,3.18528,-0.82498,1.96792
2025-12-03#t1410w0,2025-12-03,Mr. Savoie,154,1.0,182,2.90819,-1.38108,1.9723
2025-12-03#t1411w0,2025-12-03,Hon. Mr. Herron,149,1.0,184,3.02699,-2.37451,1.96224
2025-12-03#t1412w0,2025-12-03,Mr. Savoie,171,1.0,205,2.86648,-0.57149,1.97484
2025-12-03#t1413w0,2025-12-03,Hon. Mr. Herron,150,1.0,174,3.00221,-0.76975,2.00505
2025-12-03#t1414w0,2025-12-03,Mr. Monahan,167,1.0,205,2.49849,-0.76785,2.01361
2025-12-03#t1415w0,2025-12-03,Hon. Mr. Legacy,178,1.0,219,2.57174,-0.46167,2.0772
2025-12-03#t1416w0,2025-12-03,M. Monahan,146,0.0,172,2.80573,-0.81175,1.9883
2025-12-03#t1417w0,2025-12-03,L’hon. M. Legacy,187,0.0,233,2.73426,0.17287,1.98894
2025-12-03#t1418w0,2025-12-03,Mr. Monahan,165,1.0,199,3.07634,-1.27493,1.94196
2025-12-03#t1419w0,2025-12-03,Hon. Mr. Legacy,173,1.0,222,2.55645,-0.50031,2.099
2025-12-03#t1420w0,2025-12-03,Mr. Austin,170,1.0,200,2.70634,-1.25673,1.96918
2025-12-03#t1421w0,2025-12-03,Hon. Mr. Legacy,185,1.0,225,2.52546,0.19652,2.07748
2025-12-03#t1422w0,2025-12-03,Mr. Austin,128,1.0,147,2.82048,-0.531,1.92958
2025-12-03#t1423w0,2025-12-03,Hon. Mr. Legacy,125,1.0,156,3.0028,-0.91568,1.94284
2025-12-03#t1424w0,2025-12-03,Mr. Austin,143,1.0,176,2.47113,0.16844,2.08526
2025-12-03#t1425w0,2025-12-03,Hon. Mr. Legacy,150,1.0,196,2.94748,-0.55551,1.95629
2025-12-03#t1426w0,2025-12-03,Ms. Mitton,141,1.0,174,2.87684,-2.43501,1.85708
2025-12-03#t1427w0,2025-12-03,Hon. C. Chiasson,149,1.0,182,2.74129,0.32543,2.0922
2025-12-03#t1428w0,2025-12-03,Ms. Mitton,166,1.0,207,3.07912,-1.13694,1.9315
2025-12-03#t1429w0,2025-12-03,Hon. C. Chiasson,124,1.0,155,2.8889,0.31159,1.97059
2025-12-03#t1430w0,2025-12-03,Ms. Mitton,147,1.0,174,2.70787,0.49024,2.09729
2025-12-03#t1431w0,2025-12-03,Hon. C. Chiasson,166,1.0,219,2.44326,0.9052,2.0199
2025-12-03#t1432w0,2025-12-03,Mr. Savoie,169,1.0,216,2.35645,0.77962,2.0773
2025-12-03#t1433w0,2025-12-03,Hon. Mr. Herron,120,1.0,141,2.72964,-0.95141,1.9619
2025-12-03#t1435w0,2025-12-03,Hon. Mr. Gauvin,121,0.0,162,2.74631,-0.82122,1.94124
2025-12-03#t1436w0,2025-12-03,Ms. Wilcott,72,0.0,93,2.71907,-0.03987,1.94605
2025-12-03#t1437w0,2025-12-03,Hon. Mr. D’Amours,245,0.322,303,2.13957,0.44101,2.17738
2025-12-03#t1438w0,2025-12-03,Mr. Cullins,101,1.0,121,2.08923,0.6117,2.06915
2025-12-03#t1439w0,2025-12-03,Mr. Coon,238,0.895,282,2.01305,1.98371,2.2658
2025-12-03#t1440w0,2025-12-03,Hon. Mr. Randall,197,0.929,252,3.08636,-1.72104,1.89472
2025-12-03#t1441w0,2025-12-03,Mr. Russell,215,1.0,248,2.19803,2.86851,2.14078
2025-12-03#t1442w0,2025-12-03,Ms. Mitton,199,1.0,258,2.38437,0.9176,2.13755
2025-12-03#t1443w0,2025-12-03,Hon. Ms. Miles,204,0.887,241,2.08742,0.10935,2.17015
2025-12-03#t1444w0,2025-12-03,Mr. Savoie,271,1.0,328,2.42034,0.70794,2.10146
2025-12-03#t1445w0,2025-12-03,Ms. Mitton,117,0.0,139,2.55606,0.45491,1.96991
2025-12-03#t1446w0,2025-12-03,Mr. Weir,332,1.0,392,2.39481,1.06978,2.07422
2025-12-03#t1447w0,2025-12-03,Mr. Oliver,81,1.0,109,2.45486,-0.43399,1.97726
2025-12-03#t1448w0,2025-12-03,Mr. M. LeBlanc,356,0.817,460,2.34601,0.99415,2.14158
2025-12-03#t1448w1,2025-12-03,Mr. M. LeBlanc,323,0.941,408,2.54161,-0.68751,2.01785
2025-12-03#t1448w2,2025-12-03,Mr. M. LeBlanc,135,1.0,154,2.63382,0.60402,2.11425
2025-12-03#t1449w0,2025-12-03,Mr. Ames,171,1.0,214,2.60958,0.29738,2.00026
2025-12-03#t1450w0,2025-12-03,Madam Speaker,310,0.797,379,2.31363,-0.64255,2.06821
2025-12-03#t1450w1,2025-12-03,Madam Speaker,336,1.0,409,2.33222,0.91145,2.12903
2025-12-03#t1450w2,2025-12-03,Madam Speaker,286,1.0,347,2.62122,0.63832,2.01753
2025-12-03#t1450w3,2025-12-03,Madam Speaker,295,1.0,363,2.48494,0.88079,2.13433
2025-12-03#t1450w4,2025-12-03,Madam Speaker,306,1.0,411,2.19862,0.32196,2.05052
2025-12-03#t1450w5,2025-12-03,Madam Speaker,303,1.0,385,2.27043,0.35492,2.08901
2025-12-03#t1450w6,2025-12-03,Madam Speaker,316,1.0,422,2.36516,1.6034,2.10501
2025-12-03#t1450w7,2025-12-03,Madam Speaker,89,1.0,117,2.04915,-0.13975,2.09593
2025-12-03#t1454w0,2025-12-03,Mr. Chair,339,0.708,431,2.42746,0.26375,2.13867
2025-12-03#t1454w1,2025-12-03,Mr. Chair,335,0.701,400,2.14003,1.83601,2.18122
2025-12-03#t1454w2,2025-12-03,Mr. Chair,91,0.637,130,2.6721,0.43397,1.96251
2025-12-03#t1455w0,2025-12-03,Hon. C. Johnson,354,0.565,466,2.50748,0.491,2.04008
2025-12-03#t1455w1,2025-12-03,Hon. C. Johnson,282,0.915,401,2.84638,-0.51041,1.95552
2025-12-03#t1455w2,2025-12-03,Hon. C. Johnson,326,0.647,400,2.82432,-1.43962,1.99204
2025-12-03#t1456w0,2025-12-03,Mr. Chair,94,0.734,125,2.90657,-0.62042,1.98198
2025-12-04#t1458w0,2025-12-04,Ms. Mitton,125,0.84,157,2.34807,0.31685,2.08219
2025-12-04#t1459w0,2025-12-04,Hon. Mr. Hickey,109,1.0,143,2.17752,-0.06908,2.21016
2025-12-04#t1460w0,2025-12-04,Mr. Savoie,139,1.0,165,2.17379,1.60506,2.22705
2025-12-04#t1461w0,2025-12-04,Mr. Johnston,137,0.0,182,2.3177,-0.18822,2.00997
2025-12-04#t1462w0,2025-12-04,Hon. Mr. Gauvin,110,0.0,143,2.23979,0.82816,2.06925
2025-12-04#t1463w0,2025-12-04,Mr. Weir,145,1.0,180,2.66288,0.47754,2.02485
2025-12-04#t1464w0,2025-12-04,Mr. Coon,156,0.974,200,2.3251,0.52764,2.01411
2025-12-04#t1465w0,2025-12-04,Hon. Ms. Boudreau,185,0.2,252,2.49897,0.40869,1.95128
2025-12-04#t1466w0,2025-12-04,Mr. Monahan,159,1.0,202,2.38827,0.99597,2.12979
2025-12-04#t1467w0,2025-12-04,Ms. Mitton,155,1.0,200,2.42954,-0.14588,2.0481
2025-12-04#t1468w0,2025-12-04,Hon. Ms. Thériault,107,0.0,139,2.61024,-0.80519,1.97984
2025-12-04#t1469w0,2025-12-04,Ms. Bockus,175,1.0,218,2.61317,0.28933,2.05708
2025-12-04#t1470w0,2025-12-04,Mr. Savoie,123,0.967,154,1.79377,1.24944,2.08556
2025-12-04#t1471w0,2025-12-04,Ms. M. Wilson,148,1.0,183,2.75098,-1.41318,1.89724
2025-12-04#t1472w0,2025-12-04,Ms. Mitton,178,1.0,211,2.55357,-1.8311,2.12253
2025-12-04#t1473w0,2025-12-04,Mr. Doucet,153,0.0,215,2.44606,-2.18596,2.02773
2025-12-04#t1474w0,2025-12-04,Ms. Bockus,147,1.0,172,2.40388,0.53702,2.20059
2025-12-04#t1475w0,2025-12-04,Ms. Vautour,149,0.0,183,2.64616,-0.47638,2.04326
2025-12-04#t1476w0,2025-12-04,Mr. Ames,135,1.0,166,2.58972,-0.18764,2.06021
2025-12-04#t1477w0,2025-12-04,Mr. Robichaud,136,0.0,174,2.0943,1.78933,2.29462
2025-12-04#t1478w0,2025-12-04,Mr. Russell,133,1.0,170,2.8532,0.18119,1.92167
2025-12-04#t1479w0,2025-12-04,Ms. Wilcott,141,1.0,173,2.52378,-0.43435,1.97723
2025-12-04#t1480w0,2025-12-04,Mr. Monahan,138,1.0,171,2.64158,0.53403,2.07964
2025-12-04#t1482w0,2025-12-04,Hon. Mr. Hickey,155,1.0,195,2.45294,0.12589,2.12736
2025-12-04#t1483w0,2025-12-04,Mr. Savoie,126,1.0,165,2.72031,-1.23529,2.01328
2025-12-04#t1484w0,2025-12-04,Hon. Mr. Hickey,173,1.0,207,2.53448,-0.07753,2.04276
2025-12-04#t1485w0,2025-12-04,Mr. Savoie,110,1.0,130,2.39227,0.49592,2.00484
2025-12-04#t1486w0,2025-12-04,Hon. Mr. Hickey,182,1.0,237,2.4736,0.55352,2.08954
2025-12-04#t1487w0,2025-12-04,Mr. Savoie,180,1.0,238,2.59597,-0.76997,2.09072
2025-12-04#t1488w0,2025-12-04,Hon. Mr. Hickey,199,1.0,238,2.79634,-0.30544,1.95665
2025-12-04#t1489w0,2025-12-04,Mr. Savoie,117,1.0,147,2.81358,0.14615,1.95528
2025-12-04#t1490w0,2025-12-04,Hon. Mr. Hickey,159,1.0,188,2.58615,-0.68557,2.0629
2025-12-04#t1492w0,2025-12-04,Mr. Savoie,83,1.0,96,2.92305,-0.54717,1.93557
2025-12-04#t1493w0,2025-12-04,Hon. Mr. McKee,178,1.0,222,2.31437,0.66089,2.16521
2025-12-04#t1494w0,2025-12-04,Mr. Savoie,154,1.0,186,2.85274,-0.08922,1.97082
2025-12-04#t1495w0,2025-12-04,Hon. Mr. Gauvin,189,0.0,224,2.50176,-0.12818,2.0101
2025-12-04#t1496w0,2025-12-04,Mr. Hogan,132,1.0,160,2.21773,1.65754,2.1816
2025-12-04#t1497w0,2025-12-04,Hon. Mr. Dornan,144,1.0,170,2.67335,0.17374,2.07646
2025-12-04#t1498w0,2025-12-04,Mr. Hogan,172,1.0,210,2.61648,-0.68536,2.03542
2025-12-04#t1499w0,2025-12-04,Hon. Mr. Dornan,140,1.0,169,2.61616,-0.41622,2.02197
2025-12-04#t1500w0,2025-12-04,Mr. Hogan,148,1.0,187,2.88599,-0.04371,1.98098
2025-12-04#t1501w0,2025-12-04,Hon. Mr. Dornan,166,1.0,197,3.17925,-2.92789,1.98979
2025-12-04#t1502w0,2025-12-04,Ms. Conroy,116,1.0,140,2.31623,-0.49275,2.01643
2025-12-04#t1503w0,2025-12-04,Hon. Mr. Dornan,159,1.0,197,2.47993,0.21083,2.13688
2025-12-04#t1504w0,2025-12-04,Ms. Conroy,133,1.0,170,2.60855,-0.44985,1.95226
2025-12-04#t1505w0,2025-12-04,Hon. Mr. Dornan,149,1.0,187,2.49962,-0.30409,2.10804
2025-12-04#t1506w0,2025-12-04,Ms. Conroy,181,1.0,222,2.5702,-0.40435,1.99598
2025-12-04#t1507w0,2025-12-04,Hon. Mr. Dornan,179,1.0,219,2.79235,-1.13176,2.00968
2025-12-04#t1508w0,2025-12-04,Mr. Coon,153,1.0,199,2.23596,0.19318,2.06276
2025-12-04#t1509w0,2025-12-04,Hon. Mr. Gauvin,169,0.0,204,2.41902,0.28603,2.07794
2025-12-04#t1510w0,2025-12-04,Mr. Coon,177,1.0,227,3.01469,-1.88021,1.97274
2025-12-04#t1511w0,2025-12-04,Hon. Mr. Gauvin,200,0.0,244,2.53454,-0.64524,2.02065
2025-12-04#t1512w0,2025-12-04,Mr. Austin,165,1.0,210,2.74554,-1.49758,2.01982
2025-12-04#t1513w0,2025-12-04,Hon. Mr. Legacy,169,1.0,220,2.96499,-1.5379,2.02848
2025-12-04#t1515w0,2025-12-04,Hon. Mr. D’Amours,331,0.453,394,2.3606,0.9095,2.04646
2025-12-04#t1516w0,2025-12-04,Ms. M. Wilson,285,1.0,330,2.3992,1.77738,2.05381
2025-12-04#t1516w1,2025-12-04,Ms. M. Wilson,90,1.0,101,2.72617,1.57316,1.98164
2025-12-04#t1517w0,2025-12-04,Mr. Coon,287,1.0,336,2.60083,0.07312,2.01569
2025-12-04#t1518w0,2025-12-04,Hon. Ms. Boudreau,137,0.234,170,2.31879,-0.60952,2.18448
2025-12-04#t1519w0,2025-12-04,Mr. Savoie,185,0.762,240,2.5808,0.12355,2.0921
2025-12-04#t1520w0,2025-12-04,Ms. Mitton,140,1.0,175,2.84725,-0.45504,1.97887
2025-12-04#t1521w0,2025-12-04,Hon. Mr. Dornan,199,0.879,243,2.38921,-0.29239,2.20534
2025-12-04#t1522w0,2025-12-04,Mr. Hogan,278,0.817,347,2.46745,0.48928,2.08485
2025-12-04#t1523w0,2025-12-04,Mr. Coon,230,0.983,282,2.4728,1.34478,2.17035
2025-12-04#t1524w0,2025-12-04,Hon. Mr. D’Amours,354,0.223,468,2.31053,-1.31854,2.0894
2025-12-04#t1524w1,2025-12-04,Hon. Mr. D’Amours,50,1.0,60,2.77446,-1.70738,2.01145
2025-12-04#t1525w0,2025-12-04,Mr. Oliver,324,1.0,405,2.44253,-1.60416,2.08547
2025-12-04#t1525w1,2025-12-04,Mr. Oliver,357,1.0,453,2.40962,0.59871,2.05496
2025-12-04#t1525w2,2025-12-04,Mr. Oliver,339,1.0,423,2.51981,0.24233,2.08344
2025-12-04#t1525w3,2025-12-04,Mr. Oliver,301,1.0,368,2.56141,0.86311,2.05435
2025-12-04#t1525w4,2025-12-04,Mr. Oliver,249,1.0,317,2.44635,0.60705,2.06351
2025-12-04#t1525w5,2025-12-04,Mr. Oliver,171,1.0,219,2.41698,1.12957,2.06475
2025-12-04#t1526w0,2025-12-04,Hon. Mr. McKee,294,0.612,366,2.1275,1.33684,2.12603
2025-12-04#t1526w1,2025-12-04,Hon. Mr. McKee,343,0.519,407,2.48182,-0.88287,2.07096
2025-12-04#t1526w2,2025-12-04,Hon. Mr. McKee,302,0.384,378,2.71091,-1.06128,1.95529
2025-12-04#t1526w3,2025-12-04,Hon. Mr. McKee,354,0.472,439,2.54854,-0.57404,2.02642
2025-12-04#t1526w4,2025-12-04,Hon. Mr. McKee,305,0.852,374,2.45533,0.85441,1.98266
2025-12-04#t1526w5,2025-12-04,Hon. Mr. McKee,326,1.0,403,2.84298,-1.87384,1.98963
2025-12-04#t1532w0,2025-12-04,Mr. Hogan,333,0.973,416,2.53104,-0.50962,2.12552
2025-12-04#t1532w1,2025-12-04,Mr. Hogan,307,1.0,372,2.55962,-0.3191,2.05033
2025-12-04#t1532w2,2025-12-04,Mr. Hogan,254,1.0,302,2.49048,1.90617,2.1031
2025-12-04#t1532w3,2025-12-04,Mr. Hogan,345,1.0,437,2.45408,0.09027,2.0885
2025-12-04#t1532w4,2025-12-04,Mr. Hogan,250,1.0,298,2.34463,0.37575,2.13826
2025-12-04#t1532w5,2025-12-04,Mr. Hogan,189,1.0,238,2.05589,1.55082,2.15684
2025-12-04#t1534w0,2025-12-04,Ms. Vautour,331,0.0,417,2.64231,0.32682,2.01796
2025-12-04#t1534w1,2025-12-04,Ms. Vautour,345,0.0,421,2.96588,-0.95529,1.94819
2025-12-04#t1534w2,2025-12-04,Ms. Vautour,332,0.0,398,3.17039,-2.43291,1.87426
2025-12-04#t1534w3,2025-12-04,Ms. Vautour,252,0.0,319,2.72645,0.10051,1.98663
2025-12-04#t1536w0,2025-12-04,Mr. Austin,248,1.0,293,2.43294,0.176,2.13351
2025-12-04#t1536w1,2025-12-04,Mr. Austin,272,1.0,327,2.54646,0.9243,2.03945
2025-12-04#t1536w2,2025-12-04,Mr. Austin,262,1.0,318,2.53764,0.10387,2.04493
2025-12-04#t1536w3,2025-12-04,Mr. Austin,349,1.0,461,2.47623,0.6574,2.03815
2025-12-04#t1536w4,2025-12-04,Mr. Austin,279,1.0,325,2.2914,1.4042,2.12349
2025-12-04#t1536w5,2025-12-04,Mr. Austin,358,1.0,470,2.3619,0.25898,2.08151
2025-12-04#t1536w6,2025-12-04,Mr. Austin,339,1.0,422,2.26517,0.20127,2.1077
2025-12-04#t1538w0,2025-12-04,Mr. Johnston,353,1.0,433,3.02724,-1.68258,1.94395
2025-12-04#t1538w1,2025-12-04,Mr. Johnston,326,1.0,428,2.62327,1.15568,1.99208
2025-12-04#t1538w2,2025-12-04,Mr. Johnston,325,1.0,413,2.86847,-0.70421,1.95914
2025-12-04#t1538w3,2025-12-04,Mr. Johnston,351,1.0,424,3.06897,-2.18734,1.9601
2025-12-04#t1538w4,2025-12-04,Mr. Johnston,240,1.0,290,2.9172,-1.17906,1.99563
2025-12-04#t1538w5,2025-12-04,Mr. Johnston,343,1.0,422,2.94963,-0.37609,2.01459
2025-12-04#t1538w6,2025-12-04,Mr. Johnston,264,1.0,298,2.92101,0.15434,1.98708
2025-12-04#t1540w0,2025-12-04,Mr. Coon,70,1.0,96,2.5827,-0.14115,1.96337
2025-12-04#t1541w0,2025-12-04,,357,1.0,433,2.50065,1.40764,2.06521
2025-12-04#t1541w1,2025-12-04,,353,1.0,425,2.27897,1.22287,2.03788
2025-12-04#t1541w2,2025-12-04,,102,1.0,121,2.54576,0.81903,1.9288
2025-12-04#t1542w0,2025-12-04,,311,1.0,366,2.46378,0.533,2.07956
2025-12-04#t1542w1,2025-12-04,,278,1.0,355,2.74389,-2.35018,1.95064
2025-12-04#t1542w2,2025-12-04,,296,1.0,361,2.56636,0.18841,2.05768
2025-12-04#t1542w3,2025-12-04,,234,1.0,282,2.26803,0.3538,2.04628
2025-12-04#t1544w0,2025-12-04,Mr. Savoie,332,0.705,398,2.27686,1.45974,2.19619
2025-12-04#t1544w1,2025-12-04,Mr. Savoie,236,1.0,273,2.45817,0.31184,2.15688
2025-12-04#t1544w2,2025-12-04,Mr. Savoie,329,1.0,386,2.67376,0.51679,2.08713
2025-12-04#t1544w3,2025-12-04,Mr. Savoie,94,1.0,113,2.91588,0.38344,2.0228
2025-12-04#t1546w0,2025-12-04,Mr. Ames,355,1.0,444,2.3736,1.25503,2.04588
2025-12-04#t1546w1,2025-12-04,Mr. Ames,344,1.0,408,2.63172,-0.02347,2.01628
2025-12-04#t1546w2,2025-12-04,Mr. Ames,340,1.0,405,2.64717,2.34912,2.07598
2025-12-04#t1546w3,2025-12-04,Mr. Ames,266,1.0,331,2.61014,1.41521,1.97506
2025-12-04#t1547w0,2025-12-04,Mr. Deputy Speaker,339,1.0,433,2.42184,-0.60162,2.01469
2025-12-04#t1547w1,2025-12-04,Mr. Deputy Speaker,279,1.0,355,2.526,-0.08366,1.96525
2025-12-04#t1548w0,2025-12-04,Mr. Austin,329,1.0,402,2.4354,-0.40957,2.05151
2025-12-04#t1548w1,2025-12-04,Mr. Austin,351,1.0,413,2.61455,-0.20601,2.12865
2025-12-04#t1548w2,2025-12-04,Mr. Austin,325,1.0,394,2.48173,-0.13968,2.01875
2025-12-04#t1548w3,2025-12-04,Mr. Austin,347,1.0,434,2.34904,0.79905,2.10025
2025-12-04#t1548w4,2025-12-04,Mr. Austin,309,1.0,385,2.3818,0.27882,2.14026
2025-12-04#t1548w5,2025-12-04,Mr. Austin,332,1.0,427,2.5963,-1.03188,2.02678
2025-12-04#t1548w6,2025-12-04,Mr. Austin,349,1.0,440,2.81973,-1.11798,2.02362
2025-12-04#t1548w7,2025-12-04,Mr. Austin,348,1.0,428,2.63085,0.62419,2.06357
2025-12-04#t1548w8,2025-12-04,Mr. Austin,149,1.0,187,2.87312,-0.54501,1.97575
2025-12-04#t1550w0,2025-12-04,Hon. Mr. McKee,300,0.813,356,2.29547,-0.95298,2.15379
2025-12-04#t1550w1,2025-12-04,Hon. Mr. McKee,306,1.0,357,2.26757,0.96052,2.13078
2025-12-04#t1550w2,2025-12-04,Hon. Mr. McKee,298,1.0,351,2.69389,0.77293,1.99013
2025-12-04#t1550w3,2025-12-04,Hon. Mr. McKee,351,0.584,412,2.95625,0.17666,1.99112
2025-12-04#t1550w4,2025-12-04,Hon. Mr. McKee,338,0.882,398,2.52218,0.28325,2.0882
2025-12-04#t1550w5,2025-12-04,Hon. Mr. McKee,340,0.876,404,2.68468,1.11911,2.03765
2025-12-04#t1550w6,2025-12-04,Hon. Mr. McKee,79,1.0,93,2.95491,0.57997,1.99526
2025-12-04#t1552w0,2025-12-04,Mr. Hogan,349,1.0,423,2.65138,-0.12656,2.06805
2025-12-04#t1552w1,2025-12-04,Mr. Hogan,352,1.0,444,2.4841,0.91305,2.00021
2025-12-04#t1553w0,2025-12-04,Mr. Hogan,345,1.0,428,2.26298,2.04032,2.10468
2025-12-04#t1554w0,2025-12-04,Mr. Hogan,336,1.0,416,2.53521,-0.57195,2.04031
2025-12-04#t1554w1,2025-12-04,Mr. Hogan,219,1.0,276,2.44775,0.6632,2.08025
2025-12-04#t1556w0,2025-12-04,Ms. Wilcott,285,1.0,344,2.5044,-1.15701,2.0689
2025-12-04#t1556w1,2025-12-04,Ms. Wilcott,178,1.0,205,2.69161,-0.07895,2.15167
2025-12-04#t1557w0,2025-12-04,,341,1.0,406,2.52774,0.41675,2.0504
2025-12-04#t1557w1,2025-12-04,,298,1.0,370,2.96005,-1.13934,1.94396
2025-12-04#t1557w2,2025-12-04,,318,1.0,376,2.8178,-0.2141,1.96545
2025-12-04#t1557w3,2025-12-04,,353,1.0,443,2.48302,1.17648,1.9874
2025-12-04#t1558w0,2025-12-04,Ms. Bockus,280,1.0,353,2.43028,0.48147,1.98899
2025-12-04#t1558w1,2025-12-04,Ms. Bockus,317,1.0,379,2.7881,-0.84036,1.95267
2025-12-04#t1558w2,2025-12-04,Ms. Bockus,351,1.0,435,2.99765,-0.54242,1.90563
2025-12-04#t1558w3,2025-12-04,Ms. Bockus,334,1.0,411,3.12638,-1.11328,1.84566
2025-12-05#t1560w0,2025-12-05,Hon. Ms. Miles,214,1.0,290,2.41732,0.06559,2.01676
2025-12-05#t1561w0,2025-12-05,Mr. Lee,173,1.0,217,2.31373,-0.9196,2.05222
2025-12-05#t1562w0,2025-12-05,Ms. M. Wilson,181,1.0,238,2.04988,2.09818,2.18174
2025-12-05#t1563w0,2025-12-05,Mr. Oliver,195,1.0,240,2.4624,0.93166,1.99849
2025-12-05#t1564w0,2025-12-05,Mr. Doucet,170,1.0,210,2.28911,0.90954,2.12994
2025-12-05#t1565w0,2025-12-05,Mr. Russell,146,1.0,186,2.54002,0.10659,2.147
2025-12-05#t1566w0,2025-12-05,Mr. Coon,133,1.0,171,2.10758,0.20037,2.20663
2025-12-05#t1567w0,2025-12-05,Mr. J. LeBlanc,138,0.0,192,2.46624,1.39443,1.96727
2025-12-05#t1568w0,2025-12-05,Ms. Mitton,154,1.0,212,2.21563,0.43979,2.0455
2025-12-05#t1569w0,2025-12-05,Ms. Vautour,144,0.0,180,2.45886,1.23052,2.01459
2025-12-05#t1570w0,2025-12-05,Madam Speaker,165,0.679,210,2.53496,-0.08488,1.97448
2025-12-05#t1571w0,2025-12-05,Mr. Weir,139,0.835,196,2.66326,-1.33811,1.92708
2025-12-05#t1572w0,2025-12-05,Ms. Mitton,152,1.0,182,2.33115,-0.24725,2.13521
2025-12-05#t1573w0,2025-12-05,Mr. Johnston,146,1.0,170,2.21685,0.2325,2.19473
2025-12-05#t1574w0,2025-12-05,Ms. Conroy,165,1.0,201,2.17725,1.80789,2.15392
2025-12-05#t1575w0,2025-12-05,Mr. J. LeBlanc,158,1.0,193,2.08193,1.5731,2.0971
2025-12-05#t1576w0,2025-12-05,Mr. Hogan,144,1.0,182,2.74052,-0.93657,1.94618
2025-12-05#t1577w0,2025-12-05,Mr. Mallet,88,0.0,101,2.73941,-0.37166,2.08065
2025-12-05#t1578w0,2025-12-05,Mr. Lee,167,1.0,217,2.84346,-0.01176,2.04838
2025-12-05#t1579w0,2025-12-05,Ms. Sodhi,112,1.0,148,2.3261,-0.21334,1.97919
2025-12-05#t1580w0,2025-12-05,Mr. Austin,146,1.0,180,2.27262,1.11525,2.06529
2025-12-05#t1581w0,2025-12-05,Mr. Savoie,122,0.934,148,2.13307,0.6679,2.15845
2025-12-05#t1582w0,2025-12-05,Hon. Mr. Gauvin,188,0.0,231,2.30534,0.18822,2.12163
2025-12-05#t1583w0,2025-12-05,Mr. Savoie,140,0.607,179,2.64572,-0.82505,2.0704
2025-12-05#t1584w0,2025-12-05,Hon. Mr. Gauvin,155,0.0,185,2.69971,0.20441,2.04518
2025-12-05#t1585w0,2025-12-05,Mr. Savoie,94,0.883,127,2.5143,-1.06194,1.97453
2025-12-05#t1586w0,2025-12-05,Hon. Ms. Miles,166,1.0,209,2.30172,0.19772,2.12308
2025-12-05#t1587w0,2025-12-05,Mr. Savoie,177,1.0,217,2.44544,-0.15646,2.04046
2025-12-05#t1588w0,2025-12-05,Hon. Ms. Miles,192,1.0,224,2.46225,1.2342,2.15521
2025-12-05#t1589w0,2025-12-05,Mr. Savoie,144,1.0,187,2.51324,0.21033,2.121
2025-12-05#t1590w0,2025-12-05,Hon. Mr. Hickey,186,1.0,224,2.63769,-0.17759,1.98222
2025-12-05#t1591w0,2025-12-05,Mr. Savoie,192,1.0,254,2.24139,0.43929,2.10377
2025-12-05#t1592w0,2025-12-05,Hon. Mr. Herron,153,1.0,189,2.75568,-1.51031,2.02885
2025-12-05#t1593w0,2025-12-05,Mr. Savoie,165,1.0,199,2.46886,0.51354,2.09436
2025-12-05#t1594w0,2025-12-05,Hon. Mr. Herron,141,1.0,176,3.03021,-1.35927,1.90395
2025-12-05#t1595w0,2025-12-05,Mr. Austin,189,1.0,258,2.10457,2.74293,2.25788
2025-12-05#t1596w0,2025-12-05,Hon. Ms. Holt,186,0.978,255,2.24461,-0.3616,2.11268
2025-12-05#t1597w0,2025-12-05,Mr. Austin,185,1.0,236,2.58863,-0.90016,1.98998
2025-12-05#t1598w0,2025-12-05,Hon. Mr. Herron,66,1.0,84,3.19999,-1.32092,1.93619
2025-12-05#t1599w0,2025-12-05,Mr. Austin,96,1.0,113,2.97017,-0.37024,1.97405
2025-12-05#t1600w0,2025-12-05,Hon. Mr. Herron,133,1.0,158,3.07783,-0.47738,1.9658
2025-12-05#t1601w0,2025-12-05,Ms. Bockus,81,1.0,104,2.77011,-0.47801,1.855
2025-12-05#t1602w0,2025-12-05,Hon. Mr. Randall,115,1.0,139,2.94626,0.27615,1.95755
2025-12-05#t1603w0,2025-12-05,Ms. Bockus,84,1.0,103,2.52871,0.78556,1.99333
2025-12-05#t1604w0,2025-12-05,Hon. Mr. Randall,142,1.0,161,2.6028,-0.47941,1.98704
2025-12-05#t1605w0,2025-12-05,Ms. Bockus,89,1.0,103,2.62614,0.70749,2.02047
2025-12-05#t1606w0,2025-12-05,Hon. Mr. Randall,154,1.0,194,2.70057,0.91939,2.0351
2025-12-05#t1607w0,2025-12-05,Mr. Monahan,153,1.0,180,2.5684,-1.19557,2.08701
2025-12-05#t1608w0,2025-12-05,Hon. Ms. Holt,174,1.0,220,2.31473,0.40136,2.06183
2025-12-05#t1609w0,2025-12-05,Mr. Monahan,151,0.0,179,2.6775,-1.80253,2.02006
2025-12-05#t1610w0,2025-12-05,Hon. Mr. Legacy,122,0.0,141,3.42779,-1.92705,1.83659
2025-12-05#t1611w0,2025-12-05,Mr. Hogan,88,1.0,107,2.39282,0.07361,2.13327
2025-12-05#t1612w0,2025-12-05,Hon. Ms. Holt,178,1.0,203,2.83309,-1.48035,1.99878
2025-12-05#t1614w0,2025-12-05,Hon. Ms. Boudreau,161,0.342,202,2.28806,-1.53367,2.05725
2025-12-05#t1615w0,2025-12-05,Ms. Scott-Wallace,174,1.0,228,2.54304,0.00047,2.10043
2025-12-05#t1616w0,2025-12-05,Ms. Mitton,160,0.975,196,2.3704,-0.58394,2.0595
2025-12-05#t1617w0,2025-12-05,Hon. Mr. Randall,263,0.985,321,2.2711,0.66328,2.14226
2025-12-05#t1618w0,2025-12-05,Mr. Russell,279,1.0,352,2.44134,0.55863,2.01727
2025-12-05#t1619w0,2025-12-05,Mr. Coon,322,0.988,416,2.43256,-0.48018,2.04295
2025-12-05#t1619w1,2025-12-05,Mr. Coon,339,0.858,432,2.69348,0.20821,1.98133
2025-12-05#t1619w2,2025-12-05,Mr. Coon,95,1.0,124,2.35583,-0.25983,1.90708
2025-12-05#t1620w0,2025-12-05,Hon. Mr. Legacy,73,0.151,108,2.14285,-0.25818,2.22617
2025-12-05#t1622w0,2025-12-05,Mr. M. LeBlanc,337,0.552,398,2.33362,0.34575,2.09018
2025-12-05#t1622w1,2025-12-05,Mr. M. LeBlanc,224,1.0,275,2.19758,1.63361,2.18522
2025-12-05#t1622w2,2025-12-05,Mr. M. LeBlanc,349,1.0,421,2.33945,0.91798,2.17399
2025-12-05#t1622w3,2025-12-05,Mr. M. LeBlanc,360,1.0,434,2.35753,1.38512,2.24173
2025-12-05#t1622w4,2025-12-05,Mr. M. LeBlanc,317,0.893,379,2.86563,-0.1545,2.00116
2025-12-05#t1622w5,2025-12-05,Mr. M. LeBlanc,226,1.0,264,2.49587,0.04388,2.14732
2025-12-05#t1623w0,2025-12-05,Mr. Chair,77,0.753,104,2.89257,0.53381,1.95885
2025-12-09#t1625w0,2025-12-09,Mr. Russell,159,1.0,204,1.94228,2.05704,2.2728
2025-12-09#t1627w0,2025-12-09,Hon. Ms. Holt,232,0.134,310,2.50054,-0.86602,2.03808
2025-12-09#t1628w0,2025-12-09,Hon. Mr. Legacy,144,0.104,195,2.71385,-0.11556,1.99315
2025-12-09#t1629w0,2025-12-09,Mr. Oliver,161,1.0,203,2.50784,-0.30057,2.03206
2025-12-09#t1630w0,2025-12-09,Hon. Ms. Boudreau,178,0.101,242,2.8521,-1.73387,1.98336
2025-12-09#t1631w0,2025-12-09,Ms. Bockus,161,1.0,203,3.13487,-1.86314,1.77045
2025-12-09#t1632w0,2025-12-09,Mr. Robichaud,132,0.0,169,2.44765,0.97623,2.08618
2025-12-09#t1633w0,2025-12-09,Mr. Ames,166,1.0,231,2.52277,-0.00457,1.99895
2025-12-09#t1634w0,2025-12-09,Ms. Vautour,132,0.0,167,2.54179,0.49285,2.0173
2025-12-09#t1635w0,2025-12-09,Mr. Russell,141,1.0,166,2.47173,0.35307,2.07485
2025-12-09#t1636w0,2025-12-09,Ms. Mitton,108,0.0,143,2.5219,-0.77624,1.9513
2025-12-09#t1637w0,2025-12-09,Ms. Wilcott,120,1.0,147,2.62381,-1.59881,1.97714
2025-12-09#t1638w0,2025-12-09,Ms. Scott-Wallace,131,1.0,172,2.93426,-0.93519,1.98185
2025-12-09#t1639w0,2025-12-09,Mr. Robichaud,138,0.0,168,2.94321,-1.47526,1.96121
2025-12-09#t1640w0,2025-12-09,Mr. Oliver,112,1.0,138,2.49979,-0.51441,2.0009
2025-12-09#t1641w0,2025-12-09,Ms. Sodhi,138,1.0,169,2.08008,0.90939,2.21927
2025-12-09#t1642w0,2025-12-09,Mr. Cullins,147,1.0,191,2.53788,-0.40779,2.05267
2025-12-09#t1643w0,2025-12-09,Ms. Vautour,147,0.0,188,2.38026,-0.08275,2.09005
2025-12-09#t1644w0,2025-12-09,Ms. S. Wilson,130,1.0,158,2.48392,-0.70646,2.10466
2025-12-09#t1645w0,2025-12-09,Mr. Savoie,155,0.948,191,2.40871,-0.08671,2.08732
2025-12-09#t1646w0,2025-12-09,Hon. Ms. Holt,210,1.0,259,2.47325,-0.53678,2.11313
2025-12-09#t1647w0,2025-12-09,Mr. Savoie,196,1.0,246,2.51521,0.85479,2.06296
2025-12-09#t1648w0,2025-12-09,Hon. Mr. Herron,134,1.0,159,3.00043,-0.11611,1.91404
2025-12-09#t1649w0,2025-12-09,Mr. Savoie,140,1.0,173,2.55671,0.11803,2.04946
2025-12-09#t1650w0,2025-12-09,Hon. Mr. Herron,145,1.0,171,2.87306,-0.8211,1.97361
2025-12-09#t1651w0,2025-12-09,Mr. Savoie,113,1.0,138,3.50716,-1.77701,1.88494
2025-12-09#t1652w0,2025-12-09,Hon. Mr. Herron,140,1.0,161,3.03172,-0.41767,1.93793
2025-12-09#t1653w0,2025-12-09,Mr. Savoie,198,1.0,259,2.40327,1.31087,2.09132
2025-12-09#t1654w0,2025-12-09,Hon. Mr. Herron,168,1.0,213,2.88965,-0.34975,1.92655
2025-12-09#t1655w0,2025-12-09,Mr. Savoie,143,1.0,175,2.76187,-1.29523,1.99527
2025-12-09#t1656w0,2025-12-09,Hon. Mr. Herron,157,1.0,200,3.11434,-3.24395,1.90448
2025-12-09#t1657w0,2025-12-09,Mr. Austin,161,1.0,198,2.47015,0.43498,2.16718
2025-12-09#t1658w0,2025-12-09,Hon. Mr. Herron,159,1.0,191,2.93048,-2.13859,2.02492
2025-12-09#t1659w0,2025-12-09,Mr. Austin,133,1.0,178,2.53312,0.16853,2.08119
2025-12-09#t1661w0,2025-12-09,Hon. Mr. Herron,147,1.0,186,2.92769,-0.79455,1.96197
2025-12-09#t1662w0,2025-12-09,Mr. Austin,196,1.0,244,2.48781,0.91198,2.06575
2025-12-09#t1663w0,2025-12-09,Hon. Mr. Herron,182,1.0,229,2.91086,-0.27815,2.00561
2025-12-09#t1664w0,2025-12-09,Mr. Coon,150,0.973,177,2.75812,-0.74029,2.04926
2025-12-09#t1665w0,2025-12-09,Hon. Mr. Hickey,182,1.0,203,2.68045,-0.7238,2.01864
2025-12-09#t1666w0,2025-12-09,Mr. Coon,147,1.0,180,3.07826,-1.68716,1.93174
2025-12-09#t1667w0,2025-12-09,Hon. Mr. Hickey,186,1.0,214,2.65184,-0.47502,2.12377
2025-12-09#t1668w0,2025-12-09,Mr. Hogan,150,1.0,177,2.57191,1.26926,2.03393
2025-12-09#t1669w0,2025-12-09,Hon. Mr. Dornan,196,1.0,233,2.9416,-0.84033,2.03325
2025-12-09#t1670w0,2025-12-09,Mr. Hogan,123,1.0,146,3.03638,-0.55389,1.99584
2025-12-09#t1672w0,2025-12-09,Hon. Mr. Dornan,198,1.0,234,2.76622,1.20933,2.02454
2025-12-09#t1673w0,2025-12-09,Mr. Hogan,137,1.0,167,2.50984,1.13587,2.07103
2025-12-09#t1674w0,2025-12-09,Hon. Mr. Dornan,181,1.0,218,3.10993,-1.49595,1.95101
2025-12-09#t1675w0,2025-12-09,Mr. Savoie,154,1.0,194,2.40758,-0.63562,2.13749
2025-12-09#t1676w0,2025-12-09,Hon. Mr. Legacy,168,1.0,201,2.67097,-0.4653,2.01456
2025-12-09#t1678w0,2025-12-09,Hon. Ms. Holt,351,0.741,432,2.31176,-1.03435,2.10422
2025-12-09#t1680w0,2025-12-09,Mr. Hogan,61,1.0,80,3.22111,-1.12696,1.88756
2025-12-09#t1681w0,2025-12-09,Mr. Hogan,216,1.0,277,2.82968,-0.13379,2.01291
2025-12-09#t1682w0,2025-12-09,Mr. Coon,297,0.987,360,2.56671,-1.29978,2.05705
2025-12-09#t1683w0,2025-12-09,Hon. Ms. Thériault,181,0.414,213,2.40789,-0.58212,2.13922
2025-12-09#t1684w0,2025-12-09,Ms. M. Wilson,245,1.0,301,2.4789,-1.06213,2.00318
2025-12-09#t1685w0,2025-12-09,Ms. Mitton,103,0.544,123,2.50641,-0.31327,2.07829
2025-12-09#t1686w0,2025-12-09,Hon. C. Johnson,267,0.483,324,2.39905,-0.96373,2.09796
2025-12-09#t1687w0,2025-12-09,Mr. Lee,185,1.0,237,2.78568,-1.81504,1.94147
2025-12-09#t1688w0,2025-12-09,Ms. Mitton,270,0.863,318,2.5241,0.27129,2.08898
2025-12-09#t1689w0,2025-12-09,Hon. Mr. Hickey,286,0.92,351,2.4781,-0.17563,2.13483
2025-12-09#t1690w0,2025-12-09,Ms. Conroy,348,1.0,443,2.28981,0.64588,2.14069
2025-12-09#t1691w0,2025-12-09,Mr. Coon,358,0.891,463,2.822,-1.88548,2.01942
2025-12-09#t1691w1,2025-12-09,Mr. Coon,343,0.708,433,2.26288,0.46613,2.04083
2025-12-09#t1691w2,2025-12-09,Mr. Coon,113,1.0,144,2.21508,0.44233,2.07826
2025-12-09#t1692w0,2025-12-09,Mr. M. LeBlanc,346,0.922,424,2.53497,-0.02324,2.0972
2025-12-09#t1692w1,2025-12-09,Mr. M. LeBlanc,349,0.848,430,2.24062,0.94197,2.11599
2025-12-09#t1692w2,2025-12-09,Mr. M. LeBlanc,133,0.865,188,2.50683,-0.06639,2.03448
2025-12-09#t1693w0,2025-12-09,Hon. Mr. Dornan,251,0.693,303,2.56186,1.62221,2.03017
2025-12-09#t1696w0,2025-12-09,Mr. Monahan,115,1.0,150,2.66136,-0.85887,2.04079
2025-12-09#t1697w0,2025-12-09,Hon. Mr. Legacy,94,1.0,136,3.13661,-0.02068,1.81534
2025-12-09#t1698w0,2025-12-09,Mr. Monahan,85,1.0,107,2.93588,0.05084,1.9178
2025-12-09#t1699w0,2025-12-09,Hon. Mr. Legacy,207,1.0,284,2.66409,-0.48807,1.87788
2025-12-09#t1701w0,2025-12-09,Hon. Mr. Legacy,79,1.0,109,2.92152,0.71534,1.97149
2025-12-09#t1702w0,2025-12-09,Mr. Monahan,96,0.479,119,2.88537,-1.97143,2.00053
2025-12-09#t1703w0,2025-12-09,Hon. Mr. Legacy,165,1.0,229,2.60627,0.41038,2.03322
2025-12-09#t1704w0,2025-12-09,Ms. Bockus,107,1.0,138,2.40009,0.59847,2.09462
2025-12-09#t1705w0,2025-12-09,Hon. Mr. Legacy,89,1.0,116,3.35432,0.00301,1.90729
2025-12-09#t1706w0,2025-12-09,Ms. Bockus,116,1.0,148,2.77927,-0.47682,2.07171
2025-12-09#t1709w0,2025-12-09,Hon. Mr. Legacy,68,1.0,82,4.06991,-1.46261,1.71698
2025-12-09#t1711w0,2025-12-09,Hon. Mr. Legacy,75,1.0,92,3.62034,-1.8505,1.84386
2025-12-09#t1713w0,2025-12-09,Hon. Mr. Legacy,90,0.0,102,3.05569,-1.88085,1.98156
2025-12-09#t1715w0,2025-12-09,Hon. Mr. Legacy,134,0.0,173,2.88054,0.18806,1.91915
2025-12-09#t1716w0,2025-12-09,Mr. Monahan,148,0.0,186,2.90303,-0.03014,2.01957
2025-12-09#t1717w0,2025-12-09,Hon. Mr. Legacy,243,0.0,306,3.03135,-1.29913,1.95572
2025-12-09#t1719w0,2025-12-09,Mr. Chair,336,0.643,431,1.125,2.02064,2.14647
2025-12-09#t1720w0,2025-12-09,Mr. Chair,87,1.0,110,2.98227,0.92521,1.92543
2025-12-10#t1722w0,2025-12-10,Mr. Cullins,154,1.0,195,2.19715,1.59591,2.06222
2025-12-10#t1723w0,2025-12-10,Mr. Austin,162,1.0,199,2.60234,0.39404,1.98325
2025-12-10#t1725w0,2025-12-10,Mr. Mallet,119,0.0,170,2.36652,-0.05561,2.08887
2025-12-10#t1726w0,2025-12-10,Mr. Bourque,171,0.094,211,2.42865,0.286,2.1262
2025-12-10#t1727w0,2025-12-10,Mr. Savoie,175,0.966,212,2.33753,0.68812,2.07436
2025-12-10#t1728w0,2025-12-10,Mr. Coon,162,0.975,193,2.38015,-0.2498,2.01265
2025-12-10#t1729w0,2025-12-10,Hon. Mr. Finnigan,133,0.308,187,3.17046,-0.11134,1.85489
2025-12-10#t1730w0,2025-12-10,Mr. Weir,142,0.775,180,2.38825,1.09648,2.15292
2025-12-10#t1731w0,2025-12-10,Ms. Mitton,152,1.0,184,2.20856,0.33048,2.04814
2025-12-10#t1732w0,2025-12-10,Mr. Johnston,185,1.0,264,2.9047,-0.6936,1.92933
2025-12-10#t1733w0,2025-12-10,Ms. Vautour,135,0.0,183,2.46801,-0.73589,1.95559
2025-12-10#t1734w0,2025-12-10,Ms. M. Wilson,172,1.0,230,2.23798,0.89179,2.1491
2025-12-10#t1735w0,2025-12-10,Mr. Coon,160,1.0,188,3.10226,-0.80111,1.95571
2025-12-10#t1736w0,2025-12-10,Mr. J. LeBlanc,143,0.392,176,1.93947,1.342,2.19018
2025-12-10#t1737w0,2025-12-10,Ms. Bockus,187,1.0,207,2.62511,-0.0397,2.06537
2025-12-10#t1738w0,2025-12-10,Mr. Mallet,132,0.0,164,3.10242,-2.08371,1.9196
2025-12-10#t1739w0,2025-12-10,Mr. Ames,172,1.0,207,2.77304,0.15692,1.90488
2025-12-10#t1740w0,2025-12-10,Mr. Bourque,175,0.0,228,2.61041,-1.84031,2.01589
2025-12-10#t1741w0,2025-12-10,Mr. Russell,126,1.0,150,2.50684,0.04774,2.07369
2025-12-10#t1742w0,2025-12-10,Mr. Doucet,151,1.0,174,2.09266,0.80369,2.15577
2025-12-10#t1743w0,2025-12-10,Mr. Monahan,160,1.0,212,2.26932,2.61688,2.05445
2025-12-10#t1744w0,2025-12-10,Mr. Savoie,72,0.0,90,1.647,1.53817,2.52978
2025-12-10#t1745w0,2025-12-10,Hon. Mr. Dornan,178,1.0,213,2.79602,-0.45095,2.02944
2025-12-10#t1746w0,2025-12-10,Mr. Savoie,108,1.0,128,2.67095,0.96368,2.04515
2025-12-10#t1747w0,2025-12-10,Hon. Mr. Dornan,145,1.0,192,2.84971,-0.9652,2.01797
2025-12-10#t1748w0,2025-12-10,Mr. Savoie,155,1.0,206,2.71189,-0.24698,2.01222
2025-12-10#t1749w0,2025-12-10,Hon. Mr. Dornan,139,1.0,177,2.52955,0.48881,2.18687
2025-12-10#t1750w0,2025-12-10,Mr. Savoie,157,1.0,183,2.26554,0.19686,2.136
2025-12-10#t1751w0,2025-12-10,Hon. Mr. Dornan,126,1.0,164,2.71149,0.1726,2.11255
2025-12-10#t1752w0,2025-12-10,Ms. Conroy,211,1.0,259,2.66948,-0.0763,2.06949
2025-12-10#t1753w0,2025-12-10,Hon. Ms. Miles,176,1.0,233,2.36179,0.68556,2.05359
2025-12-10#t1754w0,2025-12-10,Ms. Conroy,136,1.0,172,2.71472,-1.06767,2.06113
2025-12-10#t1755w0,2025-12-10,Hon. Ms. Miles,194,1.0,230,2.41662,1.00133,2.11597
2025-12-10#t1756w0,2025-12-10,Ms. Conroy,205,1.0,248,2.61086,0.70431,2.11672
2025-12-10#t1757w0,2025-12-10,Hon. Ms. Miles,178,1.0,224,2.42388,0.08796,2.01428
2025-12-10#t1758w0,2025-12-10,Ms. Scott-Wallace,167,1.0,195,2.78599,-0.94927,2.0569
2025-12-10#t1759w0,2025-12-10,Hon. Mr. Hickey,180,1.0,205,2.32324,1.65598,2.1518
2025-12-10#t1760w0,2025-12-10,Ms. Scott-Wallace,189,1.0,219,3.00665,-1.73994,1.9181
2025-12-10#t1761w0,2025-12-10,Hon. Mr. Hickey,96,0.958,116,2.95152,-1.50308,2.01843
2025-12-10#t1762w0,2025-12-10,Hon. Mr. Hickey,68,1.0,89,2.62243,0.81663,2.09876
2025-12-10#t1763w0,2025-12-10,Ms. Scott-Wallace,187,1.0,218,3.00866,0.1357,1.9727
2025-12-10#t1764w0,2025-12-10,Hon. Mr. Hickey,165,1.0,201,2.71456,0.09054,2.04062
2025-12-10#t1765w0,2025-12-10,Ms. Mitton,133,0.0,151,2.54381,-0.64571,2.14942
2025-12-10#t1766w0,2025-12-10,Hon. Ms. Boudreau,111,0.306,127,2.19427,1.57463,2.24098
2025-12-10#t1767w0,2025-12-10,Ms. Mitton,123,1.0,144,2.78129,-0.35912,2.0386
2025-12-10#t1768w0,2025-12-10,Hon. Ms. Boudreau,141,0.028,162,2.43062,1.34697,2.13535
2025-12-10#t1769w0,2025-12-10,Ms. Mitton,179,1.0,220,2.79651,-1.17079,2.02828
2025-12-10#t1770w0,2025-12-10,Hon. Ms. Boudreau,180,0.0,208,2.5261,-0.18012,2.11291
2025-12-10#t1771w0,2025-12-10,Mr. Monahan,121,1.0,172,2.524,-0.39584,2.08178
2025-12-10#t1772w0,2025-12-10,Hon. Mr. McKee,178,1.0,219,2.03603,1.81821,2.16734
2025-12-10#t1773w0,2025-12-10,Mr. Monahan,145,0.0,188,2.45623,1.51479,2.08566
2025-12-10#t1774w0,2025-12-10,Hon. Mr. LePage,141,0.0,168,2.87833,0.90112,2.01592
2025-12-10#t1775w0,2025-12-10,Mr. Monahan,128,1.0,173,2.74287,-0.82753,2.0859
2025-12-10#t1776w0,2025-12-10,Hon. Ms. Holt,185,0.735,214,2.40896,0.82513,2.1576
2025-12-10#t1778w0,2025-12-10,Hon. Mr. Dornan,149,0.631,193,2.52047,-0.08777,2.11111
2025-12-10#t1779w0,2025-12-10,Mr. Hogan,167,0.838,203,2.60218,0.55673,2.13441
2025-12-10#t1781w0,2025-12-10,Mr. Coon,236,1.0,278,2.6714,-0.95817,1.99817
2025-12-10#t1782w0,2025-12-10,Hon. Mr. Randall,260,0.827,346,2.61695,0.29437,1.94145
2025-12-10#t1783w0,2025-12-10,Mr. Russell,261,1.0,308,2.0359,4.18858,2.2014
2025-12-10#t1784w0,2025-12-10,Ms. Mitton,205,1.0,237,2.57468,-0.36793,2.01427
2025-12-10#t1785w0,2025-12-10,Mr. Mallet,159,0.0,216,2.25642,-0.26608,2.03667
2025-12-10#t1786w0,2025-12-10,Hon. Mr. McKee,211,0.701,264,2.10828,1.05376,2.15406
2025-12-10#t1788w0,2025-12-10,Madam Speaker,78,0.808,116,2.35495,-0.42645,2.01701
2025-12-10#t1790w0,2025-12-10,Ms. Mitton,69,0.768,93,2.04961,0.58176,2.12154
2025-12-11#t1792w0,2025-12-11,Hon. Ms. Boudreau,166,0.0,239,1.99639,1.21331,2.12617
2025-12-11#t1793w0,2025-12-11,Mr. Hogan,137,1.0,183,2.48026,0.56526,1.99845
2025-12-11#t1794w0,2025-12-11,Mr. Coon,217,0.982,304,2.19186,1.83881,2.02498
2025-12-11#t1795w0,2025-12-11,Mr. Russell,156,0.974,208,2.34781,0.77432,1.95602
2025-12-11#t1797w0,2025-12-11,Hon. C. Johnson,68,1.0,86,2.67703,0.36533,1.88958
2025-12-11#t1798w0,2025-12-11,Mr. Hogan,93,1.0,123,2.44363,-0.64751,2.04416
2025-12-11#t1799w0,2025-12-11,Mr. Doucet,119,0.0,176,2.15629,-0.44496,2.08126
2025-12-11#t1800w0,2025-12-11,Mr. Cullins,163,1.0,218,2.48284,-0.40536,2.01919
2025-12-11#t1801w0,2025-12-11,Ms. Mitton,160,1.0,187,2.53472,-0.58843,2.03084
2025-12-11#t1802w0,2025-12-11,Ms. Wilcott,147,1.0,176,2.51906,-0.64498,2.07803
2025-12-11#t1803w0,2025-12-11,Mr. Russell,168,0.958,221,1.97281,1.36774,2.10807
2025-12-11#t1804w0,2025-12-11,Mr. Mallet,114,0.0,145,2.58107,-0.87365,2.00033
2025-12-11#t1805w0,2025-12-11,Mr. Weir,151,0.762,181,2.76954,-0.74143,1.929
2025-12-11#t1806w0,2025-12-11,Ms. Mitton,163,1.0,208,2.7028,-0.50751,1.88664
2025-12-11#t1807w0,2025-12-11,Mr. Johnston,235,0.6,306,2.54747,-1.23191,2.04144
2025-12-11#t1807w1,2025-12-11,Mr. Johnston,134,1.0,170,2.62483,-0.14831,1.95386
2025-12-11#t1808w0,2025-12-11,Ms. Wilcott,151,1.0,182,2.65681,-0.68635,1.99597
2025-12-11#t1809w0,2025-12-11,Mr. Hogan,170,1.0,205,2.84632,0.01832,1.9656
2025-12-11#t1813w0,2025-12-11,Mr. Robichaud,151,0.0,198,2.28188,0.44125,2.02644
2025-12-11#t1814w0,2025-12-11,Mr. Lee,149,1.0,185,3.17418,-0.88878,1.90383
2025-12-11#t1815w0,2025-12-11,Mr. M. LeBlanc,166,1.0,203,2.71158,-0.55613,1.92596
2025-12-11#t1816w0,2025-12-11,Mr. Austin,217,1.0,269,2.44724,1.13054,2.06546
2025-12-11#t1817w0,2025-12-11,Mr. Savoie,205,0.961,249,2.27023,0.91083,2.1614
2025-12-11#t1818w0,2025-12-11,Hon. Mr. McKee,187,1.0,229,2.44043,0.85334,2.12245
2025-12-11#t1819w0,2025-12-11,Mr. Savoie,228,1.0,274,2.21608,2.23254,2.16374
2025-12-11#t1820w0,2025-12-11,Hon. Mr. McKee,203,0.97,252,2.15448,1.99281,2.19341
2025-12-11#t1821w0,2025-12-11,Mr. Savoie,201,0.97,234,2.50878,1.36413,2.18482
2025-12-11#t1822w0,2025-12-11,Hon. Mr. McKee,201,0.98,245,2.3837,0.2714,2.0467
2025-12-11#t1823w0,2025-12-11,Mr. Savoie,203,1.0,264,2.46196,0.18596,2.05388
2025-12-11#t1824w0,2025-12-11,Hon. Mr. McKee,166,1.0,223,2.54414,-0.83342,2.09532
2025-12-11#t1825w0,2025-12-11,Mr. Savoie,176,1.0,210,2.87946,-1.33634,1.92139
2025-12-11#t1826w0,2025-12-11,Hon. Mr. McKee,156,0.0,184,2.63934,0.37411,2.12502
2025-12-11#t1827w0,2025-12-11,Mr. Savoie,225,1.0,291,2.34156,-0.72349,2.05859
2025-12-11#t1828w0,2025-12-11,Hon. Mr. McKee,172,0.506,223,2.38236,1.05794,2.13335
2025-12-11#t1829w0,2025-12-11,Ms. Scott-Wallace,174,1.0,209,2.62411,-0.77201,1.96204
2025-12-11#t1830w0,2025-12-11,Hon. Ms. Boudreau,149,0.0,178,2.68548,0.11825,2.07548
2025-12-11#t1831w0,2025-12-11,Ms. Scott-Wallace,136,1.0,167,2.91111,-2.47956,1.89565
2025-12-11#t1832w0,2025-12-11,Hon. Ms. Boudreau,176,0.0,207,2.64688,0.66461,2.07366
2025-12-11#t1833w0,2025-12-11,Ms. Scott-Wallace,128,1.0,151,3.19227,-1.14451,1.92547
2025-12-11#t1834w0,2025-12-11,Hon. Ms. Boudreau,172,0.0,202,2.97659,-2.06209,2.0922
2025-12-11#t1835w0,2025-12-11,Mr. Coon,170,1.0,208,2.42392,-0.24453,2.10743
2025-12-11#t1836w0,2025-12-11,Hon. K. Chiasson,163,1.0,198,2.56599,0.77713,2.00877
2025-12-11#t1837w0,2025-12-11,Mr. Coon,105,0.0,128,2.57792,0.4971,1.98661
2025-12-11#t1838w0,2025-12-11,L’hon. K. Chiasson,176,0.0,201,2.52346,-0.05242,2.06614
2025-12-11#t1839w0,2025-12-11,Ms. Bockus,103,1.0,132,2.64544,0.61347,2.02704
2025-12-11#t1840w0,2025-12-11,Hon. Mr. Dornan,83,1.0,105,2.85277,-1.21023,2.06524
2025-12-11#t1841w0,2025-12-11,Ms. Bockus,114,1.0,143,2.80694,-0.23702,1.95644
2025-12-11#t1846w0,2025-12-11,Hon. Mr. Dornan,112,1.0,139,2.91271,0.35344,1.97188
2025-12-11#t1847w0,2025-12-11,Ms. Bockus,118,1.0,136,2.53421,0.54872,2.02852
2025-12-11#t1848w0,2025-12-11,Hon. Mr. Dornan,143,1.0,175,2.90164,-1.3902,1.96595
2025-12-11#t1849w0,2025-12-11,Mr. Savoie,172,1.0,219,2.15014,1.04625,2.11164
2025-12-11#t1850w0,2025-12-11,Hon. Mr. McKee,157,0.975,187,2.64137,-1.19588,2.02053
2025-12-11#t1852w0,2025-12-11,Hon. Mr. Dornan,157,0.624,197,2.6243,-1.11131,1.97808
2025-12-11#t1853w0,2025-12-11,Mr. Hogan,248,0.714,310,2.58215,0.97175,2.0391
2025-12-11#t1855w0,2025-12-11,Mr. Coon,233,1.0,278,2.64057,-0.84301,2.05271
2025-12-11#t1856w0,2025-12-11,Hon. C. Johnson,223,0.673,280,2.30891,-0.11115,2.03942
2025-12-11#t1857w0,2025-12-11,Mr. Lee,116,1.0,136,2.66332,0.60572,1.96571
2025-12-11#t1858w0,2025-12-11,Ms. Mitton,237,0.983,281,2.36934,-0.00319,2.08382
2025-12-11#t1859w0,2025-12-11,Hon. Mr. Randall,333,0.817,396,2.20857,1.01189,2.09788
2025-12-11#t1860w0,2025-12-11,Mr. Russell,288,1.0,335,2.44147,1.69027,2.04213
2025-12-11#t1861w0,2025-12-11,Ms. Mitton,320,0.988,381,2.33574,0.32712,2.08108
2025-12-11#t1862w0,2025-12-11,Hon. C. Johnson,354,0.684,438,2.1208,0.35951,2.17782
2025-12-11#t1863w0,2025-12-11,Mr. Lee,224,1.0,282,2.84533,0.63383,1.97564
2025-12-11#t1864w0,2025-12-11,Ms. Mitton,355,0.614,424,2.26781,0.95559,2.18254
2025-12-11#t1865w0,2025-12-11,Hon. Ms. Townsend,173,0.977,197,2.32117,-0.64013,2.17469
2025-12-11#t1866w0,2025-12-11,Mr. Cullins,255,1.0,323,2.4121,0.40036,2.00663
2025-12-11#t1867w0,2025-12-11,Mr. Coon,199,0.98,236,2.43998,0.01221,2.11799
2025-12-11#t1868w0,2025-12-11,Hon. Ms. Boudreau,162,0.0,204,2.77156,-1.44786,1.98843
2025-12-11#t1869w0,2025-12-11,Ms. Scott-Wallace,160,1.0,197,2.58537,0.69511,2.03562
2025-12-11#t1870w0,2025-12-11,Mr. Coon,174,0.649,223,2.64304,0.02066,1.98223
2025-12-11#t1873w0,2025-12-11,Mr. M. LeBlanc,58,1.0,69,2.56366,-0.91026,2.0564
2025-12-11#t1875w0,2025-12-11,Hon. Ms. Miles,102,1.0,131,2.58288,1.24823,2.01416
2025-12-11#t1876w0,2025-12-11,Ms. Conroy,159,1.0,183,2.57502,-0.5331,1.98279
2025-12-11#t1877w0,2025-12-11,Madam Speaker,341,0.762,449,2.00377,0.38009,2.08564
2025-12-11#t1877w1,2025-12-11,Madam Speaker,333,0.703,442,2.06178,-0.35268,2.05442
2025-12-11#t1877w2,2025-12-11,Madam Speaker,119,0.479,142,2.2003,1.96954,2.18532
2025-12-11#t1880w0,2025-12-11,Madam Speaker,331,1.0,429,2.63829,1.37792,1.99451
2025-12-11#t1880w1,2025-12-11,Madam Speaker,267,1.0,316,2.51763,0.69955,2.11557
2025-12-11#t1880w2,2025-12-11,Madam Speaker,244,1.0,295,2.89225,-0.1141,1.9812
2025-12-11#t1880w3,2025-12-11,Madam Speaker,276,1.0,329,2.78041,-0.7523,2.02249
2025-12-11#t1880w4,2025-12-11,Madam Speaker,329,1.0,423,2.95771,-1.50482,1.91667
2025-12-11#t1880w5,2025-12-11,Madam Speaker,58,1.0,79,3.13116,-1.29397,1.8705
2025-12-11#t1885w0,2025-12-11,Mr. Austin,92,1.0,110,2.82613,-0.75189,1.97912
2025-12-11#t1886w0,2025-12-11,Ms. Mitton,69,1.0,89,2.50725,0.27623,2.08078
2025-12-11#t1889w0,2025-12-11,Mr. Savoie,100,1.0,121,2.87444,-1.67682,1.94113
2025-12-11#t1890w0,2025-12-11,Mr. Deputy Speaker,61,1.0,91,2.38632,1.37473,1.98626
2025-12-11#t1891w0,2025-12-11,Mr. Deputy Speaker,210,0.838,244,2.33335,0.78581,2.00761
2025-12-11#t1893w0,2025-12-11,Mr. Bourque,299,1.0,385,2.40479,0.62341,2.12078
2025-12-11#t1893w1,2025-12-11,Mr. Bourque,173,1.0,214,2.57198,0.33177,2.02545
2025-12-11#t1895w0,2025-12-11,Mr. Bourque,111,1.0,148,2.68774,-0.0043,2.12702
2025-12-11#t1896w0,2025-12-11,Mr. Bourque,96,1.0,116,2.75052,0.44199,2.03971
2025-12-11#t1899w0,2025-12-11,Mr. M. LeBlanc,82,1.0,120,2.62855,-0.34936,2.0142
2025-12-11#t1900w0,2025-12-11,Mr. Deputy Speaker,144,0.986,172,2.68425,0.13973,2.09472
2025-12-11#t1903w0,2025-12-11,Mr. M. LeBlanc,54,1.0,69,3.56324,-1.35744,1.89069
2025-12-11#t1904w0,2025-12-11,Mr. Savoie,92,1.0,114,2.72577,-0.2454,1.99906
2025-12-11#t1907w0,2025-12-11,Mr. Bourque,322,0.953,390,2.44037,1.39362,2.05846
2025-12-11#t1907w1,2025-12-11,Mr. Bourque,173,0.954,210,2.48527,1.03318,2.01723
2025-12-11#t1908w0,2025-12-11,Mr. Austin,307,1.0,395,2.50896,-0.00112,2.0244
2025-12-11#t1908w1,2025-12-11,Mr. Austin,129,1.0,153,2.93121,-1.1549,1.94578
2025-12-11#t1910w0,2025-12-11,Mr. M. LeBlanc,109,1.0,139,2.97668,-0.27517,1.95347
2025-12-11#t1911w0,2025-12-11,Hon. Mr. Herron,107,1.0,132,2.59519,-1.27977,1.97849
2025-12-11#t1912w0,2025-12-11,Mr. Deputy Speaker,75,1.0,89,2.68161,-0.06264,2.02316
2025-12-11#t1913w0,2025-12-11,Mr. Austin,339,1.0,405,2.53586,-1.14539,2.02003
2025-12-11#t1913w1,2025-12-11,Mr. Austin,357,1.0,439,2.61717,-0.34135,2.04121
2025-12-11#t1914w0,2025-12-11,Mr. Deputy Speaker,348,1.0,452,2.21711,0.64386,2.01962
2025-12-11#t1914w1,2025-12-11,Mr. Deputy Speaker,268,1.0,340,2.52575,-0.39382,1.96358
2025-12-11#t1915w0,2025-12-11,Mr. Austin,177,1.0,208,2.3607,0.94729,2.01818
2025-12-11#t1916w0,2025-12-11,,347,1.0,416,2.47138,1.2803,2.09122
2025-12-11#t1916w1,2025-12-11,,308,1.0,386,2.53463,-0.18473,2.09875
2025-12-11#t1916w2,2025-12-11,,298,1.0,398,2.4459,0.35692,2.09285
2025-12-11#t1916w3,2025-12-11,,298,1.0,381,2.35357,0.91802,2.0608
2025-12-11#t1916w4,2025-12-11,,242,1.0,278,2.7231,1.52362,2.06574
2025-12-11#t1916w5,2025-12-11,,300,1.0,378,2.51419,-0.5179,2.03035
2025-12-11#t1916w6,2025-12-11,,359,1.0,416,2.41354,1.38586,2.1235
2025-12-11#t1916w7,2025-12-11,,314,1.0,362,2.67881,-1.2542,2.07609
2025-12-11#t1916w8,2025-12-11,,92,1.0,132,2.4796,2.00524,2.11129
2025-12-11#t1917w0,2025-12-11,Mr. Austin,146,1.0,176,2.97473,-0.33544,1.99039
2025-12-11#t1918w0,2025-12-11,Hon. Mr. Herron,272,1.0,315,2.73169,-1.66859,2.02867
2025-12-11#t1918w1,2025-12-11,Hon. Mr. Herron,286,1.0,338,2.50671,1.92484,2.0142
2025-12-11#t1918w2,2025-12-11,Hon. Mr. Herron,349,1.0,428,2.5197,1.32105,1.99325
2025-12-11#t1918w3,2025-12-11,Hon. Mr. Herron,351,1.0,431,2.7524,-0.16717,1.99447
2025-12-11#t1918w4,2025-12-11,Hon. Mr. Herron,326,1.0,401,2.73164,-0.44744,2.0265
2025-12-11#t1918w5,2025-12-11,Hon. Mr. Herron,325,1.0,410,2.78209,-0.33027,1.99921
2025-12-11#t1920w0,2025-12-11,Mr. Savoie,274,0.905,343,2.45697,1.78045,2.13157
2025-12-11#t1920w1,2025-12-11,Mr. Savoie,321,1.0,386,2.70419,0.4323,2.00049
2025-12-11#t1920w2,2025-12-11,Mr. Savoie,240,1.0,300,2.48964,2.43971,2.07238
2025-12-11#t1921w0,2025-12-11,Mr. Savoie,264,1.0,345,2.7464,0.28101,2.04767
2025-12-11#t1921w1,2025-12-11,Mr. Savoie,336,1.0,418,2.77261,0.05438,2.04094
2025-12-11#t1921w2,2025-12-11,Mr. Savoie,261,1.0,319,2.77218,1.00985,2.08298
2025-12-11#t1921w3,2025-12-11,Mr. Savoie,187,1.0,219,2.40465,0.63374,2.16932
2025-12-11#t1923w0,2025-12-11,Mr. Savoie,56,1.0,74,3.24077,-1.29129,1.97582
2025-12-11#t1925w0,2025-12-11,Mr. Savoie,301,1.0,372,2.6898,0.28249,2.08117
2025-12-11#t1925w1,2025-12-11,Mr. Savoie,245,1.0,292,2.55484,-0.13406,2.06329
2025-12-11#t1926w0,2025-12-11,Mr. M. LeBlanc,335,1.0,410,2.48734,-1.46031,2.03848
2025-12-11#t1926w1,2025-12-11,Mr. M. LeBlanc,357,1.0,454,2.45533,0.53659,2.09787
2025-12-11#t1926w2,2025-12-11,Mr. M. LeBlanc,353,1.0,448,2.60367,0.11077,1.99799
2025-12-11#t1926w3,2025-12-11,Mr. M. LeBlanc,357,1.0,458,2.466,-0.41616,2.01448
2025-12-11#t1926w4,2025-12-11,Mr. M. LeBlanc,262,1.0,329,2.63883,0.60745,2.04127
2025-12-11#t1926w5,2025-12-11,Mr. M. LeBlanc,289,1.0,345,2.77572,-0.26285,1.97542
2025-12-11#t1926w6,2025-12-11,Mr. M. LeBlanc,98,1.0,120,2.12147,0.67528,2.14392
2025-12-11#t1930w0,2025-12-11,Hon. Mr. Hickey,115,1.0,147,2.38398,1.40683,1.96205
2025-12-11#t1931w0,2025-12-11,Ms. Mitton,265,1.0,346,2.39896,-0.32226,2.13777
2025-12-11#t1931w1,2025-12-11,Ms. Mitton,318,1.0,403,2.42672,1.4873,2.21561
2025-12-11#t1931w2,2025-12-11,Ms. Mitton,356,1.0,439,2.35205,1.19141,2.11776
2025-12-11#t1931w3,2025-12-11,Ms. Mitton,308,1.0,371,2.78028,-0.39997,2.0231
2025-12-11#t1933w0,2025-12-11,Ms. Mitton,299,1.0,360,2.39221,2.30026,2.07905
2025-12-11#t1933w1,2025-12-11,Ms. Mitton,352,1.0,425,2.4056,0.61997,2.12693
2025-12-11#t1934w0,2025-12-11,Mr. Cullins,330,1.0,413,2.5314,-0.42351,1.95476
2025-12-12#t1939w0,2025-12-12,Mr. Bourque,163,0.785,209,2.45191,0.86712,2.03666
2025-12-12#t1940w0,2025-12-12,Hon. Ms. Holt,164,0.963,221,3.1128,-1.80416,1.90369
2025-12-12#t1941w0,2025-12-12,Hon. Ms. Thériault,112,0.0,143,2.3273,-0.22512,2.05674
2025-12-12#t1942w0,2025-12-12,Mr. J. LeBlanc,164,0.506,217,2.38372,-0.21511,2.03786
2025-12-12#t1943w0,2025-12-12,Mr. Monahan,144,1.0,180,2.34774,1.28929,2.00222
2025-12-12#t1944w0,2025-12-12,Mr. Coon,177,1.0,224,2.41214,-0.50777,2.04974
2025-12-12#t1945w0,2025-12-12,Mr. Bourque,186,0.0,257,2.38294,-0.68565,2.09299
2025-12-12#t1946w0,2025-12-12,Ms. S. Wilson,213,1.0,252,2.69164,0.14318,2.09905
2025-12-12#t1947w0,2025-12-12,Ms. Mitton,159,1.0,209,2.7203,-1.58121,1.99358
2025-12-12#t1948w0,2025-12-12,Mr. Johnston,175,1.0,231,2.90679,-2.10582,1.93086
2025-12-12#t1949w0,2025-12-12,Mr. Lee,121,1.0,153,2.79012,-0.01007,1.93236
2025-12-12#t1950w0,2025-12-12,Mr. Ames,198,1.0,255,3.34629,-1.93144,1.78826
2025-12-12#t1951w0,2025-12-12,Mr. Johnston,173,0.965,222,2.89525,-1.52048,1.97472
2025-12-12#t1952w0,2025-12-12,Mr. Russell,175,1.0,219,2.57484,0.84689,1.98377
2025-12-12#t1953w0,2025-12-12,Mr. Coon,165,0.976,211,2.50752,0.05949,1.97363
2025-12-12#t1954w0,2025-12-12,Ms. Sodhi,167,1.0,209,2.43826,-0.04139,2.04818
2025-12-12#t1955w0,2025-12-12,Mr. Oliver,221,1.0,250,2.4416,0.07478,2.18808
2025-12-12#t1956w0,2025-12-12,Ms. Vautour,182,0.429,209,2.53515,-0.62827,2.08593
2025-12-12#t1957w0,2025-12-12,Ms. Scott-Wallace,199,1.0,225,2.46486,0.2507,2.06129
2025-12-12#t1958w0,2025-12-12,Mr. Doucet,149,0.0,178,2.58868,-0.78236,1.99614
2025-12-12#t1959w0,2025-12-12,Mr. Cullins,159,1.0,189,2.01626,1.38819,2.18737
2025-12-12#t1960w0,2025-12-12,Mr. M. LeBlanc,179,0.978,222,2.38252,-0.82534,2.06857
2025-12-12#t1961w0,2025-12-12,Ms. S. Wilson,188,1.0,219,3.10559,-1.61418,1.94092
2025-12-12#t1962w0,2025-12-12,Mr. Savoie,144,0.944,175,2.11531,2.28981,2.17611
2025-12-12#t1963w0,2025-12-12,Hon. Mr. Dornan,181,1.0,213,2.55168,0.0467,2.07852
2025-12-12#t1964w0,2025-12-12,Mr. Savoie,197,1.0,240,2.2423,0.61285,2.10989
2025-12-12#t1965w0,2025-12-12,Hon. Mr. Dornan,175,1.0,210,2.71126,-1.35527,2.08045
2025-12-12#t1966w0,2025-12-12,Mr. Savoie,132,1.0,167,2.50042,0.686,2.07946
2025-12-12#t1967w0,2025-12-12,Hon. Ms. Holt,204,0.902,241,2.33517,0.61931,2.14976
2025-12-12#t1968w0,2025-12-12,Mr. Savoie,166,1.0,214,2.84407,-0.22504,1.96706
2025-12-12#t1969w0,2025-12-12,Hon. Ms. Holt,182,1.0,217,2.4634,-0.32892,2.07172
2025-12-12#t1970w0,2025-12-12,Mr. Savoie,120,1.0,144,3.01031,-0.51018,1.98518
2025-12-12#t1971w0,2025-12-12,Mr. Savoie,58,1.0,69,3.09596,-0.14087,2.05252
2025-12-12#t1972w0,2025-12-12,Hon. Mr. D’Amours,134,0.0,173,2.48266,-1.63574,2.06118
2025-12-12#t1973w0,2025-12-12,Mr. Savoie,141,1.0,178,2.64683,-0.31478,2.02694
2025-12-12#t1974w0,2025-12-12,Hon. Mr. Herron,160,1.0,193,2.83169,-1.38832,1.93596
2025-12-12#t1975w0,2025-12-12,Mr. Cullins,143,1.0,186,2.12103,-0.46912,2.17032
2025-12-12#t1976w0,2025-12-12,Hon. Ms. Townsend,98,1.0,133,3.08597,-1.43203,1.97133
2025-12-12#t1977w0,2025-12-12,Mr. Cullins,120,1.0,157,2.61336,-1.79112,2.11569
2025-12-12#t1978w0,2025-12-12,Hon. Mr. Randall,210,1.0,263,2.62484,-1.3676,2.01439
2025-12-12#t1980w0,2025-12-12,Mr. Cullins,129,1.0,160,2.57309,0.20937,1.94142
2025-12-12#t1981w0,2025-12-12,Hon. Ms. Miles,191,1.0,231,2.43039,-0.47962,2.08676
2025-12-12#t1982w0,2025-12-12,Mr. Hogan,166,1.0,208,2.60763,1.02502,2.05131
2025-12-12#t1983w0,2025-12-12,Hon. C. Johnson,150,0.0,175,2.60193,-0.52349,2.08333
2025-12-12#t1984w0,2025-12-12,Mr. Hogan,146,1.0,197,3.04876,-1.78313,1.90355
2025-12-12#t1985w0,2025-12-12,Hon. Mr. Hickey,133,1.0,159,2.38284,0.55943,2.15294
2025-12-12#t1987w0,2025-12-12,Mr. Hogan,107,1.0,149,2.80449,-0.13568,1.95697
2025-12-12#t1988w0,2025-12-12,Hon. Ms. Thériault,222,0.0,281,2.43404,1.35107,2.06145
2025-12-12#t1989w0,2025-12-12,Mr. Oliver,178,1.0,230,2.61511,0.95076,2.01995
2025-12-12#t1990w0,2025-12-12,Hon. Mr. Gauvin,148,1.0,179,3.04479,-0.62714,1.92704
2025-12-12#t1991w0,2025-12-12,Mr. Oliver,115,1.0,143,2.83304,-0.24305,2.03294
2025-12-12#t1992w0,2025-12-12,Hon. Mr. Kennedy,105,1.0,142,3.13549,-1.75207,1.90324
2025-12-12#t1993w0,2025-12-12,Mr. Oliver,131,1.0,165,3.01621,-1.74095,1.99818
2025-12-12#t1994w0,2025-12-12,Hon. Ms. Holt,177,0.678,208,2.72321,-0.75702,2.01553
2025-12-12#t1995w0,2025-12-12,Madam Speaker,86,1.0,115,3.10596,-0.12593,1.82356
2025-12-12#t1998w0,2025-12-12,Ms. Mitton,355,0.837,474,4.14966,-1.12839,1.73035
2025-12-12#t1998w1,2025-12-12,Ms. Mitton,354,1.0,425,4.06912,-1.46187,1.76503
2025-12-12#t1998w2,2025-12-12,Ms. Mitton,66,1.0,97,5.56826,-2.85067,1.61934
2025-12-12#t1999w0,2025-12-12,Madam Speaker,360,0.908,445,3.93518,-1.64571,1.77548
2025-12-12#t1999w1,2025-12-12,Madam Speaker,341,1.0,415,4.92992,-0.54199,1.6517
2025-12-12#t1999w2,2025-12-12,Madam Speaker,358,0.76,440,4.12194,-0.89864,1.73838
2025-12-12#t2001w0,2025-12-12,Hon. Ms. Holt,347,0.821,439,2.31479,-0.43614,2.12412
2025-12-12#t2001w1,2025-12-12,Hon. Ms. Holt,219,0.507,274,2.59401,0.78959,2.03259
2025-12-12#t2002w0,2025-12-12,Mr. Savoie,303,0.934,373,2.31225,1.02573,2.092
2025-12-12#t2002w1,2025-12-12,Mr. Savoie,309,1.0,389,2.57635,-0.16648,2.07703
2025-12-12#t2002w2,2025-12-12,Mr. Savoie,139,1.0,175,2.47457,-0.59176,2.05041
2025-12-12#t2003w0,2025-12-12,Mr. Coon,316,0.962,388,2.58674,-0.11554,2.07249
2025-12-12#t2003w1,2025-12-12,Mr. Coon,259,1.0,305,2.64738,0.2089,2.0519
2025-12-12#t2004w0,2025-12-12,Hon. Mr. Legacy,357,0.748,431,1.95824,1.42645,2.18942
2025-12-12#t2004w1,2025-12-12,Hon. Mr. Legacy,64,0.938,79,2.25287,0.18508,2.19228
2025-12-12#t2005w0,2025-12-12,Mr. Austin,318,1.0,425,2.38278,0.51154,2.01703
2025-12-12#t2005w1,2025-12-12,Mr. Austin,126,1.0,174,2.726,-1.2011,2.08292
2025-12-12#t2006w0,2025-12-12,Mr. Coon,286,1.0,346,2.62567,-0.61342,2.0762
2025-12-12#t2007w0,2025-12-12,Hon. K. Chiasson,255,0.58,320,2.19618,0.53356,2.08503
2025-12-12#t2008w0,2025-12-12,Ms. Conroy,276,1.0,338,2.47525,1.24935,2.0125
2025-12-12#t2009w0,2025-12-12,Mr. M. LeBlanc,105,0.0,129,2.71914,1.29906,2.00091
2025-12-12#t2011w0,2025-12-12,Mr. Coon,225,1.0,297,2.44107,1.20182,2.05004
2025-12-12#t2012w0,2025-12-12,Madam Speaker,63,0.714,81,3.31376,-0.9357,1.87687
2025-12-12#t2013w0,2025-12-12,Mr. Coon,155,0.974,187,2.74243,0.27658,1.95706
2025-12-12#t2014w0,2025-12-12,Mr. Coon,318,0.987,362,2.49927,0.42978,2.10408
2025-12-12#t2014w1,2025-12-12,Mr. Coon,245,0.616,340,2.14163,-0.41914,2.17479
2025-12-12#t2017w0,2025-12-12,Madam Speaker addressed Her Honour as follows,264,0.42,378,1.61568,0.98463,2.03347
2025-12-12#t2018w0,2025-12-12,Her Honour,72,0.403,110,2.17542,1.294,2.06235
2025-12-12#t2021w0,2025-12-12,Mr. Coon,321,0.785,375,2.25951,2.37692,2.22984
2025-12-12#t2021w1,2025-12-12,Mr. Coon,352,0.858,422,2.65923,-1.04819,1.98045
2025-12-12#t2021w2,2025-12-12,Mr. Coon,292,0.767,354,2.42559,0.82437,2.06603
2025-12-12#t2021w3,2025-12-12,Mr. Coon,132,0.97,152,2.22496,0.33654,2.11548
2025-12-12#t2025w0,2025-12-12,Hon. Mr. Dornan,77,0.0,119,3.03221,-1.22508,1.90611
2025-12-12#t2026w0,2025-12-12,Mr. Savoie,340,0.703,410,2.34443,0.14791,2.07783
2025-12-12#t2026w1,2025-12-12,Mr. Savoie,303,1.0,351,2.23531,3.13051,2.18138
2025-12-12#t2026w2,2025-12-12,Mr. Savoie,297,0.896,342,2.54904,0.41609,2.07821
2025-12-12#t2026w3,2025-12-12,Mr. Savoie,208,0.909,248,2.43374,0.8844,1.99826
2025-12-12#t2027w0,2025-12-12,Hon. Ms. Holt,320,0.588,395,2.58131,0.33395,2.02218
2025-12-12#t2027w1,2025-12-12,Hon. Ms. Holt,352,0.759,432,2.74379,-0.30619,1.9638
2025-12-12#t2027w2,2025-12-12,Hon. Ms. Holt,325,0.637,399,2.67695,-0.69636,1.99953
2025-12-12#t2027w3,2025-12-12,Hon. Ms. Holt,333,0.748,398,2.45767,-0.08494,2.06593
2025-12-12#t2028w0,2025-12-12,Madam Speaker,351,0.735,430,2.90745,1.03908,1.96621
2025-12-12#t2028w1,2025-12-12,Madam Speaker,199,0.462,251,2.41027,1.38184,2.10017
2025-12-12#t2029w0,2025-12-12,Madam Speaker,77,0.896,118,2.08205,1.20999,2.05058
2026-03-17#t2030w0,2026-03-17,Hon. Mr. Legacy,129,0.38,186,2.26096,0.02364,2.14878
2026-03-17#t2031w0,2026-03-17,Hon. Mr. Legacy,339,0.537,442,2.30182,-1.23914,2.04612
2026-03-17#t2031w1,2026-03-17,Hon. Mr. Legacy,209,0.699,259,2.62615,0.3239,1.9918
2026-03-17#t2032w0,2026-03-17,,316,0.718,401,2.18666,-0.38267,2.09805
2026-03-17#t2032w1,2026-03-17,,355,0.459,416,2.35551,0.27641,2.06993
2026-03-17#t2032w2,2026-03-17,,325,0.572,415,2.36054,-0.36468,2.03941
2026-03-17#t2032w3,2026-03-17,,300,0.433,357,2.2656,1.18162,2.16695
2026-03-17#t2033w0,2026-03-17,,348,0.629,431,2.19531,-0.16576,2.14524
2026-03-17#t2033w1,2026-03-17,,149,1.0,182,2.52484,-1.23897,2.08296
2026-03-17#t2034w0,2026-03-17,,319,0.467,377,2.25141,1.16014,2.18464
2026-03-17#t2035w0,2026-03-17,,331,0.785,393,2.60782,0.58485,1.98787
2026-03-17#t2035w1,2026-03-17,,337,0.519,414,2.42674,0.4273,2.13273
2026-03-17#t2035w2,2026-03-17,,323,0.467,389,2.36048,1.18532,2.07944
2026-03-17#t2035w3,2026-03-17,,188,0.745,229,2.71063,0.76897,2.10735
2026-03-17#t2036w0,2026-03-17,,324,0.324,389,2.50032,-0.27158,1.99699
2026-03-17#t2036w1,2026-03-17,,354,0.613,438,2.55611,0.582,2.04888
2026-03-17#t2036w2,2026-03-17,,328,0.671,388,2.74162,-0.59077,2.01596
2026-03-17#t2036w3,2026-03-17,,306,0.35,358,2.69917,-1.43853,2.01315
2026-03-17#t2036w4,2026-03-17,,351,0.766,411,2.64504,-0.39832,2.00024
2026-03-17#t2036w5,2026-03-17,,117,0.462,153,2.30972,0.92558,1.97938
2026-03-17#t2037w0,2026-03-17,,61,1.0,96,2.16957,-0.64483,2.07392
2026-03-18#t2038w0,2026-03-18,Hon. Ms. Holt,75,0.147,91,2.43996,-1.4599,2.15761
2026-03-18#t2040w0,2026-03-18,Hon. Mr. Dornan,330,1.0,408,2.28503,1.32816,2.11936
2026-03-18#t2040w1,2026-03-18,Hon. Mr. Dornan,337,1.0,452,2.59447,-0.12731,2.01484
2026-03-18#t2041w0,2026-03-18,Hon. Mr. D’Amours,163,0.975,196,2.14767,0.64233,2.11598
2026-03-18#t2042w0,2026-03-18,Mr. Coon,102,1.0,139,2.61734,-0.23748,2.02547
2026-03-18#t2043w0,2026-03-18,Mr. J. LeBlanc,315,0.59,370,1.84185,3.25355,2.26819
2026-03-18#t2044w0,2026-03-18,Mr. Ames,139,1.0,217,1.93674,0.57446,2.08648
2026-03-18#t2047w0,2026-03-18,Hon. Mr. Dornan,282,1.0,355,2.59481,-0.17129,2.04636
2026-03-18#t2047w1,2026-03-18,Hon. Mr. Dornan,129,1.0,159,2.6855,-0.77944,2.0497
2026-03-18#t2048w0,2026-03-18,Ms. Bockus,169,1.0,210,2.42951,0.7036,2.01584
2026-03-18#t2049w0,2026-03-18,Mr. Doucet,123,0.285,154,2.26006,-0.89077,2.07712
2026-03-18#t2050w0,2026-03-18,Ms. M. Johnson,199,1.0,250,2.42114,-0.44205,2.08916
2026-03-18#t2051w0,2026-03-18,Mr. Coon,160,0.975,209,1.76749,0.63324,2.20042
2026-03-18#t2052w0,2026-03-18,Hon. Mr. D’Amours,136,0.0,176,2.3957,0.4569,2.13257
2026-03-18#t2053w0,2026-03-18,Mr. Monahan,162,1.0,239,2.488,-0.94295,1.99533
2026-03-18#t2056w0,2026-03-18,Ms. Mitton,154,1.0,201,2.49769,-0.15401,2.03854
2026-03-18#t2057w0,2026-03-18,Ms. M. Wilson,150,1.0,195,2.57597,-0.58426,2.03652
2026-03-18#t2058w0,2026-03-18,Mr. Coon,160,1.0,202,2.83745,0.38986,1.97894
2026-03-18#t2059w0,2026-03-18,Mr. M. LeBlanc,153,0.0,194,2.2875,-0.45616,2.04255
2026-03-18#t2060w0,2026-03-18,Mr. Lee,173,1.0,213,2.82185,-0.0473,1.97314
2026-03-18#t2061w0,2026-03-18,Ms. Wilcott,131,1.0,160,2.56872,1.03862,2.06105
2026-03-18#t2062w0,2026-03-18,Ms. Bockus,155,1.0,192,2.69557,-0.71553,1.97414
2026-03-18#t2063w0,2026-03-18,Mr. Bourque,164,0.598,199,2.54796,0.0313,2.10904
2026-03-18#t2064w0,2026-03-18,Mr. Cullins,131,1.0,175,2.5278,-0.91808,2.04463
2026-03-18#t2065w0,2026-03-18,Mr. Doucet,172,0.0,228,2.71204,0.53968,1.8816
2026-03-18#t2066w0,2026-03-18,Mr. Monahan,236,1.0,303,2.71558,0.07244,1.98185
2026-03-18#t2069w0,2026-03-18,Mr. Savoie,141,0.929,174,2.67728,-0.76119,1.96615
2026-03-18#t2070w0,2026-03-18,Hon. Ms. Holt,185,1.0,215,2.20791,0.7351,2.15151
2026-03-18#t2071w0,2026-03-18,Mr. Savoie,115,1.0,162,2.74808,-0.78733,1.95365
2026-03-18#t2072w0,2026-03-18,Hon. Ms. Holt,173,0.0,219,2.51215,-0.82129,2.04532
2026-03-18#t2073w0,2026-03-18,Mr. Savoie,163,1.0,205,2.59872,0.14918,2.07791
2026-03-18#t2074w0,2026-03-18,Hon. Ms. Holt,192,1.0,244,2.31745,0.45864,2.12301
2026-03-18#t2075w0,2026-03-18,Mr. Savoie,173,1.0,213,2.36234,-0.21623,2.14676
2026-03-18#t2076w0,2026-03-18,Hon. Ms. Holt,158,0.0,189,2.62292,-0.30114,1.93392
2026-03-18#t2077w0,2026-03-18,Mr. Savoie,167,1.0,224,2.66194,-0.39758,1.99082
2026-03-18#t2078w0,2026-03-18,Hon. Ms. Holt,224,1.0,259,2.39447,0.37819,2.13886
2026-03-18#t2079w0,2026-03-18,Mr. Savoie,115,1.0,147,2.87121,-0.91317,1.96879
2026-03-18#t2080w0,2026-03-18,Hon. Mr. D’Amours,143,0.0,180,2.33355,-0.16664,2.06868
2026-03-18#t2081w0,2026-03-18,Mr. Savoie,189,0.878,222,2.972,-1.80517,2.00718
2026-03-18#t2082w0,2026-03-18,Hon. Mr. D’Amours,168,0.0,209,2.54879,-1.12884,2.04863
2026-03-18#t2083w0,2026-03-18,Mr. Savoie,158,1.0,200,2.46585,0.62467,2.02807
2026-03-18#t2084w0,2026-03-18,Hon. Mr. D’Amours,165,0.0,197,2.33063,1.11264,2.00526
2026-03-18#t2085w0,2026-03-18,Mr. Savoie,172,0.703,232,2.60707,-1.5694,2.02155
2026-03-18#t2086w0,2026-03-18,Hon. Mr. Legacy,170,0.0,220,2.77365,-0.61383,2.01081
2026-03-18#t2087w0,2026-03-18,Mr. Savoie,198,1.0,252,2.49284,0.62608,2.06556
2026-03-18#t2088w0,2026-03-18,Hon. Mr. Legacy,207,0.0,256,2.84875,0.16114,2.04117
2026-03-18#t2089w0,2026-03-18,Mr. Savoie,125,0.6,154,2.7962,-1.10743,1.94504
2026-03-18#t2090w0,2026-03-18,Hon. Mr. Legacy,109,1.0,144,2.65948,0.68912,2.11166
2026-03-18#t2091w0,2026-03-18,Mr. Savoie,160,1.0,206,2.69928,-0.69416,2.07275
2026-03-18#t2092w0,2026-03-18,Hon. Mr. Legacy,180,1.0,228,2.40244,0.39428,2.13547
2026-03-18#t2093w0,2026-03-18,Mr. Savoie,184,1.0,240,2.43916,0.71738,2.06668
2026-03-18#t2094w0,2026-03-18,Hon. Mr. Legacy,145,1.0,192,2.67309,0.05993,1.99604
2026-03-18#t2095w0,2026-03-18,Ms. M. Johnson,75,1.0,87,3.02268,-0.84053,1.92605
2026-03-18#t2096w0,2026-03-18,Hon. Ms. Boudreau,135,0.0,151,2.74789,-0.69541,2.03408
2026-03-18#t2097w0,2026-03-18,Ms. M. Johnson,62,1.0,79,3.12486,0.73186,1.95963
2026-03-18#t2098w0,2026-03-18,Hon. Ms. Boudreau,175,0.0,198,2.53867,0.1693,2.11729
2026-03-18#t2099w0,2026-03-18,Ms. M. Johnson,165,1.0,189,2.64556,-0.78177,2.06679
2026-03-18#t2100w0,2026-03-18,Hon. Ms. Boudreau,171,0.0,211,2.7171,-1.06329,2.11542
2026-03-18#t2101w0,2026-03-18,Mr. Coon,140,1.0,164,2.5059,0.73011,2.10757
2026-03-18#t2102w0,2026-03-18,Hon. Mr. D’Amours,132,0.0,161,2.47597,-0.5116,2.0962
2026-03-18#t2103w0,2026-03-18,Mr. Coon,155,1.0,198,2.76025,0.34069,2.00661
2026-03-18#t2104w0,2026-03-18,Hon. Mr. D’Amours,171,0.0,199,2.32103,0.83355,2.16782
2026-03-18#t2105w0,2026-03-18,Ms. Mitton,143,1.0,181,2.62389,1.32947,2.05801
2026-03-18#t2106w0,2026-03-18,Hon. Mr. Legacy,178,1.0,222,2.74037,-0.91989,2.02939
2026-03-18#t2107w0,2026-03-18,Ms. Mitton,156,1.0,191,3.05641,-2.14388,1.98228
2026-03-18#t2108w0,2026-03-18,Hon. Mr. Legacy,159,1.0,206,2.71081,0.09799,1.97123
2026-03-18#t2109w0,2026-03-18,Mr. Hogan,152,1.0,203,2.67819,-1.82962,1.94847
2026-03-18#t2110w0,2026-03-18,Hon. Mr. Dornan,162,1.0,199,2.88151,-1.16271,1.98989
2026-03-18#t2111w0,2026-03-18,Mr. Hogan,150,1.0,197,2.71661,-1.15284,1.97039
2026-03-18#t2112w0,2026-03-18,Hon. Ms. Holt,181,0.978,217,2.34575,0.18384,2.04668
2026-03-18#t2114w0,2026-03-18,Hon. C. Johnson,226,0.0,285,2.49242,-1.1461,2.08484
2026-03-18#t2115w0,2026-03-18,Mr. Lee,116,1.0,136,2.38522,-0.00499,1.9906
2026-03-18#t2116w0,2026-03-18,Ms. Mitton,150,0.0,184,2.24736,0.49279,2.16493
2026-03-18#t2117w0,2026-03-18,Hon. Mr. Herron,356,0.851,413,2.26804,1.81358,2.08031
2026-03-18#t2118w0,2026-03-18,Mr. Austin,222,1.0,301,2.41646,0.54417,2.0139
2026-03-18#t2119w0,2026-03-18,Mr. Coon,287,1.0,354,2.57935,-0.13129,2.06353
2026-03-18#t2119w1,2026-03-18,Mr. Coon,134,1.0,166,3.0109,-0.75612,1.93841
2026-03-18#t2120w0,2026-03-18,Hon. Mr. Dornan,152,0.855,195,2.61188,-1.55269,2.02737
2026-03-18#t2122w0,2026-03-18,Mr. Hogan,254,1.0,314,2.46019,0.40088,2.07944
2026-03-18#t2123w0,2026-03-18,Mr. Coon,271,1.0,346,2.7518,-0.16315,2.05563
2026-03-18#t2124w0,2026-03-18,Hon. Mr. Dornan,244,0.734,286,2.62759,-0.43988,1.99023
2026-03-18#t2125w0,2026-03-18,Mr. Hogan,298,1.0,376,2.24282,1.20212,2.07959
2026-03-18#t2126w0,2026-03-18,Mr. Coon,328,0.921,386,2.26544,0.17998,2.13042
2026-03-18#t2128w0,2026-03-18,Hon. Ms. Boudreau,192,0.365,255,2.94451,-0.08402,1.87754
2026-03-18#t2129w0,2026-03-18,Ms. Mitton,99,0.333,112,2.03983,1.6209,2.12036
2026-03-18#t2130w0,2026-03-18,Hon. Ms. Townsend,94,1.0,109,2.46494,0.06279,2.07852
2026-03-18#t2133w0,2026-03-18,Mr. Monahan,192,1.0,248,2.53784,0.355,2.0562
2026-03-18#t2134w0,2026-03-18,Mr. J. LeBlanc,354,0.421,459,1.94554,2.03409,2.12939
2026-03-18#t2134w1,2026-03-18,Mr. J. LeBlanc,340,0.668,411,2.10883,-0.18651,2.12971
2026-03-18#t2134w2,2026-03-18,Mr. J. LeBlanc,257,0.957,337,2.13756,0.65019,2.07715
2026-03-18#t2135w0,2026-03-18,Mr. M. LeBlanc,334,0.611,424,2.27019,0.99813,2.06289
2026-03-18#t2135w1,2026-03-18,Mr. M. LeBlanc,353,0.836,432,2.47566,0.31237,2.04797
2026-03-18#t2135w2,2026-03-18,Mr. M. LeBlanc,358,0.718,410,2.1612,1.27439,2.20539
2026-03-18#t2135w3,2026-03-18,Mr. M. LeBlanc,321,0.773,370,2.77443,0.8783,2.00825
2026-03-18#t2135w4,2026-03-18,Mr. M. LeBlanc,352,0.594,452,2.49082,-0.04789,2.08194
2026-03-18#t2135w5,2026-03-18,Mr. M. LeBlanc,313,1.0,402,2.55339,-0.74623,2.06864
2026-03-18#t2135w6,2026-03-18,Mr. M. LeBlanc,310,0.694,387,2.45306,0.24469,2.07979
2026-03-18#t2135w7,2026-03-18,Mr. M. LeBlanc,308,0.643,372,2.83375,-0.33703,1.94975
2026-03-18#t2135w8,2026-03-18,Mr. M. LeBlanc,323,0.796,424,2.772,-1.61843,1.94152
2026-03-18#t2135w9,2026-03-18,Mr. M. LeBlanc,328,0.744,376,2.65795,-1.10882,2.00791
2026-03-18#t2135w10,2026-03-18,Mr. M. LeBlanc,321,1.0,370,2.68495,0.34012,1.97252
2026-03-18#t2135w11,2026-03-18,Mr. M. LeBlanc,341,0.578,438,2.5836,0.6344,1.98874
2026-03-18#t2135w12,2026-03-18,Mr. M. LeBlanc,344,0.852,401,2.36417,1.21921,2.07799
2026-03-18#t2135w13,2026-03-18,Mr. M. LeBlanc,243,0.564,305,2.64399,0.31194,2.04468
2026-03-18#t2135w14,2026-03-18,Mr. M. LeBlanc,298,0.668,372,2.82131,-1.37547,2.02194
2026-03-18#t2135w15,2026-03-18,Mr. M. LeBlanc,271,0.583,322,2.9413,-1.01345,1.95899
2026-03-18#t2135w16,2026-03-18,Mr. M. LeBlanc,346,1.0,472,2.55529,0.47726,2.03895
2026-03-18#t2135w17,2026-03-18,Mr. M. LeBlanc,273,1.0,344,3.10018,-2.04423,1.89952
2026-03-18#t2135w18,2026-03-18,Mr. M. LeBlanc,300,0.813,355,2.54389,1.30669,2.00063
2026-03-18#t2135w19,2026-03-18,Mr. M. LeBlanc,339,0.708,415,2.75066,-0.95617,1.91462
2026-03-18#t2135w20,2026-03-18,Mr. M. LeBlanc,298,0.628,377,2.75452,0.06841,1.90306
2026-03-18#t2135w21,2026-03-18,Mr. M. LeBlanc,277,1.0,347,2.98071,-2.10047,1.98586
2026-03-18#t2135w22,2026-03-18,Mr. M. LeBlanc,209,0.526,252,3.16303,-1.73355,1.9241
2026-03-18#t2135w23,2026-03-18,Mr. M. LeBlanc,346,1.0,427,3.00614,-0.91455,1.8922
2026-03-18#t2135w24,2026-03-18,Mr. M. LeBlanc,336,0.818,393,2.92346,-1.39924,1.96378
2026-03-18#t2135w25,2026-03-18,Mr. M. LeBlanc,301,0.405,369,2.93953,-0.67668,1.88883
2026-03-18#t2135w26,2026-03-18,Mr. M. LeBlanc,355,0.741,422,2.92889,-1.39969,1.92835
2026-03-18#t2135w27,2026-03-18,Mr. M. LeBlanc,326,0.617,402,2.79273,-0.74992,1.92029
2026-03-18#t2135w28,2026-03-18,Mr. M. LeBlanc,278,0.673,328,2.56042,-0.16033,1.93794
2026-03-18#t2135w29,2026-03-18,Mr. M. LeBlanc,272,0.89,321,2.64719,-0.44684,1.97944
2026-03-19#t2136w0,2026-03-19,Mr. M. LeBlanc,54,0.389,85,1.99776,2.02308,2.06401
2026-03-20#t2137w0,2026-03-20,Ms. Vautour,83,0.0,116,2.36354,0.04123,2.01528
2026-03-20#t2140w0,2026-03-20,Ms. Mitton,65,0.0,85,1.87384,1.3564,2.10917
2026-03-20#t2141w0,2026-03-20,Mr. Savoie,85,0.0,105,2.71024,-2.0198,1.99858
2026-03-20#t2143w0,2026-03-20,Hon. Ms. Miles,249,1.0,328,2.29225,0.90955,2.03163
2026-03-20#t2144w0,2026-03-20,Mr. Savoie,120,0.95,150,1.69495,2.29073,2.15831
2026-03-20#t2145w0,2026-03-20,Mr. Johnston,113,0.0,162,2.11954,-0.52811,2.09817
2026-03-20#t2146w0,2026-03-20,Ms. M. Johnson,251,1.0,317,2.13843,0.94256,2.14186
2026-03-20#t2147w0,2026-03-20,Ms. Vautour,203,0.0,272,2.23672,-0.39323,2.1181
2026-03-20#t2148w0,2026-03-20,Mr. Monahan,148,1.0,217,2.5387,-1.1792,1.91836
2026-03-20#t2149w0,2026-03-20,Hon. Mr. Gauvin,124,0.0,167,2.56223,-0.71797,1.96723
2026-03-20#t2150w0,2026-03-20,Ms. Bockus,156,1.0,191,2.49438,-0.55765,2.02867
2026-03-20#t2151w0,2026-03-20,Mr. Coon,156,0.974,224,1.85676,-0.56587,2.08235
2026-03-20#t2152w0,2026-03-20,Ms. Mitton,208,1.0,285,2.2634,-0.17977,2.04169
2026-03-20#t2153w0,2026-03-20,Ms. Scott-Wallace,128,1.0,165,2.81858,-1.01202,1.89442
2026-03-20#t2154w0,2026-03-20,Ms. Mitton,162,1.0,190,3.04064,-2.27413,1.97557
2026-03-20#t2155w0,2026-03-20,Mr. J. LeBlanc,154,0.0,183,2.34234,0.44367,2.09978
2026-03-20#t2156w0,2026-03-20,Mr. Weir,143,1.0,175,2.28403,0.10073,2.15962
2026-03-20#t2157w0,2026-03-20,Ms. Vautour,164,0.0,201,2.47998,0.94106,2.05639
2026-03-20#t2158w0,2026-03-20,Ms. Conroy,153,1.0,199,2.45743,-0.50015,2.09071
2026-03-20#t2159w0,2026-03-20,Mr. Robichaud,127,0.425,168,2.38822,1.0093,2.07638
2026-03-20#t2160w0,2026-03-20,Mr. Austin,138,1.0,179,2.38664,0.86762,2.13556
2026-03-20#t2161w0,2026-03-20,Mr. Johnston,147,1.0,192,2.29143,-0.24183,2.00683
2026-03-20#t2162w0,2026-03-20,Mr. Hogan,142,1.0,165,2.62985,-0.86653,1.99777
2026-03-20#t2163w0,2026-03-20,Mr. Savoie,145,0.945,191,2.50807,1.76127,1.95527
2026-03-20#t2164w0,2026-03-20,Hon. Ms. Holt,166,1.0,204,2.3826,0.17938,2.20244
2026-03-20#t2165w0,2026-03-20,Mr. Savoie,136,1.0,165,2.6972,-0.68671,2.04768
2026-03-20#t2166w0,2026-03-20,Hon. Ms. Holt,179,0.0,206,2.35545,1.09636,2.23666
2026-03-20#t2167w0,2026-03-20,Mr. Savoie,153,0.771,185,2.58252,0.22872,2.01464
2026-03-20#t2168w0,2026-03-20,Hon. Ms. Holt,190,1.0,228,2.50243,-0.66569,2.11854
2026-03-20#t2169w0,2026-03-20,Mr. Savoie,126,1.0,146,2.96065,-0.65418,1.96832
2026-03-20#t2170w0,2026-03-20,Hon. Mr. Finnigan,134,0.0,173,2.66797,-1.02064,1.99658
2026-03-20#t2171w0,2026-03-20,Mr. Savoie,149,1.0,179,2.79848,-1.09652,1.93254
2026-03-20#t2172w0,2026-03-20,Hon. Mr. Finnigan,163,0.975,196,2.62735,-0.11254,2.04036
2026-03-20#t2173w0,2026-03-20,Mr. Savoie,155,1.0,197,2.37889,-0.45766,2.11904
2026-03-20#t2174w0,2026-03-20,Hon. Mr. Finnigan,166,1.0,205,2.68544,1.01134,2.06092
2026-03-20#t2175w0,2026-03-20,Ms. Scott-Wallace,174,1.0,204,3.26027,-1.85123,1.90567
2026-03-20#t2176w0,2026-03-20,Hon. Mr. Finnigan,137,0.985,184,2.75262,0.11799,2.02253
2026-03-20#t2177w0,2026-03-20,Ms. Scott-Wallace,207,1.0,247,2.81961,-0.93905,1.99825
2026-03-20#t2178w0,2026-03-20,Hon. Mr. McKee,142,1.0,172,2.21869,1.48549,2.10239
2026-03-20#t2181w0,2026-03-20,Ms. Scott-Wallace,173,1.0,208,3.153,-1.28225,1.93229
2026-03-20#t2182w0,2026-03-20,Hon. Mr. Gauvin,186,0.0,224,2.85579,0.14777,1.94035
2026-03-20#t2183w0,2026-03-20,Mr. Hogan,137,1.0,179,2.49065,-0.06564,2.02897
2026-03-20#t2184w0,2026-03-20,Hon. Mr. Dornan,115,1.0,151,2.1366,0.26551,2.10279
2026-03-20#t2185w0,2026-03-20,Mr. Hogan,160,1.0,202,3.48191,-2.11687,1.86904
2026-03-20#t2186w0,2026-03-20,Hon. Mr. Dornan,73,1.0,87,2.58008,1.10901,2.00314
2026-03-20#t2187w0,2026-03-20,Mr. Hogan,94,1.0,121,2.76822,-1.17315,1.92261
2026-03-20#t2188w0,2026-03-20,Hon. Mr. Dornan,64,1.0,82,3.0853,-1.11033,1.93906
2026-03-20#t2189w0,2026-03-20,Mr. Lee,165,1.0,198,3.01225,-0.94537,1.9682
2026-03-20#t2190w0,2026-03-20,Hon. C. Johnson,83,1.0,106,2.76514,-0.15083,2.00807
2026-03-20#t2191w0,2026-03-20,Mr. Lee,143,1.0,177,3.13468,-0.96961,1.8806
2026-03-20#t2192w0,2026-03-20,Hon. C. Johnson,132,0.0,158,2.36449,0.40238,2.06159
2026-03-20#t2193w0,2026-03-20,Mr. Lee,166,1.0,204,2.41879,0.90739,2.11465
2026-03-20#t2195w0,2026-03-20,Mr. Monahan,156,1.0,184,2.55754,0.71257,2.12313
2026-03-20#t2196w0,2026-03-20,Hon. Ms. Holt,214,1.0,246,2.73343,0.49797,2.00625
2026-03-20#t2198w0,2026-03-20,Hon. Ms. Thériault,153,0.373,191,2.40091,-0.79581,1.99337
2026-03-20#t2199w0,2026-03-20,Ms. M. Wilson,172,1.0,198,2.31594,2.20262,2.22364
2026-03-20#t2200w0,2026-03-20,Ms. Mitton,155,1.0,178,2.27233,1.61354,2.04218
2026-03-20#t2201w0,2026-03-20,Hon. Ms. Miles,170,0.829,206,2.16747,0.46666,2.09482
2026-03-20#t2202w0,2026-03-20,Ms. M. Johnson,198,0.97,232,2.82768,-0.6503,2.0042
2026-03-20#t2203w0,2026-03-20,Mr. Coon,187,0.979,231,2.35338,0.01295,2.07965
2026-03-20#t2204w0,2026-03-20,Hon. Mr. Gauvin,159,0.0,199,1.93393,0.90152,2.15499
2026-03-20#t2205w0,2026-03-20,Mr. Hogan,107,0.0,136,2.23884,0.0844,2.12288
2026-03-20#t2206w0,2026-03-20,Ms. Mitton,165,0.448,225,2.43392,-1.43276,2.06969
2026-03-20#t2207w0,2026-03-20,Mr. M. LeBlanc,282,0.135,373,2.24013,0.95778,2.15665
2026-03-20#t2207w1,2026-03-20,Mr. M. LeBlanc,339,0.0,418,2.25817,0.05303,2.09949
2026-03-20#t2208w0,2026-03-20,Ms. Scott-Wallace,333,1.0,396,2.53191,0.44873,2.05434
2026-03-20#t2208w1,2026-03-20,Ms. Scott-Wallace,245,1.0,287,2.97207,-1.78193,1.91305
2026-03-20#t2208w2,2026-03-20,Ms. Scott-Wallace,255,1.0,288,2.89945,0.08113,1.98759
2026-03-20#t2208w3,2026-03-20,Ms. Scott-Wallace,357,1.0,423,2.79411,-0.83359,2.01185
2026-03-20#t2208w4,2026-03-20,Ms. Scott-Wallace,163,1.0,196,3.19793,-1.35219,1.91341
2026-03-20#t2209w0,2026-03-20,Mr. Coon,272,1.0,339,2.28494,-0.51811,2.14541
2026-03-20#t2209w1,2026-03-20,Mr. Coon,341,1.0,431,2.44177,-0.1535,1.96364
2026-03-20#t2209w2,2026-03-20,Mr. Coon,350,0.806,465,2.07382,-0.06581,2.11563
2026-03-20#t2209w3,2026-03-20,Mr. Coon,317,0.896,426,2.68782,-0.68465,1.97582
2026-03-20#t2209w4,2026-03-20,Mr. Coon,331,0.849,395,2.4689,0.05635,2.00027
2026-03-20#t2209w5,2026-03-20,Mr. Coon,301,0.917,362,2.26829,1.20625,2.07633
2026-03-20#t2210w0,2026-03-20,Mr. Hogan,339,1.0,432,2.45989,0.84293,2.08035
2026-03-20#t2210w1,2026-03-20,Mr. Hogan,97,1.0,110,3.11299,-1.10921,1.93695
2026-03-20#t2211w0,2026-03-20,Mr. Coon,310,0.987,389,2.40458,-0.09247,2.10409
2026-03-20#t2211w1,2026-03-20,Mr. Coon,332,1.0,419,2.21997,0.50506,2.1236
2026-03-20#t2211w2,2026-03-20,Mr. Coon,217,1.0,274,2.58855,0.95962,2.01487
2026-03-20#t2212w0,2026-03-20,Mr. Coon,122,1.0,159,2.52589,0.74205,2.10668
2026-03-20#t2214w0,2026-03-20,Madam Speaker,313,0.859,394,2.4197,1.65478,2.02503
2026-03-20#t2214w1,2026-03-20,Madam Speaker,316,0.873,399,2.91843,-0.83656,1.9533
2026-03-20#t2214w2,2026-03-20,Madam Speaker,260,0.927,327,2.78037,-0.32207,2.01285
2026-03-20#t2214w3,2026-03-20,Madam Speaker,338,0.861,426,2.38668,0.50323,2.07567
2026-03-20#t2214w4,2026-03-20,Madam Speaker,310,1.0,373,2.78229,0.50767,1.98271
2026-03-20#t2214w5,2026-03-20,Madam Speaker,348,1.0,451,2.79174,-0.88796,1.95376
2026-03-20#t2214w6,2026-03-20,Madam Speaker,336,1.0,434,2.46622,0.55513,1.98976
2026-03-20#t2214w7,2026-03-20,Madam Speaker,316,0.684,375,2.33005,1.31134,2.11353
2026-03-20#t2214w8,2026-03-20,Madam Speaker,322,1.0,395,2.58847,-0.7013,2.02596
2026-03-20#t2214w9,2026-03-20,Madam Speaker,331,0.867,394,2.60855,0.07272,2.03123
2026-03-20#t2214w10,2026-03-20,Madam Speaker,301,0.817,379,2.62276,-1.12403,2.04986
2026-03-20#t2214w11,2026-03-20,Madam Speaker,342,1.0,424,2.70511,-1.39109,2.06116
2026-03-20#t2214w12,2026-03-20,Madam Speaker,304,1.0,367,2.74734,-0.42979,2.00237
2026-03-20#t2214w13,2026-03-20,Madam Speaker,312,1.0,393,2.66073,-0.35131,2.05573
2026-03-20#t2214w14,2026-03-20,Madam Speaker,270,0.985,346,2.41585,0.50029,2.0729
2026-03-20#t2216w0,2026-03-20,Hon. Mr. Dornan,348,0.945,423,2.39432,-1.03905,2.11918
2026-03-20#t2216w1,2026-03-20,Hon. Mr. Dornan,349,0.903,444,2.21452,0.14364,2.15307
2026-03-20#t2216w2,2026-03-20,Hon. Mr. Dornan,289,0.955,336,2.63123,0.6018,2.0534
2026-03-20#t2216w3,2026-03-20,Hon. Mr. Dornan,235,1.0,308,2.70393,0.1423,2.0754
2026-03-20#t2216w4,2026-03-20,Hon. Mr. Dornan,325,0.954,387,2.63242,-0.84562,2.01578
2026-03-20#t2216w5,2026-03-20,Hon. Mr. Dornan,354,0.963,427,2.47136,1.40782,2.06411
2026-03-20#t2216w6,2026-03-20,Hon. Mr. Dornan,302,0.914,383,2.81158,-1.73988,1.97677
2026-03-20#t2216w7,2026-03-20,Hon. Mr. Dornan,291,0.883,349,2.50857,0.46622,2.0005
2026-03-20#t2216w8,2026-03-20,Hon. Mr. Dornan,241,1.0,291,2.89031,0.47639,2.03145
2026-03-20#t2216w9,2026-03-20,Hon. Mr. Dornan,333,1.0,408,2.52744,0.29843,2.03228
2026-03-20#t2216w10,2026-03-20,Hon. Mr. Dornan,345,0.881,419,2.43762,-0.45227,2.09845
2026-03-20#t2217w0,2026-03-20,Mr. Savoie,319,0.746,393,2.38945,-0.49646,2.08037
2026-03-20#t2217w1,2026-03-20,Mr. Savoie,226,1.0,274,2.76653,-0.60886,1.98431
2026-03-20#t2217w2,2026-03-20,Mr. Savoie,232,1.0,278,2.84898,0.59139,1.9728
2026-03-20#t2217w3,2026-03-20,Mr. Savoie,328,1.0,417,2.61958,0.84842,2.02612
2026-03-20#t2217w4,2026-03-20,Mr. Savoie,273,1.0,333,2.96338,-1.16602,1.94665
2026-03-20#t2218w0,2026-03-20,Mr. Doucet,59,0.0,77,2.82317,-0.61248,1.90768
2026-03-20#t2221w0,2026-03-20,Mr. Deputy Speaker,56,0.0,73,2.67386,0.8232,2.0457
2026-03-20#t2222w0,2026-03-20,Mr. Savoie,87,1.0,116,2.93719,-1.13661,1.93809
2026-03-20#t2223w0,2026-03-20,M. Savoie,260,0.988,319,2.85065,0.5311,1.96709
2026-03-20#t2223w1,2026-03-20,M. Savoie,333,1.0,424,2.69322,0.25739,2.01911
2026-03-20#t2223w2,2026-03-20,M. Savoie,230,1.0,310,2.48615,1.25598,2.07856
2026-03-20#t2223w3,2026-03-20,M. Savoie,328,1.0,427,2.72901,0.96797,2.03685
2026-03-20#t2223w4,2026-03-20,M. Savoie,284,1.0,353,2.44829,0.52547,2.092
2026-03-20#t2223w5,2026-03-20,M. Savoie,337,1.0,427,2.59286,0.09147,2.05962
2026-03-20#t2223w6,2026-03-20,M. Savoie,336,1.0,443,3.01443,-1.80601,1.93345
2026-03-20#t2223w7,2026-03-20,M. Savoie,297,1.0,393,2.55476,0.38846,2.15433
2026-03-20#t2223w8,2026-03-20,M. Savoie,302,1.0,385,2.61524,0.4648,2.00188
2026-03-20#t2223w9,2026-03-20,M. Savoie,209,1.0,276,2.63985,1.12613,2.01949
2026-03-20#t2224w0,2026-03-20,Mr. Savoie,348,1.0,452,2.78264,-0.36714,2.0019
2026-03-20#t2224w1,2026-03-20,Mr. Savoie,306,1.0,392,2.83447,-0.43898,2.02458
2026-03-20#t2224w2,2026-03-20,Mr. Savoie,304,1.0,374,2.80275,-1.2537,1.9614
2026-03-20#t2224w3,2026-03-20,Mr. Savoie,348,1.0,429,2.78351,-1.10742,2.03256
2026-03-20#t2224w4,2026-03-20,Mr. Savoie,187,1.0,225,2.5166,0.34199,2.10558
2026-03-20#t2226w0,2026-03-20,Mr. Savoie,116,1.0,152,2.83734,-1.15332,1.96578
2026-03-20#t2228w0,2026-03-20,Hon. Ms. Miles,327,1.0,386,2.23778,0.75948,2.16738
2026-03-20#t2228w1,2026-03-20,Hon. Ms. Miles,339,0.829,388,2.24465,0.87294,2.10776
2026-03-20#t2228w2,2026-03-20,Hon. Ms. Miles,353,1.0,413,2.47108,0.023,2.0772
2026-03-20#t2228w3,2026-03-20,Hon. Ms. Miles,249,0.799,293,2.38373,-0.68827,2.10384
2026-03-20#t2228w4,2026-03-20,Hon. Ms. Miles,352,1.0,424,2.17833,1.27536,2.15001
2026-03-20#t2228w5,2026-03-20,Hon. Ms. Miles,272,0.838,328,2.25263,1.81697,2.12786
2026-03-20#t2229w0,2026-03-20,Hon. Ms. Miles,286,0.731,348,2.30577,0.68626,2.08871
2026-03-20#t2229w1,2026-03-20,Hon. Ms. Miles,154,1.0,184,2.47389,-0.21277,2.04502
2026-03-20#t2230w0,2026-03-20,Hon. Ms. Miles,240,1.0,289,2.28558,0.55849,2.14384
2026-03-20#t2232w0,2026-03-20,Ms. M. Johnson,78,1.0,98,2.89506,-0.19593,1.96676
2026-03-20#t2233w0,2026-03-20,Ms. M. Johnson,185,1.0,223,2.51481,0.42073,2.02198
2026-03-20#t2234w0,2026-03-20,Ms. M. Johnson,281,1.0,360,2.48641,0.97184,2.01247
2026-03-20#t2234w1,2026-03-20,Ms. M. Johnson,350,0.843,442,2.46122,-1.09057,2.01833
2026-03-20#t2234w2,2026-03-20,Ms. M. Johnson,328,1.0,380,2.66514,0.40867,1.96821
2026-03-20#t2234w3,2026-03-20,Ms. M. Johnson,338,1.0,443,2.7637,0.67914,1.97118
2026-03-20#t2234w4,2026-03-20,Ms. M. Johnson,332,0.714,404,2.89937,-1.7897,1.93832
2026-03-20#t2234w5,2026-03-20,Ms. M. Johnson,337,1.0,408,2.83195,-0.68957,1.95386
2026-03-20#t2234w6,2026-03-20,Ms. M. Johnson,284,1.0,354,2.72955,-0.30463,1.9604
2026-03-20#t2234w7,2026-03-20,Ms. M. Johnson,292,0.729,349,2.75455,-0.39514,1.96866
2026-03-20#t2234w8,2026-03-20,Ms. M. Johnson,320,1.0,383,2.24493,0.87727,2.0819
2026-03-20#t2234w9,2026-03-20,Ms. M. Johnson,311,1.0,363,2.74408,-0.13836,1.98728
2026-03-20#t2235w0,2026-03-20,Ms. M. Johnson,319,1.0,387,2.30457,1.49364,2.06365
2026-03-20#t2235w1,2026-03-20,Ms. M. Johnson,327,1.0,387,2.56066,-0.24012,1.98969
2026-03-20#t2235w2,2026-03-20,Ms. M. Johnson,352,0.611,444,2.61014,-0.83924,2.0266
2026-03-20#t2235w3,2026-03-20,Ms. M. Johnson,327,1.0,390,2.4233,-0.80271,2.03209
2026-03-20#t2235w4,2026-03-20,Ms. M. Johnson,315,1.0,375,2.3352,0.06538,2.07034
2026-03-20#t2235w5,2026-03-20,Ms. M. Johnson,154,1.0,183,2.97842,-0.02702,1.96964
2026-03-20#t2236w0,2026-03-20,Ms. Vautour,358,0.061,421,2.59176,0.44684,2.12214
2026-03-20#t2236w1,2026-03-20,Ms. Vautour,314,0.42,371,2.85779,0.79618,2.0112
2026-03-20#t2236w2,2026-03-20,Ms. Vautour,295,0.098,356,2.5229,0.44762,2.03157
2026-03-20#t2236w3,2026-03-20,Ms. Vautour,281,0.0,338,2.43264,0.95937,2.121
2026-03-20#t2236w4,2026-03-20,Ms. Vautour,321,0.495,382,2.44539,1.79728,2.0717
2026-03-20#t2236w5,2026-03-20,Ms. Vautour,352,0.0,436,2.60508,0.57275,1.99749
2026-03-20#t2236w6,2026-03-20,Ms. Vautour,310,0.0,385,2.58025,0.20781,2.05142
2026-03-20#t2236w7,2026-03-20,Ms. Vautour,339,0.0,414,2.79638,0.13302,2.00311
2026-03-20#t2236w8,2026-03-20,Ms. Vautour,145,0.0,175,3.37668,-2.06923,1.96099
2026-03-24#t2238w0,2026-03-24,Hon. Mr. Gauvin,153,1.0,188,2.47745,0.79577,2.04375
2026-03-24#t2239w0,2026-03-24,Mr. Austin,151,1.0,197,2.57809,0.74553,1.93295
2026-03-24#t2240w0,2026-03-24,Hon. Mr. McKee,164,1.0,212,2.32252,-0.59238,1.99536
2026-03-24#t2241w0,2026-03-24,Ms. Wilcott,143,1.0,180,2.39745,0.21647,2.04967
2026-03-24#t2242w0,2026-03-24,Mr. Bourque,56,1.0,72,2.85769,0.09643,1.97138
2026-03-24#t2243w0,2026-03-24,Hon. Mr. Gauvin,271,1.0,330,2.26648,0.60785,2.11034
2026-03-24#t2244w0,2026-03-24,Ms. M. Johnson,274,0.993,346,2.17448,1.45821,2.09113
2026-03-24#t2245w0,2026-03-24,Mr. Coon,173,0.977,239,2.18256,0.19564,2.05012
2026-03-24#t2246w0,2026-03-24,Hon. Ms. Miles,241,1.0,305,2.20164,1.27504,2.08364
2026-03-24#t2247w0,2026-03-24,Ms. Conroy,271,1.0,359,2.00892,1.52974,2.14275
2026-03-24#t2248w0,2026-03-24,Mr. Johnston,212,0.981,286,2.43856,-1.40431,2.02473
2026-03-24#t2249w0,2026-03-24,Mr. Monahan,171,1.0,228,2.14581,1.56207,2.13152
2026-03-24#t2250w0,2026-03-24,Hon. C. Johnson,126,0.0,165,2.10252,1.64438,2.02681
2026-03-24#t2251w0,2026-03-24,Mr. Russell,132,1.0,171,2.26819,0.15066,2.07204
2026-03-24#t2252w0,2026-03-24,Ms. Mitton,163,1.0,203,2.5257,-0.94852,2.03498
2026-03-24#t2253w0,2026-03-24,Mr. Russell,146,1.0,173,2.97915,-1.04279,1.92291
2026-03-24#t2254w0,2026-03-24,Ms. Mitton,165,1.0,205,2.86774,-2.69289,1.96919
2026-03-24#t2255w0,2026-03-24,Ms. Sodhi,131,1.0,156,2.91335,-1.39611,1.92482
2026-03-24#t2256w0,2026-03-24,Ms. M. Johnson,205,1.0,249,2.93414,-1.31076,1.99754
2026-03-24#t2257w0,2026-03-24,Ms. Wilcott,157,1.0,198,2.63131,-0.49696,2.01709
2026-03-24#t2258w0,2026-03-24,Mr. Austin,161,1.0,198,2.66246,-0.5993,1.95731
2026-03-24#t2259w0,2026-03-24,Mr. Bourque,148,0.0,181,2.19715,1.16301,2.11119
2026-03-24#t2260w0,2026-03-24,Mr. Cullins,159,0.975,195,2.05556,1.3542,2.13607
2026-03-24#t2261w0,2026-03-24,Mr. Mallet,138,0.0,178,2.57687,-0.58551,2.16689
2026-03-24#t2262w0,2026-03-24,Ms. S. Wilson,149,0.973,197,2.66242,0.70698,1.92536
2026-03-24#t2263w0,2026-03-24,Mr. Savoie,181,0.956,209,2.77153,-0.63517,2.08098
2026-03-24#t2264w0,2026-03-24,Hon. Ms. Holt,199,1.0,245,2.14386,-0.09124,2.15862
2026-03-24#t2265w0,2026-03-24,Mr. Savoie,132,1.0,173,2.56544,0.27996,1.99394
2026-03-24#t2266w0,2026-03-24,Hon. Ms. Holt,157,0.0,203,2.74694,-0.3282,1.96532
2026-03-24#t2267w0,2026-03-24,Mr. Savoie,169,1.0,208,2.39823,0.04947,2.10019
2026-03-24#t2268w0,2026-03-24,Hon. Mr. Finnigan,138,0.971,160,2.81275,0.09331,1.99052
2026-03-24#t2269w0,2026-03-24,Mr. Savoie,112,0.893,132,2.61319,-0.01668,1.99407
2026-03-24#t2270w0,2026-03-24,Hon. Mr. Finnigan,135,0.941,169,2.51832,0.3322,2.11739
2026-03-24#t2271w0,2026-03-24,Mr. Savoie,165,1.0,192,2.99832,-0.81827,1.91868
2026-03-24#t2272w0,2026-03-24,Hon. Mr. Finnigan,117,0.051,145,2.25372,0.68065,2.14442
2026-03-24#t2273w0,2026-03-24,Mr. Savoie,168,1.0,187,2.75694,0.83708,2.05559
2026-03-24#t2274w0,2026-03-24,Hon. Mr. Finnigan,112,0.0,133,3.10631,-0.30123,1.93457
2026-03-24#t2275w0,2026-03-24,Mr. Austin,167,1.0,200,2.24109,0.33132,1.99875
2026-03-24#t2276w0,2026-03-24,Hon. C. Chiasson,166,1.0,200,2.65313,-0.49634,2.12078
2026-03-24#t2277w0,2026-03-24,Mr. Austin,150,1.0,191,2.85246,-0.30664,1.96744
2026-03-24#t2278w0,2026-03-24,Hon. C. Chiasson,159,1.0,201,2.74501,0.25673,2.01253
2026-03-24#t2279w0,2026-03-24,Mr. Austin,232,1.0,288,2.581,-0.25709,2.05258
2026-03-24#t2280w0,2026-03-24,Hon. C. Chiasson,143,1.0,176,2.74485,-0.78909,2.07584
2026-03-24#t2281w0,2026-03-24,Ms. Scott-Wallace,161,1.0,184,2.93841,-0.22959,2.00149
2026-03-24#t2282w0,2026-03-24,Hon. Mr. Finnigan,143,0.559,166,2.68127,-0.92358,1.96009
2026-03-24#t2283w0,2026-03-24,Ms. Scott-Wallace,185,1.0,214,3.55968,-1.96188,1.8829
2026-03-24#t2284w0,2026-03-24,Hon. K. Chiasson,138,1.0,168,3.07235,-0.50139,1.90347
2026-03-24#t2285w0,2026-03-24,Ms. Scott-Wallace,189,1.0,231,2.95152,-0.60744,1.94873
2026-03-24#t2286w0,2026-03-24,Hon. Mr. Hickey,145,1.0,177,2.84589,0.05839,1.96146
2026-03-24#t2288w0,2026-03-24,Mr. Coon,145,1.0,174,2.55538,0.33831,2.11433
2026-03-24#t2289w0,2026-03-24,Hon. Mr. LePage,144,0.0,168,2.48438,0.32743,2.09729
2026-03-24#t2290w0,2026-03-24,Mr. Coon,156,1.0,189,2.89613,-1.71468,1.91587
2026-03-24#t2291w0,2026-03-24,Hon. Mr. LePage,142,0.0,166,2.74094,-0.82666,2.01524
2026-03-24#t2292w0,2026-03-24,Mr. Monahan,134,1.0,163,2.58572,0.25515,1.98776
2026-03-24#t2293w0,2026-03-24,Hon. Mr. Kennedy,186,1.0,236,2.2299,0.69319,2.0824
2026-03-24#t2295w0,2026-03-24,Madam Speaker,258,0.69,315,2.45059,-0.36387,2.01501
2026-03-24#t2295w1,2026-03-24,Madam Speaker,224,0.888,280,2.55561,1.06494,2.00761
2026-03-24#t2296w0,2026-03-24,Ms. Conroy,246,1.0,301,2.6349,-0.94468,2.04037
2026-03-24#t2297w0,2026-03-24,Ms. Mitton,332,1.0,392,2.22763,0.0684,2.1583
2026-03-24#t2298w0,2026-03-24,Hon. Mr. Herron,265,0.811,326,2.46095,-0.51098,2.02942
2026-03-24#t2298w1,2026-03-24,Hon. Mr. Herron,138,0.971,175,2.288,0.38197,2.05412
2026-03-24#t2299w0,2026-03-24,Mr. Austin,265,1.0,312,2.51161,1.13562,2.06466
2026-03-24#t2299w1,2026-03-24,Mr. Austin,248,1.0,302,2.63726,0.43439,2.03532
2026-03-24#t2300w0,2026-03-24,Mr. Coon,334,1.0,416,2.70964,0.02901,2.02191
2026-03-24#t2300w1,2026-03-24,Mr. Coon,54,1.0,62,2.90642,0.97917,1.82379
2026-03-24#t2301w0,2026-03-24,Hon. Mr. Dornan,292,0.877,357,2.59048,-0.92386,2.0508
2026-03-24#t2302w0,2026-03-24,Mr. Hogan,335,1.0,440,2.46985,1.67458,2.07095
2026-03-24#t2303w0,2026-03-24,Mr. Coon,360,0.989,440,2.35488,-0.07111,2.07735
2026-03-24#t2304w0,2026-03-24,Mr. Coon,327,1.0,406,2.53845,-1.03421,1.94714
2026-03-24#t2304w1,2026-03-24,Mr. Coon,252,0.857,333,2.10511,-0.14864,2.05129
2026-03-24#t2305w0,2026-03-24,Mr. M. LeBlanc,329,0.796,419,2.27636,0.43292,2.09371
2026-03-24#t2305w1,2026-03-24,Mr. M. LeBlanc,345,1.0,427,2.3215,-0.98074,2.07626
2026-03-24#t2305w2,2026-03-24,Mr. M. LeBlanc,324,1.0,400,2.14141,2.12261,2.10683
2026-03-24#t2305w3,2026-03-24,Mr. M. LeBlanc,208,0.981,233,2.07085,3.54906,2.24232
2026-03-24#t2306w0,2026-03-24,Mr. Cullins,356,1.0,417,2.11228,0.65912,2.17741
2026-03-24#t2306w1,2026-03-24,Mr. Cullins,154,1.0,187,3.1096,0.50944,1.92252
2026-03-24#t2307w0,2026-03-24,Ms. Mitton,282,0.986,352,2.21842,0.7895,2.12415
2026-03-24#t2307w1,2026-03-24,Ms. Mitton,328,0.637,395,2.32502,0.05445,2.11033
2026-03-24#t2307w2,2026-03-24,Ms. Mitton,246,0.626,289,2.39277,0.47881,2.07181
2026-03-24#t2308w0,2026-03-24,Mr. Weir,352,1.0,440,2.7034,-0.16114,2.035
2026-03-24#t2308w1,2026-03-24,Mr. Weir,266,1.0,325,2.73388,-0.23,2.05713
2026-03-24#t2309w0,2026-03-24,Ms. Mitton,339,0.838,418,2.13769,0.15648,2.11729
2026-03-24#t2309w1,2026-03-24,Ms. Mitton,320,0.728,379,2.08704,2.40404,2.15465
2026-03-24#t2309w2,2026-03-24,Ms. Mitton,321,0.234,366,2.25845,1.41449,2.11557
2026-03-24#t2310w0,2026-03-24,Mr. Weir,303,1.0,379,2.50465,0.14948,2.07172
2026-03-24#t2310w1,2026-03-24,Mr. Weir,328,1.0,391,2.83966,-0.05404,1.99831
2026-03-24#t2310w2,2026-03-24,Mr. Weir,314,0.911,392,2.96017,0.14319,1.96267
2026-03-24#t2310w3,2026-03-24,Mr. Weir,294,0.69,349,2.10035,0.86539,2.09105
2026-03-24#t2310w4,2026-03-24,Mr. Weir,350,0.511,403,2.21919,1.60204,2.14118
2026-03-24#t2311w0,2026-03-24,Mr. Weir,321,1.0,388,2.5253,-0.37864,1.99188
2026-03-24#t2311w1,2026-03-24,Mr. Weir,324,1.0,393,3.06541,-0.18136,1.95154
2026-03-24#t2314w0,2026-03-24,Madam Speaker,323,0.0,376,2.58223,0.93098,2.07155
2026-03-24#t2314w1,2026-03-24,Madam Speaker,292,0.0,358,2.46997,-0.09319,2.07859
2026-03-24#t2314w2,2026-03-24,Madam Speaker,292,0.0,385,2.46151,1.56954,2.05273
2026-03-24#t2314w3,2026-03-24,Madam Speaker,350,0.026,433,2.69082,0.82077,1.99554
2026-03-24#t2314w4,2026-03-24,Madam Speaker,332,0.0,384,2.82902,0.23256,2.01701
2026-03-24#t2314w5,2026-03-24,Madam Speaker,359,0.164,439,2.59447,0.56152,2.08035
2026-03-24#t2314w6,2026-03-24,Madam Speaker,278,0.0,346,2.58306,1.56579,2.03745
2026-03-24#t2314w7,2026-03-24,Madam Speaker,327,0.0,395,2.65856,-0.19037,1.95305
2026-03-24#t2314w8,2026-03-24,Madam Speaker,91,0.0,116,2.37776,0.4076,2.1611
2026-03-24#t2317w0,2026-03-24,Mr. Austin,283,1.0,359,2.30261,1.02267,2.22012
2026-03-24#t2317w1,2026-03-24,Mr. Austin,100,1.0,120,2.51874,-0.16914,2.06593
2026-03-24#t2318w0,2026-03-24,Mr. Austin,272,1.0,358,2.38748,1.1339,2.03823
2026-03-24#t2318w1,2026-03-24,Mr. Austin,356,1.0,450,2.34458,1.40059,2.05935
2026-03-24#t2318w2,2026-03-24,Mr. Austin,292,1.0,380,2.63901,-1.05206,2.02508
2026-03-24#t2318w3,2026-03-24,Mr. Austin,291,1.0,363,2.58754,0.26597,2.05527
2026-03-24#t2318w4,2026-03-24,Mr. Austin,281,1.0,340,2.55714,-0.24519,2.07072
2026-03-24#t2318w5,2026-03-24,Mr. Austin,274,1.0,335,2.74884,-0.76225,2.04283
2026-03-24#t2318w6,2026-03-24,Mr. Austin,273,1.0,360,2.32947,1.68615,2.12088
2026-03-24#t2318w7,2026-03-24,Mr. Austin,307,1.0,397,2.21156,0.67178,2.07941
2026-03-24#t2318w8,2026-03-24,Mr. Austin,249,1.0,350,2.16108,0.67584,2.16534
2026-03-24#t2318w9,2026-03-24,Mr. Austin,216,1.0,265,2.59381,-0.98138,2.10605
2026-03-24#t2318w10,2026-03-24,Mr. Austin,181,1.0,251,2.37367,0.36895,2.14871
2026-03-24#t2319w0,2026-03-24,Mr. Austin,353,1.0,460,2.27473,1.3762,2.10178
2026-03-24#t2319w1,2026-03-24,Mr. Austin,271,1.0,354,2.26399,0.87046,2.16033
2026-03-24#t2319w2,2026-03-24,Mr. Austin,178,1.0,238,2.6671,-0.70948,2.02846
2026-03-24#t2320w0,2026-03-24,Mr. Austin,293,1.0,398,2.40531,1.21576,2.18701
2026-03-24#t2320w1,2026-03-24,Mr. Austin,215,1.0,257,2.73454,-0.108,2.01105
2026-03-24#t2321w0,2026-03-24,Mr. Austin,350,1.0,440,2.30346,2.05811,2.09567
2026-03-24#t2321w1,2026-03-24,Mr. Austin,341,1.0,425,2.60332,-0.32198,2.04246
2026-03-24#t2321w2,2026-03-24,Mr. Austin,321,1.0,394,2.22321,1.89222,2.26837
2026-03-24#t2321w3,2026-03-24,Mr. Austin,90,1.0,121,2.3421,0.886,2.13804
2026-03-24#t2322w0,2026-03-24,Ms. Mitton,242,1.0,304,2.22157,2.11019,2.18585
2026-03-24#t2322w1,2026-03-24,Ms. Mitton,292,1.0,351,2.43781,0.85919,2.18394
2026-03-24#t2322w2,2026-03-24,Ms. Mitton,296,1.0,351,2.39584,0.5328,2.08859
2026-03-24#t2322w3,2026-03-24,Ms. Mitton,338,0.604,422,2.42869,1.16092,2.15064
2026-03-24#t2322w4,2026-03-24,Ms. Mitton,247,1.0,294,2.40315,2.57706,2.11998
2026-03-24#t2322w5,2026-03-24,Ms. Mitton,313,0.709,368,2.71304,0.99028,1.98452
2026-03-24#t2322w6,2026-03-24,Ms. Mitton,338,1.0,407,2.52604,1.17902,2.03322
2026-03-24#t2322w7,2026-03-24,Ms. Mitton,311,1.0,372,2.57878,1.13606,2.0577
2026-03-24#t2322w8,2026-03-24,Ms. Mitton,317,1.0,384,2.69775,0.18247,2.03619
2026-03-24#t2322w9,2026-03-24,Ms. Mitton,338,0.84,399,2.49534,0.37057,2.09863
2026-03-24#t2322w10,2026-03-24,Ms. Mitton,286,0.846,340,2.74057,-0.08272,1.99765
2026-03-24#t2322w11,2026-03-24,Ms. Mitton,318,1.0,379,2.50434,-0.14542,2.04323
2026-03-24#t2322w12,2026-03-24,Ms. Mitton,329,1.0,398,2.45571,1.57543,2.11178
2026-03-24#t2322w13,2026-03-24,Ms. Mitton,347,0.896,402,2.32873,1.17039,2.13254
2026-03-24#t2323w0,2026-03-24,Ms. Wilcott,275,1.0,333,2.21314,1.44336,2.12839
2026-03-24#t2323w1,2026-03-24,Ms. Wilcott,350,1.0,431,2.69937,-0.26471,1.9659
2026-03-24#t2323w2,2026-03-24,Ms. Wilcott,298,1.0,394,2.87239,-0.28378,1.88574
2026-03-24#t2323w3,2026-03-24,Ms. Wilcott,330,1.0,413,2.48813,0.64616,2.06714
2026-03-24#t2323w4,2026-03-24,Ms. Wilcott,351,1.0,405,2.59036,-0.17204,2.13273
2026-03-24#t2323w5,2026-03-24,Ms. Wilcott,267,1.0,307,2.38482,0.27348,2.1417
2026-03-24#t2323w6,2026-03-24,Ms. Wilcott,342,1.0,437,2.64492,-1.01544,2.01437
2026-03-24#t2323w7,2026-03-24,Ms. Wilcott,166,1.0,213,2.56462,-1.20756,2.03997
2026-03-24#t2323w8,2026-03-24,Ms. Wilcott,286,1.0,352,2.60684,-0.1065,2.0414
2026-03-24#t2323w9,2026-03-24,Ms. Wilcott,261,1.0,306,3.00397,-1.1317,1.94335
2026-03-24#t2324w0,2026-03-24,Ms. Wilcott,303,1.0,373,2.59528,-0.15116,2.03648
2026-03-24#t2324w1,2026-03-24,Ms. Wilcott,294,1.0,388,2.54378,0.38455,2.08002
2026-03-24#t2324w2,2026-03-24,Ms. Wilcott,198,0.657,245,2.74063,-0.24366,1.93509
2026-03-24#t2325w0,2026-03-24,Ms. S. Wilson,281,1.0,353,2.3346,-0.02384,2.1165
2026-03-24#t2325w1,2026-03-24,Ms. S. Wilson,326,1.0,391,2.76199,-0.21691,1.98591
2026-03-24#t2325w2,2026-03-24,Ms. S. Wilson,310,1.0,370,2.75043,-0.14591,1.97383
2026-03-24#t2325w3,2026-03-24,Ms. S. Wilson,333,1.0,407,2.79272,-0.50155,1.97941
2026-03-24#t2325w4,2026-03-24,Ms. S. Wilson,347,1.0,425,2.55955,1.56864,2.10063
2026-03-24#t2325w5,2026-03-24,Ms. S. Wilson,283,1.0,329,2.88363,-1.34809,2.01337
2026-03-24#t2326w0,2026-03-24,Ms. S. Wilson,88,1.0,102,3.20429,-0.39665,1.97854
2026-03-24#t2327w0,2026-03-24,,350,1.0,413,2.60602,0.90723,2.04128
2026-03-24#t2327w1,2026-03-24,,333,1.0,397,2.82662,1.0929,1.99313
2026-03-24#t2327w2,2026-03-24,,335,1.0,423,2.71473,-0.83265,2.01378
2026-03-24#t2327w3,2026-03-24,,61,1.0,76,3.41213,-0.24364,1.86267
2026-03-24#t2328w0,2026-03-24,Mr. M. LeBlanc,166,1.0,197,2.29482,0.37139,2.23934
2026-03-24#t2329w0,2026-03-24,Mr. M. LeBlanc,68,1.0,78,3.53604,-0.51432,1.92333
2026-03-24#t2330w0,2026-03-24,Mr. M. LeBlanc,98,1.0,112,2.52735,0.31409,1.89622
2026-03-24#t2332w0,2026-03-24,Mr. M. LeBlanc,293,1.0,379,2.41923,-1.10364,2.15115
2026-03-24#t2332w1,2026-03-24,Mr. M. LeBlanc,143,1.0,171,3.44392,-1.96368,1.89205
2026-03-24#t2333w0,2026-03-24,Mr. M. LeBlanc,81,1.0,101,2.89208,-0.87227,1.93122
2026-03-25#t2335w0,2026-03-25,Hon. Mr. D’Amours,161,0.584,188,2.97009,-1.66195,1.89904
2026-03-25#t2337w0,2026-03-25,Mr. Doucet,211,0.0,283,2.25421,-1.1745,1.99466
2026-03-25#t2338w0,2026-03-25,Ms. M. Johnson,214,1.0,257,2.19218,0.8257,2.07173
2026-03-25#t2339w0,2026-03-25,Mr. Coon,162,1.0,219,2.31958,-1.17551,2.02059
2026-03-25#t2340w0,2026-03-25,Ms. Scott-Wallace,176,1.0,242,2.31616,-0.08424,2.01898
2026-03-25#t2341w0,2026-03-25,Hon. Ms. Boudreau,124,0.194,165,2.54983,-0.90096,2.00884
2026-03-25#t2342w0,2026-03-25,Mr. Russell,129,1.0,155,2.21458,0.34458,2.12248
2026-03-25#t2343w0,2026-03-25,Ms. Mitton,132,1.0,183,2.26305,0.36991,2.01097
2026-03-25#t2344w0,2026-03-25,Ms. Wilcott,158,1.0,204,2.61759,-0.12642,2.03328
2026-03-25#t2345w0,2026-03-25,Mr. Hogan,120,0.967,155,2.08275,0.67532,2.12008
2026-03-25#t2346w0,2026-03-25,Mr. Mallet,288,0.747,354,2.12275,0.32766,2.08078
2026-03-25#t2347w0,2026-03-25,Mr. Ames,175,1.0,213,2.88107,-1.20031,1.98055
2026-03-25#t2348w0,2026-03-25,Mr. Coon,186,1.0,233,2.82928,1.14343,1.98666
2026-03-25#t2349w0,2026-03-25,Mr. Doucet,165,1.0,201,2.29647,0.24078,2.09936
2026-03-25#t2350w0,2026-03-25,Ms. M. Wilson,150,1.0,196,1.8321,1.86573,2.26532
2026-03-25#t2351w0,2026-03-25,Mr. J. LeBlanc,137,0.54,171,2.5649,0.44058,2.02203
2026-03-25#t2352w0,2026-03-25,Mr. Lee,186,1.0,267,3.10877,-0.33353,1.83637
2026-03-25#t2353w0,2026-03-25,Ms. Vautour,148,0.439,189,2.43941,0.0903,2.13028
2026-03-25#t2354w0,2026-03-25,Ms. Bockus,140,1.0,171,2.1538,-0.44301,2.06473
2026-03-25#t2355w0,2026-03-25,Mr. Robichaud,159,0.528,194,2.21554,0.44559,2.08221
2026-03-25#t2356w0,2026-03-25,Mr. Monahan,138,1.0,178,2.21215,0.9008,2.07034
2026-03-25#t2357w0,2026-03-25,Mr. Savoie,169,0.953,215,2.51409,-1.05545,2.11645
2026-03-25#t2358w0,2026-03-25,Hon. Ms. Holt,150,1.0,168,2.8368,-1.78024,2.04736
2026-03-25#t2359w0,2026-03-25,Mr. Savoie,157,1.0,188,2.99264,0.50612,2.03098
2026-03-25#t2360w0,2026-03-25,Hon. Ms. Holt,149,0.0,178,2.62484,1.6407,2.0294
2026-03-25#t2361w0,2026-03-25,Mr. Savoie,161,0.963,198,2.67232,-0.00528,2.0143
2026-03-25#t2362w0,2026-03-25,Hon. Ms. Holt,169,0.444,199,2.4335,1.74089,2.07686
2026-03-25#t2363w0,2026-03-25,Mr. Hogan,128,1.0,157,2.75124,-0.27046,2.02327
2026-03-25#t2364w0,2026-03-25,Hon. Mr. Dornan,114,1.0,135,2.88474,0.31799,2.05738
2026-03-25#t2365w0,2026-03-25,Mr. Hogan,131,1.0,156,2.46174,0.95968,1.98489
2026-03-25#t2366w0,2026-03-25,Hon. Mr. Dornan,103,1.0,130,2.74785,-0.05655,2.0064
2026-03-25#t2367w0,2026-03-25,Mr. Hogan,154,1.0,192,2.6975,-1.0921,1.94745
2026-03-25#t2368w0,2026-03-25,Hon. Mr. Dornan,104,1.0,137,2.60366,1.40393,2.10647
2026-03-25#t2369w0,2026-03-25,Ms. M. Johnson,169,1.0,227,2.0829,2.24209,2.189
2026-03-25#t2370w0,2026-03-25,Hon. Ms. Boudreau,110,0.0,127,2.65212,0.26987,2.05041
2026-03-25#t2371w0,2026-03-25,Ms. M. Johnson,125,0.952,161,2.28479,1.1125,2.09663
2026-03-25#t2372w0,2026-03-25,Hon. Ms. Boudreau,117,0.0,133,2.51494,-0.52776,2.1695
2026-03-25#t2373w0,2026-03-25,Ms. M. Johnson,136,1.0,188,2.54064,0.48752,2.1167
2026-03-25#t2374w0,2026-03-25,Hon. Ms. Boudreau,157,0.0,180,2.71041,0.81332,2.01646
2026-03-25#t2375w0,2026-03-25,Ms. Mitton,150,1.0,174,2.88386,-1.75366,1.91762
2026-03-25#t2376w0,2026-03-25,Hon. Mr. Legacy,143,1.0,173,2.60593,-0.46819,2.06357
2026-03-25#t2378w0,2026-03-25,Ms. Mitton,158,1.0,190,3.0041,-0.31302,1.95503
2026-03-25#t2379w0,2026-03-25,Hon. Mr. Randall,148,1.0,181,2.82505,-3.02433,1.98107
2026-03-25#t2380w0,2026-03-25,Ms. Mitton,111,0.099,128,3.20344,-1.29453,1.97718
2026-03-25#t2381w0,2026-03-25,Hon. Mr. Legacy,108,0.0,125,2.87316,-0.72385,1.98701
2026-03-25#t2382w0,2026-03-25,Ms. M. Wilson,175,1.0,209,2.90224,-3.37812,1.88201
2026-03-25#t2383w0,2026-03-25,Hon. Ms. Thériault,140,0.0,173,2.68195,-0.168,2.0242
2026-03-25#t2384w0,2026-03-25,Ms. M. Wilson,171,1.0,218,2.84927,-0.62827,1.97684
2026-03-25#t2385w0,2026-03-25,Hon. Ms. Thériault,133,0.0,157,2.92128,-1.11157,1.92037
2026-03-25#t2386w0,2026-03-25,Ms. M. Wilson,72,1.0,97,2.8115,-0.09159,1.97373
2026-03-25#t2387w0,2026-03-25,Hon. Ms. Thériault,162,0.0,195,2.60093,-0.06109,2.00577
2026-03-25#t2388w0,2026-03-25,Mr. Savoie,151,0.96,182,2.91451,-1.23465,1.98441
2026-03-25#t2389w0,2026-03-25,Hon. Ms. Holt,193,1.0,232,2.89039,-0.98054,2.0178
2026-03-25#t2391w0,2026-03-25,Hon. Mr. D’Amours,270,0.304,322,2.37589,1.4286,2.10289
2026-03-25#t2392w0,2026-03-25,Ms. M. Wilson,260,1.0,326,2.48143,0.94568,2.065
2026-03-25#t2393w0,2026-03-25,Mr. Coon,216,0.931,260,2.32956,-0.80699,2.09938
2026-03-25#t2394w0,2026-03-25,Hon. Ms. Boudreau,181,0.0,224,2.28288,0.91148,2.05485
2026-03-25#t2395w0,2026-03-25,Ms. M. Johnson,238,0.975,290,2.60953,-1.04574,1.99635
2026-03-25#t2396w0,2026-03-25,Ms. Mitton,209,0.981,254,2.18038,0.2458,2.1234
2026-03-25#t2397w0,2026-03-25,Hon. Mr. Kennedy,270,0.667,340,2.00296,0.8638,2.13723
2026-03-25#t2398w0,2026-03-25,Mr. Russell,240,1.0,289,2.24474,0.21351,2.08378
2026-03-25#t2399w0,2026-03-25,Mr. Coon,221,0.982,282,2.42544,1.43032,2.0721
2026-03-25#t2400w0,2026-03-25,Ms. S. Wilson,98,1.0,122,2.59889,0.05185,2.03674
2026-03-25#t2401w0,2026-03-25,Ms. S. Wilson read the following,53,1.0,71,3.56731,-0.46647,1.70317
2026-03-25#t2402w0,2026-03-25,Mr. Savoie,205,0.859,245,2.69527,-0.1745,2.01596
2026-03-25#t2403w0,2026-03-25,Hon. Mr. D’Amours,116,0.284,135,2.54371,-0.12736,1.97974
2026-03-25#t2405w0,2026-03-25,Ms. Mitton,87,0.713,115,1.86202,1.12189,2.20075
2026-03-25#t2406w0,2026-03-25,Mr. M. LeBlanc,318,0.774,382,2.54204,0.33122,2.15298
2026-03-25#t2406w1,2026-03-25,Mr. M. LeBlanc,139,1.0,179,2.55585,0.20474,1.95331
2026-03-25#t2407w0,2026-03-25,Madam Speaker,315,0.603,381,2.00312,1.92357,2.19895
2026-03-25#t2407w1,2026-03-25,Madam Speaker,179,0.497,208,2.32507,0.52395,2.12577
2026-03-25#t2408w0,2026-03-25,Mr. Weir,312,1.0,373,2.37666,0.59145,2.10759
2026-03-25#t2408w1,2026-03-25,Mr. Weir,147,1.0,190,2.63435,0.81305,1.9801
2026-03-25#t2409w0,2026-03-25,Mr. Coon,109,0.963,138,2.63462,-1.50415,2.09159
2026-03-25#t2410w0,2026-03-25,Madam Speaker,356,0.469,432,2.23269,0.55261,2.14477
2026-03-25#t2411w0,2026-03-25,Mr. Weir,345,1.0,411,2.35884,0.33548,2.10278
2026-03-25#t2412w0,2026-03-25,Mr. Coon,359,1.0,421,2.44932,-0.78911,2.06801
2026-03-25#t2412w1,2026-03-25,Mr. Coon,186,0.355,228,2.01984,1.17908,2.03822
2026-03-25#t2413w0,2026-03-25,Mr. Weir,315,1.0,400,2.57887,0.11703,2.07908
2026-03-25#t2414w0,2026-03-25,Mr. Coon,96,0.688,123,2.21091,-0.36283,2.10345
2026-03-25#t2417w0,2026-03-25,Madam Speaker,360,0.156,473,3.20029,-0.32438,1.94166
2026-03-25#t2417w1,2026-03-25,Madam Speaker,351,0.0,448,2.35762,0.43335,2.09139
2026-03-25#t2417w2,2026-03-25,Madam Speaker,278,0.0,343,2.48156,0.55934,2.0587
2026-03-25#t2417w3,2026-03-25,Madam Speaker,348,0.0,429,2.57405,0.86969,2.0083
2026-03-25#t2417w4,2026-03-25,Madam Speaker,320,0.0,416,2.54895,0.81875,2.06404
2026-03-25#t2417w5,2026-03-25,Madam Speaker,352,0.0,446,2.38961,1.22154,2.06101
2026-03-25#t2417w6,2026-03-25,Madam Speaker,333,1.0,413,2.511,-0.418,2.05159
2026-03-25#t2417w7,2026-03-25,Madam Speaker,230,1.0,314,2.38536,0.68615,2.18537
2026-03-25#t2418w0,2026-03-25,Mr. M. LeBlanc,291,1.0,361,2.51929,0.67165,2.09335
2026-03-25#t2418w1,2026-03-25,Mr. M. LeBlanc,302,1.0,374,2.63721,1.2853,2.00165
2026-03-25#t2418w2,2026-03-25,Mr. M. LeBlanc,280,0.732,345,2.6482,-0.6976,2.02915
2026-03-25#t2418w3,2026-03-25,Mr. M. LeBlanc,256,0.469,317,2.62543,-0.23529,1.95924
2026-03-25#t2418w4,2026-03-25,Mr. M. LeBlanc,289,0.0,395,2.55605,0.07425,2.01358
2026-03-25#t2418w5,2026-03-25,Mr. M. LeBlanc,329,0.0,407,2.4435,-0.21824,2.05302
2026-03-25#t2418w6,2026-03-25,Mr. M. LeBlanc,345,0.0,433,2.43785,1.32142,2.09236
2026-03-25#t2418w7,2026-03-25,Mr. M. LeBlanc,50,0.0,73,2.18075,0.59647,1.93388
2026-03-25#t2419w0,2026-03-25,Ms. Scott-Wallace,260,1.0,330,2.493,1.00979,2.13342
2026-03-25#t2419w1,2026-03-25,Ms. Scott-Wallace,287,1.0,372,2.41549,-0.29684,2.10225
2026-03-25#t2419w2,2026-03-25,Ms. Scott-Wallace,261,1.0,334,2.75293,-0.46113,1.94687
2026-03-25#t2419w3,2026-03-25,Ms. Scott-Wallace,290,1.0,360,2.62102,-1.2525,2.08374
2026-03-25#t2419w4,2026-03-25,Ms. Scott-Wallace,338,1.0,408,2.55193,1.39658,2.09997
2026-03-25#t2419w5,2026-03-25,Ms. Scott-Wallace,176,1.0,204,3.04923,-0.87641,1.92526
2026-03-25#t2420w0,2026-03-25,Ms. Scott-Wallace,302,1.0,374,3.01403,-0.2912,1.88455
2026-03-25#t2420w1,2026-03-25,Ms. Scott-Wallace,333,1.0,404,2.67164,-0.46691,2.0643
2026-03-25#t2420w2,2026-03-25,Ms. Scott-Wallace,292,1.0,354,2.68424,1.81111,1.99028
2026-03-25#t2420w3,2026-03-25,Ms. Scott-Wallace,305,1.0,367,2.76571,0.32929,1.95378
2026-03-25#t2420w4,2026-03-25,Ms. Scott-Wallace,344,1.0,440,2.92692,-1.07166,1.96285
2026-03-25#t2421w0,2026-03-25,Ms. Scott-Wallace,282,1.0,333,2.97645,0.39267,1.9439
2026-03-25#t2421w1,2026-03-25,Ms. Scott-Wallace,330,1.0,404,2.91543,-0.59535,2.00561
2026-03-25#t2422w0,2026-03-25,Ms. Scott-Wallace,313,1.0,388,2.83426,0.11058,2.00573
2026-03-25#t2422w1,2026-03-25,Ms. Scott-Wallace,275,1.0,329,2.48658,1.78524,2.09224
2026-03-25#t2422w2,2026-03-25,Ms. Scott-Wallace,340,1.0,440,2.70943,-0.67439,2.00953
2026-03-25#t2423w0,2026-03-25,Mr. Doucet,329,0.195,398,2.56495,0.31386,2.06138
2026-03-25#t2423w1,2026-03-25,Mr. Doucet,334,0.192,424,2.56718,1.32549,2.05278
2026-03-25#t2423w2,2026-03-25,Mr. Doucet,325,0.0,398,2.65311,0.2171,2.03029
2026-03-25#t2423w3,2026-03-25,Mr. Doucet,334,0.048,401,2.52051,1.04577,2.07899
2026-03-25#t2423w4,2026-03-25,Mr. Doucet,348,0.494,433,2.4752,0.31009,1.96607
2026-03-25#t2423w5,2026-03-25,Mr. Doucet,336,0.491,412,2.53553,-1.03554,2.0361
2026-03-25#t2423w6,2026-03-25,Mr. Doucet,322,0.18,388,2.76184,0.19212,2.01544
2026-03-25#t2423w7,2026-03-25,Mr. Doucet,320,0.0,398,2.25165,0.10687,2.06436
2026-03-25#t2423w8,2026-03-25,Mr. Doucet,287,0.369,370,2.79418,-0.3199,1.94488
2026-03-25#t2424w0,2026-03-25,Mr. Doucet,86,0.5,107,3.45785,0.30147,1.87534
2026-03-25#t2425w0,2026-03-25,Mr. Doucet,359,0.284,436,2.60361,0.51449,1.98775
2026-03-25#t2425w1,2026-03-25,Mr. Doucet,336,0.128,430,2.60907,-1.16169,1.95906
2026-03-25#t2425w2,2026-03-25,Mr. Doucet,77,0.117,95,3.02774,-1.20832,1.98862
2026-03-25#t2426w0,2026-03-25,Mr. Hogan,61,1.0,74,3.36925,-1.29517,1.8751
2026-03-25#t2427w0,2026-03-25,Mr. Hogan,79,1.0,112,3.25781,-0.33424,1.87468
2026-03-25#t2428w0,2026-03-25,Mr. Hogan,241,1.0,303,2.75809,0.02653,2.09179
2026-03-25#t2428w1,2026-03-25,Mr. Hogan,281,1.0,347,2.50685,1.22848,2.09195
2026-03-25#t2428w2,2026-03-25,Mr. Hogan,319,1.0,405,2.46545,0.71397,2.11566
2026-03-25#t2429w0,2026-03-25,Mr. Hogan,217,1.0,258,2.74305,0.36221,2.01554
2026-03-25#t2430w0,2026-03-25,Mr. Hogan,56,1.0,73,2.91046,-0.0427,1.91076
2026-03-25#t2431w0,2026-03-25,Mr. Hogan,207,1.0,253,2.72159,0.0694,2.00336
2026-03-25#t2432w0,2026-03-25,Mr. Hogan,338,1.0,426,2.67291,-0.67139,2.07216
2026-03-25#t2432w1,2026-03-25,Mr. Hogan,253,1.0,308,2.3846,0.82584,2.14383
2026-03-25#t2432w2,2026-03-25,Mr. Hogan,354,1.0,463,2.2299,1.0486,2.13988
2026-03-25#t2432w3,2026-03-25,Mr. Hogan,278,1.0,367,2.56009,0.59979,2.0677
2026-03-25#t2432w4,2026-03-25,Mr. Hogan,88,1.0,121,2.49975,0.15526,2.12543
2026-03-25#t2433w0,2026-03-25,Mr. Hogan,314,1.0,428,2.46293,0.75743,2.07326
2026-03-25#t2433w1,2026-03-25,Mr. Hogan,311,1.0,403,2.58013,0.06422,2.03618
2026-03-25#t2433w2,2026-03-25,Mr. Hogan,120,1.0,153,3.17489,-0.18547,1.9415
2026-03-25#t2435w0,2026-03-25,Mr. Hogan,74,1.0,90,3.38962,-0.45755,1.86496
2026-03-25#t2436w0,2026-03-25,Mr. Hogan,101,1.0,129,2.98896,-0.45584,1.94041
2026-03-25#t2440w0,2026-03-25,Mr. Hogan,132,1.0,177,2.97269,-0.64844,1.91113
2026-03-25#t2441w0,2026-03-25,Mr. Hogan,220,1.0,282,2.90455,-0.64056,1.94763
2026-03-25#t2442w0,2026-03-25,Mr. Hogan,60,1.0,79,2.76462,0.06479,1.95122
2026-03-25#t2444w0,2026-03-25,Hon. Mr. Hickey,356,0.868,434,2.76836,-1.61989,1.98016
2026-03-25#t2444w1,2026-03-25,Hon. Mr. Hickey,290,0.866,331,2.85902,-0.72357,1.94427
2026-03-25#t2444w2,2026-03-25,Hon. Mr. Hickey,355,0.893,427,2.51395,0.83701,2.06301
2026-03-25#t2444w3,2026-03-25,Hon. Mr. Hickey,301,0.914,354,2.71254,-0.93412,1.99405
2026-03-25#t2444w4,2026-03-25,Hon. Mr. Hickey,302,1.0,356,2.82306,0.19271,2.03041
2026-03-25#t2444w5,2026-03-25,Hon. Mr. Hickey,312,0.917,369,2.68292,0.06937,2.03928
2026-03-25#t2444w6,2026-03-25,Hon. Mr. Hickey,287,0.847,350,2.72962,-0.93643,2.06795
2026-03-25#t2444w7,2026-03-25,Hon. Mr. Hickey,342,1.0,406,2.88129,0.34043,1.968
2026-03-25#t2444w8,2026-03-25,Hon. Mr. Hickey,347,0.847,413,2.6102,-0.57248,2.03977
2026-03-25#t2444w9,2026-03-25,Hon. Mr. Hickey,346,1.0,396,2.63663,-0.34582,2.02841
2026-03-25#t2444w10,2026-03-25,Hon. Mr. Hickey,328,1.0,391,2.90998,-1.85904,2.02808
2026-03-25#t2444w11,2026-03-25,Hon. Mr. Hickey,303,0.881,346,2.76322,0.91482,2.02478
2026-03-25#t2444w12,2026-03-25,Hon. Mr. Hickey,316,1.0,363,2.96628,-1.6503,1.96704
2026-03-25#t2444w13,2026-03-25,Hon. Mr. Hickey,328,1.0,388,2.77593,0.80146,2.00914
2026-03-25#t2444w14,2026-03-25,Hon. Mr. Hickey,318,1.0,388,2.65066,-0.20249,2.04871
2026-03-25#t2444w15,2026-03-25,Hon. Mr. Hickey,57,1.0,70,2.90713,-0.59567,2.00953
2026-03-25#t2446w0,2026-03-25,Ms. Conroy,333,1.0,394,2.19296,-0.24704,2.22615
2026-03-25#t2446w1,2026-03-25,Ms. Conroy,345,1.0,401,2.26981,2.06931,2.16438
2026-03-25#t2446w2,2026-03-25,Ms. Conroy,346,1.0,404,2.27506,0.7704,2.14421
2026-03-25#t2446w3,2026-03-25,Ms. Conroy,307,1.0,388,2.45462,-0.12075,2.03323
2026-03-25#t2446w4,2026-03-25,Ms. Conroy,356,1.0,469,2.41139,-0.13923,2.0865
2026-03-25#t2446w5,2026-03-25,Ms. Conroy,344,1.0,412,2.53507,-0.0877,2.07133
2026-03-25#t2446w6,2026-03-25,Ms. Conroy,329,1.0,403,2.31831,1.24839,2.09775
2026-03-25#t2446w7,2026-03-25,Ms. Conroy,86,1.0,118,2.28008,1.28845,1.99495
2026-03-25#t2447w0,2026-03-25,Ms. Conroy,111,1.0,146,3.32841,-1.61686,1.84449
2026-03-25#t2448w0,2026-03-25,Ms. Conroy,211,1.0,244,2.87196,-0.03034,1.99977
2026-03-25#t2449w0,2026-03-25,Ms. Conroy,307,1.0,364,2.65435,-0.08118,2.02956
2026-03-25#t2449w1,2026-03-25,Ms. Conroy,278,1.0,336,2.6127,0.4515,2.05572
2026-03-25#t2449w2,2026-03-25,Ms. Conroy,352,1.0,434,2.54541,0.4528,2.06366
2026-03-25#t2449w3,2026-03-25,Ms. Conroy,110,1.0,141,2.8256,0.21277,2.02222
2026-03-25#t2450w0,2026-03-25,Ms. Conroy,352,1.0,407,2.2865,1.1653,2.11465
2026-03-25#t2451w0,2026-03-25,Ms. Conroy,249,1.0,294,2.70881,0.34089,2.00936
2026-03-25#t2452w0,2026-03-25,,217,1.0,257,2.67713,1.24344,2.02582
2026-03-25#t2453w0,2026-03-25,Ms. Conroy,313,1.0,382,2.64056,-0.35407,2.03939
2026-03-25#t2453w1,2026-03-25,Ms. Conroy,337,1.0,412,2.7955,0.27091,1.97841
2026-03-25#t2453w2,2026-03-25,Ms. Conroy,324,1.0,375,2.29411,-0.34067,2.07721
2026-03-25#t2453w3,2026-03-25,Ms. Conroy,246,1.0,295,2.35154,0.40218,2.02443
2026-03-25#t2454w0,2026-03-25,Mr. Robichaud,350,0.169,452,2.3402,-1.17667,2.11207
2026-03-25#t2454w1,2026-03-25,Mr. Robichaud,289,0.159,380,2.52835,-0.16517,2.10849
2026-03-25#t2454w2,2026-03-25,Mr. Robichaud,359,0.0,452,2.61039,-0.53485,2.02833
2026-03-25#t2454w3,2026-03-25,Mr. Robichaud,349,0.0,437,2.60797,0.46175,2.05642
2026-03-25#t2454w4,2026-03-25,Mr. Robichaud,344,0.0,466,2.1485,2.14454,2.1359
2026-03-25#t2454w5,2026-03-25,Mr. Robichaud,69,0.391,101,2.83552,-0.6323,1.94377
2026-03-26#t2459w0,2026-03-26,Hon. Mr. Kennedy,104,1.0,141,2.22114,-0.06976,2.05971
2026-03-26#t2460w0,2026-03-26,Hon. Ms. Boudreau,98,0.0,130,2.21776,0.58232,2.08677
2026-03-26#t2462w0,2026-03-26,Mr. Arseneault,150,0.0,185,2.05666,1.71636,2.10838
2026-03-26#t2464w0,2026-03-26,Mr. Savoie,195,1.0,240,2.35463,1.32877,1.97933
2026-03-26#t2465w0,2026-03-26,Hon. Mr. Herron,353,1.0,447,2.62999,-0.11838,1.98568
2026-03-26#t2465w1,2026-03-26,Hon. Mr. Herron,54,1.0,68,2.83283,0.81246,1.86097
2026-03-26#t2466w0,2026-03-26,Ms. M. Johnson,231,1.0,302,2.06627,1.71427,2.10872
2026-03-26#t2467w0,2026-03-26,Mr. Oliver,280,1.0,344,2.43797,0.56381,2.07848
2026-03-26#t2468w0,2026-03-26,Ms. Vautour,160,0.312,201,2.65318,0.32831,2.02121
2026-03-26#t2469w0,2026-03-26,Ms. Scott-Wallace,182,1.0,218,2.25658,1.24736,2.03224
2026-03-26#t2470w0,2026-03-26,Mr. Coon,173,1.0,220,2.27273,0.40256,2.08401
2026-03-26#t2471w0,2026-03-26,Mr. J. LeBlanc,180,0.556,215,2.07065,1.61641,2.09075
2026-03-26#t2472w0,2026-03-26,Ms. Mitton,175,1.0,212,2.17019,0.22762,2.13335
2026-03-26#t2473w0,2026-03-26,Ms. Scott-Wallace,140,0.971,173,2.79344,-1.04496,1.98529
2026-03-26#t2474w0,2026-03-26,Ms. Mitton,187,0.754,229,2.3995,0.61788,2.06085
2026-03-26#t2475w0,2026-03-26,Mr. Johnston,157,0.726,207,2.76466,-1.26244,1.93167
2026-03-26#t2476w0,2026-03-26,Mr. Weir,166,1.0,204,2.57174,-2.07445,2.00444
2026-03-26#t2477w0,2026-03-26,Mr. Arseneault,148,0.385,186,2.30913,1.30134,2.04071
2026-03-26#t2478w0,2026-03-26,Ms. Conroy,161,1.0,190,2.6208,-0.05468,2.04995
2026-03-26#t2479w0,2026-03-26,Mr. M. LeBlanc,174,1.0,216,2.57046,0.72084,2.01168
2026-03-26#t2480w0,2026-03-26,Mr. Austin,151,1.0,192,2.80176,-1.84359,1.91183
2026-03-26#t2481w0,2026-03-26,Mr. Doucet,163,0.252,197,2.50818,0.98055,2.13164
2026-03-26#t2482w0,2026-03-26,Mr. Hogan,153,1.0,202,3.21157,-2.42816,1.89227
2026-03-26#t2483w0,2026-03-26,Mr. Savoie,93,0.935,108,2.49267,0.60565,1.98015
2026-03-26#t2484w0,2026-03-26,Hon. Mr. Dornan,150,1.0,190,2.67189,-0.20662,2.07221
2026-03-26#t2485w0,2026-03-26,Mr. Savoie,100,1.0,125,2.79662,-0.83976,2.00842
2026-03-26#t2486w0,2026-03-26,Hon. Mr. Dornan,109,1.0,134,2.64517,0.62994,2.08105
2026-03-26#t2487w0,2026-03-26,Mr. Savoie,73,1.0,96,3.40794,-2.00509,1.8437
2026-03-26#t2488w0,2026-03-26,Hon. Mr. Dornan,131,1.0,161,2.63253,-0.92738,2.0175
2026-03-26#t2489w0,2026-03-26,Mr. Savoie,70,1.0,84,3.27503,-0.94306,1.98027
2026-03-26#t2490w0,2026-03-26,Hon. Mr. Dornan,116,1.0,131,2.73611,-0.34105,2.05877
2026-03-26#t2491w0,2026-03-26,Mr. Savoie,56,1.0,70,3.69704,-2.23241,1.85672
2026-03-26#t2492w0,2026-03-26,Hon. Ms. Holt,189,1.0,227,2.49506,0.93282,2.03026
2026-03-26#t2493w0,2026-03-26,Mr. Savoie,86,1.0,120,3.46849,-1.67657,1.77922
2026-03-26#t2494w0,2026-03-26,Mr. Savoie,136,1.0,177,2.90487,-1.05416,1.89412
2026-03-26#t2495w0,2026-03-26,Hon. Ms. Holt,151,0.0,187,2.59658,0.22935,2.00836
2026-03-26#t2496w0,2026-03-26,Mr. Savoie,133,1.0,162,2.75758,-0.78101,1.93019
2026-03-26#t2497w0,2026-03-26,Hon. Ms. Holt,198,1.0,242,2.53318,-1.20404,2.05177
2026-03-26#t2498w0,2026-03-26,Mr. Savoie,85,1.0,114,3.51214,-2.64083,1.79448
2026-03-26#t2499w0,2026-03-26,Hon. Mr. Dornan,133,1.0,166,2.79625,-0.87772,2.02438
2026-03-26#t2500w0,2026-03-26,Mr. Savoie,106,1.0,130,3.01382,-0.35787,1.99724
2026-03-26#t2501w0,2026-03-26,Hon. Ms. Holt,193,1.0,226,2.88411,-1.32855,2.00719
2026-03-26#t2502w0,2026-03-26,Mr. Savoie,144,1.0,177,3.01966,-1.20652,1.89511
2026-03-26#t2503w0,2026-03-26,Hon. Mr. Kennedy,179,1.0,236,2.48002,-0.39751,2.01067
2026-03-26#t2504w0,2026-03-26,Mr. Savoie,121,1.0,154,2.80619,-1.15397,2.00451
2026-03-26#t2505w0,2026-03-26,Hon. Mr. Dornan,141,1.0,186,2.88451,-0.9347,2.00305
2026-03-26#t2506w0,2026-03-26,Mr. Hogan,129,1.0,165,3.12663,0.17777,1.90036
2026-03-26#t2507w0,2026-03-26,Hon. Mr. Kennedy,189,0.667,242,2.32187,0.97377,2.07091
2026-03-26#t2508w0,2026-03-26,Mr. Hogan,162,1.0,217,3.28057,-1.67915,1.87668
2026-03-26#t2509w0,2026-03-26,Hon. Mr. Dornan,178,1.0,219,3.15863,-1.4026,1.96499
2026-03-26#t2510w0,2026-03-26,Mr. Hogan,122,1.0,150,2.93013,-0.33754,2.06989
2026-03-26#t2511w0,2026-03-26,Hon. Ms. Holt,205,1.0,249,2.501,0.27937,2.03866
2026-03-26#t2512w0,2026-03-26,Mr. Coon,166,1.0,206,3.13408,-1.36171,1.94035
2026-03-26#t2513w0,2026-03-26,Hon. Mr. D’Amours,131,0.0,156,2.39353,1.20406,2.08057
2026-03-26#t2514w0,2026-03-26,M. Coon,114,0.0,144,3.04585,-1.49012,1.91383
2026-03-26#t2515w0,2026-03-26,Hon. Mr. D’Amours,193,0.0,238,2.5438,-0.36618,2.07126
2026-03-26#t2516w0,2026-03-26,Mr. Monahan,179,1.0,216,2.65552,-0.37883,1.97298
2026-03-26#t2517w0,2026-03-26,Hon. Mr. Legacy,147,1.0,198,2.90826,-0.90335,2.0244
2026-03-26#t2519w0,2026-03-26,Mr. M. LeBlanc,74,1.0,100,2.34798,1.18688,2.14379
2026-03-26#t2522w0,2026-03-26,Madam Speaker,67,1.0,76,2.55267,0.80391,2.09525
2026-03-26#t2523w0,2026-03-26,Hon. Mr. Randall,96,1.0,120,2.67892,-1.36478,1.90615
2026-03-26#t2525w0,2026-03-26,Mr. Coon,119,1.0,162,2.52817,0.24085,2.06905
2026-03-26#t2526w0,2026-03-26,Ms. Mitton,224,1.0,293,2.39338,-0.44903,2.08058
2026-03-26#t2527w0,2026-03-26,Hon. Ms. Boudreau,236,0.436,296,2.26239,0.65983,2.14183
2026-03-26#t2528w0,2026-03-26,Ms. M. Johnson,290,1.0,364,2.70055,-1.24119,1.97351
2026-03-26#t2528w1,2026-03-26,Ms. M. Johnson,92,1.0,109,2.84467,1.14552,2.01407
2026-03-26#t2529w0,2026-03-26,Ms. Mitton,235,0.63,279,2.40974,0.72951,2.17548
2026-03-26#t2530w0,2026-03-26,Hon. Mr. D’Amours,206,0.126,269,2.00082,0.10164,2.15215
2026-03-26#t2531w0,2026-03-26,Ms. M. Wilson,236,1.0,297,2.33753,0.23266,2.05107
2026-03-26#t2532w0,2026-03-26,Mr. Coon,146,0.842,199,2.2475,1.59497,2.11163
2026-03-26#t2533w0,2026-03-26,Hon. Ms. Thériault,149,0.503,186,2.50147,0.13935,1.97143
2026-03-26#t2534w0,2026-03-26,Ms. M. Wilson,167,1.0,211,2.50177,-0.51281,1.96285
2026-03-26#t2535w0,2026-03-26,Mr. Coon,168,1.0,205,2.52637,-1.09661,2.02307
2026-03-26#t2536w0,2026-03-26,Hon. Mr. Finnigan,301,0.508,370,2.15807,0.25267,2.12788
2026-03-26#t2537w0,2026-03-26,Ms. Scott-Wallace,280,1.0,330,2.66194,-0.62423,2.02009
2026-03-26#t2538w0,2026-03-26,Ms. Mitton,262,0.893,306,2.57004,-0.17522,1.97727
2026-03-26#t2539w0,2026-03-26,Hon. C. Johnson,188,0.574,239,2.53528,-1.52551,1.97912
2026-03-26#t2540w0,2026-03-26,Mr. Lee,172,1.0,201,2.95255,-1.73029,1.94382
2026-03-26#t2541w0,2026-03-26,Ms. Mitton,162,0.84,184,2.45072,0.68807,2.12225
2026-03-26#t2542w0,2026-03-26,Mr. Ames,101,1.0,130,2.58848,0.08371,1.99597
2026-03-26#t2543w0,2026-03-26,Ms. Scott-Wallace,225,1.0,281,2.60464,-0.22947,2.07272
2026-03-26#t2544w0,2026-03-26,Mr. Coon,323,1.0,427,2.39787,-0.92884,2.05861
2026-03-26#t2544w1,2026-03-26,Mr. Coon,340,0.891,463,2.30399,-0.51504,2.09845
2026-03-26#t2544w2,2026-03-26,Mr. Coon,298,1.0,378,2.8275,-2.17851,1.94806
2026-03-26#t2544w3,2026-03-26,Mr. Coon,279,1.0,343,2.77774,-2.47824,1.99604
2026-03-26#t2544w4,2026-03-26,Mr. Coon,334,1.0,400,2.55232,-0.28391,2.08113
2026-03-26#t2544w5,2026-03-26,Mr. Coon,348,1.0,426,2.7001,-1.1995,2.00712
2026-03-26#t2544w6,2026-03-26,Mr. Coon,249,1.0,308,2.91177,-0.77944,2.01026
2026-03-26#t2545w0,2026-03-26,Mr. Bourque,336,0.006,412,2.56002,0.01846,2.04278
2026-03-26#t2545w1,2026-03-26,Mr. Bourque,314,0.064,380,2.37462,1.3555,2.07595
2026-03-26#t2545w2,2026-03-26,Mr. Bourque,310,0.0,373,2.64856,0.71153,2.10173
2026-03-26#t2545w3,2026-03-26,Mr. Bourque,110,0.0,132,2.31423,2.38582,2.18354
2026-03-26#t2546w0,2026-03-26,Mr. Austin,296,1.0,352,2.47527,0.49452,2.08669
2026-03-26#t2546w1,2026-03-26,Mr. Austin,342,1.0,431,2.54945,0.65036,2.08497
2026-03-26#t2546w2,2026-03-26,Mr. Austin,308,1.0,394,2.73613,-0.86305,2.06463
2026-03-26#t2546w3,2026-03-26,Mr. Austin,314,1.0,381,2.60049,-0.81464,2.04928
2026-03-26#t2546w4,2026-03-26,Mr. Austin,319,0.893,413,2.45033,0.36044,2.05797
2026-03-26#t2546w5,2026-03-26,Mr. Austin,304,0.839,379,2.25038,1.68152,2.12627
2026-03-26#t2546w6,2026-03-26,Mr. Austin,327,0.924,398,2.6208,0.08723,2.02375
2026-03-26#t2546w7,2026-03-26,Mr. Austin,359,0.844,431,2.66564,-0.20194,1.97201
2026-03-26#t2546w8,2026-03-26,Mr. Austin,301,0.827,343,2.44231,0.33499,2.10042
2026-03-26#t2546w9,2026-03-26,Mr. Austin,340,1.0,409,2.77159,-0.64104,2.00969
2026-03-26#t2546w10,2026-03-26,Mr. Austin,312,1.0,400,2.58077,-0.54481,1.98892
2026-03-26#t2546w11,2026-03-26,Mr. Austin,305,1.0,353,2.59057,-0.2789,2.06349
2026-03-26#t2546w12,2026-03-26,Mr. Austin,228,1.0,261,2.54667,0.90804,2.05956
2026-03-26#t2548w0,2026-03-26,Hon. Mr. LePage,316,0.335,372,2.31828,0.55572,2.08834
2026-03-26#t2548w1,2026-03-26,Hon. Mr. LePage,302,0.745,357,2.62715,-0.23546,2.02953
2026-03-26#t2548w2,2026-03-26,Hon. Mr. LePage,320,0.428,377,2.5719,0.38397,1.99855
2026-03-26#t2548w3,2026-03-26,Hon. Mr. LePage,331,0.535,387,2.77684,1.05021,2.01733
2026-03-26#t2548w4,2026-03-26,Hon. Mr. LePage,274,0.051,325,2.52908,1.20402,2.06047
2026-03-26#t2548w5,2026-03-26,Hon. Mr. LePage,141,0.0,171,2.96923,-0.26653,1.93371
2026-03-26#t2549w0,2026-03-26,Ms. S. Wilson,306,1.0,374,2.25947,0.83381,2.04634
2026-03-26#t2549w1,2026-03-26,Ms. S. Wilson,310,1.0,362,2.89528,0.86069,1.91461
2026-03-26#t2550w0,2026-03-26,Ms. Mitton,308,0.987,378,2.20935,0.56234,2.1412
2026-03-26#t2550w1,2026-03-26,Ms. Mitton,339,0.735,390,2.53935,0.23283,2.11302
2026-03-26#t2550w2,2026-03-26,Ms. Mitton,315,0.898,389,2.89699,-1.15569,1.96615
2026-03-26#t2550w3,2026-03-26,Ms. Mitton,326,0.828,399,2.51952,0.33454,2.06522
2026-03-26#t2550w4,2026-03-26,Ms. Mitton,211,0.91,271,2.46651,-0.31675,2.15372
2026-03-26#t2551w0,2026-03-26,Mr. M. LeBlanc,300,1.0,357,2.09823,2.71437,2.22157
2026-03-26#t2551w1,2026-03-26,Mr. M. LeBlanc,334,1.0,392,2.23744,2.30103,2.09126
2026-03-26#t2551w2,2026-03-26,Mr. M. LeBlanc,348,1.0,414,2.64726,1.41061,2.00188
2026-03-26#t2551w3,2026-03-26,Mr. M. LeBlanc,220,1.0,264,2.18722,0.01689,2.05973
2026-03-26#t2552w0,2026-03-26,Mr. Savoie,287,0.631,345,2.33387,-0.33448,2.0802
2026-03-26#t2552w1,2026-03-26,Mr. Savoie,360,1.0,424,2.8949,-1.15466,1.98553
2026-03-26#t2552w2,2026-03-26,Mr. Savoie,326,0.687,397,2.5017,1.59852,2.13485
2026-03-26#t2552w3,2026-03-26,Mr. Savoie,304,0.855,352,2.40191,1.18695,2.0916
2026-03-26#t2552w4,2026-03-26,Mr. Savoie,254,1.0,294,2.34124,2.49768,2.24873
2026-03-26#t2552w5,2026-03-26,Mr. Savoie,305,1.0,366,2.52753,0.72478,2.10594
2026-03-26#t2554w0,2026-03-26,Mr. Coon,303,0.987,354,2.59963,-0.88919,2.05853
2026-03-26#t2554w1,2026-03-26,Mr. Coon,334,1.0,417,2.75559,-0.50614,1.97577
2026-03-26#t2554w2,2026-03-26,Mr. Coon,342,0.889,410,2.50304,0.66356,2.07137
2026-03-26#t2554w3,2026-03-26,Mr. Coon,281,1.0,335,2.67666,0.80001,2.04963
2026-03-26#t2554w4,2026-03-26,Mr. Coon,252,0.984,317,2.43756,-0.5538,2.0191
2026-03-26#t2555w0,2026-03-26,Ms. M. Johnson,350,0.831,466,2.19074,1.87958,2.16051
2026-03-26#t2555w1,2026-03-26,Ms. M. Johnson,286,0.514,347,2.24122,1.06899,2.14578
2026-03-26#t2555w2,2026-03-26,Ms. M. Johnson,110,1.0,135,2.8101,-0.96215,2.0137
2026-03-27#t2556w0,2026-03-27,Hon. Ms. Holt,225,0.631,298,2.55839,0.01114,2.07156
2026-03-27#t2556w1,2026-03-27,Hon. Ms. Holt,256,0.918,331,2.46406,-1.02082,2.07423
2026-03-27#t2557w0,2026-03-27,Hon. Ms. Holt,339,0.732,424,2.47207,-0.49031,2.10374
2026-03-27#t2558w0,2026-03-27,Hon. Ms. Holt,310,0.723,391,2.62321,-1.01871,2.01573
2026-03-27#t2558w1,2026-03-27,Hon. Ms. Holt,301,0.631,356,2.46593,0.34568,2.05953
2026-03-27#t2558w2,2026-03-27,Hon. Ms. Holt,320,0.872,389,2.30838,0.76647,2.13503
2026-03-27#t2558w3,2026-03-27,Hon. Ms. Holt,307,0.811,377,2.28221,1.25323,2.16613
2026-03-27#t2558w4,2026-03-27,Hon. Ms. Holt,260,0.881,308,2.36019,1.41642,2.07543
2026-03-27#t2558w5,2026-03-27,Hon. Ms. Holt,339,0.749,395,2.71845,-0.24982,2.03906
2026-03-27#t2558w6,2026-03-27,Hon. Ms. Holt,313,0.732,378,2.53777,1.11296,2.04544
2026-03-27#t2558w7,2026-03-27,Hon. Ms. Holt,302,0.821,356,2.85513,-1.23454,2.02103
2026-03-27#t2558w8,2026-03-27,Hon. Ms. Holt,341,0.889,407,2.55495,0.71953,2.08624
2026-03-27#t2558w9,2026-03-27,Hon. Ms. Holt,138,0.333,189,2.25456,0.31696,2.09368
2026-03-27#t2559w0,2026-03-27,Madam Speaker,134,1.0,175,2.51763,-1.72741,1.97766
2026-03-27#t2561w0,2026-03-27,Mr. Chair,351,0.459,502,1.78601,1.63199,2.12219
2026-05-05#t2562w0,2026-05-05,Hon. Mr. Gauvin,84,0.0,108,2.53223,1.4759,2.1684
2026-05-05#t2563w0,2026-05-05,Hon. Ms. Holt,294,0.959,375,2.54541,-0.10492,1.97152
2026-05-05#t2564w0,2026-05-05,Mr. Austin,163,1.0,215,1.95337,0.43456,2.10816
2026-05-05#t2565w0,2026-05-05,Mr. Coon,204,0.98,260,2.2117,-0.51878,2.08661
2026-05-05#t2566w0,2026-05-05,Hon. Mr. Kennedy,191,1.0,246,2.37779,-0.01855,2.09683
2026-05-05#t2567w0,2026-05-05,Ms. M. Wilson,183,1.0,222,2.23962,0.83001,2.12337
2026-05-05#t2568w0,2026-05-05,Hon. Mr. Herron,350,1.0,425,2.70513,0.673,2.00954
2026-05-05#t2569w0,2026-05-05,Mr. Hogan,144,1.0,174,2.15288,1.00464,2.05263
2026-05-05#t2570w0,2026-05-05,Hon. Ms. Holt,155,0.535,210,1.88875,0.54855,2.09979
2026-05-05#t2572w0,2026-05-05,Mr. Ames,154,1.0,192,2.03254,0.48789,2.06877
2026-05-05#t2573w0,2026-05-05,Ms. Mitton,170,1.0,217,2.73808,-0.59684,1.9794
2026-05-05#t2574w0,2026-05-05,Mr. Lee,156,1.0,189,2.98426,-1.61921,1.93595
2026-05-05#t2575w0,2026-05-05,Mr. Coon,154,1.0,196,2.65307,-1.54598,2.03296
2026-05-05#t2576w0,2026-05-05,Mr. Robichaud,154,0.351,191,2.22563,0.46503,2.08744
2026-05-05#t2577w0,2026-05-05,Mr. Cullins,161,1.0,204,2.45643,-0.14813,2.01014
2026-05-05#t2578w0,2026-05-05,Ms. Wilcott,153,0.641,187,2.40962,0.8103,2.07479
2026-05-05#t2579w0,2026-05-05,Ms. M. Wilson,134,1.0,173,2.28299,-0.76963,1.98949
2026-05-05#t2580w0,2026-05-05,Mr. Bourque,145,0.49,188,2.28506,1.56587,2.11068
2026-05-05#t2581w0,2026-05-05,Ms. Conroy,156,1.0,198,2.22613,1.19466,2.06584
2026-05-05#t2582w0,2026-05-05,Mr. Mallet,115,0.0,145,2.26561,1.12555,2.09974
2026-05-05#t2583w0,2026-05-05,Mr. Hogan,152,1.0,188,3.00107,0.1825,1.89001
2026-05-05#t2584w0,2026-05-05,Mr. Savoie,178,0.955,218,2.82939,-0.73782,1.98126
2026-05-05#t2585w0,2026-05-05,Hon. Mr. Randall,78,1.0,95,2.73297,-0.91538,2.01815
2026-05-05#t2586w0,2026-05-05,Mr. Savoie,127,1.0,183,2.42697,-0.07836,2.12926
2026-05-05#t2587w0,2026-05-05,Hon. Mr. Randall,56,1.0,78,2.58239,0.04267,1.93405
2026-05-05#t2588w0,2026-05-05,Mr. Savoie,128,1.0,163,2.7131,0.7759,1.91225
2026-05-05#t2589w0,2026-05-05,Hon. Ms. Townsend,122,1.0,150,2.28382,0.46553,2.02882
2026-05-05#t2590w0,2026-05-05,Mr. Savoie,113,1.0,143,2.60515,-1.52113,2.01967
2026-05-05#t2593w0,2026-05-05,Hon. Mr. Randall,68,1.0,78,2.7817,0.08111,1.91566
2026-05-05#t2594w0,2026-05-05,Mr. Savoie,114,1.0,138,3.02546,-1.39712,1.87463
2026-05-05#t2595w0,2026-05-05,Hon. Mr. Randall,97,1.0,120,2.75262,-1.30181,1.99909
2026-05-05#t2596w0,2026-05-05,Mr. Savoie,120,1.0,144,3.1926,-1.37526,1.85132
2026-05-05#t2597w0,2026-05-05,Hon. Mr. Randall,99,1.0,121,3.02425,-1.45089,1.89901
2026-05-05#t2598w0,2026-05-05,Mr. Savoie,115,1.0,136,2.8549,-0.56817,1.98912
2026-05-05#t2599w0,2026-05-05,Hon. Mr. Randall,168,1.0,200,2.58995,-1.11505,2.0737
2026-05-05#t2600w0,2026-05-05,Mr. Savoie,159,1.0,199,2.52619,0.28219,2.02099
2026-05-05#t2601w0,2026-05-05,Hon. Mr. Randall,164,1.0,207,2.57203,-0.93839,2.05214
2026-05-05#t2602w0,2026-05-05,Mr. Savoie,96,1.0,140,2.60362,0.42094,1.99137
2026-05-05#t2603w0,2026-05-05,Hon. Ms. Townsend,100,1.0,122,2.9144,0.02221,1.96062
2026-05-05#t2604w0,2026-05-05,Ms. Scott-Wallace,169,1.0,222,2.83388,0.00225,2.00512
2026-05-05#t2605w0,2026-05-05,Hon. Mr. Randall,155,1.0,193,2.50409,-0.97223,2.06764
2026-05-05#t2606w0,2026-05-05,Ms. Scott-Wallace,177,1.0,233,3.31715,-3.05033,1.89545
2026-05-05#t2607w0,2026-05-05,Hon. Mr. Randall,151,1.0,187,2.97919,-1.90237,1.97915
2026-05-05#t2608w0,2026-05-05,Ms. Scott-Wallace,164,1.0,211,3.19051,-1.09741,1.93926
2026-05-05#t2609w0,2026-05-05,Hon. Ms. Townsend,134,1.0,159,2.69382,-1.00554,2.08344
2026-05-05#t2610w0,2026-05-05,Mr. Coon,158,1.0,188,2.55203,-0.23706,2.10184
2026-05-05#t2611w0,2026-05-05,Hon. Mr. Kennedy,159,1.0,180,2.35324,0.46165,2.10071
2026-05-05#t2612w0,2026-05-05,M. Coon,107,0.0,128,3.2446,-2.17574,1.97654
2026-05-05#t2613w0,2026-05-05,Hon. Mr. Legacy,144,0.0,173,2.46329,-0.01136,2.0707
2026-05-05#t2614w0,2026-05-05,Mr. Hogan,143,1.0,195,2.69153,-1.15212,1.91554
2026-05-05#t2615w0,2026-05-05,Hon. Mr. Dornan,183,1.0,234,2.98175,-1.17061,1.97564
2026-05-05#t2616w0,2026-05-05,Mr. Hogan,113,1.0,159,2.94397,-1.41431,1.96454
2026-05-05#t2617w0,2026-05-05,Hon. Ms. Holt,177,0.684,210,2.63061,-0.64096,2.04033
2026-05-05#t2618w0,2026-05-05,Mr. M. LeBlanc,60,1.0,75,2.38421,0.48265,1.98098
2026-05-05#t2620w0,2026-05-05,Madam Speaker,58,0.0,73,3.3303,0.52548,1.8546
2026-05-05#t2622w0,2026-05-05,Hon. Mr. Dornan,133,0.692,162,2.5431,-0.95244,2.04774
2026-05-05#t2623w0,2026-05-05,Mr. Hogan,166,0.849,212,2.78412,-0.60773,2.00864
2026-05-05#t2624w0,2026-05-05,Mr. Coon,159,0.975,191,2.43527,-0.24028,2.02258
2026-05-05#t2625w0,2026-05-05,Hon. Ms. Boudreau,177,0.254,230,2.38619,-0.17819,2.22504
2026-05-05#t2626w0,2026-05-05,Ms. Scott-Wallace,215,1.0,264,2.60965,-0.67579,2.04934
2026-05-05#t2627w0,2026-05-05,Ms. Mitton,167,0.886,218,2.17181,-0.19969,2.17544
2026-05-05#t2628w0,2026-05-05,Hon. Mr. McKee,173,0.595,224,2.11026,-0.39957,2.11437
2026-05-05#t2629w0,2026-05-05,Mr. Weir,191,1.0,242,2.19547,-0.54435,2.1005
2026-05-05#t2630w0,2026-05-05,Mr. Coon,176,0.898,220,2.38806,-0.35486,2.10402
2026-05-05#t2632w0,2026-05-05,Hon. Mr. Randall,346,0.607,480,2.02803,0.10926,2.06617
2026-05-05#t2633w0,2026-05-05,Hon. Mr. Gauvin,139,0.194,201,2.31956,-1.86272,2.11633
2026-05-05#t2634w0,2026-05-05,Madam Speaker,127,0.717,194,2.24969,-1.69181,2.16147
2026-05-05#t2635w0,2026-05-05,Hon. Mr. Legacy,235,0.868,283,2.7954,-1.16478,1.89343
2026-05-05#t2636w0,2026-05-05,Hon. Mr. Legacy,346,0.5,409,2.52969,-1.66167,2.02501
2026-05-05#t2636w1,2026-05-05,Hon. Mr. Legacy,97,0.804,118,2.69775,-0.65117,1.88676
2026-05-05#t2637w0,2026-05-05,Mr. M. LeBlanc,347,0.452,425,2.23667,1.02623,2.10269
2026-05-05#t2637w1,2026-05-05,Mr. M. LeBlanc,145,0.517,169,2.93782,0.04206,1.94564
2026-05-05#t2638w0,2026-05-05,Mr. Cullins,353,1.0,423,2.35676,0.71524,2.1101
2026-05-05#t2638w1,2026-05-05,Mr. Cullins,251,1.0,303,2.74926,-0.03277,1.98273
2026-05-05#t2639w0,2026-05-05,Mr. Coon,302,0.987,372,2.68092,-1.00376,2.03472
2026-05-05#t2639w1,2026-05-05,Mr. Coon,116,1.0,149,2.85456,0.48666,2.00614
2026-05-06#t2641w0,2026-05-06,Ms. Vautour,147,0.0,187,2.14817,-0.44856,2.10116
2026-05-06#t2642w0,2026-05-06,Ms. Scott-Wallace,217,1.0,265,2.29205,0.65376,2.04502
2026-05-06#t2643w0,2026-05-06,Hon. Ms. Thériault,165,0.0,229,2.17273,-0.32499,2.12827
2026-05-06#t2644w0,2026-05-06,Ms. M. Wilson,161,1.0,208,2.13285,2.27829,2.12451
2026-05-06#t2645w0,2026-05-06,Mr. Arseneault,177,0.0,217,2.07134,0.29841,2.189
2026-05-06#t2646w0,2026-05-06,Ms. M. Johnson,209,1.0,252,2.1474,2.00614,2.03391
2026-05-06#t2647w0,2026-05-06,Hon. Mr. D’Amours,155,0.0,202,2.18033,0.78988,2.12825
2026-05-06#t2648w0,2026-05-06,Ms. S. Wilson,148,1.0,173,2.52435,0.48372,2.08597
2026-05-06#t2649w0,2026-05-06,Mr. Coon,169,0.976,252,3.53014,-0.619,1.66498
2026-05-06#t2650w0,2026-05-06,Ms. Mitton,177,0.881,235,2.06531,1.3311,2.0846
2026-05-06#t2651w0,2026-05-06,Mr. Savoie,113,1.0,132,2.02619,0.75984,2.09794
2026-05-06#t2652w0,2026-05-06,Ms. Mitton,169,1.0,211,2.88674,-1.09662,1.97772
2026-05-06#t2653w0,2026-05-06,Mr. Johnston,163,1.0,229,3.14324,-1.14682,1.91343
2026-05-06#t2654w0,2026-05-06,Mr. Russell,146,1.0,185,2.55331,-1.23266,2.01921
2026-05-06#t2655w0,2026-05-06,Mr. Doucet,169,0.284,196,2.55952,-0.94192,1.97068
2026-05-06#t2656w0,2026-05-06,Ms. M. Johnson,145,1.0,195,2.3643,-1.81341,2.02541
2026-05-06#t2657w0,2026-05-06,Mr. J. LeBlanc,146,0.418,177,2.67141,1.58114,2.06052
2026-05-06#t2658w0,2026-05-06,Mr. Weir,152,1.0,197,2.46197,-1.43742,1.95601
2026-05-06#t2659w0,2026-05-06,Ms. Vautour,135,0.0,161,2.35325,0.36707,2.08341
2026-05-06#t2660w0,2026-05-06,Ms. Bockus,145,1.0,179,2.89642,-1.13927,1.91936
2026-05-06#t2661w0,2026-05-06,Mr. Savoie,141,0.943,178,2.64426,0.08152,2.06663
2026-05-06#t2662w0,2026-05-06,Hon. Mr. Randall,135,1.0,176,2.80282,-0.03137,1.96841
2026-05-06#t2663w0,2026-05-06,Mr. Savoie,180,1.0,213,2.51684,0.15716,2.04115
2026-05-06#t2664w0,2026-05-06,Hon. Ms. Holt,191,1.0,230,2.50063,0.23305,2.08611
2026-05-06#t2665w0,2026-05-06,Mr. Savoie,169,1.0,203,2.79443,1.07577,2.00377
2026-05-06#t2666w0,2026-05-06,Hon. Mr. Randall,121,1.0,154,2.97713,-1.58641,1.90936
2026-05-06#t2667w0,2026-05-06,Mr. Savoie,124,1.0,161,2.92675,-1.642,1.92453
2026-05-06#t2668w0,2026-05-06,Hon. Mr. Randall,153,1.0,176,2.70813,-0.82211,2.07629
2026-05-06#t2669w0,2026-05-06,Mr. Savoie,162,1.0,204,3.06262,-0.51816,1.92929
2026-05-06#t2670w0,2026-05-06,Hon. Mr. Randall,132,1.0,173,2.5634,0.25995,1.98967
2026-05-06#t2671w0,2026-05-06,Mr. Savoie,148,1.0,183,2.83784,-0.16074,1.90594
2026-05-06#t2672w0,2026-05-06,Hon. Mr. Randall,121,1.0,151,2.74398,-0.83311,2.00436
2026-05-06#t2673w0,2026-05-06,Mr. Savoie,147,1.0,189,2.42226,0.99403,2.03514
2026-05-06#t2674w0,2026-05-06,Hon. Mr. Legacy,72,1.0,92,2.53901,0.43929,1.90858
2026-05-06#t2675w0,2026-05-06,Mr. Savoie,165,1.0,236,2.42151,0.65139,2.08562
2026-05-06#t2679w0,2026-05-06,Hon. Mr. Legacy,96,1.0,121,2.68794,-0.57072,1.96514
2026-05-06#t2680w0,2026-05-06,Mr. Savoie,142,1.0,175,2.69867,-0.48118,2.00596
2026-05-06#t2681w0,2026-05-06,Hon. Mr. Legacy,98,1.0,132,2.82816,-1.19587,2.02292
2026-05-06#t2682w0,2026-05-06,Ms. M. Johnson,128,1.0,172,2.37682,-0.08718,2.03913
2026-05-06#t2683w0,2026-05-06,Hon. Ms. Miles,54,1.0,66,2.45574,0.6562,2.09934
2026-05-06#t2684w0,2026-05-06,Hon. Ms. Miles,142,1.0,173,2.66587,-0.05254,1.98204
2026-05-06#t2685w0,2026-05-06,Ms. M. Johnson,150,1.0,183,2.61051,1.13721,2.07002
2026-05-06#t2686w0,2026-05-06,Hon. Mr. Dornan,129,1.0,153,2.75196,-0.78787,1.98358
2026-05-06#t2687w0,2026-05-06,Ms. M. Johnson,102,1.0,122,2.96612,0.49218,1.96914
2026-05-06#t2688w0,2026-05-06,Hon. Ms. Miles,202,1.0,246,2.35394,1.23222,2.10401
2026-05-06#t2689w0,2026-05-06,Ms. Mitton,139,1.0,173,2.52031,-0.8024,2.07526
2026-05-06#t2690w0,2026-05-06,Hon. Ms. Miles,164,1.0,202,2.5126,0.02484,2.12453
2026-05-06#t2691w0,2026-05-06,Ms. Mitton,150,1.0,182,2.76974,-1.13825,2.02824
2026-05-06#t2693w0,2026-05-06,Ms. Mitton,164,1.0,213,2.72322,-1.55664,1.98902
2026-05-06#t2694w0,2026-05-06,Hon. Ms. Miles,165,1.0,212,2.63384,-1.85089,2.0654
2026-05-06#t2695w0,2026-05-06,Mr. Savoie,57,1.0,80,3.0136,0.10828,1.99478
2026-05-06#t2696w0,2026-05-06,Mr. Savoie,95,1.0,120,3.09142,-0.71473,1.94307
2026-05-06#t2697w0,2026-05-06,Hon. Mr. Randall,134,1.0,156,2.59573,-0.05205,1.99671
2026-05-06#t2699w0,2026-05-06,Hon. Mr. D’Amours,130,0.0,163,1.73525,1.16508,2.24327
2026-05-06#t2700w0,2026-05-06,Ms. M. Wilson,174,1.0,232,2.09648,-0.58762,2.0698
2026-05-06#t2701w0,2026-05-06,Ms. Mitton,104,0.173,132,1.96075,0.94348,2.19577
2026-05-06#t2702w0,2026-05-06,Hon. Mr. McKee,176,0.455,206,2.18475,0.67196,2.17505
2026-05-06#t2703w0,2026-05-06,Mr. Weir,162,1.0,195,2.30537,-0.26079,2.11357
2026-05-06#t2704w0,2026-05-06,Mr. Coon,160,1.0,187,2.49085,-1.20987,2.00403
2026-05-06#t2705w0,2026-05-06,Hon. Mr. Herron,360,0.722,453,2.32327,0.78679,2.0632
2026-05-06#t2705w1,2026-05-06,Hon. Mr. Herron,114,1.0,137,3.12472,-0.06235,1.88179
2026-05-06#t2706w0,2026-05-06,Mr. Austin,153,1.0,182,2.58072,-0.43673,2.09894
2026-05-06#t2707w0,2026-05-06,Mr. Austin,340,1.0,408,2.35096,1.63093,2.0782
2026-05-06#t2707w1,2026-05-06,Mr. Austin,214,1.0,248,2.60604,0.29572,2.02499
2026-05-06#t2708w0,2026-05-06,Mr. Coon,301,0.987,358,2.53534,0.64789,2.0396
2026-05-06#t2708w1,2026-05-06,Mr. Coon,250,1.0,288,2.61731,0.36635,2.07637
2026-05-06#t2709w0,2026-05-06,Hon. Ms. Boudreau,194,0.34,252,2.4919,-0.50359,2.0153
2026-05-06#t2710w0,2026-05-06,Ms. M. Johnson,218,0.982,258,2.50169,-0.26319,2.11571
2026-05-06#t2711w0,2026-05-06,Ms. Mitton,139,0.0,171,2.89917,-1.94651,2.00988
2026-05-06#t2712w0,2026-05-06,Ms. Mitton,336,1.0,429,2.33273,0.21528,2.11589
2026-05-06#t2712w1,2026-05-06,Ms. Mitton,123,0.642,169,2.69856,-0.84694,1.96899
2026-05-06#t2713w0,2026-05-06,Ms. M. Johnson,77,0.948,109,2.41462,-0.87577,1.97446
2026-05-06#t2714w0,2026-05-06,Mr. M. LeBlanc,287,0.453,360,2.10316,-0.08728,2.11733
2026-05-06#t2715w0,2026-05-06,Ms. M. Wilson,283,1.0,342,2.6376,-1.51622,2.08504
2026-05-06#t2715w1,2026-05-06,Ms. M. Wilson,262,1.0,302,3.33737,-0.80907,1.91305
2026-05-06#t2715w2,2026-05-06,Ms. M. Wilson,344,1.0,414,3.21465,-1.37301,1.90812
2026-05-06#t2715w3,2026-05-06,Ms. M. Wilson,165,1.0,205,2.85416,-1.31029,1.97697
2026-05-06#t2716w0,2026-05-06,Mr. M. LeBlanc,56,1.0,66,2.7939,-0.43946,1.90657
2026-05-06#t2719w0,2026-05-06,Ms. M. Wilson,289,1.0,349,3.1894,-2.20856,1.85634
2026-05-06#t2720w0,2026-05-06,Mr. Coon,345,0.728,424,2.24678,-0.82758,2.05285
2026-05-06#t2720w1,2026-05-06,Mr. Coon,158,0.671,184,2.65201,-0.33491,2.02214
2026-05-06#t2721w0,2026-05-06,Mr. Weir,211,1.0,273,2.50875,-0.08553,2.08777
2026-05-06#t2721w1,2026-05-06,Mr. Weir,345,1.0,458,2.32419,0.91614,2.14595
2026-05-06#t2722w0,2026-05-06,Mr. Coon,152,1.0,184,2.32823,1.20823,2.105
2026-05-06#t2723w0,2026-05-06,Mr. Hogan,273,1.0,352,2.40498,-0.37879,2.12737
2026-05-06#t2723w1,2026-05-06,Mr. Hogan,301,1.0,421,2.28884,0.47696,2.13187
2026-05-06#t2723w2,2026-05-06,Mr. Hogan,332,1.0,416,2.25959,0.5538,2.15443
2026-05-06#t2723w3,2026-05-06,Mr. Hogan,129,1.0,175,2.72228,-0.58743,2.01128
2026-05-06#t2726w0,2026-05-06,Mr. Hogan,211,1.0,265,2.63157,0.89293,2.05945
2026-05-06#t2726w1,2026-05-06,Mr. Hogan,210,1.0,266,2.53634,-0.07445,2.11707
2026-05-06#t2726w2,2026-05-06,Mr. Hogan,322,1.0,415,2.25718,1.05427,2.16309
2026-05-06#t2726w3,2026-05-06,Mr. Hogan,237,1.0,288,2.62966,1.25782,2.0628
2026-05-06#t2726w4,2026-05-06,Mr. Hogan,262,1.0,342,2.38128,-0.04197,2.05485
2026-05-06#t2726w5,2026-05-06,Mr. Hogan,295,1.0,369,2.53539,0.30909,2.14086
2026-05-06#t2727w0,2026-05-06,Mr. Hogan,360,1.0,461,2.60213,0.16839,2.05928
2026-05-06#t2728w0,2026-05-06,Mr. Austin,177,1.0,215,2.83333,-0.02604,2.00598
2026-05-06#t2729w0,2026-05-06,Mr. Austin,333,1.0,436,2.57553,1.74466,2.04246
2026-05-06#t2729w1,2026-05-06,Mr. Austin,312,1.0,420,2.43453,-0.35348,2.14683
2026-05-06#t2729w2,2026-05-06,Mr. Austin,351,1.0,433,2.36952,0.17531,2.08964
2026-05-06#t2729w3,2026-05-06,Mr. Austin,315,1.0,397,2.56299,-0.92905,2.02298
2026-05-06#t2729w4,2026-05-06,Mr. Austin,176,1.0,227,2.57499,0.20615,2.03004
2026-05-06#t2730w0,2026-05-06,Mr. Austin,186,1.0,229,2.7231,-0.00974,1.97529
2026-05-06#t2731w0,2026-05-06,Mr. Austin,209,1.0,254,2.53474,0.24238,2.111
2026-05-06#t2732w0,2026-05-06,Mr. M. LeBlanc,66,1.0,80,2.03972,0.68369,1.97759
2026-05-06#t2733w0,2026-05-06,Madam Speaker,59,1.0,72,3.23608,-0.27201,1.8765
2026-05-06#t2735w0,2026-05-06,Mr. Austin,181,1.0,224,2.64182,1.55378,2.02355
2026-05-06#t2736w0,2026-05-06,Mr. Austin,229,1.0,293,2.41494,1.05381,2.10264
2026-05-06#t2736w1,2026-05-06,Mr. Austin,245,1.0,306,2.48974,1.4449,2.11784
2026-05-06#t2736w2,2026-05-06,Mr. Austin,311,1.0,390,2.49188,-0.02221,2.09583
2026-05-06#t2739w0,2026-05-06,Hon. Mr. Randall,296,0.446,365,2.33918,-0.57242,2.0473
2026-05-06#t2739w1,2026-05-06,Hon. Mr. Randall,343,0.615,396,2.38321,0.33512,2.06533
2026-05-06#t2740w0,2026-05-06,Mr. Ames,134,1.0,163,2.55631,0.06156,2.09875
2026-05-06#t2741w0,2026-05-06,Ms. Mitton,341,0.633,411,2.12709,-1.23046,2.14161
2026-05-06#t2741w1,2026-05-06,Ms. Mitton,303,0.568,376,2.33366,-0.51024,2.04454
2026-05-06#t2741w2,2026-05-06,Ms. Mitton,132,0.0,151,3.01051,1.53071,1.87792
2026-05-06#t2742w0,2026-05-06,Mr. Monahan,338,0.515,401,2.44471,-0.04971,2.07731
2026-05-06#t2742w1,2026-05-06,Mr. Monahan,318,0.717,355,2.58802,-0.48786,2.02208
2026-05-06#t2742w2,2026-05-06,Mr. Monahan,181,1.0,216,3.20356,-1.7099,1.86964
2026-05-06#t2743w0,2026-05-06,Mr. Monahan,340,0.765,440,2.81095,-0.38427,1.98822
2026-05-06#t2743w1,2026-05-06,Mr. Monahan,324,0.506,391,2.9272,-1.58318,1.92306
2026-05-06#t2743w2,2026-05-06,Mr. Monahan,355,0.561,427,2.68669,-0.45499,2.02217
2026-05-06#t2743w3,2026-05-06,Mr. Monahan,332,0.536,394,2.78921,-1.28722,1.94799
2026-05-06#t2743w4,2026-05-06,Mr. Monahan,95,0.958,111,2.53946,0.48515,2.04879
2026-05-06#t2744w0,2026-05-06,Ms. Mitton,349,1.0,420,2.24967,1.68504,2.13927
2026-05-06#t2744w1,2026-05-06,Ms. Mitton,311,1.0,384,2.57294,-0.62543,2.05014
2026-05-06#t2745w0,2026-05-06,Mr. Hogan,291,1.0,362,2.51476,-0.79781,2.05738
2026-05-06#t2745w1,2026-05-06,Mr. Hogan,353,1.0,454,2.29928,0.4927,2.16751
2026-05-06#t2745w2,2026-05-06,Mr. Hogan,354,1.0,443,2.67991,-1.5282,1.9977
2026-05-07#t2747w0,2026-05-07,Hon. Ms. Holt,311,0.894,367,2.22296,1.01004,2.19832
2026-05-07#t2748w0,2026-05-07,Ms. Scott-Wallace,326,1.0,394,2.71476,-0.73432,1.99079
2026-05-07#t2749w0,2026-05-07,Mr. Coon,172,0.977,212,2.35162,0.15522,2.12211
2026-05-07#t2753w0,2026-05-07,Mr. Robichaud,156,0.0,209,2.30087,0.89732,2.10895
2026-05-07#t2754w0,2026-05-07,Madam Speaker,201,0.711,241,2.16304,0.84141,2.09764
2026-05-07#t2755w0,2026-05-07,Hon. Mr. Gauvin,236,0.0,310,2.1338,1.38678,2.13048
2026-05-07#t2756w0,2026-05-07,Ms. Scott-Wallace,169,1.0,212,2.43743,0.24406,1.98775
2026-05-07#t2757w0,2026-05-07,Ms. M. Johnson,204,1.0,249,2.47292,-0.67171,1.97145
2026-05-07#t2758w0,2026-05-07,Mr. Austin,256,1.0,364,2.09371,1.44704,2.02329
2026-05-07#t2759w0,2026-05-07,Ms. Bockus,159,1.0,204,2.62008,-0.44482,2.06182
2026-05-07#t2760w0,2026-05-07,Mr. J. LeBlanc,132,0.0,155,2.68549,-1.74531,2.0186
2026-05-07#t2761w0,2026-05-07,Mr. Coon,172,0.977,222,2.4637,-0.13117,2.06783
2026-05-07#t2762w0,2026-05-07,Mr. Doucet,167,0.12,219,2.32738,-0.58641,2.12366
2026-05-07#t2763w0,2026-05-07,Ms. Mitton,168,1.0,198,1.99292,1.09325,2.21507
2026-05-07#t2764w0,2026-05-07,Hon. C. Johnson,165,0.0,226,1.90841,1.62752,2.15735
2026-05-07#t2766w0,2026-05-07,Mr. Robichaud,248,0.0,290,2.52859,-0.49375,2.09105
2026-05-07#t2767w0,2026-05-07,Mr. Monahan,148,1.0,173,2.83546,0.56605,2.05799
2026-05-07#t2769w0,2026-05-07,Mr. Coon,171,0.977,212,2.72446,-0.66727,1.98213
2026-05-07#t2770w0,2026-05-07,Mr. Doucet,163,0.0,211,2.65496,-0.16932,1.9778
2026-05-07#t2771w0,2026-05-07,Ms. S. Wilson,154,1.0,186,2.5632,0.2191,2.01193
2026-05-07#t2772w0,2026-05-07,Ms. Vautour,115,0.0,151,2.42478,-0.60632,2.05718
2026-05-07#t2773w0,2026-05-07,Mr. Ames,154,1.0,191,2.77866,-0.94966,2.00666
2026-05-07#t2774w0,2026-05-07,Mr. M. LeBlanc,152,0.0,182,2.5482,-1.22549,2.08511
2026-05-07#t2775w0,2026-05-07,Mr. Austin,182,1.0,229,2.57376,-0.05827,2.04031
2026-05-07#t2776w0,2026-05-07,Ms. Wilcott,97,0.784,143,2.45493,-0.62999,1.98085
2026-05-07#t2777w0,2026-05-07,Ms. Scott-Wallace,138,1.0,170,2.55735,0.13621,2.15113
2026-05-07#t2778w0,2026-05-07,Mr. Savoie,170,0.953,224,2.98366,0.03324,1.95758
2026-05-07#t2779w0,2026-05-07,Hon. Ms. Holt,181,1.0,206,2.48214,0.41657,2.10665
2026-05-07#t2780w0,2026-05-07,Mr. Savoie,133,1.0,162,3.05113,-0.80649,1.96501
2026-05-07#t2781w0,2026-05-07,Hon. M. Finnigan,113,0.929,140,2.81745,0.67424,1.90863
2026-05-07#t2782w0,2026-05-07,Mr. Savoie,118,1.0,152,2.99784,-1.07457,1.925
2026-05-07#t2783w0,2026-05-07,Hon. M. Finnigan,105,0.0,122,2.61496,0.47318,2.03253
2026-05-07#t2784w0,2026-05-07,Mr. Savoie,149,0.913,181,2.91127,-0.21794,1.98771
2026-05-07#t2785w0,2026-05-07,Hon. M. Finnigan,140,0.957,172,2.71432,0.60553,2.00887
2026-05-07#t2786w0,2026-05-07,Mr. Savoie,99,1.0,121,2.81352,-0.39294,2.03529
2026-05-07#t2787w0,2026-05-07,Hon. M. Finnigan,121,0.0,139,3.10664,0.5762,1.93443
2026-05-07#t2788w0,2026-05-07,Mr. Savoie,154,1.0,192,3.18004,-1.07298,1.88499
2026-05-07#t2789w0,2026-05-07,Hon. M. Finnigan,133,0.94,162,2.87081,-0.86001,1.97501
2026-05-07#t2790w0,2026-05-07,Mr. Savoie,182,1.0,231,2.92768,0.03493,1.99677
2026-05-07#t2791w0,2026-05-07,Hon. M. Finnigan,135,0.0,166,2.83937,-0.53779,1.90563
2026-05-07#t2792w0,2026-05-07,Mr. Savoie,163,1.0,189,3.03155,-2.64315,1.98544
2026-05-07#t2793w0,2026-05-07,Hon. M. Finnigan,142,0.972,180,2.62158,0.34934,2.0146
2026-05-07#t2794w0,2026-05-07,Mr. Savoie,122,0.951,155,2.04799,1.23285,2.14099
2026-05-07#t2795w0,2026-05-07,Hon. M. Finnigan,97,0.0,126,2.45815,-0.03674,2.05273
2026-05-07#t2796w0,2026-05-07,Mr. Savoie,136,1.0,187,2.66469,-0.33404,2.08496
2026-05-07#t2797w0,2026-05-07,Hon. M. Finnigan,117,0.932,148,2.64822,0.39077,2.10467
2026-05-07#t2798w0,2026-05-07,Mr. Coon,171,0.977,216,2.52289,0.31478,1.94767
2026-05-07#t2799w0,2026-05-07,Hon. Mr. Herron,61,1.0,76,2.74812,-0.02797,2.08095
2026-05-07#t2800w0,2026-05-07,Mr. Coon,156,1.0,192,2.85872,-1.23028,1.9582
2026-05-07#t2801w0,2026-05-07,Hon. K. Chiasson,145,1.0,175,2.17851,2.07186,2.22515
2026-05-07#t2802w0,2026-05-07,Ms. Scott-Wallace,178,1.0,205,2.97644,-0.99053,1.96602
2026-05-07#t2803w0,2026-05-07,Hon. Mr. Finnigan,135,0.941,153,2.76246,0.31844,2.07835
2026-05-07#t2804w0,2026-05-07,Ms. Scott-Wallace,187,1.0,218,3.21166,-2.12445,1.98975
2026-05-07#t2805w0,2026-05-07,Hon. Mr. Finnigan,121,0.0,155,3.16842,-2.8447,1.91779
2026-05-07#t2806w0,2026-05-07,Ms. Scott-Wallace,197,1.0,233,3.06077,-1.77884,1.92672
2026-05-07#t2807w0,2026-05-07,Hon. Mr. Finnigan,103,0.0,125,2.65417,-0.09486,1.97226
2026-05-07#t2808w0,2026-05-07,Mr. Savoie,142,1.0,166,2.95983,-0.51586,2.02247
2026-05-07#t2809w0,2026-05-07,Hon. Ms. Holt,160,1.0,187,2.93655,-0.24488,1.95275
2026-05-07#t2811w0,2026-05-07,Hon. Mr. Hickey,241,0.751,296,2.70609,0.0774,2.01116
2026-05-07#t2812w0,2026-05-07,Ms. Conroy,238,1.0,298,2.7317,-1.66068,2.05413
2026-05-07#t2813w0,2026-05-07,Mr. Coon,286,1.0,341,2.52329,0.10852,1.99643
2026-05-07#t2814w0,2026-05-07,Hon. Ms. Miles,155,0.761,186,2.14317,0.63199,2.13056
2026-05-07#t2815w0,2026-05-07,Ms. M. Johnson,173,1.0,201,2.09577,-0.15445,2.14404
2026-05-07#t2816w0,2026-05-07,Ms. Mitton,134,1.0,156,2.52948,-0.84452,2.10677
2026-05-07#t2817w0,2026-05-07,Hon. Mr. Dornan,228,0.925,288,2.73243,-1.12003,1.97677
2026-05-07#t2818w0,2026-05-07,Mr. Hogan,261,0.835,350,2.48681,1.47055,2.05682
2026-05-07#t2819w0,2026-05-07,Mr. Coon,281,1.0,351,2.47695,-0.40397,2.02082
2026-05-07#t2820w0,2026-05-07,Hon. Mr. Gauvin,331,0.489,404,2.49361,-0.24696,2.07991
2026-05-07#t2820w1,2026-05-07,Hon. Mr. Gauvin,77,0.662,96,2.8668,-0.03173,2.04841
2026-05-07#t2821w0,2026-05-07,Mr. Ames,189,1.0,247,2.50098,0.4453,2.07913
2026-05-07#t2822w0,2026-05-07,Ms. Mitton,295,1.0,351,2.57516,-0.77034,2.05305
2026-05-07#t2822w1,2026-05-07,Ms. Mitton,112,1.0,135,2.50734,1.18479,2.08948
2026-05-07#t2823w0,2026-05-07,Madam Speaker,337,0.629,453,2.44609,-0.09338,1.98993
2026-05-07#t2823w1,2026-05-07,Madam Speaker,148,1.0,180,2.48062,0.86615,1.974
2026-05-07#t2829w0,2026-05-07,Madam Speaker,310,0.965,436,2.28417,-0.32864,2.05625
2026-05-07#t2830w0,2026-05-07,Mr. Lee,332,1.0,411,2.18497,1.54229,2.06099
2026-05-07#t2830w1,2026-05-07,Mr. Lee,302,1.0,368,2.44892,0.40751,2.09226
2026-05-07#t2830w2,2026-05-07,Mr. Lee,315,1.0,381,2.49761,2.09071,2.0342
2026-05-07#t2830w3,2026-05-07,Mr. Lee,353,1.0,426,2.32968,2.15974,2.10443
2026-05-07#t2830w4,2026-05-07,Mr. Lee,291,1.0,345,2.47083,0.62089,2.05688
2026-05-07#t2830w5,2026-05-07,Mr. Lee,288,1.0,338,2.35769,1.54348,2.04138
2026-05-07#t2830w6,2026-05-07,Mr. Lee,245,1.0,308,2.46887,0.31799,2.00413
2026-05-07#t2832w0,2026-05-07,Hon. Mr. Dornan,298,0.93,377,2.59832,-1.15444,2.03304
2026-05-07#t2832w1,2026-05-07,Hon. Mr. Dornan,304,0.931,384,2.70366,-1.48447,2.03838
2026-05-07#t2832w2,2026-05-07,Hon. Mr. Dornan,302,1.0,381,2.78867,-0.7814,1.9971
2026-05-07#t2832w3,2026-05-07,Hon. Mr. Dornan,340,0.944,410,2.50727,-0.65845,2.03299
2026-05-07#t2832w4,2026-05-07,Hon. Mr. Dornan,183,1.0,214,2.76192,1.13966,2.02598
2026-05-07#t2834w0,2026-05-07,Mr. Hogan,304,1.0,393,2.28399,-1.08698,2.09672
2026-05-07#t2834w1,2026-05-07,Mr. Hogan,321,1.0,427,2.30361,0.50483,2.07376
2026-05-07#t2834w2,2026-05-07,Mr. Hogan,201,1.0,289,2.59147,-0.63016,2.03177
2026-05-07#t2835w0,2026-05-07,Mr. Hogan,274,1.0,339,2.81103,-0.73359,2.02749
2026-05-07#t2835w1,2026-05-07,Mr. Hogan,355,1.0,459,2.31584,1.0988,2.10335
2026-05-07#t2835w2,2026-05-07,Mr. Hogan,359,1.0,454,2.77867,-0.97409,1.98175
2026-05-07#t2838w0,2026-05-07,Hon. Mr. Legacy,257,0.0,326,2.65402,-1.17512,2.02248
2026-05-07#t2838w1,2026-05-07,Hon. Mr. Legacy,253,0.0,300,2.74122,-0.12856,1.93777
2026-05-07#t2838w2,2026-05-07,Hon. Mr. Legacy,359,0.0,443,2.65542,-0.16457,2.01333
2026-05-07#t2838w3,2026-05-07,Hon. Mr. Legacy,342,0.0,424,2.77548,-1.47712,1.94677
2026-05-07#t2839w0,2026-05-07,Hon. Mr. Legacy,223,0.552,277,2.66759,-0.62999,1.96233
2026-05-07#t2847w0,2026-05-07,Mr. Coon,313,1.0,388,2.71332,-0.2381,2.0273
2026-05-07#t2847w1,2026-05-07,Mr. Coon,297,1.0,387,2.62328,-0.23555,1.98161
2026-05-07#t2847w2,2026-05-07,Mr. Coon,231,1.0,274,2.56752,1.14629,2.06646
2026-05-07#t2847w3,2026-05-07,Mr. Coon,297,1.0,358,2.74793,1.3238,2.02044
2026-05-07#t2847w4,2026-05-07,Mr. Coon,331,1.0,408,2.79718,-0.37613,1.96343
2026-05-07#t2848w0,2026-05-07,Mr. Savoie,281,0.822,373,2.48769,-0.30919,2.02382
2026-05-07#t2849w0,2026-05-07,Mr. Savoie,331,1.0,404,2.74282,0.08967,2.02354
2026-05-07#t2849w1,2026-05-07,Mr. Savoie,289,1.0,355,2.42633,0.85871,2.129
2026-05-07#t2850w0,2026-05-07,Mr. Savoie,289,1.0,352,2.45262,1.5559,2.06343
2026-05-07#t2850w1,2026-05-07,Mr. Savoie,264,1.0,316,2.8054,0.02254,1.98498
2026-05-07#t2850w2,2026-05-07,Mr. Savoie,319,1.0,375,2.82788,-0.99134,2.03262
2026-05-07#t2850w3,2026-05-07,Mr. Savoie,360,1.0,425,2.48811,0.75104,2.10427
2026-05-07#t2850w4,2026-05-07,Mr. Savoie,123,1.0,152,2.33754,0.39327,2.15288
2026-05-07#t2851w0,2026-05-07,Ms. Wilcott,250,0.896,312,2.68051,0.40108,2.05824
2026-05-07#t2851w1,2026-05-07,Ms. Wilcott,226,1.0,294,2.55139,1.03215,2.05473
2026-05-07#t2851w2,2026-05-07,Ms. Wilcott,147,1.0,192,2.48721,-0.02608,2.0465
2026-05-07#t2852w0,2026-05-07,Ms. Wilcott,360,0.714,457,2.34536,0.35586,2.1084
2026-05-07#t2852w1,2026-05-07,Ms. Wilcott,351,0.624,420,2.62234,0.54261,2.00233
2026-05-07#t2852w2,2026-05-07,Ms. Wilcott,156,1.0,198,2.44243,1.76453,2.01484
2026-05-07#t2853w0,2026-05-07,Ms. Mitton,353,1.0,431,2.64791,-0.57719,2.05125
2026-05-07#t2853w1,2026-05-07,Ms. Mitton,173,0.971,213,2.90602,-0.58206,1.99561
2026-05-07#t2854w0,2026-05-07,Mr. Lee,325,1.0,399,2.44426,0.84279,2.11497
2026-05-07#t2855w0,2026-05-07,,351,0.96,426,2.67259,-0.56328,2.05706
2026-05-07#t2855w1,2026-05-07,,343,1.0,459,2.32097,0.15813,2.11316
2026-05-07#t2856w0,2026-05-07,Ms. M. Wilson,272,1.0,316,2.38015,0.50251,2.12163
2026-05-07#t2856w1,2026-05-07,Ms. M. Wilson,345,1.0,459,2.25587,0.14818,2.06561
2026-05-07#t2856w2,2026-05-07,Ms. M. Wilson,357,1.0,418,2.88654,-0.98045,1.99029
2026-05-07#t2856w3,2026-05-07,Ms. M. Wilson,291,1.0,351,2.39305,-0.08922,2.09398
2026-05-07#t2856w4,2026-05-07,Ms. M. Wilson,279,1.0,330,2.84387,-0.75412,1.96963
2026-05-07#t2856w5,2026-05-07,Ms. M. Wilson,262,1.0,302,2.87164,-0.91321,1.96216
2026-05-07#t2856w6,2026-05-07,Ms. M. Wilson,317,1.0,374,2.61673,-0.10772,2.07139
2026-05-07#t2856w7,2026-05-07,Ms. M. Wilson,329,1.0,428,2.37956,-0.90328,2.07884
2026-05-07#t2856w8,2026-05-07,Ms. M. Wilson,249,1.0,286,2.36721,0.02711,2.08842
2026-05-07#t2857w0,2026-05-07,Hon. Mr. Kennedy,338,0.885,417,2.33562,0.80634,2.05031
2026-05-07#t2857w1,2026-05-07,Hon. Mr. Kennedy,349,0.883,402,2.62278,-0.38723,2.0861
2026-05-07#t2862w0,2026-05-07,Mr. M. LeBlanc,67,1.0,77,2.65187,0.89265,1.89627
2026-05-07#t2864w0,2026-05-07,Hon. Mr. Kennedy,117,0.718,149,2.89738,-1.47284,1.9171
2026-05-07#t2866w0,2026-05-07,Hon. Mr. Kennedy,286,1.0,377,2.57609,0.79664,2.07727
2026-05-07#t2866w1,2026-05-07,Hon. Mr. Kennedy,315,1.0,402,2.90587,-2.13247,1.94874
2026-05-07#t2866w2,2026-05-07,Hon. Mr. Kennedy,287,1.0,344,2.47921,0.44501,2.05644
2026-05-07#t2867w0,2026-05-07,Ms. M. Wilson,50,1.0,68,2.77698,-0.47218,1.9797
2026-05-07#t2868w0,2026-05-07,Mr. M. LeBlanc,72,1.0,93,2.82438,-0.00321,2.13882
2026-05-07#t2870w0,2026-05-07,Hon. Mr. Kennedy,339,1.0,403,2.33899,-0.32055,2.15598
2026-05-07#t2870w1,2026-05-07,Hon. Mr. Kennedy,100,1.0,123,2.62102,-1.29159,2.00314
2026-05-07#t2871w0,2026-05-07,Mr. Lee,343,1.0,429,2.71902,0.92666,2.01262
2026-05-07#t2871w1,2026-05-07,Mr. Lee,322,1.0,393,2.51748,2.01977,2.08208
2026-05-07#t2871w2,2026-05-07,Mr. Lee,299,1.0,362,2.67263,1.93181,2.08188
2026-05-07#t2871w3,2026-05-07,Mr. Lee,337,1.0,406,2.21464,3.06448,2.11053
2026-05-07#t2871w4,2026-05-07,Mr. Lee,351,1.0,433,2.52039,1.47755,2.02532
2026-05-07#t2871w5,2026-05-07,Mr. Lee,274,1.0,403,1.79489,1.39049,2.26626
2026-05-07#t2873w0,2026-05-07,Mr. Doucet,286,0.031,352,2.49721,-0.96151,2.09393
2026-05-07#t2873w1,2026-05-07,Mr. Doucet,318,0.0,414,2.80021,-0.3465,1.99841
2026-05-07#t2873w2,2026-05-07,Mr. Doucet,317,0.744,405,2.75628,-0.13619,1.9899
2026-05-07#t2873w3,2026-05-07,Mr. Doucet,207,0.928,243,2.58989,0.14065,1.99526
2026-05-07#t2874w0,2026-05-07,Mr. Doucet,357,0.0,449,2.60459,0.22025,1.99986
2026-05-07#t2874w1,2026-05-07,Mr. Doucet,204,0.0,252,2.80499,-0.7732,2.02909
2026-05-07#t2875w0,2026-05-07,Mr. Doucet,138,0.0,181,3.01337,-0.57199,1.91779
2026-05-07#t2876w0,2026-05-07,Ms. S. Wilson,136,1.0,171,2.76141,0.28204,2.11564
2026-05-07#t2878w0,2026-05-07,Mr. M. LeBlanc,111,1.0,147,2.76725,0.92482,1.92153
2026-05-07#t2880w0,2026-05-07,Ms. S. Wilson,219,1.0,270,2.55527,0.01579,2.09913
2026-05-07#t2881w0,2026-05-07,Ms. S. Wilson,123,1.0,146,3.26322,-0.5312,1.93332
2026-05-07#t2883w0,2026-05-07,Mr. M. LeBlanc,51,1.0,60,3.21392,0.12558,1.86791
2026-05-07#t2885w0,2026-05-07,Ms. S. Wilson,117,1.0,146,2.54642,-0.05522,2.20224
2026-05-08#t2887w0,2026-05-08,Mr. M. LeBlanc,72,1.0,86,2.30924,0.35668,2.20886
2026-05-08#t2889w0,2026-05-08,Mr. Russell,106,1.0,138,2.43454,0.36429,2.0986
2026-05-08#t2890w0,2026-05-08,Mr. Bourque,329,0.0,436,2.25642,1.59193,2.10327
2026-05-08#t2891w0,2026-05-08,Ms. M. Johnson,226,0.982,287,2.09351,1.06386,2.18783
2026-05-08#t2892w0,2026-05-08,Ms. M. Wilson,137,1.0,172,2.35199,0.89607,1.95879
2026-05-08#t2893w0,2026-05-08,Hon. Ms. Boudreau,126,0.444,158,2.50633,0.04393,2.11385
2026-05-08#t2894w0,2026-05-08,Mr. Hogan,142,1.0,176,2.09373,1.04702,2.17353
2026-05-08#t2895w0,2026-05-08,Mr. Coon,144,0.972,205,2.16437,-0.60329,2.13494
2026-05-08#t2896w0,2026-05-08,Hon. Ms. Miles,184,1.0,261,2.45119,-1.31657,1.99387
2026-05-08#t2897w0,2026-05-08,Ms. M. Johnson,157,1.0,196,2.29746,-0.18049,1.97809
2026-05-08#t2898w0,2026-05-08,Ms. Mitton,141,1.0,183,2.49023,-0.78541,1.92621
2026-05-08#t2899w0,2026-05-08,Mr. M. LeBlanc,203,0.0,280,2.12677,0.3343,2.08417
2026-05-08#t2900w0,2026-05-08,Mr. Lee,144,1.0,170,3.10283,0.34998,1.88692
2026-05-08#t2901w0,2026-05-08,Ms. Mitton,165,1.0,218,2.40273,0.27138,2.02779
2026-05-08#t2902w0,2026-05-08,Mr. Mallet,131,0.0,167,2.61708,-1.4889,2.13815
2026-05-08#t2903w0,2026-05-08,Mr. Cullins,137,1.0,164,3.24633,-1.1196,1.89045
2026-05-08#t2905w0,2026-05-08,Mr. Johnston,154,0.578,197,2.66335,-0.79359,2.00633
2026-05-08#t2906w0,2026-05-08,Ms. M. Wilson,145,1.0,183,2.34493,2.0171,2.0397
2026-05-08#t2907w0,2026-05-08,Mr. J. LeBlanc,145,0.538,177,2.81657,-1.22273,2.01093
2026-05-08#t2908w0,2026-05-08,Ms. Conroy,140,1.0,170,2.71937,-0.19116,1.94289
2026-05-08#t2909w0,2026-05-08,Mr. Robichaud,153,0.373,194,2.3883,0.61715,2.11351
2026-05-08#t2910w0,2026-05-08,Mr. Hogan,127,1.0,167,2.2064,1.15086,2.14354
2026-05-08#t2911w0,2026-05-08,Mr. Savoie,124,0.919,168,2.63897,-0.32192,2.07125
2026-05-08#t2912w0,2026-05-08,Hon. Mr. D’Amours,186,0.0,231,2.26349,0.78193,2.02286
2026-05-08#t2913w0,2026-05-08,Mr. Savoie,103,1.0,136,2.83904,-0.82635,1.98994
2026-05-08#t2914w0,2026-05-08,Hon. Mr. D’Amours,196,0.245,234,1.92083,0.16773,2.15258
2026-05-08#t2915w0,2026-05-08,Mr. Savoie,120,1.0,164,2.61787,0.07563,1.99036
2026-05-08#t2916w0,2026-05-08,Hon. Mr. Randall,113,1.0,152,2.98226,-2.04115,1.88161
2026-05-08#t2917w0,2026-05-08,Mr. Savoie,157,1.0,222,2.60757,0.03324,2.00378
2026-05-08#t2918w0,2026-05-08,Hon. Mr. Randall,152,1.0,187,2.53383,-0.00848,2.01722
2026-05-08#t2919w0,2026-05-08,Mr. Savoie,75,1.0,89,3.13639,0.10602,1.85929
2026-05-08#t2920w0,2026-05-08,Hon. Mr. Randall,147,1.0,185,2.81816,-1.01891,1.93509
2026-05-08#t2921w0,2026-05-08,Mr. Savoie,159,1.0,191,3.11564,-0.42198,1.93215
2026-05-08#t2922w0,2026-05-08,Hon. Mr. Finnigan,107,0.963,133,2.82694,-0.09865,2.03565
2026-05-08#t2923w0,2026-05-08,Mr. Savoie,112,1.0,137,3.0495,-1.04758,1.86617
2026-05-08#t2924w0,2026-05-08,Hon. Mr. Finnigan,111,0.0,143,2.60053,0.00524,2.06111
2026-05-08#t2925w0,2026-05-08,Mr. Savoie,91,1.0,120,2.79574,-0.32234,1.9136
2026-05-08#t2926w0,2026-05-08,Hon. Mr. Finnigan,137,0.942,163,2.57444,0.6697,2.05459
2026-05-08#t2927w0,2026-05-08,Mr. Savoie,139,1.0,172,2.6638,0.03435,2.10416
2026-05-08#t2928w0,2026-05-08,Hon. Mr. Finnigan,140,0.0,168,2.88228,-0.54311,1.92887
2026-05-08#t2929w0,2026-05-08,Mr. Savoie,167,1.0,222,2.68661,-0.60441,2.03252
2026-05-08#t2930w0,2026-05-08,Hon. Mr. Finnigan,109,0.927,129,2.9393,-0.2119,2.00051
2026-05-08#t2931w0,2026-05-08,Mr. Savoie,132,1.0,167,2.6469,0.01235,2.02243
2026-05-08#t2932w0,2026-05-08,Hon. Mr. Finnigan,124,0.952,151,2.87319,0.48238,1.95595
2026-05-08#t2933w0,2026-05-08,Ms. M. Johnson,121,1.0,146,2.59062,-0.58475,2.06539
2026-05-08#t2934w0,2026-05-08,Hon. Ms. Miles,172,1.0,226,2.33014,0.54147,2.16756
2026-05-08#t2935w0,2026-05-08,Ms. M. Johnson,166,1.0,207,3.19661,-2.79776,1.88605
2026-05-08#t2936w0,2026-05-08,Hon. Ms. Miles,167,1.0,208,2.78104,-1.43032,1.96159
2026-05-08#t2937w0,2026-05-08,Ms. M. Johnson,178,1.0,219,2.85735,-0.21673,1.9902
2026-05-08#t2938w0,2026-05-08,Hon. Ms. Miles,139,1.0,177,2.33265,-0.28699,2.24487
2026-05-08#t2939w0,2026-05-08,Mr. Hogan,98,1.0,120,2.31486,1.36643,2.169
2026-05-08#t2940w0,2026-05-08,Hon. Mr. Dornan,175,1.0,212,2.82367,-0.22343,2.02081
2026-05-08#t2941w0,2026-05-08,Mr. Hogan,175,1.0,217,2.72672,0.61179,2.05089
2026-05-08#t2942w0,2026-05-08,Hon. Mr. Dornan,146,1.0,168,2.65039,-0.1353,2.06566
2026-05-08#t2944w0,2026-05-08,Madam Speaker,108,1.0,125,2.31337,1.06394,2.17067
2026-05-08#t2945w0,2026-05-08,Hon. Mr. Kennedy,126,0.714,155,2.37717,-0.79222,2.07103
2026-05-08#t2946w0,2026-05-08,Mr. Russell,188,1.0,215,2.54617,0.05381,2.11912
2026-05-08#t2947w0,2026-05-08,Mr. Coon,155,0.974,190,2.58422,-0.37784,2.03616
2026-05-08#t2948w0,2026-05-08,Hon. Mr. Randall,248,0.863,294,2.23314,0.70467,2.12183
2026-05-08#t2949w0,2026-05-08,Mr. Russell,278,1.0,335,2.6025,-1.0765,1.99878
2026-05-08#t2950w0,2026-05-08,Ms. Mitton,236,1.0,290,2.51936,0.15306,2.05919
2026-05-08#t2951w0,2026-05-08,Hon. Mr. Legacy,304,0.257,406,2.47018,-1.13158,2.03352
2026-05-08#t2951w1,2026-05-08,Hon. Mr. Legacy,188,0.979,220,2.37621,-0.50104,2.07306
2026-05-08#t2952w0,2026-05-08,Mr. Savoie,349,0.983,412,2.7006,-1.46947,2.03181
2026-05-08#t2952w1,2026-05-08,Mr. Savoie,143,1.0,164,2.82663,0.02826,2.00488
2026-05-08#t2953w0,2026-05-08,Ms. Mitton,266,0.985,313,2.43887,1.70352,2.10346
2026-05-08#t2953w1,2026-05-08,Ms. Mitton,101,1.0,121,2.56326,0.71954,2.12144
2026-05-08#t2954w0,2026-05-08,Hon. Mr. Dornan,158,0.835,192,2.47766,-1.79764,1.99757
2026-05-08#t2955w0,2026-05-08,Mr. Hogan,207,1.0,243,2.4092,0.12473,2.07243
2026-05-08#t2956w0,2026-05-08,Mr. Coon,225,1.0,291,2.4904,0.37494,2.01582
2026-05-08#t2958w0,2026-05-08,Mr. M. LeBlanc,347,0.386,470,2.08346,1.23291,2.11409
2026-05-08#t2958w1,2026-05-08,Mr. M. LeBlanc,292,1.0,357,2.00916,1.44994,2.18273
2026-05-08#t2959w0,2026-05-08,Mr. M. LeBlanc,210,0.733,306,2.03625,0.03549,2.01949
2026-05-08#t2962w0,2026-05-08,Mr. Hogan,76,0.724,107,2.75297,0.64144,1.9157
2026-05-08#t2963w0,2026-05-08,Madam Speaker,336,1.0,436,2.42929,0.25154,2.06917
2026-05-08#t2963w1,2026-05-08,Madam Speaker,312,1.0,385,2.60407,0.04841,2.05056
2026-05-08#t2963w2,2026-05-08,Madam Speaker,91,1.0,128,2.4834,0.64625,2.13782
2026-05-08#t2965w0,2026-05-08,Mr. Hogan,347,1.0,449,2.66539,-1.21145,2.05687
2026-05-08#t2965w1,2026-05-08,Mr. Hogan,73,1.0,90,3.20644,-0.11756,1.97167
2026-05-08#t2966w0,2026-05-08,Mr. Hogan,136,1.0,182,2.62379,-0.01517,2.074
2026-05-08#t2968w0,2026-05-08,Mr. Hogan,61,1.0,75,2.95123,0.41758,1.96456
2026-05-08#t2974w0,2026-05-08,Mr. Hogan,122,1.0,166,2.58787,0.55705,2.00339
2026-05-08#t2975w0,2026-05-08,Mr. Hogan,51,1.0,67,2.76266,-0.16532,2.12178
2026-05-08#t2976w0,2026-05-08,Mr. Hogan,263,1.0,339,2.53711,1.14135,2.13687
2026-05-08#t2976w1,2026-05-08,Mr. Hogan,107,1.0,133,2.92138,-0.0504,1.95861
2026-05-08#t2977w0,2026-05-08,Mr. M. LeBlanc,64,1.0,77,2.48517,0.76805,2.06574
2026-05-08#t2979w0,2026-05-08,Mr. Hogan,60,1.0,75,2.99982,-0.57125,1.99037
2026-05-08#t2981w0,2026-05-08,Mr. Hogan,66,1.0,85,3.46374,-0.85612,1.95534
2026-05-08#t2983w0,2026-05-08,Mr. M. LeBlanc,69,1.0,78,3.08186,-0.20972,1.92623
2026-05-08#t2991w0,2026-05-08,Mr. Hogan,205,1.0,289,2.34545,2.65161,2.12557
2026-05-08#t2992w0,2026-05-08,Mr. M. LeBlanc,61,0.754,91,2.3796,0.09557,2.06527
2026-05-13#t2993w0,2026-05-13,Hon. Mr. Finnigan,256,0.512,321,2.36748,-0.61464,2.12074
2026-05-13#t2995w0,2026-05-13,Mr. Bourque,195,0.0,246,2.29482,1.00933,2.18129
2026-05-13#t2996w0,2026-05-13,Hon. Mr. Herron,159,1.0,190,2.60388,-0.84987,2.05479
2026-05-13#t2997w0,2026-05-13,Hon. Ms. Holt,134,0.955,155,2.6864,-0.79879,1.95633
2026-05-13#t2998w0,2026-05-13,Hon. Ms. Holt,269,1.0,345,1.97818,3.18049,2.12917
2026-05-13#t2999w0,2026-05-13,Ms. M. Wilson,149,1.0,197,2.15957,0.56759,2.09948
2026-05-13#t3000w0,2026-05-13,Mr. Coon,150,1.0,191,2.22505,0.998,1.98802
2026-05-13#t3001w0,2026-05-13,Mr. Bourque,193,0.0,296,2.19186,0.93854,2.05226
2026-05-13#t3002w0,2026-05-13,Mr. Hogan,161,1.0,205,2.01077,1.13747,2.10783
2026-05-13#t3004w0,2026-05-13,Mr. Hogan,146,1.0,187,2.17827,1.08249,2.15119
2026-05-13#t3007w0,2026-05-13,Hon. Ms. Thériault,293,0.0,376,2.26212,0.30907,2.05213
2026-05-13#t3008w0,2026-05-13,Hon. Ms. Boudreau,144,0.0,183,2.41066,1.35171,2.14287
2026-05-13#t3009w0,2026-05-13,Mr. Ames,131,1.0,164,2.2118,-0.30649,2.01472
2026-05-13#t3010w0,2026-05-13,Ms. Mitton,159,1.0,199,2.41349,0.50396,2.0022
2026-05-13#t3011w0,2026-05-13,Ms. Scott-Wallace,156,1.0,196,2.85423,-1.19015,2.02251
2026-05-13#t3012w0,2026-05-13,Ms. Mitton,162,1.0,189,2.53237,0.55215,2.04856
2026-05-13#t3013w0,2026-05-13,Mr. Doucet,179,0.0,231,2.55261,-0.46108,1.96437
2026-05-13#t3014w0,2026-05-13,Mr. Russell,177,1.0,251,2.4031,0.12993,2.05619
2026-05-13#t3015w0,2026-05-13,Mr. J. LeBlanc,153,0.549,176,2.55364,-0.44044,1.98827
2026-05-13#t3016w0,2026-05-13,Mr. Weir,144,1.0,176,2.551,-0.29688,2.0186
2026-05-13#t3017w0,2026-05-13,Ms. Vautour,132,0.0,158,2.83247,1.17202,2.00819
2026-05-13#t3018w0,2026-05-13,Mr. Cullins,139,1.0,193,2.9896,-0.52759,1.91904
2026-05-13#t3019w0,2026-05-13,Mr. Robichaud,161,0.298,190,2.60271,-0.75551,1.98534
2026-05-13#t3020w0,2026-05-13,Mr. Monahan,137,1.0,187,2.47189,-0.15898,1.94236
2026-05-13#t3021w0,2026-05-13,Mr. Savoie,174,0.943,207,2.66014,-0.47915,2.00086
2026-05-13#t3022w0,2026-05-13,Hon. Mr. Randall,109,1.0,129,2.78213,-1.807,1.92677
2026-05-13#t3023w0,2026-05-13,Mr. Savoie,203,1.0,259,2.64599,-1.74699,1.98851
2026-05-13#t3024w0,2026-05-13,Hon. Mr. Randall,159,1.0,204,2.64086,-0.579,1.99053
2026-05-13#t3025w0,2026-05-13,Mr. Savoie,176,1.0,205,3.19782,-1.12296,1.90276
2026-05-13#t3026w0,2026-05-13,Hon. Mr. Randall,82,1.0,106,3.12024,-1.06008,1.93721
2026-05-13#t3027w0,2026-05-13,Mr. Savoie,186,1.0,219,2.45314,0.03363,2.06677
2026-05-13#t3029w0,2026-05-13,Hon. Mr. Randall,81,1.0,104,3.32736,-2.29888,1.89899
2026-05-13#t3030w0,2026-05-13,Mr. Savoie,205,1.0,256,2.73107,-0.82681,1.97114
2026-05-13#t3031w0,2026-05-13,Hon. Mr. Randall,144,1.0,185,2.45573,-0.85444,2.01644
2026-05-13#t3032w0,2026-05-13,Mr. Savoie,173,1.0,222,2.83488,-1.09001,1.92243
2026-05-13#t3033w0,2026-05-13,Hon. Mr. Randall,141,1.0,192,2.56923,0.34317,2.14156
2026-05-13#t3034w0,2026-05-13,Mr. Savoie,167,1.0,221,2.81067,-0.9445,1.99046
2026-05-13#t3036w0,2026-05-13,Mr. Hogan,90,1.0,117,2.57275,-0.57687,1.94764
2026-05-13#t3037w0,2026-05-13,Hon. Mr. Dornan,125,1.0,154,2.70424,-1.07266,2.00186
2026-05-13#t3038w0,2026-05-13,Mr. Hogan,122,1.0,150,2.72295,-1.16934,1.97265
2026-05-13#t3039w0,2026-05-13,Hon. Mr. Dornan,138,1.0,171,2.68102,-1.0145,2.01833
2026-05-13#t3040w0,2026-05-13,Mr. Hogan,160,1.0,205,2.42404,-0.03446,1.99287
2026-05-13#t3041w0,2026-05-13,Hon. Mr. Dornan,118,1.0,143,2.9645,-1.63184,2.00267
2026-05-13#t3042w0,2026-05-13,Ms. Mitton,121,1.0,154,2.36637,0.68658,1.99161
2026-05-13#t3043w0,2026-05-13,Hon. Ms. Holt,190,1.0,230,2.39997,-0.56056,2.1105
2026-05-13#t3044w0,2026-05-13,Ms. Mitton,153,1.0,179,2.83939,1.11855,2.02741
2026-05-13#t3045w0,2026-05-13,Hon. C. Johnson,148,1.0,171,2.6342,0.18392,2.05282
2026-05-13#t3046w0,2026-05-13,Ms. Mitton,175,1.0,200,2.99791,-0.05151,1.9209
2026-05-13#t3047w0,2026-05-13,L’hon. C. Johnson,140,0.0,175,2.55327,0.56112,2.12578
2026-05-13#t3048w0,2026-05-13,Mr. Monahan,156,1.0,187,2.74948,1.06619,1.99515
2026-05-13#t3049w0,2026-05-13,Hon. Mr. Legacy,198,1.0,244,2.4395,1.34945,2.12311
2026-05-13#t3050w0,2026-05-13,M. Monahan,135,0.0,164,2.92149,0.2031,1.93886
2026-05-13#t3051w0,2026-05-13,L’hon. M. Legacy,170,0.0,201,2.67601,-0.61053,2.00349
2026-05-13#t3052w0,2026-05-13,Mr. Monahan,174,1.0,199,2.86899,-0.66647,1.97637
2026-05-13#t3053w0,2026-05-13,Hon. Mr. Legacy,169,1.0,215,2.75463,0.23417,1.99209
2026-05-13#t3055w0,2026-05-13,Hon. Mr. Gauvin,221,0.0,287,2.78522,-1.48129,1.92156
2026-05-13#t3056w0,2026-05-13,Mr. Savoie,79,0.0,101,2.60566,-0.12174,1.92995
2026-05-13#t3057w0,2026-05-13,Hon. Mr. Gauvin,203,0.379,241,1.85023,1.4498,2.28146
2026-05-13#t3058w0,2026-05-13,Mr. Ames,126,1.0,151,1.62019,1.72966,2.24392
2026-05-13#t3059w0,2026-05-13,Mr. Coon,224,0.911,269,2.30125,-0.50967,2.06769
2026-05-13#t3060w0,2026-05-13,Hon. Mr. McKee,132,0.538,168,2.42906,-1.10108,1.98114
2026-05-13#t3061w0,2026-05-13,Mr. Weir,137,1.0,171,2.66644,0.07704,1.95794
2026-05-13#t3062w0,2026-05-13,Mr. Coon,151,1.0,207,2.58596,-1.60944,2.07093
2026-05-13#t3063w0,2026-05-13,Hon. C. Chiasson,309,0.731,372,1.9292,3.00541,2.22739
2026-05-13#t3064w0,2026-05-13,Mr. Oliver,147,1.0,164,2.36103,0.6456,2.09539
2026-05-13#t3065w0,2026-05-13,Mr. Coon,218,0.982,281,2.49065,-0.83587,2.02072
2026-05-13#t3067w0,2026-05-13,Hon. Mr. Herron,138,0.761,181,2.5046,0.06558,2.00737
2026-05-13#t3068w0,2026-05-13,Ms. M. Johnson,88,1.0,120,2.42434,-0.09833,1.95755
2026-05-13#t3069w0,2026-05-13,Mr. M. LeBlanc,332,0.843,423,2.28658,0.28358,2.09512
2026-05-13#t3069w1,2026-05-13,Mr. M. LeBlanc,355,1.0,426,2.70009,-1.22523,1.98806
2026-05-13#t3069w2,2026-05-13,Mr. M. LeBlanc,324,1.0,388,2.61249,0.13016,2.02351
2026-05-13#t3069w3,2026-05-13,Mr. M. LeBlanc,274,1.0,327,2.80213,-0.73558,1.99858
2026-05-13#t3069w4,2026-05-13,Mr. M. LeBlanc,245,1.0,292,2.77621,-1.4344,1.94491
2026-05-13#t3070w0,2026-05-13,Ms. M. Johnson,260,1.0,321,3.0812,-2.18561,1.92419
2026-05-13#t3070w1,2026-05-13,Ms. M. Johnson,328,1.0,398,2.59674,-1.36099,2.04429
2026-05-13#t3070w2,2026-05-13,Ms. M. Johnson,348,1.0,415,2.8121,-1.52856,1.94411
2026-05-13#t3070w3,2026-05-13,Ms. M. Johnson,131,1.0,157,2.91364,-1.7075,2.00608
2026-05-13#t3071w0,2026-05-13,Mr. Cullins,262,1.0,305,2.43214,-1.5204,2.1892
2026-05-13#t3071w1,2026-05-13,Mr. Cullins,300,1.0,342,2.63239,-0.15247,2.11401
2026-05-13#t3071w2,2026-05-13,Mr. Cullins,357,1.0,415,2.96534,-0.58502,2.00205
2026-05-13#t3071w3,2026-05-13,Mr. Cullins,131,1.0,159,2.8611,-1.7135,1.96605
2026-05-13#t3072w0,2026-05-13,Mr. Ames,290,1.0,351,2.18395,-0.54737,2.13643
2026-05-13#t3072w1,2026-05-13,Mr. Ames,351,1.0,410,2.69536,-1.01939,2.06079
2026-05-13#t3072w2,2026-05-13,Mr. Ames,284,1.0,344,3.2931,-2.41689,1.8801
2026-05-13#t3072w3,2026-05-13,Mr. Ames,138,1.0,176,3.07272,-1.79431,1.93509
2026-05-13#t3075w0,2026-05-13,Mr. Ames,272,1.0,330,2.3685,-1.38354,2.09127
2026-05-13#t3075w1,2026-05-13,Mr. Ames,160,1.0,191,2.68039,-0.37495,2.05846
2026-05-13#t3076w0,2026-05-13,Mr. Ames,257,1.0,307,3.24498,-1.93059,1.91756
2026-05-13#t3076w1,2026-05-13,Mr. Ames,340,1.0,403,3.2153,-3.02087,1.91916
2026-05-13#t3076w2,2026-05-13,Mr. Ames,352,1.0,429,2.99578,-1.8178,1.92654
2026-05-13#t3076w3,2026-05-13,Mr. Ames,286,1.0,348,3.11306,-2.33762,1.89957
2026-05-13#t3077w0,2026-05-13,Mr. Monahan,349,0.862,420,2.24739,0.70717,2.09789
2026-05-13#t3077w1,2026-05-13,Mr. Monahan,115,1.0,139,2.57966,0.09943,2.07836
2026-05-13#t3078w0,2026-05-13,Mr. Monahan,61,1.0,80,3.06677,0.33395,1.98653
2026-05-13#t3079w0,2026-05-13,Mr. Monahan,343,0.778,410,2.61296,-0.62838,2.04076
2026-05-13#t3079w1,2026-05-13,Mr. Monahan,281,0.801,361,2.77905,-0.91657,1.99911
2026-05-13#t3079w2,2026-05-13,Mr. Monahan,268,1.0,336,2.49304,-0.81497,2.05129
2026-05-13#t3081w0,2026-05-13,Mr. Monahan,76,1.0,89,3.14337,0.81748,2.04784
2026-05-13#t3082w0,2026-05-13,Mr. Monahan,100,1.0,118,2.48077,1.46685,2.10303
2026-05-13#t3083w0,2026-05-13,Mr. Monahan,294,0.789,354,2.84694,-0.47783,1.94834
2026-05-13#t3083w1,2026-05-13,Mr. Monahan,349,1.0,442,2.60647,-0.37703,2.04904
2026-05-13#t3083w2,2026-05-13,Mr. Monahan,241,0.913,303,2.92116,0.24402,1.93882
2026-05-13#t3084w0,2026-05-13,Mr. Monahan,336,0.807,398,2.37852,0.08284,2.1276
2026-05-13#t3084w1,2026-05-13,Mr. Monahan,358,0.885,429,2.96475,-1.66628,1.92396
2026-05-13#t3084w2,2026-05-13,Mr. Monahan,121,1.0,158,3.12987,-1.73155,1.86933
2026-05-13#t3085w0,2026-05-13,Mr. Monahan,309,0.738,400,2.75688,-1.66104,1.95162
2026-05-13#t3086w0,2026-05-13,Mr. Weir,360,1.0,449,2.51371,-1.63264,2.08281
2026-05-13#t3086w1,2026-05-13,Mr. Weir,343,1.0,402,2.6459,-1.12964,2.13796
2026-05-13#t3086w2,2026-05-13,Mr. Weir,314,1.0,392,2.82244,0.18841,2.05074
2026-05-13#t3086w3,2026-05-13,Mr. Weir,337,1.0,429,2.53251,0.08321,2.08301
2026-05-13#t3086w4,2026-05-13,Mr. Weir,286,1.0,359,2.70855,-1.08666,2.02246
2026-05-13#t3086w5,2026-05-13,Mr. Weir,358,1.0,442,2.67482,-0.78382,2.0544
2026-05-13#t3086w6,2026-05-13,Mr. Weir,320,1.0,425,2.46823,0.15422,2.05339
2026-05-13#t3086w7,2026-05-13,Mr. Weir,327,1.0,416,2.74029,-0.48513,2.07841
2026-05-13#t3086w8,2026-05-13,Mr. Weir,319,1.0,406,2.33498,-0.345,2.1157
2026-05-13#t3086w9,2026-05-13,Mr. Weir,335,1.0,409,2.56726,1.63948,2.10474
2026-05-13#t3086w10,2026-05-13,Mr. Weir,353,1.0,440,2.56436,1.33087,2.09063
2026-05-13#t3086w11,2026-05-13,Mr. Weir,302,1.0,356,2.65692,-0.51895,2.07346
2026-05-13#t3086w12,2026-05-13,Mr. Weir,331,1.0,389,2.53223,1.6603,2.05631
2026-05-13#t3086w13,2026-05-13,Mr. Weir,308,1.0,379,2.79519,1.57762,1.99394
2026-05-13#t3086w14,2026-05-13,Mr. Weir,248,1.0,296,2.65218,0.14852,2.08229
2026-05-13#t3087w0,2026-05-13,Mr. Weir,301,1.0,397,2.37495,-0.51934,2.11567
2026-05-13#t3087w1,2026-05-13,Mr. Weir,92,1.0,117,2.62237,-1.24397,2.06985
2026-05-13#t3088w0,2026-05-13,Mr. Weir,335,1.0,405,2.79171,-0.13291,2.00243
2026-05-13#t3090w0,2026-05-13,Mr. M. LeBlanc,323,1.0,360,2.44486,1.06282,2.12086
2026-05-13#t3090w1,2026-05-13,Mr. M. LeBlanc,194,1.0,234,2.49316,-0.03861,2.12858
2026-05-13#t3092w0,2026-05-13,Mr. Deputy Speaker,118,1.0,135,2.84307,0.78425,2.05051
2026-05-13#t3093w0,2026-05-13,Mr. M. LeBlanc,355,1.0,435,2.29484,0.13453,2.12304
2026-05-13#t3093w1,2026-05-13,Mr. M. LeBlanc,337,1.0,408,2.5046,-0.41,2.08541
2026-05-13#t3093w2,2026-05-13,Mr. M. LeBlanc,113,1.0,138,2.69114,0.41331,1.99893
2026-05-13#t3094w0,2026-05-13,Mr. M. LeBlanc,135,1.0,172,2.79218,-0.12396,1.95088
2026-05-13#t3095w0,2026-05-13,,354,0.63,433,2.20515,1.36543,2.05569
2026-05-13#t3095w1,2026-05-13,,358,1.0,415,2.64641,-0.77445,2.02306
2026-05-13#t3095w2,2026-05-13,,344,0.587,406,2.42026,-0.1347,2.08135
2026-05-13#t3095w3,2026-05-13,,292,0.123,348,2.62536,-0.2201,2.07509
2026-05-13#t3095w4,2026-05-13,,263,1.0,317,2.35762,1.08681,2.15179
2026-05-13#t3095w5,2026-05-13,,187,1.0,241,2.02145,0.94745,2.13154
2026-05-14#t3096w0,2026-05-14,Hon. Mr. Herron,133,0.759,170,2.86676,-0.78455,1.89213
2026-05-14#t3097w0,2026-05-14,Mr. Bourque,180,0.0,323,1.91435,1.72627,1.9954
2026-05-14#t3098w0,2026-05-14,Hon. C. Chiasson,318,1.0,431,2.09671,0.6092,2.02759
2026-05-14#t3099w0,2026-05-14,Mr. Robichaud,189,0.0,246,2.71115,0.17438,1.9392
2026-05-14#t3100w0,2026-05-14,Mr. Weir,148,0.858,201,2.58665,-0.24932,1.9461
2026-05-14#t3101w0,2026-05-14,Mr. Coon,177,1.0,226,2.46759,0.2373,2.00187
2026-05-14#t3102w0,2026-05-14,Mr. Mallet,151,0.0,208,2.599,-0.32661,1.90428
2026-05-14#t3103w0,2026-05-14,Mr. Russell,150,1.0,184,2.6376,0.25367,1.98004
2026-05-14#t3104w0,2026-05-14,Ms. Mitton,165,1.0,206,2.73078,-0.15453,1.9074
2026-05-14#t3105w0,2026-05-14,Mr. Monahan,147,1.0,169,2.55268,1.04371,2.00707
2026-05-14#t3106w0,2026-05-14,Ms. Scott-Wallace,198,1.0,237,2.42384,-0.06122,2.0917
2026-05-14#t3107w0,2026-05-14,Ms. Conroy,160,1.0,203,2.69102,-0.71593,1.97235
2026-05-14#t3108w0,2026-05-14,Mr. Coon,177,0.977,235,2.45681,-0.40786,2.02248
2026-05-14#t3109w0,2026-05-14,Mr. Doucet,170,0.0,222,2.56245,-1.15725,2.06353
2026-05-14#t3110w0,2026-05-14,Mr. Oliver,155,1.0,188,2.72906,0.29677,1.98451
2026-05-14#t3111w0,2026-05-14,Ms. Vautour,155,0.0,186,2.45406,0.71593,2.07573
2026-05-14#t3112w0,2026-05-14,Mr. Weir,159,1.0,192,2.73553,0.56904,1.88046
2026-05-14#t3113w0,2026-05-14,Mr. M. LeBlanc,146,0.0,178,2.55332,0.49859,1.96029
2026-05-14#t3114w0,2026-05-14,Ms. M. Johnson,164,1.0,255,2.39059,0.71757,1.9952
2026-05-14#t3115w0,2026-05-14,Mr. Mallet,101,0.0,122,2.70955,0.02814,1.98551
2026-05-14#t3116w0,2026-05-14,Mr. Monahan,138,1.0,176,2.99692,-0.31276,1.87303
2026-05-14#t3117w0,2026-05-14,Mr. Savoie,191,0.927,232,2.74198,-1.22028,1.98938
2026-05-14#t3118w0,2026-05-14,Hon. Ms. Holt,77,0.948,90,2.5266,1.01743,1.9582
2026-05-14#t3119w0,2026-05-14,Hon. Ms. Holt,124,0.71,160,2.76633,-0.63625,1.93986
2026-05-14#t3120w0,2026-05-14,Mr. Savoie,164,1.0,197,3.10967,-1.7769,1.92031
2026-05-14#t3121w0,2026-05-14,Hon. Ms. Holt,199,1.0,236,2.4555,0.97647,2.09847
2026-05-14#t3122w0,2026-05-14,Mr. Savoie,159,1.0,204,2.70715,-0.62032,2.03105
2026-05-14#t3123w0,2026-05-14,Hon. Ms. Holt,206,1.0,249,2.45027,-0.12517,2.1164
2026-05-14#t3124w0,2026-05-14,Mr. Savoie,177,1.0,225,3.23177,-0.89188,1.91116
2026-05-14#t3125w0,2026-05-14,Hon. Ms. Holt,142,0.0,168,2.97744,-1.33814,1.95759
2026-05-14#t3126w0,2026-05-14,Mr. Savoie,187,0.914,237,2.65461,-0.86894,1.93924
2026-05-14#t3127w0,2026-05-14,Hon. Ms. Holt,201,1.0,249,2.33318,0.71706,2.12964
2026-05-14#t3128w0,2026-05-14,Mr. Savoie,176,1.0,220,2.4878,-1.03735,2.05685
2026-05-14#t3129w0,2026-05-14,Hon. Ms. Holt,188,1.0,223,2.60818,0.2176,1.98152
2026-05-14#t3130w0,2026-05-14,Mr. Lee,147,1.0,183,2.27857,-1.06961,2.10942
2026-05-14#t3131w0,2026-05-14,Hon. C. Johnson,120,1.0,144,2.46115,0.74579,2.09767
2026-05-14#t3132w0,2026-05-14,Mr. Lee,155,1.0,207,2.81889,-1.79221,1.95179
2026-05-14#t3133w0,2026-05-14,Hon. C. Johnson,80,0.0,98,2.90404,-0.63637,2.01187
2026-05-14#t3134w0,2026-05-14,Mr. Lee,143,1.0,177,3.00225,-1.22884,1.9334
2026-05-14#t3135w0,2026-05-14,Hon. C. Johnson,126,1.0,160,2.4441,0.45299,2.09061
2026-05-14#t3136w0,2026-05-14,Mr. Coon,147,1.0,205,2.32882,0.51701,2.05856
2026-05-14#t3137w0,2026-05-14,Hon. Mr. Legacy,137,1.0,175,2.8532,0.03877,2.00852
2026-05-14#t3138w0,2026-05-14,M. Coon,136,0.066,157,2.43923,1.59008,2.12046
2026-05-14#t3139w0,2026-05-14,Hon. Ms. Miles,151,1.0,196,2.90759,-2.10424,2.00751
2026-05-14#t3140w0,2026-05-14,Mr. Austin,137,1.0,172,2.3207,0.95794,2.10581
2026-05-14#t3141w0,2026-05-14,Hon. Mr. Legacy,179,1.0,223,2.54346,0.87262,2.15853
2026-05-14#t3142w0,2026-05-14,Mr. Austin,163,1.0,200,2.50007,0.63706,2.08188
2026-05-14#t3143w0,2026-05-14,Hon. Mr. Legacy,96,1.0,128,2.88791,-0.40047,1.99336
2026-05-14#t3144w0,2026-05-14,Mr. Austin,150,1.0,184,3.30149,-2.43817,1.90499
2026-05-14#t3145w0,2026-05-14,Hon. Mr. Legacy,143,1.0,181,2.6745,-1.52956,2.04053
2026-05-14#t3146w0,2026-05-14,Mr. Savoie,182,1.0,226,2.48518,1.14975,2.05088
2026-05-14#t3147w0,2026-05-14,Hon. Ms. Holt,204,1.0,255,2.55116,-0.73438,2.07191
2026-05-14#t3149w0,2026-05-14,Hon. Ms. Thériault,296,0.0,363,2.38629,0.40888,2.06375
2026-05-14#t3150w0,2026-05-14,Ms. M. Wilson,254,1.0,311,2.26411,-0.3953,2.09167
2026-05-14#t3151w0,2026-05-14,Mr. Coon,127,0.118,163,2.43159,-0.52308,2.04408
2026-05-14#t3152w0,2026-05-14,Hon. C. Chiasson,73,0.877,96,2.64589,0.32466,2.00023
2026-05-14#t3153w0,2026-05-14,Hon. C. Chiasson,101,1.0,123,2.93813,-1.01917,1.94615
2026-05-14#t3155w0,2026-05-14,Mr. Oliver,185,1.0,237,2.53684,0.27495,2.0813
2026-05-14#t3156w0,2026-05-14,Ms. Mitton,203,1.0,250,2.69898,-0.65236,2.06027
2026-05-14#t3157w0,2026-05-14,Hon. Mr. Herron,347,0.813,418,2.26271,1.02355,2.10529
2026-05-14#t3157w1,2026-05-14,Hon. Mr. Herron,97,1.0,119,2.57889,-2.12516,2.03101
2026-05-14#t3158w0,2026-05-14,Mr. Austin,235,1.0,281,2.42524,0.31389,2.05437
2026-05-14#t3158w1,2026-05-14,Mr. Austin,277,1.0,345,2.33015,0.22506,2.13626
2026-05-14#t3159w0,2026-05-14,Mr. Coon,289,0.986,380,2.59473,-0.65117,2.10478
2026-05-14#t3159w1,2026-05-14,Mr. Coon,168,1.0,210,2.71145,-0.21531,2.02697
2026-05-14#t3160w0,2026-05-14,Hon. Mr. Randall,185,0.805,213,2.34125,0.24638,2.16405
2026-05-14#t3161w0,2026-05-14,Ms. Conroy,169,1.0,203,2.02667,1.52347,2.19005
2026-05-14#t3162w0,2026-05-14,Mr. Coon,187,0.979,231,2.55467,-0.23898,2.10441
2026-05-14#t3164w0,2026-05-14,Ms. M. Johnson,220,0.773,282,2.6059,-0.57416,2.02705
2026-05-14#t3165w0,2026-05-14,Ms. M. Johnson,86,1.0,113,2.45065,0.00078,1.89161
2026-05-14#t3166w0,2026-05-14,Mr. M. LeBlanc,339,1.0,475,2.18247,0.5416,2.11836
2026-05-14#t3166w1,2026-05-14,Mr. M. LeBlanc,360,1.0,414,2.72588,0.23434,2.02663
2026-05-14#t3166w2,2026-05-14,Mr. M. LeBlanc,289,1.0,358,2.87606,0.26416,2.01752
2026-05-14#t3166w3,2026-05-14,Mr. M. LeBlanc,223,1.0,268,2.47672,-0.1655,2.05459
2026-05-14#t3166w4,2026-05-14,Mr. M. LeBlanc,260,1.0,310,2.46048,1.07221,2.19472
2026-05-14#t3167w0,2026-05-14,Ms. Mitton,308,0.948,374,2.38433,0.66476,2.15072
2026-05-14#t3167w1,2026-05-14,Ms. Mitton,327,1.0,390,2.65848,0.95315,2.03915
2026-05-14#t3167w2,2026-05-14,Ms. Mitton,335,1.0,429,2.42269,0.33554,2.03615
2026-05-14#t3167w3,2026-05-14,Ms. Mitton,350,0.994,421,2.65278,0.26467,2.05337
2026-05-14#t3169w0,2026-05-14,Mr. Bourque,356,0.0,439,2.49582,-1.22074,2.09596
2026-05-14#t3169w1,2026-05-14,Mr. Bourque,344,0.032,444,2.52896,-1.07785,2.13141
2026-05-14#t3169w2,2026-05-14,Mr. Bourque,353,0.048,448,2.37274,0.70644,2.10175
2026-05-14#t3169w3,2026-05-14,Mr. Bourque,127,0.0,159,2.89937,-0.29476,1.98234
2026-05-14#t3170w0,2026-05-14,Mr. Bourque,156,0.0,198,2.68226,0.11888,2.03427
2026-05-14#t3171w0,2026-05-14,Ms. M. Wilson,233,1.0,297,2.56939,0.35324,2.07006
2026-05-14#t3172w0,2026-05-14,Ms. M. Wilson,352,1.0,482,2.45625,-0.92152,2.02855
2026-05-14#t3172w1,2026-05-14,Ms. M. Wilson,337,1.0,400,2.90653,-1.1557,1.96753
2026-05-14#t3172w2,2026-05-14,Ms. M. Wilson,99,1.0,118,3.35348,-2.39795,1.91518
2026-05-14#t3173w0,2026-05-14,Ms. M. Wilson,60,1.0,76,3.66585,-0.40669,1.87842
2026-05-14#t3176w0,2026-05-14,Ms. M. Wilson,162,1.0,186,2.6611,-0.33233,2.08394
2026-05-14#t3180w0,2026-05-14,Ms. M. Wilson,110,1.0,129,2.9865,-1.37172,1.92954
2026-05-14#t3185w0,2026-05-14,Hon. Mr. Hickey,111,1.0,138,2.60568,-0.10185,1.94531
2026-05-14#t3186w0,2026-05-14,Ms. Scott-Wallace,133,1.0,156,2.80921,-0.44366,2.00983
2026-05-14#t3187w0,2026-05-14,Madam Speaker,340,0.968,417,2.43664,0.4764,2.01522
2026-05-14#t3187w1,2026-05-14,Madam Speaker,57,0.807,73,2.96513,0.95562,1.96339
2026-05-14#t3188w0,2026-05-14,Ms. Scott-Wallace,261,1.0,321,2.79187,-0.55049,2.02111
2026-05-14#t3188w1,2026-05-14,Ms. Scott-Wallace,329,1.0,384,2.78439,-0.44921,2.00498
2026-05-14#t3188w2,2026-05-14,Ms. Scott-Wallace,349,1.0,426,2.66618,-1.54002,2.01207
2026-05-14#t3188w3,2026-05-14,Ms. Scott-Wallace,323,1.0,374,2.89511,-1.3051,1.95186
2026-05-14#t3188w4,2026-05-14,Ms. Scott-Wallace,333,1.0,397,2.65788,0.04888,2.01024
2026-05-14#t3190w0,2026-05-14,Hon. Mr. Finnigan,336,0.625,399,2.55605,-0.42489,2.07378
2026-05-14#t3191w0,2026-05-14,Hon. Mr. Finnigan,303,0.875,340,2.82924,1.36108,2.0001
2026-05-14#t3191w1,2026-05-14,Hon. Mr. Finnigan,350,0.497,410,2.56221,-0.00406,1.99971
2026-05-14#t3191w2,2026-05-14,Hon. Mr. Finnigan,245,0.784,294,2.61211,-0.62555,1.93668
2026-05-14#t3192w0,2026-05-14,Ms. M. Johnson,333,1.0,399,2.64039,-0.65319,2.01797
2026-05-14#t3192w1,2026-05-14,Ms. M. Johnson,313,1.0,395,2.73861,-1.76374,1.99204
2026-05-14#t3192w2,2026-05-14,Ms. M. Johnson,342,1.0,403,2.76944,-0.5491,1.94444
2026-05-14#t3192w3,2026-05-14,Ms. M. Johnson,353,1.0,431,2.71044,-0.79818,1.99284
2026-05-14#t3192w4,2026-05-14,Ms. M. Johnson,338,1.0,405,2.63128,-0.38483,1.98727
2026-05-14#t3192w5,2026-05-14,Ms. M. Johnson,330,1.0,387,3.00757,-2.47916,1.94049
2026-05-14#t3192w6,2026-05-14,Ms. M. Johnson,91,1.0,115,3.2485,-1.35717,1.80625
2026-05-14#t3193w0,2026-05-14,Mr. J. LeBlanc,250,1.0,302,2.42879,-1.66191,2.01075
2026-05-14#t3193w1,2026-05-14,Mr. J. LeBlanc,325,1.0,381,2.65762,1.24653,2.03204
2026-05-14#t3193w2,2026-05-14,Mr. J. LeBlanc,355,1.0,403,2.70684,-1.29966,2.08127
2026-05-14#t3193w3,2026-05-14,Mr. J. LeBlanc,104,1.0,139,2.49396,1.37592,2.08536
2026-05-14#t3195w0,2026-05-14,Mr. J. LeBlanc,339,0.271,408,2.67554,-0.88949,2.01748
2026-05-14#t3195w1,2026-05-14,Mr. J. LeBlanc,345,0.0,406,2.35202,0.79552,2.0662
2026-05-14#t3196w0,2026-05-14,Mr. Austin,342,1.0,419,2.32179,1.30383,2.15227
2026-05-14#t3196w1,2026-05-14,Mr. Austin,346,1.0,416,2.28563,0.1463,2.10243
2026-05-14#t3196w2,2026-05-14,Mr. Austin,356,1.0,445,2.47966,0.41511,2.08967
2026-05-14#t3196w3,2026-05-14,Mr. Austin,342,1.0,418,2.64814,-1.1202,2.05027
2026-05-14#t3196w4,2026-05-14,Mr. Austin,300,1.0,372,2.40056,0.76763,2.13926
2026-05-14#t3196w5,2026-05-14,Mr. Austin,244,1.0,295,2.71377,-0.98711,2.05198
2026-05-14#t3196w6,2026-05-14,Mr. Austin,191,1.0,242,2.36927,0.9348,2.12405
2026-05-14#t3197w0,2026-05-14,Mr. Coon,359,1.0,470,2.54491,-0.57625,2.02956
2026-05-14#t3197w1,2026-05-14,Mr. Coon,358,1.0,452,2.68733,0.35327,2.04742
2026-05-14#t3197w2,2026-05-14,Mr. Coon,332,1.0,413,2.641,0.25265,2.02873
2026-05-14#t3198w0,2026-05-14,Mr. Coon,338,1.0,416,2.66859,0.87952,2.02782
2026-05-14#t3198w1,2026-05-14,Mr. Coon,334,1.0,401,2.45175,0.50873,2.08462
2026-05-14#t3199w0,2026-05-14,Ms. Vautour,323,0.285,372,2.50163,-0.33423,2.09946
2026-05-14#t3199w1,2026-05-14,Ms. Vautour,346,0.934,405,2.68242,0.24086,2.04517
2026-05-14#t3199w2,2026-05-14,Ms. Vautour,332,0.19,378,2.76262,-0.49274,1.96629
2026-05-14#t3199w3,2026-05-14,Ms. Vautour,359,0.0,417,2.46711,0.27825,2.05778
2026-05-14#t3199w4,2026-05-14,Ms. Vautour,318,0.0,369,2.39476,1.0103,2.01018
2026-05-14#t3199w5,2026-05-14,Ms. Vautour,63,0.0,75,2.66331,0.40346,2.00556
2026-05-14#t3200w0,2026-05-14,Mr. Oliver,272,1.0,327,2.52492,-0.45504,2.0432
2026-05-14#t3201w0,2026-05-14,Mr. Oliver,326,1.0,400,2.52272,-0.58948,2.06366
2026-05-14#t3201w1,2026-05-14,Mr. Oliver,353,1.0,428,2.67528,1.37689,2.0019
2026-05-14#t3201w2,2026-05-14,Mr. Oliver,96,1.0,118,2.91862,0.27865,1.89424
2026-05-14#t3202w0,2026-05-14,Ms. Scott-Wallace,339,1.0,413,2.5809,-0.05874,2.13933
2026-05-14#t3202w1,2026-05-14,Ms. Scott-Wallace,309,1.0,378,3.04624,-1.55663,1.94964
2026-05-14#t3202w2,2026-05-14,Ms. Scott-Wallace,339,1.0,396,2.96689,-1.5038,1.94481
2026-05-14#t3203w0,2026-05-14,,173,0.936,222,2.54493,-1.70491,2.00177
2026-05-14#t3204w0,2026-05-14,Ms. M. Wilson,334,1.0,393,2.11668,0.78741,2.18624
2026-05-14#t3204w1,2026-05-14,Ms. M. Wilson,291,1.0,362,2.04427,0.7401,2.19229
2026-05-14#t3204w2,2026-05-14,Ms. M. Wilson,356,1.0,442,2.49033,-1.04884,2.06123
2026-05-14#t3204w3,2026-05-14,Ms. M. Wilson,332,1.0,428,2.35904,-0.07427,2.10606
2026-05-14#t3204w4,2026-05-14,Ms. M. Wilson,290,1.0,358,2.55454,-0.83008,2.02655
2026-05-14#t3204w5,2026-05-14,Ms. M. Wilson,336,1.0,390,2.49547,0.12917,2.03909
2026-05-14#t3204w6,2026-05-14,Ms. M. Wilson,289,1.0,339,2.72092,0.22162,1.99447
2019-03-19#t1w0,2019-03-19,,59,1.0,105,2.59566,1.18317,1.93297
2019-03-19#t3w0,2019-03-19,Hon. Mr. Steeves,158,0.747,230,2.05172,0.70522,2.19208
2019-03-19#t4w0,2019-03-19,Hon. Mr. Steeves,358,0.975,439,2.43439,-0.87733,2.07937
2019-03-19#t4w1,2019-03-19,Hon. Mr. Steeves,357,0.961,422,2.13902,1.32294,2.1078
2019-03-19#t4w2,2019-03-19,Hon. Mr. Steeves,76,1.0,91,3.44055,-1.08895,1.88119
2019-03-19#t5w0,2019-03-19,,320,1.0,409,2.43509,-0.95024,2.0944
2019-03-19#t5w1,2019-03-19,,292,0.966,355,2.46336,-0.19516,2.08131
2019-03-19#t5w2,2019-03-19,,283,1.0,334,2.38063,0.23122,2.09991
2019-03-19#t5w3,2019-03-19,,332,0.988,392,2.53128,0.06528,2.02862
2019-03-19#t5w4,2019-03-19,,339,0.982,415,2.5907,-0.72191,2.03095
2019-03-19#t5w5,2019-03-19,,335,1.0,376,2.67049,-0.14023,2.00114
2019-03-19#t5w6,2019-03-19,,342,1.0,405,2.32541,0.32389,2.10603
2019-03-19#t5w7,2019-03-19,,330,0.988,375,2.40515,0.588,2.07972
2019-03-19#t5w8,2019-03-19,,337,1.0,394,2.53732,-1.01108,2.03593
2019-03-19#t5w9,2019-03-19,,338,0.985,381,2.55252,0.04631,2.09328
2019-03-19#t5w10,2019-03-19,,333,1.0,414,2.45267,-1.16692,2.02859
2019-03-19#t5w11,2019-03-19,,200,0.865,241,2.13069,1.05218,2.03823
2019-03-19#t6w0,2019-03-19,,78,1.0,98,2.71238,1.19711,1.96448
2019-03-19#t7w0,2019-03-19,Mr. Speaker,157,1.0,260,1.96678,1.02046,2.03692
2019-03-29#t8w0,2019-03-29,,59,1.0,105,2.5811,1.28715,1.9463
2019-03-29#t9w0,2019-03-29,,328,0.872,381,2.15025,-0.28709,2.17161
2019-03-29#t9w1,2019-03-29,,306,0.941,350,2.36878,-1.13655,2.07445
2019-03-29#t9w2,2019-03-29,,319,0.661,366,2.63276,-0.90171,2.02104
2019-03-29#t9w3,2019-03-29,,292,0.901,347,2.36665,0.69226,2.09504
2019-03-29#t9w4,2019-03-29,,301,0.874,368,2.34549,1.98328,2.10699
2019-03-29#t9w5,2019-03-29,,317,0.82,375,2.59931,1.34591,2.08844
2019-03-29#t9w6,2019-03-29,,341,1.0,404,2.68248,-0.22784,1.99809
2019-03-29#t9w7,2019-03-29,,317,1.0,404,2.41966,1.12532,2.0233
2019-03-29#t9w8,2019-03-29,,328,1.0,377,2.13068,1.88323,2.1132
2019-03-29#t9w9,2019-03-29,,307,1.0,348,2.35688,0.00823,2.20737
2019-03-29#t9w10,2019-03-29,,248,0.879,293,2.14961,1.79094,2.23188
2019-03-29#t9w11,2019-03-29,,307,1.0,369,2.27397,-0.5505,2.19318
2019-03-29#t9w12,2019-03-29,,287,1.0,327,2.18466,1.67861,2.11556
2019-03-29#t9w13,2019-03-29,,326,1.0,369,2.40143,2.07556,2.15916
2019-03-29#t9w14,2019-03-29,,279,1.0,322,2.39654,0.08337,2.06763
2019-03-29#t9w15,2019-03-29,,297,0.822,341,2.6506,0.79864,2.06174
2019-03-29#t9w16,2019-03-29,,344,1.0,405,2.20477,0.96909,2.15808
2019-03-29#t9w17,2019-03-29,,358,0.858,413,2.38321,1.02176,2.24401
2019-03-29#t9w18,2019-03-29,,308,0.883,350,2.525,0.31585,2.11131
2019-03-29#t9w19,2019-03-29,,326,1.0,383,2.57095,0.35827,2.12852
2019-03-29#t9w20,2019-03-29,,95,1.0,123,2.62111,-0.43163,1.92521
2019-03-29#t10w0,2019-03-29,,79,0.468,113,2.505,0.4194,2.02555
2019-03-29#t11w0,2019-03-29,Mr. Chairman,211,0.313,284,2.11386,0.66731,2.04135
2019-03-29#t15w0,2019-03-29,Mr. Speaker addressed His Honour as follows,99,0.0,133,2.14177,1.40131,2.10545
2019-03-29#t18w0,2019-03-29,,193,0.176,242,2.33856,0.26982,2.09831
2019-03-29#t19w0,2019-03-29,Mr. Speaker,59,1.0,76,2.76251,0.63388,1.91101
2019-03-29#t21w0,2019-03-29,,113,1.0,189,2.51468,-1.26659,1.92852
2019-05-10#t22w0,2019-05-10,,59,1.0,105,2.5811,1.28715,1.9463
2019-05-10#t23w0,2019-05-10,Hon. Mr. Stewart,247,1.0,294,2.52057,-0.42826,2.0309
2019-05-10#t24w0,2019-05-10,Mr. Coon,99,1.0,117,3.53307,-1.78745,1.8387
2019-05-10#t25w0,2019-05-10,Hon. Mr. Gauvin,141,0.0,210,2.34851,1.19937,1.85361
2019-05-10#t26w0,2019-05-10,Mr. D. Landry,106,1.0,144,2.18981,1.67619,1.80668
2019-05-10#t27w0,2019-05-10,Mr. Austin,201,1.0,274,2.56543,0.78015,1.96356
2019-05-10#t28w0,2019-05-10,Hon. Mrs. Anderson-Mason,223,1.0,290,2.12297,1.79618,2.03318
2019-05-10#t29w0,2019-05-10,Mrs. Harris,188,1.0,275,2.23062,1.34094,1.88295
2019-05-10#t30w0,2019-05-10,Hon. S. Wilson,224,1.0,286,2.00671,3.55119,2.20628
2019-05-10#t31w0,2019-05-10,Ms. Thériault,170,0.0,224,2.4245,0.60316,2.08278
2019-05-10#t32w0,2019-05-10,Ms. Mitton,154,0.981,210,1.74767,0.95386,2.17159
2019-05-10#t33w0,2019-05-10,Mr. LePage,170,0.0,193,2.75513,0.45319,1.94776
2019-05-10#t34w0,2019-05-10,Mr. Coon,178,1.0,223,2.29812,-0.55731,2.10365
2019-05-10#t35w0,2019-05-10,Mr. Austin,218,1.0,245,2.74642,-0.9074,2.03277
2019-05-10#t36w0,2019-05-10,Mr. Fitch,180,0.967,225,2.9017,-1.01482,2.00773
2019-05-10#t37w0,2019-05-10,Mr. C. Chiasson,170,1.0,202,2.57234,0.19153,2.11505
2019-05-10#t38w0,2019-05-10,Mrs. Conroy,185,1.0,241,2.60157,-1.30023,2.07666
2019-05-10#t39w0,2019-05-10,Ms. Mitton,223,1.0,269,1.82659,0.95334,2.26433
2019-05-10#t40w0,2019-05-10,Mr. Northrup,178,1.0,209,2.72374,0.169,1.99339
2019-05-10#t41w0,2019-05-10,Mr. K. Chiasson,159,0.0,200,3.09272,-2.10192,1.91731
2019-05-10#t42w0,2019-05-10,Mr. K. Arseneau,153,0.0,188,3.10888,-2.23301,1.89875
2019-05-10#t43w0,2019-05-10,Mr. DeSaulniers,158,1.0,183,2.46728,-0.08115,2.05228
2019-05-10#t44w0,2019-05-10,Mr. Crossman,165,1.0,196,2.63634,-0.21949,2.00477
2019-05-10#t45w0,2019-05-10,Mr. D. Landry,119,0.0,133,2.30035,1.09875,2.13183
2019-05-10#t46w0,2019-05-10,Hon. Mr. Higgs,186,1.0,213,2.71261,-0.70457,2.07779
2019-05-10#t47w0,2019-05-10,Mr. D. Landry,136,0.0,158,2.7844,0.48825,2.07205
2019-05-10#t48w0,2019-05-10,Hon. Mr. Higgs,237,1.0,276,2.59222,0.5929,2.09257
2019-05-10#t49w0,2019-05-10,Mr. D. Landry,67,0.0,81,2.80464,0.00178,2.06267
2019-05-10#t50w0,2019-05-10,Hon. Mr. Higgs,252,1.0,289,2.85967,0.16766,2.01373
2019-05-10#t52w0,2019-05-10,Hon. Mr. Holder,58,1.0,73,2.60728,0.62584,1.97337
2019-05-10#t53w0,2019-05-10,Hon. Mr. Holder,55,1.0,71,3.38607,-0.74631,1.93215
2019-05-10#t54w0,2019-05-10,Mr. Harvey,101,1.0,121,2.48901,0.96826,2.05705
2019-05-10#t55w0,2019-05-10,Hon. Mr. Holder,69,1.0,82,2.59023,0.32287,2.06992
2019-05-10#t57w0,2019-05-10,Mr. Harvey,90,1.0,106,2.49669,1.31326,2.06558
2019-05-10#t58w0,2019-05-10,Hon. Mr. Holder,148,1.0,176,2.54089,0.23859,2.12231
2019-05-10#t59w0,2019-05-10,Mr. C. Chiasson,65,1.0,75,2.87205,0.01311,1.83136
2019-05-10#t60w0,2019-05-10,Hon. S. Wilson,78,1.0,95,2.37108,0.92738,2.13131
2019-05-10#t61w0,2019-05-10,Mr. C. Chiasson,74,1.0,89,3.10628,-0.01568,1.96638
2019-05-10#t62w0,2019-05-10,Hon. S. Wilson,122,1.0,140,2.28442,1.63068,2.16068
2019-05-10#t63w0,2019-05-10,Mr. C. Chiasson,114,1.0,142,2.80154,1.46149,2.01881
2019-05-10#t64w0,2019-05-10,Hon. S. Wilson,63,1.0,75,2.24412,1.26039,2.14244
2019-05-10#t65w0,2019-05-10,Mr. D’Amours,75,0.0,82,2.65341,0.81244,2.10795
2019-05-10#t66w0,2019-05-10,Hon. Mr. Flemming,135,1.0,160,2.48062,-0.66275,2.13926
2019-05-10#t67w0,2019-05-10,Mr. D’Amours,139,1.0,167,2.45869,1.12435,2.07317
2019-05-10#t68w0,2019-05-10,Hon. Mr. Flemming,117,1.0,137,2.19863,1.72424,2.15006
2019-05-10#t69w0,2019-05-10,Mr. Bourque,141,1.0,176,3.16413,-2.9452,1.91439
2019-05-10#t70w0,2019-05-10,Hon. Mr. Higgs,255,1.0,286,2.65128,-0.7021,2.05434
2019-05-10#t71w0,2019-05-10,Mr. Bourque,177,1.0,223,2.88683,0.42138,1.9744
2019-05-10#t72w0,2019-05-10,Hon. Mr. Higgs,252,1.0,293,2.47727,0.19325,2.10185
2019-05-10#t73w0,2019-05-10,Mr. Austin,113,1.0,128,2.83903,-0.67086,1.89155
2019-05-10#t74w0,2019-05-10,Hon. Mr. Higgs,201,1.0,241,2.55422,0.30387,2.087
2019-05-10#t75w0,2019-05-10,Mr. Austin,132,1.0,154,2.40814,0.48944,2.01468
2019-05-10#t76w0,2019-05-10,Hon. Mr. Higgs,259,1.0,293,2.82712,0.12443,1.96101
2019-05-10#t77w0,2019-05-10,Mr. K. Arseneau,175,1.0,224,2.52208,0.56163,2.02194
2019-05-10#t78w0,2019-05-10,Hon. Mr. Stewart,168,1.0,212,2.65899,-0.89481,2.03669
2019-05-10#t79w0,2019-05-10,Mr. K. Arseneau,176,1.0,225,2.77639,-1.01483,1.97126
2019-05-10#t80w0,2019-05-10,Hon. Mr. Stewart,212,1.0,255,2.51089,0.35971,2.028
2019-05-10#t81w0,2019-05-10,Mr. Horsman,178,1.0,229,3.21078,-2.2435,1.9304
2019-05-10#t82w0,2019-05-10,Hon. Mr. Higgs,170,1.0,193,2.75975,-0.31309,2.0575
2019-05-10#t87w0,2019-05-10,Hon. S. Wilson,143,1.0,171,2.0154,-0.01825,2.13709
2019-05-10#t88w0,2019-05-10,Mrs. M. LeBlanc,134,0.0,158,2.54525,-0.85831,2.09298
2019-05-10#t89w0,2019-05-10,Ms. Mitton,141,1.0,162,2.36891,1.20893,2.24663
2019-05-10#t90w0,2019-05-10,Mrs. Conroy,202,1.0,224,2.20463,0.51241,2.22719
2019-05-10#t91w0,2019-05-10,Hon. Mr. Cardy,236,0.801,297,1.89382,0.50172,2.12712
2019-05-10#t92w0,2019-05-10,Mr. C. Chiasson,200,0.905,238,2.27647,0.85081,2.18055
2019-05-10#t93w0,2019-05-10,Ms. Mitton,204,0.853,246,2.1611,-0.03161,2.12043
2019-05-10#t94w0,2019-05-10,Mr. Austin,119,1.0,146,2.53645,-0.18039,2.08928
2019-05-10#t95w0,2019-05-10,Hon. Mr. Stewart,234,1.0,283,2.01564,1.56144,2.14575
2019-05-10#t96w0,2019-05-10,Mrs. Harris,266,1.0,297,2.3891,0.22727,2.16729
2019-05-10#t97w0,2019-05-10,Mr. K. Arseneau,156,1.0,187,2.80925,0.24808,2.08472
2019-05-10#t99w0,2019-05-10,Mr. Austin,148,1.0,170,2.50804,0.61401,2.10704
2019-05-10#t100w0,2019-05-10,Hon. Mr. Gauvin,81,0.0,118,2.34504,-0.02005,1.82939
2019-05-10#t101w0,2019-05-10,Mr. J. LeBlanc,55,0.0,71,2.39952,1.3408,2.16336
2019-05-10#t103w0,2019-05-10,Hon. Mr. Stewart,276,1.0,309,2.34041,0.35451,2.07816
2019-05-10#t104w0,2019-05-10,Mrs. Harris,255,1.0,295,2.77424,-1.27064,2.05053
2019-05-10#t105w0,2019-05-10,Ms. Mitton,245,1.0,290,2.64171,-0.34049,1.97854
2019-05-10#t106w0,2019-05-10,Mr. DeSaulniers,113,1.0,129,2.75776,-1.34827,2.07556
2019-05-10#t107w0,2019-05-10,Mr. Coon,252,1.0,328,2.07429,1.1133,2.16458
2019-05-10#t108w0,2019-05-10,,359,0.905,445,2.38498,-1.26305,2.06789
2019-05-10#t108w1,2019-05-10,,268,0.836,330,2.38971,-0.46474,2.02677
2019-05-10#t109w0,2019-05-10,,329,0.568,423,1.98873,1.47937,2.12506
2019-05-10#t109w1,2019-05-10,,216,0.833,276,2.13018,-0.49596,2.16886
2019-05-10#t110w0,2019-05-10,Mr. G. Arseneault,222,1.0,258,2.38149,0.87749,2.07959
2019-05-10#t111w0,2019-05-10,Mr. Savoie,129,1.0,148,2.50639,0.64372,2.10916
2019-05-10#t112w0,2019-05-10,Mr. Savoie,85,1.0,124,2.31363,0.4888,2.10815
2019-11-19#t113w0,2019-11-19,,120,0.9,190,2.4994,1.24505,2.04267
2019-11-19#t114w0,2019-11-19,Mr. Speaker,81,0.704,147,2.74693,-0.38452,1.87643
2019-11-19#t116w0,2019-11-19,,331,0.795,446,2.69382,-0.55668,1.87488
2019-11-19#t116w1,2019-11-19,,352,1.0,507,2.83499,0.65231,1.75864
2019-11-19#t116w2,2019-11-19,,347,0.553,420,2.20073,1.80338,2.0783
2019-11-19#t116w3,2019-11-19,,359,0.805,444,2.32686,2.2537,1.97104
2019-11-19#t116w4,2019-11-19,,354,0.749,454,2.29483,1.67218,2.02444
2019-11-19#t116w5,2019-11-19,,323,0.913,388,2.59096,1.2487,2.03714
2019-11-19#t116w6,2019-11-19,,314,1.0,383,2.52554,-0.25936,2.03354
2019-11-19#t116w7,2019-11-19,,323,0.554,390,2.11797,1.56447,2.13756
2019-11-19#t116w8,2019-11-19,,330,0.788,387,2.52372,-0.49211,2.06084
2019-11-19#t116w9,2019-11-19,,320,0.641,357,2.56388,-0.08774,2.04051
2019-11-19#t116w10,2019-11-19,,325,0.831,397,2.1906,0.55898,2.16625
2019-11-19#t116w11,2019-11-19,,349,0.857,384,2.4379,1.16599,2.06927
2019-11-19#t116w12,2019-11-19,,357,0.829,417,2.52556,1.74941,2.04817
2019-11-19#t116w13,2019-11-19,,281,0.623,328,2.3399,1.36578,2.09398
2019-11-19#t117w0,2019-11-19,,315,0.898,353,2.67143,0.60138,2.03006
2019-11-19#t117w1,2019-11-19,,341,0.912,410,2.22308,0.07395,2.10038
2019-11-19#t117w2,2019-11-19,,328,0.64,379,2.35326,1.0565,2.08259
2019-11-19#t118w0,2019-11-19,,359,0.688,408,2.15771,2.59425,2.17456
2019-11-19#t118w1,2019-11-19,,360,0.714,407,2.43709,0.71977,2.08473
2019-11-19#t120w0,2019-11-19,Mr. Speaker,153,0.033,199,1.95999,0.57581,2.14195
2019-11-19#t121w0,2019-11-19,,351,1.0,424,2.36541,0.3338,2.04814
2019-11-19#t121w1,2019-11-19,,325,1.0,407,2.65239,0.06432,1.9544
2019-11-19#t121w2,2019-11-19,,347,1.0,401,2.31154,1.01929,2.0962
2019-11-19#t121w3,2019-11-19,,106,1.0,125,2.16248,1.04717,2.15722
2019-11-19#t122w0,2019-11-19,"Mr. Crossman, as seconder, spoke as follows",264,1.0,324,2.55194,0.14422,2.06033
2019-11-19#t122w1,2019-11-19,"Mr. Crossman, as seconder, spoke as follows",314,1.0,368,2.67466,1.51433,2.03106
2019-11-19#t122w2,2019-11-19,"Mr. Crossman, as seconder, spoke as follows",326,1.0,382,2.82144,0.82084,1.99483
2019-11-19#t122w3,2019-11-19,"Mr. Crossman, as seconder, spoke as follows",305,0.921,427,2.46452,0.31903,2.01674
2019-11-19#t122w4,2019-11-19,"Mr. Crossman, as seconder, spoke as follows",96,1.0,176,1.80482,-0.0347,2.00366
2019-11-27#t123w0,2019-11-27,,59,0.746,105,2.59263,1.19086,1.95312
2019-11-27#t124w0,2019-11-27,Mr. D’Amours,151,0.377,195,2.28652,-0.09447,2.08646
2019-11-27#t125w0,2019-11-27,Hon. Mr. Gauvin,99,0.96,124,2.40389,0.52686,2.0481
2019-11-27#t126w0,2019-11-27,Hon. Mr. Urquhart,222,1.0,273,2.56761,0.16737,2.04758
2019-11-27#t127w0,2019-11-27,Mr. Harvey,196,1.0,244,1.96282,2.07971,2.09699
2019-11-27#t128w0,2019-11-27,Mr. Coon,175,1.0,234,2.5352,-1.31623,1.91974
2019-11-27#t129w0,2019-11-27,Mr. Fairgrieve,117,1.0,142,2.09616,-0.27782,2.20985
2019-11-27#t130w0,2019-11-27,Mr. Horsman,180,1.0,225,2.26222,1.66862,2.09816
2019-11-27#t131w0,2019-11-27,Hon. Mr. Stewart,183,1.0,224,2.33454,1.33641,2.08715
2019-11-27#t132w0,2019-11-27,Ms. Thériault,140,0.0,182,2.34376,2.24416,2.09705
2019-11-27#t133w0,2019-11-27,Ms. Mitton,104,0.0,122,2.24866,0.11606,2.03873
2019-11-27#t135w0,2019-11-27,Ms. Mitton,152,0.974,204,1.95901,1.19473,2.17181
2019-11-27#t136w0,2019-11-27,Mrs. M. LeBlanc,123,0.0,145,2.61485,-0.15225,1.96369
2019-11-27#t137w0,2019-11-27,Mr. Coon,147,1.0,187,2.53581,-1.95947,2.10174
2019-11-27#t138w0,2019-11-27,Mr. Austin,172,1.0,202,2.68339,-0.30521,1.90759
2019-11-27#t139w0,2019-11-27,Mr. Northrup,167,1.0,200,2.82592,-0.57732,1.98242
2019-11-27#t140w0,2019-11-27,Mr. Harvey,159,1.0,190,2.49303,1.24461,1.99715
2019-11-27#t141w0,2019-11-27,Ms. Mitton,169,1.0,207,2.75901,-1.67959,2.02227
2019-11-27#t142w0,2019-11-27,Mr. Fairgrieve,107,1.0,125,3.13965,-0.6808,1.93091
2019-11-27#t143w0,2019-11-27,Mr. Horsman,158,1.0,180,2.59978,0.51678,2.06612
2019-11-27#t144w0,2019-11-27,Mr. DeSaulniers,131,1.0,153,2.62013,-1.3387,2.07488
2019-11-27#t145w0,2019-11-27,Mr. Savoie,137,1.0,159,2.45667,1.1427,1.98571
2019-11-27#t146w0,2019-11-27,Mr. D. Landry,117,0.359,139,2.88768,-1.1073,2.05864
2019-11-27#t147w0,2019-11-27,Hon. Mr. Holder,125,1.0,143,2.54356,0.04451,2.05485
2019-11-27#t148w0,2019-11-27,Mr. D. Landry,65,1.0,78,3.45558,-0.32265,1.9101
2019-11-27#t149w0,2019-11-27,Hon. Mr. Holder,125,1.0,143,2.70165,0.26159,2.0714
2019-11-27#t150w0,2019-11-27,Mr. D. Landry,66,0.0,78,3.13401,-0.19843,1.96974
2019-11-27#t151w0,2019-11-27,Hon. Mr. Holder,182,1.0,213,2.50972,-0.51168,2.02659
2019-11-27#t152w0,2019-11-27,Mr. G. Arseneault,141,1.0,167,2.89552,-0.98979,1.99807
2019-11-27#t153w0,2019-11-27,Hon. Mr. Holder,198,1.0,226,2.44429,-0.06844,2.03648
2019-11-27#t154w0,2019-11-27,Mr. G. Arseneault,67,0.448,80,2.89032,0.81064,2.06252
2019-11-27#t155w0,2019-11-27,Hon. Mr. Holder,208,1.0,236,2.30187,1.07939,2.2326
2019-11-27#t156w0,2019-11-27,Mr. G. Arseneault,154,1.0,192,2.26718,-0.69399,2.08552
2019-11-27#t157w0,2019-11-27,Hon. Mr. Holder,232,0.953,267,2.73714,-0.10253,2.01334
2019-11-27#t158w0,2019-11-27,Mr. LePage,139,0.0,168,2.79265,1.28375,1.99491
2019-11-27#t159w0,2019-11-27,Hon. Mrs. Shephard,120,1.0,134,3.34943,-0.14725,1.94775
2019-11-27#t160w0,2019-11-27,Mr. LePage,132,0.0,149,2.73697,0.62074,2.04085
2019-11-27#t161w0,2019-11-27,Hon. Mr. Higgs,249,1.0,275,2.80085,-0.04279,2.01911
2019-11-27#t162w0,2019-11-27,Mr. LePage,125,0.248,144,2.52019,0.43837,2.08974
2019-11-27#t163w0,2019-11-27,Hon. Mrs. Shephard,137,1.0,154,2.86182,-0.32643,2.0547
2019-11-27#t164w0,2019-11-27,Mrs. Conroy,128,1.0,158,2.45939,-0.63385,1.97874
2019-11-27#t165w0,2019-11-27,Hon. Mr. Holland,182,1.0,211,2.80044,-0.34628,2.04951
2019-11-27#t166w0,2019-11-27,Mrs. Conroy,76,1.0,83,3.14088,-0.6925,1.93904
2019-11-27#t167w0,2019-11-27,Hon. Mr. Holland,214,1.0,250,2.7077,0.31315,2.00483
2019-11-27#t168w0,2019-11-27,Ms. Mitton,153,1.0,189,2.00567,0.47574,2.20188
2019-11-27#t169w0,2019-11-27,Hon. Mr. Holder,170,1.0,190,2.44128,0.98577,2.09174
2019-11-27#t170w0,2019-11-27,Ms. Mitton,166,1.0,194,2.52986,-0.61816,2.03885
2019-11-27#t171w0,2019-11-27,Hon. Mr. Holder,149,1.0,165,2.646,0.84078,2.09487
2019-11-27#t172w0,2019-11-27,Mrs. Harris,60,1.0,64,3.15888,0.08865,1.91468
2019-11-27#t173w0,2019-11-27,Hon. Mr. Wetmore,110,1.0,124,2.55706,-0.54002,2.05135
2019-11-27#t174w0,2019-11-27,Mrs. Harris,222,1.0,257,2.86715,1.14048,2.00686
2019-11-27#t175w0,2019-11-27,Hon. Mr. Higgs,189,1.0,220,2.41745,0.15331,2.15971
2019-11-27#t176w0,2019-11-27,Mrs. Harris,115,1.0,135,2.31298,1.00396,2.14696
2019-11-27#t177w0,2019-11-27,Hon. Mr. Higgs,178,1.0,208,2.5459,0.68671,2.08956
2019-11-27#t178w0,2019-11-27,Mr. Bourque,101,1.0,117,2.62567,0.87999,2.0162
2019-11-27#t179w0,2019-11-27,Hon. Mr. Carr,148,1.0,158,3.20014,-2.58448,1.92162
2019-11-27#t180w0,2019-11-27,Ms. Rogers,96,1.0,112,2.11902,0.6439,2.1688
2019-11-27#t182w0,2019-11-27,Mr. Horsman,60,0.767,75,2.50062,-1.01357,2.07831
2019-11-27#t183w0,2019-11-27,Hon. Mr. Holland,163,1.0,183,2.45082,0.08377,2.12508
2019-11-27#t184w0,2019-11-27,Mr. Bourque,142,1.0,155,2.49353,1.60347,2.16968
2019-11-27#t185w0,2019-11-27,Mr. Austin,108,1.0,125,2.28879,2.08471,2.16828
2019-11-27#t187w0,2019-11-27,Mr. Crossman,107,1.0,136,3.06373,0.05189,1.99673
2019-11-27#t188w0,2019-11-27,Hon. Mr. Carr,205,1.0,235,2.35762,0.17061,2.08749
2019-11-27#t189w0,2019-11-27,Ms. Rogers,116,1.0,137,2.63597,-1.24366,2.14528
2019-11-27#t190w0,2019-11-27,Mr. Coon,220,1.0,266,2.37703,-0.08165,2.06701
2019-11-27#t191w0,2019-11-27,Hon. Mr. Gauvin,206,0.0,248,2.17062,-0.21754,2.13201
2019-11-27#t192w0,2019-11-27,Mr. Bourque,196,0.842,224,2.33563,0.13103,2.07199
2019-11-27#t193w0,2019-11-27,Mr. Coon,127,1.0,148,2.60692,-1.10478,2.14489
2019-11-27#t194w0,2019-11-27,Mr. DeSaulniers,117,1.0,144,2.69173,-0.61044,2.02556
2019-11-27#t195w0,2019-11-27,Hon. Mr. Stewart,247,1.0,288,2.3353,1.15783,2.0583
2019-11-27#t196w0,2019-11-27,Mrs. Harris,113,1.0,128,2.65103,0.11312,2.00294
2019-11-27#t197w0,2019-11-27,Mr. Coon,147,1.0,165,2.02193,2.61623,2.27752
2019-11-27#t198w0,2019-11-27,Mrs. Conroy,124,1.0,147,2.2563,2.39196,2.19682
2019-11-27#t200w0,2019-11-27,Hon. S. Wilson,55,1.0,73,3.11509,0.24844,1.74826
2019-11-27#t202w0,2019-11-27,Mr. Speaker,318,0.943,410,2.39403,1.05668,2.00036
2019-11-27#t202w1,2019-11-27,Mr. Speaker,342,0.573,423,2.12636,1.13878,2.14284
2019-11-27#t203w0,2019-11-27,,352,1.0,448,2.56365,0.43434,1.9625
2019-11-27#t203w1,2019-11-27,,77,1.0,94,3.08678,-1.26324,1.91634
2019-11-27#t205w0,2019-11-27,Mr. Savoie,66,1.0,89,2.44642,-0.34987,1.98019
2019-11-27#t206w0,2019-11-27,,307,0.743,360,2.28087,-0.34666,2.07157
2019-11-27#t207w0,2019-11-27,Mr. McKee,104,1.0,120,2.38494,1.52287,2.01025
2019-11-27#t208w0,2019-11-27,Mr. Coon,112,1.0,134,2.6928,-0.49334,2.05241
2019-11-27#t209w0,2019-11-27,Mrs. M. LeBlanc,123,0.187,155,2.72807,0.15112,2.08501
2019-11-27#t212w0,2019-11-27,,273,0.861,326,2.19463,-0.67905,2.03407
2019-11-27#t213w0,2019-11-27,Mr. Melanson,66,1.0,77,3.51819,-1.31467,1.85942
2019-11-27#t214w0,2019-11-27,Mr. Coon,87,1.0,103,2.67304,1.57405,2.02033
2019-11-27#t216w0,2019-11-27,,342,1.0,389,1.85967,1.03997,2.22056
2019-11-27#t216w1,2019-11-27,,132,1.0,145,2.55893,1.78681,2.04081
2019-11-27#t217w0,2019-11-27,Mr. McKee,133,1.0,157,2.57935,0.67843,2.05466
2019-11-27#t218w0,2019-11-27,Mr. Coon,160,0.869,188,2.30249,0.59742,2.15654
2019-11-27#t219w0,2019-11-27,,226,0.925,273,2.54305,0.00483,2.05394
2019-11-27#t220w0,2019-11-27,Mr. Melanson,144,1.0,166,2.68225,0.03325,2.03936
2019-11-27#t221w0,2019-11-27,Mr. Coon,92,1.0,113,2.27861,-1.31036,2.15801
2019-11-27#t222w0,2019-11-27,,304,1.0,363,2.34612,0.57139,2.02665
2019-11-27#t223w0,2019-11-27,M. D’Amours,298,0.691,351,2.43813,0.27999,2.0704
2019-11-27#t223w1,2019-11-27,M. D’Amours,189,0.0,216,2.84672,-1.36558,2.00114
2019-11-27#t224w0,2019-11-27,Mr. Speaker,64,1.0,77,2.45807,2.29137,2.11626
2019-11-27#t228w0,2019-11-27,Mr. D’Amours,343,0.531,405,2.88298,1.59342,1.9996
2019-11-27#t228w1,2019-11-27,Mr. D’Amours,260,0.0,332,2.5701,0.34149,2.00269
2019-11-27#t229w0,2019-11-27,Ms. Mitton,194,1.0,220,2.37428,-0.07973,2.18774
2019-11-27#t230w0,2019-11-27,Mr. Austin,332,1.0,393,2.65745,-0.47778,2.00475
2019-11-27#t230w1,2019-11-27,Mr. Austin,316,1.0,359,2.57247,1.0038,2.09226
2019-11-27#t230w2,2019-11-27,Mr. Austin,241,1.0,273,2.0958,1.44547,2.17113
2019-11-27#t230w3,2019-11-27,Mr. Austin,349,1.0,399,2.37707,0.86338,2.07192
2019-11-27#t230w4,2019-11-27,Mr. Austin,322,1.0,382,2.43864,0.29104,2.07672
2019-11-27#t230w5,2019-11-27,Mr. Austin,339,1.0,381,2.70695,0.74277,2.04826
2019-11-27#t230w6,2019-11-27,Mr. Austin,294,1.0,337,2.60837,2.25641,2.07273
2019-11-27#t230w7,2019-11-27,Mr. Austin,338,1.0,395,2.55248,1.13803,2.14248
2019-11-27#t230w8,2019-11-27,Mr. Austin,331,1.0,410,2.40985,1.65525,2.0818
2019-11-27#t230w9,2019-11-27,Mr. Austin,349,1.0,433,2.40129,0.72598,2.08671
2019-11-27#t230w10,2019-11-27,Mr. Austin,338,1.0,395,2.42703,-0.48162,2.00283
2019-11-27#t230w11,2019-11-27,Mr. Austin,355,1.0,406,2.39108,0.92191,2.10895
2019-11-27#t230w12,2019-11-27,Mr. Austin,323,1.0,385,2.56602,0.1873,2.0087
2019-11-27#t230w13,2019-11-27,Mr. Austin,113,1.0,128,1.92359,1.7192,2.12994
2019-11-27#t231w0,2019-11-27,Mr. C. Chiasson,160,0.762,193,2.16132,0.31817,2.28644
2019-11-27#t232w0,2019-11-27,Mr. C. Chiasson,360,0.739,412,2.48045,0.2968,2.10809
2019-11-27#t232w1,2019-11-27,Mr. C. Chiasson,353,0.538,459,2.50183,0.40205,1.98208
2019-11-27#t232w2,2019-11-27,Mr. C. Chiasson,340,0.462,419,2.63638,-0.05339,2.05487
2019-11-27#t232w3,2019-11-27,Mr. C. Chiasson,352,0.773,429,2.76087,-0.23031,2.02452
2019-11-27#t232w4,2019-11-27,Mr. C. Chiasson,347,0.948,510,1.90763,1.63264,2.01635
2019-11-27#t232w5,2019-11-27,Mr. C. Chiasson,340,0.924,426,2.53552,0.62023,2.01154
2019-11-27#t232w6,2019-11-27,Mr. C. Chiasson,146,1.0,178,2.49481,-0.21061,2.00986
2019-11-27#t234w0,2019-11-27,Mr. Savoie,92,1.0,103,2.89786,0.42315,2.05614
2019-11-27#t235w0,2019-11-27,Mr. G. Arseneault,104,1.0,122,2.73859,-0.84732,2.06599
2019-11-27#t236w0,2019-11-27,Mr. Speaker,96,1.0,121,3.03311,0.16171,1.96548
2019-11-27#t237w0,2019-11-27,Mr. C. Chiasson,298,0.735,363,2.83419,-1.20412,1.94465
2019-11-27#t237w1,2019-11-27,Mr. C. Chiasson,340,0.753,410,2.75033,0.896,2.01205
2019-11-27#t237w2,2019-11-27,Mr. C. Chiasson,285,1.0,329,2.3619,1.77145,2.10616
2019-11-27#t237w3,2019-11-27,Mr. C. Chiasson,342,0.371,407,3.22663,-1.04098,1.92224
2019-11-27#t237w4,2019-11-27,Mr. C. Chiasson,353,1.0,416,2.35677,2.04059,2.20685
2019-11-27#t237w5,2019-11-27,Mr. C. Chiasson,154,1.0,205,2.96372,-0.54765,1.94635
2019-11-27#t238w0,2019-11-27,Ms. Mitton,304,0.763,395,2.23812,0.32245,2.13086
2019-11-27#t238w1,2019-11-27,Ms. Mitton,356,0.601,429,2.60531,0.62521,1.98138
2019-11-27#t238w2,2019-11-27,Ms. Mitton,302,0.907,362,2.39449,0.6082,2.1288
2019-11-27#t238w3,2019-11-27,Ms. Mitton,334,0.746,393,2.28036,0.07198,2.12237
2019-11-27#t238w4,2019-11-27,Ms. Mitton,263,0.745,302,2.78938,-1.10341,2.00053
2019-11-27#t238w5,2019-11-27,Ms. Mitton,240,1.0,277,2.25444,0.65329,2.12432
2019-11-27#t238w6,2019-11-27,Ms. Mitton,335,0.815,377,2.32323,1.21874,2.11055
2019-11-27#t238w7,2019-11-27,Ms. Mitton,355,0.789,391,2.72035,0.22771,2.0631
2019-11-27#t238w8,2019-11-27,Ms. Mitton,315,1.0,373,2.37013,1.69507,2.03377
2019-11-27#t238w9,2019-11-27,Ms. Mitton,304,0.391,348,2.53465,0.23296,2.00429
2019-11-27#t238w10,2019-11-27,Ms. Mitton,346,1.0,409,2.34353,0.70616,2.1401
2019-11-27#t238w11,2019-11-27,Ms. Mitton,359,0.76,437,2.36257,2.01454,2.1523
2019-11-27#t238w12,2019-11-27,Ms. Mitton,279,1.0,335,2.25766,2.30705,2.16931
2019-11-27#t238w13,2019-11-27,Ms. Mitton,202,1.0,232,2.63978,-0.70761,2.11623
2019-11-27#t238w14,2019-11-27,Ms. Mitton,193,0.984,226,2.33635,0.07701,2.16137
2019-11-27#t239w0,2019-11-27,Mr. DeSaulniers,325,1.0,399,2.35456,0.71163,2.10564
2019-11-27#t239w1,2019-11-27,Mr. DeSaulniers,303,1.0,364,2.68758,0.34391,1.98559
2019-11-27#t239w2,2019-11-27,Mr. DeSaulniers,337,1.0,387,2.59062,0.0343,2.02312
2019-11-27#t239w3,2019-11-27,Mr. DeSaulniers,295,1.0,339,2.59973,0.22051,1.95908
2019-11-27#t239w4,2019-11-27,Mr. DeSaulniers,232,1.0,271,2.55513,0.73214,2.0323
2019-11-27#t239w5,2019-11-27,Mr. DeSaulniers,259,1.0,333,2.89228,-0.77155,1.92804
2019-11-27#t240w0,2019-11-27,Mr. G. Arseneault,77,1.0,94,3.02863,-0.24831,1.92378
2019-11-27#t242w0,2019-11-27,Mr. DeSaulniers,272,1.0,313,2.54508,1.10467,2.08616
2019-11-27#t243w0,2019-11-27,Hon. Mr. Carr,319,1.0,370,2.30573,1.14165,2.20172
2019-11-27#t243w1,2019-11-27,Hon. Mr. Carr,326,1.0,376,2.82916,-1.19674,1.98239
2019-11-27#t243w2,2019-11-27,Hon. Mr. Carr,359,1.0,415,2.6533,0.17514,2.04152
2019-11-27#t243w3,2019-11-27,Hon. Mr. Carr,172,1.0,210,2.63908,-0.4837,2.10141
2019-11-27#t244w0,2019-11-27,Hon. Mr. Carr,102,1.0,120,2.44896,1.2298,2.23598
2019-11-27#t245w0,2019-11-27,Hon. Mr. Carr,351,1.0,401,2.59795,0.66448,2.1246
2019-11-27#t245w1,2019-11-27,Hon. Mr. Carr,290,1.0,345,2.33949,0.73532,2.09486
2019-11-27#t246w0,2019-11-27,Hon. Mr. Carr,320,1.0,389,2.62906,-1.13647,2.07488
2019-11-27#t246w1,2019-11-27,Hon. Mr. Carr,252,1.0,286,2.6849,0.65835,2.10031
2019-11-27#t246w2,2019-11-27,Hon. Mr. Carr,258,1.0,309,2.70318,0.26548,1.99787
2019-11-27#t246w3,2019-11-27,Hon. Mr. Carr,359,1.0,435,2.72702,0.58021,2.01528
2019-11-27#t246w4,2019-11-27,Hon. Mr. Carr,235,1.0,283,2.75225,-0.1061,2.02345
2019-11-27#t246w5,2019-11-27,Hon. Mr. Carr,220,1.0,247,2.67608,0.20981,2.00641
2019-11-27#t247w0,2019-11-27,Hon. Mr. Carr,335,1.0,416,2.67811,0.72194,2.02285
2019-11-27#t247w1,2019-11-27,Hon. Mr. Carr,352,1.0,408,2.5876,0.59864,2.08578
2019-11-27#t247w2,2019-11-27,Hon. Mr. Carr,330,1.0,389,2.68399,0.18292,2.0233
2019-11-27#t247w3,2019-11-27,Hon. Mr. Carr,291,1.0,343,2.68384,0.10043,2.05699
2019-11-27#t247w4,2019-11-27,Hon. Mr. Carr,336,1.0,398,2.55623,0.78481,2.10453
2019-11-27#t249w0,2019-11-27,Hon. Mr. Carr,329,1.0,385,2.5441,1.12288,2.03878
2019-11-27#t249w1,2019-11-27,Hon. Mr. Carr,51,1.0,58,3.02816,0.19103,1.97106
2019-11-27#t250w0,2019-11-27,Mr. K. Chiasson,349,0.418,403,2.33648,1.96206,2.19754
2019-11-27#t250w1,2019-11-27,Mr. K. Chiasson,149,0.0,186,2.61097,-0.14336,2.06074
2019-11-27#t251w0,2019-11-27,,345,0.0,425,2.47112,0.28149,2.14814
2019-11-27#t252w0,2019-11-27,Mr. K. Chiasson,344,0.0,411,2.30379,3.25684,2.18917
2019-11-27#t252w1,2019-11-27,Mr. K. Chiasson,346,0.0,413,2.58026,-0.39791,2.01911
2019-11-27#t252w2,2019-11-27,Mr. K. Chiasson,339,0.0,424,2.22004,0.313,2.19763
2019-11-27#t252w3,2019-11-27,Mr. K. Chiasson,51,0.176,64,3.01994,0.64987,1.86852
2019-11-27#t253w0,2019-11-27,Mr. K. Chiasson,340,0.0,423,2.61107,1.52046,2.03386
2019-11-27#t253w1,2019-11-27,Mr. K. Chiasson,286,0.0,347,2.58534,0.60958,2.04575
2019-11-27#t253w2,2019-11-27,Mr. K. Chiasson,273,0.0,326,2.50787,2.25493,2.09142
2019-11-27#t253w3,2019-11-27,Mr. K. Chiasson,309,0.0,357,2.59769,0.61806,2.02098
2019-11-27#t253w4,2019-11-27,Mr. K. Chiasson,323,0.065,389,2.53349,0.27229,2.05941
2019-11-27#t253w5,2019-11-27,Mr. K. Chiasson,289,0.0,331,2.46312,0.80011,2.12608
2019-11-27#t253w6,2019-11-27,Mr. K. Chiasson,176,0.0,227,2.47371,0.40712,2.15872
2019-11-27#t254w0,2019-11-27,Mr. K. Chiasson,258,0.0,346,2.33281,1.07797,2.12755
2019-11-27#t254w1,2019-11-27,Mr. K. Chiasson,224,0.054,283,2.78698,-0.26758,1.97949
2019-11-27#t256w0,2019-11-27,Mr. K. Chiasson,178,1.0,205,2.3689,4.22466,2.20868
2019-11-27#t257w0,2019-11-27,Mr. K. Chiasson,76,1.0,86,2.736,0.70825,2.04095
2019-11-27#t258w0,2019-11-27,Mr. K. Chiasson,168,1.0,188,2.46391,2.13434,2.139
2019-11-27#t259w0,2019-11-27,Hon. Mr. Cardy,357,1.0,414,2.39587,0.94549,2.18988
2019-11-27#t259w1,2019-11-27,Hon. Mr. Cardy,322,1.0,378,2.32034,0.91242,2.1129
2019-11-27#t259w2,2019-11-27,Hon. Mr. Cardy,298,1.0,351,2.84752,0.12789,1.99263
2019-11-27#t259w3,2019-11-27,Hon. Mr. Cardy,277,1.0,311,2.71339,-0.17438,2.0346
2019-11-27#t259w4,2019-11-27,Hon. Mr. Cardy,311,1.0,352,2.58095,0.60568,2.10493
2019-11-27#t259w5,2019-11-27,Hon. Mr. Cardy,272,1.0,319,2.91394,0.6366,1.99284
2019-11-27#t260w0,2019-11-27,Hon. Mr. Cardy,324,1.0,383,2.93604,-2.0106,1.96536
2019-11-27#t260w1,2019-11-27,Hon. Mr. Cardy,199,1.0,241,2.47445,1.16481,2.19036
2019-11-27#t260w2,2019-11-27,Hon. Mr. Cardy,355,1.0,410,2.58847,1.24452,2.10127
2019-11-27#t260w3,2019-11-27,Hon. Mr. Cardy,78,1.0,94,3.09054,-0.20899,1.95707
2019-11-27#t261w0,2019-11-27,Hon. Mr. Cardy,270,1.0,311,2.9309,0.10957,1.95702
2019-11-27#t261w1,2019-11-27,Hon. Mr. Cardy,297,1.0,340,2.86403,-0.6111,2.01651
2019-11-27#t261w2,2019-11-27,Hon. Mr. Cardy,356,1.0,387,2.70132,0.64725,2.02922
2019-11-27#t261w3,2019-11-27,Hon. Mr. Cardy,297,1.0,331,2.7664,0.54449,2.01163
2019-11-27#t261w4,2019-11-27,Hon. Mr. Cardy,350,1.0,396,2.72543,0.58259,2.04001
2019-11-27#t261w5,2019-11-27,Hon. Mr. Cardy,324,1.0,362,2.411,0.70956,2.11586
2019-11-27#t261w6,2019-11-27,Hon. Mr. Cardy,289,1.0,339,2.70903,0.11626,2.06807
2019-11-27#t261w7,2019-11-27,Hon. Mr. Cardy,154,1.0,170,2.5931,0.69108,2.06633
2019-11-27#t261w8,2019-11-27,Hon. Mr. Cardy,266,1.0,294,2.7731,-1.49031,2.039
2019-11-27#t261w9,2019-11-27,Hon. Mr. Cardy,313,1.0,356,2.77173,-1.36564,2.0408
2019-11-27#t261w10,2019-11-27,Hon. Mr. Cardy,308,1.0,351,2.69941,1.61626,2.13641
2019-11-27#t261w11,2019-11-27,Hon. Mr. Cardy,248,1.0,276,2.69105,0.24772,2.04774
2019-11-27#t261w12,2019-11-27,Hon. Mr. Cardy,284,1.0,325,2.76032,-0.43191,2.01567
2019-11-27#t261w13,2019-11-27,Hon. Mr. Cardy,320,1.0,362,2.59694,0.45771,2.06221
2019-11-27#t261w14,2019-11-27,Hon. Mr. Cardy,264,1.0,302,2.66917,1.20049,1.96269
2019-11-27#t261w15,2019-11-27,Hon. Mr. Cardy,208,0.827,242,2.35403,1.00745,2.12847
2019-11-27#t262w0,2019-11-27,Mr. Horsman,323,1.0,408,2.58182,-0.3095,2.05186
2019-11-27#t262w1,2019-11-27,Mr. Horsman,287,1.0,352,2.97473,-1.44869,1.9188
2019-11-27#t262w2,2019-11-27,Mr. Horsman,279,1.0,318,2.71945,-0.28096,2.02681
2019-11-27#t262w3,2019-11-27,Mr. Horsman,295,1.0,344,2.40905,0.71918,2.1329
2019-11-27#t262w4,2019-11-27,Mr. Horsman,316,1.0,380,2.41658,1.77088,2.03718
2019-11-27#t262w5,2019-11-27,Mr. Horsman,293,1.0,364,2.68379,0.25284,2.06706
2019-11-27#t262w6,2019-11-27,Mr. Horsman,208,1.0,252,2.37407,1.28513,2.11335
2019-11-27#t263w0,2019-11-27,Mr. Horsman,195,1.0,237,2.63787,0.05506,1.99172
2019-11-27#t264w0,2019-11-27,Mr. Horsman,347,1.0,407,2.53929,0.60336,2.03549
2019-11-27#t264w1,2019-11-27,Mr. Horsman,323,1.0,384,2.68312,-0.18532,2.04442
2019-11-27#t265w0,2019-11-27,Mr. Horsman,59,1.0,73,3.7161,-0.89966,1.83729
2019-11-27#t266w0,2019-11-27,Mr. Horsman,162,1.0,187,2.52463,2.07044,2.14073
2019-11-27#t267w0,2019-11-27,Mr. Horsman,245,1.0,299,2.77798,0.05081,2.04391
2019-11-27#t267w1,2019-11-27,Mr. Horsman,346,1.0,396,2.58991,-0.56341,2.05937
2019-11-27#t267w2,2019-11-27,Mr. Horsman,291,1.0,340,2.82417,-0.0031,2.02707
2019-11-27#t267w3,2019-11-27,Mr. Horsman,344,1.0,427,2.46322,0.74225,2.03538
2019-11-27#t267w4,2019-11-27,Mr. Horsman,276,1.0,325,2.46511,1.73806,2.11269
2019-11-27#t267w5,2019-11-27,Mr. Horsman,314,1.0,403,2.60495,0.89776,2.05052
2019-11-27#t267w6,2019-11-27,Mr. Horsman,307,1.0,373,2.52818,1.04045,2.04418
2019-11-27#t267w7,2019-11-27,Mr. Horsman,248,1.0,289,2.69859,-0.20065,2.09705
2019-11-27#t267w8,2019-11-27,Mr. Horsman,349,1.0,399,2.66903,1.37081,2.08787
2019-11-27#t267w9,2019-11-27,Mr. Horsman,74,1.0,107,2.63642,0.9677,1.93791
2019-11-27#t268w0,2019-11-27,Mr. Horsman,242,1.0,290,2.60328,0.06866,2.06807
2019-11-27#t269w0,2019-11-27,Mr. Speaker,298,1.0,512,2.07521,0.87221,2.16279
2019-12-12#t270w0,2019-12-12,,59,1.0,105,2.60651,1.12448,1.9419
2019-12-12#t271w0,2019-12-12,Hon. Mr. Stewart,277,1.0,390,2.23214,-0.31417,1.93898
2019-12-12#t272w0,2019-12-12,Ms. Rogers,235,0.749,294,2.79327,-0.43328,2.00382
2019-12-12#t273w0,2019-12-12,Mr. Coon,172,1.0,222,1.69698,1.82588,2.34139
2019-12-12#t274w0,2019-12-12,Mr. DeSaulniers,165,1.0,211,2.22977,0.58764,2.09858
2019-12-12#t275w0,2019-12-12,Ms. Thériault,134,0.0,208,3.21327,-1.23242,1.83598
2019-12-12#t276w0,2019-12-12,Mr. K. Arseneau,169,1.0,212,2.02183,0.44593,2.11625
2019-12-12#t277w0,2019-12-12,Ms. Mitton,133,0.0,170,2.62868,-1.72195,2.01196
2019-12-12#t278w0,2019-12-12,Mrs. Harris,195,1.0,275,2.14687,1.47226,2.00803
2019-12-12#t279w0,2019-12-12,Mr. D’Amours,152,0.086,191,2.45649,-0.48462,2.01457
2019-12-12#t280w0,2019-12-12,Mr. Coon,173,0.809,207,2.51376,0.80334,2.04605
2019-12-12#t281w0,2019-12-12,Mr. Austin,150,1.0,192,2.43645,-0.92692,2.02604
2019-12-12#t282w0,2019-12-12,Mr. Fairgrieve,143,1.0,171,2.3746,0.62434,2.1292
2019-12-12#t283w0,2019-12-12,Mrs. F. Landry,125,0.0,151,2.71981,-0.44228,1.94874
2019-12-12#t284w0,2019-12-12,Mr. K. Arseneau,134,0.0,163,2.34344,0.81301,2.16283
2019-12-12#t285w0,2019-12-12,Mrs. Conroy,175,1.0,207,2.43095,1.05061,2.06729
2019-12-12#t286w0,2019-12-12,Mr. Northrup,145,1.0,165,2.61245,0.88522,2.04439
2019-12-12#t287w0,2019-12-12,Mr. McKee,158,1.0,180,2.93374,-2.07584,2.08144
2019-12-12#t288w0,2019-12-12,Ms. Mitton,186,0.984,236,2.78131,-1.32035,2.0331
2019-12-12#t289w0,2019-12-12,Mr. DeSaulniers,161,1.0,190,3.18875,-1.16795,1.92056
2019-12-12#t290w0,2019-12-12,Mr. Savoie,127,1.0,150,2.7131,-0.94242,2.04575
2019-12-12#t291w0,2019-12-12,Mr. D. Landry,135,0.0,167,2.10781,1.46917,2.27193
2019-12-12#t292w0,2019-12-12,Hon. Mrs. Shephard,173,1.0,208,2.39791,0.58466,2.15149
2019-12-12#t293w0,2019-12-12,Mr. D. Landry,117,0.0,130,2.7632,0.35981,1.96778
2019-12-12#t294w0,2019-12-12,Hon. Mrs. Shephard,159,1.0,201,2.57603,0.23709,2.09573
2019-12-12#t295w0,2019-12-12,Mr. D. Landry,160,0.0,185,2.70569,-0.06634,2.10287
2019-12-12#t296w0,2019-12-12,Hon. Mrs. Shephard,211,1.0,248,2.58798,1.05112,2.07849
2019-12-12#t297w0,2019-12-12,Ms. Rogers,153,1.0,188,2.90585,-0.69663,1.95162
2019-12-12#t298w0,2019-12-12,Hon. Mrs. Shephard,176,1.0,218,2.61894,-0.46494,2.15679
2019-12-12#t299w0,2019-12-12,Ms. Rogers,141,1.0,160,2.77435,1.02452,2.04885
2019-12-12#t300w0,2019-12-12,Hon. Mrs. Shephard,171,1.0,200,2.85864,-1.13472,1.99582
2019-12-12#t301w0,2019-12-12,Mr. LePage,105,0.305,119,2.54564,0.79871,2.10332
2019-12-12#t302w0,2019-12-12,Hon. Mrs. Shephard,103,1.0,120,2.39944,1.14116,2.08772
2019-12-12#t303w0,2019-12-12,Mr. LePage,135,0.474,162,3.20525,-2.07744,1.94303
2019-12-12#t304w0,2019-12-12,Hon. Mrs. Shephard,170,1.0,203,2.58868,1.01695,2.11169
2019-12-12#t305w0,2019-12-12,Mr. LePage,132,0.492,167,3.17772,-1.23564,1.88476
2019-12-12#t307w0,2019-12-12,Hon. Mrs. Shephard,136,1.0,160,2.5284,0.83528,2.14706
2019-12-12#t308w0,2019-12-12,Mr. K. Arseneau,142,1.0,172,2.68647,0.35329,2.01727
2019-12-12#t309w0,2019-12-12,Hon. Mr. Wetmore,131,1.0,150,2.75637,1.14557,2.01629
2019-12-12#t310w0,2019-12-12,Mr. K. Arseneau,140,0.164,153,3.02663,-0.78879,1.99216
2019-12-12#t311w0,2019-12-12,Hon. Mr. Wetmore,148,1.0,176,2.67108,0.38632,2.04821
2019-12-12#t312w0,2019-12-12,Mr. Austin,183,1.0,229,2.25908,0.61251,2.13474
2019-12-12#t313w0,2019-12-12,Hon. Mr. Flemming,171,1.0,198,2.42605,0.51339,2.12999
2019-12-12#t314w0,2019-12-12,Mr. Austin,58,1.0,78,2.49865,1.42564,2.01602
2019-12-12#t315w0,2019-12-12,Hon. Mr. Flemming,167,1.0,207,2.81225,0.13173,2.03905
2019-12-12#t316w0,2019-12-12,Mrs. F. Landry,116,0.0,139,2.81181,-0.23281,2.06002
2019-12-12#t317w0,2019-12-12,Hon. Mr. Oliver,129,1.0,146,2.29063,0.82384,2.22178
2019-12-12#t318w0,2019-12-12,Mrs. F. Landry,123,0.902,144,3.23004,0.22661,1.92723
2019-12-12#t319w0,2019-12-12,Hon. Mr. Oliver,106,1.0,126,2.54774,0.90296,2.07607
2019-12-12#t320w0,2019-12-12,Mrs. F. Landry,56,0.0,71,2.66809,1.10087,2.07452
2019-12-12#t321w0,2019-12-12,Hon. Mr. Oliver,90,1.0,101,2.81901,1.23215,2.10157
2019-12-12#t322w0,2019-12-12,Mr. Harvey,138,1.0,170,2.67459,0.99067,2.0708
2019-12-12#t324w0,2019-12-12,Hon. Mr. Oliver,144,1.0,156,2.49698,2.35731,2.20621
2019-12-12#t326w0,2019-12-12,Mr. J. LeBlanc,301,0.013,365,2.30547,0.66613,2.12832
2019-12-12#t327w0,2019-12-12,Mr. Savoie,168,1.0,215,2.60626,0.18187,2.07235
2019-12-12#t328w0,2019-12-12,Hon. Mr. Gauvin,204,0.0,247,2.22064,0.92084,2.13737
2019-12-12#t329w0,2019-12-12,Mr. J. LeBlanc,114,0.0,139,2.47585,-0.35282,2.05308
2019-12-12#t330w0,2019-12-12,Mr. K. Arseneau,165,0.806,214,2.40885,-0.8917,1.98742
2019-12-12#t331w0,2019-12-12,,98,0.857,136,2.20383,0.63075,1.97264
2019-12-12#t333w0,2019-12-12,Mr. Savoie,111,1.0,144,2.40975,-0.7807,2.13148
2019-12-12#t336w0,2019-12-12,Mr. Savoie,98,1.0,134,2.35984,0.04041,2.11481
2019-12-12#t337w0,2019-12-12,,307,1.0,360,2.27482,1.79686,2.13839
2019-12-12#t337w1,2019-12-12,,263,1.0,294,2.59011,0.82503,2.03178
2019-12-12#t337w2,2019-12-12,,235,1.0,297,2.69566,1.1698,1.90329
2019-12-12#t338w0,2019-12-12,Ms. Thériault,281,0.036,347,2.38047,-0.16644,2.13764
2019-12-12#t338w1,2019-12-12,Ms. Thériault,317,0.035,372,2.88033,-1.01802,1.97594
2019-12-12#t338w2,2019-12-12,Ms. Thériault,264,0.0,329,2.84365,0.14985,1.99955
2019-12-12#t338w3,2019-12-12,Ms. Thériault,349,0.0,433,2.68547,0.36112,1.98854
2019-12-12#t339w0,2019-12-12,Mr. K. Arseneau,320,0.0,386,2.7034,-1.93903,2.05292
2019-12-12#t339w1,2019-12-12,Mr. K. Arseneau,191,0.0,212,3.06482,-1.17695,2.01345
2019-12-12#t340w0,2019-12-12,Mr. K. Chiasson,278,0.04,346,2.46256,0.90174,2.06725
2019-12-12#t340w1,2019-12-12,Mr. K. Chiasson,340,0.0,428,2.66489,0.71141,2.02192
2019-12-12#t340w2,2019-12-12,Mr. K. Chiasson,152,0.164,188,2.82997,-0.70436,1.93821
2019-12-12#t341w0,2019-12-12,,294,1.0,359,2.50014,-0.83238,1.97114
2019-12-12#t341w1,2019-12-12,,323,1.0,379,2.34458,-1.10136,2.06682
2019-12-12#t341w2,2019-12-12,,59,1.0,73,3.09874,-0.56562,1.84397
2019-12-12#t342w0,2019-12-12,Ms. Thériault,311,0.0,366,2.5593,0.77104,2.08217
2019-12-12#t342w1,2019-12-12,Ms. Thériault,239,0.084,280,2.81782,-0.04682,2.04643
2019-12-12#t342w2,2019-12-12,Ms. Thériault,354,0.0,419,2.71931,0.57341,1.99995
2019-12-12#t342w3,2019-12-12,Ms. Thériault,352,0.0,434,3.10611,-0.01367,1.95056
2019-12-12#t342w4,2019-12-12,Ms. Thériault,346,0.072,422,2.68624,0.56688,2.00831
2019-12-12#t344w0,2019-12-12,Hon. Mr. Gauvin,94,0.0,145,3.01645,-2.91091,1.90952
2019-12-12#t345w0,2019-12-12,Ms. Thériault,295,0.0,398,2.1542,0.01598,2.10905
2019-12-12#t346w0,2019-12-12,Mr. K. Chiasson,112,0.0,137,2.59279,0.73949,2.11993
2019-12-12#t348w0,2019-12-12,,299,0.057,372,2.54104,-0.81917,2.0476
2019-12-12#t348w1,2019-12-12,,246,0.0,317,2.82468,-1.55038,1.98253
2019-12-12#t349w0,2019-12-12,Mr. K. Chiasson,352,0.0,435,2.51695,-0.78005,2.04764
2019-12-12#t349w1,2019-12-12,Mr. K. Chiasson,251,0.0,301,2.7371,-0.91516,2.02634
2019-12-12#t354w0,2019-12-12,,305,1.0,375,2.5165,1.10376,2.01165
2019-12-12#t355w0,2019-12-12,Mr. Savoie,63,1.0,77,2.80449,0.37931,2.01669
2019-12-12#t357w0,2019-12-12,Mr. C. Chiasson,314,1.0,372,2.41907,2.47703,2.1642
2019-12-12#t357w1,2019-12-12,Mr. C. Chiasson,157,1.0,192,2.40106,1.90339,2.11509
2019-12-12#t358w0,2019-12-12,Mr. Coon,323,1.0,369,2.49112,0.06112,2.13313
2019-12-12#t358w1,2019-12-12,Mr. Coon,341,1.0,421,2.4827,0.51568,2.1363
2019-12-12#t358w2,2019-12-12,Mr. Coon,344,1.0,400,2.58219,0.13782,2.04086
2019-12-12#t358w3,2019-12-12,Mr. Coon,303,1.0,360,2.86244,-0.25396,2.06137
2019-12-12#t358w4,2019-12-12,Mr. Coon,324,1.0,395,2.63653,0.61718,2.04183
2019-12-12#t358w5,2019-12-12,Mr. Coon,303,1.0,353,2.56543,0.22736,2.05839
2019-12-12#t358w6,2019-12-12,Mr. Coon,262,1.0,291,2.74189,1.39511,2.01885
2019-12-12#t358w7,2019-12-12,Mr. Coon,343,1.0,402,2.39773,0.48647,2.08379
2019-12-12#t358w8,2019-12-12,Mr. Coon,262,1.0,319,2.67143,0.14886,2.08005
2019-12-12#t358w9,2019-12-12,Mr. Coon,274,1.0,331,2.4698,-0.21483,2.04892
2019-12-12#t359w0,2019-12-12,Mrs. Conroy,258,1.0,309,2.79731,-0.23603,2.03382
2019-12-12#t359w1,2019-12-12,Mrs. Conroy,327,1.0,375,2.63114,0.83207,2.10804
2019-12-12#t359w2,2019-12-12,Mrs. Conroy,58,1.0,64,2.75388,1.92052,2.03109
2019-12-12#t360w0,2019-12-12,Mr. McKee,349,1.0,399,2.52606,-0.74648,2.05174
2019-12-12#t360w1,2019-12-12,Mr. McKee,289,1.0,340,2.49074,-0.03216,2.04694
2019-12-12#t360w2,2019-12-12,Mr. McKee,325,1.0,399,2.77488,-1.68462,1.97149
2019-12-12#t360w3,2019-12-12,Mr. McKee,213,1.0,262,2.77228,0.02979,1.9927
2019-12-12#t360w4,2019-12-12,Mr. McKee,321,1.0,356,2.593,0.6972,2.10344
2019-12-12#t360w5,2019-12-12,Mr. McKee,359,1.0,404,2.62164,0.10863,2.08399
2019-12-12#t361w0,2019-12-12,Ms. Mitton,320,1.0,381,2.29403,0.06417,2.15121
2019-12-12#t361w1,2019-12-12,Ms. Mitton,352,1.0,416,2.34668,2.22995,2.16417
2019-12-12#t361w2,2019-12-12,Ms. Mitton,294,1.0,366,2.70763,0.0356,2.02918
2019-12-12#t361w3,2019-12-12,Ms. Mitton,196,1.0,231,3.02262,-1.13559,1.92616
2019-12-12#t362w0,2019-12-12,,348,1.0,394,2.67665,0.14975,2.09752
2019-12-12#t362w1,2019-12-12,,360,1.0,431,2.67198,-0.66443,2.00957
2019-12-12#t362w2,2019-12-12,,252,1.0,294,2.52598,1.76026,2.11986
2019-12-12#t362w3,2019-12-12,,358,1.0,410,2.61243,-0.70292,2.10842
2019-12-12#t362w4,2019-12-12,,211,1.0,239,2.61478,-0.64443,2.07551
2019-12-12#t364w0,2019-12-12,Mr. Speaker,164,1.0,221,2.40334,-0.01175,2.04079
2019-12-12#t365w0,2019-12-12,Ms. Rogers,322,1.0,382,2.56563,-0.69144,2.0874
2019-12-12#t365w1,2019-12-12,Ms. Rogers,348,1.0,408,2.72859,-0.82793,2.03797
2019-12-12#t365w2,2019-12-12,Ms. Rogers,274,1.0,330,2.66747,-1.0486,2.0751
2019-12-12#t365w3,2019-12-12,Ms. Rogers,301,1.0,356,2.92582,-1.53478,1.96259
2019-12-12#t365w4,2019-12-12,Ms. Rogers,325,1.0,398,2.79391,-1.84126,1.99297
2019-12-12#t365w5,2019-12-12,Ms. Rogers,321,1.0,373,2.73406,1.16758,1.98151
2019-12-12#t365w6,2019-12-12,Ms. Rogers,70,1.0,81,3.0066,0.02912,1.87847
2019-12-12#t366w0,2019-12-12,Mr. Coon,311,1.0,392,2.31731,0.36576,2.12706
2019-12-12#t366w1,2019-12-12,Mr. Coon,290,1.0,328,2.96318,-1.02576,2.0367
2019-12-12#t366w2,2019-12-12,Mr. Coon,292,1.0,348,3.04826,-0.01038,1.9716
2019-12-12#t366w3,2019-12-12,Mr. Coon,360,1.0,417,2.55277,1.42372,2.09778
2019-12-12#t366w4,2019-12-12,Mr. Coon,335,1.0,404,2.73032,0.12603,2.01585
2019-12-12#t366w5,2019-12-12,Mr. Coon,305,1.0,407,2.57426,-1.01542,2.02638
2019-12-12#t368w0,2019-12-12,Mr. LePage,107,0.364,165,2.9064,-0.55779,1.83571
2019-12-12#t371w0,2019-12-12,Mr. McKee,239,1.0,269,2.76678,-1.27906,2.04561
2019-12-12#t374w0,2019-12-12,Mr. K. Arseneau,354,0.062,473,2.69766,-0.58391,1.97885
2019-12-12#t374w1,2019-12-12,Mr. K. Arseneau,304,0.0,389,2.81383,-1.03894,2.04784
2019-12-12#t374w2,2019-12-12,Mr. K. Arseneau,61,0.0,75,3.28023,0.8847,2.04189
2019-12-12#t376w0,2019-12-12,Ms. Mitton,292,1.0,357,2.1929,-0.26383,2.11588
2019-12-12#t376w1,2019-12-12,Ms. Mitton,210,1.0,240,2.52043,0.935,2.11905
2019-12-12#t379w0,2019-12-12,Ms. Mitton,168,1.0,193,2.53265,-0.01572,2.07415
2019-12-12#t380w0,2019-12-12,Mr. G. Arseneault,241,1.0,296,2.46787,0.428,2.04946
2019-12-12#t382w0,2019-12-12,Mr. Austin,135,1.0,163,2.82494,-0.88972,2.0362
2019-12-12#t383w0,2019-12-12,Mr. Speaker,51,1.0,66,3.73572,0.14291,1.78848
2019-12-12#t385w0,2019-12-12,Hon. Mr. Holland,313,1.0,358,2.53727,0.5054,2.10548
2019-12-12#t385w1,2019-12-12,Hon. Mr. Holland,310,1.0,344,2.87795,-0.75058,2.00507
2019-12-12#t385w2,2019-12-12,Hon. Mr. Holland,332,1.0,367,2.79946,0.7531,2.00382
2019-12-12#t385w3,2019-12-12,Hon. Mr. Holland,343,1.0,372,2.73984,-0.04727,2.03611
2019-12-12#t385w4,2019-12-12,Hon. Mr. Holland,301,1.0,343,2.77494,0.809,2.07884
2019-12-12#t385w5,2019-12-12,Hon. Mr. Holland,316,1.0,355,2.77751,0.0307,2.02871
2019-12-12#t385w6,2019-12-12,Hon. Mr. Holland,238,1.0,266,2.8027,0.0539,2.01923
2019-12-12#t385w7,2019-12-12,Hon. Mr. Holland,303,1.0,381,2.59893,-0.5029,2.06845
2019-12-12#t391w0,2019-12-12,Mr. Harvey,283,1.0,336,2.42935,1.07789,2.06073
2019-12-12#t391w1,2019-12-12,Mr. Harvey,326,1.0,388,2.33306,0.25886,2.10768
2019-12-12#t392w0,2019-12-12,Mr. Harvey,288,1.0,351,2.58729,0.21185,2.07566
2019-12-12#t392w1,2019-12-12,Mr. Harvey,319,1.0,364,2.5464,1.21489,2.0792
2019-12-12#t392w2,2019-12-12,Mr. Harvey,301,1.0,364,2.68444,-0.26455,2.06829
2019-12-12#t392w3,2019-12-12,Mr. Harvey,292,1.0,341,2.58601,-0.28595,2.0695
2019-12-12#t392w4,2019-12-12,Mr. Harvey,356,1.0,458,2.46998,-0.00846,2.05028
2019-12-12#t396w0,2019-12-12,Mr. Speaker,127,1.0,169,2.51032,0.99614,1.99302
2019-12-12#t398w0,2019-12-12,Hon. Mr. Carr,235,1.0,293,2.37903,2.02638,2.05792
2019-12-12#t398w1,2019-12-12,Hon. Mr. Carr,256,1.0,296,2.90302,-0.02744,2.017
2019-12-12#t398w2,2019-12-12,Hon. Mr. Carr,299,1.0,352,2.65874,0.10913,2.01455
2019-12-12#t398w3,2019-12-12,Hon. Mr. Carr,345,1.0,399,2.64595,-0.78548,2.08281
2019-12-12#t398w4,2019-12-12,Hon. Mr. Carr,234,1.0,278,2.7093,-0.02966,2.0518
2019-12-12#t400w0,2019-12-12,Hon. Mr. Carr,321,1.0,385,2.82412,-0.29352,1.97795
2019-12-12#t400w1,2019-12-12,Hon. Mr. Carr,253,1.0,287,2.57159,1.3564,2.14832
2019-12-12#t404w0,2019-12-12,Hon. Mr. Carr,132,1.0,158,2.77874,-1.77402,2.02563
2019-12-12#t405w0,2019-12-12,Mr. Bourque,345,0.0,414,2.61458,-0.39876,2.06165
2019-12-12#t405w1,2019-12-12,Mr. Bourque,302,0.0,379,2.53399,0.62747,2.13174
2019-12-12#t406w0,2019-12-12,Ms. Rogers,339,1.0,393,2.55222,-1.24914,2.07093
2019-12-12#t406w1,2019-12-12,Ms. Rogers,328,1.0,369,2.74003,1.3811,2.05303
2019-12-12#t406w2,2019-12-12,Ms. Rogers,330,1.0,384,2.66102,-0.53859,2.04828
2019-12-12#t407w0,2019-12-12,Mr. Speaker read the amended motion as follows,173,1.0,224,2.34408,-0.02305,2.12177
2019-12-12#t410w0,2019-12-12,,348,1.0,404,2.49253,0.71501,2.12019
2019-12-12#t410w1,2019-12-12,,249,1.0,281,2.52438,0.71934,2.06136
2019-12-12#t412w0,2019-12-12,Mr. D’Amours,358,0.0,434,2.5765,-2.4319,2.0907
2019-12-12#t412w1,2019-12-12,Mr. D’Amours,341,0.0,412,2.48259,-2.1635,2.08653
SE#members_statement:Bill 23 and the integrity of:0,synthetic-2026,SYNTHETIC,175,1.0,216,1.86997,4.15073,2.14705
SE#qp_question:Bill 23 and the integrity of:0,synthetic-2026,SYNTHETIC,138,1.0,168,1.94941,3.48417,2.13831
SE#ministers_statement:Bill 23 and the integrity of:0,synthetic-2026,SYNTHETIC,229,1.0,275,1.80176,4.88638,2.25716
SE#debate_response:Bill 23 and the integrity of:0,synthetic-2026,SYNTHETIC,182,1.0,228,1.61857,6.31552,2.42074
SE#members_statement:the 2026-27 capital budget o:0,synthetic-2026,SYNTHETIC,193,1.0,252,1.43057,6.27346,2.4705
SE#qp_question:the 2026-27 capital budget o:0,synthetic-2026,SYNTHETIC,118,1.0,162,1.96658,4.20865,2.25328
SE#ministers_statement:the 2026-27 capital budget o:0,synthetic-2026,SYNTHETIC,236,1.0,304,1.601,6.69743,2.48144
SE#debate_response:the 2026-27 capital budget o:0,synthetic-2026,SYNTHETIC,165,1.0,219,1.7016,6.11874,2.42092
SE#members_statement:the Nursing Home Without Wal:0,synthetic-2026,SYNTHETIC,181,1.0,212,1.65178,4.79012,2.31232
SE#qp_question:the Nursing Home Without Wal:0,synthetic-2026,SYNTHETIC,96,1.0,112,2.03705,2.76621,2.18957
SE#ministers_statement:the Nursing Home Without Wal:0,synthetic-2026,SYNTHETIC,228,1.0,290,1.78184,5.74911,2.32163
SE#debate_response:the Nursing Home Without Wal:0,synthetic-2026,SYNTHETIC,155,1.0,191,1.59382,5.51614,2.3864
SE#members_statement:addiction treatment and ment:0,synthetic-2026,SYNTHETIC,195,1.0,242,1.80784,5.20636,2.33932
SE#qp_question:addiction treatment and ment:0,synthetic-2026,SYNTHETIC,82,1.0,97,2.01189,3.27461,2.28363
SE#ministers_statement:addiction treatment and ment:0,synthetic-2026,SYNTHETIC,210,1.0,257,1.61329,5.83383,2.44441
SE#debate_response:addiction treatment and ment:0,synthetic-2026,SYNTHETIC,200,1.0,242,1.54398,5.79329,2.30133
SE#members_statement:the property assessment free:0,synthetic-2026,SYNTHETIC,171,1.0,214,1.93019,4.41516,2.30736
SE#qp_question:the property assessment free:0,synthetic-2026,SYNTHETIC,105,1.0,128,2.11831,3.52897,2.14881
SE#ministers_statement:the property assessment free:0,synthetic-2026,SYNTHETIC,196,1.0,242,1.67761,4.90901,2.31866
SE#debate_response:the property assessment free:0,synthetic-2026,SYNTHETIC,202,1.0,257,1.67197,5.89784,2.30907
SE#members_statement:school bus breakdowns and st:0,synthetic-2026,SYNTHETIC,148,1.0,190,1.80814,4.70974,2.27996
SE#qp_question:school bus breakdowns and st:0,synthetic-2026,SYNTHETIC,111,1.0,131,1.82034,4.32029,2.30342
SE#ministers_statement:school bus breakdowns and st:0,synthetic-2026,SYNTHETIC,239,1.0,280,1.57143,6.70077,2.47737
SE#debate_response:school bus breakdowns and st:0,synthetic-2026,SYNTHETIC,173,1.0,217,1.56674,5.42438,2.38692
SE#members_statement:the Mactaquac dam refurbishm:0,synthetic-2026,SYNTHETIC,185,1.0,248,1.5402,5.73123,2.35426
SE#qp_question:the Mactaquac dam refurbishm:0,synthetic-2026,SYNTHETIC,102,1.0,135,1.98813,3.35941,2.21782
SE#ministers_statement:the Mactaquac dam refurbishm:0,synthetic-2026,SYNTHETIC,229,1.0,295,1.6119,6.19965,2.36307
SE#debate_response:the Mactaquac dam refurbishm:0,synthetic-2026,SYNTHETIC,201,1.0,263,1.49593,5.93565,2.29797
SE#members_statement:thanking firefighters after :0,synthetic-2026,SYNTHETIC,191,1.0,249,1.6367,6.42006,2.25044
SE#qp_question:thanking firefighters after :0,synthetic-2026,SYNTHETIC,102,1.0,120,1.87534,4.01377,2.29081
SE#ministers_statement:thanking firefighters after :0,synthetic-2026,SYNTHETIC,230,1.0,274,1.62506,6.56141,2.48708
SE#debate_response:thanking firefighters after :0,synthetic-2026,SYNTHETIC,173,1.0,208,1.84755,4.85067,2.24644
SE#members_statement:Diwali celebrations in New B:0,synthetic-2026,SYNTHETIC,187,1.0,245,1.4624,4.46672,2.30203
SE#qp_question:Diwali celebrations in New B:0,synthetic-2026,SYNTHETIC,85,1.0,104,2.03378,2.58172,2.18334
SE#ministers_statement:Diwali celebrations in New B:0,synthetic-2026,SYNTHETIC,194,1.0,241,2.00957,3.88025,2.24085
SE#debate_response:Diwali celebrations in New B:0,synthetic-2026,SYNTHETIC,159,1.0,209,1.68274,5.91673,2.34682
SE#members_statement:National Police Week and com:0,synthetic-2026,SYNTHETIC,169,1.0,217,1.54269,5.41911,2.31259
SE#qp_question:National Police Week and com:0,synthetic-2026,SYNTHETIC,77,1.0,86,2.39393,1.56002,2.10078
SE#ministers_statement:National Police Week and com:0,synthetic-2026,SYNTHETIC,213,1.0,262,1.59121,5.86754,2.34174
SE#debate_response:National Police Week and com:0,synthetic-2026,SYNTHETIC,212,1.0,241,1.45136,6.35646,2.41423
